{"type":"FeatureCollection","features":[{"type":"Feature","properties":{"name":"Meroe","subject":"Meroe","partOf":"Meroe","borderPrecision":1,"color":"#8aa0a8"},"geometry":{"type":"MultiPolygon","coordinates":[[[[33.3453212837093,23.354044941055896],[33.76532574883418,22.47661272300238],[34.41212209908663,20.536223672245036],[34.4217777775482,20.50604967705261],[34.52779006636866,20.17476127448868],[34.551252367032575,20.183338169145948],[34.62361194077956,19.922843703656795],[35.22911804149705,18.509996135315994],[35.498231864038154,17.231705478245743],[35.969181053485094,15.482465631728555],[35.71782847259508,13.221631094918767],[35.38399995306791,12.804345445509801],[34.2156001347228,12.55397405586442],[32.8802860566141,12.470516925982626],[32.879012053950184,12.47057777553059],[31.79791680409795,12.522213583776395],[31.057853792109913,13.127719684493883],[29.846841590674938,15.347908720458005],[29.510449312498555,17.433540845151573],[29.846841590674938,20.124679070562628],[30.788739969568812,21.941197372715095],[31.057853792109913,22.68126038470313],[31.999752171003777,22.68126038470313],[32.60525827172126,22.815817295973687],[33.3453212837093,23.354044941055896]]]]}},{"type":"Feature","properties":{"name":"Saka Kingdom","subject":"Saka Kingdom","partOf":"Saka Kingdom","borderPrecision":1,"color":"#a88992"},"geometry":{"type":"MultiPolygon","coordinates":[[[[79.63710286456018,21.35227581139939],[73.03224302031273,18.215689800322718],[72.97611020330488,18.5385662105398],[72.85335067233198,19.244680009797854],[72.78251174410933,19.94968756289844],[72.75949386080855,20.057649217561526],[72.86443618258589,20.311982713655276],[72.88083899026422,20.3370863573711],[73.10968306979292,20.687320314363284],[73.11286452731245,20.827090822175784],[72.93113234957808,20.95375784488086],[72.76573470553511,21.150355897859377],[72.71466353854292,21.436120592073244],[72.66594222506636,21.848943315461916],[72.69562056979292,22.128535829500002],[72.31904891451948,22.11503180117969],[72.23298171481245,22.01955183596973],[72.12713912448042,21.8287425860918],[72.13103774508589,21.746179185823244],[72.25569442233198,21.632083497957034],[72.28899672946089,21.549569688752932],[72.25619796237105,21.352563463166994],[72.1208601327812,21.155339799836916],[71.89442733248823,20.989677034333987],[71.52892592867964,20.823730073884768],[71.30259231051558,20.772426210359377],[71.0244474740898,20.657476030305666],[70.85505202731245,20.650762163118166],[70.46747878512495,20.77700003238086],[70.20994857272261,20.94797857852344],[69.75222304782027,21.398070894197268],[69.12606337985152,21.9685073718584],[68.8941755624687,22.285655580476565],[69.01423171481245,22.30496748538379],[69.49224379977339,22.248809419587893],[69.76916793307417,22.287507615999026],[69.96852401217573,22.351457200959963],[70.17620376071089,22.478955827668948],[70.41056350192183,22.752622209504885],[70.3806486459648,22.860560975984377],[70.31022170504683,22.828643403962893],[70.04594710787886,22.777261339143557],[69.66488936862105,22.789163194612307],[69.39181807955855,22.83940466494922],[69.10719588717573,22.898904405549807],[68.88241103610152,22.997148118928713],[68.79081252535933,23.028724275544924],[68.37294295748823,23.326415620759768],[68.0721769662773,23.675187669709963],[68.04699996432417,23.764070115999026],[67.69232467135542,23.81415518374805],[67.48602584323042,23.92806013675098],[67.31589034518355,24.092885576204104],[67.2042341562187,24.588166795686526],[67.1535978647148,24.65159185977344],[66.99953750094527,24.714782319978518],[66.70171645602339,24.75227888675098],[66.65421584567183,24.783935152009768],[66.64811233004683,24.90462454409961],[66.70050338229292,25.114379487947268],[66.62050918063277,25.31748541446094],[66.43233016451948,25.488610826448244],[67.38733040284343,28.226412022265137],[70.28747874729059,31.287679719181586],[74.13999196485973,32.6082647965003],[74.75078206482645,33.655333539300386],[75.50695665825674,33.61519903063308],[76.04634723722334,33.50955812943602],[75.71059507905986,31.997474696533587],[75.36157216479317,29.6415700252334],[75.44882789335983,28.33273409673329],[76.05961799332655,26.587619525399816],[77.54296537896,25.54055078259973],[79.46259140742684,24.842504954066342],[79.46259140742684,23.969947668399605],[78.67728985032677,23.533669025566233],[78.9390570360268,23.09739038273286],[79.63710286456018,22.486600282766148],[79.63710286456018,22.15587082348458],[79.63710286456018,21.35227581139939]]]]}},{"type":"Feature","properties":{"name":"Satavahanihara","subject":"Satavahanihara","partOf":"Satavahanihara","borderPrecision":1,"color":"#8f9a74"},"geometry":{"type":"MultiPolygon","coordinates":[[[[73.03224302031273,18.215689800322718],[79.63710286456018,21.35227581139939],[80.61705181615513,21.01667685537372],[80.42240442166025,20.043439882899285],[80.68417160736027,19.345394054365894],[82.86556482152712,19.170882597232545],[84.26165647859388,19.258138325799223],[84.75349051589534,19.02801643635877],[84.65877059420698,18.933131776765627],[84.32450759163291,18.53029366639126],[84.2627287240898,18.455840669587893],[83.9876814218437,18.20749434085254],[83.68471816500777,18.08344992251758],[83.38139632662886,17.71067961306934],[83.07697585543745,17.500392518953127],[82.84608708480508,17.383410614907284],[82.74959090670698,17.33451994510059],[82.5464201303398,17.226087175325198],[82.35399917086714,17.085914216951174],[82.26742080172652,16.857019029573244],[82.23458388766402,16.647302232698244],[82.08141616305464,16.46274145694141],[81.78898147067183,16.32870253177051],[81.59676650485152,16.30287703128223],[81.36909774264448,16.34686430545215],[81.25310042819136,16.22591169925098],[81.0879011484062,15.826792322114748],[80.96311477145308,15.723398767427248],[80.73596480807417,15.837270341829104],[80.45975783785933,15.773146234468264],[80.30021956881636,15.64574297519092],[80.16343215426558,15.391318880037112],[80.08940413912886,15.175155244783205],[80.0870695444023,14.946433626130862],[80.16166213473433,14.254099451020998],[80.16971877535933,13.89198549838428],[80.07589248141402,13.669416986421389],[80.17812636813277,13.52351626010303],[80.20183669122476,13.491685502285232],[80.31988051852339,13.333213411287112],[78.9390570360268,12.975725868998712],[77.63022110752668,12.975725868998712],[74.77759773639649,13.527907138893337],[74.73362258395308,13.683358751252932],[74.70298936209608,13.75127050916374],[74.52085177984029,14.155057072991605],[74.42143634916296,14.375454283976262],[74.40150741061323,14.419635377839846],[74.37707415187174,14.461922598887266],[74.15313195022644,14.849504684560506],[74.03218368014448,15.058832727388186],[73.84143355807417,15.390475831941409],[73.57273391207808,16.037927232698244],[73.50805146588431,16.243956660049577],[73.49423716335616,16.287958595761864],[73.40928939303511,16.558538042024416],[73.39573464248808,16.6164075182339],[73.18471275460493,17.51732606174848],[73.06422713717573,18.031716905549807],[73.03224302031273,18.215689800322718]]]]}},{"type":"Feature","properties":{"name":"Himyarite Kingdom","subject":"Himyarite Kingdom","partOf":"Himyarite Kingdom","borderPrecision":1,"color":"#a88992"},"geometry":{"type":"MultiPolygon","coordinates":[[[[48.997288495506076,17.606574856552353],[49.712863001433554,14.773288331941409],[49.33384993991012,14.632695756868166],[49.17317870577926,14.498915277437014],[48.960387262908164,14.218897424653811],[48.87929629780623,14.168719980525356],[48.764601740447226,14.097749315217776],[48.53674605807418,14.046437822297854],[48.27014449557418,14.077626787141604],[48.036166224089804,14.045357309297366],[47.66229537448043,13.847587190583987],[47.369574579802695,13.669052682832522],[46.93939498385543,13.490221582368655],[46.87773410632183,13.473871601441703],[46.60119918307418,13.400545679048342],[46.07928756198043,13.399416528657717],[45.82590392550582,13.405233941987795],[45.692477259246054,13.347759805635256],[45.51863769015426,13.207596384004397],[45.39597991427535,13.073898874238772],[45.1934156747734,12.93368300052051],[44.96357253512496,12.825172029451174],[44.78880217990035,12.805737100557131],[44.68106749972457,12.824559770540041],[44.44053557833785,12.6397777423418],[44.06274703463668,12.613552652314944],[43.840590509978476,12.663913331941409],[43.604898477150634,12.828886858386788],[43.56005004366988,12.860278688386721],[43.48364547213668,12.930004678682131],[43.34084990939254,13.12666567416553],[43.30284789523238,13.240954004243655],[43.383978876677695,13.565180383638186],[43.34756377658004,13.851036630586428],[43.206942591277304,14.079471193269534],[43.053263697234335,14.60650786013965],[42.795878443328085,15.470080934480471],[42.76352599581832,15.666981302217287],[42.88387969454879,15.984922014192385],[42.8280477853691,16.321475587800784],[42.814398798552695,16.40412863345508],[42.76366332491988,16.645455919221682],[42.535292658415976,17.07066687198047],[42.20651915988082,17.514735780671877],[42.0094442697441,17.73668058963184],[41.62855819186324,18.047204576448244],[41.399176630583945,18.440644823030276],[41.20152310611193,18.89638667390136],[41.03302291354293,19.284907899812502],[40.8197584482109,19.68472059817676],[40.693820032683554,19.86870726199512],[40.3363485666191,20.0966869220293],[39.764079126921835,20.406795106843752],[39.5269003244316,20.692212663606448],[39.16673949679488,21.218801103547854],[39.130412134734335,21.650762163118166],[39.103339228240195,22.000165544465823],[39.10219481906051,22.40044554324512],[39.055602106658164,22.571889482454104],[40.372025009557,22.74836746846617],[40.98281510952372,22.39934455419948],[42.33780954994884,20.716350983435106],[43.466347014733365,19.17926376663643],[43.794690438927255,18.65979506567296],[45.43285726642407,17.77479094016577],[47.70150620915759,17.425768025899075],[48.997288495506076,17.606574856552353]]]]}},{"type":"Feature","properties":{"name":"Armenia","subject":"Armenia","partOf":"Armenia","borderPrecision":1,"color":"#b3a46e"},"geometry":{"type":"MultiPolygon","coordinates":[[[[49.669020685759726,40.24031027408008],[49.573283228484335,40.17648657412891],[49.552008661833945,40.091388307527346],[49.54137328585738,39.87864264102344],[49.48818496188277,39.76163061709766],[49.44563582858199,39.655257783845705],[49.40308669528121,39.48506125064258],[49.4988241525566,39.37868841739063],[49.48818496188277,39.293590150789065],[49.38181212863082,39.32550009341602],[49.33926299533004,39.28295096011524],[49.307353052703085,39.1340289935625],[49.27543929537887,39.01702078433399],[49.22225478610152,39.03829535098438],[49.17970565280074,39.14466818423633],[49.11588195284957,39.18721731753711],[49.04141906222457,39.14466818423633],[49.02014449557418,39.00638159366016],[47.80445427609556,39.29026373690661],[44.55106397764592,38.85383333101702],[43.99560709742281,37.62389309623728],[41.77377957653038,37.7032440791263],[40.47488017823101,37.85530120323906],[39.27422361552639,38.2190254679049],[38.48071378663624,38.65545587379449],[38.48071378663624,38.85383333101702],[38.842954048606195,38.943251956322264],[38.783340308711225,39.122093176007176],[38.4256578693414,39.30093439569209],[38.4256578693414,39.479775615377],[39.498705187450874,39.718230574956884],[40.39291128587542,39.718230574956884],[41.58518608377482,40.55282293348646],[41.68046859225387,41.793338380769534],[42.76566686264308,41.86917068079961],[43.76708478152684,41.81026374439468],[44.789116926312964,41.75014420646609],[47.01094444720541,41.39306478346552],[48.558288613541215,40.55987946313086],[48.955043527986284,40.321826514463815],[49.669020685759726,40.24031027408008]]]]}},{"type":"Feature","properties":{"name":"Dumonii","subject":"Dumonii","partOf":"Dumonii","borderPrecision":1,"color":"#b47c6f"},"geometry":{"type":"MultiPolygon","coordinates":[[[[-3.188912504599814,51.17873152457686],[-3.131739111068131,50.655335218208585],[-3.521466937454993,50.61743124575977],[-3.563183036240393,50.361434541658205],[-3.715036120804602,50.219337068513674],[-3.881743398102576,50.200397096589846],[-4.004238095673376,50.314063631013674],[-4.242629018219763,50.39146002383594],[-4.303295102509313,50.32354315371875],[-4.540565457733923,50.35795172305469],[-4.967033830078893,50.21224554629688],[-5.282338586243443,49.963824830964846],[-5.429218259247595,50.06785162539844],[-5.777813401612097,50.13411673159961],[-5.237766232880407,50.34629400821094],[-5.016647305878453,50.56051977725391],[-4.815270390900427,50.60416754336719],[-4.604564633759313,50.77874716372852],[-4.551536527069859,50.99715765567188],[-4.442557301911169,50.96866186709766],[-4.27728458920365,51.063670717195315],[-4.280993905457311,51.18723639102344],[-3.82523151913529,51.234778963044924],[-3.482996192368323,51.181109987214846],[-3.188912504599814,51.17873152457686]]]]}},{"type":"Feature","properties":{"name":"Parthian Empire","subject":"Parthian Empire","partOf":"Parthian Empire","borderPrecision":1,"color":"#b47c6f"},"geometry":{"type":"MultiPolygon","coordinates":[[[[59.30209258517379,25.34019621463184],[59.03145888766402,25.307866655305666],[58.818007502165976,25.478932939485354],[58.744425806609335,25.535960756257815],[58.36867812594527,25.54787977786426],[58.10963729342574,25.54732283206348],[57.90045455416793,25.540891252473635],[57.80509093722457,25.64833029361133],[57.46488097628707,25.70479353518848],[57.327982935515585,25.787087999299807],[57.25477126559371,25.793286882356448],[57.245070490447226,26.018462739900393],[57.11240294894332,26.076190553621096],[57.0663404794609,26.30746801944141],[56.934977564421835,26.464543901399416],[56.92908767184371,26.75186689944629],[56.79043105563277,26.97391279788379],[56.68355086764449,26.96835669131641],[56.667819056121054,27.049895845369143],[56.430949244109335,27.106566987947268],[56.06776717623824,27.11216887088184],[55.899733576384726,27.10480459781055],[55.80531981906051,27.005092225984377],[55.657572779265585,26.996945939973635],[55.424899134246054,26.96310766787891],[55.340086969939414,26.79935225100879],[55.09812835177535,26.73744162173633],[54.92553237399215,26.53802641482715],[54.75987533053512,26.41062506289844],[54.646056208220664,26.39131888003711],[54.06494430026168,26.70138319583301],[53.63393691500777,26.74793966861133],[53.38067916354293,26.909589372590823],[52.89083388766402,27.052323900178713],[52.77987197360152,27.187848649934573],[52.63377669772262,27.314601503328127],[52.41038802584762,27.580957017854494],[51.96155074557418,27.776948533967776],[51.69886306246871,27.81452139468555],[51.61130431613082,27.82704123111133],[51.35013488253707,28.0361343249834],[51.08225921115035,28.512019716218752],[50.79675582369918,29.01329382510547],[50.70245650729293,29.133781038240237],[50.70472243746871,29.40060766787891],[50.35983947238082,29.74293478579883],[50.13237288912887,30.06642874331836],[49.717848810759726,30.002053819612307],[49.51097396334762,30.020675264314455],[49.452364954558554,30.07772596927051],[49.32136062106246,30.102862916902346],[49.23508361300582,30.223380647615237],[49.222228083220664,30.47745855899219],[49.02017119845504,30.43257101626758],[48.9457235666191,30.387942872957034],[48.801329645720664,30.08272513003711],[48.71384337863082,29.99996145816211],[48.553648981658164,29.99462278933887],[48.51058486422652,29.993188463166994],[48.2118482919609,29.94809301944141],[48.02827743014449,29.973121248201174],[47.957152399626914,29.94756468387012],[47.91136077365035,29.89029272647266],[47.93592360934371,29.80140646548633],[47.996031794158164,29.490258775666994],[47.844908747283164,29.50315435977344],[47.61403945407027,29.272241197541994],[39.4901561485263,33.36226961159587],[38.37574401131226,33.531644259482995],[39.966004036597845,35.77056297929296],[39.71065402141598,35.798820489789925],[38.24266083796919,35.99719794701247],[38.12363436363567,36.155899912790495],[38.24266083796919,36.63200581012459],[37.88558141496862,37.227138181792206],[37.88558141496862,37.42551563901474],[38.87746870108132,37.7032440791263],[39.27422361552639,38.2190254679049],[40.47488017823101,37.85530120323906],[41.77377957653038,37.7032440791263],[43.99560709742281,37.62389309623728],[44.55106397764592,38.85383333101702],[47.80445427609556,39.29026373690661],[49.02014449557418,39.00638159366016],[49.0520582528984,38.931922517732424],[48.99886992892379,38.878734193757815],[48.94568160494918,38.836185060457034],[48.98823073824996,38.71917685122852],[48.82495406588668,38.3095775470293],[48.83150771578902,38.306312166169924],[48.80918792208785,37.98856695742969],[48.74478057345504,37.72701605410938],[48.83722976168746,37.51097448916797],[49.05953124484176,37.397559724763674],[49.47580626925582,37.291610322908205],[49.84801391085738,37.26821478457813],[50.03871444186324,37.22470434756641],[50.11132338961715,37.097755037263674],[50.252211603728476,36.894786439851565],[50.560954126921835,36.68642767520313],[51.41704085787887,36.455691896394534],[51.79552367648238,36.432349763826174],[51.99305251559371,36.45890387149219],[52.60216430148238,36.576881013826174],[53.13901427706832,36.64352758975391],[53.799654993621054,36.67903860659961],[53.98448852023238,36.78191336245899],[54.0674391122734,36.94152411075],[57.30169303902503,38.08466052320486],[60.964376951292,37.32007413910069],[62.79674725119215,34.615146553533805],[59.56828529422523,27.285665353933204],[59.30209258517379,25.34019621463184]]]]}},{"type":"Feature","properties":{"name":"Suren Kingdom","subject":"Suren Kingdom","partOf":"Suren Kingdom","borderPrecision":1,"color":"#8b7fa6"},"geometry":{"type":"MultiPolygon","coordinates":[[[[66.43233016451948,25.488610826448244],[66.30008986910933,25.494687639192385],[65.76880172213667,25.309339128450198],[65.21567061862105,25.270059190706057],[64.85119155367964,25.20576437564258],[64.42497542819136,25.17311628909473],[64.23826125582808,25.210826478914065],[64.12006667574995,25.312226854280276],[64.05922225436323,25.40103491397266],[63.65033248385543,25.336646638826174],[63.40352538546676,25.164601884797854],[63.01806167086715,25.157439790681643],[62.44957259616012,25.1625991687334],[62.13830092867965,25.104774080232424],[61.813265833464804,25.05325659366016],[61.56996444186324,25.03957136721973],[61.343993219939414,25.026860795930666],[60.858275446501914,25.095714174226565],[60.752230677214804,25.18442877383594],[60.47959044894332,25.29820593448047],[60.29817870577926,25.32323607058887],[59.6545858713066,25.321876131013674],[59.30209258517379,25.34019621463184],[59.56828529422523,27.285665353933204],[62.79674725119215,34.615146553533805],[70.56250709362611,34.87691373923382],[73.09292322205964,34.615146553533805],[74.2272476934264,34.178867910700426],[74.75078206482645,33.655333539300386],[74.13999196485973,32.6082647965003],[70.28747874729059,31.287679719181586],[67.38733040284343,28.226412022265137],[66.43233016451948,25.488610826448244]]]]}},{"type":"Feature","properties":{"name":"Guanches","subject":"Guanches","partOf":"Guanches","borderPrecision":1,"color":"#739b91"},"geometry":{"type":"MultiPolygon","coordinates":[[[[-16.081973477351212,28.539879155715276],[-16.227094930359154,28.36975954738149],[-16.638272380548322,28.050049749026638],[-17.339692736753364,28.028701784947305],[-17.291318919084052,28.284597224515256],[-16.88014146889489,28.327186915315913],[-16.081973477351212,28.539879155715276]]],[[[-13.518161140877599,29.42848330171172],[-13.421413505538974,29.090868332331816],[-13.784217138058823,28.87929453021188],[-13.880964773397448,28.19936673357924],[-14.509824403098525,28.050049749026638],[-14.147020770578672,28.391039461179965],[-13.808404046893479,29.04858821187777],[-13.518161140877599,29.42848330171172]]],[[[-15.404740029980827,28.19936673357924],[-15.211244759303572,27.900525135454227],[-15.574048391823421,27.729386561264484],[-15.912665115508618,27.900525135454227],[-15.574048391823421,28.178048475293522],[-15.404740029980827,28.19936673357924]]]]}},{"type":"Feature","properties":{"name":"Rome (Constantinus)","subject":"Rome (Constantinus)","partOf":"Rome (Constantinus)","borderPrecision":1,"color":"#b3a46e"},"geometry":{"type":"MultiPolygon","coordinates":[[[[7.319223934053758,46.820576706150206],[6.898299387388329,46.15818418392571],[6.898299387388329,44.50977956999665],[7.565956900943837,43.86934030077783],[7.552810225096888,43.867450319246096],[7.467525371397117,43.81083423022823],[7.397118601409144,43.76409491153125],[7.297616514769739,43.667300783113284],[6.923080000487513,43.44766577334766],[6.523014101592249,43.15085180850391],[6.331224951354212,43.11186941714649],[6.187778505889124,43.092288576082034],[5.828570398894495,43.020816408113284],[5.646554979888148,43.03331717105274],[5.434490236846155,43.103656373933596],[5.05181697329635,43.32809790225391],[4.909845861998743,43.366439424470705],[4.750594648925013,43.35325964541797],[4.646513971892542,43.320865236238284],[4.416764769164271,43.34614523501758],[4.078196081725307,43.48708685489063],[3.807468924132532,43.467227540925784],[3.47871283015365,43.31209524722461],[3.317868027297205,43.19595297427539],[3.067900213805383,42.944564424470705],[3.001891169158167,42.77080877871875],[3.045898947325891,42.53945501895313],[3.081812207516461,42.39049936033255],[0.818772117644977,42.71412959274603],[-0.618252461801411,42.84782539186039],[-1.650717318681941,43.44498068109543],[-1.561407771500403,43.524425111726565],[-1.314379182251745,44.558963380769534],[-1.135849919709021,44.600101076082034],[-1.230320539864355,44.730411134675784],[-1.331778016480261,44.61382635684375],[-1.275514092835242,45.12873037906055],[-1.175191727074438,45.50050314517383],[-1.123440351876074,45.431617341951174],[-0.900364187153631,45.29391058535938],[-0.814226653965765,45.12184103579883],[-0.728486028107458,45.01864203067188],[-0.85470238009339,45.321448884919924],[-1.13839491883164,45.58316382022266],[-1.247395124825293,45.688148103669924],[-1.236505594643408,45.8000446185625],[-1.07519969025498,46.01461752505664],[-1.165981498154455,46.18368109317188],[-1.256056633385473,46.30683096499805],[-1.402668443116003,46.403934083894534],[-1.710726466568762,46.44879110904102],[-1.942478146942908,46.70579870791797],[-2.129660334976965,46.85084494204883],[-2.004645553025061,47.04250296206836],[-2.10947760620957,47.124042116121096],[-2.263749804886633,47.18288382144336],[-2.493711915406042,47.24692114444141],[-2.576483931931311,47.324866853669924],[-2.46554347554093,47.49438437075977],[-2.613652196320349,47.572249971345705],[-2.842474189194494,47.49190481753711],[-3.062696423920447,47.60393866153125],[-3.433526244553381,47.71681173892383],[-3.7118680147255,47.79814871402149],[-3.858102050217444,47.79180868716602],[-3.954837766083533,47.90433844180469],[-4.36437365094071,47.82931097598438],[-4.390935388001257,47.94184836001758],[-4.510127511414343,47.99813040347461],[-4.675397363098913,48.01689489932422],[-4.700306382569128,48.06380423159961],[-4.312866177948766,48.10133322329883],[-4.350984063538366,48.204566560701174],[-4.587968316468054,48.25149496646289],[-4.38890167752152,48.298438631013674],[-4.350201573761755,48.390506349519534],[-4.473793950470739,48.382937990144534],[-4.59202143231278,48.392318330720705],[-4.779634442719275,48.354774080232424],[-4.761963334473425,48.55200155825977],[-4.625704255493932,48.546668611482424],[-4.488299336823278,48.61226614566211],[-4.25147720852738,48.65191229434375],[-3.998872962387854,48.73053701968555],[-3.902217355164343,48.64596136660938],[-3.821306434067541,48.721149049714846],[-3.607873406800085,48.692950807527346],[-3.557670083435827,48.810077272371096],[-3.43505784550553,48.83645971866016],[-3.091225352677161,48.87155111880664],[-2.914459433945471,48.70678671450977],[-2.790535416992956,48.58958014102344],[-2.636378016861731,48.55200155825977],[-2.342885461243445,48.67414816470508],[-2.200072136315161,48.598983369783205],[-2.075967636498266,48.65615805240039],[-1.870566811951452,48.711742006257815],[-1.857612696083838,48.60836752505664],[-1.591356840523535,48.63750036807422],[-1.456587758454138,48.683551393464846],[-1.575547900589758,48.76814230533008],[-1.588412251862341,48.88095053286914],[-1.563408580216223,49.036239229158205],[-1.579779472740942,49.2290111407793],[-1.638999786766821,49.219607912019534],[-1.891543593796545,49.526351533845705],[-1.941284146698767,49.70930441470508],[-1.524247136505896,49.65277060122852],[-1.250969496163183,49.69987829776172],[-1.288660493286902,49.520972810701174],[-1.177143421562964,49.33254965396289],[-1.023191001805121,49.39845999331836],[-0.464948442372137,49.35137899966602],[-0.239364930036122,49.28548773379688],[-0.203663793000036,49.291812501863284],[0.032870042530245,49.33370550723438],[0.330848249999231,49.45495565982227],[0.090372207966989,49.51055487246875],[0.115054044333643,49.60227545352344],[0.189372840729898,49.681026063875],[0.528559717742151,49.8258014545],[0.868757519332117,49.90724905581836],[1.274518880454248,50.00430258365039],[1.416228327361292,50.10984381289844],[1.551989111510462,50.22880896182422],[1.528296861258692,50.57772787661914],[1.588920149413294,50.821883760408205],[1.796177011925257,50.92141446442835],[1.823555264083093,50.93456228824024],[2.030328068343347,51.006656251863284],[2.44259599169845,51.04803045840625],[2.522131952849573,51.09112127871875],[2.995262178984827,51.313479982332034],[3.2136051984703,51.35356863589649],[3.472019943801111,51.31439169497852],[3.681297096816248,51.3214183673418],[3.775046858397669,51.38774450869922],[5.135158159771422,52.126689920244836],[5.448322555449071,52.048398821325414],[6.857562335998502,51.57865222780894],[6.857562335998502,51.34318559791618],[6.857562335998502,50.952323436453646],[7.562182226273215,50.48257684293717],[7.740685931809476,49.99090874172327],[8.291855268202141,49.94080243841484],[8.39206787481899,49.59005831525587],[8.542386784744263,49.389633102022174],[7.891004841734748,48.88857006893793],[7.740685931809476,48.43761333916211],[8.041323751660022,48.287294429236844],[8.348581130801668,48.20349696219821],[7.319223934053758,46.820576706150206]]],[[[-1.555618610771948,54.92161139102344],[-1.388892021569067,54.68048056216602],[-1.192056861313635,54.595355592683596],[-0.870595899018103,54.54716833682422],[-0.604803499373251,54.30016287417774],[-0.295500930937582,54.03316839785938],[-0.23488095270341,53.79938467593555],[-0.319215585085207,53.57891424746875],[-0.318142512140932,53.57839764138827],[-0.203663793000036,53.52328451724414],[0.081015858260339,53.3862262591875],[0.174518886414713,53.29305990786914],[0.267848494855112,53.12666281314258],[0.250867608395761,53.04005392642383],[0.005501198974794,52.786666475251955],[0.326831850615686,52.707477174714846],[0.50467011651153,52.847510896638674],[0.741839024630731,52.901195131257815],[1.01266435107345,52.88841589541797],[1.375926766005701,52.809241853669924],[1.585714611617273,52.650043092683596],[1.691691670027918,52.311420045808596],[1.656872067061609,52.21178396792774],[1.511889729109949,52.02575644107227],[1.031286153403467,51.812720857576174],[0.686218056288904,51.56038626284961],[0.254172805157846,51.453597627595705],[0.804253611174768,51.37826880069141],[1.0300673576271,51.35884817691211],[1.189365777579492,51.40547140689258],[1.36468068083877,51.35290487857227],[1.33496442755813,51.12069662661914],[0.886016640273279,50.981891237214846],[0.888346943465418,50.89267309756641],[0.672568890658563,50.930667482332034],[0.191810223666376,50.73128470034961],[-0.203663793000036,50.79532965274219],[-0.335705709251219,50.816714845613284],[-0.839040127190405,50.72180136294727],[-1.103359904679114,50.816714845613284],[-1.372512188347632,50.766273103669924],[-2.085358705910497,50.702823244050784],[-2.023685899170691,50.570010744050784],[-2.431994643601233,50.64588888736133],[-2.550505128296667,50.570010744050784],[-2.960618939789587,50.72180136294727],[-3.110884395035559,50.65736349673633],[-3.131739111068131,50.655335218208585],[-3.188912504599814,51.17873152457686],[-3.066043343933874,51.177737794832034],[-3.033148970993811,51.32989462466602],[-2.894663300904089,51.39384802432422],[-2.750154700669104,51.644027315095705],[-3.172751632126623,51.46690710635547],[-3.290847904894552,51.464283047650085],[-3.499117579850012,51.45965536685352],[-4.159330811890417,51.67681463809375],[-4.998957600983434,51.70170172305469],[-5.178603139313513,51.787471376375],[-5.248757806214147,51.860213838533205],[-5.06146427670365,52.00643499942188],[-4.619082894715124,52.093516908601565],[-4.294657674225622,52.200320802644534],[-4.123608317765051,52.37326391787891],[-4.093874898346716,52.74550970645313],[-4.147546019944006,52.83189734073047],[-4.468318429383093,52.81130179019336],[-4.62135025540238,52.83098181338672],[-4.491883244904333,52.990977846101565],[-4.317542043122106,53.09120901675586],[-3.956724610718542,53.205150209382815],[-3.329535689743811,53.233016572908205],[-2.914475407990271,53.26714285464649],[-3.056740966233069,53.513614259675784],[-2.979541268738562,53.82085379214649],[-2.865320411118323,54.02827414126758],[-2.885938134583288,54.16866644473438],[-3.261474337967688,54.14118155093555],[-3.479265180023962,54.274600587800784],[-3.569233384522253,54.41502722354297],[-3.4304058221901,54.64308127017383],[-3.152525153549963,54.838058076814455],[-3.154622437277691,54.83868489395123],[-1.583019061947978,54.99010572418627],[-1.555618610771948,54.92161139102344]]]]}},{"type":"Feature","properties":{"name":"Rome (Maximian)","subject":"Rome (Maximian)","partOf":"Rome (Maximian)","borderPrecision":1,"color":"#739b91"},"geometry":{"type":"MultiPolygon","coordinates":[[[[8.500446352568812,42.359778963044924],[8.609300646392054,42.48734625430469],[8.87900260409469,42.624766908601565],[9.000392946807093,42.63458975406055],[9.018427881804651,42.69103964419727],[9.149460825530237,42.710670076326174],[9.23769286593551,42.664039216951174],[9.280391726103968,42.727855287507815],[9.270520243254847,42.882510744050784],[9.30318931063766,42.983192048982424],[9.367051157561487,42.988101564363284],[9.414238962737269,42.90952643008594],[9.432161364165491,42.79413565249805],[9.40549472293014,42.58059652896289],[9.458552393523401,42.55605658145313],[9.486711535063929,42.4063793048418],[9.452508959380335,42.04830511660938],[9.357456240264124,41.90121039004688],[9.304538759795374,41.575267396882815],[9.173024210540003,41.34990652652149],[9.038939509001917,41.36949881167774],[9.013268503752894,41.457679353669924],[8.828752550688929,41.49197729678516],[8.726921114531702,41.56056936831836],[8.854648623076624,41.65367849917774],[8.823254618254847,41.68797644229297],[8.626926455107874,41.73208960147266],[8.742449793425745,41.8815990314043],[8.692829165068812,41.913463197664065],[8.561865839568323,41.8815990314043],[8.537932428923792,41.94778021426563],[8.589588198271937,41.957591615632815],[8.66831210574264,42.02868612857227],[8.626454386321253,42.09734304995899],[8.510698351470179,42.13412436099414],[8.517246279326624,42.20770224185352],[8.628421816436,42.26165731997852],[8.500446352568812,42.359778963044924]]],[[[9.69800952395553,39.69349630923633],[9.648338350859827,39.45721396060352],[9.47892001589889,39.14415701480274],[9.296275171843714,39.23312338443164],[9.062541994658655,39.21989019961719],[8.998516115752405,39.175094209626955],[8.931367907134241,39.05370291324024],[8.819559130278773,38.976913057283205],[8.696099314299769,38.99581106753711],[8.582376513091273,39.06576880069141],[8.417174372283167,39.212203584626955],[8.374221834746546,39.307845674470705],[8.465033564177698,39.639937959626955],[8.508480105010218,39.946475587800784],[8.487975153533167,40.20879705996875],[8.42818931063766,40.464854799226565],[8.20155242404098,40.66299780459766],[8.159486803618616,40.7846752032793],[8.240707430449671,40.85533865542774],[8.40555289706344,40.86208304019336],[8.766072306243128,40.8628002032793],[8.91842368563766,40.94002493472461],[9.30620387515182,41.18444784732227],[9.590851816741175,40.902911745027346],[9.79373935183639,40.56368216128711],[9.787847551909632,40.44195517154102],[9.695723566619105,40.31368979068164],[9.630800280181116,40.09585531802539],[9.69800952395553,39.69349630923633]]],[[[14.354488405791468,45.32289084048633],[14.23862174471969,45.062354646638674],[14.174608263579554,45.010387025789065],[14.188512835112757,44.94254644961719],[14.060400042144007,44.89470251651172],[13.991256746855921,44.783099733308596],[13.89510253390426,44.75918158145313],[13.6720590921318,45.050357423738284],[13.643589052764124,45.179088197664065],[13.52689078768844,45.45431097598438],[13.556276354399866,45.4596019610918],[13.7490854593193,45.49433096499805],[13.799984011260218,45.56637152285938],[13.673180613127894,45.71450766177539],[13.564614328948206,45.72652395816211],[13.437729868498987,45.638431154207034],[13.367695841399378,45.69448813052539],[13.156165155974573,45.72652395816211],[13.104608568755335,45.58238562198047],[12.898650202361292,45.55837210269336],[12.44815543612594,45.39428671450977],[12.483212503997034,45.46231421084766],[12.279743227568812,45.40228994937305],[12.251417193022913,45.29028280825977],[12.180371317473597,45.27027853579883],[12.176189455596155,45.21429022403125],[12.312513384429163,45.178294740632815],[12.322136911956019,45.0423656329668],[12.408988031951136,44.9890094623125],[12.523090395537562,44.88275106997852],[12.476044687834925,44.787086091951174],[12.377765212721485,44.73152979882409],[12.27358439883346,44.67263754458789],[12.280731234160609,44.55012472720508],[12.345076593962855,44.30104025454883],[12.508117008152883,44.131458089893975],[12.697230372039026,43.934756837800784],[13.600871119109339,43.53480490298633],[13.731556925383753,43.37416037173633],[13.791634592620081,43.12334402652149],[13.91509059390182,42.87276419253711],[14.076401988875038,42.6337763953921],[14.092769655791468,42.60952719302539],[14.404933008757776,42.35311087222461],[14.429446711442168,42.326661124182635],[14.51930907687301,42.22970160098438],[14.719955477324671,42.141761384919924],[14.738527330962366,42.047156892732424],[14.922405275908655,41.97177084536914],[15.448605570403284,41.856727205232424],[16.012843165007776,41.90432318301563],[16.187411341277308,41.84086187930469],[16.198414835540003,41.745669923738284],[15.989146265593714,41.634646974519534],[15.873253855315394,41.50214346499805],[15.991044077483362,41.40614279361133],[16.42026809176559,41.278724275544924],[16.94596389254684,41.093814454988284],[17.258607996763015,40.95599425161939],[17.319272074309534,40.92925222964649],[18.033919367400355,40.59665258975391],[18.059941324797816,40.513534151033205],[18.3836126657402,40.307750307039065],[18.522648844329066,40.09413107486133],[18.433678660002894,39.89840658755664],[18.364918741790003,39.746722780183596],[18.16013053378219,39.87313421817188],[18.017067942229456,39.947894655183596],[17.967745813933558,40.16689261050586],[17.84960463961715,40.24349554629688],[17.61914924105758,40.2878375873125],[17.401650461760706,40.29192694278125],[17.20417121371383,40.39794119449024],[17.242802652922816,40.49576147647266],[17.08408072909469,40.52511175723438],[16.948712381926722,40.481090150789065],[16.84413054904098,40.363135896638674],[16.727564844695276,40.183604799226565],[16.604413065520472,40.089908204988284],[16.623852762786097,39.96775396914844],[16.535006556121058,39.83156546206836],[16.532101664153284,39.697513185457034],[16.873986277190394,39.543651185945315],[17.14906981906051,39.42180212588672],[17.107419046965784,39.28047140689258],[17.120997461882776,39.08602102847461],[17.18071273287887,39.02220877261524],[17.094689402190394,38.915023408845705],[16.797699961272425,38.92585714908008],[16.61332992037887,38.82732733340625],[16.522202524748987,38.72502478213672],[16.57200149020309,38.45711859317188],[16.330693277922816,38.320743165925784],[16.052943262664026,37.93117483706836],[15.785237345305628,37.909705720857424],[15.71022704562301,37.94143637271289],[15.627475771514124,38.00421103091602],[15.62657741030807,38.23308142276172],[15.790868792144007,38.296397767976565],[15.933466944304651,38.53991659732227],[15.827300104705042,38.62273367495899],[15.989846262541956,38.73476370425586],[16.15220931491012,38.70126684756641],[16.2122259469902,38.77795370669727],[16.177208933440394,38.93099173159961],[16.082562479582972,39.01247366519336],[15.989552530852503,39.4283519610918],[15.84651435050798,39.62985800079746],[15.824671778289026,39.660628877595705],[15.757021936980433,39.93362768741016],[15.666200670806116,40.091861329988284],[15.515924486724085,40.06594809146289],[15.432033571807093,39.988971315339846],[15.027263674346155,40.212195955232424],[14.898671183196253,40.241458497957034],[14.992320093718714,40.37221869082813],[14.951005014983362,40.55147894473438],[14.743317637053675,40.70481451602344],[14.334127459136194,40.593604646638674],[14.34976962527389,40.64252432437305],[14.494590792266077,40.72996100039844],[14.370310816374964,40.85147055240039],[14.239995989409632,40.852943025544924],[14.050873789397425,40.76751288028125],[13.941878351775355,40.99803503604297],[13.852500948516077,41.09095724673633],[13.797006640044398,41.19344671817188],[13.760507236170445,41.20669841632788],[13.49839023074264,41.301864229158205],[13.329107257915082,41.31109494864743],[13.271446261016077,41.31423910708789],[12.976777109709925,41.371375642732424],[12.641516718474573,41.53109701724414],[12.394848856536097,41.72954901309375],[11.963433298674769,42.00474127383594],[11.960132972376561,42.00737273955097],[11.497365030852503,42.376353822664065],[11.104763063994593,42.549083314851565],[10.742755922881312,42.850509248689455],[10.487745318022913,43.235938631013674],[10.337910145884006,43.596202827939074],[10.292479548064417,43.70543631167774],[10.261382708001236,43.74523947476491],[10.155236147769651,43.88110436777192],[10.136747393218226,43.904769502595705],[9.909300837126917,44.110477052644534],[9.82549804898012,44.152548314253266],[9.691935572234339,44.219600282625],[9.1570444436943,44.37323721499805],[8.896585497466273,44.43718679995899],[8.671724352446741,44.417403779939455],[8.342789137617475,44.22018781295507],[8.186360392180628,44.12639959903125],[8.089567661878142,44.05082949636362],[8.048067028406173,44.01842822901174],[7.979526552764124,43.964915834382815],[7.689120325652309,43.88704641909961],[7.565956900943837,43.86934030077783],[6.898299387388329,44.50977956999665],[6.898299387388329,46.15818418392571],[7.319223934053758,46.820576706150206],[8.348581130801668,48.20349696219821],[8.592493088052686,48.13697551931157],[10.696957827006502,48.68814485570423],[11.448552376632863,48.738251159012655],[12.200146926259228,49.139101585480056],[12.75352162757752,48.93294238302814],[14.755568394988861,48.187081822619994],[14.883128867360053,48.23172798794991],[14.883128867360053,46.145946600309784],[14.608417479874914,45.21196927140015],[14.524585756865687,45.26628454776172],[14.354488405791468,45.32289084048633]]],[[[13.809530291167444,37.966415010408205],[14.134472879973597,37.973453126863284],[14.765865358916468,38.0576129779375],[15.386741671172327,38.20554693789844],[15.453687700835413,38.16741522403125],[15.472892794219202,38.110057435945315],[15.42252353152389,38.05257376284961],[15.181032213774866,37.68228109927539],[15.1121807428276,37.45903357119922],[15.116248163787073,37.286944948152346],[15.301346811858362,37.057899080232424],[15.220631632415003,37.000377260164065],[15.027343782988734,36.74511679263477],[14.942398104277796,36.738563142732424],[14.622022661772913,36.776141725496096],[14.215912851897425,37.0493236407793],[13.868404421416468,37.15695150943164],[13.011567148772425,37.52489431949024],[12.63687900027389,37.581500612214846],[12.532035860625452,37.63867148013477],[12.454147371855921,37.766009889558596],[12.516644510832972,37.91916998477344],[12.664325747100062,38.07249792666797],[12.782839808074183,38.11737783999805],[13.065952334014124,38.066932283357424],[13.322475466338343,38.22051199527149],[13.627963099089808,38.02980764956836],[13.809530291167444,37.966415010408205]]],[[[0.818772117644977,42.71412959274603],[3.081812207516461,42.39049936033255],[3.087081465331262,42.36864431949024],[3.086528334227747,42.329112611726565],[3.08628610095138,42.1207233295],[3.156553778258508,42.075721345857424],[3.128878864852136,41.85722693057422],[2.628259214965051,41.61954077334766],[2.200590166655725,41.44614752383594],[2.080724749175256,41.29848822207813],[2.065487708318266,41.295597639403624],[1.609828624335474,41.20915564151172],[1.442095519242574,41.17999861920224],[1.311244878379053,41.15725287051563],[0.879201922026819,41.0217357501543],[0.733751806822962,40.87495382876758],[0.709782037345117,40.78514822574024],[0.82712546309585,40.7274242267168],[0.787556442824548,40.65688665957813],[0.505141589251703,40.592757783845705],[0.237927589026636,40.24019964785938],[-0.160625037344748,39.886024080232424],[-0.203663793000036,39.79943808169727],[-0.284515861960703,39.63677176089649],[-0.394848432930762,39.434459291414065],[-0.235902842673117,39.06240423770313],[-0.203663793000036,39.012652955964846],[-0.165695284100825,38.95406302066211],[0.12611598095054,38.821353517488284],[0.172570082751459,38.738345704988284],[-0.107004006000811,38.59149893374805],[-0.203663793000036,38.54402884097461],[-0.43515532890206,38.43033941836719],[-0.564126816185766,38.21486624331836],[-0.664728876742178,38.17657431216602],[-0.872343566807562,37.75979956241016],[-0.802563574703985,37.61500509829883],[-0.918272283467108,37.57034262271289],[-1.364567962082678,37.54839285464649],[-1.625712480934912,37.439490877107424],[-1.816879835518652,37.2924762591875],[-1.940475192459875,36.95159872622852],[-2.238797393235022,36.728396974519534],[-2.355097499283606,36.82405050845508],[-2.624331441315466,36.811297975496096],[-2.761496749314123,36.69013937564258],[-2.915331569107825,36.69013937564258],[-2.969792333039099,36.74114950747852],[-4.446585622223669,36.72201880069141],[-4.757303681763464,36.48610647769336],[-5.216736283692175,36.40959509463672],[-5.374227490814977,36.23747595401172],[-5.38674971142655,36.10998495669727],[-5.424260106476599,36.07174261660938],[-5.457090821656042,36.16735800357227],[-5.487933125885778,36.173724733308596],[-5.485486474427038,36.06536825747852],[-5.660587277802282,36.008006654695315],[-5.850014176758581,36.07174261660938],[-6.204461064728552,36.28209646792774],[-6.304971661957556,36.45422323794727],[-6.288880792053991,36.57217749209766],[-6.444025006684119,36.62318380923633],[-6.500485864075475,36.718829713777346],[-6.421713319214636,36.79216345401172],[-6.632153954895788,37.02175100894336],[-6.947954621704869,37.14931448550586],[-7.010098424347691,37.165259920076174],[-7.227823701294714,37.22585638614063],[-7.491503682526403,37.20815619082813],[-7.603436437043005,37.16297873111133],[-7.836042371186071,37.03225287051563],[-8.033637967499548,37.00878866763477],[-8.280239072235876,37.088580690339846],[-8.541073766144567,37.088580690339846],[-8.667059865387731,37.12144049258594],[-8.990849461945349,36.990008912996096],[-9.016643491181188,37.069800935701174],[-8.841511693390661,37.52514608950977],[-8.848719534846378,37.81676788621598],[-8.851028409394079,37.91018255801563],[-8.93278595486527,37.96184118838672],[-8.822993245514684,38.206073366121096],[-8.847303357514196,38.384566865876955],[-8.788920369538122,38.43598135562305],[-8.853651967438513,38.4996410235918],[-9.022322621735388,38.46102102847461],[-9.236570325287634,38.41744955630664],[-9.2851581243599,38.61946829409961],[-9.069152799042516,38.64295919986133],[-8.941892590912634,38.74191626162891],[-8.960826840790563,38.81846197696094],[-9.040849652680212,38.92018087954883],[-9.175754514130407,38.73223074527149],[-9.361637082489782,38.671145997957034],[-9.522397008332067,38.6899371966875],[-9.54900738278275,38.77451666446094],[-9.459762540253454,38.95307882876758],[-9.3977069524849,39.23036154361133],[-9.415269818695837,39.366675935701174],[-9.299269643219763,39.417735658601565],[-9.117922749909216,39.64403494449024],[-8.915585484894567,40.13814886660938],[-8.969669309052282,40.19001730533008],[-8.69406982937699,40.992171846345705],[-8.851777997406774,41.40782888980274],[-8.854754414948278,41.59685095401172],[-8.920735326203161,41.76702078433399],[-8.806055035980993,41.889178834871096],[-8.86048599758988,42.0145336017168],[-8.798570599945837,42.194530092195315],[-8.644062962921911,42.419749818757815],[-8.805045094879919,42.63155706973438],[-8.94172379055863,42.824195466951174],[-9.173123326691442,42.85590323062305],[-9.24685951748734,42.900775514558596],[-9.270803418549352,43.048690401033205],[-9.197466817292028,43.158214174226565],[-9.013589826020056,43.28085669131641],[-8.849216428192907,43.326243959382815],[-8.595722165497595,43.339618287996096],[-8.31041332760697,43.35304983706836],[-8.25069710293656,43.4304271564043],[-8.22022434750443,43.61720999331836],[-7.979528870972448,43.740054689363284],[-7.636274781616979,43.721412263826174],[-7.151302304657751,43.554942689851565],[-6.807975736054234,43.523421846345705],[-6.467573609741979,43.56272467227344],[-6.208046403321081,43.640521608308596],[-5.979656186493688,43.70537909121875],[-5.820451226624304,43.70568808169727],[-5.537417855652624,43.57745321841602],[-5.224896397980505,43.507247529939455],[-4.802335706147009,43.46944388003711],[-4.110216107758337,43.45151098819141],[-3.847605910691077,43.43916281314258],[-3.417000499161536,43.37565191836719],[-3.195965257080847,43.446883760408205],[-3.007205691727453,43.55027350039844],[-2.768362489136511,43.53787573428516],[-2.367384400757605,43.326243959382815],[-2.142923348652433,43.33147102864046],[-2.065644708069617,43.333270631746096],[-1.914577808769995,43.3054157123125],[-1.746070232781225,43.36016043277149],[-1.650717318681941,43.44498068109543],[-0.618252461801411,42.84782539186039],[0.818772117644977,42.71412959274603]]],[[[19.351007085520557,29.406573618704698],[18.6118112566288,29.406573618704698],[14.453834719112688,31.162163712322617],[9.833860788539226,32.91775380594053],[8.63266756659013,34.02654754927816],[7.985871216309846,35.50493920706167],[-8.640263524445349,33.12173422427539],[-8.31441494503861,33.33848150821094],[-7.902406182678991,33.48548849673633],[-7.332620587738806,33.69637259097461],[-7.004007783325964,33.874984346345705],[-6.752974477204138,34.12335165591602],[-6.511472192200475,34.45429953189258],[-6.472049931118064,34.530940244894],[-6.32767397652496,34.81162115452381],[-6.302049127014929,34.86143835635547],[-5.928758588227087,35.72785910220508],[-5.807887044342809,35.78541525454883],[-5.565000024231725,35.862342439607424],[-5.479359116944128,35.80520590396289],[-5.171789613159948,35.42376288028125],[-5.10963150540238,35.37931402774219],[-4.592977490814977,35.151187501863284],[-4.29535099545365,35.15178640933399],[-4.027887788208776,35.13323553653125],[-3.440804210099036,35.166278444246096],[-3.205772366913611,35.26860769839649],[-3.009028163346106,35.38997992129688],[-2.829877105149084,35.14205893130664],[-2.714807000550085,35.09774359317188],[-2.355662789734656,35.05391653628711],[-2.325944383332021,35.053977160631526],[-2.192973938378149,35.05424841494922],[-2.035251822861487,35.054568849519534],[-1.738327947052771,35.11883123965625],[-1.495096531304175,35.23390158267383],[-1.329105701836401,35.48890646548633],[-1.146667149456793,35.62936743350391],[-0.917491999062353,35.66803701968555],[-0.734306838902289,35.73846014590625],[-0.428770822080427,35.86006888003711],[-0.282988813313299,35.75847586245899],[-0.203663793000036,35.75072058291797],[-0.091654170843416,35.73976858706836],[0.015310812202638,35.803668580964846],[0.198671731558985,36.033309541658205],[0.474390897360986,36.22496374698047],[0.781242343989557,36.38485296817188],[1.057602915373987,36.461856447175784],[1.579693111983484,36.51388891787891],[2.293774160948938,36.54082449527149],[2.524363550749964,36.57315023990039],[2.809869083968347,36.71390112491016],[3.070006403533167,36.61885794253711],[3.323837790099329,36.65123327823047],[3.586873087493128,36.79195364566211],[3.741224560347742,36.83686789126758],[4.163919005004114,36.83135183902149],[4.394624266234583,36.83819159121875],[4.532551798430628,36.8129840716875],[4.632117304412073,36.79406698794727],[4.777191671935266,36.743384920076174],[5.144465002623743,36.66767843814258],[5.382732424346155,36.67453344912891],[5.730162176696009,36.7517047748125],[6.047393831816859,36.841556154207034],[6.322870287505335,37.090648256257815],[6.770537409392542,36.86214789004688],[6.923042807189174,36.81784018130664],[7.063241037932581,36.881854616121096],[7.204853090850062,36.99046667666797],[7.306981119719691,37.06078299136524],[7.544922861663049,37.04214438052539],[7.719043287841028,36.95327719302539],[7.79204085787887,36.83235891909961],[7.913174662200159,36.77524908633594],[8.145014795867151,36.813949190095705],[8.63670924624557,36.885257326082034],[8.865518602935023,36.96835287661914],[9.15028003176803,37.17287405581836],[9.416118654814905,37.27537878604297],[9.73219970187301,37.28239782901172],[10.021354708281702,37.20013388247852],[10.132734331694788,37.104747377351565],[10.158871683684534,36.99647482486133],[10.271508249846644,36.754554353669924],[10.392797503081507,36.716571412996096],[10.580582651702112,36.79342230410938],[10.843251261321253,36.99148901553516],[11.02375701388473,37.06832464785938],[11.039403948394007,36.90904577823047],[10.920062098113245,36.6539378985918],[10.633412394133753,36.424014650300784],[10.509244951811976,36.21355398745899],[10.511460337248987,36.08616980166797],[10.602607760039515,35.88894613833789],[10.830826792327112,35.679278932527346],[10.988951716033167,35.622298799470705],[11.125108751860804,35.2406078204668],[11.082800898162073,35.14503439517383],[10.839357409087366,34.8011546954668],[10.574025187102503,34.648109041169924],[10.11642173251266,34.234168611482424],[10.019480738249964,34.08147390933399],[10.148656878081507,33.87839850039844],[10.412600550261683,33.63112600894336],[10.650217089263148,33.49818380923633],[10.778140101042933,33.473033510164065],[10.956539187041468,33.575057588533205],[11.099118265715784,33.53722723575],[11.208920511809534,33.25152166934375],[11.470686945525355,33.14409216494922],[12.117019686309046,32.87850149722461],[12.56475642642135,32.73963888736133],[12.79886344393844,32.733768068269534],[13.187125238982386,32.791759096101565],[13.458779368010706,32.77960928531055],[14.157023462859339,32.67937811465625],[14.433427843657679,32.46390875430469],[14.790810618010706,32.362994752839846],[15.009786638823694,32.363441072419924],[15.163704905120081,32.27480658145313],[15.241435083953089,32.17330130191211],[15.358129534331507,31.805022798494143],[15.53340819796676,31.55121573062305],[15.843325647917933,31.285003267244143],[16.013379129973597,31.22817000003223],[16.31838706454391,31.165261827424807],[16.78251937350387,31.128097139314455],[16.983780893889612,31.09674223513965],[17.421629938689417,30.99598654361133],[17.70897963961715,30.894923768953127],[17.957158121672816,30.768363557771487],[18.537213358489222,30.41374548526172],[18.608251734640834,30.374469834132547],[18.88543416831375,30.221221390772325],[18.91502669772262,30.204860292390627],[19.12453940829391,30.198943696931643],[19.234845412701418,30.23098585418479],[19.48218893697831,29.44405414769263],[19.351007085520557,29.406573618704698]]]]}},{"type":"Feature","properties":{"name":"Rome (Galerius)","subject":"Rome (Galerius)","partOf":"Rome (Galerius)","borderPrecision":1,"color":"#8b7fa6"},"geometry":{"type":"MultiPolygon","coordinates":[[[[23.139385708590794,43.91329176070537],[25.264573716654585,43.8208922820939],[26.835364853049565,44.19049019653978],[28.036558074998663,44.375289153762715],[27.944158596387194,44.92968602543153],[28.2213570322216,45.48408289710034],[29.615916285124964,45.41020544619922],[29.683211359587855,45.37478979678516],[29.710764917937464,45.25833471866016],[29.578961405364222,45.0575023517168],[29.457522425261683,44.91514929385547],[29.261582407561487,44.895423494294924],[29.08974936923141,44.87573202700977],[28.918236765471644,44.765750490144534],[28.686247858611292,44.48805197329883],[28.57311347445602,44.19782217593555],[28.529885325041956,43.84347113223438],[28.51010611971969,43.74307592959766],[28.48053840121383,43.59228476138477],[28.44569304904098,43.476363740876955],[28.328095469084925,43.43752630801563],[28.187058481780237,43.450118623689455],[28.034638437834925,43.39190252871875],[27.887320551482386,43.06352575869922],[27.86990836581344,42.799876771882815],[27.836163553801722,42.73552282901172],[27.654044184294886,42.68373831363086],[27.501950296965784,42.51634558291797],[27.494702372161097,42.40090139956836],[27.60787108859176,42.41677816958789],[27.722533259001917,42.31621512027149],[27.737710032073206,42.24700125308399],[27.913407358733362,42.078101716951174],[27.917952570525355,41.977672182039065],[28.026202234831995,41.88238485904102],[28.018178019133753,41.75320776553516],[28.06983855685348,41.62496908755664],[28.10439780673141,41.59297140689258],[28.371457132903284,41.43312796206836],[28.74022201022262,41.32482870669727],[29.012368235198206,41.254832826570315],[29.081099543181605,41.200511537507815],[28.964453730193323,40.98923834414844],[28.82780745944137,40.91469915957813],[28.596150431243128,40.94698675723438],[28.17331412753219,41.05789526553516],[28.02636817416305,41.02620657534961],[27.93218329867477,40.95754965396289],[27.47416976412887,40.962833009675784],[27.313046488372034,40.789912782625],[27.263756785002894,40.66717108340625],[26.888926539031214,40.524676881746096],[26.613572153655237,40.39804037661914],[26.513939890471644,40.28197439761524],[26.37586310824508,40.21340902896289],[26.255158457366175,40.081561647371096],[26.140885386077112,40.044654451326174],[26.2142896982109,40.16066702456836],[26.222796473113245,40.223956666902346],[26.194821390715784,40.30307348819141],[26.457545313445276,40.434974275544924],[26.556477579680628,40.49829062075977],[26.454838785735316,40.584308229402346],[26.418061289397425,40.577823244050784],[26.124041590300745,40.602847658113284],[26.020724329558558,40.669322572664065],[25.992875132170862,40.85245855899219],[25.635705027190394,40.87737616153125],[25.30111411532516,40.89594229312305],[25.046317133513636,40.952273927644534],[25.01892951449508,41.01714666934375],[24.812115702239222,40.933421693757815],[24.70066359957809,40.878341279939455],[24.519127878752894,40.873065553621096],[24.50495246371383,40.98406942935352],[24.35430243929977,40.97096212954883],[24.219058069792933,40.82968481631641],[24.02515510043258,40.74636038394336],[23.88595298251266,40.732894502595705],[23.748394999114222,40.80443152041797],[23.63469794711227,40.77275427432422],[23.632977518645472,40.71316870303516],[23.709055933562464,40.63003500552539],[23.785174402800745,40.477191530183596],[23.923703226653284,40.450809083894534],[24.295352015105433,40.176490388826174],[24.22063544711227,40.144847475007815],[24.054778132048792,40.260882936433596],[24.04777816256637,40.3083568439043],[23.923533472624964,40.34528311343555],[23.77477363070602,40.392764650300784],[23.72216895541305,40.348243318513674],[23.627234491912073,40.34528311343555],[23.65880111178512,40.28726156802539],[23.651745829192347,40.22922857852344],[23.80366424044723,40.15539129825],[23.86865905245895,40.16067465396289],[23.920109781829066,40.05519827456836],[23.90661719760055,39.997195802644534],[23.796032938567347,39.986651979402346],[23.59577277621383,40.19231756778125],[23.442486795989222,40.25560721011524],[23.349078211394495,40.2819782123125],[23.291760477629847,40.28726156802539],[23.29313949069137,40.24505575747852],[23.259058985320276,40.22922857852344],[23.321034464446253,40.15539129825],[23.366839441863245,40.107928834871096],[23.436467203704066,40.044654451326174],[23.523348841277308,40.018287263826174],[23.59218505343551,40.00246389956836],[23.63858512362594,39.96034201236133],[23.59689048251266,39.93405493350391],[23.374392542449183,39.955089174226565],[23.26052573641891,39.970870576814455],[23.276309046355433,40.04992254825],[23.2147779794609,40.181766115144534],[23.14114097079391,40.26615484805469],[22.960160288420862,40.314708314851565],[22.74805549105758,40.482467256501955],[22.863902124968714,40.535228334382815],[22.87546256503219,40.596324525789065],[22.851946863738245,40.65133627505664],[22.76996711215133,40.66717108340625],[22.70125487765426,40.57744940371875],[22.49206641635055,40.49829062075977],[22.602265390959925,40.39723929019336],[22.48961738070602,40.23052557559375],[22.467362436858362,40.118480287507815],[22.525612864104456,40.064166627839846],[22.55512908419723,39.986651979402346],[22.695097956267542,39.834483705476565],[22.754473719206995,39.81834753604297],[22.813431772795862,39.602740846589846],[23.074168238249964,39.41345175357227],[23.23608497103805,39.20315893741016],[23.158499750701136,39.140079103425784],[23.051917109099573,39.10328634829883],[23.09980681857223,39.1873851642168],[23.045252832976526,39.27149923892383],[22.981301340666956,39.329330049470705],[22.91898635348434,39.345103822664065],[22.850853952971644,39.36613043399219],[22.720257792082972,39.287269197419924],[22.7660589548027,39.20278891177539],[22.834883722869105,39.16636236758594],[22.871062311736292,39.02434881778125],[22.784213099089808,38.94033392520313],[22.490498575774378,38.87685354800586],[22.602313074675745,38.856238923982424],[22.72328856906051,38.793170534089846],[22.899373087493128,38.766891084626955],[22.984231028166956,38.66704138369922],[23.09980109652633,38.67229803653125],[23.169491800872034,38.66704138369922],[23.190995249358362,38.61034353824024],[23.356156382170862,38.48950155825977],[23.49384406527633,38.483131013826174],[23.55576613864059,38.351764284089846],[23.682751688567347,38.34651144595508],[23.80394843539352,38.34651144595508],[23.960743937102503,38.20991476626758],[23.966990503874964,38.15213354678516],[23.880024942961878,38.11535605044727],[23.98729995211715,37.76342733950977],[23.918181452361292,37.684642396882815],[23.835513147917933,37.684642396882815],[23.73368361910934,37.85785635562305],[23.63414863070602,37.878978334382815],[23.540715250579066,38.004100404695315],[23.49570182284469,38.06807669253711],[23.4192571969902,38.06807669253711],[23.19584182223434,38.00503882022266],[22.980614695159144,37.957767091707034],[22.898057016936487,37.89998968692188],[23.039967569915003,37.85796698184375],[23.045392069426722,37.773578248933596],[23.048874888030237,37.64263113589649],[23.151383432952112,37.59012182803516],[23.22054770907516,37.601825319246096],[23.321707758513636,37.63738211245899],[23.312159571257776,37.548106752351565],[23.418124231902308,37.46934088321094],[23.184979471770472,37.42733343692188],[23.18579200228805,37.374827943757815],[23.1095648141777,37.34664114566211],[22.970976862517542,37.38532217593555],[23.025345835295862,37.479842744783205],[22.942069086638636,37.518390260652346],[22.713290247527308,37.543433748201174],[22.642317804900355,37.58486517520313],[22.638745340911097,37.492286287263674],[22.726239237395472,37.28850897403125],[22.81334975680465,37.212054811433596],[22.793108973113245,37.1385570392168],[22.886887583342737,37.04668005557422],[22.98255256137008,36.6147533282793],[22.673554453459925,36.754283510164065],[22.524447474089808,36.722125612214846],[22.390296015349573,36.524371705964846],[22.19140723666305,36.855235658601565],[21.98417190035934,37.02048071475391],[21.780915293303675,36.82254370303516],[21.588168177214808,36.9814411029375],[21.531443628874964,37.11514624209766],[21.62650016268844,37.30651815982227],[21.613707575408167,37.41484793277149],[21.51731399020309,37.53575857730274],[21.29634765109176,37.72654303164844],[21.2211313577568,37.82839544864063],[21.228430780974573,37.90490683169727],[21.44045165499801,38.179515443757815],[21.71449950656051,38.135440431550784],[21.905766520110316,38.26973684878711],[21.996687922087855,38.25078161807422],[22.74721435031051,37.95260580630664],[22.89865592440719,37.9975543841875],[23.116345438567347,38.157394014314455],[22.996743235198206,38.17934378238086],[22.87563804110641,38.204600892976565],[22.33374122103805,38.426707826570315],[21.8264723153984,38.46395834536914],[21.661257776824183,38.43810995669727],[21.36445525607223,38.412005983308596],[21.17240432223434,38.34783896060352],[20.77183059176559,38.85093268008594],[20.892598185149378,38.895831666902346],[21.006508860198206,38.87054403872852],[21.104685816374964,38.92177542300586],[21.159516367522425,39.004825197175784],[21.007184061614222,39.112987123445315],[20.901148829070276,39.06173285098438],[20.677752527800745,39.08042486758594],[20.211808237639612,39.404925905183596],[20.1223821969902,39.551009736970705],[20.09082892855758,39.60253103824024],[20.02855971774215,39.81378134341602],[19.803648981658167,40.016963563875],[19.36906722506637,40.26028021426563],[19.380225214568323,40.32358130069141],[19.48371222933883,40.29589041324024],[19.494483027068323,40.4027171954668],[19.339222941008753,40.58873709292774],[19.527255091277308,40.865890108064455],[19.445403132048792,40.96489676089649],[19.529950174895472,41.21844442935352],[19.416991266814417,41.345252595857424],[19.49891570529098,41.52362021060352],[19.619383844939417,41.559302888826174],[19.606965097991175,41.761539064363284],[19.45788672885055,41.79808386416797],[19.367713007537073,41.84637030215625],[19.338465723601526,41.86202200503711],[19.143036875334925,41.93209036441211],[19.135544809905237,41.99954184146289],[18.90989974459762,42.217792116121096],[18.843149619713987,42.24141953915808],[18.528643641081995,42.35274466128711],[18.513588938323206,42.362140260652346],[18.24871161898727,42.52743872256641],[18.001368555632776,42.69445761294727],[17.646380457488245,42.864600740388674],[17.595679316130823,42.888900361970705],[17.54798034152145,42.92011984439258],[17.304074229691235,43.07620747861257],[17.07508758029098,43.22274740786914],[16.99226287325973,43.32271536441211],[16.639813456145472,43.38973578067188],[16.54851058444137,43.461314760164065],[16.36674788912887,43.51302298159961],[16.059407267180628,43.4334789142168],[15.912835154143519,43.65224798770313],[15.494369067245357,43.88844455774298],[15.412318262664026,43.934756837800784],[15.149468454924769,44.23992880435352],[15.274405512419886,44.23661383242969],[15.548222574797816,44.229346834138674],[15.285944017974085,44.32891806216602],[14.989106211272425,44.54002722354297],[14.906961474028773,44.72332342715625],[14.945532831755823,44.92658957095508],[14.815391573516077,45.07786902041797],[14.608417479874914,45.21196927140015],[14.883128867360053,46.145946600309784],[14.883128867360053,48.23172798794991],[15.757694461157344,48.53782594577896],[17.060458347176368,48.086869216003144],[18.914391569588066,47.836337699461026],[18.86428526627964,45.581554050581936],[19.065554967771348,45.53510719639154],[20.16704915229867,45.28091623073139],[20.385843565250656,44.797594038362774],[20.921798221915534,44.65248758959712],[21.19899665774994,44.92968602543153],[22.954586751367856,44.65248758959712],[23.139385708590794,43.91329176070537]]],[[[25.371035425319583,36.49661778527289],[25.49267102409852,36.42324665835019],[25.49267102409852,36.331435169041356],[25.386239875166947,36.319185450416924],[25.317819850853795,36.39877419215787],[25.333024300701165,36.45994089964729],[25.371035425319583,36.49661778527289]]],[[[24.679232957264375,36.75896029963509],[24.466370659401235,36.649251177336765],[24.299121711080193,36.75286945753905],[24.428359534782814,36.79549519508755],[24.588006258180172,36.86851272864293],[24.679232957264375,36.75896029963509]]],[[[24.876890805280148,36.679741640978875],[24.975719729288034,36.637051610171376],[24.945310829593303,36.56991946228899],[24.823675230814363,36.637051610171376],[24.823675230814363,36.661448812220584],[24.876890805280148,36.679741640978875]]],[[[25.165775352380123,36.74068632260297],[25.196184252074858,36.673644514576154],[25.104957552990655,36.637051610171376],[25.059344203448553,36.618748636935905],[25.044139753601186,36.661448812220584],[25.165775352380123,36.74068632260297]]],[[[25.386239875166947,36.637051610171376],[25.264604276388013,36.704125314038706],[25.24179760161696,36.75286945753905],[25.249399826540643,36.75896029963509],[25.295013176082744,36.807669623462985],[25.431853224709048,36.6980301207178],[25.386239875166947,36.637051610171376]]],[[[24.428359534782814,37.20833853996449],[24.534790683714387,37.11746294371295],[24.443563984630185,37.0992747162255],[24.428359534782814,37.20833853996449]]],[[[24.299121711080193,37.66107502189996],[24.397950635088083,37.667092994189616],[24.382746185240713,37.570746906161986],[24.26111058646178,37.540613155635555],[24.299121711080193,37.66107502189996]]],[[[24.359939510469665,37.39580161737422],[24.397950635088083,37.46824245164144],[24.489177334172286,37.39580161737422],[24.359939510469665,37.30515202694268],[24.359939510469665,37.39580161737422]]],[[[25.044139753601186,37.377680456560746],[24.846481905585414,37.36559724964213],[24.86168635543278,37.52855624381453],[24.945310829593303,37.51046722146939],[25.044139753601186,37.377680456560746]]],[[[24.92250415482225,37.69116000393879],[24.656426282493324,37.901413077728705],[24.762857431424894,38.003319956303606],[25.272206501311693,37.56472113091166],[25.46986434932747,37.43806729073237],[25.317819850853795,37.40184103098311],[24.92250415482225,37.69116000393879]]],[[[24.64882405756964,37.014338584785854],[24.717244081882793,37.050751425742014],[24.785664106195945,36.947536378182036],[24.679232957264375,36.90499535372954],[24.64882405756964,37.014338584785854]]],[[[25.11255977791434,36.94146054239683],[24.937708604669616,36.95968659606273],[25.150570902532756,37.17200141281893],[25.310217625930115,37.19622810717101],[25.310217625930115,37.00219709179456],[25.11255977791434,36.94146054239683]]],[[[25.606704397953774,37.12352471549815],[25.59910217303009,37.026478138264174],[25.5458865985643,36.95968659606273],[25.4546598994801,36.9232301280182],[25.363433200395896,37.00826808071462],[25.340626525624845,37.087146804747654],[25.378637650243267,37.11746294371295],[25.53828437364062,37.220447029530426],[25.606704397953774,37.12352471549815]]],[[[24.025441613827585,38.38569989188942],[23.66053481749077,38.40357465937644],[23.599717018101305,38.45717244335585],[23.637728142719723,38.52262680680808],[23.462876969474998,38.62366656002873],[23.120776847909237,38.86676557896794],[22.86990342542768,38.83716368115139],[23.01434569897767,38.961408842619434],[23.242412446688178,39.04411813294447],[23.409661395009216,38.943672845059965],[23.789772641193395,38.71863293758614],[24.13187276275916,38.65335708482884],[24.20789501199599,38.5523591317064],[24.29151948615651,38.19476089687233],[24.588006258180172,38.15292605377605],[24.5271884587907,37.967368965721576],[24.314326160927564,37.98534666287396],[24.192690562148627,38.15292605377605],[24.025441613827585,38.38569989188942]]],[[[25.013600382415003,35.36247976870899],[25.10009101351852,35.34674795718555],[25.37401870211715,35.31790503116016],[25.511635813323206,35.29476507754688],[25.673207316008753,35.349368654207034],[25.713534388152308,35.327010713533205],[25.668467554656214,35.18682058902149],[25.741803202239222,35.13700445742969],[25.788973841277308,35.13700445742969],[25.9354925485527,35.21303518863086],[26.064152750579066,35.23924978824024],[26.09935286959762,35.215648256257815],[26.168826136199183,35.247108064607424],[26.273509058562464,35.312659822419924],[26.23604491671676,35.228763185457034],[26.242667231169886,35.144874177888674],[26.160485300627894,35.02428396792774],[25.898680719939417,35.04525717349414],[25.741736445037073,35.008853517488284],[25.590724024382776,35.01641806216602],[24.693467173186487,34.94047125430469],[24.7156381936943,35.03477057071094],[24.690066370574183,35.09244116397266],[24.324357065764612,35.20778997989063],[24.01319793185348,35.21041449160938],[23.785594019499964,35.26285132022266],[23.56772330721969,35.254981599763674],[23.513134989348597,35.275958620027346],[23.46688559970016,35.31790503116016],[23.529439005461878,35.569625459626955],[23.671465906706995,35.572249971345705],[23.669087442961878,35.611583314851565],[23.665133509246058,35.66665609927539],[23.69665626010055,35.698123537019534],[23.73367789706344,35.62731894107227],[23.742875132170862,35.56175955386524],[23.879452738372034,35.55241736026172],[23.956812891570276,35.52767141909961],[24.039004358855433,35.56175955386524],[24.033263239470667,35.59847220034961],[24.08185676058883,35.611583314851565],[24.15267661532516,35.56438025088672],[24.13581756075973,35.52242621035938],[24.091456446257776,35.51980169864063],[24.073323282805628,35.49620398135547],[24.113204035369105,35.48571737857227],[24.177744898406214,35.46998556704883],[24.219702753630823,35.44900091739063],[24.229603800383753,35.39131888003711],[24.388283762541956,35.37296637149219],[24.768567118254847,35.42802771182422],[24.997481379119105,35.42102011294727],[25.013600382415003,35.36247976870899]]]]}},{"type":"Feature","properties":{"name":"Rome (Diocletianus)","subject":"Rome (Diocletianus)","partOf":"Rome (Diocletianus)","borderPrecision":1,"color":"#8f9a74"},"geometry":{"type":"MultiPolygon","coordinates":[[[[19.3228159280693,30.256539903596682],[19.66391471346969,30.44150122256641],[19.981537851897425,30.721730791047854],[20.11676886996383,30.957103334382815],[20.116768869963657,30.957103334605364],[20.11667922457809,31.071467958406252],[19.992096933928675,31.350774370149416],[19.94158271273727,31.611169420198244],[19.961470636931605,31.795470796541018],[20.068364176360316,32.03713568301563],[20.365721735564417,32.29824026675586],[20.51552489718551,32.38751181216602],[20.765051874724573,32.49603231997852],[21.05449775179977,32.630050264314455],[21.673419031706995,32.815589509919924],[22.215989145842737,32.79128988833789],[22.54312613925094,32.72207220645313],[22.92284682711715,32.55765875430469],[23.00733283480758,32.48158987613086],[23.026656183806605,32.25291021914844],[23.153338465300745,32.138812623933596],[23.2886362405693,32.13273199649219],[23.714034113494105,32.0764232501543],[23.74241927163002,32.0640980489926],[24.03440383395309,31.937314592317385],[24.236922297087855,31.92502363772754],[24.8158579202568,31.90715368838672],[24.95152572116012,31.818492494539065],[24.982237848845667,31.647012315706057],[25.106553110686487,31.51384123416309],[25.258229288665003,31.437919221833987],[25.50715545138473,31.444781862214846],[25.789500269499964,31.48984106631641],[26.143334421721644,31.490577302888674],[26.823994669524378,31.358560167268557],[27.08809569796676,31.306726060823244],[27.438754114714808,31.25182493777637],[27.763331446257776,31.182614885286135],[27.919449839202112,30.99868544192676],[28.099829706755823,30.99905737491016],[28.517182383147425,30.9617992267168],[28.966422113982386,30.784841142610354],[29.2488470407402,30.753661714509768],[29.35938170870895,30.81107100100879],[29.683102640715784,31.053170762971682],[30.099139246550745,31.231925569490237],[30.476056131926722,31.31528814883594],[30.827059778777308,31.436736665681643],[30.995955500212855,31.468850694612307],[31.15138152560348,31.443749986604494],[31.392270121184534,31.44426115603809],[31.71741584262008,31.387752138093752],[31.80812362155074,31.178281389192385],[32.076510462371054,31.013650499299807],[32.30937865695113,31.08401831241016],[32.597243342009726,30.96390112491016],[32.7687330575859,30.95155294986133],[33.02139190158004,31.132072053865237],[33.12956527194137,31.051686845735354],[33.25459960421676,31.026528917268557],[33.55760100802535,30.967715822175784],[33.709609064665976,30.995709978059573],[33.91696837863082,31.070052705720705],[34.14630416354293,31.20857962222461],[34.19527724703902,31.238141618684573],[34.50065902194137,31.621099077180666],[34.599135431853476,31.817897401765627],[34.68133834323043,32.045978151277346],[34.75850203951949,32.30071981997852],[34.84289077242965,32.670699678376955],[34.89496901949996,32.66283377261524],[34.9565878244316,32.704818330720705],[34.95908263644332,32.79665716739063],[34.97200683077926,32.93840750308399],[35.08897307833785,33.069259248689455],[35.13231185397262,33.231517396882815],[35.208388361540976,33.33358725161914],[35.35608962496871,33.639781557039065],[35.34855941256637,33.74446829409961],[35.4298658700859,33.74446829409961],[35.49185088595504,33.83082541079883],[35.52440169772262,33.974769197419924],[35.53208068331832,34.11870535464649],[35.71620849093551,34.31236990542774],[35.82100585421676,34.34377630801563],[35.87306502780074,34.422286592439455],[35.85191634616012,34.49294622989063],[35.75075438937301,34.74680670352344],[35.808852228728476,35.013797365144534],[35.84138015231246,35.04263266177539],[35.7964315744316,35.27071722598438],[35.607340845671835,35.417544923738284],[35.66395858248824,35.45949514956836],[35.68043044528121,35.52767141909961],[35.73317626437301,35.58536108584766],[35.69143203219527,35.68502005191211],[35.73950484713668,35.690265260652346],[35.85594466647262,35.83450277896289],[35.82905105074996,35.884784303621096],[35.718504938689414,36.091556154207034],[35.66494658908004,36.133529268220705],[35.708632502165976,36.21223410220508],[35.81413775284691,36.29849189856277],[35.817240748015585,36.301028810457034],[36.09526351412887,36.48246344180469],[36.10452178439254,36.56117209048633],[36.082430872527304,36.621532045320315],[35.956793818083945,36.74749334903125],[35.890875849333945,36.7711139545],[35.67174056491012,36.605784975007815],[35.56761458834762,36.58741720767383],[35.506171259490195,36.55855520816211],[35.54760268649215,36.54018362613086],[35.49458983859176,36.443099580720705],[35.41708281954879,36.43260534854297],[35.38869765719527,36.45359381289844],[35.35417846163863,36.41423758120899],[35.220526728240195,36.388003908113284],[35.07137206515426,36.487708650544924],[34.86991027316207,36.576922975496096],[34.66238311251754,36.64777334781055],[34.48512938937301,36.626781068757815],[34.10322097262496,36.38032492251758],[33.95171264132613,36.25157888980274],[33.954054865447226,36.15975912661914],[33.89098266085738,36.13877447696094],[33.835875544158164,36.107295595125],[33.83369735201949,36.07057150454883],[33.75317672213668,36.14664038272266],[33.48169997653121,36.05428274722461],[33.17133620699997,35.97088202090625],[32.90411666354293,35.976695619539065],[32.64034179171676,36.007999025300784],[32.33497909030074,36.128367982820315],[31.90200713595504,36.496863923982424],[31.370690378752894,36.712344728425784],[30.905310663787073,36.79421576114063],[30.593590769377894,36.76173361392383],[30.54006675204391,36.64696081729297],[30.49665168246383,36.37298163028125],[30.47283271273727,36.18825491519336],[30.394862207976526,36.118045412019534],[30.279892954436487,36.1178050860918],[30.16613105258102,36.18761786075],[29.661955866423792,36.078345857576174],[29.47193244418258,36.090694032625],[29.298188242522425,36.17311819644336],[29.00225165804977,36.69479712100391],[28.813527140227503,36.53515585513477],[28.469845804778284,36.73830755801563],[28.266922983733362,36.7124095782793],[28.014189753142542,36.527164064363284],[27.911902460662073,36.69894369693164],[27.94185546359176,36.75633963199024],[28.05103972872848,36.8330150470293],[27.998808893767542,36.909366212800784],[27.553477320281214,36.91482504458789],[27.308110270110316,36.92070730777149],[27.26863006075973,37.04168280215625],[27.525639566985316,37.131412111238284],[27.492524180022425,37.23967321963672],[27.36463263949508,37.328631959871096],[27.16040709933395,37.36008032412891],[27.122561487761683,37.49385031314258],[27.141085657683558,37.64686544986133],[27.17978385409469,37.77442892642383],[27.139773401824183,37.88909109683399],[26.961377176848597,37.94610556216602],[26.679331812468714,38.104938112214846],[26.512320551482386,38.066348634675784],[26.393214258757776,38.10436209292774],[26.391598734465784,38.219127260164065],[26.46871093234176,38.44475897403125],[26.5274114938652,38.41824301333789],[26.742451700774378,38.27838858218555],[26.99743178805465,38.40005835147266],[26.819674524871058,38.52725180240039],[26.828822168914026,38.58296164126758],[26.695696863738245,38.640765748933596],[26.709471735564417,38.69857367129688],[26.966380152312464,38.76993139834766],[27.03491309603805,38.82109793277149],[27.00422004183883,38.88482626529102],[26.93680289706344,38.924563966707034],[26.785336527434534,38.94033392520313],[26.789847406951136,39.024425111726565],[26.870751413909144,39.05596884341602],[26.797139200774378,39.12955816836719],[26.707943949309534,39.18212851138477],[26.70405486544723,39.250472627595705],[26.60224250277633,39.25572928042774],[26.720158609954066,39.33724936099414],[26.853512796965784,39.46076925845508],[26.926152262297816,39.476546846345705],[26.957518610564417,39.54832800479297],[26.804265055266566,39.56715353579883],[26.54617789706344,39.51334723086719],[26.138976130095667,39.43973883242969],[26.064057383147425,39.45551260562305],[26.08488753756637,39.604007326082034],[26.141903910247034,39.66058310122852],[26.140706095305628,39.74998053164844],[26.127575907317347,39.878558717683596],[26.18600944003219,39.997195802644534],[26.32033446749801,39.99192389102344],[26.403052363005823,40.176490388826174],[26.48171142062301,40.18703802676563],[26.765282663909144,40.37694128604297],[26.99647429904098,40.371661745027346],[27.056124720183558,40.4296947345293],[27.271754297820276,40.450809083894534],[27.329234156218714,40.35583456607227],[27.449610743132776,40.30979498477344],[27.52599433383102,40.297137819246096],[27.763894114104456,40.28725393863086],[27.830164942351526,40.34528311343555],[27.799843821135706,40.40331991763477],[27.67928794345016,40.46135290713672],[27.807831797209925,40.50357016177539],[27.95380500277633,40.48773916812305],[28.006459269133753,40.450809083894534],[27.90821746310348,40.35055502505664],[28.003991160002894,40.36212881656055],[28.477719339934534,40.39510305972461],[28.756440195647425,40.37645300479297],[28.926756891814417,40.35583456607227],[29.0524244638359,40.33473166079883],[29.122286829558558,40.41387137027149],[29.083527597991175,40.45607718081836],[28.873215708342737,40.471908174470705],[28.777958902922816,40.524676881746096],[28.901621851531214,40.62010534854297],[29.525197062102503,40.68828924746875],[29.713147196379847,40.693561159089846],[29.88271811923141,40.746356569246096],[29.68344596346969,40.75163611026172],[29.417172464934534,40.741073213533205],[29.320355448332972,40.741073213533205],[29.289643320647425,40.806686006501955],[29.01453307589645,40.97867163272266],[29.16120818575973,41.21636541934375],[29.57778075656051,41.153365694001955],[30.137623819915003,41.13183554263477],[30.256087336150355,41.18466528506641],[30.74480536898727,41.04032476992969],[31.217682871428675,41.05409201236133],[31.404126200286097,41.16353949160938],[31.385666880217737,41.2850414142168],[31.66638854464645,41.394813142732424],[31.87128737887496,41.49144323916797],[32.41898253878707,41.74916800113086],[32.6879110666191,41.84597357364063],[33.155463251677695,41.94960745425586],[33.555541071501914,41.982501588777346],[33.89665511569137,41.95108374209766],[34.303900751677695,41.89411886783008],[34.662909540740195,41.87558325381641],[35.00186828097457,42.043162904695315],[35.098830256072226,41.80586203189258],[35.28607467135543,41.67147787661914],[35.411437067595664,41.626815401033205],[35.677855524626914,41.62093313784961],[35.95779326876754,41.685645662263674],[36.16136840304488,41.35250052066211],[36.38289550265426,41.23751791568164],[36.64124587496871,41.31498297305469],[36.81701186617965,41.289683900789065],[37.25282576998824,41.027721010164065],[37.82184127291793,41.00963171573047],[38.313963923064414,40.920901857332034],[38.651183161345664,40.92156942935352],[39.138644251433554,41.0443187579668],[39.370177301970664,41.06399878116016],[39.663004908171835,41.0004955157793],[40.006712946501914,40.95632895083789],[40.36101439913863,40.963443361238284],[40.60989287814254,41.028026185945315],[41.27776209668922,41.28002979163246],[41.29311660250777,41.28582342715625],[41.483962092009726,41.436542116121096],[41.52111342867965,41.46583517642383],[41.66611388644332,41.72915228457813],[41.68046859225387,41.793338380769534],[41.58518608377482,40.55282293348646],[40.39291128587542,39.718230574956884],[39.498705187450874,39.718230574956884],[38.4256578693414,39.479775615377],[38.4256578693414,39.30093439569209],[38.783340308711225,39.122093176007176],[38.842954048606195,38.943251956322264],[38.48071378663624,38.85383333101702],[38.48071378663624,38.65545587379449],[39.27422361552639,38.2190254679049],[38.87746870108132,37.7032440791263],[37.88558141496862,37.42551563901474],[37.88558141496862,37.227138181792206],[38.24266083796919,36.63200581012459],[38.12363436363567,36.155899912790495],[38.24266083796919,35.99719794701247],[39.71065402141598,35.798820489789925],[39.966004036597845,35.77056297929296],[38.37574401131226,33.531644259482995],[38.02206833109677,33.033706130758546],[36.4695820290377,29.565265499094757],[36.003849686108246,29.28582609333708],[35.64394040112986,29.257061957678538],[35.07210448702926,29.211360536531252],[35.095473322478476,29.342677675203127],[35.073397669402304,29.418868623689455],[34.984679255095664,29.467219911531252],[34.954257044402304,29.43680914492969],[34.93554213961715,29.418094240144534],[34.76433471163863,29.246686540559573],[34.548949274626914,28.731626115754885],[34.39884093722457,28.095985017732424],[34.32201293429488,27.828979097322268],[34.24119857272262,27.758920274690432],[34.05800536593551,27.790313325837893],[33.85604384860152,28.024955354646487],[33.50405791720504,28.32918318362598],[33.33074096163863,28.551192842439455],[33.178473505583945,28.995608888582034],[32.9437818857109,29.198421083406252],[32.813605341521445,29.477700792268557],[32.737277063933554,29.693547807649416],[32.64795974215621,29.85220106692676],[32.43838027438277,29.7755199298418],[32.31849196871871,29.54019697757129],[32.590575251189414,28.93719633670215],[32.64934447726363,28.76578100772266],[32.93467620333785,28.37882574649219],[33.35421660861129,27.9095474109209],[33.5669393869316,27.369950853303713],[33.80406478366012,26.93206938357715],[33.92880919894332,26.56382330508594],[34.104220423308554,26.354524217561526],[34.51484206637496,25.573916994050784],[34.99740127047652,24.71719893069629],[35.189864191483686,24.399919115245694],[35.1898641916191,24.399919115022463],[33.657230668213316,24.017988632918694],[33.690083292409675,23.54952842887194],[33.345321283718846,23.354044941061307],[33.3453212837093,23.354044941055896],[32.60525827172126,22.815817295973687],[31.999752171003777,22.68126038470313],[31.057853792109913,22.68126038470313],[28.40615598944454,27.74338300369825],[26.742965374438096,28.574978311201477],[22.307790401087573,29.960970490373516],[21.29139613636141,29.960970490373516],[19.48218893697831,29.44405414769263],[19.234845412701418,30.23098585418479],[19.31879586713139,30.255372139199526],[19.3228159280693,30.256539903596682]]],[[[33.07747939547652,35.3186107501543],[33.37370971163863,35.30648001284961],[33.539042505828085,35.33169516177539],[33.90731719454879,35.436847291902346],[34.21733764132613,35.573566041902346],[34.45821288546676,35.64456137271289],[34.24465468844527,35.511844240144534],[34.04842666110152,35.40793188662891],[33.780497583953085,35.2081371173418],[33.77266601046676,35.129283510164065],[33.92467406710738,34.95322760196094],[33.79195693453902,34.95737036319141],[33.732577356902304,34.90862234683399],[33.68582061251754,34.93486746402149],[33.538512262908164,34.944156251863284],[33.48393538912887,34.79579123111133],[33.1313925119316,34.680335603669924],[32.958617243376914,34.659339509919924],[32.91454604586715,34.635726533845705],[32.91451552828902,34.54125937075977],[32.816657099333945,34.538638673738284],[32.78413680514449,34.625228486970705],[32.603392634001914,34.61473425479297],[32.35718062838668,34.680335603669924],[32.271090540496054,34.71969565005664],[32.27097991427535,34.81415518374805],[32.198500666228476,34.86138876529102],[32.1437216134941,35.042544923738284],[32.1804762216484,35.05831488223438],[32.23445800265426,35.01363333316211],[32.30098632296676,35.01626165957813],[32.48311522921676,35.15294226260547],[32.596983942595664,35.15557440371875],[32.74495223483199,35.11427267642383],[32.77952483615035,35.15294226260547],[32.819071802703085,35.2817455157793],[32.795111689177695,35.36061056704883],[33.07747939547652,35.3186107501543]]]]}},{"type":"Feature","properties":{"name":"Yueban","subject":"Yueban","partOf":"Yueban","borderPrecision":1,"color":"#739b91"},"geometry":{"type":"MultiPolygon","coordinates":[[[[73.92950484102087,45.36745068653795],[73.43506673124497,44.505920074089424],[71.41928059138927,44.61431829612317],[71.49534799289326,46.687721348214765],[73.66326893575693,47.772402203209076],[75.2987180680927,47.41330815648718],[75.33675176884468,46.84403538956531],[74.11967334478086,46.2160567100311],[73.92950484102087,45.36745068653795]]]]}},{"type":"Feature","properties":{"name":"Paleo-Siberian hunter-gatherers","subject":"Paleo-Siberian hunter-gatherers","partOf":"Paleo-Siberian hunter-gatherers","borderPrecision":1,"color":"#b69578"},"geometry":{"type":"MultiPolygon","coordinates":[[[[75.85638492783956,61.42677903286463],[98.45947004862771,69.79094730127832],[105.40307092131953,72.748726095192],[105.60022262047077,72.74426611538591],[106.08698562095906,72.8553958761281],[106.50154403160359,73.06131323452654],[107.24994185875202,73.13382300015154],[107.80428603599812,73.1427722799367],[108.74962905357624,73.26322516079607],[109.59518722008015,73.39159735317888],[109.99058822105671,73.43995245571794],[110.44228652427937,73.56786688442888],[110.40001967857624,73.74287756558122],[110.17844680259968,73.79822119351091],[110.16323378990437,73.83008917446794],[110.28963759849812,73.9420657980031],[110.55127242515827,74.03844793911638],[110.94413283775593,73.94327124233904],[111.21531203697468,73.76829870815935],[111.49485305259968,73.74487646694841],[111.76165297935749,73.65779455776872],[112.09338668297077,73.63455542202654],[112.47680190513874,73.65914496060076],[112.99697402427937,73.779567323882],[113.22158339927937,73.74810370083513],[113.30773452232624,73.61295660610857],[113.31173995445515,73.38266333218279],[113.54699233482624,73.20093115444841],[114.1866789192989,73.55099829312029],[114.9341154427364,73.56032141323747],[115.61149123619343,73.62520178433122],[116.67113784263874,73.61922796841326],[117.53464797447468,73.54927404995622],[117.91884902427937,73.53409155483904],[118.46038344810749,73.51922949429216],[118.33846572349812,73.18611487026872],[118.49779799888874,73.03624304409685],[119.41744521568562,72.96692999478044],[119.79856399009968,72.91246374722185],[120.11277297447468,72.88152655239763],[120.57851699302937,72.83511694546404],[121.69950393150593,72.9002185689992],[122.24328139732624,72.90912207241716],[122.88243392418171,72.75281103726091],[123.51475051353718,73.17200811978044],[123.44220260093952,73.33018835659685],[123.42497542808796,73.43322332974138],[123.40985396812702,73.48077734585466],[123.5007008987776,73.50494943844788],[124.54383390453704,71.58610355723228],[130.86731605142418,69.90104204211539],[155.89216029229675,68.16901029658281],[168.13549806605704,67.45778023799447],[171.76813674618367,65.85917681241212],[172.4408476128738,63.07842210456581],[169.48091979943723,61.192640399715565],[170.34409823134902,60.27960975244485],[170.3368025154903,60.27710302944841],[170.26842788170123,60.14513739224138],[170.27305129478717,60.01343115444841],[170.06013015220904,59.881801210600756],[169.87749770591998,59.8745609151906],[169.61364272545123,60.01220282192888],[169.53161147545123,60.12989386196794],[169.45571425865435,60.29626806851091],[169.15412429283404,60.43464239712419],[168.67075637291217,60.45457800503435],[168.2109022469356,60.432860933501146],[167.68961623619342,60.35544928188982],[167.10398391197467,60.27102621670427],[166.8684187264278,60.17341574307146],[166.2685194344356,59.833278261382006],[166.02721694420123,59.70872076626482],[165.94497207115435,59.77061041470232],[166.20342544029498,60.35263785000505],[165.95633986900592,60.31051596279802],[165.7799940438106,60.35411413784685],[165.41538527916217,60.11518820400896],[165.11359694908404,60.03144034023943],[164.93296340416217,59.96187552090349],[164.88157180259967,59.73413809414568],[164.5846052498653,59.66465338345232],[164.4419050545528,59.74018820400896],[164.32805922935748,59.96072729702654],[164.11052993248248,60.07820852871599],[163.64969924400592,59.79202231045427],[163.76682570884967,59.88375815029802],[163.51627639244342,59.85569342251482],[163.3886823983028,59.81406363125505],[163.10639480064654,59.57917364712419],[163.04290297935748,59.462001405913256],[163.09977248619342,59.35886725063982],[163.25451186607623,59.29037436123552],[162.8352156014278,59.055907808501146],[162.75344375084185,58.96646460171404],[162.90740493248248,58.891280733305834],[162.61590102623248,58.732963167387865],[162.22001174400592,58.48553045864763],[161.93841079185748,58.25918539639177],[161.80436232994342,58.1017223226613],[161.7999372811153,57.86273535366716],[161.9892225594356,57.71985205288591],[162.20365432213092,57.67936285610857],[162.82566359947467,57.700980745512865],[163.0783796639278,57.62649878140154],[163.12783339927935,57.55162390347185],[162.93203261802935,57.37424048062029],[162.5932722420528,57.169540010649584],[162.51240066002154,57.033492647368334],[162.61281875084185,56.802882753569506],[162.74430373619342,56.59970816250505],[163.09797194908404,56.55972632046404],[163.17226699302935,56.383815370757006],[163.16599563072467,56.106498323637865],[163.00907424400592,55.94406851406755],[162.77128127525592,55.91659506436052],[162.55463698814654,56.01072271938982],[162.54719069908404,56.10531576748552],[162.72187331627154,56.34234961147966],[162.5218153328731,56.34873541470232],[162.31757644127154,56.24010046597185],[161.86132338951373,55.86087378140154],[161.60943129966998,55.55691488857927],[161.50274184654498,55.287372194487475],[161.64737990806842,54.985091768462084],[161.93853286216998,54.84510000820818],[162.00820449302935,54.73822363491716],[161.8758650154903,54.56412848110857],[161.5666151375606,54.42324026699724],[161.1363630623653,54.40906866665544],[160.83759597252154,54.448566042143725],[160.68291762779498,54.4482799398488],[160.4043073983028,54.36758764858904],[160.02738479088092,54.15326651211443],[159.93114760826373,54.086356722075365],[159.69506362388873,53.85922583218279],[159.63321975181842,53.70584448452654],[159.68349746177935,53.579433046538256],[159.90476516197467,53.40018042202654],[159.9220838875606,53.300468050200365],[159.8968611092403,53.24057730313005],[159.5917616219356,53.133624635893725],[159.31981948326373,53.12647207852068],[158.78814223716998,52.95936545010271],[158.46136001060748,52.82596167202654],[158.43166640709185,52.71308477993669],[158.4623670906856,52.58713873501482],[158.38950637291217,52.2026859151906],[158.2580213875606,52.01712378140154],[157.89777663658404,51.66602285977068],[157.20952895591998,51.229003511626146],[156.82464126060748,51.00411947842302],[156.6963758797481,50.957748018462084],[156.5637312264278,51.234359346587084],[156.4746961922481,51.603820406157396],[156.36185744713092,51.914237581450365],[156.33323195884967,52.27155645962419],[156.17524245689654,52.60925634976091],[156.0380964608028,52.78148993130388],[155.94184401939654,53.193080507475756],[155.71079543541217,53.80493887539568],[155.70746901939654,54.06495245571794],[155.6380720467403,54.3184085714406],[155.63018325279498,54.465350710112475],[155.58306411216998,54.55207403774919],[155.46520522545123,54.91977270718279],[155.45347121666217,55.27581366177263],[155.50568679283404,55.63962133999529],[155.6275739998653,56.26791723843279],[155.70299819420123,56.36959799404802],[156.23583510826373,56.756827913481615],[156.5578718514278,56.94747122402849],[156.81467727134967,57.26057013149919],[156.8776502938106,57.36274298306169],[156.8394880623653,57.50565680142107],[156.77685073326373,57.58045538540544],[157.51116469810748,57.74545248623552],[157.96169570396685,57.88275869961443],[158.3262586922481,58.026820741850756],[159.10428908775592,58.424884401518725],[159.39269545982623,58.610351167876146],[159.58628371666217,58.80267675991716],[159.64911941002154,58.95374640103044],[160.45193007896685,59.35388907070818],[160.8442488045528,59.554244600493334],[161.5352430672481,59.9416881429738],[161.70084670494342,60.07350882168474],[161.81792739341998,60.2679935323781],[162.38112929771685,60.46357306118669],[163.32929519127154,60.69494970913591],[163.44480422447467,60.89026602383318],[163.79265883873248,61.128192506987475],[163.83137038658404,61.23308905239763],[163.57572463463092,61.330470644194506],[163.94228652427935,61.73741491909685],[163.92588332603717,61.955001436430834],[164.00829604576373,62.1308971273488],[164.27720168541217,62.22288092251482],[165.05478957603717,62.25954397793474],[165.28571608970904,62.2881351339406],[165.06716445396685,62.435687624174975],[164.13767531822467,62.532653413969896],[163.81841567466998,62.489738069731615],[163.34025100181842,62.411300264555834],[162.9902448983028,62.32608374233904],[163.00915053795123,62.17827948208513],[162.71056655357623,61.76318701382341],[162.7668562264278,61.67209967251482],[162.74877456138873,61.60898550625505],[162.45061782310748,61.559379183012865],[162.2352400154903,61.5099254476613],[161.5357771248653,61.1868167745656],[160.6449842781856,60.71775396938982],[160.11884597252154,60.563624941069506],[160.00710586021685,60.59125097866716],[160.0769911141231,60.7375865804738],[160.23559096763873,60.94700964565935],[159.8155165047481,60.98108252163591],[159.74351027916217,61.099635683257006],[159.85686782310748,61.30249746914568],[160.0562391609981,61.51285132046404],[160.14934829185748,61.66016729946794],[160.1182508797481,61.75127752896013],[159.96580031822467,61.765040956694506],[159.45463088463092,61.56075247402849],[159.23105910728717,61.546310030180834],[159.10642531822467,61.70729025479021],[158.84125808189654,61.78396948452654],[158.11835769127154,61.719474397856615],[157.52826980064654,61.66927298184099],[157.0979872078731,61.63339956875505],[156.82523635338092,61.56281241055193],[156.42315200279498,61.40100439663591],[156.38117507408404,61.20508154507341],[156.41843703697467,61.121329866606615],[155.85076430748248,60.88296850796404],[155.66668227623248,60.778041444975756],[155.7338972420528,60.55536612148943],[155.15180495689654,60.39435156460466],[154.6933241219356,60.199019991118334],[154.31565383384967,59.98334845181169],[154.09215835045123,59.775878511626146],[153.94297316978717,59.56882818813982],[153.9444685311153,59.39667852993669],[154.18178847740435,59.30077704067888],[154.75280288170123,59.28121908779802],[154.87804702232623,59.15770300503435],[154.9058943123653,59.102767549712084],[154.38708022545123,59.03995092983904],[153.92443374107623,58.922347627837084],[153.45414260338092,58.94891699429216],[153.13988784263873,59.010123811919115],[152.96824172447467,58.99606665249529],[152.8283338875606,58.947738252837084],[152.50420669029498,58.76871832485857],[152.1912489266231,58.9259410726613],[151.69065383384967,58.75345953579607],[151.35448745201373,58.691119753081225],[151.13540175865435,58.73182638760271],[151.00748732994342,58.79334219570818],[151.05617812584185,58.923812471587084],[151.39268020103717,58.97937353726091],[151.78330520103717,59.03504904385271],[151.8572645516231,59.055812441069506],[151.52360061119342,59.34394415493669],[151.14020827720904,59.43957098599138],[150.6634168953731,59.4318004476613],[150.2786512703731,59.36224707241716],[150.12006667564654,59.3894534933156],[149.7295790047481,59.595328890044115],[149.38030532310748,59.60845526333513],[149.04528335045123,59.58715399380388],[148.72844985435748,59.476337038237475],[148.7472029061153,59.29743155117693],[148.63029006431842,59.19402655239763],[148.41608718345904,59.09739264126482],[148.10282424400592,59.20679815884294],[147.91918471763873,59.261474214751146],[147.35222915123248,59.23288687344255],[146.99962905357623,59.19095953579607],[146.70640090416217,59.22479590054216],[146.30735305259967,59.28595312710466],[146.0539656014278,59.25107153530779],[146.02347854088092,59.19599493618669],[145.95696547935748,58.98285635586443],[145.65258315513873,58.97540625210466],[145.51279738853717,59.03694876309099],[145.49566176841998,59.20875128384294],[145.4041395516231,59.32550390835466],[144.84569838951373,59.283195100981615],[144.38981154869342,59.309859834868334],[143.82409194420123,59.29501303311052],[143.30285170982623,59.2665286886281],[142.92681411216998,59.27957113857927],[142.84585097740435,59.27252539272966],[142.35776809166217,59.140956484038256],[141.9238386483028,58.94089468594255],[141.5908308358028,58.727531038481615],[141.34955886314654,58.50086554165544],[140.99425795982623,58.39063223477068],[140.58739760826373,58.239310823637865],[140.4998426766231,58.17075689907732],[140.02874282310748,57.64412649746599],[139.2938337654903,57.33617743130388],[138.86675551841998,57.12446554775896],[138.34592727134967,56.80420645352068],[137.6019392342403,56.240348421294115],[137.2290907234981,55.98272284146013],[136.52126601646685,55.5898929464406],[136.1193952889278,55.420646272856615],[135.2695417733028,55.02874334927263],[134.98522475670123,54.853934847075365],[134.89373305748248,54.71992453213396],[134.90200332115435,54.55941732998552],[135.09450820396685,54.432784639555834],[135.31255629966998,54.413165651518725],[135.72582534263873,54.4072643148488],[136.1964216561153,54.47499807949724],[136.49160293052935,54.4554935323781],[136.34353164146685,53.88782843228044],[136.35065749595904,53.70121344204607],[136.48705581138873,53.65484198208513],[136.77021316002154,53.695357881743334],[137.0406599373653,53.862479768950365],[137.38286879966998,53.809806429106615],[137.32575515220904,53.74305685635271],[137.12172988365435,53.58943899746599],[137.07131484459185,53.48947104092302],[137.23923781822467,53.45651587124529],[137.97939589927935,53.464583955962084],[138.23403457115435,53.571586214262865],[138.40946486900592,53.80512198086443],[138.41680434654498,54.091910921294115],[138.76041701744342,54.08589132900896],[139.05166152427935,54.08645971890154],[139.37804702232623,54.08039435024919],[139.8059187264278,53.961146913725756],[140.10245803306842,53.80170401211443],[140.3212995858028,53.53564795132341],[140.70232680748248,53.27686270352068],[140.89365676353717,53.197433077055834],[141.12119582603717,53.05163153286638],[141.08967116783404,52.98512228604021],[140.82819655845904,52.825248323637865],[141.03197768638873,52.726073824126146],[141.0472980268994,52.68965608140495],[134.8699457082304,52.00920268938546],[127.33558400130104,49.977254198409234],[119.93576446770969,51.257643821866914],[116.70675230759709,54.659373183217475],[114.0159088408366,59.54672904426065],[107.9615110406255,59.8183896994711],[99.48535412032993,55.65854236961009],[99.53745541241915,55.2811223478262],[93.70004066679506,56.48455609390737],[78.36223290626025,56.41019430623805],[65.31164209247186,55.04663307077481],[59.189973205591734,56.41019430623805],[59.09429166962169,56.4318399506882],[62.80579411405116,56.95520024672745],[75.85638492783956,61.42677903286463]]]]}},{"type":"Feature","properties":{"name":"Saami","subject":"Saami","partOf":"Saami","borderPrecision":1,"color":"#a88992"},"geometry":{"type":"MultiPolygon","coordinates":[[[[25.195617809103457,65.26795101619156],[25.25150779197956,65.41688879604997],[25.103611978991278,65.54012640591326],[24.591139826281317,65.58278235073747],[24.214800867541083,65.78590735073747],[23.947732004626044,65.7966800558156],[23.844082865221747,65.79847296353044],[23.405688318712958,65.72483404751482],[23.204020533068427,65.68075140591326],[22.798161539538153,65.85482367153826],[22.645554575426825,65.93478735562029],[22.48980239341999,65.88341864224138],[22.201569590075263,65.71528967495622],[21.95748237083698,65.44573553677263],[21.818726572497138,65.38013800259294],[21.52232840965534,65.37231024380388],[21.27734664390827,65.21227606411638],[21.423712763293036,65.10388525601091],[21.48944953392292,65.0171619283742],[21.329442057116278,64.89435156460466],[20.92119315574909,64.71382483120622],[21.064322504503973,64.59199865933122],[21.237046274645575,64.52054175015154],[21.385829004748114,64.38455542202654],[21.048895868761786,64.2191654073781],[20.873273399290944,64.03282247139006],[20.866480860216864,64.02561529751482],[20.70065978477741,63.81812628384294],[19.9848852486446,63.51726873989763],[19.670275721056708,63.388541780669115],[19.465012583239325,63.480704866606615],[19.318224939806708,63.44482763882341],[19.075926813586005,63.202498995024584],[18.784991297228583,63.13801153774919],[18.486624750597723,62.98124273892107],[18.388949427111395,62.85337408657732],[18.30319121788288,62.78942450161638],[17.967440638048895,62.774623476225756],[17.868168863756903,62.788619600493334],[17.93625548790241,62.54800375576677],[17.831948146514197,62.4565467286232],[16.57373980077234,62.52498200836979],[15.43013132739913,61.86605293654498],[11.528408300596416,61.89775715387968],[10.155425240070853,64.09932165034176],[10.739846262438544,64.38617285366716],[10.890596422655829,64.47251471157732],[10.996618303759345,64.49424322720232],[11.213500055773505,64.41573675747576],[11.364055666430243,64.41601904507341],[11.507721933825263,64.51671942349138],[11.406536135180243,64.61703833218279],[11.469941172106513,64.67464026089372],[11.689727816088446,64.77565344448747],[11.895566973192938,64.91273077603044],[12.112141642077216,65.12991675015154],[12.222211870653876,65.1011463033742],[12.526453051073798,65.10895117397966],[12.496170076830634,65.3844714986867],[12.28408721397663,65.4348865377492],[12.479218515856513,65.61703070278826],[12.709057840807684,65.90887793179216],[13.087389025194891,65.88041266079607],[13.108799013598212,66.0337406026906],[13.151907000048407,66.13612707729997],[13.58100989769245,66.18811377163591],[13.402801546557196,66.34881933804216],[13.255395922167548,66.39254339810076],[13.168647798998602,66.45833929653826],[13.242076906664618,66.5685306417531],[13.383193048937567,66.67895086880388],[13.592026743395575,66.65732153530779],[13.991646799547919,66.68745764370622],[13.747189554674872,66.92240484829607],[13.859066996081122,66.95944555874529],[14.054739031298407,66.9745593893117],[14.373078379137763,67.09309729214372],[14.639268908007391,67.12311133022966],[14.777660402758368,67.21653326626482],[14.616473230822333,67.2452655660695],[14.569208178026923,67.32934149380388],[14.69914725731159,67.37438543911638],[14.976157221300848,67.52293738003435],[15.226662668688544,67.50855597134294],[15.38450339744831,67.46444281216326],[15.579943689806708,67.58331640835466],[15.745667490465888,67.59729345913591],[15.761817965014227,67.67628821011247],[15.572235140307196,67.82069738979997],[15.854214701159247,67.92523535366716],[15.91974166343952,68.04896887417497],[16.071057352526434,68.04467352505388],[16.232728037340888,67.91109045620622],[16.411614450915106,67.87424811001482],[16.648547205431708,68.04574926968279],[16.521903070910223,68.34090002651872],[16.71914008568073,68.31135901089372],[17.03327468345905,68.33763464565935],[17.12642005394245,68.41608008022966],[16.854756388170966,68.55778082485857],[17.039734873278388,68.65852697964372],[17.406914743883856,68.77154120083513],[17.448914560778388,68.88699682827654],[17.565863642199286,68.97436865444841],[17.894713434679755,69.03507574673357],[17.928147348864325,69.0050769674367],[18.051545176012763,69.027858339507],[18.09735396812702,69.05800207729997],[18.31905272911335,69.35937842007341],[18.553240808947333,69.2468753683156],[18.98484519432331,69.31544073696794],[19.17015555809284,69.25552710171404],[19.289172205431708,69.21058996792497],[19.57997992943073,69.1810565816945],[19.821213755114325,69.36973150845232],[20.157650980456122,69.747829042632],[20.286376032336005,69.78590735073747],[20.358317408068427,69.71038397427263],[20.278164896471747,69.58179052944841],[20.196503672106513,69.31769140835466],[20.552685770495184,69.52190741177263],[20.733939203722723,69.77918585415544],[21.102726969225653,69.81769140835466],[21.41196349571491,70.01541479702654],[21.608561548693427,69.96254309292497],[21.908072504503973,69.80404242153826],[22.163310083849677,70.09311255093279],[22.306448969347723,70.21561773892107],[22.74557403038288,70.1706043111867],[23.203606638415106,69.9427753316945],[23.292468103869208,70.01129492397966],[23.508408579333075,70.27907141323747],[23.827288660509833,70.47883947964372],[23.954854044420966,70.50205572720232],[24.207715067370184,70.47186621304216],[24.35961440513874,70.61029394741716],[24.570508036120184,70.7413822042531],[24.849038156969794,70.82660254116716],[25.389031443102606,70.90462835903826],[25.83205512474323,70.89776190396013],[25.230692896349677,70.55818518276872],[25.122424158556708,70.43524511929216],[25.074080500109442,70.14438208218279],[25.26302436302448,70.10654791470232],[25.574040445788153,70.3671375143117],[26.2627172798946,70.79074438687029],[26.60651687095905,70.9146228658742],[26.619105371935614,70.79908331509294],[26.617423090441473,70.39204748745622],[26.93435004661823,70.4692874776906],[27.131081614001044,70.5770755636281],[27.516011270983466,70.97030981655779],[27.947543177111395,71.01741369839372],[28.211159739001044,71.01790960903826],[28.30841353843952,70.94864996548357],[28.136439356310614,70.83272894497576],[27.985291513903388,70.71700628872576],[28.01892951439167,70.60945471401872],[27.875399622423895,70.42505987759294],[28.289725336535223,70.37221106167497],[28.388907465441473,70.57175024624529],[28.794812235338934,70.864772402007],[28.98433783958698,70.85741003628435],[29.741230997545966,70.60498388882341],[30.04143813560749,70.5441394674367],[30.461960825426825,70.53725012417497],[30.754202875597723,70.43041571255388],[30.798840555651434,70.30796393032732],[30.251879724962958,70.13114508267107],[29.734896692736395,70.1148944723195],[28.730080637438544,70.13592871304216],[28.81709388206745,70.09791906948747],[29.08001998375202,69.9612308370656],[29.55593207786823,69.8334003316945],[29.728575739367255,69.69756659146013],[30.055806192858466,69.72085913296404],[30.361294779284247,69.76681097622576],[30.735358271105536,69.75236090298357],[31.05378249595905,69.63959082241716],[31.33127501915241,69.66276129360857],[31.782200846178778,69.77701910610857],[32.07155898521687,69.8834949361867],[32.07601073692585,69.8153568136281],[32.190562281115305,69.64171179409685],[32.35172561119343,69.51367529507341],[32.59630874107624,69.42361792202654],[33.00963118980671,69.38669165249529],[33.28056624840046,69.34201391812029],[33.31560042808796,69.07128485317888],[33.628375086291086,69.21468695278826],[33.81804564903523,69.19247778530779],[34.30514815758015,69.1708255636281],[34.698889765246165,69.16405066128435],[34.93413833091999,69.149440370757],[35.43655303428913,69.15035589810076],[36.01827910850788,69.023707948882],[37.24586394737507,68.79349859829607],[37.68857863853718,68.62961157437029],[38.406443628771555,68.24269446011247],[38.66845229576374,68.14634283657732],[39.33470824669148,68.0359378683156],[39.91807082603718,67.9403797018117],[40.826052698595774,67.66004522915544],[40.973391565783274,67.5343738424367],[40.9508276314571,67.33465918179216],[41.01687148521687,67.20186194058122],[41.20882705162312,67.06946142788591],[41.25529769371296,66.93697699185076],[41.14697173546101,66.78226812954607],[40.83637908409382,66.56139715786638],[40.34514907310749,66.31864508267107],[39.977522882921946,66.20091589565935],[39.19002822349812,66.03870733853044],[38.78211120079304,66.00145300503435],[38.047869715197336,66.0073734151906],[37.42243102501179,66.0938220846242],[36.505225214464915,66.17248877163591],[35.771746668322336,66.25886877651872],[35.16772368858601,66.41150244351091],[34.15295318077351,66.62963446255388],[33.6512785286739,66.6801029073781],[33.43749144981648,66.70173987026872],[33.157725367052805,66.9144779073781],[32.990950617296946,66.987819277007],[32.64433959434773,67.04610022183122],[32.21943572471882,66.99374731655779],[32.3578214974239,66.92032965298357],[32.424727472765696,66.89102514858904],[32.75353911827351,66.64904364224138],[32.970862421496165,66.58338507290544],[33.469668421252024,66.31309851284685],[33.844214472277415,66.18213995571794],[34.258494410021555,66.10982855435076],[34.54369643638874,66.00083502407732],[34.726172480089915,65.79697760220232],[34.72611897050977,65.78029310527337],[25.195617809103457,65.26795101619156]]]]}},{"type":"Feature","properties":{"name":"Finno-Ugric taiga hunter-gatherers","subject":"Finno-Ugric taiga hunter-gatherers","partOf":"Finno-Ugric taiga hunter-gatherers","borderPrecision":1,"color":"#a88992"},"geometry":{"type":"MultiPolygon","coordinates":[[[[25.195617809103457,65.26795101619156],[34.72611897050977,65.78029310527337],[34.725588831408274,65.61499365444841],[34.60118773887898,65.48392828579607],[34.293414148791086,65.39624365444841],[34.332015070421946,65.3455081808156],[34.425662073595774,65.10652502651872],[34.772864374621165,64.68222387905779],[34.814768824084055,64.45981939907732],[34.88461211632038,64.3667713033742],[35.081763300402415,64.28833349819841],[35.62327102134968,64.2535663473195],[36.01547149132038,64.19702490444841],[36.23997024009968,63.91862066860857],[36.42062285850788,63.87610205288591],[36.98754027794148,63.841483675200365],[37.24650863121296,63.784877382475756],[37.410540613634836,63.749496065337084],[37.59146026085163,63.806937776762865],[37.94491866539265,63.850394808012865],[38.054080042345774,63.98631628628435],[38.05385878990437,64.12927588101091],[37.87985518883015,64.30789526577654],[37.668128046496165,64.3433109151906],[37.46328643272663,64.29996069546404],[37.26195052574421,64.3138919698781],[36.996741327746165,64.40655859585466],[36.56850722740437,64.7645755636281],[36.88390639732624,65.0676990377492],[37.10194304893757,65.06812628384294],[37.60409453819538,64.85277136440935],[38.25292113731648,64.70306738491716],[39.19344237755085,64.5110355245656],[39.62159636925007,64.47596319790544],[39.99705031822468,64.54121740933122],[40.32217315147663,64.46293219204607],[40.43979171226765,64.56356390591326],[40.46206191490437,64.75027807827654],[40.365950617296946,64.85792883511247],[39.979388269884836,65.15314062710466],[39.823103937609446,65.43561133022966],[39.9513273567989,65.58116491909685],[40.036868128283274,65.60313757534685],[40.681407007677805,65.79355963345232],[41.35424712608601,65.95517309780779],[41.62328246544148,66.06516607876482],[42.1334448189571,66.3878894674367],[42.21078780601765,66.41000708218279],[42.41852477501179,66.38109930630388],[43.241431269152415,66.25089605923357],[43.87621978233601,66.01096686001482],[44.02943328331257,66.01124914761247],[44.052840265734446,66.04050024624529],[44.12211135338093,66.2671619283742],[44.383608850939524,66.61201819058122],[44.36195281456257,66.90596350308122],[44.21916488121296,67.08982428188982],[43.83810714195515,67.16285284634294],[43.703597101671946,67.26593359585466],[44.21583465050007,67.71826513882341],[44.26107314537312,67.8296390401906],[44.16874984215046,68.09702643032732],[43.8221655220821,68.3273197042531],[43.85324386070515,68.46920355435076],[44.012026819689524,68.49190863247576],[44.66781142662312,68.38859137173357],[45.57964232872273,68.44253882046404],[45.8634367317989,68.3833499776906],[46.16195205162312,68.10819586392107],[46.439368280871165,67.90793951626482],[46.6340666146114,67.7005115377492],[46.16411498497273,67.67742498989763],[45.46258071373249,67.6390643941945],[45.092505487902415,67.54207953091326],[44.87120727012898,67.31241949673357],[44.95714095543171,67.23135717983904],[45.38563445518757,67.09937628384294],[45.715350183947336,66.84962805386247],[46.07677749107624,66.76208075161638],[46.40205291221882,66.71860083218279],[46.972640070421946,66.77846106167497],[47.5711889595821,66.8163104879445],[47.706187281115305,66.89010962124529],[47.822127375109446,67.11129339810076],[47.952918085558665,67.37729223843279],[48.08066085289265,67.56245764370622],[48.63532165001179,67.65238531704607],[49.18562987755085,67.83882483120622],[49.63012221763874,67.93619116421404],[50.49589827965046,68.1534686910695],[51.13895705650593,68.26639898892107],[51.83080962608601,68.40938147183122],[52.244875940783274,68.54455908413591],[52.33738234947468,68.33572729702654],[52.4626684517696,68.29867132778826],[52.719729456408274,68.35138281460466],[52.93876937340046,68.47117956753435],[53.00575164268757,68.6805683004445],[53.17943480919148,68.75574835415544],[53.50243285606648,68.81625708218279],[53.889117273791086,68.78699835415544],[53.808394464953196,68.60726507778826],[53.78207686851765,68.33842047329607],[53.3959074349239,68.30042608853044],[53.3161840767696,68.2332034933156],[53.316844019396555,68.13638647671404],[53.62573913048054,68.04768713589372],[53.85399154136921,68.08530005093279],[54.37974837730671,68.16070898647966],[54.57595733116413,68.16109045620622],[54.64846709678913,68.07191809292497],[54.752295526964915,68.04978521938982],[54.87719634483601,68.1095462667531],[54.99598601768757,68.20653113003435],[55.1264982552364,68.40060766812029],[55.335391077502024,68.48309668179216],[55.72289184044148,68.53610571499529],[56.1951017708614,68.56686743374529],[56.54026320884968,68.55256994839372],[57.02422622154499,68.44890936489763],[57.363692316515696,68.45701941128435],[57.52586654136921,68.49463995571794],[57.95919707725788,68.7047611105031],[58.40928939293171,68.83285864468279],[58.77038100670124,68.8560062276906],[59.19904998253132,68.77440985317888],[59.34587386558796,68.69986303921404],[59.06195739219929,68.4974857198781],[59.119788202746165,68.393092714507],[59.217661890490305,68.34854467983904],[59.50186065147663,68.28942450161638],[59.762347254259836,68.297389589507],[59.892046961291086,68.4020038473195],[59.92537597130085,68.58127173062029],[60.07908919761921,68.61895331021013],[60.51208404014851,68.58985479946794],[60.75627425621296,68.67254980679216],[60.93412307213093,68.81508215542497],[60.98595717857624,69.00259741421404],[60.36923507164265,69.46769293423357],[60.551714930041086,69.54342230435076],[60.84873488853718,69.71004065151872],[61.030039820177805,69.74060400601091],[61.30434707115437,69.73352392788591],[62.2812719673946,69.7051273214406],[62.85394957969929,69.61560400601091],[63.41231826256062,69.54873999233904],[63.92324355552937,69.45921667690935],[64.87299636314656,69.22766455288591],[65.35536483238484,69.18344458218279],[66.1254988045528,68.99715765591326],[66.58425429771687,68.88553961392107],[67.17168715904499,68.64709814663591],[67.64553669906512,68.4480727275933],[67.82653335045124,68.37205084438982],[68.21540358970906,68.20135077114763],[68.38463118980671,68.17933996792497],[68.48788741539265,68.22421606655779],[69.00261214683796,68.69536932583513],[69.10895064781452,68.83031042690935],[68.69183639000202,68.81454809780779],[68.51176742027546,68.83668097134294],[68.25765517662312,68.94111975308122],[68.09354690025593,69.13594397183122],[68.10592940758015,69.42932470913591],[67.77870467613484,69.55685003872576],[66.88444045494343,69.62308081265154],[66.79896834800984,69.74374731655779],[66.8280363411739,69.81937750454607],[66.9648542733028,69.95582159634294],[67.27720168541218,70.07055243130388],[67.38328841636921,70.13940008755388],[67.42175582359577,70.22343023892107],[67.39824202965046,70.59850653286638],[67.28530410240437,70.70580633755388],[66.7748136849239,70.73557623501482],[66.67020705650593,70.86613043423357],[66.81797316978718,71.10538061733904],[66.9796476692989,71.21384008999529],[67.15545180748249,71.22964819546404],[67.8225431771114,71.4166522848195],[68.31624892662312,71.63485296841326],[68.55076125572468,71.82196386929216],[68.81211379478718,72.09546240444841],[69.05668929527546,72.64471777554216],[69.34311202476765,72.83426245327654],[69.51156142662312,72.80304297085466],[70.21435836265827,72.73346289272966],[70.94033339927937,72.78995092983904],[71.66292098472859,72.83070715542497],[71.97577956627156,72.79976233120622],[72.45530227134968,72.82427557583513],[72.7139997811153,72.76958807583513],[72.85272506187702,72.64393194790544],[72.84480575035359,72.49460943813982],[72.65456679771687,72.11825903530779],[72.4983244271114,71.96181067104997],[71.89781478355671,71.58716162319841],[71.79755691002156,71.43180426235857],[72.13623336265827,71.27759131069841],[72.55498031090046,70.9772449361867],[72.67970565269734,70.823512636382],[72.7742033333614,70.45523413296404],[72.69588759849812,70.35557898159685],[72.43689254234577,70.18696936245622],[72.55148604820515,69.65626104946794],[72.52553084800984,69.06907995815935],[72.64349654625202,68.806911073882],[72.84616378258015,68.63523443813982],[73.30861190269734,68.5165515768117],[73.39412215660359,68.44205053921404],[73.39364913414265,68.38238867397966],[73.17524245689656,68.16592749233904],[72.98776534508015,67.79414709683122],[72.83769515465046,67.64564856167497],[72.48502639244343,67.43782385464372],[71.93047622154499,67.156276308257],[71.64714339683796,67.06732519741716],[71.39950087974812,66.94906958218279],[71.54405501793171,66.71412237759294],[71.34951308677937,66.66239508267107],[70.83993056724812,66.55140265103044],[70.12074569175984,66.7188220846242],[69.79152205894734,66.7549320089406],[69.35537246177937,66.73943670864763],[69.08476546715046,66.68753393765154],[69.17261031578327,66.5482898580617],[69.43512252281452,66.42423590298357],[69.76729873131062,66.32971533413591],[70.47356704185749,66.23597296353044],[70.98342421959187,66.2003894674367],[71.2595320076778,66.22281225796404],[71.79433730552937,66.15806158657732],[72.20881179283406,66.17345770474138],[72.42107680748249,66.3346668111867],[72.55741408775593,66.49599035854997],[73.16545394371296,66.64375647183122],[73.69016555259968,66.86506994839372],[73.81080916832234,66.99035223599138],[73.9845075936153,67.26336248989763],[74.35252669761921,67.40435370083513],[74.74171737144734,67.68622168179216],[74.77064803550984,67.84936865444841],[74.66936019371296,68.10174902554216],[74.39512923668171,68.34698828335466],[74.50497725914265,68.59347876187029],[74.61210921715046,68.63851507778826],[74.91630080650593,68.70638617153826],[75.53720382164265,68.77486761685076],[76.32775405357624,68.77634008999529],[76.66087630699421,68.67222174282732],[77.03982070396687,68.4637714254445],[77.10788253258015,68.11375006313982],[76.95493606041218,67.65331610317888],[77.09069350670124,67.52774389858904],[77.50477889488484,67.432399355132],[78.08904555748249,67.41131170864763],[78.47786239097859,67.478541933257],[78.53574660728718,67.61183508511247],[78.3045759529903,67.69286688442888],[77.94601729820515,67.77371557827654],[77.68886092613484,67.75840338345232],[77.48322585533406,67.802516542632],[77.51418593834187,67.97325476284685],[77.97751906822468,68.14512213345232],[78.00718215416218,68.25683935757341],[77.90906051109577,68.32369574185076],[77.83420089195515,68.4727054464406],[77.63582900474812,68.81619604702654],[77.40597823570515,68.9356189596242],[77.02994826744343,68.97991522427263],[76.53798964927937,69.0840564596242],[76.17751601646687,69.13594397183122],[75.59802535484577,69.21000250454607],[75.18864730308796,69.12659796353044],[74.90170577476765,69.0810047018117],[74.31795791099812,69.16254004116716],[73.91452315758015,69.15427740688982],[73.90792373131062,69.27452429409685],[73.65407851646687,69.75646551724138],[73.79099563072468,70.05221136685076],[74.1222257942989,70.36587866421404],[74.24957564781452,70.5729480611867],[74.18918899009968,70.67260321255388],[73.69797042320515,71.14139898892107],[73.2706632942989,71.372584902007],[73.21685317466999,71.45773657437029],[73.59136489341999,71.7068591939992],[74.13715651939656,71.75452765103044],[74.58655074547077,71.87217291470232],[74.9211531014278,72.02874334927263],[74.99873641441609,72.13043554897966],[75.0745954842403,72.42029150601091],[75.01610854576374,72.71876867886247],[75.11987594078327,72.68748053188982],[75.40757277916218,72.66441687222185],[75.6173429817989,72.62549170132341],[75.66617873619343,72.41353949185076],[75.58253768394734,72.17061956997576],[75.29658034752156,71.89686926479997],[75.22127059410359,71.64770849819841],[75.28428939293171,71.44608648892107],[75.45202926109577,71.32248266812029],[75.67058852623249,71.1991229879445],[76.29318526695515,71.13853033657732],[77.00164321373249,71.06264074917497],[77.73619368980671,71.02547796841326],[78.10473159263874,70.84130438442888],[78.24920943687702,70.83387335415544],[78.60852340172077,70.8499256002492],[78.37160018394734,71.25054510708513],[78.13690474937702,71.3739276754445],[77.28489974449421,71.41880377407732],[76.86612990806843,71.4490238058156],[76.60715011070515,71.518336855132],[76.33285811851765,71.71974524136247],[76.4566984505489,71.86785467739763],[77.07490066002156,71.8923831808156],[77.27492812584187,71.81488379116716],[77.78991988609577,71.77691229458513],[78.12636855552937,71.84759863491716],[78.08573440025593,72.17527350063982],[78.26955703209187,72.2147479879445],[78.64725783775593,72.2623782980031],[79.22255996177937,72.2712894308156],[79.7031584114864,72.17827948208513],[80.33872512291218,72.0076404439992],[80.82826522300984,71.76702459927263],[81.42526534508015,71.61268194790544],[81.67136672447468,71.57430609341326],[82.49135116050984,71.56809576626482],[82.81835463951374,71.64632757778826],[82.88012221763874,71.49126776333513],[82.52887252281452,71.32020147915544],[82.21532729576374,71.20361670132341],[82.10357192466999,70.85644110317888],[82.04561141441609,70.41893347378435],[82.19571975181843,70.3579822408742],[82.50152877281452,70.7111316549367],[82.67546370933796,70.84212835903826],[82.80373671959187,70.81927832241716],[83.07590774009968,70.58175238247576],[83.03633407066609,70.24492987271013],[83.37072280357624,70.33726080532732],[83.67697432945515,70.46026190396013],[83.6571150154903,70.598170839507],[83.5709333748653,70.65170630093279],[83.50470260093952,70.81292303677263],[83.16804793785359,71.18223150845232],[83.25261977623249,71.28285559292497],[83.56109145591999,71.62442358608904],[83.2024259896114,71.82590826626482],[82.8546476692989,71.94214972134294],[82.43625930259968,72.0505863058156],[82.32062056968952,72.22227820034685],[82.02602675865437,72.24522741909685],[81.58525374840046,72.35400732632341],[80.98231795738484,72.44697912808122],[80.84419539879109,72.58019598599138],[80.87170699547077,72.8399921285695],[80.8288679451778,73.01351507778826],[80.46401503990437,73.31357916470232],[80.50051406334187,73.42474707241716],[80.62013534019734,73.49647101040544],[80.83822921226765,73.55255468960466],[81.87746718834187,73.6022220480031],[83.02044204185749,73.61229284878435],[83.97656539390827,73.66978796597185],[84.61605361412312,73.74268683071794],[84.82945540855671,73.59973486538591],[85.0014982552364,73.57619055386247],[85.38118270347859,73.69632300015154],[85.85619643638874,73.82476385708513],[86.49205306480671,73.8738284933156],[86.75694564293171,73.7865711080617],[86.32635024498249,73.63435705776872],[86.12352279136921,73.4511218893117],[86.90497115562702,73.55588873501482],[87.1396818489864,73.6040531026906],[87.56962874840046,73.77212866421404],[87.69079116295124,73.90001257534685],[87.54062179039265,74.09967383022966],[87.39396956871296,74.1794925558156],[86.97762587974812,74.29900702114763],[86.81353286216999,74.43529089565935],[86.81261733482624,74.53988226528826],[86.95832351158406,74.78206213589372],[87.48745253990437,74.96091803188982],[87.92226699302937,75.0598865377492],[89.28468612144734,75.46612127896013],[89.68456557701374,75.5082050191945],[89.79632857750202,75.52443274136247],[90.03131392906452,75.55852850552263],[90.88617232750202,75.60154303188982],[91.6346769661739,75.65272863979997],[92.6705427498653,75.76261480923357],[93.59205916832234,75.88084753628435],[94.30955031822468,76.07406958218279],[94.69433883140827,76.18358191128435],[95.4876814217403,76.16833075161638],[95.96726516197468,76.1692386495656],[96.13936904381062,76.08590277310076],[95.9818220467403,75.90201147671404],[96.65822890709187,75.85330542202654],[97.11641219566609,75.87083014126482],[97.6837263436153,75.95521887417497],[98.28865340660359,76.05653723354997],[98.71624282310749,76.07403906460466],[99.15855697105671,75.99971350308122],[99.46723464439656,75.96692236538591],[99.7794294686153,76.05931433315935],[99.8334074349239,76.2100330221242],[99.77360824058796,76.2853504049367],[99.98323348472859,76.43696936245622],[100.40739730308796,76.47143896694841],[100.83031753013874,76.45540960903826],[101.38946059654499,76.62499579067888],[101.11151412437702,76.8528552877492],[101.16646102379109,77.0057636129445],[101.6904630989864,77.2025867330617],[102.38966659019734,77.37482031460466],[103.39330581138874,77.5577884542531],[103.94659713218952,77.59216650601091],[104.39374068687702,77.56721838589372],[105.0625105233028,77.5685077535695],[105.44954207847859,77.44913824673357],[105.46972945640827,77.32931860562029],[104.78229049156452,77.14876898403826],[104.4851408333614,76.99502905483904],[104.70460799644734,76.92750128384294],[105.52814773033406,76.98001440640154],[106.24293807457234,76.91346319790544],[107.16025832603718,76.94913061733904],[107.24013045738484,76.89837225552263],[107.07137587974812,76.77097662563982],[106.53744033287312,76.56722601528826],[106.40403274009968,76.4322772848195],[107.29075149009968,76.43394812222185],[107.66595748375202,76.44307287808122],[107.77148726890827,76.40122564907732],[108.24447158287312,76.64641913052263],[108.85952285240437,76.64754828091326],[109.6564054817989,76.69128759976091],[109.94024947593952,76.63273199673357],[110.54772475670124,76.64229925747576],[111.42728713463093,76.56807287808122],[112.0571623177364,76.45135840054216],[112.58854964683796,76.25924261685076],[112.82231429527546,76.0588870870656],[113.14887526939656,76.05948980923357],[113.53300765465046,76.0936542379445],[113.7230329842403,75.86883886929216],[113.11340621422077,75.49444922085466],[113.22163680504109,75.43680914517107],[113.62504867027546,75.27267035122576],[112.57712844322468,74.88621100063982],[112.11134627769734,74.78037603970232],[111.58661941002156,74.73096045132341],[110.05470565269734,74.253688417632],[108.69690230797077,73.8194080221242],[108.33986190269734,73.69124182339372],[107.26554397056843,73.52222784634294],[106.20830825279499,73.25850256558122],[105.2788191170528,72.7515369283742],[105.40307092131953,72.748726095192],[98.45947004862771,69.79094730127832],[75.85638492783956,61.42677903286463],[62.80579411405116,56.95520024672745],[59.09429166962169,56.4318399506882],[53.92448387264525,57.601384527021416],[53.97646398874319,57.7086220534561],[46.105746848468755,57.7086220534561],[32.51698734132826,60.9322458642223],[29.018890834539626,61.77074313018303],[21.225993499342607,62.4179537846397],[21.200139078600653,62.43518408413591],[21.03372863243366,62.47729834194841],[21.061806711657294,62.61173590298357],[21.19480613182331,62.76068457241716],[21.48128417442585,62.888812624174975],[21.545966181261786,62.974059663969896],[21.494656595690497,63.123031221587084],[21.666478189928778,63.1873050558156],[21.95132354210163,63.13101538296404],[22.075043711169013,63.1028209554738],[22.292357477648505,63.20269354458513],[22.42877486656452,63.39496573086443],[22.475831064684638,63.601615511137865],[22.569018396837958,63.723014436919115],[22.704222712023505,63.58064230557146],[22.82553008507038,63.58087881680193],[23.130561750232243,63.78342849447229],[23.58028510521198,64.082057558257],[24.094035181505927,64.37656744595232],[24.470093759997138,64.635524355132],[24.931916269762763,64.81603582974138],[25.3250894875362,64.8023944723195],[25.35190490196491,64.93909796353044],[25.293414148791083,65.00389441128435],[25.132559809191473,65.07594641323747],[25.18612578819538,65.24265631313982],[25.195617809103457,65.26795101619156]]]]}},{"type":"Feature","properties":{"name":"Arctic marine mammal hunters","subject":"Arctic marine mammal hunters","partOf":"Arctic marine mammal hunters","borderPrecision":1,"color":"#8b7fa6"},"geometry":{"type":"MultiPolygon","coordinates":[[[[-75.62469955970501,69.10160406704607],[-75.55168625404094,69.2223392355031],[-76.27321335365032,69.50035437222185],[-76.97148605872844,69.80196722622576],[-77.36704727699016,69.80879553433122],[-77.62225052406048,69.89180334683122],[-77.69864365150188,70.13574560757341],[-78.00343796302532,70.28839453335466],[-78.20575424720501,70.31102331753435],[-78.61879440833782,70.44847448940935],[-78.92800613929485,70.60174139614763],[-79.10110184241985,70.6553226339406],[-79.37588974525188,70.58551367397966],[-79.7404679923222,70.66953619595232],[-80.27011581947063,70.77648504849138],[-80.48997208167766,70.81468542690935],[-80.66049667884563,70.75260504360857],[-80.42231461097454,70.61433752651872],[-80.21841141273235,70.59160956021013],[-78.94103714515423,70.27132757778826],[-78.74377914954876,70.14908178921404],[-78.71291824866985,70.01144751187029],[-78.94031998206829,69.91211279507341],[-79.2414445548222,69.8811756002492],[-79.48502060462688,69.8959003316945],[-79.82562729408001,69.91806372280779],[-80.19363113929485,70.03159674282732],[-80.71258255531048,70.15307196255388],[-81.0127839713261,70.183131777007],[-81.15784927894329,70.10628088589372],[-81.13795181800579,70.01452215786638],[-80.94608780433391,69.9083743917531],[-80.82937332679485,69.71139105435076],[-81.59563919593548,69.96033819790544],[-81.80720230628704,69.98272284146013],[-81.98576828529094,69.929225527007],[-82.26922318031048,69.86035498257341],[-82.61401840736126,69.9584232198781],[-82.92619797279094,70.01121100063982],[-83.31288620521282,69.95712622280779],[-83.97604843665813,70.03979834194841],[-84.87373825599407,70.11462744351091],[-85.46806046058391,70.0982166158742],[-85.98391434241985,70.112575136382],[-86.37189194251751,70.196071230132],[-86.37334915687298,70.46471747036638],[-86.53693863441204,70.53361090298357],[-86.94351669837688,70.55594977017107],[-87.12148758460735,70.40182837124529],[-87.40170761634563,70.36290320034685],[-87.94801041175579,70.3849140035695],[-88.43217941810344,70.46083410854997],[-89.01850601722454,70.67528113003435],[-89.20502182533001,70.8446765768117],[-89.14980789710735,70.96847113247576],[-88.7594880728886,71.00014074917497],[-88.25040146400188,70.97013434048357],[-87.70470902015423,70.9247547018117],[-87.3090715079472,70.93323095913591],[-87.16879746009563,71.01859625454607],[-87.58923813392376,71.22703131313982],[-87.94921585609173,71.35059698696794],[-88.35641953040813,71.39648779507341],[-88.85416885902141,71.4500003683156],[-89.19248673011516,71.43380316372576],[-89.4350480704472,71.44115027065935],[-89.9971818595097,71.541286073882],[-89.94577499915813,71.72854956265154],[-89.81403824378704,71.97903784390154],[-89.66103073646282,72.04202612515154],[-89.37052628089641,72.06609686489763],[-89.33408829261516,72.16812475796404],[-89.82086655189251,72.34799536343279],[-89.84069534827923,72.42665442104997],[-89.63864609290813,72.782252870757],[-89.1001863150761,73.19565161343279],[-88.84568497230266,73.32347448940935],[-88.4324845938847,73.46773108120622],[-88.09924789954876,73.63606604214372],[-87.90911575843548,73.65243109341326],[-87.74258896400188,73.73274572964372],[-87.42840286781048,73.73333319302263],[-87.21197220374798,73.78979834194841],[-86.89243790199016,73.8304706441945],[-86.24622818519329,73.87976416226091],[-85.63981339027141,73.86487921353044],[-85.25420853187298,73.77745398159685],[-85.66801926185344,73.60064276333513],[-86.03497788001751,73.38448675747576],[-86.66202255775188,73.09690436001482],[-86.85536667396282,72.858668886382],[-86.77941605140423,72.69270666714372],[-86.21417709876751,72.44921454067888],[-86.41395279456829,72.31502112026872],[-86.44830795814251,72.13428076382341],[-86.33253952552532,71.99340399380388],[-85.94468399574016,71.74386938687029],[-85.24308487464641,71.4645496236867],[-85.28621384193157,71.41001471157732],[-85.85851761390423,71.26132544155779],[-85.89104172279094,71.12166937466326],[-85.45937820960735,71.10697516079607],[-84.78257462074016,71.06174811001482],[-84.48840805579876,71.34930761929216],[-84.53479477454876,71.5359378683156],[-84.68887039710735,71.66037329312029],[-85.0146379141972,71.70658453579607],[-85.20471664954876,71.76867254849138],[-85.60245987464641,72.0104480611867],[-85.55708786536907,72.08105810757341],[-85.3293351798222,72.19132574673357],[-85.11649033118938,72.2781482564992],[-84.66581436683391,72.22400244351091],[-84.28931900550579,72.256129823882],[-84.83112808753704,72.4675784933156],[-85.14729019691204,72.48272284146013],[-85.50441452552532,72.60823401089372],[-85.52945419837688,72.69505652065935],[-85.5057267813847,72.94040258999529],[-85.10701462318157,73.08395727749529],[-84.56403061439251,73.04527624722185],[-83.88481613685344,73.0703616964406],[-84.3076066641972,73.1966815816945],[-84.86234756995891,73.3548084127492],[-84.5054597525761,73.49106176968279],[-83.9261369376347,73.57995184536638],[-83.45605942298626,73.63676031704607],[-82.69679733802532,73.78223761196794],[-82.19520279456829,73.77515753384294],[-81.90644547034954,73.75168188687029],[-81.53178116370891,73.68835791226091],[-81.17988297034954,73.47333105679216],[-80.48866745521282,73.03700598354997],[-80.46250626136516,72.97363623257341],[-80.72470566322063,72.66456183071794],[-81.04362961341594,72.38013800259294],[-81.02679916908001,72.0503421651906],[-80.8631486563847,72.01147040005388],[-80.57043167640423,71.996364198882],[-80.08084579993938,72.13838537808122],[-79.95325180579876,72.34285315151872],[-79.68542954017376,72.38270147915544],[-79.32958694984173,72.36761053677263],[-79.12538620521282,72.2893558370656],[-79.12810226966594,72.17155035610857],[-79.05625626136516,71.96002539272966],[-78.66254135658001,71.87471350308122],[-78.5744294791386,71.92962225552263],[-78.6663713126347,72.31380804653826],[-78.56825729896282,72.36905249233904],[-78.36335465003704,72.58214148159685],[-77.89602371741985,72.70142706509294],[-77.45512100745891,72.72597082729997],[-77.11871048499798,72.71080359097185],[-76.67750259925579,72.6326404439992],[-76.14996811439251,72.57049902554216],[-75.63189407874798,72.6109119283742],[-75.32202621986126,72.54841955776872],[-75.17511459876751,72.43048437710466],[-74.89579483558391,72.28155096646013],[-74.63760849525188,72.19563635464372],[-74.31274887611126,72.03939398403826],[-74.31251999427532,71.9532733785695],[-74.55149551917766,71.91369970913591],[-74.76948257972454,71.78821142788591],[-75.13748642493938,71.6704593526906],[-75.20393845130657,71.56898077603044],[-75.00153824378704,71.45260962124529],[-74.80947586585735,71.42185553188982],[-74.4055070548222,71.60943945522966],[-74.11193558265423,71.68795355435076],[-73.88599869300579,71.6649890768117],[-73.67181870033001,71.55626257534685],[-73.5074128775761,71.34657629604997],[-73.27524277259563,71.16077002163591],[-73.12122818519329,71.26964911099138],[-72.53455826331829,71.62851294155779],[-71.66396805335735,71.51330145474138],[-71.25251480628704,71.35079535122576],[-71.27546402503704,71.31968268032732],[-71.56268021156048,71.1639896261281],[-71.88152023841594,70.93118628140154],[-71.35637375404094,70.955348573882],[-71.15183731605266,71.03308447476091],[-70.66658493568157,71.08045538540544],[-70.65164658118938,70.76364477749529],[-70.29289719154094,70.61790808315935],[-70.05768295814251,70.64914282437029],[-69.68381973792766,70.74232061978044],[-69.09158798743938,70.78199347134294],[-68.72420212318157,70.68246039028826],[-68.46938797523235,70.5597415792531],[-68.54205795814251,70.49039801235857],[-68.74963089515423,70.39014776821794],[-69.59112259437298,70.19687231655779],[-69.69810196449016,70.07418402310076],[-69.46268173743938,69.96011694546404],[-69.25788590003704,69.99093969937029],[-68.92173477699016,70.06799658413591],[-68.36594101478313,70.12256964321794],[-68.18324753333782,70.25313147183122],[-68.02080246497844,70.29944952603044],[-67.80499741126751,70.26916082974138],[-67.57548233558391,70.18530615444841],[-67.33066269447063,70.03273352261247],[-67.0443010001347,69.79770239468279],[-67.50281998206829,69.79684027310076],[-68.04297348548626,69.77308996792497],[-68.23383804847454,69.71212347622576],[-68.20718094398235,69.59102972622576],[-68.0399064688847,69.5308109151906],[-67.43982407142376,69.50169714565935],[-67.01748367835735,69.41935309048357],[-66.7728166251347,69.32167395229997],[-66.66814133216594,69.1860843526906],[-66.83469864417766,69.17071112271013],[-67.17119308997844,69.17010840054216],[-67.62610336829876,69.20692022915544],[-68.01994797279094,69.3042484151906],[-68.3907365470097,69.33374365444841],[-68.53315445472454,69.25049170132341],[-67.97968765784954,68.98788031216326],[-68.07704636146282,68.89747198696794],[-68.77549454261516,68.8435550558156],[-68.66534897376751,68.71612890835466],[-68.46889969398235,68.64146765347185],[-68.22118851234173,68.62696417446794],[-67.62220474769329,68.46326788540544],[-67.03155991126751,68.3073001730031],[-66.92033096839641,68.22531469937029],[-66.90283676673626,68.0984607564992],[-66.7447404532597,67.92732580776872],[-66.40713974525188,68.0248294698781],[-66.16580673743938,68.00291021938982],[-65.52998062659954,67.87005194302263],[-65.39576431800579,67.90005835171404],[-65.10330673743938,67.96766241665544],[-64.82885452796673,67.95325811978044],[-64.49024673988079,67.78271063442888],[-64.10211273719524,67.56798895474138],[-63.93301102210735,67.41257055874529],[-64.24091049720501,67.36752661343279],[-64.60143753577923,67.31503637905779],[-64.61375137855266,67.11526831265154],[-64.25592514564251,67.11595495815935],[-63.62352081824993,67.1393085348195],[-63.39402863074993,67.1988788473195],[-62.991383519665945,67.17744787808122],[-63.16489121009563,66.92600592251482],[-62.75194641639446,66.84569128628435],[-62.52050873328899,66.84611090298357],[-62.09613129188274,67.01658209438982],[-61.78801056434368,66.86221655483904],[-61.297848668591726,66.67901190396013],[-61.21058365394329,66.63500555630388],[-61.33414169837688,66.53183325405779],[-61.44880386878704,66.48754461880388],[-61.49476334144329,66.34064062710466],[-61.86359879066204,66.3179431783742],[-62.18677612830852,66.41271551724138],[-62.297665563122976,66.43455084438982],[-62.65512177039837,66.3384509908742],[-62.21956345130657,66.13405188198747],[-62.093983617322195,66.06109961147966],[-62.068253484265554,65.9368167745656],[-62.54404160072063,65.84826239224138],[-62.70428558875774,65.7457767355031],[-62.84475418616985,65.61426123257341],[-63.01228806068157,65.66497381802263],[-63.38090607215618,65.92704352017107],[-63.51127716590618,65.43099554653826],[-63.35199829627727,65.02465399380388],[-63.540646520154226,64.99533423062029],[-63.845562901990164,65.1107440816945],[-64.18360992957805,65.18993719692888],[-64.27580734779094,65.26961859341326],[-64.28371140052532,65.37862738247576],[-64.42532059241985,65.50203283901872],[-64.84370895911907,65.37758215542497],[-65.17780777503704,65.65362890835466],[-65.1550187735722,65.7849613058156],[-65.03384872962688,65.95320471401872],[-65.17034622718548,66.01143988247576],[-65.27105423499798,66.01856573696794],[-65.7173738150761,66.05430945034685],[-66.04065414954876,66.1854968893117],[-66.56691452552532,66.46326788540544],[-66.91284653236126,66.59490545864763],[-67.2559480338261,66.61633642788591],[-67.45918747474407,66.51303442593279],[-67.74914261390423,66.47574194546404],[-67.7598771720097,66.37292059536638],[-67.63354965736126,66.29246100063982],[-67.16103073646282,65.98575934048357],[-67.30549332191204,65.93429907437029],[-67.61417099525188,65.91180761929216],[-67.77575394202923,66.02852209683122],[-68.08504196693157,66.18897589321794],[-68.37565323402141,66.28372534390154],[-68.25179001380657,66.06418951626482],[-67.86520859290813,65.62672003384294],[-67.5934953360722,65.61992987271013],[-67.32944199134563,65.58400305386247],[-67.1042146353886,65.32244452114763],[-66.82871719886516,64.96029242153826],[-66.59772965003704,64.7661624776906],[-66.32095810462688,64.91077002163591],[-66.19254013587688,64.88936956997576],[-65.92605301429485,64.70982702847185],[-65.66280075599407,64.58800848599138],[-65.04182907630657,64.40951880093279],[-65.32707687904094,64.35872229214372],[-65.42321487952923,64.26522406216326],[-65.30860611488079,64.1793933736867],[-65.05298325111126,64.05087622280779],[-64.61976334144329,63.85126455898943],[-64.47394272376751,63.74430426235857],[-64.3648576407597,63.43754156704607],[-64.4153947501347,63.245040498930834],[-65.0014543204472,63.76474341030779],[-65.25071426917766,63.87155111904802],[-65.2627839713261,63.76427038784685],[-65.20952316810344,63.64290579434099],[-64.7349748282597,63.06652411099138],[-64.73933121253704,62.93145331021013],[-65.15610977699016,62.987514101225756],[-65.13249680091594,62.89520987148943],[-64.93792435218548,62.71100195522966],[-64.76775833656048,62.47744711514177],[-65.02100845863079,62.554889284331225],[-65.29797836829876,62.69613607998552],[-65.69803329993938,63.00781973477068],[-65.7630510001347,63.021930299956225],[-66.08679672767376,62.99288138027849],[-66.49595352699016,63.07743414517107],[-67.14419266273235,63.37527807827654],[-67.28792282630657,63.50336416836443],[-67.7657365470097,63.80247076626482],[-67.68161484290813,63.45271261807146],[-68.23077103187298,63.665797792632006],[-68.48602768470501,63.73677023525896],[-68.87863632728313,63.750331484038256],[-68.83601090003704,63.650382600981615],[-68.47648331214641,63.337142549712084],[-68.09262558509563,63.14558371182146],[-67.26384445716594,62.85568960781755],[-66.68069168616985,62.56592138882341],[-66.33225723792766,62.31878241177263],[-66.13322159339641,62.10004004116716],[-65.94033524085735,61.789996706206225],[-66.76501938392376,61.943568788725756],[-67.45084091712688,62.13288076992693],[-68.01396652747844,62.259032808501146],[-68.66357895423626,62.307330690581225],[-69.1552629141972,62.41962011929216],[-69.55949112464641,62.70941885586443],[-70.07523819495891,62.77230032559099],[-70.36223312904094,62.864074312407396],[-70.64810654212688,62.927447878081225],[-70.67387100745891,62.86224707241716],[-70.77940079261516,62.95563086147966],[-71.31892105628704,63.06125982876482],[-71.62173935462688,63.210143648344896],[-71.6912507682011,63.33111151333513],[-71.53545853187298,63.359908662993334],[-71.25812241126751,63.567279421049975],[-71.87857529212688,63.80190237637224],[-72.38791367103313,63.858172975737475],[-72.72998520423626,64.01499518032732],[-73.14795395423626,64.3440662252492],[-73.16355606605266,64.57397040005388],[-73.66560074378704,64.60179480190935],[-74.25550552894329,64.76624640103044],[-74.55905624915813,64.78008612271013],[-74.43120285560344,64.43503912563982],[-74.50111862708782,64.39181860562029],[-74.68512436439251,64.39863928433122],[-75.45184799720501,64.54811438198747],[-75.59100815345501,64.53346594448747],[-75.73706528236126,64.3966785299367],[-75.93552872230266,64.26706274624529],[-76.52609726478313,64.23010595913591],[-77.13303085853313,64.30788000698747],[-77.73748489906048,64.39293249722185],[-78.10336777259563,64.5072284566945],[-78.12671371986126,64.65100439663591],[-78.03855606605266,64.8312259542531],[-77.86662003089641,64.99017675991716],[-77.38702103187298,65.06357153530779],[-77.3007478385136,65.14354284878435],[-77.35837265540813,65.37593420620622],[-77.26591965247844,65.39064367886247],[-76.65509506751751,65.3408923971242],[-76.02154251624798,65.26210363979997],[-75.78904434730266,65.19718512173357],[-75.35587021400188,64.91551550503435],[-75.33303543616985,65.08917578335466],[-75.40231796790813,65.17612036343279],[-75.36760422279094,65.26336248989763],[-75.10431381751751,65.27838476772966],[-74.66482254554485,65.32281836147966],[-74.37125870277141,65.39608343716326],[-74.07912918616985,65.44756659146013],[-73.84737106849407,65.41888006802263],[-73.49424454261516,65.40500219937029],[-73.41992661048626,65.5288806783742],[-73.93200394202923,65.89995916958513],[-74.27988907386516,66.06022223110857],[-74.33333298255657,66.16263922329607],[-74.25811478187298,66.23606451626482],[-73.99428268958782,66.26588019009294],[-73.67012497474407,66.37652929897966],[-73.03596207191204,66.64232214565935],[-72.87354752113079,66.88572271938982],[-72.52695938636516,67.09307440396013],[-72.30491348792766,67.26360663052263],[-72.35401627113079,67.53031500454607],[-72.75854202796673,67.90864904995622],[-72.94171616126751,68.13196142788591],[-73.18491837074016,68.2958026754445],[-73.37102982093548,68.29544409390154],[-73.93708511878704,68.44398077603044],[-74.40533920814251,68.66039618130388],[-74.51526352454876,68.87041815396013],[-74.75226303626751,69.04297979946794],[-74.9511384635136,68.95230444546404],[-75.19905563880657,68.86163672085466],[-75.57037064124798,68.86846502896013],[-75.70226761390423,68.81561621304216],[-75.98151871253704,68.80757483120622],[-76.54644485999798,68.73144873257341],[-76.64257523109173,69.03191717739763],[-76.17831894447063,69.05538519497576],[-75.62469955970501,69.10160406704607]]],[[[-76.86277481605266,67.26248510952654],[-77.06481644202923,67.32873114224138],[-77.16953751136516,67.43970068569841],[-77.24754044105266,67.65480383511247],[-77.11246964027141,67.84839972134294],[-76.79418655921673,68.14715155239763],[-76.49629684974407,68.26720770474138],[-75.88468643714641,68.34309729214372],[-75.47483536292766,68.25416906948747],[-75.11950394202923,68.11297186489763],[-75.12882706214641,67.9042240011281],[-75.14626022865032,67.57702978726091],[-75.30917831947063,67.45801123257341],[-75.77039810706829,67.30152472134294],[-76.26923843909954,67.24877508755388],[-76.86277481605266,67.26248510952654]]],[[[-98.25264450599407,69.69410284634294],[-98.11539169837688,69.80051764126482],[-97.74158188392376,69.83156164761247],[-97.40739914466594,69.74872168179216],[-96.76149460365032,69.47729834194841],[-96.18220993568157,69.2970462667531],[-96.14881607581829,69.16884192104997],[-96.0071916251347,69.04100378628435],[-95.51456924964641,68.80868872280779],[-95.64428421546673,68.75587805386247],[-96.21271225501751,68.53721197720232],[-96.47281357337688,68.51425512905779],[-96.79360672523235,68.52864416714372],[-97.20869919349407,68.61033209438982],[-97.60563370277141,68.63960608120622],[-98.16822525550579,68.78120764370622],[-98.60599228431438,68.86307104702654],[-98.8778962760136,68.88511999722185],[-99.36504837562298,68.97447546597185],[-99.17148300697063,69.12549170132341],[-98.47739883949016,69.30786474819841],[-98.30434891273235,69.39127691860857],[-98.25264450599407,69.69410284634294]]],[[[-81.91070267249798,64.5216785299367],[-81.83135696937298,64.4068103658742],[-81.87212845374798,63.99071844692888],[-81.62959763099407,63.96968802090349],[-81.37314316322063,63.998797975737475],[-80.95304581214641,63.97811850186052],[-80.63767715980266,63.91426809902849],[-80.17938705970501,63.722003542143725],[-80.36790176917766,63.678756319243334],[-80.48860642005657,63.6213870870656],[-80.69595047523235,63.49962957974138],[-81.12308212806438,63.52020987148943],[-81.40321823646282,63.576827608305834],[-82.00050827552532,63.63282354946794],[-82.19765183021282,63.689601503569506],[-82.49345108558391,63.93942984219255],[-82.73103806068157,64.07508429165544],[-83.18854996253704,64.18176611538591],[-83.42594620277141,64.17413672085466],[-83.51739212562298,64.05209692593279],[-83.43925186683391,63.78738363857927],[-83.4958161978886,63.74437292690935],[-84.08714005042766,63.6717906820363],[-84.39013382484173,63.4498782980031],[-84.65469070960735,63.313903413969896],[-85.15679642249798,63.1847301351613],[-85.46279617835735,63.20551642056169],[-85.43207260658001,63.597831331450365],[-85.60072800208782,63.747558199126146],[-86.03205582191204,63.67527350063982],[-87.10120102454876,63.54468496914568],[-87.05285355140423,63.7519908773488],[-86.80083939124798,63.88837011929216],[-86.06107803870891,64.14051397915544],[-86.19711777259563,64.35553320522966],[-86.24284073402141,64.54231604214372],[-86.19514175941204,64.72953375454607],[-86.01604172279094,65.1054187643117],[-85.8207902579472,65.3600345480031],[-85.70657059241985,65.65157660122576],[-85.55754562904094,65.863551698882],[-85.05792709876751,65.60906561489763],[-85.19839951087688,65.37575110073747],[-84.84233566810344,65.20199164028826],[-84.60504623939251,65.18065222378435],[-84.42397781898235,65.3917499410695],[-84.12235733558391,65.34141119595232],[-83.75972458411907,65.21129187222185],[-83.34707352210735,64.97989996548357],[-83.08543106605266,64.86502417202654],[-82.1096086173222,64.64357336636247],[-81.91070267249798,64.5216785299367]]],[[[-78.75791641761516,53.74876745815935],[-78.80141922523235,53.96274145718279],[-78.93461319495891,54.07629736538591],[-79.23003860999798,54.14938315029802],[-79.39867874671673,54.276351534087084],[-79.54511734534954,54.69186361904802],[-78.98181625892376,54.813800417143725],[-78.58926865150188,54.92203100796404],[-78.30785843421673,55.04375799771013],[-77.51691910316204,55.47071417446794],[-77.23383804847454,55.60653647061052],[-76.76447006751751,56.02744253750505],[-76.56940170814251,56.272121034819506],[-76.46291061927532,56.57139166470232],[-76.43862625648235,56.80968817349138],[-76.55453964759563,57.280055605132006],[-76.66497513343548,57.51904638882341],[-76.77238174964641,57.662501894194506],[-77.19423386146282,57.990504823882006],[-77.40435501624798,58.1135745870656],[-77.65972593116685,58.236497284684546],[-77.90158554603313,58.35291632290544],[-78.06480118324016,58.407577120024584],[-78.26871201087688,58.53095205898943],[-78.33678909827923,58.551471315581225],[-78.46879288245891,58.70949514980974],[-78.43261429359173,58.7577396261281],[-78.04195114661907,58.99277456875505],[-77.7932023673222,59.38671454067888],[-77.66153427650188,59.573634706694506],[-77.54865738441204,59.61535986538591],[-77.34766098548626,59.62266119595232],[-77.21478745033001,59.747516237456225],[-77.26242538978313,59.983024202544115],[-77.3433732657597,60.14297827358904],[-77.4854402213261,60.32394751187029],[-77.50717636634563,60.414630495268725],[-77.39095017005657,60.575458131987475],[-77.38847824622844,60.69431646938982],[-78.17645737220501,60.74176748867693],[-77.68836685706829,61.156058870512865],[-77.46218582679485,61.4725833761281],[-77.4590959220097,61.52888067837419],[-77.60143753577923,61.620101534087084],[-77.87536331702923,61.739318453032396],[-77.98535629798626,61.8589244710988],[-78.00491806556438,62.09885748501482],[-77.86758896400188,62.29000052090349],[-77.61822220374798,62.432006441313646],[-77.36155411292766,62.5174938070363],[-76.98962112952923,62.48983725186052],[-76.18819138099407,62.3214488851613],[-75.69460007240032,62.21628912563982],[-75.35587021400188,62.18159063931169],[-74.7077531485722,62.17575415249529],[-74.2219133048222,62.2402835714406],[-73.83501144935344,62.34003409023943],[-73.74016281654094,62.36142309780779],[-73.65973373939251,62.38989981289568],[-73.39458176185344,62.354999147612475],[-72.94855972816204,62.17197378750505],[-72.83432480384563,62.11566885586443],[-72.49496933509563,61.91160162563982],[-72.08188339759563,61.74319800015154],[-71.72385880042766,61.54673346157732],[-71.85619827796673,61.37070425625505],[-71.67342087318157,61.265685640532396],[-70.90924545814251,61.04263647671404],[-70.02829453040813,60.883170686919115],[-69.70210739661907,60.89780005093279],[-69.53632828284954,60.98915060635271],[-69.38380142738079,60.85639151211443],[-69.38945480872844,60.67446859951677],[-69.64902206947063,60.52024420376482],[-69.7043122916386,60.31776007290544],[-69.50727554847454,59.720538698393725],[-69.44611069251751,59.39558371182146],[-69.34257217933391,59.209334932524584],[-69.36467453529094,59.050597749907396],[-69.4760408072636,58.974532686430834],[-69.6764802603886,58.98103293057146],[-69.83239456702923,58.98765143032732],[-69.89423080970501,58.68445547695818],[-69.7258195548222,58.56093557949724],[-69.2142228751347,58.74767645474138],[-69.04963394691204,58.768642030913256],[-68.6982316641972,58.7899661886281],[-68.56939407874798,58.78334768887224],[-68.26482864906048,58.63936575527849],[-68.09467026283001,58.4814945089406],[-68.09272476722454,58.36469992275896],[-68.12936874915813,58.30967291470232],[-68.00455185462688,58.16574057217302],[-67.77240463783001,58.24854239102068],[-67.63468643714641,58.269408785063646],[-67.10699173499798,58.3047366964406],[-66.82087418128704,58.387694917876146],[-66.62459274818157,58.55993231411638],[-66.47463699866985,58.80796011563005],[-66.3281144766972,58.801356874663256],[-66.24101730872844,58.746444307524584],[-65.92905136634563,58.423751436430834],[-65.91018387366985,58.45127066250505],[-65.86144730140423,58.795341097075365],[-65.71872421790813,59.05748327847185],[-65.50514694740032,59.17517813320818],[-65.26260849525188,59.348231874663256],[-65.55537125159954,59.575770937163256],[-65.55168625404094,59.714164339262865],[-65.42895218421673,59.776717745024584],[-64.9879045157597,59.81909521694841],[-64.90073868324016,59.88158758755388],[-64.6706208853886,60.18091925259294],[-64.37056442786907,60.01439245815935],[-64.09742828895305,59.74460562344255],[-63.744103398816335,59.516959749419115],[-63.47582336951946,59.15830572720232],[-63.0057153372929,58.814532839018725],[-62.886959996716726,58.65644415493669],[-63.04202362586712,58.52547415371599],[-62.99899765540813,58.37437780972185],[-62.74108215858196,58.38857992764177],[-62.576710668103445,58.03888281460466],[-62.49481293250774,57.95677527065935],[-62.34917542030071,57.90222509976091],[-62.01471802283977,57.841212831694506],[-61.888112035290945,57.72504385586443],[-61.828446355359304,57.55411871548357],[-61.99918457557415,57.512775026518725],[-62.186017003552664,57.437240205962084],[-62.00141235877727,57.294147096831225],[-61.82238098670696,57.19208105679216],[-61.476098027722585,57.104064546782396],[-61.350628819958914,57.001998506743334],[-61.33525177528118,56.811263643462084],[-61.36063477088665,56.77717169399919],[-61.544598546521414,56.72915991421404],[-61.84880920936321,56.74220236416521],[-62.1840600638554,56.79603537197771],[-62.326432195203054,56.768512331206225],[-62.28564545203899,56.69371374722185],[-62.16278931190227,56.61230047817888],[-62.07783981849407,56.50366934414568],[-61.92769333411907,56.27295645352068],[-61.743023839490164,56.171493135649584],[-61.45779892493938,56.15847738857927],[-61.24986359168743,56.07745703335466],[-60.87275406409954,55.8545299398488],[-60.46834274818157,55.65896566982927],[-60.357628789441335,55.510375581938646],[-60.373307195203054,55.42248114224138],[-60.57453247596477,55.07102545376482],[-60.34573837806438,55.04450186367693],[-60.04724213172649,55.11924322720232],[-59.69376083900188,55.15365942593279],[-59.33820053626751,55.08015402432146],[-59.079754796521414,54.99299200649919],[-58.557171788708914,54.772323213774584],[-58.11545273353313,54.71277960415544],[-57.43287369300579,54.579913698393725],[-57.51535126258587,54.46576651211443],[-57.83856674720501,54.37130697842302],[-58.16992279578899,54.27685888882341],[-58.46811005164837,54.256217561919115],[-58.84362122108196,54.14833792324724],[-59.106163945691335,53.96711691494646],[-59.398724523083914,53.86623343105974],[-59.862973180310476,53.838580690581225],[-59.991532292859304,53.804923616606615],[-60.13723846961712,53.684318147856615],[-60.12421127845501,53.51734503384294],[-60.221656217027494,53.32492080384565],[-62.88947585561168,54.72511691082654],[-65.64317158321862,55.262874161982396],[-71.0333844968322,55.19604828321671],[-74.19720512004018,52.927225836668605],[-78.74176950876009,52.74413883037645],[-78.8420304923222,53.0342288839406],[-78.84399124671673,53.28100927944841],[-78.93640610267376,53.54791983242693],[-79.03455826331829,53.74155005093279],[-78.75791641761516,53.74876745815935]]],[[[-95.05836960365032,72.28313788052263],[-95.12389847327923,72.51922949429216],[-95.54762741615032,72.8820072042531],[-95.64077469398235,73.14367254849138],[-95.61453720618938,73.3187747823781],[-95.49306198646282,73.61426123257341],[-95.32336136390423,73.75862463589372],[-94.7580461173222,73.74365576382341],[-94.79846664954876,73.81568487759294],[-94.98547073890423,73.93563421841326],[-95.06853958656048,74.06405218716326],[-94.97359177161907,74.10442694302263],[-94.86817642738079,74.13680609341326],[-93.8990144400761,74.16276129360857],[-93.35233017493938,74.123561464507],[-92.69331070472454,74.01222571011247],[-92.11629196693157,73.98919256802263],[-91.52423569251751,74.05460699673357],[-91.05135056068157,74.0474124776906],[-90.73909470130657,73.99981268521013],[-90.45173355628704,73.9039798605031],[-90.45479294349407,73.86387976284685],[-90.55534073402141,73.78354986782732],[-90.92636581947063,73.59081610317888],[-91.31957718421673,73.25516089077654],[-92.00058456947063,72.8411365377492],[-92.62426468421673,72.80831488247576],[-93.69485184241985,72.87755163784685],[-94.26578232337688,72.85271795864763],[-93.63932510902141,72.52990301724138],[-93.72375961829876,72.38791235562029],[-94.10856339027141,72.22202643032732],[-94.54240128089641,72.18979223843279],[-95.05836960365032,72.28313788052263]]],[[[-120.42398544837688,71.88257940884294],[-120.54559799720501,71.65563543911638],[-120.8434953360722,71.53027685757341],[-121.39040085365032,71.47469671841326],[-121.93623062659954,71.50484045620622],[-122.17036911536907,71.28651007290544],[-122.57442184974407,71.14598425503435],[-122.99113937904094,71.15299566860857],[-123.46767136146282,71.19864233608904],[-123.6304597525761,71.40821417446794],[-123.87772842933391,71.61818274136247],[-124.07214066077923,71.73496588345232],[-124.57726761390423,71.89828070278826],[-125.18922897865032,71.92847784634294],[-125.61702438880657,71.9903827535695],[-125.82783218909954,72.07625158901872],[-125.90372940589641,72.15463598843279],[-125.66236588050579,72.20223578091326],[-125.39703842689251,72.33649023647966],[-125.1806535391972,72.43140753384294],[-125.14468857337688,72.60512121792497],[-125.34129044105266,72.96895941372576],[-125.0927400260136,72.96944006558122],[-124.88213058997844,73.0492435323781],[-124.74393936683391,73.21648748989763],[-124.24723526527141,73.45660742397966],[-124.01027390052532,73.72098883267107],[-124.06482407142376,73.86521490688982],[-124.18706985999798,73.93727453823747],[-124.74035355140423,74.24206884976091],[-124.90926071693157,74.44366034146013],[-124.51832291175579,74.4443851339406],[-124.14805313636516,74.46935614224138],[-123.49339005042766,74.44630011196794],[-123.14841770273145,74.44057077628655],[-121.65451446815976,73.99457995121038],[-119.25235436535371,73.55256742458035],[-117.685761580263,73.21545873829851],[-118.10413071204876,73.11756476040544],[-118.58500381995891,72.97368963833513],[-119.30700394202923,72.6476322042531],[-119.76836868812298,72.39426764126482],[-120.0154924063847,72.35442694302263],[-120.45359512855266,72.2985111105031],[-120.42398544837688,71.88257940884294]]],[[[-102.43571182777141,70.4653812276906],[-101.51055618812298,70.20607336636247],[-101.05518051673626,70.03077276821794],[-100.89127823402141,69.6740222799367],[-100.96714493324016,69.62841375942888],[-101.44928452064251,69.66540106411638],[-101.81390854408001,69.77085455532732],[-102.23950668861126,69.87630804653826],[-102.4875383048222,69.79996069546404],[-102.7867097525761,69.70836981411638],[-103.24611374427532,69.69237860317888],[-103.36132523109173,69.6391101705617],[-103.2675447135136,69.329127870757],[-102.77837082435344,69.36026342983904],[-102.5022859244511,69.42879828091326],[-102.19797989417766,69.48231085415544],[-101.80372330238079,69.24127539272966],[-101.80838486243938,69.1356464254445],[-102.04508682777141,69.06739386196794],[-102.27785202552532,68.95402105923357],[-102.54044052650188,68.9083515035695],[-103.17824265052532,68.854518495757],[-103.65028091956829,68.86117132778826],[-104.18777176429485,68.89776190396013],[-104.90506454993938,69.0093265401906],[-105.93043991615032,69.23358496304216],[-106.17933365394329,69.3312488424367],[-106.37526413490032,69.48207434292497],[-106.59244247962688,69.49679907437029],[-106.85383316566204,69.45092352505388],[-107.03466507484173,69.2843509542531],[-107.53622910072063,69.05713995571794],[-108.0107316641972,69.04871710415544],[-108.64556595374798,69.0023456441945],[-109.20942398597454,68.81319006558122],[-110.44822403480266,68.65314062710466],[-111.08742233802532,68.64444311733904],[-111.62939163734173,68.6059070455617],[-112.52248093177532,68.63425787563982],[-112.73987289954876,68.58884008999529],[-113.15218063880657,68.59556921597185],[-113.60199448158001,68.72235449429216],[-113.6291398673222,68.93281897183122],[-113.53999039222454,68.97813757534685],[-113.53912827064251,69.113795839507],[-113.71682449866985,69.20395239468279],[-113.9246492057011,69.2488513814992],[-115.34070297767376,69.29905279751482],[-115.90655228187298,69.35089453335466],[-116.29550644447063,69.42576941128435],[-116.65620132972454,69.515895448882],[-116.99491592933391,69.74258764858904],[-117.56819626380657,69.99218329067888],[-117.43176743079876,70.02304419155779],[-117.19289871741985,70.12301977749529],[-116.4855622916386,70.14733465786638],[-116.21414658118938,70.23219641323747],[-115.96313950111126,70.22498663540544],[-115.55354019691204,70.23343237515154],[-115.14664932777141,70.27254828091326],[-114.3743562369511,70.25864752407732],[-113.95380112220501,70.25943335171404],[-112.99108597327923,70.23821600552263],[-112.50060745765423,70.23913153286638],[-111.73052689124798,70.25592383022966],[-111.54370590736126,70.32538183804216],[-111.84992691566204,70.42466314907732],[-112.89021774818157,70.64599188442888],[-113.76405045081829,70.73691900845232],[-115.59048172523235,70.76437719937029],[-116.29656693031048,70.77074774380388],[-117.05903336097454,70.7461658346242],[-117.48882004310344,70.72220953579607],[-117.76066299964641,70.721705995757],[-118.50345322181438,70.95989569302263],[-118.4987687735722,71.05283697720232],[-118.37258621741985,71.08408697720232],[-118.00223251868938,71.10802801724138],[-117.41016098548626,71.20223578091326],[-116.96210953284954,71.18755682583513],[-116.16113754798626,71.2511707174367],[-115.74225327064251,71.29855688687029],[-115.51704117347454,71.42342718716326],[-115.69346329261516,71.57892187710466],[-116.60404678870891,71.54600866909685],[-117.31387802650188,71.47455175991716],[-117.49078079749798,71.497584902007],[-117.74024673988079,71.58288153286638],[-118.04492661048626,71.7384296285695],[-118.33756729652141,71.8239017355031],[-118.64906784583782,71.79981573696794],[-118.9683732657597,71.90880926724138],[-118.98560806800579,72.03416784878435],[-118.39875504066204,72.47567328091326],[-117.21970840980266,72.85729559536638],[-116.93370657963686,72.90214900890444],[-114.03790926414058,72.0642120257238],[-110.34678520373127,71.19655506982303],[-105.60105426891934,71.04489158788512],[-104.62044428584238,71.09253252294585],[-104.5945710807011,71.04790838833513],[-104.49381729652141,70.99388464565935],[-103.86364456702923,70.70147284146013],[-103.6344880728886,70.62477453823747],[-103.11633011390423,70.51027258511247],[-102.43571182777141,70.4653812276906]]],[[[-40.042374578015554,64.981471620757],[-40.253720250622976,64.96666296597185],[-41.06033417274212,65.03749426479997],[-40.827748265759695,64.89353521938982],[-40.4836206107304,64.68540533657732],[-40.350705113904226,64.52752264614763],[-40.35533234168743,64.4269519674367],[-40.47241684486126,64.34779699917497],[-41.01111313392376,64.33243139858904],[-41.484120336072195,64.27418860073747],[-41.10417267371868,64.0885501730031],[-40.89255234290813,64.03168066616716],[-40.691220250622976,63.931869112212084],[-40.51624771644329,63.782069765288256],[-40.765702214734304,63.57452734585466],[-40.89390656043743,63.52436789150896],[-41.16342255164837,63.56665762539568],[-41.37823959876751,63.523437105376146],[-41.223019567029226,63.30993231411638],[-41.22700974036907,63.25296362515154],[-41.43446823646282,63.039203249174975],[-41.65309616615032,63.09566458340349],[-41.915570226208914,63.12360724087419],[-41.90392395545696,63.05252417202654],[-41.789105382458914,62.84676321621599],[-41.834408727185476,62.69062002773943],[-41.963726964490164,62.69039114590349],[-42.25886246253704,62.732387148100756],[-42.29883667518352,62.739398561674975],[-42.73952957679485,62.68891104336443],[-43.225968328015554,62.68092306729021],[-42.91909882117962,62.461906038481615],[-42.420365300671804,62.28601416226091],[-42.27136322547649,62.19441946621599],[-42.306195226208914,61.728881441313646],[-42.47826477576946,61.306762300688646],[-42.670330968396414,61.26428564663591],[-43.03725906898235,61.29165991421404],[-42.817120519177664,61.02562292690935],[-42.82441422034954,60.80161245938005],[-42.75409027625774,60.69687231655779],[-42.78493210365032,60.52916296597185],[-42.9272126822636,60.50099142666521],[-43.14993378211712,60.51450689907732],[-43.497086492078054,60.478969179350756],[-43.15411850501751,60.30526693936052],[-42.96204468299602,60.03407248135271],[-43.01451202918743,59.83288153286638],[-43.143570867078054,59.81878241177263],[-43.578778234021414,59.935687624174975],[-43.71973041143305,60.00371991495786],[-43.84796284556369,61.05825940923091],[-44.25808774116473,61.869878095613615],[-43.84796284556369,64.20612586086018],[-42.793355971161034,65.40311483729091],[-39.69494684817376,65.18696970170159],[-39.68630692054485,65.1705585348195],[-39.726918187634695,64.99653967495622],[-39.89782043983196,64.95292242642107],[-40.042374578015554,64.981471620757]]],[[[-46.97205444862102,60.86373861904802],[-47.15937134315227,60.85638006802263],[-47.41620346595501,60.72299536343279],[-47.630475011365164,60.59680517788591],[-47.82239243079876,60.778190218169115],[-47.86935516883587,60.939025484282396],[-47.96923157264446,61.036910616118334],[-48.20001694251751,61.141627870757006],[-48.567913976208914,61.2461429464406],[-48.915463414685476,61.42103537197771],[-49.14827438880657,61.77232702847185],[-49.116444554822195,62.10383185024919],[-49.20595261146282,62.17429693813982],[-49.401295629040945,62.21632345791521],[-49.61146256019329,62.1947399007863],[-50.04793259193157,62.31408270474138],[-50.09668442298626,62.356410585600756],[-50.15892883826946,62.462428652007006],[-50.095936742322195,62.66799124355974],[-49.889325109021414,62.84574469204607],[-49.85748383094524,62.966544710356615],[-49.97367950965618,62.99473150845232],[-50.22172638465618,63.00849493618669],[-50.465817418591726,63.05066641445818],[-50.59093567420696,63.14998587246599],[-50.616742101208914,63.434806429106615],[-50.8230867057011,63.49145849819841],[-51.10051819373821,63.46953924771013],[-51.365765538708914,63.726012788969896],[-51.35501572181438,63.81178244229021],[-51.26595017005657,63.92637213345232],[-50.98794647742962,64.09154089565935],[-50.439015355603445,64.2430911886281],[-50.2569245963261,64.37973364468279],[-50.04263397742962,64.4375720846242],[-50.019913640515554,64.6100574361867],[-50.14448257972454,64.73932226772966],[-50.3573999076054,64.69574316616716],[-50.771840062634695,64.6590076314992],[-50.99374863197063,64.6154285299367],[-51.27965637733196,64.42807348843279],[-51.52139755775188,64.3701892721242],[-51.80484863807415,64.23334082241716],[-51.95738312293743,64.37656744595232],[-51.940175023572195,64.65683325405779],[-51.991654363171804,65.00974615688982],[-52.084332433240164,65.21262701626482],[-52.07773300697063,65.37242468472185],[-52.18693634559368,65.51769598599138],[-52.41381165076946,65.48089178677263],[-52.536007848279226,65.49521978970232],[-52.83536240150188,65.65488775845232],[-53.10253998328899,65.87324865933122],[-53.10843369056438,66.03403814907732],[-52.72966095496868,66.27637823696794],[-52.61050125648235,66.26797827358904],[-52.86044403602337,66.3531986105031],[-53.34805389930462,66.32427557583513],[-53.39427277137493,66.45181616421404],[-53.22169968177532,66.53085669155779],[-52.916851964490164,66.54446753140154],[-52.65323730994915,66.56776770229997],[-52.448048558728445,66.60731085415544],[-52.30317017127727,66.90946539517107],[-52.84682938148235,66.93058355923357],[-53.104203191296804,66.90795477505388],[-53.26725861121868,66.92242010708513],[-53.397416081921804,66.99593695278826],[-53.4495629935429,67.08444555874529],[-53.34943100501751,67.2102542745656],[-53.25116440345501,67.2139392721242],[-53.170311894910085,67.28580816860857],[-52.97809692908977,67.31033667202654],[-53.146710362927664,67.39514502163591],[-53.39495941688274,67.36226233120622],[-53.494122472302664,67.47349890347185],[-53.46844574500774,67.55819281216326],[-53.43576141883587,67.61761816616716],[-53.31903549720501,67.6178470480031],[-53.18010803748821,67.6626468526906],[-52.80789658118938,67.77477606411638],[-52.25998398353313,67.73864325161638],[-51.87598511268352,67.66508062954607],[-51.52680298377727,67.65088232632341],[-51.3565339713261,67.59181555386247],[-50.93936249305462,67.52581366177263],[-50.53911897259659,67.48805571153352],[-49.472532842377866,67.03273287353856],[-49.06240794677684,64.7863184095137],[-47.65626544757329,62.79478134157128],[-46.13294440676946,61.75918500066533],[-46.15809589644378,60.937403792612976],[-46.195851293103445,60.93519552822771],[-46.33108612586712,60.87194403286638],[-46.53102585365032,60.89255865688982],[-46.97205444862102,60.86373861904802]]],[[[-139.52424206220468,62.41569007667785],[-144.68009789261768,63.19218524961806],[-150.1289000770314,63.324002732781025],[-160.9394989447178,63.98492305338062],[-161.00630661536908,64.15789373989763],[-161.37294479896283,64.46636541958513],[-161.3609971671269,64.50956305142107],[-160.94391342689252,64.52476843472185],[-160.7896623282597,64.64031561489763],[-160.90219589759565,64.81319006558122],[-161.12569138099408,64.9282947408742],[-161.29062363197065,64.96410711880388],[-162.13664719154096,64.78921850796404],[-162.5615129141972,64.60096319790544],[-162.80194565345502,64.47088202114763],[-163.02521225501752,64.44165381069841],[-163.88339706947065,64.59127386685076],[-164.26511093665815,64.60499914761247],[-164.59991928626752,64.61876257534685],[-165.17119308997846,64.54565008755388],[-165.74068161536908,64.5589862691945],[-166.34773727943158,64.63710363979997],[-166.58603378822065,64.73040350552263],[-166.66852280189252,65.0846210348195],[-166.6037950186894,65.15014990444841],[-166.31743332435346,65.16522558804216],[-165.86377426673627,65.16608008022966],[-165.66328903724408,65.2464862691945],[-166.1386613516972,65.35480078335466],[-166.9990586905644,65.49169500942888],[-167.60156723548627,65.6000018941945],[-168.1797990470097,65.69388922329607],[-168.0813340811894,65.74522741909685],[-167.73000046302533,65.8629642355031],[-167.02422043372846,65.95946844692888],[-166.42819687415815,66.10719641323747],[-165.99724289466596,66.2034183370656],[-165.52136704017377,66.36595495815935],[-165.09273239661908,66.46976050015154],[-164.46313950111127,66.59615667935076],[-163.78244492103315,66.53848608608904],[-163.85339829017377,66.30294378872576],[-163.84308334876752,66.17811163540544],[-163.37004562904096,66.10560186978044],[-162.75850388099408,66.06275519009294],[-162.27507492591596,66.07097967739763],[-161.97949692298627,66.1155506002492],[-161.6268205313847,66.22629126187029],[-161.37917038490033,66.35901220913591],[-161.26143356849408,66.39603003140154],[-160.9229631095097,66.36724432583513],[-160.58469101478315,66.316432558257],[-160.1252336173222,66.33931311245622],[-160.03540512611127,66.48662909146013],[-160.03227707435346,66.56761511440935],[-160.34265610267377,66.59653051968279],[-161.2183732657597,66.72757300015154],[-161.79561325599408,66.74863012905779],[-161.93573471595502,67.08837469692888],[-162.5987443595097,67.16118963833513],[-163.03088852454877,67.17517431851091],[-163.73874374915815,67.21832617397966],[-163.82597824622846,67.44821508999529],[-164.04396530677533,67.5890384542531],[-164.51266953040815,67.796657167632],[-164.74297043372846,67.86329229946794],[-165.93999191810346,68.1598163473195],[-166.84352585365033,68.40520819302263],[-166.70106979896283,68.480495058257],[-166.33539291908002,68.66138037319841],[-166.29680344154096,68.87961920376482],[-165.33554550697065,68.90401800747576],[-164.89020248939252,68.93497046108904],[-164.06718918372846,69.06467779751482],[-163.71423813392377,69.22388800259294],[-163.5107316641972,69.50418432827654],[-163.15620895911908,69.7627673971242],[-162.87912460853315,69.99906500454607],[-162.51103683997846,70.18374975796404],[-162.1772355704472,70.28422125454607],[-161.69739243079877,70.33124121304216],[-161.18759628822065,70.4398914205617],[-160.71655746986127,70.45616491909685],[-159.90466782142377,70.42692144985857],[-159.83911606361127,70.51173742886247],[-159.9095811515019,70.60412939663591],[-160.24831100990033,70.76563604946794],[-160.24033066322065,70.85846289272966],[-159.36935898353315,70.89876135464372],[-158.85516830970502,70.88426550503435],[-158.4168595938847,70.90831335659685],[-157.81194016029096,70.97140081997576],[-157.31787582923627,71.1584964620656],[-156.90474411536908,71.34585913296404],[-156.47401901771283,71.3544422018117],[-156.34712692786908,71.33133276577654],[-156.04321762611127,71.22303351040544],[-155.97292038490033,71.14548071499529],[-156.14545151283002,71.08307226772966],[-156.1379747061894,70.92808111782732],[-155.66579147865033,70.86703070278826],[-155.47481247474408,70.85190161343279],[-155.23369308997846,70.98398169155779],[-155.09985825111127,71.07726629849138],[-154.4612931876347,70.99315985317888],[-153.77106186439252,70.97122534390154],[-153.29306503822065,70.9489017355031],[-152.97116562415815,70.9340091573781],[-152.65120407630658,70.8185306417531],[-152.48952194740033,70.69520147915544],[-152.1371202140019,70.53390081997576],[-151.91501328040815,70.4957767355031],[-151.72560593177533,70.53467138882341],[-151.1442002921269,70.48183020229997],[-150.63855454017377,70.47509344692888],[-149.9385118155644,70.49947699185076],[-149.28632065345502,70.5392337667531],[-148.74062058021283,70.4940448629445],[-148.12077805091596,70.37976416226091],[-147.7235459952519,70.32667120571794],[-146.18263718177533,70.26810034390154],[-145.60702988197065,70.19242437954607],[-145.27254196693158,70.1163822042531],[-144.3603410391972,70.13342627163591],[-143.30757614661908,70.19675024624529],[-142.8024797110722,70.09034308071794],[-141.7039689688847,69.73443945522966],[-141.16135117103315,69.59894140835466],[-141.05925461341596,69.59546240444841],[-140.73939987708783,69.58456762905779],[-140.33456894447065,69.6232410299367],[-139.90065475990033,69.57098730679216],[-138.99545761634565,69.36829718228044],[-138.27507492591596,69.13548620815935],[-137.72852036048627,69.01584204312029],[-137.2608537345097,68.96400030728044],[-136.93156906654096,68.94952734585466],[-136.20306870033002,68.87561377163591],[-135.80328842689252,68.77105291958513],[-135.61018845130658,68.70377691860857],[-135.49577805091596,68.71902807827654],[-135.69887253333783,68.98949774380388],[-135.85951706458783,69.07965429897966],[-136.01494308997846,69.14723547573747],[-136.04396530677533,69.3359866964406],[-135.4391984610722,69.52628668423357],[-135.10397812415815,69.49662359829607],[-134.84383102943158,69.5273929464406],[-134.77597519447065,69.57298620815935],[-133.99483200599408,69.5062518941945],[-133.64763351966596,69.50691565151872],[-133.14131638099408,69.67456396694841],[-133.00215622474408,69.75827368374529],[-132.8031358390019,69.75862463589372],[-132.50795456458783,69.85788305874529],[-132.16646286536908,69.88893469448747],[-131.77655502845502,69.9276386129445],[-131.44623276283002,69.96627386685076],[-131.2355088858769,70.07374914761247],[-131.05905624915815,70.15834387417497],[-130.71191879798627,70.2050052511281],[-130.24182602454877,70.20590551968279],[-129.8494767813847,70.15069159146013],[-130.0497941641972,69.96887549038591],[-130.20801254798627,69.91536291714372],[-130.70325180579877,69.85365637417497],[-131.1946153311894,69.68578680630388],[-131.7543840079472,69.60890539761247],[-132.3032121329472,69.48670538540544],[-132.61789413978315,69.25174292202654],[-133.41318222572065,69.13702734585466],[-133.71957871009565,68.9178729879445],[-133.33893295814252,68.79822119351091],[-132.69037338783002,68.46158941860857],[-132.7889756827519,68.7090564596242],[-132.71330734779096,68.8670917379445],[-132.1749620108769,68.98101385708513],[-131.9994249015019,69.08687933560076],[-131.67297836829877,69.27615698452654],[-130.89580246497846,69.30025824185076],[-130.46362778236127,69.4674335348195],[-129.94267746497846,69.64258917446794],[-129.01314255286908,69.72018011685076],[-128.72375961829877,69.87253912563982],[-128.30908676673627,69.99500616665544],[-127.93980118324016,70.07992132778826],[-127.72553726722454,70.18759497280779],[-127.80552383949016,70.31023748989763],[-128.121151891248,70.48648413296404],[-128.41585251380658,70.686305605132],[-128.01105972816205,70.6407962667531],[-127.66734024574016,70.51815374966326],[-127.35170456458782,70.38026007290544],[-127.16631790687298,70.23468359585466],[-126.99711319495891,70.0204349386281],[-126.79519363929485,69.78502234097185],[-126.61845871497844,69.6791492330617],[-126.0578508048222,69.4605213033742],[-125.97399612952923,69.43039282437029],[-125.45461746741985,69.33309515591326],[-125.27735611488079,69.34096106167497],[-125.1877107291386,69.40919836636247],[-125.41768356849407,69.69653662319841],[-125.38623520423626,69.81800421353044],[-125.13956924964641,69.83365210171404],[-124.98927780677532,69.8947025167531],[-124.70693680335735,69.94081457729997],[-124.5343904166386,69.7816425191945],[-124.50809952308391,69.59213598843279],[-124.60000320960735,69.46324499722185],[-124.22530075599407,69.40343054409685],[-123.80283829261516,69.43445929165544],[-123.29193588783001,69.63985022183122],[-123.05067917396282,69.86033209438982],[-122.83527847816204,69.89112433071794],[-122.32606216956829,69.88448675747576],[-121.63505264808391,69.76427801724138],[-120.84985825111126,69.56864508267107],[-120.22155472327923,69.41844519253435],[-119.27894302894329,69.26151617642107],[-118.81795212318157,69.16424139614763],[-118.53954788734173,69.13460119839372],[-117.83234116126751,69.00779303188982],[-117.32801529456829,68.97860296841326],[-116.81318375159954,68.91183050747576],[-116.32002731849407,68.89770849819841],[-115.68983170081829,68.93648871060076],[-115.28510757972454,68.89208563442888],[-114.83145615150188,68.76513250942888],[-114.38960739661907,68.60825689907732],[-114.19450851966594,68.49615057583513],[-114.10867020179485,68.34652289028826],[-114.3446931510136,68.2862048971242],[-114.7653703360722,68.30038794155779],[-115.02009293128704,68.27746924038591],[-115.40214249183391,68.21693762417497],[-115.56165787269329,67.89568670864763],[-114.06628891517376,67.734645448882],[-113.2897615103886,67.69891699429216],[-112.5025300650761,67.69295843716326],[-112.11188217689251,67.72342260952654],[-111.77983566810344,67.74637182827654],[-111.35673233558391,67.82159002896013],[-110.95406052161907,67.87451513882341],[-110.53196426917766,67.92000921841326],[-110.13336655189251,67.9058338033742],[-109.48879715491985,67.69111975308122],[-108.83538528968548,67.61059912319841],[-108.64619919349407,67.55892523403826],[-108.09502121497844,67.35959967251482],[-108.10113235999798,67.2188220846242],[-108.32774063636516,67.18139227505388],[-108.48516556312298,67.07013281460466],[-108.34801956702923,67.00387152310076],[-107.52763840247844,66.56298407192888],[-107.60024735023235,66.73958929653826],[-107.6110734610722,66.87971838589372],[-107.40584274818157,66.90224035854997],[-107.12817856361126,66.9618411886281],[-107.15620895911907,67.0430408346242],[-107.59381577064251,67.33831366177263],[-107.65141006995891,67.42718084927263],[-107.7165193228886,67.62755926724138],[-107.66202255775188,67.96261938687029],[-107.50445267249798,67.97784002896013],[-106.62961288978313,68.03915747280779],[-106.21191879798626,68.10709723110857],[-106.11858841468548,68.24175604458513],[-105.9119538932011,68.33936651821794],[-105.6359758048222,68.35485418911638],[-105.14194199134563,68.22861822720232],[-104.45434280921673,68.10291632290544],[-104.01886459876751,68.07389410610857],[-103.58273788978313,68.11950262661638],[-103.3074617057011,67.93351324673357],[-103.19611832191204,67.89646490688982],[-102.76308914710735,67.80044897671404],[-102.21799179603313,67.74194677944841],[-101.91296860267376,67.70532568569841],[-101.39744278480266,67.70627936001482],[-101.00199600745891,67.79630621548357],[-100.21192642738079,67.8052249776906],[-99.3676652579472,67.79192694302263],[-98.88602921058391,67.81515081997576],[-98.35487839271282,67.93530615444841],[-97.92310806800579,67.72021826382341],[-97.49550339271282,67.58721502896013],[-97.26068588783001,67.59509619351091],[-97.15115829993938,67.7365222799367],[-97.15858933021282,67.96737249966326],[-97.45818039466594,68.07123144741716],[-97.78757950355266,68.13031347866716],[-98.40710922767376,68.15903051968279],[-98.36706253577923,68.36095007534685],[-97.83035751868938,68.39937170620622],[-97.57178970863079,68.36991461392107],[-97.2100495963261,68.27335699673357],[-96.81831833411907,68.18440588589372],[-96.43210312415813,68.16273077603044],[-96.20792862464641,68.07355078335466],[-96.1680574088261,67.99158819790544],[-96.21100327064251,67.93185003872576],[-96.34024521400188,67.5448261129445],[-96.25960251380657,67.31505163784685],[-96.12275406409954,67.241237245757],[-96.04299637366985,67.21179541226091],[-95.68652054359173,67.16807135220232],[-95.2586564688847,67.02838476772966],[-95.29073044349407,67.27984198208513],[-95.50044724036907,67.72474249478044],[-95.43879410316204,67.94077643032732],[-95.32254501868938,68.06028326626482],[-95.00205704261516,68.05342444058122],[-94.63704392005657,68.0690189230031],[-94.08401199866985,68.45131262417497],[-93.8626603751347,68.47417791958513],[-93.64680191566204,68.47459753628435],[-93.41411301185344,68.54245337124529],[-93.39924332191204,68.60245855923357],[-93.46689316322063,68.76744421597185],[-93.63582321693157,68.92499121304216],[-93.77388474036907,68.92471655483904],[-94.13840958167766,68.841334902007],[-94.58306595374798,68.87808569546404],[-94.34251114417766,69.11190374966326],[-93.97977158118938,69.1427265035695],[-93.78439804603313,69.21850927944841],[-93.52708145667766,69.21897467251482],[-93.19426437904094,69.03869970913591],[-92.98549362708782,68.96380957241716],[-92.95613571693157,69.08434637661638],[-92.99247452308391,69.5145755636281],[-93.32716080238079,69.48372992153826],[-93.73071762611126,69.49808081265154],[-94.0367326407597,69.55047949429216],[-94.4232072501347,69.6936527120656],[-94.74957748939251,69.65517004604997],[-95.30957504798626,69.73746832485857],[-95.6969880728886,69.84295233364763],[-96.12698074866985,69.9408450948781],[-96.42262741615032,70.09300573940935],[-96.46397110511516,70.15418585415544],[-96.4740876822636,70.29984625454607],[-96.32550522376751,70.36152990933122],[-95.94667526771282,70.56986578579607],[-96.16534134437298,70.66958960171404],[-96.69965073158001,70.83835943813982],[-96.65924545814251,70.93118628140154],[-96.39831253577923,71.2027850973195],[-96.13158890296673,71.33528479214372],[-95.95746323158001,71.35116156216326],[-95.49297806312298,71.23551519985857],[-95.43042465736126,71.25116308804216],[-95.35268112708782,71.40671118374529],[-95.67177292396282,71.56962164517107],[-95.7620515494511,71.69424780483904],[-95.65868851234173,71.71004828091326],[-95.41064926673626,71.85898932095232],[-95.24577042152141,71.8749500143117],[-94.41721054603313,71.88431128140154],[-94.16578384925579,71.84570654507341],[-93.83813950111126,71.76034887905779],[-93.27116867591594,71.5585437643117],[-93.07691666175579,71.41099890347185],[-92.98890396644329,71.24022253628435],[-93.0994538932011,70.9687991964406],[-92.53204056312298,70.7303958761281],[-92.16814896156048,70.50767859097185],[-91.65772720863079,70.28584631558122],[-91.82776352454876,70.13225897427263],[-92.27079483558391,70.1161151754445],[-92.48423477699016,69.99328955288591],[-92.67121597816204,69.74241217251482],[-92.45926376868938,69.7124515401906],[-91.97731491615032,69.60731085415544],[-91.6150788932011,69.5852542745656],[-91.44098373939251,69.6461673605031],[-91.1724519400761,69.64666327114763],[-90.50776382972454,69.4889636861867],[-90.65864273597454,69.3299823629445],[-90.91227432777141,69.23138769741716],[-90.87084671546673,69.16359289761247],[-90.51269241859173,68.95337256069841],[-90.35121628333782,68.68316992397966],[-90.34002396156048,68.30860479946794],[-90.20366379310344,68.3368640768117],[-90.19424149085735,68.3388172018117],[-90.00918289710735,68.36909826870622],[-89.7355851798222,68.53431280728044],[-89.44108292152141,69.0457034933156],[-89.14040848304485,69.2346912252492],[-88.9050187735722,69.22760351772966],[-88.5761384635136,69.1000476705617],[-88.09737106849407,68.8525882589406],[-87.88440414954876,68.68025549526872],[-87.79025742103313,68.47801550503435],[-87.86149307777141,68.2833515035695],[-88.0130510001347,68.26810034390154],[-88.37113663245891,68.31228979702654],[-88.46198746253704,68.17760809536638],[-88.48145767738079,67.99102362271013],[-88.32388016273235,67.8125491964406],[-87.80835434486126,67.5162616598195],[-87.53399368812298,67.29434546108904],[-87.3254060416386,67.16891058560076],[-87.05794235755657,67.24338873501482],[-86.65454575111126,67.31820257778826],[-86.48843857337688,67.37778814907732],[-86.39503189613079,67.67486151333513],[-86.05096146156048,67.85401495571794],[-85.78174301673626,68.04082831021013],[-85.66953751136516,68.3397937643117],[-85.50632950355266,68.67721136685076],[-85.39984604408001,68.7599597799367],[-84.77272507240032,68.7235828268117],[-84.62458511878704,68.75390967007341],[-84.56435104896282,68.98704870815935],[-85.00759598304485,69.13682898159685],[-85.42065140296673,69.29444464321794],[-85.3810701041386,69.695338808257],[-85.1133699088261,69.81714972134294],[-84.75945755531048,69.80261572476091],[-84.57021805335735,69.8333240377492],[-84.31351944495891,69.82621344204607],[-82.75667282630657,69.54878576870622],[-82.16050430824016,69.2477069723195],[-81.93275925208782,69.24814184780779],[-81.68396469642376,69.27876623745622],[-81.47992416908001,69.1886478292531],[-81.36990829993938,68.72242315884294],[-81.58302780677532,68.6020007955617],[-81.77710434486126,68.55667456265154],[-81.88645645667766,68.57896002407732],[-82.20959183265423,68.81850012417497],[-82.3278474478886,68.81827124233904],[-82.68726822425579,68.69747503872576],[-82.63178726722454,68.5550800191945],[-82.49299332191204,68.32328375454607],[-82.17829605628704,67.99535711880388],[-81.79372879554485,67.75780066128435],[-81.29496475745891,67.4987293111867],[-81.28435226966594,67.35788305874529],[-81.49921890784954,67.06891211147966],[-81.69673630286907,66.98728521938982],[-82.32999130775188,66.63962133999529],[-82.63348099281048,66.60227545376482],[-83.13871475745891,66.37349279995622],[-83.48195358802532,66.49772223110857],[-84.2264070182011,66.93088873501482],[-84.49036881019329,67.0485339986867],[-84.7138566641972,67.07027777310076],[-85.02158829261516,66.9441409933156],[-84.4077043204472,66.70936926479997],[-83.74045273353313,66.30630835171404],[-84.05871292640423,66.27637060757341],[-84.3699845938847,66.31246527310076],[-84.94954392005657,66.2747073995656],[-85.11850449134563,66.33306463833513],[-85.38676163245891,66.61182745571794],[-85.90318008949016,66.61822851772966],[-86.73898788978313,66.5651355611867],[-86.8531388907597,66.46201666470232],[-86.5768708853886,66.35237463589372],[-85.9871492057011,66.16278418179216],[-86.05865952064251,66.07476385708513],[-86.3337068228886,65.92789801235857],[-87.25401016761516,65.43011816616716],[-87.54983994056438,65.3495365011281],[-87.78694626380657,65.34908636685076],[-88.17352768470501,65.45750006313982],[-88.54085251380657,65.67544897671404],[-88.64201065589641,65.71173437710466],[-89.17739578773235,65.81294592495622],[-89.50872513343548,65.9292484151906],[-89.77756973792766,65.97996100063982],[-90.20366379310344,65.97355230923357],[-90.33375259925579,65.97159918423357],[-90.88001724769329,65.8931156026906],[-90.20366379310344,65.76792486782732],[-89.6923722891972,65.67328222866716],[-88.90442368079876,65.32516058560076],[-88.17144485999798,65.13038214321794],[-87.61630722572063,65.0733905660695],[-87.15728470374798,65.05958899136247],[-87.43523117591594,64.568873964507],[-87.9917878775761,64.25168188687029],[-88.3770646720097,64.0573230611867],[-88.7044572501347,63.985065065581225],[-89.07741257240032,63.96287115688982],[-89.49484726478313,64.01940497036638],[-89.97269150306438,64.19054754849138],[-89.99451157142376,64.03280218716326],[-90.00580307533001,63.9038577901906],[-89.86152359534954,63.6466556417531],[-89.87039658118938,63.57521780605974],[-90.20366379310344,63.56135138149919],[-90.22967239906048,63.56026419277849],[-90.8438615470097,63.609088503081225],[-91.5861711173222,63.793544374663256],[-91.98384567786907,63.82856329556169],[-93.31687637855266,63.97362097378435],[-92.3510408072636,63.58483465786638],[-91.64173599769329,63.51474722500505],[-91.02674576331829,63.39461477871599],[-90.77393814613079,63.302386842924975],[-90.62544724036907,63.181544862944506],[-90.6305818228886,63.09612616177263],[-90.9196443228886,62.94618948574724],[-91.41749283363079,62.852889620024584],[-92.06037613441204,62.88721426602068],[-92.29017349769329,62.9152103292531],[-92.45530411292766,62.7941051351613],[-91.8908586173222,62.6035533773488],[-92.10219284583782,62.411822878081225],[-92.5791902213261,62.269340120512865],[-93.23328873206829,61.971297823149584],[-93.42261978675579,61.858031831938646],[-93.3245744376347,61.54114111538591],[-93.46560379554485,61.435348116118334],[-93.87430283118938,61.343192659575365],[-94.01383682777141,61.21648748989763],[-94.25195023109173,60.92843588467302],[-94.37603470374798,60.79513510342302],[-94.48430344154094,60.49420889492693],[-94.60756393958782,60.24970587368669],[-94.75318619300579,59.94999273892107],[-94.72808548499798,59.762904726225756],[-94.80027481605266,59.513549410063646],[-94.74500748206829,59.119803987700365],[-94.68383499671673,58.87849386807146],[-94.41486069251751,58.71365316982927],[-94.30231186439251,58.70698507900896],[-94.18649765540813,58.66588934536638],[-93.88757034827923,58.65957983608904],[-93.36378952552532,58.701869569975756],[-93.23948380042766,58.68147238369646],[-93.07417770911907,58.55101355190935],[-92.88842484046673,58.207694612700365],[-92.52271744300579,57.687274538237475],[-92.42361923743938,57.386466585356615],[-92.48305222083782,56.97671469326677],[-92.40409578747519,56.97508393725052],[-92.71141469288669,56.83125797836517],[-93.82461083808953,56.86329884105465],[-102.14428729171048,57.21394132630312],[-111.28421353653351,58.55314202309659],[-114.56521270134176,60.59956315497872],[-118.19774749095093,62.712635573894396],[-124.93551363296793,64.83463268032534],[-132.43494029538678,62.496969371290604],[-139.52424206220468,62.41569007667785]]],[[[-65.47452255775188,76.09859808560076],[-66.02683731605266,76.1731677877492],[-66.68391892005657,76.30668219204607],[-66.54037949134563,75.97068365688982],[-66.56342026283001,75.928737245757],[-67.03665634681438,75.93623694058122],[-67.61905380775188,76.0189700948781],[-69.04484268714641,76.29375799771013],[-68.35297104408001,76.54862555142107],[-68.1443986563847,76.59984930630388],[-68.18594070960735,76.70160254116716],[-68.37633987952923,76.77777441616716],[-68.85623642493938,76.78535803433122],[-69.85101028968548,76.79198797817888],[-70.21667191077923,76.82532843228044],[-70.49995132972454,76.8333240377492],[-71.05698868324016,77.02849920864763],[-71.44827744056438,77.12186010952654],[-71.18388077308391,77.25953253384294],[-70.61842056800579,77.27779730435076],[-69.25207230140423,77.21171148892107],[-68.34064194251751,77.19630774136247],[-67.73630234290813,77.18888434048357],[-66.7837800650761,77.2593265401906],[-66.30934616615032,77.35474737759294],[-66.17778488685344,77.39800604458513],[-66.1534089713261,77.5531726705617],[-66.43559738685344,77.68224676724138],[-66.80472275306438,77.77682074185076],[-67.3522843985722,77.70645483608904],[-67.85181137611126,77.5930896627492],[-68.44123550941204,77.58333929653826],[-68.95322128822063,77.6342273580617],[-69.29207321693157,77.59898718472185],[-69.68751999427532,77.5550800191945],[-69.9936418204472,77.5803943502492],[-70.37952133704876,77.66610296841326],[-70.67803665687298,77.83014258022966],[-71.04520889808391,77.91627081509294],[-71.34299942542766,77.9417987691945],[-71.66946884681438,77.9151111471242],[-71.88843246986126,77.94943579312029],[-72.5253801016972,78.16613348599138],[-72.5452775626347,78.3235355245656],[-72.38322922279094,78.52572973843279],[-72.0187654166386,78.57922705288591],[-71.46276566077923,78.62432440396013],[-70.78020187904094,78.68733557339372],[-69.84684464027141,78.75975378628435],[-69.26627060462688,78.7961917745656],[-68.83852860023235,78.97410925503435],[-68.34851547767376,79.0904804098195],[-67.96912857581829,79.12678869839372],[-66.85430618812298,79.12891729946794],[-66.35871597816204,79.1743656026906],[-65.48489090491985,79.15823706265154],[-65.30409714271282,79.22092016812029],[-65.16448685218548,79.3103748189992],[-64.89053818275188,79.3823734151906],[-64.79951187659954,79.67840155239763],[-64.67545792152141,79.90390356655779],[-64.62318131019329,79.94921454067888],[-65.02371689368938,80.05176886196794],[-65.89964005042766,80.06920965786638],[-66.41940781165813,79.98192938442888],[-66.85121628333782,80.03850897427263],[-67.41029068519329,80.2107425558156],[-67.14280411292766,80.56214483853044],[-66.52167984534954,80.71127661343279],[-65.24133774329876,80.87276800747576],[-64.60832687904094,80.9739490377492],[-63.72541138221477,81.08617743130388],[-62.81141255638844,81.15595684596342],[-63.35819002201287,78.2356337190557],[-62.44868119723538,76.33836403843989],[-62.467633214490164,76.3399921285695],[-62.91620728065227,76.36447485562029],[-63.65076920081829,76.37993963833513],[-64.00380035926555,76.29492529507341],[-64.4733552603886,76.25186499233904],[-64.83591934730266,76.16703375454607],[-65.47452255775188,76.09859808560076]]],[[[-102.27919479896282,73.14715918179216],[-101.98523422767376,73.08414038296404],[-101.52065750648235,72.87084540005388],[-101.04201981116985,72.76880987759294],[-100.83488937904094,72.74547918911638],[-100.55804916908001,72.87264593716326],[-100.14954849769329,73.15112646694841],[-99.96296402503704,73.16739233608904],[-99.9550447135136,73.26287420864763],[-100.43335434486126,73.517116152007],[-100.91383072425579,73.70812567349138],[-100.99365707923626,73.81210669155779],[-100.93396469642376,73.86034735317888],[-100.17654129554485,73.82167395229997],[-99.85664078284954,73.9185291158742],[-99.66770645667766,73.91888769741716],[-99.21940323402141,73.7433353292531],[-98.96750351478313,73.72777136440935],[-98.7065324454472,73.75229986782732],[-98.51103683997844,73.86486395474138],[-97.9566316275761,73.92206152554216],[-97.34714218665813,73.89111670132341],[-96.93672653724407,73.78765448208513],[-97.08239456702923,73.66727026577654],[-97.3434724478886,73.61080511685076],[-97.4888581900761,73.458766542632],[-98.18634506751751,73.2900882589406],[-98.36283585120891,73.21812780972185],[-98.39371201087688,73.13058050747576],[-98.2796525626347,73.01959570522966],[-98.05192276527141,72.97244604702654],[-97.74046036292766,73.01267584438982],[-97.2546281485722,72.93429907437029],[-96.86413284827923,72.8241229879445],[-96.68853470374798,72.81653936978044],[-96.43457504798626,72.69835241909685],[-96.35086533118938,72.50115545864763],[-96.65746780921673,72.34305151577654],[-96.72786423255657,72.18572577114763],[-96.84962173988079,71.87977179165544],[-97.05519577552532,71.71526678677263],[-97.28400894691204,71.65240057583513],[-97.58003708411907,71.64402350063982],[-97.84193131019329,71.69036444302263],[-98.18997665931438,71.84595068569841],[-98.4839753775761,71.892360292632],[-98.47840591956829,71.79854162808122],[-98.00388046790813,71.54967840786638],[-98.37187668372844,71.36996801968279],[-98.71809097816204,71.35375555630388],[-98.93899246741985,71.39222296353044],[-99.43434616615032,71.64056738491716],[-99.86262985755657,71.92893561001482],[-100.31894394447063,72.13972815151872],[-100.75919815589641,72.24100836392107],[-101.40628525306438,72.2948490011281],[-101.65373703529094,72.373073183257],[-102.66872879554485,72.85284002896013],[-102.27919479896282,73.14715918179216]]],[[[-95.87341782142376,76.51327856655779],[-96.27653976966594,76.73324164028826],[-96.80946823646282,76.91969641323747],[-96.72310349036907,77.0223880636281],[-95.62853714515423,77.04159887905779],[-94.93447586585735,76.92328222866716],[-94.2718171744511,76.89894446011247],[-94.19506546546673,76.89906653042497],[-93.79452988197063,76.7379642355031],[-93.87482163001751,76.62733801479997],[-93.81957718421673,76.48328741665544],[-93.93760391761516,76.398463808257],[-94.50722977210735,76.42276342983904],[-95.53256699134563,76.4969745504445],[-95.72408005286907,76.47120245571794],[-95.87341782142376,76.51327856655779]]],[[[-88.32573410560344,74.68200262661638],[-88.39015671302532,74.99047430630388],[-88.94714066077923,74.93242987271013],[-89.12196060706829,74.85086401577654],[-89.26858231116985,74.70455511685076],[-89.69807907630657,74.61462744351091],[-90.15305801917766,74.62996252651872],[-90.20365616370891,74.64215429897966],[-90.52029892493938,74.71844061489763],[-91.05400558997844,74.97726782437029],[-91.35767075111126,74.75738104458513],[-91.86679550697063,74.78889807339372],[-92.16646286536907,75.09879644985857],[-92.36552139808391,75.42128332729997],[-92.10123154212688,75.63806494351091],[-92.09277817298626,75.80506476040544],[-92.22411819984173,75.94715460415544],[-92.78617569495891,76.2402835714406],[-93.06393906165813,76.37475927944841],[-93.08487412025188,76.52703436489763],[-92.79890152503704,76.58692511196794],[-92.24705215980266,76.62192114468279],[-91.1346330313847,76.63252600308122],[-90.79144760658001,76.5907703268117],[-90.28858658363079,76.4730716573781],[-90.20367142249798,76.45518072720232],[-89.81152817298626,76.37251623745622],[-90.0871247916386,76.2875476705617],[-90.20366379310344,76.28165777798357],[-90.60622116615032,76.2612796651906],[-90.99005600501751,76.18470343228044],[-91.15639969398235,75.97433813687029],[-90.64653488685344,75.95013006802263],[-90.20364853431438,75.96699865933122],[-90.18295761634563,75.96777685757341],[-89.80173965980266,75.91820105190935],[-89.59354874183391,75.85998877163591],[-89.36940475990032,75.65158423062029],[-89.04219528724407,75.46079596157732],[-88.76273056556438,75.41980322476091],[-88.66658493568157,75.45320471401872],[-88.64735123206829,75.59464605923357],[-88.51881119300579,75.61986883755388],[-88.03487106849407,75.6207767355031],[-87.63766953040813,75.70489843960466],[-87.29289719154094,75.65550573940935],[-86.91690537025188,75.54795416470232],[-86.61799332191204,75.432155214507],[-86.17895981361126,75.40808447476091],[-85.83033463050579,75.61661871548357],[-85.20330521156048,75.74293097134294],[-84.43665787269329,75.79451330776872],[-83.5586824088261,75.90492590542497],[-82.86867996741985,75.88112219448747],[-81.70312210609173,75.8749500143117],[-81.53155991126751,75.85853918667497],[-81.17606064368938,75.7171893941945],[-80.76611038734173,75.60955389614763],[-80.12798019935344,75.54416998501482],[-79.83384415199016,75.48652990933122],[-79.73917862464641,75.47008856411638],[-79.5766496329472,75.39566382046404],[-79.49518295814251,75.279811464507],[-79.6751374869511,75.21329077358904],[-80.49992081214641,75.03009375210466],[-80.56049057533001,74.91556128140154],[-80.34932419349407,74.61590155239763],[-81.4682511954472,74.5814472066945],[-81.73454758216594,74.57284124966326],[-82.02741715003704,74.53186377163591],[-82.37299057533001,74.55549963589372],[-82.75358292152141,74.6275897848195],[-82.93595596839641,74.68396338101091],[-83.07375046302532,74.98405035610857],[-83.44872757484173,75.08227118130388],[-83.61359879066204,75.02420385952654],[-83.58102890540813,74.69896277065935],[-83.82236191322063,74.6417957174367],[-84.1585359244511,74.66548498745622],[-84.56786819984173,74.61612280483904],[-84.89556595374798,74.62362249966326],[-85.11821457435344,74.62321051235857],[-85.72237106849407,74.719264589507],[-85.98914810706829,74.80799444790544],[-86.21156021644329,74.81569250698747],[-86.30568405677532,74.62095984097185],[-87.11603256751751,74.57089575405779],[-87.48978134681438,74.53784521694841],[-88.1436433463261,74.56897314663591],[-88.32573410560344,74.68200262661638]]],[[[-75.92493912269329,82.51744421597185],[-75.80209824134563,82.6801257955617],[-76.2339982657597,82.90875586147966],[-76.60654923011516,83.04038580532732],[-76.38208481361126,83.15191229458513],[-75.72928329993938,83.09775885220232],[-74.90498825599407,83.02203711147966],[-74.16105362464641,82.9905506002492],[-73.42364212562298,82.783473573882],[-73.25343796302532,82.77292212124529],[-73.22588058997844,82.86053045864763],[-73.36116501380657,83.10303839321794],[-72.5595369010136,83.10483893032732],[-71.92592331458782,83.0840564596242],[-71.55182358314251,82.96325262661638],[-71.17767044593548,82.81030615444841],[-70.89964005042766,82.81091650601091],[-70.91941544105266,82.9315906393117],[-71.06805130531048,83.14152105923357],[-70.58430191566204,83.17604406948747],[-68.92305466224407,83.00220068569841],[-67.69633194495891,82.87279852505388],[-66.82488724281048,82.90768774624529],[-65.48093124915813,82.89966162319841],[-65.0457658438847,82.87870367642107],[-64.7052888541386,82.8246570455617],[-64.6485261588261,82.82477148647966],[-64.0098428397343,82.78243597622576],[-63.51987167884563,82.69630011196794],[-63.18510529090618,82.65362127896013],[-62.4271020560429,82.633571230132],[-61.816342320935476,82.47298010464372],[-61.989376988904226,82.31192358608904],[-62.54635712196087,82.25741919155779],[-63.088700261609304,82.09728582974138],[-63.92060562659954,82.01119574185076],[-64.36049362708782,82.03129156704607],[-65.34669205238079,82.10294684048357],[-66.3745011954472,82.1007343160695],[-66.7235994010136,82.03673895474138],[-67.58518692542766,81.96132238979997],[-67.85378738929485,81.75201758022966],[-67.51643082191204,81.58725317593279],[-67.17384048988079,81.56735571499529],[-66.71056839515423,81.58894690151872],[-65.94338699866985,81.71458014126482],[-65.58789536048626,81.70499762173357],[-65.22433945228313,81.5098377096242],[-65.29983231116985,81.45840796108904],[-65.86057755042766,81.39586218472185],[-66.48169418861126,81.3028827535695],[-67.00993820716594,81.17003973599138],[-67.95411392738079,80.93699225063982],[-68.54623886634563,80.83604773159685],[-69.08180710365032,80.67632635708513],[-69.49747177650188,80.54748877163591],[-70.51105972816204,80.54539068813982],[-70.21854111243938,80.13744696255388],[-70.4205217032597,80.05044897671404],[-71.45447250892376,79.84579046841326],[-71.79983994056438,79.8541751730031],[-72.51384445716594,79.87084540005388],[-73.17184921790813,79.96901281948747],[-74.2454728751347,80.0426746236867],[-74.54227158118938,79.894069277007],[-73.37603470374798,79.58111914272966],[-73.67390152503704,79.5177493917531],[-74.10912796546673,79.5348621236867],[-74.69301315833782,79.52475317593279],[-75.17368027259563,79.51486548062029],[-76.3346833853886,79.61134680386247],[-77.23877426673626,79.5826907980031],[-77.2991609244511,79.28556402798357],[-76.73341080238079,79.33287390347185],[-76.25381180335735,79.32484778042497],[-75.21375748206829,79.19302710171404],[-74.96309372474407,79.12227209683122],[-74.90886398841594,78.82077368374529],[-75.05744644691204,78.7321277486867],[-75.52126785804485,78.6782718526906],[-75.7530412345097,78.36124762173357],[-76.23600479652141,78.35155066128435],[-76.43763443519329,78.37747534390154],[-76.61846634437298,78.29825171108904],[-76.48483749915813,78.18409308071794],[-76.14319321204876,78.0719714986867],[-76.2906388907597,78.01065405483904],[-77.01714798499798,77.97446783657732],[-77.40726944495891,77.99114569302263],[-78.17676254798626,78.06809576626482],[-78.36676498939251,78.03287085171404],[-78.18244644691204,77.67718084927263],[-78.21856400062298,77.57334478970232],[-78.51054092933391,77.44339331265154],[-78.85540482093548,77.3738284933156],[-79.53947159339641,77.42421301479997],[-80.4571199088261,77.47416266079607],[-81.10028549720501,77.57650335903826],[-81.55392929603313,77.54110296841326],[-82.10242935706829,77.31605108853044],[-81.6384172110722,77.26539953823747],[-81.47284409095501,77.2399402486867],[-80.5033845572636,77.19032629604997],[-79.71194931556438,77.13182409878435],[-79.02187820960735,77.05609472866716],[-78.1214265494511,77.04070623989763],[-77.82433792640423,76.88757666226091],[-77.8040666251347,76.72584112759294],[-78.21225449134563,76.54684790249529],[-79.42032333900188,76.42604406948747],[-79.83747574378704,76.37455328579607],[-80.31186386634563,76.27240332241716],[-80.81350418616985,76.23771246548357],[-81.02364059974407,76.36385687466326],[-81.38230606605266,76.65105780239763],[-81.63404556800579,76.63363226528826],[-81.91791245033001,76.63306006069841],[-82.57185074378704,76.77632483120622],[-82.57236191322063,76.69974859829607],[-82.4235734610722,76.47110327358904],[-83.08795639564251,76.47829016323747],[-83.76330277015423,76.53631170864763],[-84.15717789222454,76.6797595846242],[-84.62186905433391,76.89168127651872],[-84.79639908363079,76.8657718526906],[-84.55935379554485,76.54324682827654],[-84.66750809241985,76.46683081265154],[-85.03705307533001,76.40692480679216],[-85.81091019202923,76.45618017788591],[-86.83530899574016,76.47118719692888],[-87.27270981361126,76.50420721646013],[-87.89473434974407,76.68114813442888],[-88.18344589759563,76.74010046597185],[-88.31023880531048,76.53611334438982],[-88.58884140540813,76.46783026333513],[-89.41812607337688,76.61032446499529],[-89.34565445472454,76.87417944546404],[-89.24700638343548,76.97679480190935],[-88.56066605140423,77.02938421841326],[-88.2863435416386,77.14117773647966],[-87.85390183021282,77.21921881313982],[-87.32338425208782,77.2030521261281],[-87.09915634681438,77.28074225063982],[-87.58183762122844,77.46057470913591],[-88.0512361197636,77.75362738247576],[-88.02763840247844,77.82307776089372],[-87.8124665885136,77.87560614224138],[-87.21999832679485,77.85935553188982],[-86.43570419837688,77.81746252651872],[-86.03608414222454,77.72281988735857],[-85.5375871329472,77.49034460659685],[-84.92994400550579,77.34507330532732],[-84.4417390494511,77.30302008267107],[-83.6917390494511,77.31302984829607],[-83.3188142447636,77.37395819302263],[-83.2797746329472,77.49463995571794],[-83.04858109046673,77.63122137661638],[-84.4070939688847,77.63070257778826],[-84.86829849769329,77.70772894497576],[-84.93851181556438,78.09006079312029],[-84.84344193031048,78.15964087124529],[-85.62624069740032,78.22853430386247],[-86.50986954261516,78.29687842007341],[-86.63319107581829,78.29664190884294],[-86.91718765784954,78.24524267788591],[-86.82543655921673,78.58613928433122],[-86.30379196693157,78.83436926479997],[-85.80681320716594,78.90618475552263],[-84.9799699454472,78.90774878140154],[-84.45631119300579,78.89104803677263],[-83.83996292640423,78.85679205532732],[-82.92934128333782,78.71704443569841],[-82.32560440589641,78.66527899380388],[-82.10682388831829,78.73631628628435],[-81.59718033363079,78.75461920376482],[-83.12690445472454,79.11556585903826],[-83.9108781485722,79.25663336392107],[-85.51047989417766,79.82787665005388],[-85.69302078773235,79.71915777798357],[-86.32239243079876,80.11429175015154],[-86.31092545081829,80.23020514126482],[-86.17014786292766,80.2789798605031],[-85.38410660316204,80.23207434292497],[-84.52676865150188,80.23385199185076],[-83.6183747916386,80.20665320034685],[-82.89854141761516,80.03467138882341],[-81.75810715247844,79.68190344448747],[-81.10627457191204,79.70112951870622],[-80.73164841224407,79.6585193502492],[-81.35573288490032,79.90811499233904],[-82.2625627188847,80.05098303433122],[-81.71874710609173,80.38537939663591],[-81.0636872916386,80.53345068569841],[-80.28473373939251,80.54488714810076],[-79.59666153480266,80.64473303433122],[-78.67793747474407,80.67624243374529],[-78.15715500404094,80.72676428433122],[-77.52088638831829,80.74994238491716],[-78.32092758704876,80.965358339507],[-78.5658794653794,80.99165344853304],[-76.95456267707235,81.39861690021824],[-75.98783970886988,82.34208530365676],[-76.02439977354966,82.53072468985056],[-75.92493912269329,82.51744421597185]]],[[[-54.48590179969524,69.56363257046404],[-54.57440277625774,69.60885199185076],[-54.68687531043743,69.70702704067888],[-54.72269150306438,70.08692511196794],[-54.59369751502727,70.24023779507341],[-54.42833801795696,70.2481952535695],[-54.13745972205852,70.18746527310076],[-53.61670013953899,70.15783270474138],[-53.037491765515554,70.03655584927263],[-52.701188054578054,69.91539343472185],[-52.433556523816335,69.870387636382],[-52.08398529578899,69.772487245757],[-51.81285187293743,69.62156256313982],[-51.87741180946087,69.53068121548357],[-51.927941289441335,69.51549109097185],[-52.172604527966726,69.49234350796404],[-52.52107712318157,69.47657354946794],[-52.86744019080852,69.39284094448747],[-53.321713414685476,69.32408484097185],[-53.55149933387493,69.27841528530779],[-53.80711456824993,69.33826788540544],[-54.125260320203054,69.48115881558122],[-54.48590179969524,69.56363257046404]]],[[[-60.1714630701033,53.29857710058178],[-59.71703430701946,53.4313121664113],[-59.47287079383587,53.471854768950365],[-59.18075653602337,53.51914175625505],[-58.64011093665813,53.867675386626146],[-58.07691666175579,54.08285864468279],[-57.56114288856243,54.13071020718279],[-57.2630395560429,54.02418097134294],[-57.105824437634695,53.870631777007006],[-57.285199132458914,53.66976126309099],[-57.268944707410085,53.616324983794115],[-57.13083359290813,53.48302801724138],[-56.85379883338665,53.58374365444841],[-56.64929291297649,53.65759619351091],[-56.35446259071087,53.57132300015154],[-56.12695583342671,53.46584387832734],[-58.78822689960135,52.57259027862411],[-60.1714630701033,53.29857710058178]]],[[[169.48091979943723,61.192640399715565],[172.4408476128738,63.07842210456581],[171.76813674618367,65.85917681241212],[168.13549806605704,67.45778023799447],[155.89216029229675,68.16901029658281],[130.86731605142418,69.90104204211539],[124.54383390453704,71.58610355723228],[123.5007008987776,73.50494943844788],[124.22215560386921,73.69691046353044],[124.45666793297077,73.70529516812029],[124.8176603646114,73.658229433257],[125.3346281380489,73.5240741598195],[125.71732619713093,73.39780005093279],[126.48701766441609,73.38340338345232],[127.0968351692989,73.41625555630388],[127.71956160972859,73.4015384542531],[128.3147840828731,73.20751532192888],[128.49888137291217,73.12594183560076],[128.52492812584185,72.9523425924367],[128.29104140709185,72.91247900601091],[128.17055800865435,72.89652594204607],[127.31350234459187,72.71388586636247],[126.2164411873653,72.38231238003435],[126.11130050133015,72.28037603970232],[126.22529891441609,72.24934729214372],[126.69000533531452,72.21892889614763],[127.12090590904499,72.21193274136247],[127.41754439781452,72.14218481655779],[127.71409896324421,72.01011236782732],[128.1701307625606,71.83187445278826],[128.43249038170123,71.75462683315935],[128.7835340828731,71.53804358120622],[129.35520461509967,71.1756854879445],[130.1717176766231,70.81534918423357],[130.77927688072467,70.67834051724138],[131.05480483482623,70.68650396938982],[131.4126844734981,70.86376532192888],[131.79166701744342,71.18792303677263],[132.28361037681842,71.66087683315935],[132.55375197838092,71.80897101040544],[132.68426040123248,71.80141028042497],[132.7906141609981,71.59201391812029],[133.13840774009967,71.45321234341326],[133.7439070076778,71.32284887905779],[134.24135878990435,71.26194342251482],[134.62290481041217,71.30131109829607],[135.51061538170123,71.51182135220232],[135.86063674400592,71.54344519253435],[136.22661879966998,71.51315649624529],[136.7650251717403,71.40578039761247],[137.62967971275592,71.07541998501482],[137.77126601646685,71.0988269674367],[137.8549452156856,71.12980230923357],[138.07578566978717,71.24595221157732],[138.17544082115435,71.3620105611867],[138.11381057213092,71.38510473843279],[138.1193952889278,71.47020300503435],[138.44611648033404,71.61027105923357],[138.67487624595904,71.61844977017107],[138.89985183189654,71.50264319058122],[139.15876296470904,71.41796454067888],[139.7444715828731,71.40359839077654],[139.8256941170528,71.62836035366716],[139.73856643150592,71.83789404507341],[139.80597976158404,72.00147589321794],[139.84789565513873,72.23560675259294],[139.33877089927935,72.1643558370656],[139.04995253990435,72.16382177944841],[138.96934035728717,72.2105213033742],[139.16831496666217,72.34379156704607],[139.31179336021685,72.38319738979997],[139.75561049888873,72.42317541714372],[140.21502211998248,72.43185003872576],[140.5890760750606,72.49523504849138],[141.29397109459185,72.78707464810076],[141.40839675377154,72.78729590054216],[142.20023635338092,72.67872198696794],[142.90252211998248,72.617213808257],[143.81882766197467,72.53262671108904],[144.26743606041217,72.50207861538591],[144.56183913658404,72.45562323208513],[145.59995559166217,72.42622717495622],[144.82036879966998,72.14334448452654],[145.2095594734981,72.1206775533742],[145.66462233970904,72.16052588101091],[145.81499770591998,72.09839972134294],[145.6781874031856,71.92672308560076],[145.26140883873248,71.8403812276906],[144.88077834556842,71.72314795132341],[144.80126479576373,71.5911136495656],[145.10038283775592,71.57618292446794],[145.33378127525592,71.63085516567888],[145.74624160240435,71.69371374722185],[146.18606093834185,71.84209784146013],[146.9151258797481,72.20190008755388],[148.15946486900592,72.19639929409685],[148.6979627938106,72.1661868917531],[149.10447219322467,72.08892401333513],[149.53032973716998,72.02736242886247],[149.62253859947467,71.94185980435076],[149.72198012779498,71.89520605679216],[148.71085647056842,71.62939795132341],[148.9621687264278,71.56785925503435],[149.7154188484981,71.4376483785695],[150.69370559166217,71.34668310757341],[151.1194715828731,71.25476416226091],[151.47996047447467,71.08581122036638],[151.64484694908404,70.89377936001482],[151.89907363365435,70.73301275845232],[152.13401320884967,70.66443213101091],[152.79058364341998,70.68098791714372],[153.4044294686153,70.72815283413591],[153.91649917076373,70.79046972866716],[155.04923537681842,70.9385486471242],[156.0431776375606,70.98655279751482],[157.39641860435748,70.927516542632],[158.07795241783404,70.86731299038591],[158.40867141197467,70.81418951626482],[158.93413833091998,70.62346991177263],[159.2292127938106,70.54745062466326],[159.46557143638873,70.39498480435076],[159.62790969322467,70.21980627651872],[159.57267287681842,69.99896582241716],[159.4438124031856,69.76456030483904],[159.67295363853717,69.6519275533742],[160.0166120858028,69.62243231411638],[160.39239028404498,69.61560400601091],[160.6816053719356,69.57847937222185],[160.6740370125606,69.27026709194841],[160.86234572838092,69.08311804409685],[161.17081740806842,69.15864904995622],[161.4161024422481,69.35423620815935],[161.96099379966998,69.52816351528826],[162.1177625984981,69.55855902310076],[162.27485183189654,69.5362811910695],[163.03823378990435,69.54520758267107],[163.72240737388873,69.6744876730031],[164.05369094322467,69.66003759976091],[164.31817153404498,69.46485479946794],[164.63646987388873,69.41282232876482],[165.33014968345904,69.40657385464372],[166.30924514244342,69.37832983608904],[166.70035842369342,69.43165930386247],[167.3200788826778,69.65857275601091],[167.50323012779498,69.56856115933122],[167.92161086509967,69.32873877163591],[168.09997085045123,69.23150213833513],[168.5924177498653,69.11246069546404],[168.98606399009967,68.96339758511247],[169.11321547935748,68.784205995757],[169.38860610435748,68.71748694058122],[170.08889296959185,68.77854498501482],[170.83280471275592,68.9219470846242],[170.9048719734981,69.03432043667497],[170.79320815513873,69.18400152798357],[170.43130019615435,69.55891760464372],[170.05626967857623,69.61091955776872],[170.2362928719356,69.76195105190935],[170.45170119713092,70.0192142355031],[171.30224135826373,69.97523077603044],[171.84838393638873,69.93847998257341],[172.35924819420123,69.9092288839406],[172.9081678719356,69.8347659933156],[173.00828078697467,69.69170721646013],[173.63665297935748,69.76070746060076],[174.57445815513873,69.7850604879445],[175.6109724373653,69.77942999478044],[176.19217971275592,69.71265753384294],[176.54601577232623,69.62294348354997],[177.07915786216998,69.53360327358904],[177.70499709556842,69.48964270229997],[178.04284194420123,69.40761145229997],[178.62885573814654,69.25851782437029],[178.96496108482623,69.22913702603044],[179.28148940513873,69.14725836392107],[180,68.91989477749529],[180,67.96313055630388],[180,66.96313055630388],[180,65.96313055630388],[180,65.38163336392107],[180,65.31103094692888],[180,65.05193670864763],[180,64.95347937222185],[179.30910781334185,64.78647192593279],[179.01597121666217,64.77292975063982],[178.72602370689654,64.60632666226091],[178.4738417000606,64.57721289272966],[178.00438979576373,64.54774054165544],[177.8441267342403,64.58320959683122],[177.42666152427935,64.6067386495656],[177.37353042076373,64.76135595913591],[177.25146010826373,64.8561054098195],[177.0262556404903,64.84421881313982],[177.1346540779903,64.9274402486867],[176.71245864341998,64.78165777798357],[176.33170607994342,64.77292975063982],[176.18017104576373,64.8679920064992],[175.9650526375606,64.90365942593279],[176.15595534752154,64.6779285299367],[175.89977553795123,64.54742773647966],[176.04404738853717,64.50115545864763],[176.4677839608028,64.4089847433156],[176.75323012779498,64.57114752407732],[176.93052199791217,64.5528827535695],[177.08159926841998,64.51739843960466],[177.08158400963092,64.30297430630388],[177.19323256920123,64.2103534566945],[177.53472426841998,64.08968695278826],[178.01113418052935,64.19211157437029],[177.81341079185748,64.0474353658742],[178.14725783775592,64.15663488979997],[178.17650893638873,64.0053211080617],[178.28776076744342,63.91291388149919],[178.37162307213092,63.749381624419115],[178.40261367271685,63.66409262295427],[178.07767775963092,63.42905005093279],[178.3443708748653,63.45795782681169],[178.50112441490435,63.380187593657396],[178.7139540047481,63.153731905180834],[178.93949416588092,63.08333548184099],[179.0042829842403,62.970199190337084],[178.93163588951373,62.765067659575365],[179.28769973228717,62.81507834072771],[179.2317762703731,62.63853796597185],[179.24216750572467,62.52569922085466],[179.04876235435748,62.3913951742238],[178.73766616295123,62.29927023525896],[178.4518690438106,62.31985434170427],[178.25026992271685,62.382873140532396],[177.69097426841998,62.45226629849138],[177.29084304283404,62.48678549404802],[177.13486770103717,62.5499645101613],[177.19034865806842,62.67001303311052],[176.9683485359981,62.69078405972185],[176.83198073814654,62.676410280424975],[176.58050063560748,62.42905005093279],[176.54911330650592,62.3796878683156],[175.17263320396685,61.96908529873552],[174.6526747078731,61.89086493130388],[174.54230788658404,61.89065512295427],[174.3487196297481,61.79903372402849],[174.25043776939654,61.71468313809099],[173.9267683358028,61.61596258755388],[173.48090651939654,61.601100527007006],[173.34258559654498,61.55182226772966],[173.12633803795123,61.36941488857927],[172.91828444908404,61.278129183012865],[172.4924421639278,61.263324342924975],[172.1081648201778,60.98328360195818],[172.0000868172481,60.85757406826677],[171.24840835045123,60.65417822476091],[171.07238295982623,60.45214422817888],[170.51969436119342,60.33994253750505],[170.34409823134902,60.27960975244485],[169.48091979943723,61.192640399715565]]],[[[-170.4731340079472,66.29494055386247],[-170.32910629798627,66.25848730679216],[-170.06616684486127,66.1781726705617],[-169.87270065833783,66.08316382046404],[-169.8324327140019,66.0245624410695],[-169.98691269447065,66.00963934536638],[-170.44873520423627,66.05273779507341],[-170.6126603751347,66.03776129360857],[-170.97617050697065,65.67843969937029],[-171.6685685782597,65.88923987026872],[-171.6064805655644,65.80885656948747],[-171.40962692786908,65.70685156460466],[-171.2003068595097,65.56117590542497],[-171.73003098060346,65.61127050991716],[-172.1836290030644,65.58850439663591],[-172.72432419349408,65.76287420864763],[-173.04314133216596,65.80616339321794],[-172.98259445716596,65.74776037808122],[-172.85268112708783,65.63107641812029],[-172.8146867423222,65.63114508267107],[-172.56233688880658,65.51480444546404],[-172.47015854408002,65.37645300503435],[-172.41122910072065,65.17272528286638],[-172.4365586905644,65.020045839507],[-172.8027238516972,64.99756201382341],[-173.16508957435346,64.96792944546404],[-173.2504014640019,64.89551123257341],[-173.02515121986127,64.50645788784685],[-173.0770158438847,64.3839832174367],[-173.54488083411908,64.4190936910695],[-173.72377487708783,64.38278540249529],[-174.26068588783002,64.46094092007341],[-174.37944504310346,64.6192127096242],[-175.18715378333783,64.84854467983904],[-175.30087753822065,64.72565039272966],[-175.8273820548222,64.93402441616716],[-175.95168015052533,65.0061756002492],[-176.07092758704877,65.18765600796404],[-175.99268051673627,65.2678714620656],[-176.13722702552533,65.45704229946794],[-176.52850815345502,65.60957678433122],[-176.7827500968144,65.63828619595232],[-177.12561508704877,65.62305029507341],[-177.51186081458783,65.52012213345232],[-178.11627670814252,65.4824939596242],[-178.65353867103315,65.5398670064992],[-178.6272325186894,65.68596991177263],[-178.69694992591596,65.83212622280779],[-178.9750871329472,66.05139502163591],[-179.3785752921269,65.99599035854997],[-179.58118149329877,65.81180151577654],[-180,65.2592273580617],[-180,65.31103094692888],[-180,65.381618105132],[-180,65.96313055630388],[-180,66.96313055630388],[-180,67.96313055630388],[-180,68.91692694302263],[-178.89124008704877,68.64245184536638],[-178.1291856436894,68.37364538784685],[-177.7093858390019,68.29199560757341],[-175.9905900626347,67.84674414272966],[-175.51398178626752,67.66881140347185],[-175.4221543936894,67.60198553677263],[-175.38904282142377,67.50534399624529],[-175.18892380286908,67.31261023159685],[-175.00623032142377,66.95733221646013],[-175.10054489661908,66.76504858608904],[-174.6351670890019,66.40478857632341],[-174.19333359290815,66.28795965786638],[-174.2020158438847,66.36881598110857],[-174.0682725577519,66.43529089565935],[-174.09120651771283,66.5235858785695],[-174.37830063392377,66.699977480132],[-174.37114426185346,66.94374426479997],[-174.33661362220502,67.07699926968279],[-173.87494370033002,67.1593280660695],[-173.43222519447065,67.03428228970232],[-173.17439743568158,66.99037512417497],[-172.82922836829877,66.96141394253435],[-172.3779649405644,67.01405676479997],[-171.9579972891972,66.95566900845232],[-171.5396623282597,66.76436194058122],[-171.22723862220502,66.60267218228044],[-170.4731340079472,66.29494055386247]]]]}},{"type":"Feature","properties":{"name":"Blemmyes","subject":"Blemmyes","partOf":"Blemmyes","borderPrecision":1,"color":"#8b7fa6"},"geometry":{"type":"MultiPolygon","coordinates":[[[[35.45345977257038,24.152688585478685],[35.65656951378132,23.994273744780443],[35.72469619224812,23.91181906338396],[35.61630156944538,23.835347734648607],[35.48792937706257,23.790595613676928],[35.468489679796946,23.720668398100756],[35.575850519640696,23.231660448271654],[35.689288172228586,23.021319948393725],[35.74630263756062,22.914340578276537],[36.1113615364864,22.64825590725603],[36.29022124717976,22.572381578642748],[36.47324660728718,22.337684236723803],[36.66042998741413,22.166537843901537],[36.800112757189524,21.91489943142595],[36.90349868248249,21.728648744780443],[37.12776854942585,21.227176271635912],[37.135740918059156,21.128125569264505],[34.551252367032575,20.183338169145948],[34.52779006636866,20.17476127448868],[34.4217777775482,20.50604967705261],[34.41212209908663,20.536223672245036],[33.76532574880635,22.476612723085886],[33.345321283718846,23.354044941061307],[33.690083292409675,23.54952842887194],[33.657230668213316,24.017988632918694],[35.1898641916191,24.399919115022463],[35.189864191515696,24.39991911526384],[35.45345977257038,24.152688585478685]]]]}},{"type":"Feature","properties":{"name":"Empire of Ghana","subject":"Empire of Ghana","partOf":"Empire of Ghana","borderPrecision":1,"color":"#739b91"},"geometry":{"type":"MultiPolygon","coordinates":[[[[-5.183796960593872,17.20081784693365],[-4.547716178042412,15.106206151848557],[-6.264794123357347,13.35109537946916],[-8.909412972680991,12.636297987321042],[-11.181130053221922,15.456828694060974],[-9.908968488119,17.89393581159949],[-7.455514041134801,19.443455602687497],[-5.183796960593872,17.20081784693365]]]]}},{"type":"Feature","properties":{"name":"Heruli","subject":"Heruli","partOf":"Heruli","borderPrecision":1,"color":"#b3a46e"},"geometry":{"type":"MultiPolygon","coordinates":[[[[14.391088171305503,58.091214473981985],[14.9636155876323,57.82250627753851],[14.545230168008871,57.25521323213008],[13.51027676157197,57.40972761171557],[13.488256476328631,57.83423113766184],[14.391088171305503,58.091214473981985]]]]}}]}