{"type":"FeatureCollection","features":[{"type":"Feature","properties":{"name":"Luxembourg","subject":"Luxembourg","partOf":"Luxembourg","borderPrecision":3,"color":"#739b91"},"geometry":{"type":"MultiPolygon","coordinates":[[[[5.823500189391357,49.50710638614063],[5.884400400725585,49.66353567691211],[5.745062384215576,49.755260072664065],[5.737923655120117,49.90245779605274],[5.833756479827148,50.047408662751955],[5.94377568682788,50.11381109805469],[6.007444891539794,50.149974428132815],[6.108513388243896,50.11745413394336],[6.136599573699218,49.981978975251955],[6.321478399840576,49.84161337466602],[6.530922445861084,49.79842718692188],[6.511355433074218,49.668929658845705],[6.3994536729729,49.60418661685352],[6.433043036071044,49.445331178621096],[6.367956194487792,49.47348364444141],[6.112331900206787,49.47865255923633],[5.823500189391357,49.50710638614063]]]]}},{"type":"Feature","properties":{"name":"Switzerland","subject":"Switzerland","partOf":"Switzerland","borderPrecision":3,"color":"#b47c6f"},"geometry":{"type":"MultiPolygon","coordinates":[[[[9.58434775790332,47.40905722232227],[9.464611086455566,47.28552206607227],[9.560831102935058,47.155860506013674],[9.520760569182617,47.06943853946094],[9.800573381987792,47.041663728669924],[9.804178270903808,46.97686728091602],[10.051520380583984,46.86773642154102],[10.311843905059082,47.0169750079668],[10.408574137297851,46.96452673526172],[10.395699534026367,46.88741263003711],[10.338723215666992,46.74834784121875],[10.389193567839843,46.65275915713672],[10.372107538787109,46.566302858308596],[10.23034385165332,46.58925589175586],[10.151240381804687,46.66186483950977],[10.023653063384277,46.62089880557422],[9.987427744475585,46.4980541095293],[10.097109827605468,46.438914857820315],[9.994528803435546,46.25247534366016],[9.884957346526367,46.402530275300784],[9.67374041995166,46.37979086490039],[9.642048868743164,46.32522162051563],[9.544866594878417,46.31158407779102],[9.44099715670703,46.37523611636524],[9.376799616423828,46.53445013614063],[9.210068735686523,46.4980541095293],[9.218277010527832,46.34795721621875],[9.026975664702636,46.17519339175586],[9.018927607146484,45.93436010928516],[8.890725168791992,45.86623724551563],[8.717579874602539,46.00704535098438],[8.761700663176757,46.088843904451174],[8.621939692107421,46.12065847964649],[8.381559404937011,46.28429754825],[8.374507937041503,46.47075995059375],[8.024794611541015,46.28884466739063],[8.070898089019042,46.19337423892383],[7.913880381194335,45.99897726626758],[7.789928946105224,45.92696722598438],[7.506788763610107,46.002513490632815],[7.22479489764331,45.910934053376955],[6.955283197966796,45.93890341372852],[6.909935030547363,46.129806123689455],[6.807361283529001,46.3939942785789],[6.856912456646007,46.38532553426575],[6.860532891338509,46.39567135854787],[6.918682026631522,46.395206936852965],[6.930871450577103,46.408351227966136],[6.900908887160469,46.439689214556104],[6.857901656145032,46.44947118554421],[6.832041624067764,46.46683262184003],[6.776516670160192,46.47343742783546],[6.769073996154052,46.49260672183399],[6.746094491147845,46.48710250305781],[6.742657920910335,46.48864679559679],[6.720869389583737,46.485596225120794],[6.689435812086666,46.50021827068076],[6.59204288810731,46.51769616755476],[6.558787383904959,46.507196480082904],[6.511094375255204,46.515893700404824],[6.448639414796144,46.47363192883472],[6.399366830301586,46.458688728465745],[6.384794633556074,46.46430289385845],[6.346871930666223,46.46094815254606],[6.2912738204431,46.422658307372956],[6.274123806967107,46.39014042210051],[6.258912357066373,46.3925019868991],[6.248222955748419,46.38605643507135],[6.171351592047537,46.295829635984404],[6.147796147590462,46.20673725502066],[6.172219470275174,46.211872294689975],[6.193824202060431,46.238419184332706],[6.199127865688836,46.263974311208905],[6.235320097735189,46.289106588791334],[6.27784874181629,46.35037762441313],[6.30354410983879,46.36604951821137],[6.343528405304224,46.37010514332916],[6.360944279594113,46.347862108145755],[6.383716630705969,46.341576204815574],[6.107919725981933,46.125533662751955],[5.941489252654296,46.175540529207034],[6.048988375273925,46.27716024966602],[6.054619822112304,46.42192801089649],[6.018594774810058,46.48354300113086],[6.058368239012939,46.616065584138674],[6.381529364196044,46.80413015933399],[6.364301237670166,46.94601782412891],[6.623342070189697,47.05401190371875],[6.628670248595459,47.08795126529102],[6.866266760436279,47.31022986026172],[6.944232973662597,47.32567175479297],[6.89196494540332,47.36581381411914],[6.822959456053955,47.37817343325977],[6.921917471495849,47.51408728213672],[7.12291673144458,47.51100119204883],[7.120884451476318,47.46775396914844],[7.333420309630615,47.464664064363284],[7.506581816283447,47.60370596499805],[7.628408941832763,47.56352957339649],[7.751046690551025,47.616065584138674],[7.872660669890625,47.572799287751955],[8.127995524016601,47.64388235659961],[8.2530594201958,47.59443625064258],[8.412250551787597,47.60370596499805],[8.33202842196582,47.693343721345705],[8.65083602389453,47.78298910708789],[8.658565554229003,47.7149730548418],[8.748005899993164,47.72116430850391],[8.815385851470214,47.680972658113284],[8.983487283772465,47.679618759299416],[8.93572619268792,47.65900040517249],[8.89424668674045,47.651981092802714],[8.859761867303298,47.65720259885761],[8.906531941740655,47.64470239066858],[8.960973389973663,47.65681014096839],[8.98349781779857,47.66997824848036],[9.065714698442651,47.674216536574775],[9.090169214235457,47.67299879536117],[9.09631748974732,47.666038767172346],[9.177931706890412,47.664332143247975],[9.191228667349208,47.648048045875626],[9.300064856849982,47.61072946127637],[9.382401971062464,47.5712252392877],[9.38681144658924,47.544314745924304],[9.437436949905864,47.518945191698386],[9.435761421667744,47.506522607680544],[9.466216843906906,47.49633046022211],[9.481890678413858,47.48171362179569],[9.52988310330231,47.48141384927814],[9.53932315928003,47.4872009429331],[9.58434775790332,47.40905722232227]]],[[[9.1985578866875,47.67788656802539],[9.216057312656227,47.67100283816657],[9.217880454657571,47.666308565142764],[9.12427050641381,47.670700736835244],[9.118142444734893,47.67853423872031],[9.1985578866875,47.67788656802539]]]]}},{"type":"Feature","properties":{"name":"Spain","subject":"Spain","partOf":"Spain","borderPrecision":3,"color":"#b69578"},"geometry":{"type":"MultiPolygon","coordinates":[[[[1.212,38.898],[1.228,38.948],[1.243,38.968],[1.294,39.031],[1.304,39.039],[1.329,39.055],[1.363,39.073],[1.473,39.105],[1.52,39.118],[1.546,39.118],[1.601,39.096],[1.605,39.092],[1.609,39.081],[1.615,39.028],[1.532,38.952],[1.406,38.846],[1.372,38.831],[1.368,38.851],[1.362,38.861],[1.358,38.865],[1.353,38.868],[1.346,38.871],[1.277,38.88],[1.271,38.878],[1.258,38.864],[1.253,38.859],[1.246,38.86],[1.223,38.874],[1.212,38.898]]],[[[3.372,39.549],[3.332,39.526],[3.32,39.521],[3.306,39.502],[3.288,39.467],[3.267,39.413],[3.242,39.364],[3.082,39.273],[3.064,39.264],[3.057,39.263],[3.029,39.283],[2.986,39.319],[2.83,39.353],[2.799,39.361],[2.786,39.365],[2.781,39.369],[2.755,39.392],[2.746,39.406],[2.743,39.412],[2.728,39.473],[2.742,39.491],[2.746,39.495],[2.753,39.497],[2.755,39.502],[2.754,39.508],[2.745,39.516],[2.736,39.524],[2.732,39.527],[2.694,39.552],[2.675,39.559],[2.663,39.564],[2.656,39.564],[2.546,39.525],[2.543,39.52],[2.437,39.522],[2.389,39.525],[2.364,39.556],[2.386,39.613],[2.539,39.7],[2.684,39.794],[2.778,39.845],[2.988,39.911],[3.071,39.922],[3.097,39.911],[3.092,39.901],[3.089,39.891],[3.089,39.886],[3.124,39.812],[3.135,39.792],[3.138,39.787],[3.152,39.776],[3.181,39.76],[3.241,39.736],[3.248,39.735],[3.261,39.734],[3.275,39.738],[3.293,39.746],[3.324,39.759],[3.333,39.766],[3.344,39.776],[3.383,39.773],[3.44,39.75],[3.48,39.722],[3.48,39.711],[3.464,39.661],[3.447,39.64],[3.378,39.553],[3.372,39.549]]],[[[4.088,39.891],[4.085,39.896],[4.08,39.899],[4.041,39.916],[4.029,39.92],[3.985,39.93],[3.966,39.934],[3.938,39.932],[3.924,39.929],[3.911,39.926],[3.891,39.921],[3.885,39.92],[3.878,39.92],[3.827,39.922],[3.797,40.017],[3.831,40.053],[3.836,40.056],[3.868,40.058],[3.938,40.059],[4.122,40.056],[4.174,40.05],[4.241,39.994],[4.273,39.961],[4.316,39.879],[4.317,39.846],[4.314,39.832],[4.3,39.814],[4.295,39.811],[4.289,39.807],[4.276,39.806],[4.263,39.809],[4.257,39.811],[4.238,39.816],[4.116,39.868],[4.101,39.878],[4.091,39.885],[4.088,39.891]]],[[[1.39,38.643],[1.386,38.648],[1.386,38.658],[1.384,38.683],[1.383,38.694],[1.383,38.716],[1.383,38.721],[1.399,38.738],[1.445,38.741],[1.573,38.691],[1.578,38.688],[1.587,38.672],[1.588,38.667],[1.576,38.656],[1.569,38.654],[1.556,38.654],[1.531,38.654],[1.524,38.655],[1.518,38.657],[1.505,38.669],[1.494,38.676],[1.463,38.686],[1.457,38.687],[1.444,38.683],[1.39,38.643]]],[[[-8.798570599945801,42.194530092195315],[-8.644062962921875,42.419749818757815],[-8.805045094879883,42.63155706973438],[-8.941723790558594,42.824195466951174],[-9.173123326691407,42.85590323062305],[-9.246859517487305,42.900775514558596],[-9.270803418549317,43.048690401033205],[-9.197466817291993,43.158214174226565],[-9.01358982602002,43.28085669131641],[-8.849216428192872,43.326243959382815],[-8.595722165497559,43.339618287996096],[-8.310413327606934,43.35304983706836],[-8.250697102936524,43.4304271564043],[-8.220224347504395,43.61720999331836],[-7.979528870972413,43.740054689363284],[-7.636274781616944,43.721412263826174],[-7.151302304657715,43.554942689851565],[-6.8079757360542,43.523421846345705],[-6.467573609741944,43.56272467227344],[-6.208046403321045,43.640521608308596],[-5.979656186493653,43.70537909121875],[-5.820451226624268,43.70568808169727],[-5.537417855652588,43.57745321841602],[-5.224896397980469,43.507247529939455],[-4.802335706146973,43.46944388003711],[-4.110216107758301,43.45151098819141],[-3.847605910691041,43.43916281314258],[-3.4170004991615,43.37565191836719],[-3.195965257080811,43.446883760408205],[-3.007205691727417,43.55027350039844],[-2.768362489136475,43.53787573428516],[-2.367384400757569,43.326243959382815],[-2.065644708069581,43.333270631746096],[-1.914577808769959,43.3054157123125],[-1.702391829880494,43.19593771548633],[-1.491382804306763,43.20962103457813],[-1.465651359947937,43.15488775821094],[-1.557671156319397,43.04543264956836],[-1.515127864273804,42.997562013582034],[-1.44755240956189,42.98387869449024],[-1.397272315415162,43.031756959871096],[-0.907353666218537,42.881297670320315],[-0.840018358620423,42.90865286441211],[-0.611982133778351,42.73087652774219],[-0.586789485605973,42.765060029939455],[-0.46883657256009,42.75139196963672],[-0.409914609583634,42.785567842439455],[-0.216141254248637,42.717200838044924],[-0.203663793,42.70031317325],[-0.165626824440974,42.64883764834766],[0.179550382701141,42.66251715274219],[0.196265372840148,42.607825838044924],[0.347843679991943,42.63517340274219],[0.591923627463562,42.628333650544924],[0.584142002669555,42.77189215274219],[0.744199428168518,42.77189215274219],[1.436910133939096,42.63422120947218],[1.454372944795423,42.61290349092135],[1.445833,42.601944],[1.434444,42.576385],[1.421389,42.54583],[1.424166,42.493332],[1.448333,42.450829],[1.454722,42.441666],[1.512222,42.436386],[1.533333,42.436104],[1.541667,42.437218],[1.654444,42.467773],[1.661111,42.471382],[1.718889,42.503052],[1.721249268066988,42.50624401013888],[1.912632004273085,42.45393734381684],[1.972097238064833,42.37682725081652],[1.99367073496936,42.30715521426563],[2.171107086745483,42.38231619449024],[2.363173756209594,42.293494783357424],[2.581510099974853,42.28666266055469],[2.599267038909179,42.34814413638477],[2.936504158583862,42.40964087100391],[3.087081465331298,42.36864431949024],[3.086528334227783,42.329112611726565],[3.086286100951416,42.1207233295],[3.156553778258544,42.075721345857424],[3.128878864852172,41.85722693057422],[2.628259214965087,41.61954077334766],[2.200590166655761,41.44614752383594],[2.080724749175292,41.29848822207813],[1.60982862433551,41.20915564151172],[1.311244878379089,41.15725287051563],[0.879201922026855,41.0217357501543],[0.733751806822998,40.87495382876758],[0.709782037345153,40.78514822574024],[0.827125463095886,40.7274242267168],[0.787556442824584,40.65688665957813],[0.505141589251739,40.592757783845705],[0.237927589026672,40.24019964785938],[-0.160625037344712,39.886024080232424],[-0.203663793,39.79943808169727],[-0.284515861960667,39.63677176089649],[-0.394848432930726,39.434459291414065],[-0.235902842673081,39.06240423770313],[-0.203663793,39.012652955964846],[-0.165695284100789,38.95406302066211],[0.126115980950576,38.821353517488284],[0.172570082751495,38.738345704988284],[-0.107004006000775,38.59149893374805],[-0.203663793,38.54402884097461],[-0.435155328902024,38.43033941836719],[-0.56412681618573,38.21486624331836],[-0.664728876742142,38.17657431216602],[-0.872343566807526,37.75979956241016],[-0.802563574703949,37.61500509829883],[-0.918272283467072,37.57034262271289],[-1.364567962082642,37.54839285464649],[-1.625712480934876,37.439490877107424],[-1.816879835518616,37.2924762591875],[-1.940475192459839,36.95159872622852],[-2.238797393234986,36.728396974519534],[-2.35509749928357,36.82405050845508],[-2.62433144131543,36.811297975496096],[-2.761496749314087,36.69013937564258],[-2.915331569107789,36.69013937564258],[-2.969792333039063,36.74114950747852],[-4.446585622223633,36.72201880069141],[-4.757303681763428,36.48610647769336],[-5.216736283692139,36.40959509463672],[-5.374227490814942,36.23747595401172],[-5.386749711426514,36.10998495669727],[-5.424260106476563,36.07174261660938],[-5.457090821656006,36.16735800357227],[-5.487933125885743,36.173724733308596],[-5.485486474427002,36.06536825747852],[-5.660587277802247,36.008006654695315],[-5.850014176758545,36.07174261660938],[-6.204461064728516,36.28209646792774],[-6.30497166195752,36.45422323794727],[-6.288880792053956,36.57217749209766],[-6.444025006684083,36.62318380923633],[-6.50048586407544,36.718829713777346],[-6.4217133192146,36.79216345401172],[-6.632153954895752,37.02175100894336],[-6.947954621704834,37.14931448550586],[-7.010098424347657,37.165259920076174],[-7.227823701294678,37.22585638614063],[-7.491503682526368,37.20815619082813],[-7.487998452576416,37.216353975251955],[-7.351443734558838,37.64443548770313],[-7.242514577301758,37.810897432283205],[-6.844775166901368,38.10021170230274],[-7.028099027069825,38.239581666902346],[-7.393876519593018,38.294986329988284],[-7.317340817841309,38.49962576480274],[-7.08942457714917,38.79450186343555],[-6.933383431824463,38.961349092439455],[-7.006874528321045,39.05031546206836],[-7.211435761841553,39.29820593448047],[-7.43099876919629,39.5205150470293],[-7.301257100495118,39.578712068513674],[-7.084203687104004,39.59907492251758],[-6.878323045166749,39.702395997957034],[-6.858675923737305,39.79192312808399],[-6.884172883423584,40.214034639314455],[-6.824864831360596,40.656566225007815],[-6.857170548828858,40.8615795001543],[-6.834448781403321,41.06053503604297],[-6.796627965363282,41.09282644839649],[-6.241148915680665,41.320479951814455],[-6.11153790036084,41.41746100039844],[-6.139497723969239,41.526439271882815],[-6.518426862152833,41.74909933658008],[-6.586079564484375,41.857921205476565],[-6.708704438599366,41.96004446597461],[-6.85951849499585,41.98491247744922],[-7.098435845764893,41.86795385928516],[-7.918560948761719,41.8891673907793],[-8.15726133862378,42.087039552644534],[-8.405047383698243,42.00213583560352],[-8.806055035980958,41.889178834871096],[-8.860485997589844,42.0145336017168],[-8.798570599945801,42.194530092195315]]],[[[-13.808404046893443,29.04858821187777],[-13.518161140877563,29.42848330171172],[-13.421413505538938,29.090868332331816],[-13.784217138058787,28.87929453021188],[-13.880964773397412,28.19936673357924],[-14.50982440309849,28.050049749026638],[-14.147020770578637,28.391039461179965],[-13.808404046893443,29.04858821187777]]],[[[-15.211244759303536,27.900525135454227],[-15.574048391823386,27.729386561264484],[-15.912665115508583,27.900525135454227],[-15.574048391823386,28.178048475293522],[-15.404740029980792,28.19936673357924],[-15.211244759303536,27.900525135454227]]],[[[-16.081973477351177,28.539879155715276],[-16.22709493035912,28.36975954738149],[-16.638272380548287,28.050049749026638],[-17.339692736753328,28.028701784947305],[-17.291318919084016,28.284597224515256],[-16.880141468894855,28.327186915315913],[-16.081973477351177,28.539879155715276]]]]}},{"type":"Feature","properties":{"name":"United Kingdom","subject":"United Kingdom","partOf":"United Kingdom","borderPrecision":3,"color":"#739b91"},"geometry":{"type":"MultiPolygon","coordinates":[[[[33.78049758395312,35.2081371173418],[33.77266601046679,35.129283510164065],[33.92467406710742,34.95322760196094],[33.79195693453906,34.95737036319141],[33.73257735690234,34.90862234683399],[33.685820612517574,34.93486746402149],[33.5385122629082,34.944156251863284],[33.4839353891289,34.79579123111133],[33.13139251193164,34.680335603669924],[32.95861724337695,34.659339509919924],[32.91454604586718,34.635726533845705],[32.91451552828906,34.54125937075977],[32.81665709933398,34.538638673738284],[32.78413680514453,34.625228486970705],[32.60339263400195,34.61473425479297],[32.357180628386715,34.680335603669924],[32.27109054049609,34.71969565005664],[32.27097991427539,34.81415518374805],[32.19850066622851,34.86138876529102],[32.14372161349414,35.042544923738284],[32.18047622164843,35.05831488223438],[32.23445800265429,35.01363333316211],[32.30098632296679,35.01626165957813],[32.48311522921679,35.15294226260547],[32.5969839425957,35.15557440371875],[32.74495223483203,35.11427267642383],[32.77952483615039,35.15294226260547],[32.81907180270312,35.2817455157793],[32.79511168917773,35.36061056704883],[33.07747939547656,35.3186107501543],[33.37370971163867,35.30648001284961],[33.53904250582812,35.33169516177539],[33.907317194548824,35.436847291902346],[34.21733764132617,35.573566041902346],[34.45821288546679,35.64456137271289],[34.24465468844531,35.511844240144534],[34.04842666110156,35.40793188662891],[33.78049758395312,35.2081371173418]]],[[[-0.203663793,53.52328451724414],[0.081015858260375,53.3862262591875],[0.174518886414749,53.29305990786914],[0.267848494855148,53.12666281314258],[0.250867608395797,53.04005392642383],[0.00550119897483,52.786666475251955],[0.326831850615722,52.707477174714846],[0.504670116511566,52.847510896638674],[0.741839024630767,52.901195131257815],[1.012664351073486,52.88841589541797],[1.375926766005737,52.809241853669924],[1.585714611617309,52.650043092683596],[1.691691670027954,52.311420045808596],[1.656872067061645,52.21178396792774],[1.511889729109985,52.02575644107227],[1.031286153403503,51.812720857576174],[0.68621805628894,51.56038626284961],[0.254172805157882,51.453597627595705],[0.804253611174804,51.37826880069141],[1.030067357627136,51.35884817691211],[1.189365777579528,51.40547140689258],[1.364680680838806,51.35290487857227],[1.334964427558166,51.12069662661914],[0.886016640273315,50.981891237214846],[0.888346943465454,50.89267309756641],[0.672568890658599,50.930667482332034],[0.191810223666412,50.73128470034961],[-0.203663793,50.79532965274219],[-0.335705709251183,50.816714845613284],[-0.839040127190369,50.72180136294727],[-1.103359904679078,50.816714845613284],[-1.372512188347596,50.766273103669924],[-2.085358705910462,50.702823244050784],[-2.023685899170655,50.570010744050784],[-2.431994643601197,50.64588888736133],[-2.550505128296631,50.570010744050784],[-2.960618939789551,50.72180136294727],[-3.110884395035523,50.65736349673633],[-3.521466937454957,50.61743124575977],[-3.563183036240357,50.361434541658205],[-3.715036120804566,50.219337068513674],[-3.88174339810254,50.200397096589846],[-4.00423809567334,50.314063631013674],[-4.242629018219727,50.39146002383594],[-4.303295102509278,50.32354315371875],[-4.540565457733887,50.35795172305469],[-4.967033830078858,50.21224554629688],[-5.282338586243409,49.963824830964846],[-5.429218259247559,50.06785162539844],[-5.777813401612061,50.13411673159961],[-5.237766232880372,50.34629400821094],[-5.016647305878418,50.56051977725391],[-4.815270390900391,50.60416754336719],[-4.604564633759278,50.77874716372852],[-4.551536527069825,50.99715765567188],[-4.442557301911133,50.96866186709766],[-4.277284589203614,51.063670717195315],[-4.280993905457276,51.18723639102344],[-3.825231519135254,51.234778963044924],[-3.482996192368287,51.181109987214846],[-3.066043343933838,51.177737794832034],[-3.033148970993775,51.32989462466602],[-2.894663300904053,51.39384802432422],[-2.750154700669068,51.644027315095705],[-3.172751632126587,51.46690710635547],[-3.499117579849976,51.45965536685352],[-4.159330811890381,51.67681463809375],[-4.998957600983399,51.70170172305469],[-5.178603139313477,51.787471376375],[-5.248757806214112,51.860213838533205],[-5.061464276703614,52.00643499942188],[-4.619082894715088,52.093516908601565],[-4.294657674225586,52.200320802644534],[-4.123608317765015,52.37326391787891],[-4.09387489834668,52.74550970645313],[-4.14754601994397,52.83189734073047],[-4.468318429383057,52.81130179019336],[-4.621350255402344,52.83098181338672],[-4.491883244904297,52.990977846101565],[-4.317542043122071,53.09120901675586],[-3.956724610718506,53.205150209382815],[-3.329535689743775,53.233016572908205],[-2.914475407990235,53.26714285464649],[-3.056740966233033,53.513614259675784],[-2.979541268738526,53.82085379214649],[-2.865320411118287,54.02827414126758],[-2.885938134583252,54.16866644473438],[-3.261474337967652,54.14118155093555],[-3.479265180023926,54.274600587800784],[-3.569233384522217,54.41502722354297],[-3.430405822190064,54.64308127017383],[-3.152525153549927,54.838058076814455],[-3.308701720627564,54.88473471255664],[-3.576675858887452,54.924483858064455],[-3.907677379044312,54.789668642],[-4.121606316956299,54.762435518220705],[-4.460701909455079,54.862403474763674],[-4.50027367154004,54.77510794253711],[-4.599911656769532,54.687755189851565],[-4.902518239411133,54.734115205720705],[-5.111419167908448,54.7940746173418],[-5.066654172333497,54.94846685977344],[-4.909992661865967,55.11034353824024],[-4.638357129486817,55.42791327090625],[-4.770515408905762,55.488421998933596],[-4.907764401825684,55.66387137027149],[-4.895102467926758,55.772105775789065],[-4.758425202759522,55.819713197664065],[-4.623294320496338,55.907962404207034],[-4.710717168244141,56.13130911441211],[-4.848367181214112,56.09715994449024],[-5.134628739746827,55.893428407625],[-5.333552804383057,55.879520021394534],[-5.570167508515137,55.75051840396289],[-5.633057561310547,55.93986090274219],[-5.497018781098145,56.17727240176563],[-5.300114598664063,56.428660951570315],[-5.270704236420411,56.544147096589846],[-5.45825478115918,56.63214071841602],[-5.546579804810303,56.6523509845293],[-5.644504037293213,56.51628454776172],[-5.821677174958008,56.400497041658205],[-6.043546166809815,56.47476538272266],[-5.908959832581299,56.73325689883594],[-5.665934529694336,56.937842927888674],[-5.62528940716626,56.99921377749805],[-5.726338830384034,57.258006654695315],[-5.56160065213086,57.299258790925784],[-5.460639920624512,57.38814505191211],[-5.762965646179932,57.61977728457813],[-5.568463769348877,57.777389131501955],[-5.229971375855225,57.70964392276172],[-5.055585351380127,57.75101812930469],[-5.345933404358643,58.09274252505664],[-4.907128301056641,58.168963991121096],[-5.112714734467286,58.39491995425586],[-4.925559487732666,58.56695517154102],[-4.509851899536866,58.40292700381641],[-4.138885226639527,58.44481619449024],[-3.83054801503064,58.50719030948047],[-3.440544810684937,58.528548799470705],[-3.165008988770264,58.522201143220705],[-3.02838965931775,58.405746065095705],[-3.166374650391358,58.27510794253711],[-3.943202701004761,57.958419404939455],[-4.150455680283326,57.834815584138674],[-4.248504605683106,57.636329256013674],[-4.148425546082276,57.55452688784961],[-3.795819249542969,57.54153021426563],[-3.400818553360718,57.57644613833789],[-3.092637029083985,57.57702597232227],[-2.853980508240479,57.543319307283205],[-2.150362935456055,57.571979127839846],[-1.944626775177735,57.40166052432422],[-2.107808676155823,57.210330568269534],[-2.203161802681702,57.06481131167774],[-2.158947673233765,57.014319978669924],[-2.413140502365845,56.71725424380664],[-2.514751401337403,56.66733893008594],[-2.667135920914429,56.47100027652149],[-2.980528798493165,56.35358389468555],[-3.152406897934693,56.33681830020313],[-2.949428286942261,56.25300558658008],[-2.720856156739014,56.17819174380664],[-2.772860255631226,56.17131384463672],[-2.895339455994385,56.08550222964649],[-3.169811215790528,56.06210669131641],[-3.293507066162842,55.973914705232424],[-3.894964661988038,55.98506888003711],[-3.713039603623169,55.88469656558399],[-3.577178683670777,55.88469656558399],[-3.355851378830689,55.842689119294924],[-3.161462273987549,55.84568365664844],[-2.927901473435181,55.94603308291797],[-2.742131438645142,55.95718725772266],[-2.540346112641114,55.88469656558399],[-2.245011058243531,55.81096609683399],[-1.94199546852948,55.55607184024219],[-1.719010558518189,55.4537425860918],[-1.665979829224366,55.379588685945315],[-1.695988979729432,55.27250250430469],[-1.555618610771912,54.92161139102344],[-1.388892021569031,54.68048056216602],[-1.192056861313599,54.595355592683596],[-0.870595899018067,54.54716833682422],[-0.604803499373215,54.30016287417774],[-0.295500930937546,54.03316839785938],[-0.234880952703374,53.79938467593555],[-0.319215585085171,53.57891424746875],[-0.203663793,53.52328451724414]]],[[[-5.698169675263184,55.330726228669924],[-5.755679574402588,55.47726782412891],[-5.68865725079419,55.62812002749805],[-5.517836537750977,55.66802176089649],[-5.482397046479004,55.442699037507815],[-5.620342221649903,55.32952078433399],[-5.698169675263184,55.330726228669924]]],[[[-6.206393208893555,53.95674856753711],[-6.286373105438965,54.079043947175784],[-6.721553292664307,54.04649695010547],[-6.666179623993653,54.161937318757815],[-6.829872098358887,54.229312501863284],[-6.947142568024415,54.34484823794727],[-7.097825971039551,54.39300497622852],[-7.211673226746338,54.229312501863284],[-7.549550977143067,54.113833986238284],[-7.899549451264161,54.20043905825977],[-8.080057588013428,54.32558401675586],[-8.125245538147706,54.45079763980274],[-7.738254037293213,54.57607611270313],[-7.955719437989014,54.691775880769534],[-7.587795701416749,54.739993654207034],[-7.414515462311524,54.95790060611133],[-7.427515473755616,55.06380423159961],[-7.225492921265381,55.104190431550784],[-6.99682375470044,55.17202337832813],[-6.645197835358399,55.2064281329668],[-6.454310384186524,55.18654974551563],[-6.279264417084473,55.139693819001955],[-6.116521325501221,55.16022451968555],[-6.018187966736573,55.093001924470705],[-5.784886327179688,54.73741873355274],[-5.763683762940186,54.656993471101565],[-5.799925771149415,54.52288778872852],[-5.661512818726319,54.32224615664844],[-5.731388535889405,54.174869142488284],[-5.912154164704102,54.02737768741016],[-6.071708169373291,53.973590455964846],[-6.206393208893555,53.95674856753711]]]]}},{"type":"Feature","properties":{"name":"Qatar","subject":"Qatar","partOf":"Qatar","borderPrecision":3,"color":"#b3a46e"},"geometry":{"type":"MultiPolygon","coordinates":[[[[51.28782561740039,24.410777650789065],[51.11975005587695,24.398660264924807],[50.968333277312496,24.436244569734377],[50.96494582614062,24.712745271638674],[50.8961782785332,24.909551225618166],[50.84732345065234,25.265224061921877],[50.93111327609179,25.538573823884768],[51.01538756808398,25.588124834016604],[50.988955530730465,25.67209395022754],[51.06882766207812,25.945460878328127],[51.21702102145312,26.066470704988284],[51.35766509493945,26.028960786775393],[51.388796839324215,25.88726194949512],[51.50592711886523,25.845275484041018],[51.53446486910937,25.75584753604297],[51.586672815886715,25.60911902041797],[51.53905394991992,25.420184694246096],[51.55285552462695,25.101531587556643],[51.606150660124996,24.987287126497073],[51.55891707858203,24.815652452424807],[51.41200545748828,24.60568579287891],[51.28782561740039,24.410777650789065]]]]}},{"type":"Feature","properties":{"name":"Trucial Oman","subject":"Trucial Oman","partOf":"Trucial Oman","borderPrecision":3,"color":"#b47c6f"},"geometry":{"type":"MultiPolygon","coordinates":[[[[51.11975005587695,24.398660264924807],[51.28782561740039,24.410777650789065],[51.29141524752734,24.281367860750002],[51.45416930636523,24.218226991609377],[51.52285293063281,24.160663209871096],[51.60644057711718,24.202647767976565],[51.58590224703906,24.00322111697559],[51.76457122286914,24.002864442781252],[51.94559768160937,23.945495210603518],[52.25463775118945,23.98748167605762],[52.30104735812304,24.081946931794924],[52.38302901705859,24.10818251223926],[52.48116210421679,24.055703721956057],[52.67164901217578,24.07467993350391],[52.93944076022265,24.0244155749834],[53.040225061980465,24.039960466340823],[53.07570556124804,24.087190233186526],[53.68676284274218,23.98748167605762],[54.0165281625664,24.05045660586719],[54.006297144499996,24.181653581575198],[54.107520136443355,24.10293348880176],[54.27599242648242,24.109820924714846],[54.34709838351367,24.15445288272266],[54.48741439303515,24.344342790559573],[54.59216216525195,24.377328477815432],[54.71205810031054,24.59993704409961],[54.77081969699023,24.73348196597461],[55.09080031832812,25.020036302522463],[55.45719817599414,25.420184694246096],[55.530486139861324,25.372954927400393],[55.633460077849605,25.45317419619922],[56.01545623263476,25.771625123933596],[56.15673354586718,25.96647986026172],[56.2241812082207,25.894107423738284],[56.11254027804492,25.70479353518848],[56.064177546111324,25.57037504763965],[56.06258681735156,25.49111708255176],[56.10691359957812,25.462379060701174],[56.16130736788867,25.473344407991213],[56.36601928195117,25.454724870637698],[56.406260523406246,25.30868872256641],[56.40648177584765,25.07998427005176],[56.40525725802539,24.91874846072559],[56.18477157076953,24.903623186067385],[56.0040884347832,24.940692506746096],[55.9556150766289,24.76255377383594],[55.988902124968746,24.165641389802737],[55.89931395968554,24.012666307405276],[55.65806106051562,23.74446638675098],[55.65924743136523,23.318858705476565],[55.67000487765429,22.38511999698047],[55.69875243624804,22.302699647859377],[55.63009932955859,22.276885591462893],[55.367381128874996,22.065713487581057],[54.99007323702929,22.114350877717776],[53.466094050017574,22.315116487458987],[51.95289901217578,22.484189592317385],[51.835452112761715,22.89007719607715],[51.58892348727343,23.409576021150393],[51.11975005587695,24.398660264924807]]]]}},{"type":"Feature","properties":{"name":"Estonia","subject":"Estonia","partOf":"Estonia","borderPrecision":3,"color":"#b3a46e"},"geometry":{"type":"MultiPolygon","coordinates":[[[[28.01309302767871,59.45822104068164],[28.078431162444335,59.434146486238284],[28.150477442351562,59.37519796939258],[28.13082984408496,59.29660376162891],[28.052231821624023,59.276954256013674],[27.96708587130664,59.276954256013674],[27.914689097014648,59.276954256013674],[27.87539008578418,59.25730475039844],[27.849190744963867,59.19835623355274],[27.770594629851562,59.07391317935352],[27.672349009124023,58.982215486482424],[27.528254541960937,58.92327078433399],[27.436558756438476,58.864322267488284],[27.397259745208007,58.792274080232424],[27.410359415618164,58.72022970767383],[27.469307932463867,58.52373846621875],[27.502057108489257,58.43859060855274],[27.51515487155078,58.36654242129688],[27.436558756438476,58.30759771914844],[27.436558756438476,58.2289996966875],[27.51515487155078,58.12420614810352],[27.606852564421875,58.08490713687305],[27.64614966830371,58.05215796084766],[27.64614966830371,58.01940878482227],[27.65269950350879,57.9801097735918],[27.672349009124023,57.914615236238284],[27.750945124236328,57.89496573062305],[27.77714446505664,57.86876638980274],[27.698548349944335,57.836017213777346],[27.580653223601562,57.81636770816211],[27.508606943694335,57.7901683673418],[27.482407602874023,57.74431952090625],[27.443108591643554,57.69192465396289],[27.384161982146484,57.69192465396289],[27.371062311736328,57.63952597232227],[27.36451247653125,57.6002269610918],[27.312113794890625,57.57402762027149],[27.348862680999023,57.52635916324024],[27.29246428927539,57.515079103425784],[27.253167185393554,57.52162893863086],[27.115622553435546,57.541278444246096],[27.04357627352832,57.56747778506641],[26.964980158416015,57.6002269610918],[26.873284372893554,57.619876466707034],[26.81433585604785,57.57402762027149],[26.72264007052539,57.58712729068164],[26.66369346102832,57.56747778506641],[26.59164527377246,57.52817877383594],[26.526148829070312,57.52162893863086],[26.460652384368164,57.56092794986133],[26.40825370272754,57.57402762027149],[26.329657587615234,57.57402762027149],[26.237961802092773,57.62642630191211],[26.185563120452148,57.70502432437305],[26.093867334929687,57.75741919131641],[26.02837089022754,57.77706869693164],[25.995621714202148,57.82946737857227],[25.910475763884765,57.82946737857227],[25.79913047274707,57.8491168841875],[25.70743468722461,57.90151556582813],[25.694335016814453,57.90151556582813],[25.5698900552666,57.908065401033205],[25.524043116179687,57.95391043277149],[25.41269782504199,57.97355993838672],[25.360299143401367,58.01940878482227],[25.275153193083984,58.05870779605274],[25.275153193083984,58.025958620027346],[25.22275641879199,57.98665960879688],[25.16380790194629,58.01285894961719],[25.15725806674121,58.04560812564258],[25.117960962859375,58.05870779605274],[25.072112116423828,58.05870779605274],[24.947667154875976,58.00630911441211],[24.901820215789062,57.993209444001955],[24.84287169894336,57.98665960879688],[24.74462607821582,57.9801097735918],[24.67912963351367,57.960460267976565],[24.561234507170898,57.94736059756641],[24.436789545623046,57.908065401033205],[24.384392771331054,57.86221655459766],[24.345648798552734,57.86221655459766],[24.415644678679687,57.94793280215625],[24.414401087371093,58.10588797183399],[24.496785196868164,58.213153444246096],[24.33109191378711,58.307933412507815],[24.058350596038085,58.111529909089846],[23.908068689910156,58.22444876284961],[23.670859369841796,58.24138983340625],[23.690465006438476,58.665484987214846],[23.511870417205078,58.580875001863284],[23.360819849578125,58.76742132754688],[23.431979212371093,58.85808142276172],[23.337885889617187,58.97239264102344],[23.456978830901367,59.00549276919727],[23.415757212249023,59.11896475406055],[23.570183786956054,59.138072572664065],[24.03210738619922,59.17574270816211],[24.02955916842578,59.235416017488284],[24.28194526156543,59.28414114566211],[24.341567072478515,59.368880830720705],[24.53756812533496,59.323409639314455],[24.570923838225585,59.37432821841602],[24.713812861052734,59.35183294864063],[24.751221689788085,59.448463045076174],[25.248290094939453,59.36179693789844],[25.44879439791797,59.493960939363284],[25.48999312838672,59.42004355044727],[25.72112182101367,59.459842287019534],[26.34325889071582,59.44664724917774],[26.86190131625293,59.371749483064455],[26.999016794768554,59.31772955508594],[27.265091929045898,59.33804281802539],[27.702038797942382,59.297504030183596],[27.893597635833007,59.34611090274219],[28.015851053801757,59.45415457339649],[28.01309302767871,59.45822104068164]]]]}},{"type":"Feature","properties":{"name":"Latvia","subject":"Latvia","partOf":"Latvia","borderPrecision":3,"color":"#a88992"},"geometry":{"type":"MultiPolygon","coordinates":[[[[27.348862680999023,57.52635916324024],[27.51515487155078,57.52817877383594],[27.508606943694335,57.47578390689258],[27.508606943694335,57.423385225251955],[27.61340049227832,57.390636049226565],[27.70509627780078,57.351337037996096],[27.74439528903125,57.318587861970705],[27.83609107455371,57.29239233584766],[27.829541239348632,57.25309332461719],[27.81644347628711,57.200694642976565],[27.80989364108203,57.161395631746096],[27.764044794646484,57.128646455720705],[27.724745783416015,57.12209662051563],[27.6788988443291,57.10899695010547],[27.73784545382617,57.06970175357227],[27.70509627780078,57.010753236726565],[27.718195948210937,56.95835455508594],[27.68544867953418,56.91905554385547],[27.639599833098632,56.886310182527346],[27.619950327483398,56.8404613360918],[27.71164611300586,56.86666067691211],[27.77714446505664,56.87321051211719],[27.83609107455371,56.8404613360918],[27.87539008578418,56.83391150088672],[27.90813926180957,56.81426199527149],[27.881939920989257,56.77496298404102],[27.862290415374023,56.74221380801563],[27.914689097014648,56.69636496158008],[27.97363570651172,56.670169435457034],[27.986735376921875,56.598121248201174],[28.052231821624023,56.55227240176563],[28.124280008879882,56.53262289615039],[28.09808066805957,56.493323884919924],[28.15702727755664,56.440929017976565],[28.150477442351562,56.35578116031055],[28.18977645358203,56.250987611726565],[28.170126947966796,56.211688600496096],[28.16357711276172,56.15928991885547],[28.1364183755791,56.140418611482424],[28.027560267058593,56.12034948916797],[27.919642481414062,56.09722479434375],[27.865681681243164,56.04326590152149],[27.765471491423828,56.02784689517383],[27.703803095427734,55.958472810701174],[27.642136606780273,55.9199291095293],[27.611302408782226,55.87367971988086],[27.58046821078418,55.78117712588672],[27.495675119963867,55.765758119539065],[27.387757334319335,55.78117712588672],[27.27983764132617,55.79659231753711],[27.133376154509765,55.81201132388477],[26.97149947604297,55.81201132388477],[26.894415888396484,55.78117712588672],[26.84816268405078,55.71950872989063],[26.747954401580078,55.68096502871875],[26.678576502410156,55.68096502871875],[26.63232711276172,55.68867453189258],[26.593783411589843,55.66554983706836],[26.42419722994922,55.68096502871875],[26.300862345305664,55.7117992267168],[26.231486353484375,55.788882814363284],[26.16981795748828,55.858260713533205],[26.023356470671875,55.9199291095293],[25.799811396208984,56.020137392],[25.645642313567382,56.1280589923418],[25.476056131926757,56.14347418399219],[25.21396735629199,56.15888937564258],[25.067505869475585,56.21285208316211],[24.936463389006835,56.297645173982424],[24.89791968783496,56.413272462800784],[24.813126597014648,56.405562959626955],[24.736043009368164,56.37472876162891],[24.574164423552734,56.297645173982424],[24.396870646086914,56.289935670808596],[24.28895095309375,56.289935670808596],[24.165616068450195,56.25139196963672],[24.05769637545703,56.289935670808596],[23.918944391814453,56.336185060457034],[23.64914802035449,56.34389456363086],[23.51810363253711,56.313060365632815],[23.356226954070312,56.34389456363086],[23.22518256625293,56.36701925845508],[23.15580657443164,56.35160406680469],[23.032469782439453,56.32076986880664],[22.986220392791015,56.34389456363086],[22.932259592620117,56.405562959626955],[22.862883600798828,56.405562959626955],[22.74725631198047,56.37472876162891],[22.662463221160156,56.37472876162891],[22.323290857878906,56.38243826480274],[22.122870478240234,56.420978151277346],[21.783698114958984,56.34389456363086],[21.513901743499023,56.27451666446094],[21.321188959685546,56.2282672748125],[21.20556357821582,56.16659887881641],[21.18243697604297,56.081805787996096],[20.945448908416015,56.069957338289065],[20.91600707491992,56.09667166324024],[20.9490461679375,56.473189912751955],[20.96482757052539,56.60902365298633],[21.02205184420703,56.683875642732424],[21.32437995394824,56.854415498689455],[21.339747461882812,57.17707022281055],[21.459588083831054,57.24960669131641],[21.579514536467773,57.37260016055469],[21.67733100375293,57.46365698428516],[21.810254129973632,57.475379548982424],[22.28540328463672,57.565040193513674],[22.35992721041797,57.58566626162891],[22.432965311614257,57.615558229402346],[22.56363776644824,57.615558229402346],[22.585421595183593,57.508651338533205],[22.881373438445312,57.334144197419924],[23.070889505950195,57.26131781192188],[23.174664530364257,57.04849203677539],[23.215449366179687,56.98066671939258],[23.414469751921875,56.892413698152346],[23.76781371554492,56.865882478669924],[24.15838340243457,56.97548636050586],[24.266305002776367,57.030147157625],[24.34649947604297,57.15972097964649],[24.32293990573047,57.336890779451174],[24.236186060515625,57.728160463289065],[24.32544234713672,57.83747061343555],[24.345648798552734,57.86221655459766],[24.384392771331054,57.86221655459766],[24.436789545623046,57.908065401033205],[24.561234507170898,57.94736059756641],[24.67912963351367,57.960460267976565],[24.74462607821582,57.9801097735918],[24.84287169894336,57.98665960879688],[24.901820215789062,57.993209444001955],[24.947667154875976,58.00630911441211],[25.072112116423828,58.05870779605274],[25.117960962859375,58.05870779605274],[25.15725806674121,58.04560812564258],[25.16380790194629,58.01285894961719],[25.22275641879199,57.98665960879688],[25.275153193083984,58.025958620027346],[25.275153193083984,58.05870779605274],[25.360299143401367,58.01940878482227],[25.41269782504199,57.97355993838672],[25.524043116179687,57.95391043277149],[25.5698900552666,57.908065401033205],[25.694335016814453,57.90151556582813],[25.70743468722461,57.90151556582813],[25.79913047274707,57.8491168841875],[25.910475763884765,57.82946737857227],[25.995621714202148,57.82946737857227],[26.02837089022754,57.77706869693164],[26.093867334929687,57.75741919131641],[26.185563120452148,57.70502432437305],[26.237961802092773,57.62642630191211],[26.329657587615234,57.57402762027149],[26.40825370272754,57.57402762027149],[26.460652384368164,57.56092794986133],[26.526148829070312,57.52162893863086],[26.59164527377246,57.52817877383594],[26.66369346102832,57.56747778506641],[26.72264007052539,57.58712729068164],[26.81433585604785,57.57402762027149],[26.873284372893554,57.619876466707034],[26.964980158416015,57.6002269610918],[27.04357627352832,57.56747778506641],[27.115622553435546,57.541278444246096],[27.253167185393554,57.52162893863086],[27.29246428927539,57.515079103425784],[27.348862680999023,57.52635916324024]]]]}},{"type":"Feature","properties":{"name":"Lithuania","subject":"Lithuania","partOf":"Lithuania","borderPrecision":3,"color":"#b69578"},"geometry":{"type":"MultiPolygon","coordinates":[[[[25.84591364463684,54.94851402510687],[24.94546940561103,54.96546587967039],[24.82152912232091,54.12122444100098],[24.76687720736621,54.10073050113086],[24.805419001189453,54.02364309878711],[24.774584803191406,53.969684205964846],[24.69749930819629,53.954269014314455],[24.635832819548828,53.969684205964846],[24.543330225554687,53.94655951114063],[24.373744043914062,53.87718542666797],[24.24269965609668,53.87718542666797],[24.211867365447265,53.92343481631641],[24.157906565276367,53.94655951114063],[24.049988779631835,53.92343481631641],[23.88040259799121,53.91572531314258],[23.772482904998046,53.90031012149219],[23.641440424529296,53.91572531314258],[23.572062525359375,53.90031012149219],[23.53050139865039,53.91629370303516],[23.489806208220703,53.99312552066211],[23.48289397677539,54.00617941470508],[23.43854049166797,54.089915834382815],[23.3106184335625,54.30889471621875],[23.00508407076953,54.418258272126955],[22.98705771884082,54.42470892520313],[22.699036631194335,54.414901338533205],[22.685589823333007,54.432193361238284],[22.670172724333984,54.49386175723438],[22.662463221160156,54.57094534488086],[22.693297419158203,54.663447938875],[22.72413161715625,54.732825838044924],[22.824341806975585,54.78678473086719],[22.801217112151367,54.840743623689455],[22.79350760897754,54.90241201968555],[22.716424021331054,54.933246217683596],[22.63162902316211,54.94866140933399],[22.58537963351367,54.994910798982424],[22.546835932341796,55.05657919497852],[22.44662574252246,55.04886969180469],[22.331000361052734,55.04886969180469],[22.130579981414062,55.04886969180469],[22.030369791594726,55.02574499698047],[21.99182609042285,55.071998201326174],[21.760573420134765,55.10283239932422],[21.644946131316406,55.13366659732227],[21.54473594149707,55.187625490144534],[21.436816248503906,55.187625490144534],[21.398274454680664,55.21075018496875],[21.375149759856445,55.28012426944141],[21.321188959685546,55.26470907779102],[21.162322077361328,55.22138174624805],[21.143034967986328,55.25583990664844],[21.20093253573535,55.26139410586719],[21.216296228972656,55.343665681794924],[21.01845076998828,55.634009920076174],[21.01481536349414,55.69705542178516],[20.995957407561523,56.024127565339846],[20.945448908416015,56.069957338289065],[21.18243697604297,56.081805787996096],[21.20556357821582,56.16659887881641],[21.321188959685546,56.2282672748125],[21.513901743499023,56.27451666446094],[21.783698114958984,56.34389456363086],[22.122870478240234,56.420978151277346],[22.323290857878906,56.38243826480274],[22.662463221160156,56.37472876162891],[22.74725631198047,56.37472876162891],[22.862883600798828,56.405562959626955],[22.932259592620117,56.405562959626955],[22.986220392791015,56.34389456363086],[23.032469782439453,56.32076986880664],[23.15580657443164,56.35160406680469],[23.22518256625293,56.36701925845508],[23.356226954070312,56.34389456363086],[23.51810363253711,56.313060365632815],[23.64914802035449,56.34389456363086],[23.918944391814453,56.336185060457034],[24.05769637545703,56.289935670808596],[24.165616068450195,56.25139196963672],[24.28895095309375,56.289935670808596],[24.396870646086914,56.289935670808596],[24.574164423552734,56.297645173982424],[24.736043009368164,56.37472876162891],[24.813126597014648,56.405562959626955],[24.89791968783496,56.413272462800784],[24.936463389006835,56.297645173982424],[25.067505869475585,56.21285208316211],[25.21396735629199,56.15888937564258],[25.476056131926757,56.14347418399219],[25.645642313567382,56.1280589923418],[25.799811396208984,56.020137392],[26.023356470671875,55.9199291095293],[26.16981795748828,55.858260713533205],[26.231486353484375,55.788882814363284],[26.300862345305664,55.7117992267168],[26.42419722994922,55.68096502871875],[26.593783411589843,55.66554983706836],[26.586075815764648,55.58846624942188],[26.547534021941406,55.519088350251955],[26.532116922942382,55.46512945742969],[26.478156122771484,55.403461061433596],[26.43961432894824,55.3417926654375],[26.593783411589843,55.32637747378711],[26.71712020358203,55.30325277896289],[26.755661997405273,55.28012426944141],[26.701703104583007,55.25699957461719],[26.663159403411132,55.25699957461719],[26.616910013762695,55.187625490144534],[26.609200510588867,55.11824759097461],[26.532116922942382,55.110538087800784],[26.478156122771484,55.14908178897266],[26.42419722994922,55.12595709414844],[26.316279444304687,55.14137228579883],[26.246903452483398,55.12595709414844],[26.208359751311523,55.05657919497852],[26.162110361663085,54.98720511050586],[26.046483072844726,54.956370912507815],[25.85377028903125,54.956370912507815],[25.84591364463684,54.94851402510687]]]]}},{"type":"Feature","properties":{"name":"Ireland","subject":"Ireland","partOf":"Ireland","borderPrecision":3,"color":"#a88992"},"geometry":{"type":"MultiPolygon","coordinates":[[[[-6.206393208893555,53.95674856753711],[-6.343146768006104,53.93964346499805],[-6.443396058472413,53.89937933535938],[-6.334980454834717,53.78598364444141],[-6.172213521393555,53.43919714541797],[-6.043061223419922,52.89308889956836],[-6.070682969483155,52.766604982332034],[-6.232112851532715,52.61333426089649],[-6.340896096619385,52.42706259341602],[-6.405971017273682,52.21443899722461],[-6.489150014313477,52.19435843081836],[-6.616821256073731,52.22066458316211],[-6.893897023590821,52.206649385408205],[-6.961679425629395,52.111201845125],[-7.372407880219239,52.092113100007815],[-7.750648942383545,52.03270681949024],[-7.86164948025586,51.96809347720508],[-8.15881392041089,51.839644990876955],[-8.565231290253418,51.61545141787891],[-8.84775730648877,51.59982260318164],[-9.243309941681641,51.47262915225391],[-9.819109883698243,51.434554658845705],[-9.795244183930176,51.604632936433596],[-9.835420575531739,51.80326422305469],[-10.216907468231934,51.75834997744922],[-10.294031110199708,51.97762640567188],[-9.96377464810254,52.092113100007815],[-10.497328725250977,52.10165365786914],[-10.469237294586915,52.206649385408205],[-9.890640225800293,52.19443091006641],[-9.801606145294922,52.241084657625],[-9.784003224762696,52.3407054767168],[-9.735718694123047,52.48028143496875],[-9.503988233002442,52.54054983706836],[-9.192634549530762,52.55445822329883],[-9.134288754853028,52.68089636416797],[-9.615690198334473,52.636634431794924],[-9.441564526947754,52.83327826114063],[-9.525756802948731,52.90455587954883],[-9.309349980744141,53.11526831241016],[-8.9969987539375,53.12044485659961],[-8.923582997711915,53.16057547183399],[-9.001670804413575,53.30037649722461],[-9.158159222992676,53.2206989154375],[-9.297359433563965,53.279803834871096],[-9.440665212067383,53.26620825381641],[-9.616703954132813,53.34587820620899],[-9.802919354828614,53.34535177798633],[-9.884814229401368,53.29739721866016],[-10.159825292023438,53.374122224763674],[-10.02107330838086,53.51185568423633],[-10.151425328644532,53.575641237214846],[-9.80959984341504,53.63241537661914],[-9.872389760407227,53.767718873933596],[-9.696483579071778,53.8734203204668],[-9.912850346955079,53.96955832095508],[-10.178537335785645,53.9118724689043],[-10.159675565155762,54.13307150454883],[-9.988787618073243,54.25371512027149],[-9.891974416168946,54.32558401675586],[-9.4742936758125,54.241309724763674],[-9.32290550747754,54.275069795564455],[-9.08584496060254,54.258189760164065],[-8.590084996613282,54.20284994693164],[-8.686731305512208,54.364112459138674],[-8.30057999173047,54.48934897036914],[-8.21147915402295,54.6339183673418],[-8.829358067902344,54.6339183673418],[-8.760042157562989,54.701427064851565],[-8.50373932400586,54.749644838289065],[-8.476253476532715,54.87985190005664],[-8.345380750092286,55.09528311343555],[-8.11831804791333,55.176631532625],[-7.756225076111573,55.25272711367969],[-7.657281365784424,55.1168285235918],[-7.497830834778565,55.04973944278125],[-7.427515473755616,55.06380423159961],[-7.414515462311524,54.95790060611133],[-7.587795701416749,54.739993654207034],[-7.955719437989014,54.691775880769534],[-7.738254037293213,54.57607611270313],[-8.125245538147706,54.45079763980274],[-8.080057588013428,54.32558401675586],[-7.899549451264161,54.20043905825977],[-7.549550977143067,54.113833986238284],[-7.211673226746338,54.229312501863284],[-7.097825971039551,54.39300497622852],[-6.947142568024415,54.34484823794727],[-6.829872098358887,54.229312501863284],[-6.666179623993653,54.161937318757815],[-6.721553292664307,54.04649695010547],[-6.286373105438965,54.079043947175784],[-6.206393208893555,53.95674856753711]]]]}},{"type":"Feature","properties":{"name":"Belgium","subject":"Belgium","partOf":"Belgium","borderPrecision":3,"color":"#b47c6f"},"geometry":{"type":"MultiPolygon","coordinates":[[[[2.522131952849609,51.09112127871875],[2.995262178984863,51.313479982332034],[3.213605198470336,51.35356863589649],[3.472019943801147,51.31439169497852],[3.681297096816284,51.3214183673418],[3.775046858397705,51.38774450869922],[3.989524397460205,51.3437457904375],[4.173045191375,51.32487829776172],[4.406719717589599,51.34007605166797],[4.39535096606372,51.41090353579883],[4.533119234648925,51.40545233340625],[4.67107346972583,51.40545233340625],[4.791377100554687,51.487201295808596],[4.932145628539306,51.37821539492969],[5.010119947997314,51.43270071597461],[5.112526926604492,51.40545233340625],[5.243653807250244,51.23659475894336],[5.484423193541748,51.28555639834766],[5.823895964232666,51.116832338289065],[5.774240049926025,50.92642553897266],[5.696757826415283,50.88292654605274],[5.697087320891601,50.730723939851565],[5.999575647917968,50.74159964175586],[6.154545816985351,50.66175802798633],[6.28142503222583,50.49760016055469],[6.298354181853515,50.286868654207034],[6.108513388243896,50.11745413394336],[6.007444891539794,50.149974428132815],[5.94377568682788,50.11381109805469],[5.833756479827148,50.047408662751955],[5.737923655120117,49.90245779605274],[5.745062384215576,49.755260072664065],[5.884400400725585,49.66353567691211],[5.823500189391357,49.50710638614063],[5.787845644561035,49.55865439029102],[5.475416693297607,49.480140291169924],[5.41808799227832,49.582618318513674],[5.251278433409912,49.674327455476565],[5.097706827727539,49.76065405459766],[4.859871897307617,49.78224142642383],[4.877066645232421,49.88479956241016],[4.81162408312915,49.965777955964846],[4.865410837737304,50.13371618838672],[4.754919085112792,50.10118826480274],[4.668095144835693,49.96037634463672],[4.467481646147949,49.94473227115039],[4.28462794741748,49.91097982974414],[4.156314882842285,49.965777955964846],[4.188459906188232,50.05494650454883],[4.14781621417163,50.13371618838672],[4.21956971606372,50.24215658755664],[4.050887617675048,50.31808813662891],[3.791464838591796,50.339786134675784],[3.674962076750976,50.334369264558596],[3.603379520980102,50.47003897281055],[3.370317253676635,50.4646068439043],[3.28275969943164,50.52432592959766],[3.191876682845336,50.730723939851565],[3.122844490615112,50.807132326082034],[2.938276085463745,50.713756166414065],[2.875059876052124,50.68182333560352],[2.755482468215209,50.73915823550586],[2.615729364958984,50.890216432527346],[2.522131952849609,51.09112127871875]]]]}},{"type":"Feature","properties":{"name":"France","subject":"France","partOf":"France","borderPrecision":3,"color":"#b47c6f"},"geometry":{"type":"MultiPolygon","coordinates":[[[[7.03694862443205,45.93042834662081],[6.955283197966796,45.93890341372852],[6.674510035125,45.80327185244922],[6.914330515471679,45.64829596133594],[6.925548586455566,45.516681276277346],[7.11911395510791,45.430484376863284],[7.029197249022705,45.30801733584766],[6.7859282823479,45.14932211490039],[6.703588518706542,45.199195466951174],[6.507319483367187,45.115707002595705],[6.665318045226318,44.95452078433399],[6.942603621093017,44.86865194888477],[7.003469976989013,44.71953543277149],[6.924694094268066,44.71501883120899],[6.782917532531005,44.54787405581836],[6.869778189269287,44.34917028994922],[7.209197077361328,44.17309530825977],[7.591079744902832,44.204696260408205],[7.618774447051269,44.078311525300784],[7.552810225096923,43.867450319246096],[7.397118601409179,43.76409491153125],[7.297616514769775,43.667300783113284],[6.923080000487548,43.44766577334766],[6.523014101592285,43.15085180850391],[6.331224951354248,43.11186941714649],[6.18777850588916,43.092288576082034],[5.828570398894531,43.020816408113284],[5.646554979888183,43.03331717105274],[5.434490236846191,43.103656373933596],[5.051816973296386,43.32809790225391],[4.909845861998779,43.366439424470705],[4.750594648925048,43.35325964541797],[4.646513971892578,43.320865236238284],[4.416764769164306,43.34614523501758],[4.078196081725341,43.48708685489063],[3.807468924132568,43.467227540925784],[3.478712830153686,43.31209524722461],[3.317868027297241,43.19595297427539],[3.067900213805419,42.944564424470705],[3.001891169158203,42.77080877871875],[3.045898947325927,42.53945501895313],[3.087081465331298,42.36864431949024],[2.936504158583862,42.40964087100391],[2.599267038909179,42.34814413638477],[2.581510099974853,42.28666266055469],[2.363173756209594,42.293494783357424],[2.171107086745483,42.38231619449024],[1.99367073496936,42.30715521426563],[1.972097238064833,42.37682725081652],[1.912632004273085,42.45393734381684],[1.772888704862476,42.491356355003646],[1.721232694912026,42.50622159671923],[1.723611,42.509438],[1.723333,42.515274],[1.724444,42.524994],[1.725278,42.529999],[1.735278,42.554443],[1.743055,42.563606],[1.753889,42.57],[1.768055,42.571106],[1.774722,42.571106],[1.78172,42.569962],[1.738611,42.616386],[1.698333,42.626106],[1.563056,42.655548],[1.556389,42.656387],[1.491944,42.65361],[1.481111,42.647217],[1.454372944795423,42.61290349092135],[1.436910133939096,42.63422120947218],[0.744199428168518,42.77189215274219],[0.584142002669555,42.77189215274219],[0.591923627463562,42.628333650544924],[0.347843679991943,42.63517340274219],[0.196265372840148,42.607825838044924],[0.179550382701141,42.66251715274219],[-0.165626824440974,42.64883764834766],[-0.203663793,42.70031317325],[-0.216141254248637,42.717200838044924],[-0.409914609583634,42.785567842439455],[-0.46883657256009,42.75139196963672],[-0.586789485605973,42.765060029939455],[-0.611982133778351,42.73087652774219],[-0.840018358620423,42.90865286441211],[-0.907353666218537,42.881297670320315],[-1.397272315415162,43.031756959871096],[-1.44755240956189,42.98387869449024],[-1.515127864273804,42.997562013582034],[-1.557671156319397,43.04543264956836],[-1.465651359947937,43.15488775821094],[-1.491382804306763,43.20962103457813],[-1.702391829880494,43.19593771548633],[-1.914577808769959,43.3054157123125],[-1.746070232781189,43.36016043277149],[-1.561407771500367,43.524425111726565],[-1.314379182251709,44.558963380769534],[-1.135849919708985,44.600101076082034],[-1.230320539864319,44.730411134675784],[-1.331778016480225,44.61382635684375],[-1.275514092835206,45.12873037906055],[-1.175191727074402,45.50050314517383],[-1.123440351876038,45.431617341951174],[-0.900364187153595,45.29391058535938],[-0.814226653965729,45.12184103579883],[-0.728486028107422,45.01864203067188],[-0.854702380093354,45.321448884919924],[-1.138394918831604,45.58316382022266],[-1.247395124825257,45.688148103669924],[-1.236505594643372,45.8000446185625],[-1.075199690254944,46.01461752505664],[-1.165981498154419,46.18368109317188],[-1.256056633385437,46.30683096499805],[-1.402668443115967,46.403934083894534],[-1.710726466568726,46.44879110904102],[-1.942478146942872,46.70579870791797],[-2.129660334976929,46.85084494204883],[-2.004645553025025,47.04250296206836],[-2.109477606209534,47.124042116121096],[-2.263749804886597,47.18288382144336],[-2.493711915406006,47.24692114444141],[-2.576483931931275,47.324866853669924],[-2.465543475540894,47.49438437075977],[-2.613652196320313,47.572249971345705],[-2.842474189194458,47.49190481753711],[-3.062696423920411,47.60393866153125],[-3.433526244553345,47.71681173892383],[-3.711868014725464,47.79814871402149],[-3.858102050217408,47.79180868716602],[-3.954837766083497,47.90433844180469],[-4.364373650940674,47.82931097598438],[-4.390935388001221,47.94184836001758],[-4.510127511414307,47.99813040347461],[-4.675397363098877,48.01689489932422],[-4.700306382569092,48.06380423159961],[-4.312866177948731,48.10133322329883],[-4.350984063538331,48.204566560701174],[-4.587968316468018,48.25149496646289],[-4.388901677521485,48.298438631013674],[-4.350201573761719,48.390506349519534],[-4.473793950470704,48.382937990144534],[-4.592021432312745,48.392318330720705],[-4.779634442719239,48.354774080232424],[-4.761963334473389,48.55200155825977],[-4.625704255493897,48.546668611482424],[-4.488299336823243,48.61226614566211],[-4.251477208527344,48.65191229434375],[-3.998872962387818,48.73053701968555],[-3.902217355164307,48.64596136660938],[-3.821306434067505,48.721149049714846],[-3.607873406800049,48.692950807527346],[-3.557670083435791,48.810077272371096],[-3.435057845505494,48.83645971866016],[-3.091225352677125,48.87155111880664],[-2.914459433945435,48.70678671450977],[-2.79053541699292,48.58958014102344],[-2.636378016861695,48.55200155825977],[-2.342885461243409,48.67414816470508],[-2.200072136315125,48.598983369783205],[-2.07596763649823,48.65615805240039],[-1.870566811951416,48.711742006257815],[-1.857612696083802,48.60836752505664],[-1.591356840523499,48.63750036807422],[-1.456587758454102,48.683551393464846],[-1.575547900589722,48.76814230533008],[-1.588412251862305,48.88095053286914],[-1.563408580216187,49.036239229158205],[-1.579779472740906,49.2290111407793],[-1.638999786766785,49.219607912019534],[-1.891543593796509,49.526351533845705],[-1.941284146698731,49.70930441470508],[-1.52424713650586,49.65277060122852],[-1.250969496163147,49.69987829776172],[-1.288660493286866,49.520972810701174],[-1.177143421562928,49.33254965396289],[-1.023191001805085,49.39845999331836],[-0.464948442372101,49.35137899966602],[-0.239364930036086,49.28548773379688],[-0.203663793,49.291812501863284],[0.032870042530281,49.33370550723438],[0.330848249999267,49.45495565982227],[0.090372207967025,49.51055487246875],[0.115054044333679,49.60227545352344],[0.189372840729934,49.681026063875],[0.528559717742187,49.8258014545],[0.868757519332153,49.90724905581836],[1.274518880454284,50.00430258365039],[1.416228327361328,50.10984381289844],[1.551989111510498,50.22880896182422],[1.528296861258728,50.57772787661914],[1.58892014941333,50.821883760408205],[1.823555264083129,50.93456228824024],[2.030328068343383,51.006656251863284],[2.442595991698486,51.04803045840625],[2.522131952849609,51.09112127871875],[2.615729364958984,50.890216432527346],[2.755482468215209,50.73915823550586],[2.875059876052124,50.68182333560352],[2.938276085463745,50.713756166414065],[3.122844490615112,50.807132326082034],[3.191876682845336,50.730723939851565],[3.28275969943164,50.52432592959766],[3.370317253676635,50.4646068439043],[3.603379520980102,50.47003897281055],[3.674962076750976,50.334369264558596],[3.791464838591796,50.339786134675784],[4.050887617675048,50.31808813662891],[4.21956971606372,50.24215658755664],[4.14781621417163,50.13371618838672],[4.188459906188232,50.05494650454883],[4.156314882842285,49.965777955964846],[4.28462794741748,49.91097982974414],[4.467481646147949,49.94473227115039],[4.668095144835693,49.96037634463672],[4.754919085112792,50.10118826480274],[4.865410837737304,50.13371618838672],[4.81162408312915,49.965777955964846],[4.877066645232421,49.88479956241016],[4.859871897307617,49.78224142642383],[5.097706827727539,49.76065405459766],[5.251278433409912,49.674327455476565],[5.41808799227832,49.582618318513674],[5.475416693297607,49.480140291169924],[5.787845644561035,49.55865439029102],[5.823500189391357,49.50710638614063],[6.112331900206787,49.47865255923633],[6.367956194487792,49.47348364444141],[6.433043036071044,49.445331178621096],[6.625501665679199,49.30178793521289],[6.77724269351123,49.17690237613086],[6.954413923827392,49.20173605533008],[6.974740538207275,49.13656958194141],[7.284997973052246,49.164493165925784],[7.317378077117187,49.18621405215625],[7.422812018004638,49.183108888582034],[7.465429815856201,49.09933432193164],[7.670458349791748,49.05900915713672],[7.885707888213378,49.06520804019336],[8.15829566439746,48.97834738345508],[7.729077848998291,48.615619264558596],[7.704579386321289,48.519576631501955],[7.68064263781665,48.358523927644534],[7.536028418151123,48.19133719058399],[7.502136263457519,48.058272920564455],[7.543118509856445,48.02423056216602],[7.445963415709716,47.70879324527149],[7.506581816283447,47.60370596499805],[7.585364537036662,47.577724842763196],[7.585018,47.577383],[7.568828,47.577813],[7.568542514096568,47.57749683842529],[7.555836,47.563425],[7.505698,47.542162],[7.499831,47.535382],[7.50238097190389,47.52979063176669],[7.503209,47.527975],[7.512914,47.527764],[7.518251262133575,47.531941502290806],[7.518777,47.532353],[7.52186,47.533499],[7.531557,47.529323],[7.531089,47.526297],[7.526442,47.514406],[7.512528226419747,47.51735212110313],[7.503181992508285,47.51933110522289],[7.502271,47.519524],[7.49965,47.51796],[7.511173,47.502309],[7.511472,47.497301],[7.502382,47.493443],[7.503148,47.49073],[7.500375,47.489792],[7.489588,47.481968],[7.473425,47.48009],[7.472569711708627,47.48088290517442],[7.464198,47.488644],[7.436647,47.498025],[7.435443678146892,47.496384824903785],[7.423550228397172,47.480173584297454],[7.422789,47.479136],[7.445898738766189,47.47430811289133],[7.458182,47.471742],[7.456642,47.470594],[7.447866,47.462141],[7.431556,47.459527],[7.422632,47.445751],[7.387726,47.432582],[7.385648290258668,47.4336373178288],[7.385265,47.433832],[7.340966978968648,47.43909141168429],[7.328665,47.440552],[7.303602,47.438221],[7.293771,47.433719],[7.28485,47.434539],[7.268618933731888,47.42891993018491],[7.267766893372861,47.42862496039158],[7.251825,47.423106],[7.250365652521556,47.424259436819646],[7.239459350975759,47.43287954269227],[7.230898241159665,47.439646059525856],[7.229313,47.440899],[7.226381704227353,47.44037353598676],[7.200422,47.43572],[7.197932258382457,47.437817862739834],[7.196718,47.438841],[7.175167,47.443272],[7.183229,47.462802],[7.195085738597603,47.485853464763395],[7.195587,47.486828],[7.19941904770825,47.487961749897686],[7.206964,47.490194],[7.20556,47.494573],[7.200486926411492,47.49407762685182],[7.182902381062923,47.49236053928415],[7.174986598430725,47.49158758259538],[7.163859,47.490501],[7.162912436426407,47.490881680030895],[7.15674428515553,47.493362329066926],[7.131314968877373,47.50358925219866],[7.131149,47.503656],[7.131083502969333,47.50362284535877],[7.115183,47.495574],[7.079515,47.487944],[7.078588070791714,47.49013887356564],[7.078107,47.491278],[7.067777168630417,47.493242236547324],[7.047857011008428,47.49703009137569],[7.044192,47.497727],[7.042658205744837,47.49765190522061],[7.041884,47.497614],[7.041465361877957,47.49779457777586],[7.027981,47.503611],[7.024923116179677,47.50291899329076],[6.985255,47.493942],[6.990445,47.480924],[6.994228,47.47009],[6.993321683035432,47.46700534226095],[6.993031,47.466016],[7.000652933383609,47.46528577431922],[7.002425,47.465116],[7.002914,47.461676],[6.999889,47.455299],[7.001736,47.455098],[7.004059,47.45323],[6.996671626977604,47.45168559899369],[6.983175,47.448864],[6.98239962750489,47.448268061010126],[6.966521,47.436064],[6.960697,47.433847],[6.956563287588266,47.435040190501546],[6.956072,47.435182],[6.953996561241224,47.434764929057884],[6.942258,47.432406],[6.941128,47.405171],[6.917316,47.404119],[6.91949,47.401834],[6.9134,47.395962],[6.91516,47.388876],[6.90937,47.383944],[6.905203439206746,47.38327531666852],[6.898634,47.382221],[6.897654442187057,47.38127968787059],[6.893614,47.377397],[6.886472,47.369953],[6.883440954350322,47.35458999510987],[6.882825,47.351468],[6.891268,47.351511],[6.906553,47.35837],[6.908707,47.357859],[6.911238297093395,47.357746471344804],[6.927956137113791,47.357003280804236],[6.938355,47.356541],[6.976102,47.359424],[6.983651542521053,47.361732278175005],[7.007280276528063,47.36895678096566],[7.016236,47.371695],[7.016932793612131,47.371800832070306],[7.019765,47.372231],[7.020893303839894,47.37091820585926],[7.022089,47.369527],[7.030533921264364,47.368769729743775],[7.03546,47.368328],[7.035779,47.36666],[7.037106555480791,47.36226604431552],[7.037196,47.36197],[7.046544881291458,47.3606552427999],[7.051645,47.359938],[7.051129450247653,47.34703144449163],[7.051124,47.346895],[7.061975865599689,47.34330270753758],[7.06328,47.342871],[7.06026826251392,47.34024574288211],[7.055347,47.335956],[7.057097883970507,47.334570105942554],[7.057971,47.333879],[7.053995410070606,47.33298275246761],[7.038205,47.329423],[7.033439949384966,47.32827117764349],[7.01232,47.323166],[7.012503,47.319306],[7.017114,47.318282],[7.015948994381204,47.31474581686733],[7.015637584707208,47.313800583969936],[7.01202,47.30282],[7.010487,47.30271],[6.999037,47.296194],[6.989438355443021,47.29647403526199],[6.980322,47.29674],[6.979735685762548,47.29598154351596],[6.976681,47.29203],[6.95539804543353,47.292220817103704],[6.95337,47.292239],[6.952915644215403,47.29182147042358],[6.952457,47.2914],[6.943465,47.285412],[6.954341,47.269603],[6.94958,47.253828],[6.957953,47.242807],[6.945005,47.234714],[6.935536,47.231748],[6.930389,47.22536],[6.893217,47.205979],[6.883621,47.201235],[6.876278,47.186173],[6.873456048065949,47.18648930251253],[6.871835,47.186671],[6.869297387552915,47.18529707110283],[6.865991137420727,47.183506981917574],[6.858568284751652,47.17948805783278],[6.845366,47.17234],[6.844167,47.170038],[6.858746,47.165944],[6.857816985478816,47.165180514689126],[6.846338968428881,47.15574761863016],[6.835101,47.146512],[6.829913,47.145544],[6.803801,47.12964],[6.796486,47.127718],[6.743385,47.108716],[6.744855883578915,47.10143233889566],[6.745764458168092,47.09693317289066],[6.746815,47.091731],[6.745148,47.090677],[6.73804305944754,47.09088662857723],[6.727727,47.091191],[6.721785687462121,47.088752474543526],[6.705246,47.081964],[6.70943,47.07761],[6.708107,47.073845],[6.702441183141495,47.07128104246877],[6.699857825472227,47.070111993147655],[6.694298,47.067596],[6.704967,47.057966],[6.713558,47.054893],[6.721392,47.051293],[6.701712,47.039476],[6.699098691838104,47.03892583533956],[6.698468023279561,47.038793064333674],[6.676608,47.034191],[6.643967,47.002763],[6.626155386611776,46.99853994207055],[6.610897686395433,46.99492240611357],[6.594894,46.991128],[6.584146817798342,46.98802351897988],[6.523222639289028,46.97042467750685],[6.51055,46.966764],[6.510241199788197,46.96706733376022],[6.50202,46.975143],[6.497894605182912,46.97254832039897],[6.490415,46.967844],[6.475701,46.955718],[6.453949567147609,46.94083746643534],[6.449325880344214,46.937674321867476],[6.436142,46.928655],[6.468513,46.890756],[6.467123,46.875302],[6.464355,46.852114],[6.437257,46.813579],[6.439914,46.801604],[6.461859,46.789593],[6.456203,46.775144],[6.454249,46.774083],[6.444947,46.768156],[6.421993,46.753861],[6.393638,46.744832],[6.394597,46.742337],[6.389471,46.733002],[6.382816,46.731999],[6.372269,46.72835],[6.375459,46.728172],[6.374905,46.725559],[6.367355,46.723816],[6.311303,46.699052],[6.224308,46.644709],[6.210278,46.635789],[6.205297,46.635108],[6.195588567394397,46.629208949405175],[6.163868325435269,46.60993505424632],[6.122636237759769,46.58488155887695],[6.107886,46.575919],[6.132902,46.555884],[6.138891261182868,46.557371537442236],[6.146684,46.559307],[6.162595,46.545604],[6.152974,46.538622],[6.157268,46.536063],[6.148528,46.528762],[6.142406,46.531925],[6.100927,46.480722],[6.076564,46.465191],[6.079432,46.453435],[6.092004,46.445658],[6.089276,46.440199],[6.078755,46.432767],[6.068907,46.41689],[6.087496011445568,46.409593467806005],[6.098792027536206,46.40515957172118],[6.117641,46.397761],[6.120317,46.399253],[6.155268404632564,46.37885835836991],[6.156251,46.378285],[6.158929211675651,46.37893788625607],[6.163442,46.380038],[6.166362,46.377672],[6.175338,46.367758],[6.163061,46.351966],[6.144176,46.335782],[6.144214,46.334217],[6.138227,46.326634],[6.131789,46.319046],[6.12467,46.30258],[6.127468,46.298961],[6.108846,46.285487],[6.11861,46.273918],[6.115494,46.272211],[6.12613,46.261696],[6.130106,46.252874],[6.128784,46.251606],[6.116083,46.242481],[6.107586,46.239666],[6.105244229261026,46.24146872785795],[6.096243,46.248398],[6.091113556709614,46.24742182015136],[6.075151,46.244384],[6.074660802724956,46.24467016120543],[6.0692,46.247858],[6.066361279451629,46.24545226119592],[6.05258,46.233773],[6.04750853206311,46.236657566195646],[6.040375,46.240715],[6.037067848369304,46.23896579448712],[6.007625,46.223393],[6.00669,46.224633],[6.004501982032465,46.22452975327559],[5.997535,46.224201],[5.998313002993175,46.222234467423185],[5.999794,46.218491],[5.986594242460955,46.220045000205666],[5.986229,46.220088],[5.98537127570471,46.21825635610805],[5.978707,46.204025],[5.970463,46.197968],[6.000877,46.183968],[5.995899,46.179312],[5.997445,46.177663],[5.994274,46.172822],[5.991269207118759,46.174507150397325],[5.989547,46.175473],[5.987441823267057,46.17097487157366],[5.983307,46.16214],[5.962663,46.132651],[5.964927481553066,46.12980065190222],[5.965616,46.128934],[5.976368,46.130641],[5.977828,46.132121],[5.989939572189548,46.1422691929551],[5.990733,46.142934],[6.030542,46.140944],[6.040708566373653,46.136739506882456],[6.044494,46.135174],[6.056446480816662,46.148624499097124],[6.059215,46.15174],[6.081313,46.150136],[6.083053431027602,46.14896747916815],[6.083145,46.148906],[6.086529362728195,46.14959255982019],[6.099565,46.152237],[6.10357,46.148112],[6.100328,46.145777],[6.103403,46.142788],[6.105769,46.144173],[6.131559045275426,46.140905411370454],[6.135114,46.140455],[6.150742,46.145543],[6.153679,46.148185],[6.158159439587455,46.15177578708396],[6.158831,46.152314],[6.161296105126697,46.1530017942436],[6.182235,46.158844],[6.185065042619269,46.16425470898637],[6.188024370961475,46.16991259708522],[6.192721,46.178892],[6.198562151728495,46.182240390634284],[6.200060168142895,46.18309911582499],[6.228732,46.199535],[6.230334,46.201744],[6.239170730513545,46.20548078916776],[6.242236,46.206777],[6.249822997023163,46.20561318264287],[6.251128,46.205413],[6.251504353791655,46.20638674076254],[6.251695,46.20688],[6.256350937865641,46.20861655571516],[6.262447540138147,46.21089044549309],[6.295157626273098,46.22309054108289],[6.298336,46.224276],[6.315574,46.247616],[6.315677,46.257008],[6.310406,46.257475],[6.310061440597694,46.25730441193416],[6.308471,46.256517],[6.303648,46.257093],[6.303539165796264,46.25728096733714],[6.302087,46.259789],[6.303181,46.264913],[6.29871681339475,46.26254033652684],[6.274345,46.249587],[6.271880890313146,46.25099650797164],[6.268256,46.25307],[6.269854,46.255591],[6.257363,46.26297],[6.24445,46.282342],[6.250839,46.285855],[6.260501,46.291071],[6.25193149189064,46.30162689034805],[6.251351574921714,46.30234123005773],[6.248745,46.305552],[6.247252,46.305014],[6.247858232034116,46.30280009614411],[6.247907,46.302622],[6.2423,46.290979],[6.221948,46.273123],[6.216077,46.266798],[6.202162,46.263825],[6.197345,46.244677],[6.198605,46.242187],[6.197942,46.238424],[6.178509,46.214935],[6.179292,46.213588],[6.161295,46.206077],[6.159074967819073,46.206352181478124],[6.154365,46.206936],[6.156029668489112,46.20846836495105],[6.172219470275174,46.211872294689975],[6.193824202060431,46.238419184332706],[6.199127865688836,46.263974311208905],[6.235320097735189,46.289106588791334],[6.27784874181629,46.35037762441313],[6.30354410983879,46.36604951821137],[6.343528405304224,46.37010514332916],[6.360944279594113,46.347862108145755],[6.389247743870544,46.340049439200115],[6.413511182182861,46.36002808258668],[6.477321964444022,46.375612154443324],[6.484300994278125,46.39337594537425],[6.514880880306399,46.404865961350175],[6.545074937533656,46.39478964497198],[6.636771707491414,46.40672155389668],[6.725509048568351,46.40831394149905],[6.809147838242454,46.39368172924781],[6.809164716402417,46.39291002226726],[6.809442,46.380232],[6.803756970829565,46.37715948535802],[6.786747852923299,46.36796678603365],[6.776061,46.362191],[6.778199,46.347493],[6.791481,46.332445],[6.800353,46.333333],[6.805632,46.319592],[6.822674,46.316562],[6.827686,46.312521],[6.832137,46.304826],[6.851695,46.291059],[6.863716,46.292272],[6.862077624091343,46.28216857439163],[6.861581965293001,46.27911197927832],[6.858636,46.260945],[6.833348,46.236808],[6.824351,46.235088],[6.824545,46.231229],[6.810805,46.19818],[6.813128,46.192038],[6.815782,46.183186],[6.793758,46.154364],[6.804016,46.136794],[6.819389,46.130207],[6.846047,46.133488],[6.85345,46.128417],[6.897702,46.127086],[6.903116,46.125445],[6.892672348315142,46.10869911394799],[6.889006418234438,46.102820973881805],[6.885557,46.09729],[6.896006,46.086494],[6.892603,46.082199],[6.895204,46.076787],[6.876258,46.054467],[6.895760679882788,46.04402179961793],[6.89613,46.043824],[6.902407557297379,46.04703022106104],[6.917585,46.054782],[6.93021,46.066007],[6.938739,46.066882],[6.941151,46.06512],[6.938823,46.057702],[6.954584,46.053498],[6.966898,46.032063],[6.973811,46.028755],[6.999323,46.001532],[7.010091,46.00189],[7.016774,45.988772],[7.025339,45.983277],[7.024618,45.979727],[7.012098,45.974461],[7.041289,45.948808],[7.046237933514695,45.932034294340845],[7.037211262339152,45.9299415774001],[7.03694862443205,45.93042834662081]],[[7.127612089850768,47.50412665923657],[7.122452626094552,47.501124960508214],[7.112032424030039,47.49506264303412],[7.127612089850768,47.50412665923657]]],[[[6.159654924618628,46.251590014334234],[6.157258785722756,46.242527238221385],[6.15785,46.249443],[6.159654924618628,46.251590014334234]]],[[[6.231833,46.367868],[6.235251631903526,46.37083150638401],[6.216308983730783,46.348597810654255],[6.218127,46.35457],[6.231833,46.367868]]],[[[6.264555,46.393889],[6.274997280669589,46.391796602586055],[6.274123806967107,46.39014042210051],[6.26169003280859,46.39207075507718],[6.262638523864614,46.39267271277224],[6.264555,46.393889]]],[[[6.358736,46.462151],[6.36525699086738,46.46282451199413],[6.381098835723138,46.46446071617481],[6.386601,46.465029],[6.389613,46.465371],[6.397087,46.461373],[6.399523,46.460248],[6.409802602425591,46.46278240961851],[6.426174558376593,46.46681887337637],[6.399366830301586,46.458688728465745],[6.384794633556074,46.46430289385845],[6.354245795135136,46.46160046384986],[6.355114,46.462115],[6.358736,46.462151]]],[[[6.519742,46.51662],[6.535457470840142,46.51145088549285],[6.51653703823645,46.51490118514051],[6.516982141814686,46.51513989333759],[6.519742,46.51662]]],[[[6.562651694675019,46.5084165504548],[6.558787383904959,46.507196480082904],[6.552544208836605,46.50833497544344],[6.561821398670404,46.508409849341675],[6.562651694675019,46.5084165504548]]],[[[6.591638,46.517827],[6.595846,46.519216],[6.601017331790772,46.51608563575438],[6.59204288810731,46.51769616755476],[6.586200074871915,46.51585142893481],[6.591212222522517,46.51767231716695],[6.591638,46.517827]]],[[[6.681875,46.504198],[6.707969,46.495821],[6.717261,46.489832],[6.726585275998491,46.48639649541344],[6.720869389583737,46.485596225120794],[6.689435812086666,46.50021827068076],[6.661201919626937,46.505285056239714],[6.673705,46.505184],[6.681875,46.504198]]],[[[6.746616765777744,46.48722760208947],[6.750652322726847,46.4857809083158],[6.744219743373183,46.48808690290761],[6.749439,46.488686],[6.75656,46.486749],[6.780262,46.474689],[6.789934,46.473809],[6.803093,46.471592],[6.817151,46.469796],[6.836335,46.468549],[6.836641,46.468134],[6.838738761240986,46.46233642013193],[6.832041624067764,46.46683262184003],[6.776499274150077,46.47343949712618],[6.743968139445676,46.48805802232323],[6.744219743373181,46.48808690290761],[6.746616765777744,46.48722760208947]]],[[[6.857628,46.453434],[6.864147785650463,46.44805050683118],[6.857901656145032,46.44947118554421],[6.840181095132023,46.46136809233204],[6.856834,46.457082],[6.857628,46.453434]]],[[[6.881549,46.445633],[6.882236929108263,46.44393614112276],[6.865966216712505,46.44763690568847],[6.871867,46.44819],[6.881549,46.445633]]],[[[6.913229,46.430352],[6.919421,46.429548],[6.927493,46.421136],[6.934986,46.409904],[6.925466,46.396191],[6.924413,46.395977],[6.920805,46.395021],[6.919333375361632,46.39555478011343],[6.919087353921615,46.39564401574372],[6.930871450577103,46.408351227966136],[6.900908887160469,46.439689214556104],[6.893824328176765,46.44130059359181],[6.906797,46.440232],[6.913229,46.430352]]],[[[6.870294701324003,46.39420266793923],[6.866539,46.395577],[6.86443,46.395461],[6.864387211389201,46.394807051520516],[6.863911,46.387529],[6.859475142995175,46.388028804774066],[6.857919770712584,46.38820405444768],[6.860532891338509,46.39567135854787],[6.887575519023547,46.39545537626506],[6.872439,46.393418],[6.870294701324003,46.39420266793923]]],[[[8.62692645510791,41.73208960147266],[8.74244979342578,41.8815990314043],[8.692829165068847,41.913463197664065],[8.561865839568359,41.8815990314043],[8.537932428923828,41.94778021426563],[8.589588198271972,41.957591615632815],[8.668312105742675,42.02868612857227],[8.626454386321289,42.09734304995899],[8.510698351470214,42.13412436099414],[8.51724627932666,42.20770224185352],[8.628421816436035,42.26165731997852],[8.500446352568847,42.359778963044924],[8.60930064639209,42.48734625430469],[8.879002604094726,42.624766908601565],[9.000392946807128,42.63458975406055],[9.018427881804687,42.69103964419727],[9.149460825530273,42.710670076326174],[9.237692865935546,42.664039216951174],[9.280391726104003,42.727855287507815],[9.270520243254882,42.882510744050784],[9.303189310637695,42.983192048982424],[9.367051157561523,42.988101564363284],[9.414238962737304,42.90952643008594],[9.432161364165527,42.79413565249805],[9.405494722930175,42.58059652896289],[9.458552393523437,42.55605658145313],[9.486711535063964,42.4063793048418],[9.45250895938037,42.04830511660938],[9.35745624026416,41.90121039004688],[9.30453875979541,41.575267396882815],[9.173024210540039,41.34990652652149],[9.038939509001953,41.36949881167774],[9.01326850375293,41.457679353669924],[8.828752550688964,41.49197729678516],[8.726921114531738,41.56056936831836],[8.85464862307666,41.65367849917774],[8.823254618254882,41.68797644229297],[8.62692645510791,41.73208960147266]]]]}},{"type":"Feature","properties":{"name":"Albania","subject":"Albania","partOf":"Albania","borderPrecision":3,"color":"#8b7fa6"},"geometry":{"type":"MultiPolygon","coordinates":[[[[20.028559717742187,39.81378134341602],[19.803648981658203,40.016963563875],[19.369067225066406,40.26028021426563],[19.38022521456836,40.32358130069141],[19.483712229338867,40.29589041324024],[19.49448302706836,40.4027171954668],[19.33922294100879,40.58873709292774],[19.527255091277343,40.865890108064455],[19.445403132048828,40.96489676089649],[19.529950174895507,41.21844442935352],[19.416991266814453,41.345252595857424],[19.498915705291015,41.52362021060352],[19.619383844939453,41.559302888826174],[19.60696509799121,41.761539064363284],[19.457886728850585,41.79808386416797],[19.36771300753711,41.84637030215625],[19.368660959807617,42.000342927888674],[19.30881408175586,42.19264944644336],[19.434618982878906,42.424571596101565],[19.557698282805664,42.54732855410938],[19.88456061801074,42.49771078677539],[20.047053370085937,42.48752173037891],[20.072997126189453,42.48589285464649],[20.245184931365234,42.319800935701174],[20.574980768767578,41.92991217227344],[20.582966837493164,41.880714021638674],[20.59892180880664,41.782420717195315],[20.539563212004882,41.58959158511524],[20.572821650115234,41.301143251375],[20.7069750162041,41.00056418033008],[21.031638178435546,40.726790986970705],[20.99117377719043,40.7137523517168],[20.78894523104785,40.33477362246875],[20.60791495761035,40.16091497989063],[20.38468078097461,39.948566041902346],[20.122382196990234,39.551009736970705],[20.090828928557617,39.60253103824024],[20.028559717742187,39.81378134341602]]]]}},{"type":"Feature","properties":{"name":"Portugal","subject":"Portugal","partOf":"Portugal","borderPrecision":3,"color":"#739b91"},"geometry":{"type":"MultiPolygon","coordinates":[[[[-7.491503682526368,37.20815619082813],[-7.603436437042969,37.16297873111133],[-7.836042371186036,37.03225287051563],[-8.033637967499512,37.00878866763477],[-8.28023907223584,37.088580690339846],[-8.541073766144532,37.088580690339846],[-8.667059865387696,37.12144049258594],[-8.990849461945313,36.990008912996096],[-9.016643491181153,37.069800935701174],[-8.841511693390625,37.52514608950977],[-8.851028409394043,37.91018255801563],[-8.932785954865235,37.96184118838672],[-8.822993245514649,38.206073366121096],[-8.84730335751416,38.384566865876955],[-8.788920369538086,38.43598135562305],[-8.853651967438477,38.4996410235918],[-9.022322621735352,38.46102102847461],[-9.236570325287598,38.41744955630664],[-9.285158124359864,38.61946829409961],[-9.069152799042481,38.64295919986133],[-8.941892590912598,38.74191626162891],[-8.960826840790528,38.81846197696094],[-9.040849652680176,38.92018087954883],[-9.175754514130372,38.73223074527149],[-9.361637082489747,38.671145997957034],[-9.522397008332032,38.6899371966875],[-9.549007382782715,38.77451666446094],[-9.459762540253418,38.95307882876758],[-9.397706952484864,39.23036154361133],[-9.415269818695801,39.366675935701174],[-9.299269643219727,39.417735658601565],[-9.11792274990918,39.64403494449024],[-8.915585484894532,40.13814886660938],[-8.969669309052247,40.19001730533008],[-8.694069829376954,40.992171846345705],[-8.851777997406739,41.40782888980274],[-8.854754414948243,41.59685095401172],[-8.920735326203125,41.76702078433399],[-8.806055035980958,41.889178834871096],[-8.405047383698243,42.00213583560352],[-8.15726133862378,42.087039552644534],[-7.918560948761719,41.8891673907793],[-7.098435845764893,41.86795385928516],[-6.85951849499585,41.98491247744922],[-6.708704438599366,41.96004446597461],[-6.586079564484375,41.857921205476565],[-6.518426862152833,41.74909933658008],[-6.139497723969239,41.526439271882815],[-6.11153790036084,41.41746100039844],[-6.241148915680665,41.320479951814455],[-6.796627965363282,41.09282644839649],[-6.834448781403321,41.06053503604297],[-6.857170548828858,40.8615795001543],[-6.824864831360596,40.656566225007815],[-6.884172883423584,40.214034639314455],[-6.858675923737305,39.79192312808399],[-6.878323045166749,39.702395997957034],[-7.084203687104004,39.59907492251758],[-7.301257100495118,39.578712068513674],[-7.43099876919629,39.5205150470293],[-7.211435761841553,39.29820593448047],[-7.006874528321045,39.05031546206836],[-6.933383431824463,38.961349092439455],[-7.08942457714917,38.79450186343555],[-7.317340817841309,38.49962576480274],[-7.393876519593018,38.294986329988284],[-7.028099027069825,38.239581666902346],[-6.844775166901368,38.10021170230274],[-7.242514577301758,37.810897432283205],[-7.351443734558838,37.64443548770313],[-7.487998452576416,37.216353975251955],[-7.491503682526368,37.20815619082813]]]]}},{"type":"Feature","properties":{"name":"Turkey","subject":"Turkey","partOf":"Turkey","borderPrecision":3,"color":"#739b91"},"geometry":{"type":"MultiPolygon","coordinates":[[[[35.89087584933398,36.7711139545],[35.67174056491015,36.605784975007815],[35.56761458834765,36.58741720767383],[35.50617125949023,36.55855520816211],[35.54760268649218,36.54018362613086],[35.49458983859179,36.443099580720705],[35.417082819548824,36.43260534854297],[35.38869765719531,36.45359381289844],[35.35417846163867,36.41423758120899],[35.22052672824023,36.388003908113284],[35.07137206515429,36.487708650544924],[34.869910273162105,36.576922975496096],[34.662383112517574,36.64777334781055],[34.48512938937304,36.626781068757815],[34.103220972624996,36.38032492251758],[33.95171264132617,36.25157888980274],[33.95405486544726,36.15975912661914],[33.89098266085742,36.13877447696094],[33.8358755441582,36.107295595125],[33.83369735201953,36.07057150454883],[33.753176722136715,36.14664038272266],[33.481699976531246,36.05428274722461],[33.171336207,35.97088202090625],[32.904116663542965,35.976695619539065],[32.64034179171679,36.007999025300784],[32.33497909030078,36.128367982820315],[31.902007135955078,36.496863923982424],[31.37069037875293,36.712344728425784],[30.90531066378711,36.79421576114063],[30.59359076937793,36.76173361392383],[30.540066752043945,36.64696081729297],[30.496651682463867,36.37298163028125],[30.472832712737304,36.18825491519336],[30.394862207976562,36.118045412019534],[30.279892954436523,36.1178050860918],[30.166131052581054,36.18761786075],[29.661955866423828,36.078345857576174],[29.471932444182617,36.090694032625],[29.29818824252246,36.17311819644336],[29.002251658049804,36.69479712100391],[28.81352714022754,36.53515585513477],[28.46984580477832,36.73830755801563],[28.266922983733398,36.7124095782793],[28.014189753142578,36.527164064363284],[27.91190246066211,36.69894369693164],[27.941855463591796,36.75633963199024],[28.051039728728515,36.8330150470293],[27.998808893767578,36.909366212800784],[27.55347732028125,36.91482504458789],[27.30811027011035,36.92070730777149],[27.268630060759765,37.04168280215625],[27.52563956698535,37.131412111238284],[27.49252418002246,37.23967321963672],[27.364632639495117,37.328631959871096],[27.18399270013948,37.35644841518752],[28.389329289528472,38.0080918128353],[28.362740027287675,38.92409540660316],[27.392231955498733,39.654637108485666],[26.944731277980836,39.519064491600396],[26.92615226229785,39.476546846345705],[26.957518610564453,39.54832800479297],[26.8042650552666,39.56715353579883],[26.546177897063476,39.51334723086719],[26.138976130095703,39.43973883242969],[26.06405738314746,39.45551260562305],[26.084887537566406,39.604007326082034],[26.14190391024707,39.66058310122852],[26.140706095305664,39.74998053164844],[26.127575907317382,39.878558717683596],[26.186009440032226,39.997195802644534],[26.320334467498046,39.99192389102344],[26.40305236300586,40.176490388826174],[26.481711420623046,40.18703802676563],[26.76528266390918,40.37694128604297],[26.996474299041015,40.371661745027346],[27.056124720183593,40.4296947345293],[27.271754297820312,40.450809083894534],[27.32923415621875,40.35583456607227],[27.449610743132812,40.30979498477344],[27.525994333831054,40.297137819246096],[27.76389411410449,40.28725393863086],[27.830164942351562,40.34528311343555],[27.79984382113574,40.40331991763477],[27.679287943450195,40.46135290713672],[27.80783179720996,40.50357016177539],[27.953805002776367,40.48773916812305],[28.00645926913379,40.450809083894534],[27.908217463103515,40.35055502505664],[28.00399116000293,40.36212881656055],[28.47771933993457,40.39510305972461],[28.75644019564746,40.37645300479297],[28.926756891814453,40.35583456607227],[29.052424463835937,40.33473166079883],[29.122286829558593,40.41387137027149],[29.08352759799121,40.45607718081836],[28.873215708342773,40.471908174470705],[28.77795890292285,40.524676881746096],[28.90162185153125,40.62010534854297],[29.52519706210254,40.68828924746875],[29.713147196379882,40.693561159089846],[29.882718119231445,40.746356569246096],[29.683445963469726,40.75163611026172],[29.41717246493457,40.741073213533205],[29.320355448333007,40.741073213533205],[29.28964332064746,40.806686006501955],[29.014533075896484,40.97867163272266],[29.161208185759765,41.21636541934375],[29.577780756560546,41.153365694001955],[30.13762381991504,41.13183554263477],[30.25608733615039,41.18466528506641],[30.744805368987304,41.04032476992969],[31.21768287142871,41.05409201236133],[31.404126200286132,41.16353949160938],[31.385666880217773,41.2850414142168],[31.666388544646484,41.394813142732424],[31.871287378875,41.49144323916797],[32.418982538787105,41.74916800113086],[32.68791106661914,41.84597357364063],[33.15546325167773,41.94960745425586],[33.55554107150195,41.982501588777346],[33.8966551156914,41.95108374209766],[34.30390075167773,41.89411886783008],[34.66290954074023,41.87558325381641],[35.001868280974605,42.043162904695315],[35.09883025607226,41.80586203189258],[35.286074671355465,41.67147787661914],[35.4114370675957,41.626815401033205],[35.67785552462695,41.62093313784961],[35.957793268767574,41.685645662263674],[36.16136840304492,41.35250052066211],[36.38289550265429,41.23751791568164],[36.641245874968746,41.31498297305469],[36.81701186617968,41.289683900789065],[37.25282576998828,41.027721010164065],[37.821841272917965,41.00963171573047],[38.31396392306445,40.920901857332034],[38.6511831613457,40.92156942935352],[38.87874702483161,40.97887310348781],[39.347976487671815,39.07413873163889],[39.35078980078583,39.07146608418057],[36.93394489858056,38.72535527429905],[35.96168002345125,36.74259453314459],[36.08243087252734,36.621532045320315],[35.95679381808398,36.74749334903125],[35.89087584933398,36.7711139545]]],[[[28.069838556853515,41.62496908755664],[28.104397806731445,41.59297140689258],[28.37145713290332,41.43312796206836],[28.740222010222656,41.32482870669727],[29.01236823519824,41.254832826570315],[29.08109954318164,41.200511537507815],[28.96445373019336,40.98923834414844],[28.827807459441406,40.91469915957813],[28.596150431243164,40.94698675723438],[28.173314127532226,41.05789526553516],[28.026368174163085,41.02620657534961],[27.932183298674804,40.95754965396289],[27.474169764128906,40.962833009675784],[27.31304648837207,40.789912782625],[27.26375678500293,40.66717108340625],[26.88892653903125,40.524676881746096],[26.613572153655273,40.39804037661914],[26.51393989047168,40.28197439761524],[26.375863108245117,40.21340902896289],[26.25515845736621,40.081561647371096],[26.140885386077148,40.044654451326174],[26.214289698210937,40.16066702456836],[26.22279647311328,40.223956666902346],[26.19482139071582,40.30307348819141],[26.457545313445312,40.434974275544924],[26.556477579680664,40.49829062075977],[26.45483878573535,40.584308229402346],[26.41806128939746,40.577823244050784],[26.12404159030078,40.602847658113284],[26.020724329558593,40.669322572664065],[26.167601618376953,40.91526373477344],[26.341559443083984,41.16616400332813],[26.646456751433593,41.4499584064043],[26.58956244906543,41.55226095767383],[26.39710524996875,41.641009889558596],[26.349875483123046,41.6407543048418],[26.57383635958789,41.84088095279102],[26.8571215005791,42.00929983706836],[27.08068564852832,42.02978476138477],[27.317938837615234,41.97972830386524],[27.91795257052539,41.977672182039065],[28.02620223483203,41.88238485904102],[28.01817801913379,41.75320776553516],[28.069838556853515,41.62496908755664]]]]}},{"type":"Feature","properties":{"name":"Iran","subject":"Iran","partOf":"Iran","borderPrecision":3,"color":"#739b91"},"geometry":{"type":"MultiPolygon","coordinates":[[[[44.47119048556445,37.45463141055469],[44.42675307711718,37.64417990298633],[44.491763147917965,37.754344545320315],[44.300913843718746,37.80425222964649],[44.20520690402148,37.8674274310625],[45.06317012903871,37.91412418066838],[45.204635318181445,38.16876152112532],[45.020730572295875,38.21120107786815],[45.408782038298824,39.02770193667774],[45.559458765593746,38.932906709626955],[45.749243769255855,38.87657888980274],[45.97950652560351,38.86510428042774],[46.1666746469414,38.88207968325977],[46.28053954562304,38.822146974519534],[46.28439620455859,38.822452150300784],[46.45406249484179,38.835860811189455],[46.601050409880855,38.983321748689455],[46.71552184542773,39.09815939517383],[47.00435164889453,39.18249472232227],[47.17247298678515,39.38279303164844],[47.64860442599414,39.604205690339846],[47.85377410372851,39.70965536685352],[47.990996393767574,39.63498266787891],[48.148745569792965,39.50830038638477],[48.368262323943355,39.41386755557422],[48.39548018893359,39.36300238223438],[48.35318282565234,39.29317816348438],[48.0697508188164,39.23519095034961],[48.08212569674609,39.150863252595705],[48.27547362765429,39.07180365176563],[48.23286345919726,38.9716754779375],[47.99317077120898,38.85046347232227],[48.05175689181445,38.687110506013674],[48.220225367156246,38.63969000430469],[48.38041594943164,38.44475134463672],[48.501048121062496,38.452010713533205],[48.824954065886715,38.3095775470293],[48.83150771578906,38.306312166169924],[48.80918792208789,37.98856695742969],[48.744780573455074,37.72701605410938],[48.837229761687496,37.51097448916797],[49.05953124484179,37.397559724763674],[49.475806269255855,37.291610322908205],[49.84801391085742,37.26821478457813],[50.03871444186328,37.22470434756641],[50.11132338961718,37.097755037263674],[50.25221160372851,36.894786439851565],[50.56095412692187,36.68642767520313],[51.4170408578789,36.455691896394534],[51.79552367648242,36.432349763826174],[51.993052515593746,36.45890387149219],[52.60216430148242,36.576881013826174],[53.139014277068355,36.64352758975391],[53.79965499362109,36.67903860659961],[53.98448852023242,36.78191336245899],[54.06743911227343,36.94152411075],[54.008704218474605,37.34868963809375],[54.015112909880855,37.34832724185352],[54.21389296969531,37.337100587800784],[54.466582331267574,37.39581259341602],[54.6760855050957,37.53070028872852],[54.95576384982226,37.82522924991016],[55.16967299899218,37.972919069246096],[55.35565856417773,38.03765066714649],[55.62962630709765,38.05191382022266],[55.98069671115039,38.034747682527346],[56.13091186007617,38.04833181949024],[56.363257441130855,38.202498994783205],[56.517310175505855,38.260692201570315],[56.75084975680468,38.23650320620899],[57.225466761199215,38.18818625064258],[57.40650847872851,37.99171408267383],[57.72487929782031,37.878829561189455],[58.09498885592578,37.728030763582034],[58.44981292208789,37.698165498689455],[58.674895319548824,37.67394217105274],[58.9716062875664,37.59917028994922],[59.240481409636715,37.44784124942188],[60.05139831027148,36.83485373111133],[60.34631255587695,36.60736807437305],[60.65985778292773,36.60276373477344],[61.01400283297656,36.63655813784961],[61.09687713107226,36.54155691714649],[61.1140737863457,36.15988119693164],[61.11867812594531,35.90544470401172],[61.186247858611324,35.59415014834766],[61.221343073455074,35.581615053132815],[61.15630629977343,35.47314413638477],[61.11872771700976,35.3203082904375],[61.00771621188281,34.95730551333789],[60.787024530974605,34.384776674226565],[60.68726256808398,34.25091513247852],[60.41922286471484,34.07801779361133],[60.41223815402148,34.01450689883594],[60.46580794772265,33.716441713289065],[60.50892547091601,33.672252260164065],[60.84135344943164,33.566207490876955],[60.8530874582207,33.48375662417774],[60.555369410124996,33.063094697908205],[60.54009536227343,32.993175111726565],[60.654212030974605,32.50499304385547],[60.72947982272265,31.92770918460254],[60.79381469210742,31.578881822541994],[60.88004973849414,31.48415144534473],[60.97412017306445,31.465636812166018],[61.51323607882617,31.341720186189455],[61.69356826266406,31.266557298616213],[61.75819304904101,31.10186155887012],[61.77916625460742,30.9051528796709],[61.587805780974605,30.65645559878711],[61.20433715304492,30.298715196565432],[60.82045653781054,29.833345018342776],[61.18114760836718,29.346154771760744],[61.50095656832812,28.86539801211719],[61.65926650485156,28.656762681916994],[61.97238448580859,28.480758272126955],[62.486819300261715,28.305913530305666],[62.67098144015429,28.205365739778323],[62.74660018405078,28.03434904666309],[62.79671004733203,27.43137701602344],[62.87982848605273,27.254054628328127],[63.17317107638476,27.230338655427737],[63.25704101046679,27.10381468387012],[63.240542444792965,26.665551744416994],[63.15620330294726,26.550750337556643],[63.06232360324023,26.51845511050586],[62.61229232272265,26.48410566897754],[62.29843429049609,26.36798246951465],[61.94130996188281,26.15635260196094],[61.81273940524218,25.9841323718584],[61.67348006686328,25.627675615266604],[61.65140822848437,25.468776308015627],[61.56996444186328,25.03957136721973],[61.34399321993945,25.026860795930666],[60.85827544650195,25.095714174226565],[60.75223067721484,25.18442877383594],[60.479590448943355,25.29820593448047],[60.29817870577929,25.32323607058887],[59.65458587130664,25.321876131013674],[59.302092585173824,25.34019621463184],[59.03145888766406,25.307866655305666],[58.81800750216601,25.478932939485354],[58.74442580660937,25.535960756257815],[58.36867812594531,25.54787977786426],[58.10963729342578,25.54732283206348],[57.900454554167965,25.540891252473635],[57.805090937224605,25.64833029361133],[57.464880976287105,25.70479353518848],[57.32798293551562,25.787087999299807],[57.254771265593746,25.793286882356448],[57.24507049044726,26.018462739900393],[57.112402948943355,26.076190553621096],[57.06634047946093,26.30746801944141],[56.93497756442187,26.464543901399416],[56.929087671843746,26.75186689944629],[56.79043105563281,26.97391279788379],[56.68355086764453,26.96835669131641],[56.66781905612109,27.049895845369143],[56.43094924410937,27.106566987947268],[56.06776717623828,27.11216887088184],[55.89973357638476,27.10480459781055],[55.80531981906054,27.005092225984377],[55.65757277926562,26.996945939973635],[55.42489913424609,26.96310766787891],[55.34008696993945,26.79935225100879],[55.09812835177539,26.73744162173633],[54.92553237399218,26.53802641482715],[54.75987533053515,26.41062506289844],[54.6460562082207,26.39131888003711],[54.064944300261715,26.70138319583301],[53.63393691500781,26.74793966861133],[53.380679163542965,26.909589372590823],[52.89083388766406,27.052323900178713],[52.77987197360156,27.187848649934573],[52.63377669772265,27.314601503328127],[52.41038802584765,27.580957017854494],[51.961550745574215,27.776948533967776],[51.698863062468746,27.81452139468555],[51.611304316130855,27.82704123111133],[51.350134882537105,28.0361343249834],[51.08225921115039,28.512019716218752],[50.796755823699215,29.01329382510547],[50.702456507292965,29.133781038240237],[50.704722437468746,29.40060766787891],[50.359839472380855,29.74293478579883],[50.1323728891289,30.06642874331836],[49.71784881075976,30.002053819612307],[49.51097396334765,30.020675264314455],[49.45236495455859,30.07772596927051],[49.321360621062496,30.102862916902346],[49.235083613005855,30.223380647615237],[49.2222280832207,30.47745855899219],[49.020171198455074,30.43257101626758],[48.94572356661914,30.387942872957034],[48.8013296457207,30.08272513003711],[48.713843378630855,29.99996145816211],[48.5536489816582,29.99462278933887],[48.54736236056445,30.048701845125002],[48.38981536349414,30.149411760286135],[48.08126357516406,30.395333848909182],[48.11039260348437,30.49075850100879],[48.106963190642574,30.668550096467776],[48.033457789031246,30.87770804019336],[47.93673232516406,30.883508287385744],[47.68874648532031,30.882104478791994],[47.67329314669726,31.0280776843584],[47.6981687875664,31.28859480471973],[47.786936792937496,31.568513475374026],[47.793040308562496,31.797170244172854],[47.74243834933398,31.90484007449512],[47.61200622042773,32.03110846133594],[47.2636099191582,32.30219229312305],[47.067576441374996,32.39632757754688],[46.508486780730465,32.81228216739063],[46.26843169650195,32.823627077058596],[46.12398436984179,32.77201422305469],[46.089934382048824,32.84167440982227],[46.105105433074215,33.21007116885547],[45.64643767794726,33.639293275789065],[45.50621322116015,33.797252260164065],[45.505007776824215,33.87979467959766],[45.56502059420703,34.27382620425586],[45.67085174044726,34.61730917544727],[46.18439391574023,35.05844458194141],[45.99489882907031,35.40087088199024],[46.00066283663867,35.515426240876955],[46.21102050265429,35.7838207110918],[45.73042205294726,35.832042299226565],[45.38811400851367,35.925574861482424],[45.358653101531246,36.014503084138674],[45.10513595065234,36.50318869204883],[44.79458907565234,37.13180502505664],[44.78417113741992,37.270370088533205],[44.66005996188281,37.28615912051563],[44.47119048556445,37.45463141055469]]]]}},{"type":"Feature","properties":{"name":"Afghanistan","subject":"Afghanistan","partOf":"Afghanistan","borderPrecision":3,"color":"#8b7fa6"},"geometry":{"type":"MultiPolygon","coordinates":[[[[61.20433715304492,30.298715196565432],[61.587805780974605,30.65645559878711],[61.77916625460742,30.9051528796709],[61.75819304904101,31.10186155887012],[61.69356826266406,31.266557298616213],[61.51323607882617,31.341720186189455],[60.97412017306445,31.465636812166018],[60.88004973849414,31.48415144534473],[60.79381469210742,31.578881822541994],[60.72947982272265,31.92770918460254],[60.654212030974605,32.50499304385547],[60.54009536227343,32.993175111726565],[60.555369410124996,33.063094697908205],[60.8530874582207,33.48375662417774],[60.84135344943164,33.566207490876955],[60.50892547091601,33.672252260164065],[60.46580794772265,33.716441713289065],[60.41223815402148,34.01450689883594],[60.41922286471484,34.07801779361133],[60.68726256808398,34.25091513247852],[60.787024530974605,34.384776674226565],[61.00771621188281,34.95730551333789],[61.11872771700976,35.3203082904375],[61.15630629977343,35.47314413638477],[61.221343073455074,35.581615053132815],[61.30818084200976,35.53123053164844],[61.72973159274218,35.44456060977344],[62.17949584445117,35.28810843081836],[62.43746093234179,35.25139578433399],[62.67759231051562,35.265460573152346],[62.96358016451953,35.40060766787891],[63.06273177584765,35.49018820376758],[63.06297973116992,35.70006521792774],[63.11659530123828,35.78940924258594],[63.372283014861324,35.86080511660938],[64.26583388766406,36.1711383685625],[64.49449447116015,36.28057058902149],[64.540720972625,36.338092409089846],[64.6321287485039,36.78401907534961],[64.82598403414843,37.14788397403125],[65.33691695651171,37.23984106631641],[65.52440932711718,37.33000906558399],[65.72472670992968,37.490279756501955],[65.97912887057421,37.35799749942188],[66.63383010348437,37.24810751529102],[66.6765852304375,37.24093206973438],[66.9677000375664,37.236190401033205],[67.51531508883593,37.213782869294924],[67.6217527719414,37.15708502383594],[67.77926925143359,36.940791688875],[67.79717544039843,36.916209779695315],[67.8555403085625,36.85289343448047],[67.96541884860156,36.83441885562305],[68.18420699557421,36.899276338533205],[68.44501021823046,37.0534740314043],[68.70652297457812,37.18221624942188],[68.85298446139453,37.18304022403125],[69.13641646823046,37.076419435457034],[69.30783370455859,37.08373221011524],[69.40218642672656,37.14154013247852],[69.53726485690234,37.28231009097461],[69.53382399996875,37.42233236880664],[69.56701186617968,37.50527533145313],[69.69838241061328,37.531470857576174],[69.96237472018359,37.462909303621096],[70.02215102633593,37.45688208194141],[70.22142318209765,37.52801474185352],[70.31502822360156,37.630389772371096],[70.31235793551562,37.744971834138674],[70.33407882174609,37.93609579654102],[70.52996352633593,38.12868841739063],[70.59022048434375,38.29198034854297],[70.71880629977343,38.364886842683596],[70.8914289804375,38.37221487613086],[70.9606199594414,38.34712942691211],[71.2197981210625,38.14477499575977],[71.14935592135546,37.87588080020313],[71.36744216403125,37.91801794619922],[71.44410994967578,37.83401449771289],[71.43059829196093,37.71935232730274],[71.3865232797539,37.370399080232424],[71.30323317965625,37.17035635562305],[71.39291671237109,36.93624838443164],[71.46695235690234,36.75213583560352],[71.52447036227343,36.714278779939455],[71.68982222994921,36.70247610659961],[71.84756759127734,36.7160716876543],[72.18286422213671,36.938758455232424],[72.4481687875664,36.96757849307422],[72.71422103366015,37.18614538760547],[73.04716018160937,37.32828863711719],[73.3519773813164,37.34173544497852],[73.4412336679375,37.307227693513674],[73.38334182223437,37.22826346011524],[73.44465926608203,37.201942048982424],[73.88264754733203,37.26831015200977],[74.13705733737109,37.370399080232424],[74.25550368746875,37.30219992251758],[74.4785642953789,37.27799566836719],[74.73327163180468,37.20940359683399],[74.64683059176562,37.14403494449024],[74.38844588717578,37.17035635562305],[74.39273360690234,37.04928930850391],[74.49906447848437,37.044025026277346],[74.52053359469531,37.004581056550784],[74.45376876315234,36.94058569522266],[74.29262832125781,36.938758455232424],[74.08755019625781,36.80492361636524],[73.93819716891406,36.80718954654102],[73.78628066500781,36.72689016909961],[73.49485305270312,36.79139669986133],[72.88985732516406,36.786136232332034],[72.37272170504687,36.717723451570315],[72.13431838473437,36.586165986970705],[72.01185897311328,36.500682435945315],[71.76033309420703,36.32309301944141],[71.64950850924609,36.3336139545],[71.53341964205859,36.23719748111133],[71.32484725436328,36.05156668277149],[71.32899764498828,35.90752752871875],[71.51419356783984,35.7855296954668],[71.51839736422656,35.634044252351565],[71.62324813326953,35.55721624942188],[71.56948379000781,35.33958777041797],[71.65887740573046,35.12511023135547],[71.51278975924609,34.93367727847461],[71.27683547457812,34.773692689851565],[71.09665969332812,34.62038763614063],[71.0383787485039,34.49313315005664],[71.13860610446093,34.27792318911914],[71.15353682955859,34.138385377839846],[71.02349379977343,34.02341803164844],[70.79246047457812,33.92692907901172],[70.47825149020312,33.94420202823047],[70.02968123873828,33.998797975496096],[69.86998275241015,33.94076880069141],[70.02721694430468,33.78934057803516],[70.19142440280078,33.6062084064043],[70.24929336032031,33.479598604158205],[70.28924087008593,33.28308065982227],[70.1991453500664,33.168330751375],[70.05731490573046,33.11674841494922],[69.82672408541796,33.10275229068164],[69.63955977877734,33.050914369539065],[69.50792220553515,32.94862326236133],[69.407420191375,32.75763662906055],[69.27774337252734,32.38241537661914],[69.21534255465625,31.836165986970705],[69.20640853366015,31.798038087800784],[69.05334762057421,31.625777803376955],[68.94655898532031,31.587081514314455],[68.49619582614062,31.755920015291018],[68.24271682223437,31.76717909427051],[67.9917707773125,31.6578384265459],[67.82870772799609,31.53630217166309],[67.68370345553515,31.224425874666018],[67.5698957773125,31.18569143863086],[67.33748153170703,31.222463212922854],[67.04813674410937,31.239852510408205],[66.92075637301562,31.207393251375002],[66.65230086764453,31.009072862581057],[66.46658614596484,30.842952333406252],[66.38170913180468,30.690103136018557],[66.27732375582812,30.2959056720293],[66.23276809176562,29.88932951541309],[66.2015867563164,29.80660780520801],[66.09057143649218,29.736140809968752],[65.61050704440234,29.612763963655276],[65.07828048190234,29.52718123050098],[64.64487746676562,29.448518358186526],[64.08925918063281,29.3945327624834],[63.63710311373828,29.4554458484209],[63.479983362761715,29.45455130191211],[62.94639495333789,29.356259904817385],[62.612090143767574,29.36703260989551],[62.36863997897265,29.384700380281252],[61.98402694186328,29.490441881135744],[61.50305083712695,29.601979814485354],[61.2195425363457,29.68925818057422],[60.82045653781054,29.833345018342776],[61.20433715304492,30.298715196565432]]]]}},{"type":"Feature","properties":{"name":"Syria (France)","subject":"France","partOf":"Syria (France)","borderPrecision":3,"color":"#b47c6f"},"geometry":{"type":"MultiPolygon","coordinates":[[[[37.805710229705696,32.7187558364904],[36.83574134638448,32.27142181748867],[37.805710229705625,32.71875583649037],[37.805710229705696,32.7187558364904]]]]}},{"type":"Feature","properties":{"name":"Tunisia","subject":"Tunisia","partOf":"Tunisia","borderPrecision":3,"color":"#a88992"},"geometry":{"type":"MultiPolygon","coordinates":[[[[11.47068694552539,33.14409216494922],[11.429181131926757,32.70274695010547],[11.458253893462402,32.44871862979297],[11.416425737944824,32.32773932071094],[11.055592569915039,32.13505133242969],[10.794852289763671,31.993758760408205],[10.132420572844726,31.48158224673633],[10.075470003691894,31.3223892077959],[10.199086222258789,30.884582124666018],[10.132754358855468,30.642713151887698],[10.062646898833496,30.540628038362307],[9.673754725066406,30.2714858874834],[9.57486060580371,30.20736464114551],[9.320925745574218,30.898650728181643],[9.006476435271484,31.90734251590137],[8.86074164828418,32.11624487491016],[8.697523150054199,32.22971685977344],[8.503267321196777,32.311229310945315],[8.285326990691406,32.684955202058596],[8.18428615054248,32.89409979434375],[8.020752939788085,33.02027853579883],[7.817420992461425,33.06362494082813],[7.665989908782226,33.412311159089846],[7.530617270079834,33.81193884463672],[7.581201586333496,34.04101523013477],[8.031048807708007,34.42485388369922],[8.217679056731445,34.58479269595508],[8.291010889617187,34.76950033755664],[8.31264308413623,35.01116903872852],[8.28922942599414,35.27841528506641],[8.27713397463916,35.67949637027149],[8.272001299468261,36.322791658357424],[8.323657068816406,36.52058371158008],[8.63145354708789,36.80268057437305],[8.636709246245605,36.885257326082034],[8.865518602935058,36.96835287661914],[9.150280031768066,37.17287405581836],[9.416118654814941,37.27537878604297],[9.732199701873046,37.28239782901172],[10.021354708281738,37.20013388247852],[10.132734331694824,37.104747377351565],[10.15887168368457,36.99647482486133],[10.27150824984668,36.754554353669924],[10.392797503081542,36.716571412996096],[10.580582651702148,36.79342230410938],[10.843251261321289,36.99148901553516],[11.023757013884765,37.06832464785938],[11.039403948394042,36.90904577823047],[10.92006209811328,36.6539378985918],[10.633412394133789,36.424014650300784],[10.509244951812011,36.21355398745899],[10.511460337249023,36.08616980166797],[10.60260776003955,35.88894613833789],[10.830826792327148,35.679278932527346],[10.988951716033203,35.622298799470705],[11.12510875186084,35.2406078204668],[11.082800898162109,35.14503439517383],[10.839357409087402,34.8011546954668],[10.574025187102539,34.648109041169924],[10.116421732512695,34.234168611482424],[10.01948073825,34.08147390933399],[10.148656878081542,33.87839850039844],[10.412600550261718,33.63112600894336],[10.650217089263183,33.49818380923633],[10.778140101042968,33.473033510164065],[10.956539187041503,33.575057588533205],[11.09911826571582,33.53722723575],[11.20892051180957,33.25152166934375],[11.47068694552539,33.14409216494922]]]]}},{"type":"Feature","properties":{"name":"Algeria (France)","subject":"France","partOf":"Algeria (France)","borderPrecision":3,"color":"#b47c6f"},"geometry":{"type":"MultiPolygon","coordinates":[[[[-8.629150357636231,27.172677598909182],[-8.641209569367188,27.566762529329104],[-8.610053983124512,28.469668947175784],[-8.593210187348145,28.641410432771487],[-8.284488644989747,28.78304823489551],[-7.604109731110352,29.231950365022463],[-7.170479741486329,29.476010881379885],[-6.601410832794922,29.44112166018848],[-6.422746625336426,29.467574678376955],[-6.341397729309815,29.779540620759768],[-5.952711072357911,29.79447516055469],[-5.602978196533936,29.872754655793948],[-5.36596962490918,29.975820146516604],[-5.130205598267334,30.136100374177737],[-4.912323441895264,30.429761491731448],[-4.413259950073975,30.57881888003711],[-3.729404654892701,30.89420088382129],[-3.671341386231202,30.996240220979494],[-3.8046958116615,31.275191865876955],[-3.815860238465088,31.453116975740237],[-3.780335154923218,31.555024705842776],[-3.660963502320069,31.60656126590137],[-3.127543654831666,31.66044195742969],[-2.955868211182374,31.744056306794924],[-2.817108598145264,31.992766939119143],[-2.357195344361084,31.98265989871387],[-2.055840459259766,31.990726076082034],[-1.234288897904175,31.989039979890627],[-1.081275251301545,32.45392569156055],[-1.112570431622284,32.54910620303516],[-1.340927687081116,32.694007478669924],[-1.610150661858338,33.04845007510547],[-1.68113121071698,33.257815919832034],[-1.673919525536316,33.829951845125],[-1.663989510926026,34.205054841951174],[-1.738150325211304,34.60509451480274],[-1.823284712227601,34.69997366519336],[-2.076577034386414,34.82567556949024],[-2.192973938378113,35.05424841494922],[-2.035251822861451,35.054568849519534],[-1.738327947052735,35.11883123965625],[-1.495096531304139,35.23390158267383],[-1.329105701836365,35.48890646548633],[-1.146667149456757,35.62936743350391],[-0.917491999062317,35.66803701968555],[-0.734306838902253,35.73846014590625],[-0.428770822080391,35.86006888003711],[-0.282988813313263,35.75847586245899],[-0.203663793,35.75072058291797],[-0.09165417084338,35.73976858706836],[0.015310812202674,35.803668580964846],[0.198671731559021,36.033309541658205],[0.474390897361022,36.22496374698047],[0.781242343989593,36.38485296817188],[1.057602915374023,36.461856447175784],[1.57969311198352,36.51388891787891],[2.293774160948974,36.54082449527149],[2.52436355075,36.57315023990039],[2.809869083968383,36.71390112491016],[3.070006403533203,36.61885794253711],[3.323837790099365,36.65123327823047],[3.586873087493164,36.79195364566211],[3.741224560347778,36.83686789126758],[4.16391900500415,36.83135183902149],[4.394624266234619,36.83819159121875],[4.532551798430664,36.8129840716875],[4.632117304412109,36.79406698794727],[4.777191671935302,36.743384920076174],[5.144465002623779,36.66767843814258],[5.382732424346191,36.67453344912891],[5.730162176696044,36.7517047748125],[6.047393831816894,36.841556154207034],[6.322870287505371,37.090648256257815],[6.770537409392578,36.86214789004688],[6.923042807189209,36.81784018130664],[7.063241037932617,36.881854616121096],[7.204853090850097,36.99046667666797],[7.306981119719726,37.06078299136524],[7.544922861663085,37.04214438052539],[7.719043287841064,36.95327719302539],[7.792040857878906,36.83235891909961],[7.913174662200195,36.77524908633594],[8.145014795867187,36.813949190095705],[8.636709246245605,36.885257326082034],[8.63145354708789,36.80268057437305],[8.323657068816406,36.52058371158008],[8.272001299468261,36.322791658357424],[8.27713397463916,35.67949637027149],[8.28922942599414,35.27841528506641],[8.31264308413623,35.01116903872852],[8.291010889617187,34.76950033755664],[8.217679056731445,34.58479269595508],[8.031048807708007,34.42485388369922],[7.581201586333496,34.04101523013477],[7.530617270079834,33.81193884463672],[7.665989908782226,33.412311159089846],[7.817420992461425,33.06362494082813],[8.020752939788085,33.02027853579883],[8.18428615054248,32.89409979434375],[8.285326990691406,32.684955202058596],[8.503267321196777,32.311229310945315],[8.697523150054199,32.22971685977344],[8.86074164828418,32.11624487491016],[9.006476435271484,31.90734251590137],[9.320925745574218,30.898650728181643],[9.57486060580371,30.20736464114551],[9.483349833098632,30.136939607576174],[9.374687227812988,29.964721284822268],[9.770440134612304,29.24247892947559],[9.83711532076953,28.86789473147754],[9.86043361147998,28.556619249299807],[9.815307650176269,28.16868170352344],[9.860776934233886,27.832110963777346],[9.788479837981445,27.552053056672854],[9.717440638152343,27.329202257112307],[9.923319849578125,26.809241853669924],[9.895769152251464,26.5103774890459],[9.857375177947265,26.433888994172854],[9.557414087859375,26.222436510041994],[9.445374521819335,26.16457899661426],[9.37672999819873,26.03706892581348],[9.949298891631347,25.271360002473635],[10.06145957430957,24.858899675325198],[10.31472876986621,24.466327272371096],[10.424498591033203,24.397050462678713],[10.669208559600097,24.48744734378223],[10.985442194548828,24.413014970735354],[11.447878870574218,24.256801210359377],[11.52785304507373,24.181006990388674],[11.91531756838916,23.503213487581057],[11.959014925566894,23.471690736726565],[11.839897188750488,23.38837393374805],[11.105685267058593,23.00913008304004],[9.300307306853515,22.00077971072559],[8.577075991240722,21.57072599978809],[7.538447889891845,20.91636236758594],[7.16313079318164,20.621804796174807],[5.775469336119873,19.44418676944141],[4.956541094390136,19.280494295076174],[4.203835520354492,19.136262498811526],[3.225168737975341,18.952552400544924],[3.158903154937011,19.206403337434573],[3.231395992842895,19.511931978181643],[3.187091860381347,19.746856294587893],[3.062428745833618,19.90502317996387],[2.923301491347534,19.95505865664844],[2.586695704070312,19.965804658845705],[2.418141159621459,20.04110487552051],[2.153720173445922,20.29379614444141],[1.942003759947998,20.152721010164065],[1.839478764144165,20.16483648867969],[1.339277062026245,20.632279954866213],[1.162768635359985,20.75838430972461],[1.125669869986755,20.840791307405276],[1.168653044310791,21.01901777835254],[1.087368759719116,21.132964693025393],[-0.024857786091584,21.793889604524416],[-0.203663793,21.90792044253711],[-0.785382893475312,22.27890356631641],[-1.651156630905884,22.845944963411135],[-3.128720965775269,23.85441740603809],[-3.493602719696778,24.112920366243166],[-4.41793438473584,24.71780737491016],[-4.820767846497315,24.957021318391604],[-4.865763631256836,24.99489554019336],[-5.501980748566407,25.404409013704104],[-7.356015172394532,26.493445955232424],[-8.629150357636231,27.172677598909182]]]]}},{"type":"Feature","properties":{"name":"Morocco (France)","subject":"France","partOf":"Morocco (France)","borderPrecision":3,"color":"#b47c6f"},"geometry":{"type":"MultiPolygon","coordinates":[[[[-2.192973938378113,35.05424841494922],[-2.076577034386414,34.82567556949024],[-1.823284712227601,34.69997366519336],[-1.738150325211304,34.60509451480274],[-1.663989510926026,34.205054841951174],[-1.673919525536316,33.829951845125],[-1.68113121071698,33.257815919832034],[-1.610150661858338,33.04845007510547],[-1.340927687081116,32.694007478669924],[-1.112570431622284,32.54910620303516],[-1.081275251301545,32.45392569156055],[-1.234288897904175,31.989039979890627],[-2.055840459259766,31.990726076082034],[-2.357195344361084,31.98265989871387],[-2.817108598145264,31.992766939119143],[-2.955868211182374,31.744056306794924],[-3.127543654831666,31.66044195742969],[-3.660963502320069,31.60656126590137],[-3.780335154923218,31.555024705842776],[-3.815860238465088,31.453116975740237],[-3.8046958116615,31.275191865876955],[-3.671341386231202,30.996240220979494],[-3.729404654892701,30.89420088382129],[-4.413259950073975,30.57881888003711],[-4.912323441895264,30.429761491731448],[-5.130205598267334,30.136100374177737],[-5.36596962490918,29.975820146516604],[-5.602978196533936,29.872754655793948],[-5.952711072357911,29.79447516055469],[-6.341397729309815,29.779540620759768],[-6.422746625336426,29.467574678376955],[-6.601410832794922,29.44112166018848],[-7.170479741486329,29.476010881379885],[-7.604109731110352,29.231950365022463],[-8.284488644989747,28.78304823489551],[-8.593210187348145,28.641410432771487],[-8.610053983124512,28.469668947175784],[-8.641209569367188,27.566762529329104],[-9.280450787934083,27.56308516116504],[-10.05367943325879,27.56499060244922],[-11.258037534149903,27.564410768464846],[-12.388050046356934,27.564267717317385],[-13.123640027436036,27.546344362214846],[-13.060138669403809,27.67262228579883],[-12.866208997162598,27.857324205354494],[-12.674118962677735,27.895850740388674],[-12.090624776276368,28.0241771564043],[-11.57645889798047,28.228616319612307],[-11.372664418610352,28.36885603518848],[-10.856226888092774,28.7512279376543],[-10.339312520416993,29.14631613345508],[-9.869588818939942,29.642983995393557],[-9.662592854889649,29.954816423372073],[-9.60267445126416,30.183719240144534],[-9.625043836029786,30.40610083194141],[-9.817042317780274,30.75522192569141],[-9.857763257416504,31.060189805940432],[-9.813266721161622,31.289060197786135],[-9.635323491486329,31.575402818635744],[-9.317557301911133,31.96371801944141],[-9.222252812775391,32.25624807925586],[-9.250766721161622,32.421424470857424],[-9.218686070832032,32.580360017732424],[-8.640263524445313,33.12173422427539],[-8.314414945038575,33.33848150821094],[-7.902406182678956,33.48548849673633],[-7.33262058773877,33.69637259097461],[-7.004007783325928,33.874984346345705],[-6.752974477204102,34.12335165591602],[-6.51147219220044,34.45429953189258],[-6.302049127014893,34.86143835635547],[-5.928758588227051,35.72785910220508],[-5.807887044342774,35.78541525454883],[-5.56500002423169,35.862342439607424],[-5.479359116944092,35.80520590396289],[-5.171789613159913,35.42376288028125],[-5.109631505402344,35.37931402774219],[-4.592977490814942,35.151187501863284],[-4.295350995453614,35.15178640933399],[-4.027887788208741,35.13323553653125],[-3.440804210099,35.166278444246096],[-3.205772366913575,35.26860769839649],[-3.00902816334607,35.38997992129688],[-2.829877105149048,35.14205893130664],[-2.714807000550049,35.09774359317188],[-2.35566278973462,35.05391653628711],[-2.192973938378113,35.05424841494922]]]]}},{"type":"Feature","properties":{"name":"Kuwait","subject":"Kuwait","partOf":"Kuwait","borderPrecision":3,"color":"#a88992"},"geometry":{"type":"MultiPolygon","coordinates":[[[[46.509158167449215,28.97005232425098],[47.25528243502734,28.853646837190432],[47.2040116905677,28.861645767449268],[46.509158167449215,28.97005232425098]]]]}},{"type":"Feature","properties":{"name":"Netherlands","subject":"Netherlands","partOf":"Netherlands","borderPrecision":3,"color":"#8aa0a8"},"geometry":{"type":"MultiPolygon","coordinates":[[[[7.159938845244628,53.16400106997852],[7.228004488555175,52.96671637149219],[7.072895083037597,52.804263673738284],[7.034791025725585,52.62350424380664],[6.778090509978515,52.639930330232424],[6.726836237517578,52.558333955720705],[6.713568243590576,52.47569998355274],[6.911921534148437,52.41551931949024],[6.996851477233154,52.442874513582034],[7.069026503173095,52.366283021882815],[7.067718062010986,52.21864279361133],[6.882234129515869,52.12573202700977],[6.82461646517871,51.95638617129688],[6.680369410125,51.88775213809375],[6.381445440856201,51.81990011783008],[6.211378130522949,51.87994345279102],[6.13267425021289,51.83843573184375],[5.979368242827636,51.80352743716602],[5.947897944060546,51.72167166324024],[6.1168608995354,51.63985785098438],[6.153822455016357,51.52067144961719],[6.222278151122314,51.389102540925784],[6.179620298949462,51.322330079988284],[6.089237246123535,51.19848593325977],[6.176207575408203,51.1440502032793],[6.070175680724365,51.084186159089846],[5.964243445006591,51.024337373689455],[5.927895102111084,50.98081549258594],[6.009666475859863,50.964496217683596],[6.073926481810791,50.866614900544924],[5.999575647917968,50.74159964175586],[5.697087320891601,50.730723939851565],[5.696757826415283,50.88292654605274],[5.774240049926025,50.92642553897266],[5.823895964232666,51.116832338289065],[5.484423193541748,51.28555639834766],[5.243653807250244,51.23659475894336],[5.112526926604492,51.40545233340625],[5.010119947997314,51.43270071597461],[4.932145628539306,51.37821539492969],[4.791377100554687,51.487201295808596],[4.67107346972583,51.40545233340625],[4.533119234648925,51.40545233340625],[4.39535096606372,51.41090353579883],[4.406719717589599,51.34007605166797],[4.173045191375,51.32487829776172],[3.989524397460205,51.3437457904375],[3.775046858397705,51.38774450869922],[3.743475946990234,51.460452638582034],[3.520320448485595,51.57913549991016],[3.878135714141113,51.79172857852344],[4.264411482421142,52.07089193911914],[4.387240442839843,52.230365358308596],[4.641012701598388,52.75569876284961],[4.718774351683837,52.80241736026172],[5.008403811064941,52.85619314761524],[5.173285517302734,52.743419252351565],[5.234628233519775,52.62285193057422],[5.108244452086669,52.5315013751543],[5.006087812987548,52.55688437075977],[5.035744223204834,52.333716951326174],[4.949828180876953,52.27794607730274],[5.473186525908691,52.17660482974414],[5.574368986693603,52.28301580996875],[5.756913218108398,52.333716951326174],[5.817143950072509,52.52136190982227],[5.611254725066406,52.5315013751543],[5.555709871855957,52.58732184024219],[5.546892675963623,52.678695283845705],[5.653440508452636,52.74977835269336],[5.576382670012695,52.759933076814455],[5.325746092406494,52.790408693269534],[5.358019384947998,52.937747560457034],[5.342753443328125,52.99631079287891],[5.332119974700195,53.01144751162891],[5.389523062316162,53.13857229800586],[5.647349867430908,53.227759920076174],[5.966306719390136,53.33501013369922],[6.260716471282226,53.32174261660938],[6.750721964446289,53.38986166568164],[6.861045393553955,53.26576193423633],[7.00905946215747,53.24541052432422],[7.043283495513183,53.164004884675784],[7.159938845244628,53.16400106997852]]]]}},{"type":"Feature","properties":{"name":"Jordan","subject":"Jordan","partOf":"Jordan","borderPrecision":3,"color":"#8b7fa6"},"geometry":{"type":"MultiPolygon","coordinates":[[[[35.70218184908984,32.719405733064455],[35.68798907835729,32.71063290125933],[35.65637114962695,32.69108923526172],[35.70218184908984,32.719405733064455]]],[[[37.805710229705696,32.7187558364904],[38.77528626354115,33.16590867963963],[37.805710229705625,32.71875583649037],[37.805710229705696,32.7187558364904]]],[[[36.51570418795703,29.420989595369143],[36.72347167452929,29.695338808015627],[36.65648111290936,29.6068802713197],[36.51570418795703,29.420989595369143]]]]}},{"type":"Feature","properties":{"name":"Libya","subject":"Libya","partOf":"Libya","borderPrecision":3,"color":"#b3a46e"},"geometry":{"type":"MultiPolygon","coordinates":[[[[24.952900919524414,21.88223799319629],[24.94298461398242,21.431001268342776],[24.957913431731445,20.045747362092776],[24.918561014739257,19.969268403962893],[24.21643355807422,19.977870546296877],[23.982468638030273,19.98285063357715],[23.949723276702148,19.47427710147266],[23.057890925017578,19.90755232425098],[20.548014673796875,21.16387327762012],[18.324734720793945,22.23128279300098],[15.97051719149707,23.38058813662891],[15.785828623381835,23.35409887881641],[14.967711481658203,22.968030534700198],[14.28438666781543,22.63992651553516],[14.180097612944824,22.569409929231448],[13.64361003359912,22.97939261050586],[13.527384790984375,23.06133421512012],[13.073791536895019,23.21123083682422],[12.33359149417041,23.410310350374026],[11.959014925566894,23.471690736726565],[11.91531756838916,23.503213487581057],[11.52785304507373,24.181006990388674],[11.447878870574218,24.256801210359377],[10.985442194548828,24.413014970735354],[10.669208559600097,24.48744734378223],[10.424498591033203,24.397050462678713],[10.31472876986621,24.466327272371096],[10.06145957430957,24.858899675325198],[9.949298891631347,25.271360002473635],[9.37672999819873,26.03706892581348],[9.445374521819335,26.16457899661426],[9.557414087859375,26.222436510041994],[9.857375177947265,26.433888994172854],[9.895769152251464,26.5103774890459],[9.923319849578125,26.809241853669924],[9.717440638152343,27.329202257112307],[9.788479837981445,27.552053056672854],[9.860776934233886,27.832110963777346],[9.815307650176269,28.16868170352344],[9.86043361147998,28.556619249299807],[9.83711532076953,28.86789473147754],[9.770440134612304,29.24247892947559],[9.374687227812988,29.964721284822268],[9.483349833098632,30.136939607576174],[9.57486060580371,30.20736464114551],[9.673754725066406,30.2714858874834],[10.062646898833496,30.540628038362307],[10.132754358855468,30.642713151887698],[10.199086222258789,30.884582124666018],[10.075470003691894,31.3223892077959],[10.132420572844726,31.48158224673633],[10.794852289763671,31.993758760408205],[11.055592569915039,32.13505133242969],[11.416425737944824,32.32773932071094],[11.458253893462402,32.44871862979297],[11.429181131926757,32.70274695010547],[11.47068694552539,33.14409216494922],[12.117019686309082,32.87850149722461],[12.564756426421386,32.73963888736133],[12.798863443938476,32.733768068269534],[13.187125238982421,32.791759096101565],[13.458779368010742,32.77960928531055],[14.157023462859375,32.67937811465625],[14.433427843657714,32.46390875430469],[14.790810618010742,32.362994752839846],[15.00978663882373,32.363441072419924],[15.163704905120117,32.27480658145313],[15.241435083953125,32.17330130191211],[15.358129534331542,31.805022798494143],[15.533408197966796,31.55121573062305],[15.843325647917968,31.285003267244143],[16.013379129973632,31.22817000003223],[16.318387064543945,31.165261827424807],[16.782519373503906,31.128097139314455],[16.983780893889648,31.09674223513965],[17.421629938689453,30.99598654361133],[17.708979639617187,30.894923768953127],[17.95715812167285,30.768363557771487],[18.537213358489257,30.41374548526172],[18.915026697722656,30.204860292390627],[19.124539408293945,30.198943696931643],[19.322815928069335,30.256539903596682],[19.663914713469726,30.44150122256641],[19.98153785189746,30.721730791047854],[20.116768869963867,30.957103334382815],[20.116679224578125,31.071467958406252],[19.99209693392871,31.350774370149416],[19.941582712737304,31.611169420198244],[19.96147063693164,31.795470796541018],[20.06836417636035,32.03713568301563],[20.365721735564453,32.29824026675586],[20.515524897185546,32.38751181216602],[20.76505187472461,32.49603231997852],[21.054497751799804,32.630050264314455],[21.67341903170703,32.815589509919924],[22.215989145842773,32.79128988833789],[22.543126139250976,32.72207220645313],[22.922846827117187,32.55765875430469],[23.007332834807617,32.48158987613086],[23.02665618380664,32.25291021914844],[23.15333846530078,32.138812623933596],[23.288636240569335,32.13273199649219],[23.71403411349414,32.0764232501543],[24.034403833953125,31.937314592317385],[24.23692229708789,31.92502363772754],[24.815857920256835,31.90715368838672],[24.951525721160156,31.818492494539065],[24.982237848845703,31.647012315706057],[25.106553110686523,31.51384123416309],[25.062094721404296,31.420325838044924],[24.8961840005791,31.317725740388674],[24.80176833590625,31.164716325715823],[24.961176905242187,30.587459169343752],[24.85716918429492,30.396266542390627],[24.711909327117187,30.14764555545215],[24.687031778899414,30.007722459749026],[24.770211252776367,29.58251341433887],[24.94439414462207,29.170522294954104],[24.96335700472949,29.005427919343752],[24.956902536956054,28.56063040347461],[24.94857123812793,26.81960829348926],[24.941601786223632,26.158750139192385],[24.93787101229785,25.237365327791018],[24.93749717196582,24.926002107576174],[24.95778754672168,23.661565385774416],[24.947848352996093,23.057826600984377],[24.952900919524414,21.88223799319629]]]]}},{"type":"Feature","properties":{"name":"Israel","subject":"Israel","partOf":"Israel","borderPrecision":3,"color":"#8aa0a8"},"geometry":{"type":"MultiPolygon","coordinates":[[[[34.20194915255664,31.078446947053713],[34.146304163542965,31.20857962222461],[34.19527724703906,31.238141618684573],[34.5006590219414,31.621099077180666],[34.59913543185351,31.817897401765627],[34.681338343230465,32.045978151277346],[34.75850203951953,32.30071981997852],[34.84289077242968,32.670699678376955],[34.894969019499996,32.66283377261524],[34.95658782443164,32.704818330720705],[34.959082636443355,32.79665716739063],[34.97200683077929,32.93840750308399],[35.13920119723437,32.961654268220705],[35.20756057223437,32.951488100007815],[35.23912719210742,32.906993471101565],[35.399138483611324,32.93840368838672],[35.40285018405078,33.01396521182422],[35.4331541391289,33.10066183658008],[35.473032984343746,33.11898382754688],[35.50439361056445,33.10851248355274],[35.586558374968746,32.952796541169924],[35.67710784396289,32.89522513003711],[35.68643477877734,32.81278570742969],[35.66515639742968,32.75782736392383],[35.70218184908984,32.719405733064455],[35.65637114962695,32.69108923526172],[35.63999465426562,32.63743933291797],[35.66946700533984,32.45244940371875],[35.6572866769707,32.327315889314455],[35.62980178317187,32.24896963687305],[35.614714655486324,31.867774568513674],[35.58311751803515,31.530948244050784],[35.523413691130855,31.403564058259768],[35.52509978732226,31.2193675860918],[35.390410456267574,30.818418107942385],[35.15767196139453,30.327973924592776],[35.16422942599414,29.959563814119143],[35.033171686736324,29.545907579377932],[34.9846792550957,29.467219911531252],[34.95425704440234,29.43680914492969],[34.93554213961718,29.418094240144534],[34.56028274020312,30.203866563752932],[34.20194915255664,31.078446947053713]]]]}},{"type":"Feature","properties":{"name":"Egypt","subject":"Egypt","partOf":"Egypt","borderPrecision":3,"color":"#b47c6f"},"geometry":{"type":"MultiPolygon","coordinates":[[[[34.146304163542965,31.20857962222461],[34.20194915255664,31.078446947053713],[34.56028274020312,30.203866563752932],[34.93554213961718,29.418094240144534],[34.76433471163867,29.246686540559573],[34.54894927462695,28.731626115754885],[34.398840937224605,28.095985017732424],[34.32201293429492,27.828979097322268],[34.24119857272265,27.758920274690432],[34.05800536593554,27.790313325837893],[33.85604384860156,28.024955354646487],[33.504057917205074,28.32918318362598],[33.33074096163867,28.551192842439455],[33.17847350558398,28.995608888582034],[32.94378188571093,29.198421083406252],[32.81360534152148,29.477700792268557],[32.73727706393359,29.693547807649416],[32.647959742156246,29.85220106692676],[32.43838027438281,29.7755199298418],[32.318491968718746,29.54019697757129],[32.59057525118945,28.93719633670215],[32.64934447726367,28.76578100772266],[32.93467620333789,28.37882574649219],[33.354216608611324,27.9095474109209],[33.56693938693164,27.369950853303713],[33.80406478366015,26.93206938357715],[33.928809198943355,26.56382330508594],[34.10422042330859,26.354524217561526],[34.514842066374996,25.573916994050784],[34.99740127047656,24.71719893069629],[35.18986419161914,24.399919115022463],[35.453459772673824,24.152688585237307],[35.65656951388476,23.994273744539065],[35.72469619235156,23.91181906314258],[35.616301569548824,23.83534773440723],[35.48792937716601,23.79059561343555],[35.46848967990039,23.720668397859377],[35.57585051974414,23.231660448030276],[35.68928817233203,23.021319948152346],[35.74630263766406,22.91434057803516],[36.11136153658984,22.64825590701465],[36.2902212472832,22.57238157840137],[36.47324660739062,22.337684236482424],[36.660429987517574,22.16653784366016],[36.800112757292965,21.914899431184573],[32.12813476046679,21.917682252839846],[31.166268381682617,21.91843756289844],[29.917969736663085,21.917518220857424],[28.786871943083984,21.910934053376955],[27.766814264861328,21.92405279727344],[27.017668757048828,21.9196849689043],[26.459485087004882,21.916434846833987],[25.73288634738086,21.92490728946094],[25.321587595549804,21.92251928897266],[24.952900919524414,21.88223799319629],[24.947848352996093,23.057826600984377],[24.95778754672168,23.661565385774416],[24.93749717196582,24.926002107576174],[24.93787101229785,25.237365327791018],[24.941601786223632,26.158750139192385],[24.94857123812793,26.81960829348926],[24.956902536956054,28.56063040347461],[24.96335700472949,29.005427919343752],[24.94439414462207,29.170522294954104],[24.770211252776367,29.58251341433887],[24.687031778899414,30.007722459749026],[24.711909327117187,30.14764555545215],[24.85716918429492,30.396266542390627],[24.961176905242187,30.587459169343752],[24.80176833590625,31.164716325715823],[24.8961840005791,31.317725740388674],[25.062094721404296,31.420325838044924],[25.106553110686523,31.51384123416309],[25.25822928866504,31.437919221833987],[25.507155451384765,31.444781862214846],[25.7895002695,31.48984106631641],[26.14333442172168,31.490577302888674],[26.823994669524414,31.358560167268557],[27.088095697966796,31.306726060823244],[27.438754114714843,31.25182493777637],[27.763331446257812,31.182614885286135],[27.919449839202148,30.99868544192676],[28.09982970675586,30.99905737491016],[28.51718238314746,30.9617992267168],[28.96642211398242,30.784841142610354],[29.248847040740234,30.753661714509768],[29.359381708708984,30.81107100100879],[29.68310264071582,31.053170762971682],[30.09913924655078,31.231925569490237],[30.476056131926757,31.31528814883594],[30.827059778777343,31.436736665681643],[30.99595550021289,31.468850694612307],[31.151381525603515,31.443749986604494],[31.39227012118457,31.44426115603809],[31.717415842620117,31.387752138093752],[31.80812362155078,31.178281389192385],[32.07651046237109,31.013650499299807],[32.30937865695117,31.08401831241016],[32.59724334200976,30.96390112491016],[32.76873305758593,30.95155294986133],[33.021391901580074,31.132072053865237],[33.1295652719414,31.051686845735354],[33.25459960421679,31.026528917268557],[33.55760100802539,30.967715822175784],[33.70960906466601,30.995709978059573],[33.916968378630855,31.070052705720705],[34.146304163542965,31.20857962222461]]]]}},{"type":"Feature","properties":{"name":"Sudan","subject":"Sudan","partOf":"Sudan","borderPrecision":3,"color":"#a88992"},"geometry":{"type":"MultiPolygon","coordinates":[[[[33.99141601046679,4.026679597810549],[33.73787215670703,3.783647142366213],[33.45643905123828,3.64214452357654],[33.29096892794726,3.634810291246218],[33.154875788298824,3.722972236589236],[33.0184927316582,3.766657434419436],[32.622527155486324,3.707099519685549],[32.2261228891289,3.558560691789431],[31.816065821257812,3.537054143861575],[31.39229682406543,3.642579160646243],[31.16936210116504,3.647604309037966],[30.960585627166015,3.608226858094973],[30.737151178923828,3.505206190065188],[30.15780738314746,4.099212251619143],[29.69307807406543,4.515941701844973],[29.59983161410449,4.553517423585696],[29.484173807708007,4.482912622407717],[29.28813079318164,4.221160493806643],[29.215901407805664,4.176239095643801],[28.90842536410449,4.460423074678225],[28.735779795256835,4.46575840564136],[28.49727157076953,4.299082361177248],[28.381495508757812,4.1903410777605],[28.22318938693164,4.183049760774416],[28.05823806246875,4.27104815097217],[27.822163614836914,4.485746942476077],[27.665371927825195,4.707273088411135],[27.30795958956836,5.054712377504153],[27.243727717009765,5.16238173098926],[27.229491266814453,5.194083295778078],[27.267125162688476,5.499388299897952],[27.196070704070312,5.65785463900928],[26.945387873259765,5.872465692476077],[26.57865050753711,5.946555696443362],[26.413655314055664,6.047280393556399],[26.285311731902343,6.243543706849856],[26.25871947726367,6.567537866548342],[26.16628364047168,6.732233606294436],[26.07319930514453,6.807962022737307],[25.75049880465625,7.003076635316653],[25.499640497771484,7.173185430482668],[25.299120936003906,7.330889783815188],[25.221285852996093,7.508388124421877],[25.287985834685546,7.724888883546633],[25.188126597014648,7.845050416902346],[25.030308756438476,7.933093152955813],[24.670792612639648,8.039018236116213],[24.31209090670703,8.240274034456057],[24.21204665621875,8.341372095063967],[24.09869101962207,8.563150011018557],[24.00546363314746,8.619802080110354],[23.88284972628711,8.619072519258303],[23.52215865573047,8.610577188447756],[23.450902018157226,8.705489717439455],[23.446473154631835,9.004177652314944],[23.6336164804375,9.666291795686526],[23.578520807830078,9.9074779376543],[23.422722849456054,10.154428087190432],[22.818951639739257,10.907167993501467],[22.88672164401172,11.098231874421877],[22.874703440276367,11.263401590303225],[22.754965815154296,11.472437463716311],[22.555325541106445,11.655555330232424],[22.485079798308593,11.788608156160159],[22.423705134001953,12.023399911836428],[22.324366602507812,12.575745187715334],[22.26095679720996,12.677052102998537],[22.109034571257812,12.682509027437014],[21.87671950778125,12.6430097446001],[21.778044733611328,12.80131109805469],[21.920403513518554,13.075436197236819],[22.16431716403125,13.343803964570803],[22.20341971835254,13.496561609224123],[22.049708399382812,13.794365488008303],[22.073573145476562,13.90254458041553],[22.396458658782226,14.095108591035647],[22.463698420134765,14.190841279939455],[22.404845270720703,14.495547853425784],[22.4599047037041,14.692884050325198],[22.722136530486328,15.056673608735842],[22.909775766936523,15.617037378267092],[23.013073954192382,15.681200586274905],[23.57317260226367,15.703569017366213],[23.95093825778125,15.69943007083301],[23.968827280608398,15.826636873201174],[23.95474341830371,16.379447542146487],[23.93839362582324,16.830562196687502],[23.9555101724541,17.167478166536135],[23.917330774871093,18.292085252717776],[23.93393615206836,18.57816084475879],[23.94083503207324,19.003964982942385],[23.949723276702148,19.47427710147266],[23.982468638030273,19.98285063357715],[24.21643355807422,19.977870546296877],[24.918561014739257,19.969268403962893],[24.957913431731445,20.045747362092776],[24.94298461398242,21.431001268342776],[24.952900919524414,21.88223799319629],[25.321587595549804,21.92251928897266],[25.73288634738086,21.92490728946094],[26.459485087004882,21.916434846833987],[27.017668757048828,21.9196849689043],[27.766814264861328,21.92405279727344],[28.786871943083984,21.910934053376955],[29.917969736663085,21.917518220857424],[31.166268381682617,21.91843756289844],[32.12813476046679,21.917682252839846],[36.800112757292965,21.914899431184573],[36.90349868258593,21.728648744539065],[37.12776854952929,21.227176271394534],[37.25457290133593,19.65172728152637],[37.39818480929492,18.91500052066211],[37.47998717745898,18.81987150760059],[37.76123717745898,18.642554841951174],[38.02859786471484,18.47793921084766],[38.306651148406246,18.24978407473926],[38.527468714324215,18.161315523103518],[38.64174178561328,18.06071051211719],[38.534678492156246,17.971120439485354],[38.409976038542965,17.82425268741016],[38.27231124362109,17.569280229524416],[38.10624602755664,17.460284791902346],[37.87632659396289,17.38267859073047],[37.68424514254687,17.330718599275393],[37.615393671599605,17.266774736360354],[37.50942519625781,17.04375036807422],[37.35265258273242,16.96658857913379],[37.024321589080074,16.95193823428516],[36.9321890207207,16.703584276155276],[36.9152212472832,16.50015028567676],[36.82439330538867,16.11199339480762],[36.71524337252734,15.78728350253467],[36.471926722136715,15.201222978547854],[36.4408560129082,14.978640161470217],[36.48244384249804,14.572192750886721],[36.47670272311328,14.266498170808596],[36.47621062716601,14.229000650361819],[36.40928939303515,13.802840791658205],[36.22992614230273,13.248925767854494],[36.13399032076953,12.771745286897463],[35.66581252535937,12.622819505647463],[35.47957519015429,12.456488214448733],[35.16744521578906,11.94624575229053],[35.097910914031246,11.793311677888674],[35.01193526705859,11.30346067996387],[34.948699030486324,10.820091806367678],[34.859892878142574,10.736954294160647],[34.73659423312304,10.717159830049319],[34.54259398898242,10.760490022615237],[34.4262075754082,10.728026948884768],[34.35270217379687,10.676754556611819],[34.268836054412105,10.180554948762698],[34.21675399264453,9.760784707979006],[34.12672713717578,9.18827112765674],[34.14423278292773,8.953216157869143],[34.041758570281246,8.431467615083498],[33.83052733859179,8.296745859102053],[33.70083144625781,8.30233534427051],[33.28344634493945,8.357051454500002],[33.13901046237109,8.343488298372073],[33.0543699594414,7.980712972596926],[33.029795679656246,7.77084120364551],[33.07216552218554,7.70752914996509],[33.28771499117968,7.657969556764407],[33.618498835173824,7.602732263520998],[33.76882461032031,7.527359090760989],[34.13085463961718,7.116396985963625],[34.607520136443355,6.636189065889162],[34.94571975192187,5.977213941530032],[35.100710901824215,5.647631727174563],[35.25725844821093,5.457892976716799],[35.46480849703906,5.332009874299807],[35.651553186980465,5.288624368623537],[35.772646936980465,5.149520002321047],[35.82539275607226,4.704935632661623],[35.81011489352343,4.628579698518557],[35.80223372897265,4.564981542543215],[35.766394648162105,4.577471815065188],[35.55762389620898,4.569872461274905],[35.10371688326953,4.509972177461428],[34.72953704318164,4.507751546815676],[34.42759231051562,4.53137644381885],[34.29664519747851,4.384414754823489],[33.99141601046679,4.026679597810549]]]]}},{"type":"Feature","properties":{"name":"Eritrea (Italy)","subject":"Italy","partOf":"Eritrea (Italy)","borderPrecision":3,"color":"#b47c6f"},"geometry":{"type":"MultiPolygon","coordinates":[[[[42.327849421111324,12.357114397004885],[42.21042922457812,12.431837640718264],[41.996611628142574,12.716928087190432],[41.78279403170703,12.788200937227053],[41.586794886199215,13.198018632844729],[41.016612085906246,13.554381929353518],[40.89188674410937,13.821653924897952],[40.58897689303515,14.124562822297854],[40.3217039438164,14.17801722140674],[39.92970565280078,14.427471719697756],[39.68025115450976,14.391835771516604],[39.608977350798824,14.463107667878909],[39.50206664523242,14.44529017062549],[39.37734130343554,14.53438051791553],[39.2169790597832,14.463107667878909],[39.00316146334765,14.427471719697756],[38.87843230685351,14.623471818879885],[38.807158503142574,14.516563020662112],[38.61115935763476,14.427471719697756],[38.254797968474605,14.391835771516604],[38.00534347018359,14.659108720735354],[37.89843276461718,14.659108720735354],[37.720252070037105,14.80165346713428],[37.346072229949215,14.053289972261233],[37.15006926974414,14.44529017062549],[36.93625167330859,14.409653268770022],[36.811526331511715,14.249290071443362],[36.63334563693164,14.28492697329883],[36.47670272311328,14.266498170808596],[36.48244384249804,14.572192750886721],[36.4408560129082,14.978640161470217],[36.471926722136715,15.201222978547854],[36.71524337252734,15.78728350253467],[36.82439330538867,16.11199339480762],[36.9152212472832,16.50015028567676],[36.9321890207207,16.703584276155276],[37.024321589080074,16.95193823428516],[37.35265258273242,16.96658857913379],[37.50942519625781,17.04375036807422],[37.615393671599605,17.266774736360354],[37.68424514254687,17.330718599275393],[37.87632659396289,17.38267859073047],[38.10624602755664,17.460284791902346],[38.27231124362109,17.569280229524416],[38.409976038542965,17.82425268741016],[38.534678492156246,17.971120439485354],[38.64174178561328,18.06071051211719],[38.685671839324215,18.002805314973635],[39.008826288787105,17.056781373933596],[39.20794204196093,16.326509080842776],[39.51792815646289,15.463048540071291],[39.7964468332207,15.088771425203127],[39.88854125460742,15.184274278596682],[39.85619262179492,15.400236688569827],[39.89788344821093,15.501986108735842],[40.03721145114062,15.387916170076174],[40.21745208224414,15.0833173617876],[40.38988402804492,14.905787073091311],[40.630530390349605,14.925351701692385],[40.739138636199215,14.919243417695803],[41.341250452605465,14.34232386203174],[41.70525649508593,13.930100999788088],[41.76108840426562,13.885752283052248],[42.07897857150195,13.86101397128467],[42.35708144625781,13.467672906831545],[42.36641982516406,13.359677873567385],[42.35496428927539,13.270696245149416],[42.40844253024218,13.175496660188479],[42.63643935641406,13.093382440522952],[43.0480223031914,12.702313981965823],[43.0144529672539,12.659888826326174],[42.776152643767574,12.308966241792483],[42.62736419161914,12.390701852754397],[42.448637995330074,12.446830354646487],[42.352549585906246,12.39542730899219],[42.327849421111324,12.357114397004885]]]]}},{"type":"Feature","properties":{"name":"Norway","subject":"Norway","partOf":"Norway","borderPrecision":3,"color":"#739b91"},"geometry":{"type":"MultiPolygon","coordinates":[[[[21.970780405608398,79.7828555926836],[21.252636942473632,79.78903540225392],[20.344210657683593,79.7962833270586],[19.561673197356445,79.76781805606251],[19.218064341155273,79.74022253604298],[18.330594095793945,79.8823657855547],[18.695826563445312,80.08740576358204],[19.06761840304492,80.16498144717579],[19.39876655062793,80.36864813418751],[19.91539672335742,80.63342627139454],[20.524457010833007,80.32244452090626],[20.97366431674121,80.27496679873829],[21.475871119109375,80.31472357364063],[21.88118270358203,80.27680548282032],[22.197699579802734,80.12329443545704],[22.58739951571582,80.26860388369923],[22.826014551726562,80.47298773379688],[23.216382059661132,80.61079748721485],[23.076764139739257,80.24058874698048],[23.11540893038867,80.09633978457813],[23.49826148470996,80.09711798282032],[23.944243464080078,80.31975897403126],[24.421435389128906,80.4372745379961],[24.782862696257812,80.37966497989063],[25.033976587859375,80.16746862979298],[25.35129645785449,80.14890631289845],[26.254410776702148,80.19886358828907],[26.948615107146484,80.11370428653126],[27.19679549655078,79.9443546161211],[26.96863082369922,79.85386236758595],[26.06695846041797,79.57410009951954],[25.336686167327148,79.40301092715626],[24.85516074618457,79.37533911319142],[24.416337046233398,79.3121524676836],[23.820517572966796,79.14745672793751],[20.99829390963672,79.1910816058672],[20.983325037566406,79.36089666934376],[21.654866251555664,79.47809942813282],[21.970780405608398,79.7828555926836]]],[[[13.252219233123046,79.80073126407032],[13.282957110015136,79.48708685489063],[13.396730455962402,79.43371161075001],[14.158891710845214,79.36382635684376],[14.25808814486621,79.53364904971485],[14.316590342131835,79.72191961856251],[14.574694666472656,79.78525885196095],[14.810112032500488,79.80369146914845],[15.237189325896484,79.58918341250782],[15.77414325198291,79.24228247256642],[16.133173975554687,79.13635595889454],[16.38881209811328,79.23457678408985],[16.289153132048828,79.36790808291798],[16.081957850066406,79.52817877383595],[15.935030970183593,79.7429386004961],[15.916598352996093,79.84177740664845],[16.32628348788379,80.02513464541798],[16.776646647063476,79.9785571918047],[16.995327982512695,79.89783819766407],[17.57058051547168,79.88994177432423],[17.834054026213867,79.80945166201954],[17.79819396456836,79.62093695254688],[17.72217849215625,79.48664435000782],[17.76900580844043,79.4153018817461],[18.015986475554687,79.36228521914845],[18.350546869841796,79.51463659854298],[18.548739466277343,79.55971869082813],[18.846463236418945,79.38169439883595],[19.15158179720996,79.23094519229298],[19.50487426241992,79.16055639834767],[19.931851420012695,79.10815008731251],[20.68418792208789,78.91487463565235],[20.908095392791015,78.80939062686329],[20.321175608245117,78.68498571963673],[19.429148707,78.58662756533985],[19.11582282504199,78.45454748721485],[18.786776575652343,77.93978460879688],[18.3886156412041,77.541621767],[17.82944396456836,77.48894842715626],[17.48486045321582,77.2480655536211],[17.279892954436523,76.98295935244923],[17.26699927767871,76.81286200137501],[16.912959131804687,76.71886786075001],[16.662911448088867,76.72687109561329],[15.94610312899707,76.88682135196095],[15.098876032439453,77.11526831241017],[14.484577211943847,77.37091406436329],[14.77792457064746,77.53477057071095],[15.482050928679687,77.55328711123829],[16.2868090005791,77.6151538714922],[16.711554560271484,77.7886157855547],[16.41804793795703,77.90059240908985],[15.59807780703662,77.8383975848711],[14.893422159758789,77.78515204043751],[14.13102916201709,77.76640661807423],[13.905090365020019,77.99990423770313],[14.336516413298828,78.02679022403126],[14.953421625701171,78.12359198184376],[15.920889887419921,78.26488073916798],[16.617047342864257,78.46726568789845],[15.480342897979003,78.64941748233204],[15.083908114043457,78.78065069766407],[14.819029841033203,78.71849402041798],[14.352827105132324,78.42791327090626],[13.871756586638671,78.29587896914845],[13.61843207797168,78.26922949405079],[13.062086138335449,78.34677466006642],[12.910100969878417,78.42518194766407],[12.43747333010791,78.59088476748829],[12.074569735137207,78.69565161319142],[11.760330233184082,78.88018377871876],[12.524833712187988,79.05856665225392],[12.156988176909667,79.3154483661211],[11.545166048613769,79.17202337832813],[11.335225138274414,79.20714148135548],[10.9194412561333,79.54516943545704],[11.284340891448242,79.70714148135548],[11.516539606658203,79.71653326602345],[12.000311884490234,79.77136572451954],[12.457693132964355,79.75425299258595],[12.717382464019042,79.78171118350392],[13.252219233123046,79.80073126407032]]],[[[11.178854975310546,59.070289216951174],[11.112050089446289,59.16510733218555],[10.829190287200195,59.1058421954668],[10.768937143889648,59.11769064517383],[10.656806025115234,59.22439535708789],[10.549271616545898,59.37863119693164],[10.633557352629882,59.44985159488086],[10.569742235747558,59.58050497622852],[10.407057795134765,59.49734839053516],[10.378625902739746,59.36674841494922],[10.429588350859863,59.25997122378711],[10.363341364470703,59.212535463289065],[10.211065325347167,59.070289216951174],[10.172335657683593,58.98736532779102],[9.937624010649902,58.94000204654102],[9.697579416838867,58.999217592195315],[9.346200022307617,58.84530981631641],[9.371620211211425,58.78614767642383],[9.145894083586914,58.65606649966602],[8.921734842864257,58.53789099307422],[8.175240549651367,58.17204626651172],[8.153747591582519,58.08954580874805],[8.03019622286914,58.06597860904102],[7.90843108615039,58.06597860904102],[6.958641085234863,57.97173651309375],[6.874181303588134,58.0777545795],[6.725660833922607,58.13668783755664],[6.64365533312915,58.04241140933399],[6.479116472808105,58.08954580874805],[6.651709589568359,58.17204626651172],[6.231332335082275,58.27817877383594],[5.873840365020019,58.431598268464846],[5.615484270659667,58.45521505923633],[5.39973500689624,58.71517523379688],[5.530999216643554,58.880809389070315],[5.474647554961425,58.975528322175784],[5.627488169280273,58.96367987246875],[5.665794405547363,58.82164724917774],[5.793662104216796,58.916324220613284],[6.093553576079589,58.797977052644534],[5.983710798827392,58.886722169832034],[6.041155848113281,58.95184286685352],[6.266145262328369,58.99328573794727],[6.050548109618408,58.98144491763477],[5.940400633422119,58.9340778216875],[5.822302374449951,59.01698263736133],[5.771857294646484,59.076217256501955],[6.032578501311523,59.200667940095705],[6.237526449767334,59.283694826082034],[6.020303759185058,59.2540355548418],[5.877495798674804,59.313350282625],[6.076250586119873,59.42016562075977],[6.113430533019287,59.52704580874805],[5.815908941832763,59.313350282625],[5.79950192889331,59.43203695865039],[5.680468592253906,59.50923117251758],[5.682913813201171,59.414229951814455],[5.717149290648681,59.337073884919924],[5.528521570769531,59.26589926333789],[5.343843969908935,59.26589926333789],[5.350331816283447,59.39049109073047],[5.282588991729003,59.27183111758594],[5.176648649779541,59.30741461367969],[5.086604151335937,59.50923117251758],[5.382628950682861,59.71127279849414],[5.41855767687915,59.51516684146289],[5.449307474700195,59.65776403994922],[5.64616826495288,59.58645208926563],[5.74112323245166,59.62804373355274],[5.666552576628906,59.67559774966602],[5.96990159472583,59.71127279849414],[6.185389551726562,59.82426031680469],[5.910496267882568,59.75289496035938],[5.694047484008056,59.75289496035938],[5.543337854949218,59.82426031680469],[5.631734404174072,59.883765779451174],[5.805763277617675,59.94925268741016],[5.894064459410888,60.1612621173418],[5.524619612303955,60.167525850251955],[5.279052290526611,60.12533529849414],[5.096230539885742,60.26413305850391],[5.261776003447753,60.327132783845705],[5.551142248717529,60.508887849763674],[5.45583156069873,60.59240683169727],[5.255226645079834,60.56414373965625],[5.075472387877685,60.591693483308596],[4.980375322905761,60.68924292178516],[5.108526739684326,60.90610846133594],[5.387047800627929,61.025584779695315],[5.11961272677539,61.13709982486133],[5.018313440886718,61.30513723941211],[5.140952620116455,61.38955648990039],[5.101146254149658,61.69858893008594],[5.148983511534912,61.740882478669924],[5.416030916777832,61.7695384845293],[5.592420134154541,61.78969534488086],[5.797088179198486,61.76991232486133],[5.833900007811767,61.819408021882815],[5.719467672911865,61.87954672427539],[5.528184446898681,61.93255194278125],[5.425686392394287,62.009261690095705],[5.469670805541259,62.09369619937305],[5.564593824950439,62.15030249209766],[5.823631319609863,62.179019533113284],[6.053489241210205,62.33480032534961],[6.308390650359375,62.28582724185352],[6.532513651458007,62.335696779207034],[6.612958941069824,62.58333548159961],[6.988682779875976,62.54157217593555],[7.289257082549316,62.48556479068164],[7.546737703887207,62.599254213289065],[7.101563486663085,62.70464285464649],[6.981860193816406,62.846141420320315],[7.088180098143798,62.91019781680469],[7.606488260833007,62.904056154207034],[7.989161524382812,62.94026907534961],[8.23129371127246,62.841407381013674],[8.25796607455371,63.0543170795],[8.472289118376953,63.17551764102344],[8.60590365847705,63.32509573550586],[8.957197222319824,63.40404089541797],[9.154221567717773,63.31901892276172],[9.216067347136718,63.28356131167774],[9.440897974578125,63.49752386660938],[9.832105669585449,63.68362005801563],[9.870058092681152,63.87643393130664],[10.06615928134082,64.05550726504688],[10.739846262541992,64.38617285342579],[10.890596422759277,64.47251471133595],[10.996618303862792,64.49424322696095],[11.213500055876953,64.41573675723438],[11.364055666533691,64.41601904483204],[11.50772193392871,64.51671942325001],[11.406536135283691,64.61703833194142],[11.46994117220996,64.67464026065235],[11.689727816191894,64.7756534442461],[11.895566973296386,64.91273077578907],[12.112141642180664,65.12991674991017],[12.222211870757324,65.10114630313282],[12.526453051177246,65.10895117373829],[12.496170076934082,65.38447149844532],[12.284087214080078,65.43488653750782],[12.47921851595996,65.61703070254688],[12.709057840911132,65.90887793155079],[13.08738902529834,65.8804126605547],[13.10879901370166,66.03374060244923],[13.151907000151855,66.1361270770586],[13.581009897795898,66.18811377139454],[13.402801546660644,66.34881933780079],[13.255395922270996,66.39254339785938],[13.16864779910205,66.45833929629688],[13.242076906768066,66.56853064151173],[13.383193049041015,66.67895086856251],[13.592026743499023,66.65732153506642],[13.991646799651367,66.68745764346485],[13.74718955477832,66.9224048480547],[13.85906699618457,66.95944555850392],[14.054739031401855,66.97455938907032],[14.37307837924121,67.09309729190235],[14.63926890811084,67.12311132998829],[14.777660402861816,67.21653326602345],[14.61647323092578,67.24526556582813],[14.56920817813037,67.32934149356251],[14.699147257415039,67.37438543887501],[14.976157221404296,67.52293737979298],[15.226662668791992,67.50855597110157],[15.384503397551757,67.46444281192188],[15.579943689910156,67.58331640811329],[15.745667490569335,67.59729345889454],[15.761817965117675,67.6762882098711],[15.572235140410644,67.8206973895586],[15.854214701262695,67.92523535342579],[15.919741663542968,68.0489688739336],[16.071057352629882,68.04467352481251],[16.232728037444335,67.91109045596485],[16.411614451018554,67.87424810977345],[16.648547205535156,68.04574926944142],[16.52190307101367,68.34090002627735],[16.71914008578418,68.31135901065235],[17.0332746835625,68.33763464541798],[17.126420054045898,68.41608007998829],[16.854756388274414,68.5577808246172],[17.039734873381835,68.65852697940235],[17.406914743987304,68.77154120059376],[17.448914560881835,68.88699682803517],[17.565863642302734,68.97436865420704],[17.894713434783203,69.0350757464922],[17.928147348967773,69.00507696719532],[18.05154517611621,69.02785833926563],[18.09735396823047,69.0580020770586],[18.319052729216796,69.35937841983204],[18.55324080905078,69.24687536807423],[18.984845194426757,69.31544073672657],[19.17015555819629,69.25552710147267],[19.289172205535156,69.2105899676836],[19.57997992953418,69.18105658145313],[19.821213755217773,69.36973150821095],[20.15765098055957,69.74782904239063],[20.286376032439453,69.7859073504961],[20.358317408171875,69.71038397403126],[20.278164896575195,69.58179052920704],[20.19650367220996,69.31769140811329],[20.552685770598632,69.52190741153126],[20.73393920382617,69.77918585391407],[21.1027269693291,69.81769140811329],[21.41196349581836,70.01541479678517],[21.608561548796875,69.9625430926836],[21.90807250460742,69.80404242129688],[22.163310083953125,70.09311255069142],[22.30644896945117,70.2156177386797],[22.745574030486328,70.17060431094532],[23.203606638518554,69.94277533145313],[23.292468103972656,70.01129492373829],[23.508408579436523,70.2790714129961],[23.82728866061328,70.47883947940235],[23.954854044524414,70.50205572696095],[24.207715067473632,70.47186621280079],[24.359614405242187,70.61029394717579],[24.570508036223632,70.74138220401173],[24.84903815707324,70.82660254092579],[25.389031443206054,70.90462835879688],[25.83205512484668,70.89776190371876],[25.230692896453125,70.55818518252735],[25.122424158660156,70.43524511905079],[25.07408050021289,70.14438208194142],[25.26302436312793,70.10654791446095],[25.5740404458916,70.36713751407032],[26.262717279998046,70.79074438662892],[26.6065168710625,70.91462286563282],[26.619105372039062,70.79908331485157],[26.61742309054492,70.39204748721485],[26.93435004672168,70.46928747744923],[27.13108161410449,70.57707556338673],[27.516011271086914,70.97030981631642],[27.947543177214843,71.01741369815235],[28.21115973910449,71.01790960879688],[28.30841353854297,70.9486499652422],[28.136439356414062,70.83272894473438],[27.985291514006835,70.71700628848438],[28.018929514495117,70.60945471377735],[27.875399622527343,70.42505987735157],[28.28972533663867,70.3722110614336],[28.38890746554492,70.57175024600392],[28.794812235442382,70.86477240176563],[28.98433783969043,70.85741003604298],[29.741230997649414,70.60498388858204],[30.041438135710937,70.54413946719532],[30.461960825530273,70.5372501239336],[30.75420287570117,70.43041571231251],[30.798840555754882,70.30796393008595],[30.251879725066406,70.1311450824297],[29.734896692839843,70.11489447207813],[28.73008063754199,70.13592871280079],[28.817093882170898,70.0979190692461],[29.08001998385547,69.96123083682423],[29.55593207797168,69.83340033145313],[29.728575739470703,69.69756659121876],[30.055806192961914,69.72085913272267],[30.361294779387695,69.76681097598438],[30.735358271208984,69.7523609027422],[31.0537824960625,69.63959082217579],[30.871699366179687,69.51008947940235],[30.64079955538867,69.41849096866017],[30.26993659457324,69.40906866641407],[29.923598322478515,69.35460241885548],[29.462780985442382,69.13418921084767],[29.00741675814746,68.8318286761797],[28.69715407809375,68.69552954287892],[28.69640258273242,68.7852969989336],[28.73972419222949,68.95038946719532],[29.133002314177734,69.36561163516407],[29.11325171908496,69.48603399844532],[28.7169847818291,69.64241369815235],[28.414877924529296,69.69372900576954],[27.90868094882129,69.88766821475392],[27.65853980502246,69.88641699405079],[27.40887168368457,69.85489233584767],[26.507250818816406,69.81245001407032],[26.117674860564453,69.64424475283985],[25.862544092742187,69.4543872699297],[25.74562934359668,69.25801428408985],[25.709948572722656,69.03241308780079],[25.62536910494922,68.80706366153126],[25.06282905062793,68.59468420596485],[24.800692591277343,68.42901190371876],[24.661688837615234,68.49548681826954],[24.081843409148437,68.71680792422657],[23.336180719939453,68.6157642230547],[22.701151880828125,68.63494452090626],[22.45976165255664,68.69354590030079],[22.072279963103515,68.96130713076954],[21.625054392424804,69.23698767276173],[21.405808481780273,69.27349432559376],[21.246047052947265,69.22751959414845],[20.790644678679687,68.9322696551836],[20.73944381198047,68.96099432559376],[20.554905924407226,68.97506292910938],[20.165574106780273,68.95807226748829],[20.038983378020507,68.47830542178517],[19.965144190398437,68.27646216006642],[19.842658075896484,68.16405829043751],[19.697184595671875,68.17078741641407],[19.396079096404296,68.22884710879688],[18.958706888762695,68.29369696231251],[18.17948821505664,68.4687915668047],[18.10413649996875,68.3862720355547],[18.094193491545898,68.08813055606251],[18.057034525481445,67.99866064639454],[17.913590464202148,67.86416205020313],[17.600947413054687,67.8625675067461],[17.208678278533203,67.90511664004688],[17.08299735507129,67.91189917178517],[16.873921427336914,67.83655890078907],[16.20604613741992,67.30725439639454],[16.22828963717578,67.21133001895313],[16.30508521517871,66.98315771670704],[16.2205305429375,66.82812079043751],[15.943537745085937,66.67235144229298],[15.347432169524414,66.25873907657032],[15.038371119109375,66.05977209658985],[14.596742662993652,66.05018194766407],[14.542045626250488,65.94041021914845],[14.515295061675292,65.50339087100392],[14.371398005095703,65.23411139102345],[14.198942217437011,65.02322729678517],[13.940372500029785,64.79864843936329],[13.717936548796875,64.55330237002735],[13.870228800383789,64.49667700381642],[14.0415754648125,64.37565954776173],[14.154961618987304,64.11128576846485],[14.078371080962402,64.03222998233204],[13.880192789641601,63.95259054751758],[13.550517115203125,63.93661459536914],[13.130986246672851,63.948733888582034],[12.85312274417041,63.897296510652346],[12.577070269194824,63.78164633365039],[12.299161943999511,63.566241823152346],[12.124150309172851,63.344615541414065],[12.089594873992187,63.04595144839649],[11.932652506438476,62.553973756746096],[12.225598368254882,62.22569998355274],[12.07455829104541,61.69845923037891],[12.336585077849609,61.523143373445315],[12.658039126006347,61.439532838777346],[12.791736635771972,61.32994803042774],[12.597381624785644,61.02862127871875],[12.174038920012695,60.956405244783205],[12.431030306426269,60.62584646792774],[12.547958407012207,60.43387182803516],[12.435860666838867,60.27809866519336],[12.422772440520507,60.03877981753711],[12.077025446501953,59.865924440339846],[11.89061168154834,59.859962068513674],[11.837879213896972,59.66964682193164],[11.610307726470214,59.56862982364063],[11.708853754607421,59.19492682071094],[11.563270601836425,58.863055787996096],[11.378647837249023,58.85714300723438],[11.310762438384277,59.01105459781055],[11.178854975310546,59.070289216951174]]]]}},{"type":"Feature","properties":{"name":"Bulgaria","subject":"Bulgaria","partOf":"Bulgaria","borderPrecision":3,"color":"#a88992"},"geometry":{"type":"MultiPolygon","coordinates":[[[[22.338395151702148,42.66535147281055],[22.44946578463672,42.800941072419924],[22.792252573577148,42.95067175479297],[22.927821192351562,43.0864330157793],[22.91516402682422,43.176402650789065],[22.31809142550586,43.68145712466602],[22.293355021086914,43.803634248689455],[22.373913797942382,43.93929251284961],[22.546538385955078,44.107677064851565],[22.69400123080371,44.26309164615039],[22.870383295623046,44.171390138582034],[23.02825644930957,44.12361105533008],[22.923110041228515,43.98031576724414],[22.94437507113574,43.89540823550586],[23.06405738314746,43.906024537996096],[23.410887751189453,43.990924440339846],[23.638304743376953,43.99007376284961],[24.156373056975585,43.812606416658205],[24.309523615447265,43.826312623933596],[24.62034514865039,43.94390066714649],[24.75501540621875,43.93818625064258],[25.378106150237304,43.780623994783205],[25.549092325774414,43.80730398745899],[26.406205210295898,44.15441855044727],[26.5728607660635,44.213209927211935],[26.721762432745095,43.988987538113825],[27.126192818017568,43.85417740968966],[27.368851049181057,43.61151917852618],[27.584547254659707,43.58455715284135],[27.719357383083864,43.476709050102016],[27.854167511508024,43.476709050102016],[28.03463843783496,43.39190252871875],[27.88732055148242,43.06352575869922],[27.869908365813476,42.799876771882815],[27.836163553801757,42.73552282901172],[27.65404418429492,42.68373831363086],[27.50195029696582,42.51634558291797],[27.494702372161132,42.40090139956836],[27.607871088591796,42.41677816958789],[27.722533259001953,42.31621512027149],[27.73771003207324,42.24700125308399],[27.913407358733398,42.078101716951174],[27.91795257052539,41.977672182039065],[27.317938837615234,41.97972830386524],[27.08068564852832,42.02978476138477],[26.8571215005791,42.00929983706836],[26.57383635958789,41.84088095279102],[26.349875483123046,41.6407543048418],[26.18628982028125,41.65268286319141],[26.031794581023437,41.555614076570315],[26.075196299163085,41.408328615144534],[26.03642180880664,41.29269751162891],[25.533679041472656,41.16813238711719],[25.359320673552734,41.15435751529102],[25.08090880831836,41.248981080964846],[24.418063196746093,41.47619589419727],[24.155411753264648,41.449092470125],[23.795615229216796,41.33168753238086],[22.960978540984375,41.243732057527346],[22.920243296233398,41.230689607576174],[22.899088892546875,41.32034262271289],[22.946038279143554,41.455272279695315],[22.948493036833984,41.679812990144534],[22.847229990569335,41.89104422183399],[22.686179194060546,42.0634723529375],[22.38622191866992,42.196666322664065],[22.326350245085937,42.292674623445315],[22.32924178561328,42.34032019229297],[22.33493140658496,42.43402823062305],[22.338395151702148,42.66535147281055]]]]}},{"type":"Feature","properties":{"name":"Romania","subject":"Romania","partOf":"Romania","borderPrecision":3,"color":"#b3a46e"},"geometry":{"type":"MultiPolygon","coordinates":[[[[24.326529631069683,48.5085582580484],[24.677555110746635,48.535560218023555],[24.947574710498134,48.85958373772535],[25.487613910001137,48.9405896176508],[25.514615869976286,49.21060921740231],[25.676627629827188,49.21060921740231],[25.946647229578687,48.85958373772535],[26.081657029454437,49.12960333747686],[26.16266290937989,48.9405896176508],[26.98940102500732,48.68075763845361],[27.107731508510145,48.643568057924156],[27.107731508510145,48.83258177775021],[27.485758948162246,48.6705700178993],[27.485758948162246,48.75157589782475],[27.647770708013145,48.75157589782475],[27.70611861666797,48.43969687075977],[27.72314170321582,48.43402060122852],[27.819605860320312,48.39430197329883],[27.882025751677734,48.33755835147266],[27.944443735686523,48.31486090274219],[28.01253608187793,48.30918463321094],[28.057930979338867,48.28081091494922],[28.080628428069335,48.25244101138477],[28.11467460116504,48.218394838289065],[28.160069498625976,48.22406729312305],[28.216813120452148,48.212718568757815],[28.29625419100879,48.2297435626543],[28.347323450652343,48.2297435626543],[28.358672175017578,48.20136984439258],[28.318951639739257,48.15597494693164],[28.301928553191406,48.133277498201174],[28.347323450652343,48.15030249209766],[28.387043985930664,48.138953767732424],[28.387043985930664,48.10490759463672],[28.41541579684375,48.08221014590625],[28.426790289144513,48.09737613564061],[28.90822219965315,47.818388161083575],[29.115597252262305,47.282669275176595],[29.426659831176035,46.81607540680601],[29.80684742762615,46.50501282789227],[30.06606624338759,46.280356520899026],[30.43284740345622,46.17574956961106],[30.068821940032226,45.861400209382815],[29.729748758879882,45.76999243350391],[29.629511866179687,45.75035818667774],[29.50043014010547,45.52336844058399],[29.536093744841796,45.45219763369922],[29.615916285125,45.41020544619922],[29.68321135958789,45.37478979678516],[29.7107649179375,45.25833471866016],[29.578961405364257,45.0575023517168],[29.45752242526172,44.91514929385547],[29.261582407561523,44.895423494294924],[29.089749369231445,44.87573202700977],[28.91823676547168,44.765750490144534],[28.686247858611328,44.48805197329883],[28.573113474456054,44.19782217593555],[28.52988532504199,43.84347113223438],[28.510106119719726,43.74307592959766],[28.480538401213867,43.59228476138477],[28.445693049041015,43.476363740876955],[28.32809546908496,43.43752630801563],[28.187058481780273,43.450118623689455],[28.03463843783496,43.39190252871875],[27.854167511508024,43.476709050102016],[27.719357383083864,43.476709050102016],[27.584547254659707,43.58455715284135],[27.368851049181057,43.61151917852618],[27.126192818017568,43.85417740968966],[26.721762432745095,43.988987538113825],[26.5728607660635,44.213209927211935],[26.406205210295898,44.15441855044727],[25.549092325774414,43.80730398745899],[25.378106150237304,43.780623994783205],[24.75501540621875,43.93818625064258],[24.62034514865039,43.94390066714649],[24.309523615447265,43.826312623933596],[24.156373056975585,43.812606416658205],[23.638304743376953,43.99007376284961],[23.410887751189453,43.990924440339846],[23.06405738314746,43.906024537996096],[22.94437507113574,43.89540823550586],[22.923110041228515,43.98031576724414],[23.02825644930957,44.12361105533008],[22.870383295623046,44.171390138582034],[22.69400123080371,44.26309164615039],[22.505961451140625,44.34659918399219],[22.440566095916015,44.49529989810352],[22.58481505831836,44.58559759707813],[22.742365870085937,44.58028372378711],[22.691102060881835,44.638717256501955],[22.409525904265625,44.75029715152149],[22.29590133151172,44.691852174714846],[22.199408564177734,44.56434591861133],[22.13289741000293,44.511233888582034],[21.94650939425586,44.618777833894534],[21.858902964202148,44.68122061343555],[21.591851267424804,44.707782350496096],[21.583313974944335,44.79280050845508],[21.47765258273242,44.79280050845508],[21.367487940398437,44.80874975772266],[21.34424880465625,44.88314779849414],[21.424141916838867,44.92547186465625],[21.54576781710742,44.95756109805469],[21.438292536345703,44.99479254336719],[21.355780634490234,45.021442018464846],[21.411772760955078,45.08694418521289],[21.49739364108203,45.14403494449024],[21.466031107512695,45.2080150470293],[21.32853606661914,45.26117666812305],[21.07910636386035,45.324534975007815],[20.758687052336914,45.536456666902346],[20.784533533660156,45.576087556794924],[20.73825934847949,45.629466615632815],[20.772049936858398,45.789630495027346],[20.68108848055957,45.805648408845705],[20.595047983733398,45.912471376375],[20.33922294100879,45.99261053653125],[20.31473449191211,46.131507478669924],[20.39403441866992,46.13075979800586],[20.51258376559375,46.176803194001955],[20.83824828585742,46.19802054019336],[21.00061515292285,46.270274721101565],[21.339722666350585,46.525245271638674],[21.62300399264453,46.90352972598438],[22.05867293795703,47.55636938662891],[22.3200121255791,47.74009283633594],[22.82629683932422,47.86007269473438],[22.933380502144406,47.94048044298115],[23.02892783602832,48.012225709871096],[23.090203318206054,48.05048330874805],[23.300142722834128,48.018262685733674],[23.444392237273437,47.99612387271289],[23.55292037448047,48.044471345857424],[23.983685526458007,47.957503877595705],[24.043796223426902,47.95392466347582],[24.20902798028015,47.94408615108111],[24.326529631069683,48.5085582580484]]]]}},{"type":"Feature","properties":{"name":"Yemen (UK)","subject":"United Kingdom","partOf":"Yemen (UK)","borderPrecision":3,"color":"#739b91"},"geometry":{"type":"MultiPolygon","coordinates":[[[[53.02094939669726,16.65376814456348],[52.894324335662105,16.60995253177051],[52.65216735324023,16.488719545320315],[52.356596979705074,16.233945451692385],[52.23764327487109,16.10025557132129],[52.16285613497851,15.871372781709475],[52.135169062224605,15.687059961274905],[51.95041182955859,15.540526948884768],[51.312563929167965,15.246890626863284],[50.29111770114062,14.958784662202639],[49.71286300143359,14.773288331941409],[49.33384993991015,14.632695756868166],[49.17317870577929,14.498915277437014],[48.9603872629082,14.218897424653811],[48.76460174044726,14.097749315217776],[48.536746058074215,14.046437822297854],[48.270144495574215,14.077626787141604],[48.03616622408984,14.045357309297366],[47.662295374480465,13.847587190583987],[47.36957457980273,13.669052682832522],[46.939394983855465,13.490221582368655],[46.601199183074215,13.400545679048342],[46.079287561980465,13.399416528657717],[45.825903925505855,13.405233941987795],[45.69247725924609,13.347759805635256],[45.51863769015429,13.207596384004397],[45.39597991427539,13.073898874238772],[45.19341567477343,12.93368300052051],[44.963572535124996,12.825172029451174],[44.78880217990039,12.805737100557131],[44.681067499724605,12.824559770540041],[44.44053557833789,12.6397777423418],[44.062747034636715,12.613552652314944],[43.87023393922843,12.657193460689454],[45.555815729705074,15.057752214387698],[46.47456267794726,16.25771292300586],[47.33266738375781,17.279355607942385],[47.50493529757617,17.458270631746096],[47.5233641000664,17.515559755281252],[47.74172118624804,17.61849173159961],[49.81961348971484,18.32320173831348],[51.21339705905078,18.78880461306934],[51.72984984835742,18.94430311770801],[51.80605224093554,18.982875429109377],[51.847502741423824,18.68451651187305],[51.94877150973437,18.399215303376955],[52.220896753874996,17.962440095857424],[52.64049819430468,17.348636232332034],[52.697539362517574,17.234618745759768],[52.69491866549609,17.101180635408205],[52.91244033297656,16.791135393098635],[53.02094939669726,16.65376814456348]]]]}},{"type":"Feature","properties":{"name":"Saudi Arabia","subject":"Saudi Arabia","partOf":"Saudi Arabia","borderPrecision":3,"color":"#739b91"},"geometry":{"type":"MultiPolygon","coordinates":[[[[43.84059050997851,12.663913331941409],[43.56005004366992,12.860278688386721],[43.483645472136715,12.930004678682131],[43.340849909392574,13.12666567416553],[43.30284789523242,13.240954004243655],[43.38397887667773,13.565180383638186],[43.347563776580074,13.851036630586428],[43.20694259127734,14.079471193269534],[43.05326369723437,14.60650786013965],[42.79587844332812,15.470080934480471],[42.763525995818355,15.666981302217287],[42.883879694548824,15.984922014192385],[42.82804778536914,16.321475587800784],[42.81439879855273,16.40412863345508],[42.76366332491992,16.645455919221682],[42.53529265841601,17.07066687198047],[42.206519159880855,17.514735780671877],[42.00944426974414,17.73668058963184],[41.62855819186328,18.047204576448244],[41.39917663058398,18.440644823030276],[41.033022913542965,19.284907899812502],[40.81975844821093,19.68472059817676],[40.69382003268359,19.86870726199512],[40.33634856661914,20.0966869220293],[39.76407912692187,20.406795106843752],[39.52690032443164,20.692212663606448],[39.16673949679492,21.218801103547854],[39.13041213473437,21.650762163118166],[39.10333922824023,22.000165544465823],[39.10219481906054,22.40044554324512],[39.0556021066582,22.571889482454104],[38.91509536227343,22.87021406741504],[38.490122828093746,23.612683855012698],[38.329417261687496,23.8347183093584],[37.98842147311328,24.11356123538379],[37.78184798678515,24.214786134675784],[37.55722335299609,24.2714858874834],[37.41881087741015,24.398265443757815],[37.201453241912105,24.65831335635547],[37.26854232272265,24.96978148074512],[37.21826842745898,25.166631303743166],[37.00525573214648,25.534686647371096],[36.66929534396289,26.016835771516604],[36.312224421111324,26.42269667239551],[35.83107284030078,27.095153413728518],[35.59481337985156,27.513986192659182],[35.43649581393359,27.72965582461719],[35.11159041842578,28.072061143831057],[34.87561706027148,28.09697302432422],[34.76388076266406,28.09674795718555],[34.798899683562496,28.230243287996096],[34.88559249362109,28.357480607942385],[35.02567962130664,28.948632799104494],[35.07210448702929,29.211360536531252],[35.141760859099605,29.203488908723635],[36.076968226042965,29.069091402009768],[36.51570418795703,29.420989595369143],[36.72347167452929,29.695338808015627],[37.28544143160937,29.844649873689455],[37.39369491061328,29.877017579988284],[37.59901336154101,30.043353639558596],[37.94301131686328,30.3692699298418],[37.62904265841601,30.76765402408008],[37.113013300505855,31.361793123201174],[37.40371230563281,31.465066514924807],[38.567351374236324,31.74479254336719],[39.00411513766406,31.86160048098926],[39.1195669504082,31.938474260286135],[39.32646850070117,32.13654287906055],[39.368384394255855,32.11136969180469],[39.876170191374996,31.904658876375002],[40.21699431857226,31.80497320742969],[41.13203338107226,31.384635530427737],[41.64505294283984,31.17160566897754],[42.74318984469531,30.67610128970508],[42.85903457125781,30.58785017581348],[43.039031061736324,30.303056322053713],[43.10237029513476,30.271667085603518],[43.53986266574023,30.2932144031084],[43.60056594332812,30.12843283267383],[43.54749968966601,29.950280748323244],[43.56853393038867,29.58201750369434],[43.62164977511523,29.46798475833301],[43.98733046969531,29.34305342288379],[44.68786147555468,29.029479585603518],[46.509158167449215,28.97005232425098],[47.25528243502734,28.853646837190432],[47.43863967379687,28.829289995149416],[47.589026484099605,28.550696931794924],[47.67212584933398,28.44319113345508],[48.153628382292965,28.42055281253223],[48.44353393038867,28.44023474307422],[48.462683710662105,28.38585051150684],[48.58751204928515,28.093883119539065],[48.751738581267574,27.871879182771487],[48.83184340914843,27.57345350833301],[48.85502150973437,27.52269133181934],[49.13191131075976,27.53597220034961],[49.243506464568355,27.479030214265627],[49.151927027312496,27.37245710940723],[49.23915770968554,27.28848799319629],[49.321604761687496,27.161550126985354],[49.427317652312496,27.131045900300784],[49.532542261687496,27.009526811555666],[49.93138411959765,26.934125505403323],[50.1217642160332,26.737586580232424],[50.09017470797656,26.61149176211719],[49.983958277312496,26.59574469180469],[49.934172663298824,26.48306807132129],[50.07624724825976,26.311841569856448],[49.99197677096484,26.04484137149219],[49.93686202487109,25.95578344912891],[50.01140502413867,25.835229478791994],[50.14689162692187,25.535644136384768],[50.214324030486324,25.588124834016604],[50.38191894015429,25.461173616365237],[50.429209742156246,25.18402250857715],[50.61889556368945,24.870853029207034],[50.606543573943355,24.68021734805469],[50.70592025241015,24.559718690828127],[50.77828124484179,24.470929704622073],[50.90739348849414,24.433082185701174],[50.968333277312496,24.436244569734377],[51.11975005587695,24.398660264924807],[51.58892348727343,23.409576021150393],[51.835452112761715,22.89007719607715],[51.95289901217578,22.484189592317385],[53.466094050017574,22.315116487458987],[54.99007323702929,22.114350877717776],[55.367381128874996,22.065713487581057],[55.63009932955859,22.276885591462893],[55.69875243624804,22.302699647859377],[55.96019652804492,21.891305528596682],[56.03019240817187,21.237395845369143],[53.624358210173824,19.895621858552737],[52.56736663302539,19.34944876284961],[51.80605224093554,18.982875429109377],[51.72984984835742,18.94430311770801],[51.21339705905078,18.78880461306934],[49.81961348971484,18.32320173831348],[47.74172118624804,17.61849173159961],[47.5233641000664,17.515559755281252],[47.50493529757617,17.458270631746096],[47.33266738375781,17.279355607942385],[46.47456267794726,16.25771292300586],[45.555815729705074,15.057752214387698],[43.87023393922843,12.657193460689454],[43.84059050997851,12.663913331941409]]]]}},{"type":"Feature","properties":{"name":"French West Africa","subject":"France","partOf":"French West Africa","borderPrecision":3,"color":"#b47c6f"},"geometry":{"type":"MultiPolygon","coordinates":[[[[-13.693857160004395,12.623442254976077],[-14.729435887726563,12.642758928254885],[-15.199883428009766,12.639972291902346],[-15.427236524018067,12.466991983369631],[-15.656732526215333,12.382990442231936],[-15.989899602326172,12.393737398103518],[-16.358431783112305,12.372482858613772],[-16.56660553494336,12.309811197236819],[-16.570601430329102,12.311540208772463],[-16.695794072541016,12.412958703950686],[-16.772099461945313,12.597077928499026],[-16.725502934845704,12.787829004243655],[-16.768208470734375,13.035399042085452],[-16.77634903469922,13.12452658267383],[-16.775572743805665,13.145343385652346],[-16.013001408966797,13.138881288484377],[-16.013001408966797,13.334065042451662],[-15.943293538483399,13.334065042451662],[-15.789934125336426,13.341035448030276],[-15.706284490021485,13.375890336946291],[-15.594750371369141,13.348006807283205],[-15.462304082306641,13.368918977693362],[-15.40653702298047,13.41074427218799],[-15.399566617401856,13.529248796418948],[-15.364712682160157,13.564102731660647],[-15.301975217255372,13.571074090913577],[-15.232266393097657,13.501365266755862],[-15.127703633698243,13.44559820742969],[-14.967373814972657,13.396802507356448],[-14.946460690888184,13.348006807283205],[-14.883723225983399,13.327093683198733],[-14.786131825836915,13.341035448030276],[-14.667627301605958,13.292239747957034],[-14.5839767126167,13.215560518220705],[-14.388792958649415,13.215560518220705],[-14.305142369660157,13.264356218293948],[-14.1866378454292,13.31315191836719],[-14.06116291561963,13.31315191836719],[-14.01236626187207,13.368918977693362],[-14.005395856293458,13.424686037019534],[-14.075104680451172,13.522278390840334],[-14.165725675019043,13.557132326082034],[-14.256346669586915,13.54319056125049],[-14.388792958649415,13.501365266755862],[-14.437588658722657,13.459539972261233],[-14.549122777375,13.431656442598147],[-14.67459770718457,13.515307031587405],[-14.688539472016114,13.598957620576662],[-14.772189107331055,13.647753320649905],[-14.8488692907417,13.654723726228518],[-14.932519879730958,13.598957620576662],[-14.995257344635743,13.647753320649905],[-15.044053044708985,13.745345674470705],[-15.1137618688667,13.794141374543948],[-15.20438286343457,13.780199609712405],[-15.281062093170899,13.80808313937549],[-15.455333676728028,13.731403909639162],[-15.50412937680127,13.780199609712405],[-15.573838200958985,13.759286485627932],[-15.664459195526856,13.703520379976077],[-15.706284490021485,13.571074090913577],[-16.455103841217774,13.571074090913577],[-16.45826050320508,13.60141047091846],[-16.470890965851563,13.722545228914065],[-16.640429463776368,13.842927537874026],[-16.671059575470704,13.91275843234424],[-16.696700063141602,14.07793291659717],[-16.87041946926953,14.363524995759768],[-17.05006500759961,14.58556231112842],[-17.220538106354493,14.725009523347659],[-17.433180776032227,14.807168565706057],[-17.190234151276368,14.960203729585452],[-16.86476990261914,15.297714792207522],[-16.600319829376954,15.749488435701174],[-16.45005508938672,16.118390642122073],[-16.405699696930665,16.489955507234377],[-16.378804173859375,16.715911470369143],[-16.125475850495118,17.30111464114551],[-16.041072812470215,17.669877611116213],[-15.982691731842774,18.17839964480762],[-16.05569073239209,18.673932634309573],[-16.190651860626954,19.029531084016604],[-16.471602406891602,19.365741334871096],[-16.351309743317383,19.493095003083987],[-16.269598927887696,19.68392141909961],[-16.239567723664063,20.12248571963672],[-16.269036260041016,20.36390646548633],[-16.347281423004883,20.52261694522266],[-16.7108659414375,20.890441499666018],[-16.844500508698243,20.940990053132815],[-17.021292653473633,20.74361380191211],[-17.046217885407227,20.832524858430666],[-17.051907506378907,21.004098497346682],[-17.016083684357422,21.314147554353518],[-16.80259415188672,21.30827673526172],[-14.528037038239258,21.28340681643848],[-13.449706998261231,21.276986680940432],[-13.120129552277344,21.291616044954104],[-13.024399724396485,21.279456697419924],[-13.047333684357422,21.775199495271487],[-13.120932546051758,22.46771963687305],[-13.116560902985352,22.78560408206348],[-13.00448509732129,22.957912050203127],[-12.74580475369336,23.15013464541797],[-12.41909405270459,23.291894517854494],[-12.05500599423291,23.421145997957034],[-11.990525212677735,23.478738389924807],[-11.946144071015137,24.64873655887012],[-11.916973217912457,25.587128121941785],[-11.914518323334473,25.66609915347461],[-11.893217053803223,25.895093522981448],[-11.642722096833008,25.92831953616504],[-8.94025227108838,25.918521486238284],[-8.688412633332032,25.913617692903323],[-8.641704526337403,26.091888032869143],[-8.642788854035157,26.38431318850879],[-8.629150357636231,27.172677598909182],[-7.356015172394532,26.493445955232424],[-5.501980748566407,25.404409013704104],[-4.865763631256836,24.99489554019336],[-4.820767846497315,24.957021318391604],[-4.41793438473584,24.71780737491016],[-3.493602719696778,24.112920366243166],[-3.128720965775269,23.85441740603809],[-1.651156630905884,22.845944963411135],[-0.785382893475312,22.27890356631641],[-0.203663793,21.90792044253711],[-0.024857786091584,21.793889604524416],[1.087368759719116,21.132964693025393],[1.168653044310791,21.01901777835254],[1.125669869986755,20.840791307405276],[1.162768635359985,20.75838430972461],[1.339277062026245,20.632279954866213],[1.839478764144165,20.16483648867969],[1.942003759947998,20.152721010164065],[2.153720173445922,20.29379614444141],[2.418141159621459,20.04110487552051],[2.586695704070312,19.965804658845705],[2.923301491347534,19.95505865664844],[3.062428745833618,19.90502317996387],[3.187091860381347,19.746856294587893],[3.231395992842895,19.511931978181643],[3.158903154937011,19.206403337434573],[3.225168737975341,18.952552400544924],[4.203835520354492,19.136262498811526],[4.956541094390136,19.280494295076174],[5.775469336119873,19.44418676944141],[7.16313079318164,20.621804796174807],[7.538447889891845,20.91636236758594],[8.577075991240722,21.57072599978809],[9.300307306853515,22.00077971072559],[11.105685267058593,23.00913008304004],[11.839897188750488,23.38837393374805],[11.959014925566894,23.471690736726565],[12.33359149417041,23.410310350374026],[13.073791536895019,23.21123083682422],[13.527384790984375,23.06133421512012],[13.64361003359912,22.97939261050586],[14.180097612944824,22.569409929231448],[14.28438666781543,22.63992651553516],[14.967711481658203,22.968030534700198],[15.131394419280273,22.002967439607424],[15.207608255950195,21.418717943147463],[15.39631942233203,20.955875001863284],[15.64554217776416,20.59508093448047],[15.96227744540332,20.323638521150393],[15.787386927214843,19.998500429109377],[15.668408426848632,19.552930437043948],[15.592863115874511,19.063123308137698],[15.555137667266113,18.618026338533205],[15.565241846648437,18.376576982454104],[15.537596735564453,18.05864866824512],[15.529364618865234,17.588288865999026],[15.513874086943847,17.098826967195315],[15.488629374114257,16.888942323640627],[14.395339998809082,15.713093362764162],[14.129488024321777,15.361960969880862],[13.737988504973632,14.76222189517383],[13.480414423552734,14.404780946687502],[13.477517160979492,14.099687181428713],[13.532556566802246,13.775870881990237],[13.538728746978027,13.65514525027637],[13.111010584441406,13.639914117769045],[12.91461947878955,13.54977186770801],[12.710701975432617,13.41509398074512],[12.368020090666992,13.101637445405764],[12.251965555754882,13.075524888948244],[11.977351221648437,13.169245325044436],[11.6519270273125,13.256302438691897],[11.254082712737304,13.35564287753467],[11.015111002532226,13.373303972200198],[10.696224245635253,13.35234984012012],[10.41347030123828,13.306189142183108],[10.065204653350097,13.177013956025881],[9.883564982024414,13.029757104829592],[9.600526842681152,12.85011252017383],[9.477362665740234,12.823958002046389],[9.05742076357959,12.821483217195315],[8.623278650847656,12.946039758638186],[8.095267328826171,13.279785715059084],[7.93595794161914,13.316985689119143],[7.725798163024169,13.264895044282717],[7.124393972960693,13.019807420686526],[6.957831892577392,13.018824182466311],[6.863709482756835,13.062759958223147],[6.371185812560302,13.612828813508791],[6.001542601195556,13.737772546724123],[5.501391443816406,13.792027078584475],[4.973104986754638,13.743401132539553],[4.49414304217456,13.658960901216311],[4.190213236418945,13.479182802156252],[3.880918535796386,12.752751909211916],[3.722414288130981,12.53569944949512],[3.65143588503955,12.153905473665041],[3.609702620116455,11.721436105684084],[3.58218506297229,11.371672235444827],[3.655866179076416,11.028882585481448],[3.830611738768798,10.705737672761721],[3.687989744750244,10.272669397310061],[3.60247519930957,10.01791151614551],[3.502051386443359,9.883828721956057],[3.207026037780029,9.697748743013186],[3.164518389312011,9.544946275666994],[3.216438803282959,9.27829035373096],[3.181242975798828,9.112820230439944],[2.986765417662841,9.054456315950198],[2.871398243514282,9.041069589570803],[2.764204535094482,8.862454019502444],[2.765179190245849,8.690830789521975],[2.766424927321655,8.474729143098635],[2.761507067290527,8.08060797305469],[2.720886740294677,7.635426603273196],[2.818459066954834,6.987648092225832],[2.764097485152465,6.453394971803469],[2.766808065978271,6.348114095643801],[2.616754564849121,6.341382108644289],[2.06209639033435,6.276640497163577],[1.761008772460205,6.25322588534717],[1.71328857859729,6.345457158998293],[1.580373677817565,6.827750764802737],[1.664667639342529,7.146069131807131],[1.676584872809631,7.521169267610354],[1.660559687224609,7.762609086946291],[1.599977883902771,8.200846277192873],[1.597421679106933,8.588557802156252],[1.581457290259582,8.82364710421924],[1.586962136832458,9.084294877961916],[1.388256702033264,9.674260698274416],[1.314003500548584,9.98528441043262],[1.132534298506958,10.130397401765627],[0.922230991927368,10.262642465547366],[0.841578874198181,10.440143190339846],[0.904740843383056,10.707485757783694],[0.925124201384765,10.89829596133594],[0.794938656893951,10.91659601779346],[0.519817087260467,10.99123915286426],[0.064007225838882,11.06482370944385],[-0.203663793,11.118248544648928],[-0.276196938546914,11.132726274446291],[-0.715342905911225,10.926718316987795],[-1.3584569362724,10.929268442109866],[-1.748805251511353,10.946021638826174],[-2.702452149781006,10.927663408235354],[-2.824560847672242,10.857015214875979],[-2.880775657089966,10.704125009492678],[-2.763593402298707,9.833983980134768],[-2.754559722336548,9.649703584626955],[-2.84040662327649,9.572915636018557],[-2.760339703949708,9.503463350251955],[-2.675332274826783,8.925526224092287],[-2.524905887039917,8.278059564546389],[-2.61610766926648,8.01055296512012],[-2.850347009094971,7.627775274232668],[-3.046638694199341,7.054519735292239],[-3.193603482636231,6.602344594911379],[-3.147372689636963,6.284790121034426],[-3.02900525608899,5.948604188875002],[-2.779437985810059,5.428851686433596],[-2.749738898667115,5.095558248475832],[-2.803544488343018,5.185831151918215],[-2.93351956883313,5.274515233949465],[-3.027103391083497,5.267953000978274],[-3.091446128281373,5.159785829500002],[-3.134569135102051,5.140627466157717],[-3.350640025528687,5.152871690706057],[-3.667796101959961,5.228444181398196],[-3.941593614014405,5.265976034120364],[-4.999971356781739,5.238270841554446],[-5.575433698090333,5.12899550052051],[-5.834145512970704,5.039471231416506],[-6.315529790314454,4.873208127931399],[-7.097943749817627,4.522013746217532],[-7.413408246430176,4.330689035371584],[-7.528605428131836,4.336791597322268],[-7.562493291291016,4.351184450105471],[-7.544343915375489,4.764880262330813],[-7.49697777310254,5.019421182588381],[-7.38611122647168,5.401477418855471],[-7.359638657959717,5.6050458774126],[-7.418688741120118,5.731824003175539],[-7.987430539520997,6.332314096406741],[-8.253718343170899,6.318020425752444],[-8.419904675873536,6.361527524904055],[-8.507345166596192,6.44365032763843],[-8.52998444119336,6.526147447541994],[-8.304373708161133,6.915244184449953],[-8.27805229702832,7.112447343782229],[-8.331662145050782,7.360040269807619],[-8.303831067475098,7.43648537249927],[-8.456479993256348,7.537284933046145],[-8.608395543488282,7.580879770234866],[-8.672761884125489,7.542353712037844],[-9.013156857880372,7.127157293275637],[-9.157417264374512,7.139007650331301],[-9.339502301605958,7.284133039430422],[-9.463983502777833,7.429587923005862],[-9.44409748593213,7.556841932252688],[-9.448134389313477,7.84922369571094],[-9.547224011811036,8.23003538699512],[-9.621689763458985,8.394863687471194],[-9.77374836483838,8.438459001497073],[-10.011415448578614,8.417980752900881],[-10.176320996674317,8.353431306794924],[-10.290082898529786,8.244700990632815],[-10.37703033963086,8.075611673311037],[-10.493861165436524,8.370627962068362],[-10.56814476529004,8.986781679109377],[-10.681730237396973,9.32936056704883],[-10.895475354584473,9.60779245944385],[-11.100670781525391,9.797275148347659],[-11.290036168488282,9.897864900544924],[-11.49968716183545,9.91569098086719],[-12.011103597077149,9.849096857026858],[-12.278503384979981,9.866579614595217],[-12.38555141964795,9.796022973970217],[-12.674679723175782,9.406540475801272],[-13.164252248200196,8.850765787080569],[-13.141406979950684,9.027148805574221],[-13.281672444733399,9.274683557466311],[-13.625553098114747,9.623440347627444],[-13.680051770600098,9.915645204500002],[-14.058002438935059,10.080054841951174],[-14.466443028839844,10.333368860200686],[-14.591384854706543,10.466548524812502],[-14.550901379975098,10.644569002107424],[-14.574861493500489,10.784330926851077],[-14.820922818573731,10.8028579577959],[-14.966219869049805,10.847027383760256],[-15.01801106015088,10.916822038606448],[-14.991490331085938,11.056686960176272],[-15.008295026215333,11.101744256929202],[-14.863874402436036,11.268847070649905],[-14.50885578671338,11.55701120944385],[-14.337188687714356,11.640667520479006],[-14.156576123627442,11.648089967683596],[-13.925490346344727,11.662176691011233],[-13.77546783963086,11.745701394990725],[-13.691763844879883,11.886055551484866],[-13.743656125458497,12.267163835481448],[-13.693857160004395,12.623442254976077]]]]}},{"type":"Feature","properties":{"name":"French Equatorial Africa","subject":"France","partOf":"French Equatorial Africa","borderPrecision":3,"color":"#b47c6f"},"geometry":{"type":"MultiPolygon","coordinates":[[[[11.2381086679375,2.27685459704761],[11.633699450103027,2.234717927888674],[12.431829485503417,2.194967828706545],[12.80571177920459,2.178124748185915],[13.266093287078125,2.110948883012576],[13.087390932646972,1.900124751046938],[13.053025278655273,1.594820462182803],[13.083634409514648,1.264476381257815],[13.149001154509765,1.150443278268618],[13.357497248259765,1.138979755357546],[13.780249628630859,1.363963447526736],[14.046345743743164,1.333766542390627],[14.212493929473144,1.188565216974062],[14.387484583464843,0.782791636899752],[14.345419916716796,0.623639725164217],[14.095264467803222,0.425096087173266],[13.873765024749023,0.245796792224688],[13.80286696871875,0.118257023409647],[13.793376001921875,-0.016971983],[13.789923700896484,-0.066157456471878],[13.849003824797851,-0.262862242742735],[13.957955393401367,-0.402054913326459],[14.195923838225585,-0.495983369632917],[14.368729624358398,-0.533085502668577],[14.44108775576709,-0.589869894071775],[14.492750200835449,-0.742119111105161],[14.389385256377441,-1.21310380844708],[14.330375704375488,-1.766477026029783],[14.220809969512207,-2.256581939741331],[14.13813022097705,-2.562185443922239],[14.023719820586425,-2.613723911329465],[13.886748346892578,-2.582752622648435],[13.821443590728027,-2.532286562010007],[13.746529612151367,-2.272113479658323],[13.615854296294433,-2.158479370161253],[13.45296290835498,-2.375564970060545],[13.36788276156543,-2.477779306455808],[13.238566431609375,-2.484903492017942],[13.065004381743652,-2.396950401350217],[12.882662806121093,-2.162845052763181],[12.729373011199218,-1.947637714430051],[12.64244273623584,-1.884578861280637],[12.534771952239257,-1.897933281942564],[12.45657733401416,-1.981039442106443],[12.38145640811084,-2.343813575788694],[12.325015101042968,-2.439488090559202],[12.053077730742675,-2.549169220014768],[11.644035372344238,-2.615166820570188],[11.587018999663574,-2.660012401624876],[11.560823473540527,-2.882641710325437],[11.613103899565917,-3.047604240461546],[11.788514170256835,-3.281754411741453],[11.912161860076171,-3.395432390257078],[11.93541911563037,-3.52878300099011],[11.781124147979003,-3.834817327543455],[11.419734034148437,-3.697127498670774],[11.234045061675292,-3.799938596769529],[11.151153597441894,-3.932286657377439],[11.134011301604492,-3.91559473423596],[10.880460772124511,-3.693730272337156],[10.641218218413574,-3.446424879118162],[10.524656328765136,-3.236963666959959],[9.931443247405273,-2.710815109296995],[10.06008246859668,-2.570729650541502],[9.893924746123535,-2.443995393797117],[9.656445536223632,-2.419099487348753],[9.243190798369628,-1.771810568853574],[9.415137323943359,-1.637990154310422],[9.465267214385253,-1.593399681135374],[9.320650133696777,-1.415781296774107],[9.111855539885742,-1.352692641302305],[8.981377634612304,-1.098785199209409],[8.81520942172168,-0.895802535101133],[8.958716425505859,-0.819237269445615],[9.202508005706054,-0.634416438623624],[9.302547487822753,-0.456271924062925],[9.433660540190917,-0.016971983],[9.473350557891113,0.116013906911654],[9.66036323031543,0.08463979514007],[9.883252176848632,0.078766025618357],[9.854229006377441,0.174033097938342],[9.602188143340332,0.332348339275164],[9.350058588591796,0.535152576879305],[9.44347861727832,0.554414831117434],[9.565582308379394,0.611869774774355],[9.628979715911132,0.889529608205599],[10.002586397734863,0.909247420743746],[10.419461283293945,0.905371807531161],[10.980116877166015,0.895995877698702],[11.238758120146972,0.910244964078707],[11.238287958708984,0.980162166074557],[11.229525599089843,1.228009186700625],[11.217659983245117,2.05425675959949],[11.2381086679375,2.27685459704761]]],[[[15.982544931975585,2.330517135576052],[15.895121607390625,2.692308746293826],[15.671300921050292,3.053268753007693],[15.123709711638671,3.609356723741335],[15.073161158171875,3.755255065873904],[15.044041666594726,4.111025415376467],[14.849661860076171,4.383181653932375],[14.669760737029296,4.680842481569094],[14.57628825625537,4.947243295625491],[14.453518900481445,5.480437360719485],[14.402967485991699,5.829723916963381],[14.431731257048828,6.020577035859866],[14.49652865847705,6.109944902375979],[14.734201464263183,6.289334379152102],[14.914376291838867,6.519220910981936],[15.304347071257812,7.303332410768313],[15.463161501494628,7.450469099000735],[15.556958231536132,7.501873098329348],[15.463439020720703,7.583939634279055],[15.291549715605957,8.059619508699221],[15.004431757537109,8.540975175813479],[14.400074038115722,9.07129343600635],[13.910858187285644,9.551455102876467],[14.056006464568359,9.793832384065432],[14.186445269194824,9.934441171602053],[14.294907602874023,9.979571901277346],[14.511344942656738,9.942727647737307],[15.045208010283691,9.856906496003909],[15.348471674529296,9.871409021333498],[15.449829134551269,9.935572229341311],[15.42845061740039,9.992654405549807],[15.335136446562988,10.08743342013721],[15.16351035555957,10.372434221223635],[15.071205172148925,10.632476411775393],[14.995400461760742,11.18498858065967],[15.055362734404785,11.477711282686037],[15.00175384005664,12.017644487336916],[14.82423976382373,12.41700991244678],[14.409240755645019,12.973859392122073],[14.315442118254882,13.011446557954592],[14.033436808196289,13.060618959382815],[13.875680002776367,13.244003854707522],[13.616890940276367,13.477647386506838],[13.538728746978027,13.65514525027637],[13.532556566802246,13.775870881990237],[13.477517160979492,14.099687181428713],[13.480414423552734,14.404780946687502],[13.737988504973632,14.76222189517383],[14.129488024321777,15.361960969880862],[14.395339998809082,15.713093362764162],[15.488629374114257,16.888942323640627],[15.513874086943847,17.098826967195315],[15.529364618865234,17.588288865999026],[15.537596735564453,18.05864866824512],[15.565241846648437,18.376576982454104],[15.555137667266113,18.618026338533205],[15.592863115874511,19.063123308137698],[15.668408426848632,19.552930437043948],[15.787386927214843,19.998500429109377],[15.96227744540332,20.323638521150393],[15.64554217776416,20.59508093448047],[15.39631942233203,20.955875001863284],[15.207608255950195,21.418717943147463],[15.131394419280273,22.002967439607424],[14.967711481658203,22.968030534700198],[15.785828623381835,23.35409887881641],[15.97051719149707,23.38058813662891],[18.324734720793945,22.23128279300098],[20.548014673796875,21.16387327762012],[23.057890925017578,19.90755232425098],[23.949723276702148,19.47427710147266],[23.94083503207324,19.003964982942385],[23.93393615206836,18.57816084475879],[23.917330774871093,18.292085252717776],[23.9555101724541,17.167478166536135],[23.93839362582324,16.830562196687502],[23.95474341830371,16.379447542146487],[23.968827280608398,15.826636873201174],[23.95093825778125,15.69943007083301],[23.57317260226367,15.703569017366213],[23.013073954192382,15.681200586274905],[22.909775766936523,15.617037378267092],[22.722136530486328,15.056673608735842],[22.4599047037041,14.692884050325198],[22.404845270720703,14.495547853425784],[22.463698420134765,14.190841279939455],[22.396458658782226,14.095108591035647],[22.073573145476562,13.90254458041553],[22.049708399382812,13.794365488008303],[22.20341971835254,13.496561609224123],[22.16431716403125,13.343803964570803],[21.920403513518554,13.075436197236819],[21.778044733611328,12.80131109805469],[21.87671950778125,12.6430097446001],[22.109034571257812,12.682509027437014],[22.26095679720996,12.677052102998537],[22.324366602507812,12.575745187715334],[22.423705134001953,12.023399911836428],[22.485079798308593,11.788608156160159],[22.555325541106445,11.655555330232424],[22.754965815154296,11.472437463716311],[22.874703440276367,11.263401590303225],[22.88672164401172,11.098231874421877],[22.818951639739257,10.907167993501467],[23.422722849456054,10.154428087190432],[23.578520807830078,9.9074779376543],[23.6336164804375,9.666291795686526],[23.446473154631835,9.004177652314944],[23.450902018157226,8.705489717439455],[23.52215865573047,8.610577188447756],[23.88284972628711,8.619072519258303],[24.00546363314746,8.619802080110354],[24.09869101962207,8.563150011018557],[24.21204665621875,8.341372095063967],[24.31209090670703,8.240274034456057],[24.670792612639648,8.039018236116213],[25.030308756438476,7.933093152955813],[25.188126597014648,7.845050416902346],[25.287985834685546,7.724888883546633],[25.221285852996093,7.508388124421877],[25.299120936003906,7.330889783815188],[25.499640497771484,7.173185430482668],[25.75049880465625,7.003076635316653],[26.07319930514453,6.807962022737307],[26.16628364047168,6.732233606294436],[26.25871947726367,6.567537866548342],[26.285311731902343,6.243543706849856],[26.413655314055664,6.047280393556399],[26.57865050753711,5.946555696443362],[26.945387873259765,5.872465692476077],[27.196070704070312,5.65785463900928],[27.267125162688476,5.499388299897952],[27.229491266814453,5.194083295778078],[27.243727717009765,5.16238173098926],[27.020283732024414,5.097489915803713],[26.587632212249023,4.942377649263186],[26.443781885710937,4.954240880922121],[26.314650568572265,5.029738031343264],[26.005698237029296,5.148670755342287],[25.48817733248828,5.310847364381594],[25.30797484835742,5.252572141603274],[25.27098754366992,5.00447329135303],[25.212754282561523,4.896072946504397],[25.097445520964843,4.86996229739551],[24.917609247771484,4.881601892427248],[24.529561075774414,4.974636159852786],[24.2630052896416,4.928563199952883],[23.844685587493164,4.760818563417239],[23.426285776702148,4.542230211213869],[23.303935083953125,4.535150609926028],[23.05279830416797,4.692555986360354],[22.880425486174804,4.761445604280276],[22.721734079924804,4.677875600770754],[22.417393717375976,4.065897546724123],[22.338086161223632,3.995504461244387],[22.072003397551757,4.025701604799075],[21.202136072722656,4.255694471315188],[20.56206229647754,4.340873323396487],[20.33220389804004,4.485701166108889],[20.260552439299804,4.593327604249758],[20.109980616179687,4.770393453553957],[19.772501978484375,5.003559671357912],[19.57827094515918,5.078677259401125],[19.362330469695312,5.05196913333301],[19.124541315642578,4.917083822206301],[18.965806040374023,4.763597570375246],[18.61234191378711,4.322929941133303],[18.568999323455078,4.189193330720705],[18.611979517546875,3.986060224489016],[18.604689631072265,3.827105604127688],[18.575900110808593,3.559985004380984],[18.503987345305664,3.534127317384524],[18.16603377780078,3.404995046571536],[17.763278040496093,3.447087131456179],[17.48276618441699,3.508984647706789],[17.317334208098632,3.533427558854861],[16.87870696505664,3.454540334657473],[16.66301444491504,3.408767782167239],[16.54810050448535,3.306388221696658],[16.448622736541015,2.72737892718677],[16.377408060637695,2.491769634202761],[16.21280578097461,2.268321357682986],[16.076737436858398,2.127680860475344],[15.982544931975585,2.330517135576052]]]]}},{"type":"Feature","properties":{"name":"Spanish Sahara","subject":"Spain","partOf":"Spanish Sahara","borderPrecision":3,"color":"#b69578"},"geometry":{"type":"MultiPolygon","coordinates":[[[[-14.671170871760827,25.595958649178414],[-14.660057988556641,25.6356273517168],[-14.36725422421338,26.119227968171877],[-14.187764134796875,26.27212866397266],[-14.005799260529297,26.361482225374026],[-13.628725018891114,26.591056428865237],[-13.466317143830079,26.813827119783205],[-13.316015210541504,27.163680635408205],[-13.123640027436036,27.546344362214846],[-12.388050046356934,27.564267717317385],[-11.258037534149903,27.564410768464846],[-10.05367943325879,27.56499060244922],[-9.280450787934083,27.56308516116504],[-8.641209569367188,27.566762529329104],[-8.629150357636231,27.172677598909182],[-8.642788854035157,26.38431318850879],[-8.641704526337403,26.091888032869143],[-8.688412633332032,25.913617692903323],[-8.94025227108838,25.918521486238284],[-11.642722096833008,25.92831953616504],[-11.893217053803223,25.895093522981448],[-11.914518323334473,25.66609915347461],[-11.916973217912457,25.587128121941785],[-14.671170871760827,25.595958649178414]]]]}},{"type":"Feature","properties":{"name":"Rio De Oro","subject":"Spain","partOf":"Rio De Oro","borderPrecision":3,"color":"#b69578"},"geometry":{"type":"MultiPolygon","coordinates":[[[[-17.016083684357422,21.314147554353518],[-16.98365112820508,21.59526976199512],[-16.806021657379883,21.989650331453127],[-16.571900334748047,22.238000474885744],[-16.352530446442383,22.492660127595705],[-16.24251457730176,22.721679292634768],[-15.714025464447754,23.873057924226565],[-15.607041325958985,23.981320939973635],[-14.975213017853516,24.510123811677737],[-14.820046391876954,24.73287733645801],[-14.797224011811036,25.1459976062334],[-14.671170871760827,25.595958649178414],[-11.916973217912457,25.587128121941785],[-11.946144071015137,24.64873655887012],[-11.990525212677735,23.478738389924807],[-12.05500599423291,23.421145997957034],[-12.41909405270459,23.291894517854494],[-12.74580475369336,23.15013464541797],[-13.00448509732129,22.957912050203127],[-13.116560902985352,22.78560408206348],[-13.120932546051758,22.46771963687305],[-13.047333684357422,21.775199495271487],[-13.024399724396485,21.279456697419924],[-13.120129552277344,21.291616044954104],[-13.449706998261231,21.276986680940432],[-14.528037038239258,21.28340681643848],[-16.80259415188672,21.30827673526172],[-17.016083684357422,21.314147554353518]]]]}},{"type":"Feature","properties":{"name":"Xinjiang","subject":"Xinjiang","partOf":"Xinjiang","borderPrecision":3,"color":"#739b91"},"geometry":{"type":"MultiPolygon","coordinates":[[[[96.33866025508883,42.78884234223151],[95.96662584636492,42.51575268180888],[96.09402888609944,41.997127116158495],[95.32961064769245,41.54579371770068],[95.10665532815707,41.85494388977917],[94.15113253014836,41.402607955643425],[93.73707265101123,40.60943993873609],[93.00450517253789,40.585255611586604],[92.39934073379902,38.994567356782895],[90.1060860185781,38.4728141468336],[91.34826565598944,37.088337324540916],[90.8068027371178,36.80833928796445],[91.25271337618855,36.11672049090093],[89.56634295279785,36.05746181310546],[89.68372078291482,36.08609160656327],[89.56933963191477,36.14824930590877],[89.51380204996416,36.17842987579359],[88.52206235539614,36.50017951780404],[86.24796657894365,36.158577147950666],[86.14060583413259,35.85601504893767],[85.29040653530996,35.76100463964198],[85.04830047176331,35.75475821716659],[84.45554080650486,35.55380669735774],[84.4790941706873,35.49629917158538],[84.09831478307095,35.355551851087746],[84.08653810097974,35.40356152035473],[83.89026006612593,35.413160025655664],[83.894185626823,35.36835722268628],[83.5526618461774,35.33633998592126],[83.52125736060081,35.39716188179652],[83.15919498239413,35.38076645509092],[82.58687285875473,35.749077741967945],[81.69217848547466,35.257227884756894],[80.4470681468025,35.424481512339725],[79.83720520687247,34.50647205116811],[78.80669692477343,34.19973715396289],[78.70733931979296,34.31565435977344],[78.5086164804375,34.497813783601565],[78.14430526217578,34.5474925860918],[78.04494765719531,34.77933081241016],[77.84622481783984,35.24300345034961],[77.84622481783984,35.47484167666797],[77.62022689303515,35.406436525300784],[77.55409530123828,35.46328695865039],[77.41709426364062,35.513377748445315],[76.81541732272265,35.560428224519534],[76.56105330905078,35.75654562564258],[76.48086074313281,35.79707296939258],[76.4339094491875,35.886485658601565],[76.326365503875,35.886485658601565],[76.0923338266289,35.79842337222461],[75.97902205905078,35.92497595401172],[75.88974288424609,36.023238740876955],[75.75437453707812,36.05480154605274],[75.8946028085625,36.2869945392168],[75.89146712741015,36.512496553376955],[75.79564956149218,36.62358816714649],[75.62776473483203,36.76897390933399],[75.34684279879687,36.76508291812305],[75.21973708590625,36.707198701814455],[75.21800521334765,36.91244467349414],[74.96863082369921,36.96506842227344],[74.83580306491015,36.98612555117969],[74.70906356295703,36.89139135928516],[74.66170791110156,36.94174536319141],[74.52053359469531,37.004581056550784],[74.49906447848437,37.044025026277346],[74.39273360690234,37.04928930850391],[74.38844588717578,37.17035635562305],[74.64683059176562,37.14403494449024],[74.73327163180468,37.20940359683399],[74.89278701266406,37.27037771792774],[74.92869094332812,37.382327638582034],[75.01015761813281,37.465518556550784],[74.92007735690234,37.53887899966602],[74.98836806735156,37.70091971011524],[74.87815383395312,37.80742605777149],[74.93470290621875,37.99982412906055],[74.91275313815234,38.054950319246096],[74.84434035739062,38.060218416169924],[74.83175948580859,38.17083700747852],[74.83551314791796,38.29854544253711],[74.70292190035937,38.520709596589846],[74.57975295504687,38.59007986636524],[74.26817611178515,38.60747107119922],[74.16916945895312,38.63442572207813],[74.066599878875,38.56176718325977],[73.85831740817187,38.541507326082034],[73.71202376803515,38.718734346345705],[73.67699721774218,38.85573538394336],[73.77017501315234,38.95586737246875],[73.75992873629687,39.42010458560352],[73.76455977877734,39.45107992740039],[73.8270750375664,39.78373297305469],[73.88494399508593,39.87966116519336],[74.00865462741015,39.963199220613284],[74.64844802340625,40.27984579654102],[75.42999556979296,40.6102367267168],[75.59170058688281,40.62392386050586],[75.61860946139453,40.59209021182422],[75.70093062838671,40.336776338533205],[75.85559371432421,40.31206091494922],[76.08359816989062,40.37723883242969],[76.481638941375,40.43697317691211],[76.60212996920703,40.54634817691211],[76.81067183932421,40.89929159732227],[77.02039626559375,41.11162146182422],[77.12774184664843,41.12502249331836],[77.68919661959765,41.01930197329883],[77.8960676523125,41.026839815095705],[78.11065200289843,41.07281073184375],[78.40125564059375,41.22801550479297],[78.68826583346484,41.543319307283205],[78.87063125094531,41.67883261294727],[79.0710935922539,41.743976198152346],[79.67309096774218,41.90105017276172],[80.10927871188281,41.99955328555469],[80.25599196871875,42.08367117495899],[80.27875045260546,42.154300294832034],[80.26470473727343,42.241439424470705],[80.20231154879687,42.628402315095705],[80.21090224703906,42.80807837100391],[80.35506728610156,42.988544069246096],[80.67250350436328,43.23421820254688],[80.77205947360156,43.382457338289065],[80.71861556491015,43.5941234454668],[80.58789351901171,43.792586885408205],[80.43285659274218,44.07457312198047],[80.41951278170703,44.68553503604297],[80.20167830905078,44.74871405215625],[80.03676131686328,44.72207602115039],[79.93243697604296,44.8051830157793],[79.96291640719531,44.90189703555469],[80.0599851938164,45.03777273745899],[80.23662856539843,45.12263449283008],[81.04586318453906,45.236793123201174],[81.53267196139453,45.32986029239063],[81.69031051119921,45.35655935855274],[81.91517165621875,45.273807130769534],[82.42505935153125,45.16678198428516],[82.60192397555468,45.20002707095508],[82.70616439303515,45.26516302676563],[82.77654555758593,45.375362001375],[82.71966842135546,45.504283510164065],[82.4398908945,45.735477052644534],[82.50125411471484,45.92336996646289],[82.62998488864062,46.19588430972461],[82.82747939547656,46.55318411441211],[83.05951980075,47.066669069246096],[83.25171187838671,47.29487570376758],[83.74472335299609,47.180675111726565],[84.06906417330859,47.11751516909961],[84.33619216403125,47.05407675357227],[84.96707442721484,47.01854284854297],[85.29040816744921,47.04623755069141],[85.47764876803515,47.092662416414065],[85.67801192721484,47.26895102115039],[85.74855330905078,47.44462164492969],[85.65256789645312,47.76246603579883],[85.60924819430468,48.1003375873125],[85.76193526705859,48.36144980044727],[85.9544172616875,48.486182771638674],[86.49448684176562,48.52814444156055],[86.6243391366875,48.554881654695315],[86.76208785494921,48.653323732332034],[86.77767470797656,48.8684154376543],[86.78273299655078,48.99230536075],[86.90806106051562,49.110362611726565],[87.15221694430468,49.17686804385547],[87.39988234957812,49.19203146548633],[87.50229934176562,49.19830282779102],[87.75841811617968,49.19966848941211],[87.86840346774218,49.232886873201174],[87.89636519869921,49.167804323152346],[87.95492080172656,48.985511384919924],[88.06297591647265,48.7319408282793],[88.22992232760546,48.53742178531055],[88.81551650485156,48.202090822175784],[89.19093612155078,48.015452943757815],[89.46732619723437,47.98443564029102],[89.796336207,47.909522615388674],[90,47.844684205964846],[90,47.78054388614063],[90,47.50257834048633],[90,46.84983404727344],[91.1582517953789,46.55270727725391],[91.06154159030078,46.35141333194141],[90,46.01429709048633],[90,45.83915289492969],[90,45.68309362979297],[90,45.62484320254688],[90,45.43126257510547],[90,45.328494630769534],[91.15474990328906,45.188216768220705],[91.63235000094531,45.106883607820315],[92.30939010104296,45.097640596345705],[92.75745681246875,45.08071096988086],[93.05795577487109,45.04362066836719],[93.50710586032031,44.942916475251955],[93.79153731783984,44.82220038028125],[94.53164199313281,44.4596019610918],[94.90885451754687,44.320209108308596],[95.24398330172656,44.27702673526172],[95.2910642953789,44.03305395694141],[95.99814895114062,43.06096228213672],[96.20859054049609,42.863257966951174],[96.33866025508883,42.78884234223151]]]]}},{"type":"Feature","properties":{"name":"Czechoslovakia","subject":"Czechoslovakia","partOf":"Czechoslovakia","borderPrecision":3,"color":"#739b91"},"geometry":{"type":"MultiPolygon","coordinates":[[[[15.088449081637496,50.69037636779058],[16.27835841387861,50.533276081851405],[16.204402002898437,50.46324881167774],[16.26185102426863,50.43737701241594],[16.26185102426863,49.774428799477555],[16.558950955640654,49.769242935768744],[17.03270490026091,49.748493931917245],[17.2133737774466,49.61601025595441],[18.02036142887601,49.60300222655505],[18.08459925187537,49.75886954367997],[18.30418211858397,49.954662482015756],[18.35336476885451,49.88196584862832],[18.550051099840072,49.47640454293663],[18.980960470066556,49.481123198318805],[18.986033472625,49.44375189395313],[19.17931273898242,49.46532019229297],[19.261565241423828,49.573184572175784],[19.348418268767578,49.566173158601565],[19.376227411833984,49.616344057039065],[19.49343970736621,49.627120576814455],[19.58110526522754,49.519244752839846],[19.613717112151367,49.443255983308596],[19.762906107512695,49.45453604312305],[19.792792353240234,49.3736644610918],[19.780903849211914,49.33592947574024],[19.782160791960937,49.244300447419924],[19.957100901213867,49.28203543277149],[20.038085016814453,49.22814138980274],[20.105381998625976,49.288863740876955],[20.152379068938476,49.36827810855274],[20.403084787932617,49.45992621035938],[20.478842768279296,49.43480261416797],[20.696087870208007,49.45559271426563],[20.903170618621093,49.34132345767383],[21.071120295134765,49.422183595613284],[21.10421088656543,49.48392065616016],[21.33275321444629,49.465518556550784],[21.585009607878906,49.49957998843555],[21.642890009490234,49.44101294131641],[21.95915893038867,49.357493959382815],[22.005814585295898,49.26047094912891],[22.196431192961914,49.215037904695315],[22.24723492656511,49.19488585203009],[22.29045807518381,49.17774075056719],[22.37590804246484,49.01079471358621],[22.756095638914953,49.01079471358621],[22.92890818275591,48.751575897824765],[23.274533270437832,48.630607117136094],[23.32637703359012,48.786138406592954],[23.63743961250385,48.61332586275199],[23.63743961250385,48.47507582767923],[23.77568964757662,48.509638336447416],[23.8620959194971,48.31954453822236],[23.965783445801677,48.354107046990556],[24.043796223426902,47.95392466347582],[23.983685526458007,47.957503877595705],[23.55292037448047,48.044471345857424],[23.444392237273437,47.99612387271289],[23.300142722834128,48.018262685733674],[22.821468913046044,48.470605273328246],[22.602243525668985,48.49213289144934],[22.330412682313725,48.67377641549111],[21.80330758420078,48.624494448514625],[21.609962481488637,48.64685288884872],[21.26029669987998,48.760434515549434],[21.00687297743091,48.71659419857648],[20.884187548370935,48.73078154962402],[20.090333911627884,48.547178976586046],[17.51667481612942,48.1980545330477],[17.248828231739708,48.05388652119406],[17.133549799837073,48.136730185897434],[16.988965067473632,48.24063452334766],[16.919251474944335,48.357684694246096],[16.96073583298042,48.606090484868844],[16.962897333708984,48.61903341861133],[16.9387865396416,48.66104467959766],[16.914334330168945,48.70365484805469],[16.669154200164062,48.79378470034961],[16.669154200164048,48.79378470034961],[16.051305653546503,49.047896205962246],[15.835993276109239,48.92313319832319],[15.07102056492939,49.15486528244099],[15.035927889264551,49.04845916173842],[14.747971605833229,48.892394182247145],[14.301917825238673,48.9295645386837],[13.035837771542568,49.6935640894261],[13.002934802511122,50.016769367121526],[13.496230518341154,50.158353037482144],[14.387116788484263,50.44277446264731],[14.475739263372517,50.375580134404],[14.99275086448029,50.655965553549805],[15.088449081637496,50.69037636779058]]]]}},{"type":"Feature","properties":{"name":"Hungary","subject":"Hungary","partOf":"Hungary","borderPrecision":3,"color":"#8f9a74"},"geometry":{"type":"MultiPolygon","coordinates":[[[[21.26029669987998,48.760434515549434],[21.609962481488637,48.64685288884872],[21.80330758420078,48.624494448514625],[22.330412682313725,48.67377641549111],[22.602243525668985,48.49213289144934],[22.821468913046044,48.470605273328246],[23.300142722834128,48.018262685733674],[23.090203318206054,48.05048330874805],[23.02892783602832,48.012225709871096],[22.933380502144406,47.94048044298115],[22.82629683932422,47.86007269473438],[22.3200121255791,47.74009283633594],[22.05867293795703,47.55636938662891],[21.62300399264453,46.90352972598438],[21.339722666350585,46.525245271638674],[21.00061515292285,46.270274721101565],[20.83824828585742,46.19802054019336],[20.51258376559375,46.176803194001955],[20.39403441866992,46.13075979800586],[20.31473449191211,46.131507478669924],[19.906415018645507,46.16173132510547],[19.50673201998828,46.12713202090625],[18.816056284514648,45.889117799714846],[18.55100158175586,45.79777868838672],[18.356125864592773,45.78375967593555],[18.055813822356445,45.762698732332034],[17.794407877532226,45.806651674226565],[17.292401346770507,46.10867651553516],[16.656750712004882,46.38426931949024],[16.560086283293945,46.47294195742969],[16.39636710604785,46.62312277408008],[16.25957396945117,46.888804994539065],[16.415217432585937,47.02313955874805],[16.484496149626953,47.155772767976565],[16.392897638884765,47.240192018464846],[16.410809549895507,47.40908011050586],[16.595057520476562,47.43724783511524],[16.665478739348632,47.52977713199024],[16.604519877043945,47.618304811433596],[16.40086844882129,47.64647635074024],[16.50115683993457,47.73503836245899],[16.647442850676757,47.73503836245899],[16.72155478915332,47.67465551944141],[17.03687003573535,47.69880636783008],[17.045186075774414,47.86388357730274],[17.331217798796875,47.99467810244922],[17.248828231739708,48.05388652119406],[17.51667481612942,48.1980545330477],[20.090333911627884,48.547178976586046],[20.884187548370935,48.73078154962402],[21.00687297743091,48.71659419857648],[21.26029669987998,48.760434515549434]]]]}},{"type":"Feature","properties":{"name":"Germany","subject":"Germany","partOf":"Germany","borderPrecision":3,"color":"#b47c6f"},"geometry":{"type":"MultiPolygon","coordinates":[[[[22.546835932341796,55.05657919497852],[22.58537963351367,54.994910798982424],[22.63162902316211,54.94866140933399],[22.716424021331054,54.933246217683596],[22.79350760897754,54.90241201968555],[22.801217112151367,54.840743623689455],[22.824341806975585,54.78678473086719],[22.72413161715625,54.732825838044924],[22.693297419158203,54.663447938875],[22.662463221160156,54.57094534488086],[22.670172724333984,54.49386175723438],[22.685589823333007,54.432193361238284],[22.699036631194335,54.414901338533205],[21.366742167083007,54.369544588044924],[20.356268915740234,54.421458803132815],[19.977538141814453,54.42394217105274],[20.188645395842773,54.521976076082034],[20.32671264132617,54.56400641055469],[20.19423201998828,54.57504614444141],[20.005703959075195,54.54745825381641],[19.938118967620117,54.608172975496096],[19.881810221282226,54.52537878604297],[19.833247217742187,54.53089865298633],[19.86316970309375,54.75173147769336],[19.9425707193291,54.849856935457034],[20.127097162810546,54.84564169497852],[20.79715064486621,54.817977510408205],[20.985203775969726,54.81164129825],[21.137343439666015,54.84545858950977],[21.191943201628906,54.959579072908205],[21.11334517916797,55.089244447664065],[21.22385314425586,55.11144980044727],[21.193121943083984,55.16635092349414],[21.162322077361328,55.22138174624805],[21.321188959685546,55.26470907779102],[21.375149759856445,55.28012426944141],[21.398274454680664,55.21075018496875],[21.436816248503906,55.187625490144534],[21.54473594149707,55.187625490144534],[21.644946131316406,55.13366659732227],[21.760573420134765,55.10283239932422],[21.99182609042285,55.071998201326174],[22.030369791594726,55.02574499698047],[22.130579981414062,55.04886969180469],[22.331000361052734,55.04886969180469],[22.44662574252246,55.04886969180469],[22.546835932341796,55.05657919497852]]],[[[14.387116788484263,50.44277446264731],[13.496230518341154,50.158353037482144],[13.002934802511122,50.016769367121526],[13.035837771542568,49.6935640894261],[14.301917825238673,48.9295645386837],[14.747971605833229,48.892394182247145],[15.035927889264551,49.04845916173842],[15.07102056492939,49.15486528244099],[15.835993276109239,48.92313319832319],[16.051305653546503,49.047896205962246],[16.669154200164048,48.79378470034961],[16.669154200164062,48.79378470034961],[16.914334330168945,48.70365484805469],[16.9387865396416,48.66104467959766],[16.962897333708984,48.61903341861133],[16.96073583298042,48.606090484868844],[16.919251474944335,48.357684694246096],[16.988965067473632,48.24063452334766],[17.133549799837073,48.136730185897434],[17.248828231739708,48.05388652119406],[17.331217798796875,47.99467810244922],[17.045186075774414,47.86388357730274],[17.03687003573535,47.69880636783008],[16.72155478915332,47.67465551944141],[16.647442850676757,47.73503836245899],[16.50115683993457,47.73503836245899],[16.40086844882129,47.64647635074024],[16.604519877043945,47.618304811433596],[16.665478739348632,47.52977713199024],[16.595057520476562,47.43724783511524],[16.410809549895507,47.40908011050586],[16.392897638884765,47.240192018464846],[16.484496149626953,47.155772767976565],[16.415217432585937,47.02313955874805],[16.25957396945117,46.888804994539065],[15.947394404021484,46.81826742740039],[15.984578165618164,46.64159353824024],[15.583985361663085,46.69379385562305],[15.450037035552246,46.6054759845293],[15.067858728972656,46.64159353824024],[14.81286052188037,46.59343298526172],[14.521769556609375,46.36872824283008],[14.392945322600585,46.436927400544924],[14.140745735586886,46.43325753192397],[14.117423090544921,46.43291815371875],[14.036648783293945,46.48105963321094],[13.568899187651855,46.51042517276172],[13.354013475981933,46.56066092105274],[12.951894793120605,46.597457490876955],[12.361854586211425,46.708541475251955],[12.217808756438476,46.88431891055469],[12.074753794280273,46.92750509829883],[12.064329180327636,47.09104498477344],[11.678601297942382,46.98921164126758],[11.543255838958007,47.03549154849414],[11.342970881072265,46.986129365876955],[11.260845217314941,47.02315481753711],[11.095800432769042,46.97994955630664],[10.947841677275878,46.794879518464846],[10.679364237395507,46.8102985248125],[10.395699534026367,46.88741263003711],[10.408574137297851,46.96452673526172],[10.311843905059082,47.0169750079668],[10.051520380583984,46.86773642154102],[9.804178270903808,46.97686728091602],[9.800573381987792,47.041663728669924],[9.520760569182617,47.06943853946094],[9.560831102935058,47.155860506013674],[9.464611086455566,47.28552206607227],[9.58434775790332,47.40905722232227],[9.53932315928003,47.4872009429331],[9.560997473255647,47.50048807652424],[9.59837981703166,47.487290214815076],[9.641345290198974,47.50711126748055],[9.64783212793817,47.488110994128014],[9.665830095197322,47.49598965630363],[9.678074563190693,47.488834209737405],[9.699246020649776,47.50628272822371],[9.742809515024337,47.504640797816485],[9.752371325522281,47.51076644905111],[9.712416939502718,47.55061659600564],[9.680344534585727,47.54265822345445],[9.680243137506228,47.55630921377518],[9.653150344436488,47.55618248403419],[9.62819114515806,47.57039558844471],[9.606712670379503,47.57248189051159],[9.60088044237073,47.58531266106803],[9.56335717626282,47.584746979125],[9.5339256480945,47.59678061932501],[9.502257340469352,47.64637098550931],[9.488171047056394,47.651505682883],[9.466080995855355,47.64798023777849],[9.421182075871505,47.66594768445761],[9.347634956983754,47.660919078143486],[9.287804878151578,47.683765275235324],[9.237245446629197,47.711482986700766],[9.225777565070517,47.739347885480086],[9.132380912926813,47.77233665825951],[9.105701403173684,47.79244785892643],[9.042968426858371,47.817624090976025],[9.030608947173162,47.80499434017611],[9.06687405483502,47.779532244267855],[9.173649406371743,47.734443430470506],[9.179800812772427,47.70459486004789],[9.201323419921486,47.707409761844914],[9.188048383707981,47.69930759937596],[9.211480461040331,47.68278743369377],[9.216057312656227,47.67100283816657],[9.1985578866875,47.67788656802539],[9.118142444734893,47.67853423872031],[9.112519530198746,47.68572201095995],[9.081389504422836,47.68320700711846],[9.043323638417071,47.69346286852432],[9.048183735261208,47.70827352674581],[9.084469172589861,47.68972093590616],[9.10902282658467,47.69016204849861],[9.100921224629866,47.702421832185856],[8.987175500981742,47.74340889394121],[9.01401797736814,47.71960763133936],[8.959238171322115,47.73739127940454],[8.939972749823733,47.726182321942055],[8.994297857106877,47.70671364928088],[9.00635064628403,47.694759228843544],[8.99458859182209,47.68441116867369],[8.983487283772465,47.679618759299416],[8.815385851470214,47.680972658113284],[8.748005899993164,47.72116430850391],[8.658565554229003,47.7149730548418],[8.65083602389453,47.78298910708789],[8.33202842196582,47.693343721345705],[8.412250551787597,47.60370596499805],[8.2530594201958,47.59443625064258],[8.127995524016601,47.64388235659961],[7.872660669890625,47.572799287751955],[7.751046690551025,47.616065584138674],[7.628408941832763,47.56352957339649],[7.506581816283447,47.60370596499805],[7.445963415709716,47.70879324527149],[7.543118509856445,48.02423056216602],[7.502136263457519,48.058272920564455],[7.536028418151123,48.19133719058399],[7.68064263781665,48.358523927644534],[7.704579386321289,48.519576631501955],[7.729077848998291,48.615619264558596],[8.15829566439746,48.97834738345508],[7.885707888213378,49.06520804019336],[7.670458349791748,49.05900915713672],[7.465429815856201,49.09933432193164],[7.422812018004638,49.183108888582034],[7.317378077117187,49.18621405215625],[7.284997973052246,49.164493165925784],[6.974740538207275,49.13656958194141],[6.954413923827392,49.20173605533008],[6.77724269351123,49.17690237613086],[6.625501665679199,49.30178793521289],[6.433043036071044,49.445331178621096],[6.3994536729729,49.60418661685352],[6.511355433074218,49.668929658845705],[6.530922445861084,49.79842718692188],[6.321478399840576,49.84161337466602],[6.136599573699218,49.981978975251955],[6.108513388243896,50.11745413394336],[6.298354181853515,50.286868654207034],[6.28142503222583,50.49760016055469],[6.154545816985351,50.66175802798633],[5.999575647917968,50.74159964175586],[6.073926481810791,50.866614900544924],[6.009666475859863,50.964496217683596],[5.927895102111084,50.98081549258594],[5.964243445006591,51.024337373689455],[6.070175680724365,51.084186159089846],[6.176207575408203,51.1440502032793],[6.089237246123535,51.19848593325977],[6.179620298949462,51.322330079988284],[6.222278151122314,51.389102540925784],[6.153822455016357,51.52067144961719],[6.1168608995354,51.63985785098438],[5.947897944060546,51.72167166324024],[5.979368242827636,51.80352743716602],[6.13267425021289,51.83843573184375],[6.211378130522949,51.87994345279102],[6.381445440856201,51.81990011783008],[6.680369410125,51.88775213809375],[6.82461646517871,51.95638617129688],[6.882234129515869,52.12573202700977],[7.067718062010986,52.21864279361133],[7.069026503173095,52.366283021882815],[6.996851477233154,52.442874513582034],[6.911921534148437,52.41551931949024],[6.713568243590576,52.47569998355274],[6.726836237517578,52.558333955720705],[6.778090509978515,52.639930330232424],[7.034791025725585,52.62350424380664],[7.072895083037597,52.804263673738284],[7.228004488555175,52.96671637149219],[7.159938845244628,53.16400106997852],[7.189745459166748,53.230140291169924],[6.980709108916503,53.3166576251543],[7.03733209094165,53.51014669986133],[7.165639433470947,53.591670595125],[7.332391771880371,53.60442694278125],[7.836380991545898,53.63209494204883],[7.968539270964843,53.63753470034961],[8.011022600737792,53.565692506746096],[8.098732981291992,53.44393499942188],[8.029082331267578,53.37264975161914],[8.174986872283203,53.32174261660938],[8.241933855620605,53.3522907123125],[8.260771784392578,53.438846193269534],[8.189001116362792,53.530520997957034],[8.30565074404834,53.52543219180469],[8.501803431121093,53.44902762027149],[8.42865756472705,53.61204870791797],[8.539542231169921,53.80068167300586],[8.848478350249511,53.749679170564455],[9.125039133635742,53.790477357820315],[8.857097658721191,53.866988740876955],[8.818971666899902,53.969039522126955],[8.946340593901855,54.014972291902346],[8.832654032317382,54.066016756013674],[8.778787645903808,54.132403932527346],[8.853296312895996,54.168155275300784],[8.884012255278808,54.229449830964846],[8.580725702849609,54.19368704409961],[8.553946528044921,54.27543982119922],[8.852422747222167,54.331649385408205],[8.950601610747558,54.418555818513674],[8.742068323699218,54.60780294986133],[8.595986399260742,54.76135214419727],[8.616097483245117,54.88736303897266],[8.668599161711914,54.88034018130664],[9.49598220309375,54.93829306216602],[9.610262903777343,54.880042634919924],[9.864443811980468,54.72629126162891],[9.986687693206054,54.592444978669924],[9.978010210601074,54.49014624209766],[9.864808115569335,54.41139944644336],[10.06492808779834,54.43389471621875],[10.141728434172851,54.33675345034961],[10.21287730654834,54.37191732974414],[10.340239557830078,54.362315736726565],[10.445974382964355,54.29203375430469],[10.648594889250976,54.258975587800784],[11.03860572299121,54.313251100496096],[11.0730057092583,54.21963080020313],[11.041366610137207,54.15269812198047],[11.01588729342578,54.096656404451174],[10.716716799346191,53.963931642488284],[10.858920130339843,53.87718542666797],[11.15137771090625,53.93841513247852],[11.202488932219726,53.85678442569141],[11.407822641936523,53.859290681794924],[11.565019640532714,54.035384736970705],[12.04107383212207,54.096656404451174],[12.311884913054687,54.201942048982424],[12.652518305388671,54.32142599673633],[12.764800104705078,54.270328126863284],[12.943138155547363,54.34698446841602],[13.025811228362304,54.265216432527346],[13.06376555880664,54.19368704409961],[13.349167856780273,54.063487611726565],[13.431016001311523,54.03024633975391],[13.667614969817382,54.08416708560352],[13.737782511321289,54.03028830142383],[13.764326128569824,53.87718542666797],[13.780499491301757,53.77517660708789],[13.850170168486816,53.72928961367969],[14.009740862456542,53.67320974917774],[14.17686370333789,53.68340643496875],[14.189576181975585,53.624793611482424],[14.280191454497558,53.61341818423633],[14.433155092803222,53.594214998201174],[14.537060770598632,53.538165651277346],[14.495303186980468,53.624793611482424],[14.565300974456054,53.6935993060625],[14.55694011172412,53.75988348575],[14.482524904814941,53.81853064151172],[14.472936663237792,53.87677725406055],[14.467412027922851,53.910350404695315],[14.885758432952148,53.979564271882815],[15.07968238314746,54.00251730533008],[15.311689409819824,54.071002565339846],[15.89836028536914,54.128402315095705],[16.114680323210937,54.19960745425586],[16.473248514739257,54.4150348529375],[16.9759016366875,54.54930838199024],[17.657612833586914,54.685462556794924],[18.279448542205078,54.72412069888477],[18.299497234635083,54.716281906351476],[17.608260725950945,53.81731995087709],[17.71610882869027,53.66633260704204],[16.723906283488464,53.127092093345404],[16.292513872531156,53.14866171389327],[16.314083493079025,52.48000347690944],[16.42193159581835,52.26430727143079],[16.939602488967118,52.09175030704787],[17.54355186430735,52.09175030704787],[17.759248069786,51.59564903444696],[18.14750123964758,51.40152244951617],[18.55732403005702,50.43088952486223],[18.285637127385154,50.033980436713414],[18.267975789736933,50.008178878550304],[18.30418211858397,49.954662482015756],[18.08459925187537,49.75886954367997],[18.02036142887601,49.60300222655505],[17.2133737774466,49.61601025595441],[17.03270490026091,49.748493931917245],[16.558950955640654,49.769242935768744],[16.26185102426863,49.774428799477555],[16.26185102426863,50.43737701241594],[16.204402002898437,50.46324881167774],[16.27835841387861,50.533276081851405],[15.088449081637496,50.69037636779058],[14.99275086448029,50.655965553549805],[14.475739263372517,50.375580134404],[14.387116788484263,50.44277446264731]]]]}},{"type":"Feature","properties":{"name":"Poland","subject":"Poland","partOf":"Poland","borderPrecision":3,"color":"#8f9a74"},"geometry":{"type":"MultiPolygon","coordinates":[[[[27.504733157532765,54.70284499556514],[26.715054171983287,54.339849602343705],[26.60445512408502,53.05215837471024],[27.092509578814443,53.040420815265755],[27.081536962977086,52.91240696382994],[27.324195194140568,52.31924239876364],[27.270271142770905,51.726077833697346],[27.405081271195066,51.48341960253386],[27.48596734824956,50.8363309860979],[26.946726834552926,50.3240524980861],[27.00065088592259,49.67696388165014],[26.946726834552926,49.110761342268674],[26.98940102500732,48.68075763845361],[26.16266290937989,48.9405896176508],[26.081657029454437,49.12960333747686],[25.946647229578687,48.85958373772535],[25.676627629827188,49.21060921740231],[25.514615869976286,49.21060921740231],[25.487613910001137,48.9405896176508],[24.947574710498134,48.85958373772535],[24.677555110746635,48.535560218023555],[24.326529631069683,48.5085582580484],[24.20902798028015,47.94408615108111],[24.043796223426902,47.95392466347582],[23.965783445801677,48.354107046990556],[23.8620959194971,48.31954453822236],[23.77568964757662,48.509638336447416],[23.63743961250385,48.47507582767923],[23.63743961250385,48.61332586275199],[23.32637703359012,48.786138406592954],[23.274533270437832,48.630607117136094],[22.92890818275591,48.751575897824765],[22.756095638914953,49.01079471358621],[22.37590804246484,49.01079471358621],[22.29045807518381,49.17774075056719],[22.24723492656511,49.19488585203009],[22.196431192961914,49.215037904695315],[22.005814585295898,49.26047094912891],[21.95915893038867,49.357493959382815],[21.642890009490234,49.44101294131641],[21.585009607878906,49.49957998843555],[21.33275321444629,49.465518556550784],[21.10421088656543,49.48392065616016],[21.071120295134765,49.422183595613284],[20.903170618621093,49.34132345767383],[20.696087870208007,49.45559271426563],[20.478842768279296,49.43480261416797],[20.403084787932617,49.45992621035938],[20.152379068938476,49.36827810855274],[20.105381998625976,49.288863740876955],[20.038085016814453,49.22814138980274],[19.957100901213867,49.28203543277149],[19.782160791960937,49.244300447419924],[19.780903849211914,49.33592947574024],[19.792792353240234,49.3736644610918],[19.762906107512695,49.45453604312305],[19.613717112151367,49.443255983308596],[19.58110526522754,49.519244752839846],[19.49343970736621,49.627120576814455],[19.376227411833984,49.616344057039065],[19.348418268767578,49.566173158601565],[19.261565241423828,49.573184572175784],[19.17931273898242,49.46532019229297],[18.986033472625,49.44375189395313],[18.980960470066556,49.481123198318805],[18.550051099840072,49.47640454293663],[18.35336476885451,49.88196584862832],[18.30418211858397,49.954662482015756],[18.267975789736933,50.008178878550304],[18.285637127385154,50.033980436713414],[18.55732403005702,50.43088952486223],[18.14750123964758,51.40152244951617],[17.759248069786,51.59564903444696],[17.54355186430735,52.09175030704787],[16.939602488967118,52.09175030704787],[16.42193159581835,52.26430727143079],[16.314083493079025,52.48000347690944],[16.292513872531156,53.14866171389327],[16.723906283488464,53.127092093345404],[17.71610882869027,53.66633260704204],[17.608260725950945,53.81731995087709],[18.299497234635083,54.716281906351476],[18.759530100432617,54.536414705232424],[18.362916025725585,54.66889151187305],[18.338496241179687,54.602645479158205],[18.453806910125,54.52537878604297],[18.513155970183593,54.315780244783205],[18.673077616301757,54.25514181704883],[18.96497634371875,54.227584444001955],[19.255003962126953,54.27719458194141],[19.733597788420898,54.46117361636524],[19.757716211882812,54.45917471499805],[19.317608866301757,54.271678529695315],[19.232062372771484,54.22207220645313],[19.230307612029296,54.166968904451174],[19.328099283782226,54.16145285220508],[19.456822428313476,54.216563783601565],[19.733119043914062,54.31026800723438],[19.977538141814453,54.42394217105274],[20.356268915740234,54.421458803132815],[21.366742167083007,54.369544588044924],[22.699036631194335,54.414901338533205],[22.98705771884082,54.42470892520313],[23.00508407076953,54.418258272126955],[23.3106184335625,54.30889471621875],[23.43854049166797,54.089915834382815],[23.48289397677539,54.00617941470508],[23.489806208220703,53.99312552066211],[23.53050139865039,53.91629370303516],[23.572062525359375,53.90031012149219],[23.641440424529296,53.91572531314258],[23.772482904998046,53.90031012149219],[23.88040259799121,53.91572531314258],[24.049988779631835,53.92343481631641],[24.157906565276367,53.94655951114063],[24.211867365447265,53.92343481631641],[24.24269965609668,53.87718542666797],[24.373744043914062,53.87718542666797],[24.543330225554687,53.94655951114063],[24.635832819548828,53.969684205964846],[24.69749930819629,53.954269014314455],[24.774584803191406,53.969684205964846],[24.805419001189453,54.02364309878711],[24.76687720736621,54.10073050113086],[24.82152912232091,54.12122444100098],[24.94546940561103,54.96546587967039],[25.84591364463684,54.94851402510687],[25.85377028903125,54.956370912507815],[26.046483072844726,54.956370912507815],[26.162110361663085,54.98720511050586],[26.208359751311523,55.05657919497852],[26.246903452483398,55.12595709414844],[26.316279444304687,55.14137228579883],[26.42419722994922,55.12595709414844],[26.478156122771484,55.14908178897266],[26.532116922942382,55.110538087800784],[26.609200510588867,55.11824759097461],[26.616910013762695,55.187625490144534],[26.663159403411132,55.25699957461719],[26.701703104583007,55.25699957461719],[26.755661997405273,55.28012426944141],[26.71712020358203,55.30325277896289],[26.593783411589843,55.32637747378711],[26.43961432894824,55.3417926654375],[26.478156122771484,55.403461061433596],[26.532116922942382,55.46512945742969],[26.547534021941406,55.519088350251955],[26.586075815764648,55.58846624942188],[26.593783411589843,55.66554983706836],[26.63232711276172,55.68867453189258],[26.678576502410156,55.68096502871875],[26.747954401580078,55.68096502871875],[26.84816268405078,55.71950872989063],[26.894415888396484,55.78117712588672],[26.97149947604297,55.81201132388477],[27.133376154509765,55.81201132388477],[27.27983764132617,55.79659231753711],[27.387757334319335,55.78117712588672],[27.495675119963867,55.765758119539065],[27.58046821078418,55.78117712588672],[27.728625579413045,55.50076142957378],[27.674701528043382,55.12329306998614],[27.504733157532765,54.70284499556514]]]]}},{"type":"Feature","properties":{"name":"Sweden","subject":"Sweden","partOf":"Sweden","borderPrecision":3,"color":"#8b7fa6"},"geometry":{"type":"MultiPolygon","coordinates":[[[[16.572,56.372],[16.575,56.367],[16.576,56.361],[16.572,56.355],[16.553,56.326],[16.496,56.241],[16.486,56.231],[16.474,56.224],[16.437,56.211],[16.43,56.209],[16.421,56.211],[16.416,56.215],[16.411,56.225],[16.403,56.274],[16.392,56.465],[16.393,56.529],[16.396,56.536],[16.42,56.586],[16.543,56.776],[16.612,56.868],[16.617,56.874],[16.629,56.879],[16.645,56.884],[16.749,56.94],[16.848,57.064],[16.9,57.135],[16.959,57.224],[16.963,57.229],[16.966,57.242],[16.96,57.257],[16.959,57.274],[16.961,57.28],[16.966,57.294],[16.973,57.305],[16.983,57.316],[16.993,57.325],[17.01,57.337],[17.022,57.345],[17.036,57.352],[17.057,57.359],[17.099,57.351],[17.106,57.348],[17.124,57.321],[17.051,57.187],[17.009,57.132],[16.961,57.075],[16.927,57.038],[16.88,56.93],[16.848,56.844],[16.841,56.832],[16.837,56.827],[16.828,56.825],[16.817,56.826],[16.808,56.824],[16.785,56.81],[16.779,56.806],[16.77,56.796],[16.727,56.702],[16.636,56.519],[16.577,56.407],[16.571,56.394],[16.569,56.388],[16.57,56.377],[16.572,56.372]]],[[[23.204020533171875,65.68075140567188],[22.7981615396416,65.85482367129688],[22.645554575530273,65.93478735537892],[22.489802393523437,65.883418642],[22.20156959017871,65.71528967471485],[21.95748237094043,65.44573553653126],[21.818726572600585,65.38013800235157],[21.52232840975879,65.37231024356251],[21.27734664401172,65.21227606387501],[21.423712763396484,65.10388525576954],[21.489449534026367,65.01716192813282],[21.329442057219726,64.89435156436329],[20.92119315585254,64.71382483096485],[21.06432250460742,64.59199865908985],[21.237046274749023,64.52054174991017],[21.385829004851562,64.38455542178517],[21.048895868865234,64.21916540713673],[20.866480860320312,64.02561529727345],[20.70065978488086,63.818126283601565],[19.984885248748046,63.51726873965625],[19.670275721160156,63.38854178042774],[19.465012583342773,63.48070486636524],[19.318224939910156,63.444827638582034],[19.075926813689453,63.202498994783205],[18.78499129733203,63.138011537507815],[18.48662475070117,62.98124273867969],[18.388949427214843,62.85337408633594],[18.303191217986328,62.789424501375],[17.967440638152343,62.77462347598438],[17.86816886386035,62.788619600251955],[17.93625548800586,62.54800375552539],[17.718112024871093,62.356734834626955],[17.29024032076953,62.44072302432422],[17.387362513152343,62.20076712222461],[17.496771845427734,62.08810003848438],[17.38697341403125,61.65843542666797],[17.16264251193164,61.62990530581836],[17.06517699679492,61.53837927432422],[17.150189432708007,61.19770773501758],[17.146208796111328,60.95282705874805],[17.317627939788085,60.753070436433596],[17.188498529998046,60.674293123201174],[17.60496428927539,60.63753851504688],[17.706456217375976,60.55358084292774],[17.93074897250293,60.590308748201174],[18.224387201873046,60.32296713443164],[18.416865381804687,60.181624971345705],[18.804085764495117,60.10839804263477],[18.89307120761035,59.92568930240039],[19.03732398470996,59.86324270816211],[19.043551477996093,59.71242483706836],[18.867892298308593,59.71242483706836],[18.639250788298828,59.56692846866016],[18.25142196139453,59.43193777652149],[18.030083689299804,59.35928305240039],[17.795283350554687,59.36447485537891],[17.729952845183593,59.41636236758594],[17.36798385104297,59.468265138582034],[17.070597681609375,59.5461498126543],[16.785538706389648,59.577315889314455],[16.724089655486328,59.53057058902149],[16.523207697478515,59.5825153216875],[16.40757659396289,59.44749792666797],[16.776474985686523,59.478656373933596],[16.99983504733203,59.35928305240039],[17.26577857455371,59.33853491397266],[17.358122858611328,59.24517782779102],[17.57492164095996,59.21407278628711],[17.584412607756835,59.2711139545],[17.86173156222461,59.239993654207034],[17.977635416594726,59.32815130801563],[18.11137870272754,59.322974763826174],[18.32816985568164,59.369666658357424],[18.429560694304687,59.33334692569141],[18.441370997039062,59.40079077334766],[18.515469584075195,59.40079077334766],[18.611327204314453,59.33334692569141],[18.59819510897754,59.297042451814455],[18.273371729460937,59.286666475251955],[18.371960672942382,59.15706976504688],[18.015667948333007,59.03791006656055],[17.940136942473632,58.90848883242969],[17.766465220061523,58.87226828189258],[17.726422342864257,58.91366156192188],[17.745200190154296,58.986129365876955],[17.739108118621093,59.110423646882815],[17.623181376067382,59.10007055850391],[17.582188639250976,58.89296682925586],[17.356675180999023,58.74296911807422],[17.245389017668945,58.71711691470508],[17.08299926241992,58.74813421817188],[17.080731424895507,58.64992865176563],[16.442866358367187,58.63442190738086],[16.51319411715625,58.42811544986133],[16.744044336882812,58.31195028872852],[16.773545298186523,58.03790243716602],[16.72458556613086,57.88932379336719],[16.597764048186523,57.86645468325977],[16.45953086337207,57.895206056550784],[16.476531061736328,57.70212896914844],[16.607205423918945,57.66581305117969],[16.55047896823047,57.545150361970705],[16.658679041472656,57.442950807527346],[16.49415877780078,57.27892263980274],[16.394524607268554,57.07430227847461],[16.376174006072265,56.82242163272266],[16.031445536223632,56.353072725251955],[15.770541224089843,56.0332103595293],[15.696229014006835,56.06096228213672],[15.49704078158496,56.1672435626543],[15.220801386443359,56.08036383242969],[14.652893099395019,56.120616517976565],[14.605230364409667,55.980784975007815],[14.491827997771484,56.01803930850391],[14.258925470916015,55.89928015323047],[14.12602141818164,55.666583620027346],[14.28635028323291,55.51549490542774],[14.1171951623833,55.34711416812305],[13.901111635771972,55.405154787019534],[13.823299440947753,55.421817384675784],[13.301851305571777,55.300696931794924],[12.802372011748535,55.3529125079668],[12.801919970122558,55.416766725496096],[12.887555155364257,55.45160635562305],[12.859313997832519,55.532916627839846],[12.985865625945312,55.666583620027346],[12.699014696685058,55.90509756656055],[12.513357195464355,56.120616517976565],[12.414413485137207,56.24304159732227],[12.652379068938476,56.29553183169727],[12.61543563326953,56.43560751529102],[12.80480674227832,56.40119894595508],[12.871575388518554,56.51151617617969],[12.78585914095996,56.616683565095705],[12.65748122653125,56.61083944888477],[12.52603248080371,56.78039511294727],[12.288620981780273,56.87985571475391],[12.005142244902832,57.325206361726565],[11.876622233000976,57.325206361726565],[11.88111403903125,57.50896414370899],[11.766084704009277,57.672679506257815],[11.609838518706542,57.80694540591602],[11.709144625273925,58.024737916902346],[11.801886591521484,58.17793997378711],[11.613860163298828,58.24734839053516],[11.431094202605468,58.20152624698047],[11.406709704009277,58.33127173037891],[11.22135833224414,58.30832251162891],[11.14039138278125,58.85121878238086],[11.03924277743457,58.9103961810625],[11.178854975310546,59.070289216951174],[11.310762438384277,59.01105459781055],[11.378647837249023,58.85714300723438],[11.563270601836425,58.863055787996096],[11.708853754607421,59.19492682071094],[11.610307726470214,59.56862982364063],[11.837879213896972,59.66964682193164],[11.89061168154834,59.859962068513674],[12.077025446501953,59.865924440339846],[12.422772440520507,60.03877981753711],[12.435860666838867,60.27809866519336],[12.547958407012207,60.43387182803516],[12.431030306426269,60.62584646792774],[12.174038920012695,60.956405244783205],[12.597381624785644,61.02862127871875],[12.791736635771972,61.32994803042774],[12.658039126006347,61.439532838777346],[12.336585077849609,61.523143373445315],[12.07455829104541,61.69845923037891],[12.225598368254882,62.22569998355274],[11.932652506438476,62.553973756746096],[12.089594873992187,63.04595144839649],[12.124150309172851,63.344615541414065],[12.299161943999511,63.566241823152346],[12.577070269194824,63.78164633365039],[12.85312274417041,63.897296510652346],[13.130986246672851,63.948733888582034],[13.550517115203125,63.93661459536914],[13.880192789641601,63.95259054751758],[14.078371080962402,64.03222998233204],[14.154961618987304,64.11128576846485],[14.0415754648125,64.37565954776173],[13.870228800383789,64.49667700381642],[13.717936548796875,64.55330237002735],[13.940372500029785,64.79864843936329],[14.198942217437011,65.02322729678517],[14.371398005095703,65.23411139102345],[14.515295061675292,65.50339087100392],[14.542045626250488,65.94041021914845],[14.596742662993652,66.05018194766407],[15.038371119109375,66.05977209658985],[15.347432169524414,66.25873907657032],[15.943537745085937,66.67235144229298],[16.2205305429375,66.82812079043751],[16.30508521517871,66.98315771670704],[16.22828963717578,67.21133001895313],[16.20604613741992,67.30725439639454],[16.873921427336914,67.83655890078907],[17.08299735507129,67.91189917178517],[17.208678278533203,67.90511664004688],[17.600947413054687,67.8625675067461],[17.913590464202148,67.86416205020313],[18.057034525481445,67.99866064639454],[18.094193491545898,68.08813055606251],[18.10413649996875,68.3862720355547],[18.17948821505664,68.4687915668047],[18.958706888762695,68.29369696231251],[19.396079096404296,68.22884710879688],[19.697184595671875,68.17078741641407],[19.842658075896484,68.16405829043751],[19.965144190398437,68.27646216006642],[20.038983378020507,68.47830542178517],[20.165574106780273,68.95807226748829],[20.554905924407226,68.97506292910938],[20.73944381198047,68.96099432559376],[20.790644678679687,68.9322696551836],[20.856396708098632,68.91759832950001],[21.133328470793945,68.70923956485157],[21.712475809661132,68.41321142764454],[22.20074752291797,68.28145941348438],[22.912732157317382,68.18824347110157],[23.14123824557422,68.08520086856251],[23.487652811614257,67.83432348819142],[23.45974067172168,67.64877661319142],[23.457884821501953,67.41192968936329],[23.685669931975585,67.12514837832813],[23.868172678557617,66.81687506289845],[23.881226572600585,66.64063604922657],[23.656113657561523,66.28044470401173],[23.74945357760547,66.03977545352345],[23.896744761077148,65.90195044131642],[23.94773200472949,65.79668005557423],[23.844082865325195,65.79847296328907],[23.405688318816406,65.72483404727345],[23.204020533171875,65.68075140567188]]],[[[18.140274,56.914993],[18.142498,56.920273],[18.158333,56.94166600000011],[18.209164,56.989166],[18.256664,57.032219],[18.254444,57.079163],[18.173332,57.141937],[18.148331,57.235275000000115],[18.158054,57.315826],[18.142498,57.409439],[18.115276000000108,57.480827],[18.110275,57.496109],[18.109997,57.513054000000125],[18.111385,57.51944],[18.119164,57.531105],[18.138611,57.551109],[18.179165,57.588333],[18.191441,57.596138],[18.211941000000138,57.605827],[18.227776,57.611382000000106],[18.242222,57.61749300000014],[18.249165,57.62082700000013],[18.276108,57.634163000000115],[18.29472,57.645828],[18.338886,57.681664],[18.355831000000137,57.69583100000011],[18.381943,57.718605],[18.401665,57.738609],[18.41972,57.760277],[18.456387,57.802773],[18.461388,57.8077770000001],[18.46722,57.811943],[18.48111,57.818604],[18.681942,57.913605],[18.689999,57.916107],[18.71611,57.921104],[18.724998,57.922775],[18.881943,57.919716],[18.902496,57.918327],[18.914165,57.917496],[19.004719,57.908607],[19.006107,57.90361],[19.003887000000134,57.898888],[19.033333,57.826942],[18.929443,57.739716],[18.848888,57.721107],[18.809166,57.703606],[18.793331,57.659164],[18.75972,57.508049],[18.768055,57.472221],[18.769444,57.467216],[18.78833,57.448326],[18.71444300000013,57.246941000000106],[18.711941,57.241661],[18.658054,57.220833],[18.551941,57.182777],[18.514721000000122,57.169441],[18.498333,57.165276],[18.455555,57.156944],[18.439442,57.152771],[18.417221,57.144165],[18.397221,57.134163],[18.391388,57.12999700000012],[18.386665,57.124992],[18.345554,57.07972],[18.341389,57.073883],[18.339165,57.06860400000011],[18.335552,57.023331],[18.335831,57.017494],[18.34333,57.014442],[18.346664,56.998604000000114],[18.302498,56.937492],[18.294998000000135,56.934715],[18.215553,56.913055],[18.206108,56.911942],[18.168888,56.909996],[18.147778,56.911942],[18.140274,56.914993]]],[[[19.277496,57.940277],[19.274441,57.945],[19.268055,57.948608],[19.256664,57.94944],[19.238052,57.946938],[19.170555,57.929443],[19.16277700000012,57.92694100000011],[19.150833,57.91861],[19.145832,57.913605],[19.1416660000001,57.907776],[19.139999,57.901665],[19.12611,57.839722],[19.09333,57.851944],[19.077774,57.85833],[19.073055,57.862495],[19.037498,57.896385],[19.034443,57.901108],[19.034443,57.912498],[19.03611,57.91861],[19.088886,57.970276000000126],[19.095833,57.97361],[19.104721,57.975273],[19.285831,57.976662],[19.296387,57.976662],[19.307499,57.974442],[19.332497,57.965271],[19.335552,57.960548],[19.334442,57.955826],[19.286663,57.937492],[19.277496,57.940277]]]]}},{"type":"Feature","properties":{"name":"Finland","subject":"Finland","partOf":"Finland","borderPrecision":3,"color":"#739b91"},"geometry":{"type":"MultiPolygon","coordinates":[[[[32.83486815568748,61.599822462589],[28.667733720312068,60.15945012739812],[28.569397959319335,60.19842108340625],[28.43523124179004,60.33733709903125],[28.55124762972949,60.53264196963672],[28.52150824984668,60.62326391787891],[28.431775126067382,60.60346945376758],[28.01143744906543,60.51073034854297],[27.473618540374023,60.42607840152149],[27.40622046908496,60.34481772036914],[27.178481134978515,60.442393861726565],[26.945570978728515,60.37631186099414],[26.922308954802734,60.31612356753711],[26.61307624301074,60.34783133120899],[26.52587607821582,60.396468721345705],[26.55163863619922,60.570697389558596],[26.442835840789062,60.33334311099414],[26.322712931243164,60.270240388826174],[26.037745508757812,60.24929770083789],[25.890101465789062,60.2358356341875],[25.845532450286132,60.115481935457034],[25.58054450472949,60.2623363360918],[25.4498949380791,60.13839682193164],[25.14579108676074,60.1097484454668],[24.992980036345703,60.02957113833789],[24.969470057097656,60.08683355899219],[24.742980036345703,60.03823050113086],[24.515957865325195,59.9894977435625],[24.421050104705078,59.86975058169727],[24.281357798186523,59.938148103669924],[23.9789476724541,59.881148897126955],[23.961113962737304,59.932452760652346],[23.66465667208789,59.83555182071094],[23.41885474642871,59.82984884829883],[23.201441797820312,59.818458162263674],[22.982125315276367,59.932452760652346],[22.882000956145507,60.05556448550586],[23.005200419036132,60.208758912996096],[22.624615702239257,60.20110281558399],[22.39206603488086,60.121200166658205],[22.421467814055664,60.29318579287891],[22.220654520598632,60.25876959414844],[21.93095305880664,60.38077124209766],[21.746808085051757,60.40827139468555],[21.56015113314746,60.51248510928516],[21.443177256194335,60.693648897126955],[21.42725661715625,61.01509817691211],[21.498307261077148,61.183272920564455],[21.52078917941211,61.37956961245899],[21.56100562533496,61.48492010684375],[21.4052172037041,61.70243414492969],[21.21119979342578,61.870914064363284],[21.34644034823535,62.167132936433596],[21.33755591830371,62.343604646638674],[21.2001390787041,62.435184083894534],[21.03372863253711,62.477298341707034],[21.06180671176074,62.61173590274219],[21.194806131926757,62.760684572175784],[21.481284174529296,62.888812623933596],[21.545966181365234,62.97405966372852],[21.494656595793945,63.123031221345705],[21.666478190032226,63.18730505557422],[21.951323542205078,63.13101538272266],[22.07504371127246,63.102820955232424],[22.292357477751953,63.20269354434375],[22.42877486666797,63.39496573062305],[22.475831064788085,63.60161551089649],[22.569018396941406,63.72301443667774],[22.704222712126953,63.58064230533008],[22.825530085173828,63.58087881656055],[23.58028510531543,64.08205755801563],[24.094035181609375,64.37656744571095],[24.470093760100585,64.63552435489063],[24.93191626986621,64.81603582950001],[25.325089487639648,64.80239447207813],[25.35190490206836,64.93909796328907],[25.29341414889453,65.00389441104298],[25.13255980929492,65.0759464129961],[25.186125788298828,65.24265631289845],[25.251507792083007,65.4168887958086],[25.103611979094726,65.54012640567188],[24.591139826384765,65.5827823504961],[24.21480086764453,65.7859073504961],[23.94773200472949,65.79668005557423],[23.896744761077148,65.90195044131642],[23.74945357760547,66.03977545352345],[23.656113657561523,66.28044470401173],[23.881226572600585,66.64063604922657],[23.868172678557617,66.81687506289845],[23.685669931975585,67.12514837832813],[23.457884821501953,67.41192968936329],[23.45974067172168,67.64877661319142],[23.487652811614257,67.83432348819142],[23.14123824557422,68.08520086856251],[22.912732157317382,68.18824347110157],[22.20074752291797,68.28145941348438],[21.712475809661132,68.41321142764454],[21.133328470793945,68.70923956485157],[20.856396708098632,68.91759832950001],[20.790644678679687,68.9322696551836],[21.246047052947265,69.22751959414845],[21.405808481780273,69.27349432559376],[21.625054392424804,69.23698767276173],[22.072279963103515,68.96130713076954],[22.45976165255664,68.69354590030079],[22.701151880828125,68.63494452090626],[23.336180719939453,68.6157642230547],[24.081843409148437,68.71680792422657],[24.661688837615234,68.49548681826954],[24.800692591277343,68.42901190371876],[25.06282905062793,68.59468420596485],[25.62536910494922,68.80706366153126],[25.709948572722656,69.03241308780079],[25.74562934359668,69.25801428408985],[25.862544092742187,69.4543872699297],[26.117674860564453,69.64424475283985],[26.507250818816406,69.81245001407032],[27.40887168368457,69.85489233584767],[27.65853980502246,69.88641699405079],[27.90868094882129,69.88766821475392],[28.414877924529296,69.69372900576954],[28.7169847818291,69.64241369815235],[29.11325171908496,69.48603399844532],[29.133002314177734,69.36561163516407],[28.73972419222949,68.95038946719532],[28.69640258273242,68.7852969989336],[28.69715407809375,68.69552954287892],[29.00741675814746,68.8318286761797],[29.462780985442382,69.13418921084767],[29.923598322478515,69.35460241885548],[30.26993659457324,69.40906866641407],[30.64079955538867,69.41849096866017],[30.871699366179687,69.51008947940235],[31.0537824960625,69.63959082217579],[31.33127501925586,69.6627612933672],[31.782200846282226,69.7770191058672],[32.07155898532031,69.88349493594532],[32.07601073702929,69.81535681338673],[32.190562281218746,69.64171179385548],[32.22266777437802,69.61620552675649],[29.06538211758056,67.98317336613061],[29.268128428069335,67.9381519183672],[29.701823267546875,67.71039160342579],[29.946114573088867,67.53390844912892],[29.75697616061328,67.37029608340626],[29.170870813933593,67.02063330264454],[29.022913965789062,66.88741644473438],[29.65425971469043,66.26003607364063],[30.001729044524414,65.72212561221485],[29.91344932040332,65.56172522158985],[29.71532157382129,65.32123907657032],[29.631157908049804,65.13976629825001],[29.61822226962207,64.97341497989063],[29.784417185393554,64.7442813739336],[30.363450083342773,64.11682470889454],[30.43152335604785,64.00285681338673],[30.40582564791797,63.88850363345508],[30.162203821746093,63.70183523745899],[30.01492980441211,63.615577302888674],[30.212641748992187,63.46712454409961],[30.823624643889648,63.24279745669727],[31.13995078524707,63.12374075503711],[31.33592704257129,62.947433076814455],[31.40830138644336,62.79196508975391],[31.370462126325787,62.644873000911076],[32.83486815568748,61.599822462589]]]]}},{"type":"Feature","properties":{"name":"Denmark","subject":"Denmark","partOf":"Denmark","borderPrecision":3,"color":"#8f9a74"},"geometry":{"type":"MultiPolygon","coordinates":[[[[12.107,54.8],[12.089,54.794],[12.078,54.789],[12.072,54.786],[12.055,54.775],[11.981,54.71],[11.97,54.699],[11.963,54.685],[11.961,54.676],[11.959,54.663],[11.96,54.648],[11.963,54.63],[11.968,54.609],[11.974,54.587],[11.979,54.576],[11.98,54.57],[11.979,54.567],[11.969,54.562],[11.964,54.562],[11.945,54.567],[11.929,54.573],[11.923,54.576],[11.872,54.651],[11.871,54.667],[11.878,54.688],[11.892,54.701],[11.899,54.719],[11.856,54.774],[11.802,54.839],[11.793,54.845],[11.782,54.849],[11.756,54.855],[11.752,54.859],[11.709,54.937],[11.713,54.942],[11.732,54.954],[11.742,54.959],[11.751,54.961],[11.767,54.962],[11.847,54.956],[11.851,54.955],[11.865,54.948],[11.997,54.904],[12.02,54.896],[12.038,54.892],[12.061,54.891],[12.079,54.894],[12.085,54.894],[12.096,54.892],[12.104,54.89],[12.111,54.887],[12.119,54.882],[12.137,54.869],[12.168,54.842],[12.169,54.839],[12.169,54.836],[12.167,54.834],[12.158,54.829],[12.12,54.806],[12.107,54.8]]],[[[-26.329421010407227,71.13240393252735],[-27.084376302155274,71.08456762881642],[-27.606051412018555,71.0681568011797],[-27.916172948273438,70.99798925967579],[-28.083531346710938,70.89728125186329],[-28.221779790314454,70.6273380145586],[-28.38448235073926,70.45799597354298],[-27.911971059235352,70.2824893817461],[-27.47493645230176,70.20676001162892],[-26.522614446076172,70.17790564151173],[-26.25201126614453,70.17839392276173],[-25.45328995266797,70.28709753604298],[-24.58473297634961,70.30402716250782],[-24.195229497345704,70.24348791690235],[-23.77526375332715,70.14480932803517],[-23.587447133454102,70.08399542422657],[-23.459464040192383,70.09187658877735],[-23.008885350617188,70.09273108096485],[-22.43398376980664,70.07851751895313],[-22.1575269369209,70.05610998721485],[-22.73232933560254,69.77407415957813],[-23.444350209625977,69.56847723575001],[-24.333291020783204,69.33282049746876],[-24.583540883454102,69.33987005801563],[-24.896557774933594,69.39209326358204],[-25.324379887970704,69.08993109317188],[-25.801573720368165,68.86358984561329],[-26.36213776150586,68.66002997012501],[-26.868672337921875,68.52670630069142],[-26.963623967560547,68.50170477481251],[-27.959057774933594,68.47738989444142],[-28.195338216217774,68.41711767764454],[-28.42120644131543,68.41671331973438],[-28.86312004605176,68.3262134418047],[-29.162135091217774,68.25097998233204],[-29.39970108548047,68.22812994571095],[-29.82538887539746,68.4140811786211],[-29.994490590485352,68.39135321231251],[-30.305041280182618,67.9804874286211],[-30.736491170319336,67.92756994815235],[-31.020314183625,67.95681341739063],[-31.354681935700196,68.04555853457813],[-31.634581532868165,68.25381811709767],[-32.0187501577461,68.44738348575001],[-32.30990311184766,68.54410132022267],[-32.3590707449043,68.54400976748829],[-32.35546967068555,68.45423468203907],[-32.03717514553907,67.98469885440235],[-32.1238355306709,67.87289007754688],[-32.26753708401563,67.86519964785938],[-32.57804962674024,67.75312384219532],[-32.95602127591016,67.64102514834767],[-33.21397491970899,67.46998175235157],[-33.66419693508985,67.06237372012501],[-33.960053410919926,66.76694067569142],[-34.43306061306836,66.3839526996172],[-34.782311406525395,66.26602514834767],[-35.24768158474805,66.22850378604298],[-35.70800873318555,66.35223730655079],[-35.7744874624336,66.10307653994923],[-35.97189804592969,65.84693487735157],[-36.32437988797071,65.72228582950001],[-36.77052780667188,65.76518591494923],[-37.047902074250004,65.74278601260548],[-37.578881230744145,65.54509314151173],[-37.154782262238285,66.32019384951954],[-37.20936676541211,66.3127628192461],[-37.567257848175785,66.31942328067188],[-38.04184814968946,66.39921911807423],[-37.92492004910352,66.20884283633595],[-37.93667313137891,66.00396307559376],[-38.11029526272657,65.82104071231251],[-38.46742340603711,65.64538153262501],[-38.989411321076176,65.5715747699297],[-39.42711731472852,65.57073553653126],[-39.9920167593086,65.53330572696095],[-39.78176590481641,65.35187872500782],[-39.68630692044141,65.17055853457813],[-39.726918187531254,64.99653967471485],[-39.89782043972852,64.9529224261797],[-40.04237457791211,64.98147162051563],[-40.253720250519535,64.96666296573048],[-41.060334172638676,65.0374942645586],[-40.827748265656254,64.89353521914845],[-40.48362061062696,64.68540533633595],[-40.350705113800785,64.52752264590626],[-40.35533234158399,64.42695196719532],[-40.47241684475782,64.3477969989336],[-41.01111313382032,64.33243139834767],[-41.484120335968754,64.2741886004961],[-41.10417267361524,64.08855017276173],[-40.89255234280469,64.03168066592579],[-40.691220250519535,63.931869111970705],[-40.51624771633985,63.78206976504688],[-40.76570221463086,63.574527345613284],[-40.89390656033399,63.52436789126758],[-41.163422551544926,63.5666576251543],[-41.37823959866407,63.52343710513477],[-41.223019566925785,63.309932313875],[-41.22700974026563,63.25296362491016],[-41.43446823635938,63.039203248933596],[-41.65309616604688,63.09566458316211],[-41.91557022610547,63.123607240632815],[-41.90392395535352,63.05252417178516],[-41.78910538235547,62.84676321597461],[-41.834408727082035,62.69062002749805],[-41.96372696438672,62.69039114566211],[-42.2588624624336,62.73238714785938],[-42.29883667508008,62.739398561433596],[-42.73952957669141,62.68891104312305],[-43.22596832791211,62.68092306704883],[-42.919098821076176,62.46190603824024],[-42.42036530056836,62.286014162019534],[-42.27136322537305,62.19441946597461],[-42.30619522610547,61.72888144107227],[-42.47826477566602,61.30676230044727],[-42.67033096829297,61.264285646394534],[-43.03725906887891,61.29165991397266],[-42.81712051907422,61.02562292666797],[-42.8244142202461,60.801612459138674],[-42.7540902761543,60.69687231631641],[-42.78493210354688,60.52916296573047],[-42.92721268216016,60.50099142642383],[-43.149933782013676,60.51450689883594],[-43.49708649197461,60.47896917910938],[-43.15411850491407,60.30526693911914],[-42.96204468289258,60.03407248111133],[-43.01451202908399,59.832881532625],[-43.14357086697461,59.81878241153125],[-43.57877823391797,59.935687623933596],[-44.05226608792188,60.164222322419924],[-44.27613541165235,60.03158529849414],[-44.46744247952344,59.76092108340625],[-44.753144231232426,60.03066214175586],[-44.68221756497266,60.288447938875],[-44.85624023953321,60.378726564363284],[-45.36200806179883,60.461490236238284],[-45.62170502224805,60.60060080142383],[-45.6040658620918,60.68450506778125],[-45.489926305207035,60.79656561465625],[-45.46025177517774,60.89458426089649],[-45.606476750763676,61.02036627383594],[-45.77090164700391,61.104121767],[-46.07186600247266,60.942447267488284],[-46.195851293,60.93519552798633],[-46.331086125763676,60.871944032625],[-46.53102585354688,60.89255865664844],[-46.97205444851758,60.86373861880664],[-47.15937134304883,60.85638006778125],[-47.41620346585157,60.72299536319141],[-47.63047501126172,60.596805177644534],[-47.82239243069532,60.77819021792774],[-47.869355168732426,60.93902548404102],[-47.96923157254102,61.036910615876955],[-48.20001694241407,61.14162787051563],[-48.56791397610547,61.24614294619922],[-48.915463414582035,61.42103537173633],[-49.14827438870313,61.77232702823047],[-49.116444554718754,62.103831850007815],[-49.20595261135938,62.17429693789844],[-49.401295628937504,62.21632345767383],[-49.61146256008985,62.194739900544924],[-50.04793259182813,62.3140827045],[-50.09668442288282,62.35641058535938],[-50.15892883816602,62.46242865176563],[-50.095936742218754,62.66799124331836],[-49.88932510891797,62.84574469180469],[-49.8574838308418,62.96654471011524],[-49.97367950955274,62.99473150821094],[-50.22172638455274,63.008494935945315],[-50.465817418488285,63.0506664142168],[-50.59093567410352,63.14998587222461],[-50.61674210110547,63.43480642886524],[-50.82308670559766,63.491458497957034],[-51.10051819363477,63.46953924746875],[-51.36576553860547,63.72601278872852],[-51.35501572171094,63.81178244204883],[-51.26595016995313,63.92637213321094],[-50.987946477326176,64.09154089541798],[-50.439015355500004,64.24309118838673],[-50.25692459622266,64.37973364444142],[-50.042633977326176,64.43757208438282],[-50.01991364041211,64.61005743594532],[-50.1444825796211,64.73932226748829],[-50.35739990750196,64.69574316592579],[-50.771840062531254,64.65900763125782],[-50.99374863186719,64.61542852969532],[-51.27965637722852,64.42807348819142],[-51.52139755764844,64.37018927188282],[-51.80484863797071,64.23334082217579],[-51.95738312283399,64.37656744571095],[-51.940175023468754,64.65683325381642],[-51.99165436306836,65.00974615664845],[-52.08433243313672,65.21262701602345],[-52.07773300686719,65.37242468448048],[-52.18693634549024,65.51769598575001],[-52.41381165066602,65.48089178653126],[-52.536007848175785,65.49521978946095],[-52.83536240139844,65.65488775821095],[-53.10253998318555,65.87324865908985],[-53.10843369046094,66.03403814883595],[-52.72966095486524,66.27637823672657],[-52.61050125637891,66.26797827334767],[-52.860444035919926,66.35319861026173],[-53.348053899201176,66.32427557559376],[-53.39427277127149,66.45181616397267],[-53.22169968167188,66.53085669131642],[-52.91685196438672,66.54446753116017],[-52.65323730984571,66.5677677020586],[-52.448048558625004,66.60731085391407],[-52.30317017117383,66.9094653949297],[-52.84682938137891,66.9305835589922],[-53.10420319119336,66.90795477481251],[-53.26725861111524,66.92242010684376],[-53.39741608181836,66.99593695254688],[-53.44956299343946,67.08444555850392],[-53.34943100491407,67.21025427432423],[-53.25116440335157,67.21393927188282],[-53.170311894806645,67.2858081683672],[-52.97809692898633,67.31033667178517],[-53.14671036282422,67.39514502139454],[-53.3949594167793,67.36226233096485],[-53.49412247219922,67.47349890323048],[-53.4684457449043,67.55819281192188],[-53.435761418732426,67.61761816592579],[-53.31903549710157,67.61784704776173],[-53.18010803738477,67.66264685244923],[-52.80789658108594,67.77477606387501],[-52.25998398342969,67.73864325137501],[-51.87598511258008,67.6650806293047],[-51.52680298367383,67.65088232608204],[-51.35653397122266,67.5918155536211],[-50.939362492951176,67.52581366153126],[-50.47708984890821,67.48220404239063],[-50.49110886135938,67.64538153262501],[-50.35670944729688,67.89093359561329],[-50.49096008816602,67.97258337588673],[-50.94993683377149,68.09095343203907],[-51.56045242825391,68.2315860614336],[-51.96674057522657,68.30552252383595],[-52.68336578884961,68.45371588321095],[-52.84246155300977,68.50580938907032],[-52.691193547638676,68.66340979190235],[-52.33688065091016,68.66408880801563],[-51.67873093167188,68.50049933047657],[-51.213734593781254,68.47891577334767],[-51.00517365017774,68.50921972842579],[-50.95377441922071,68.53928717227345],[-50.913849797638676,68.80927618594532],[-50.87435623684766,68.94456060977345],[-50.60660645047071,68.96008642764454],[-50.36876770535352,68.90792425723438],[-50.26649185696485,68.95322760196095],[-50.27879044094922,69.11117132754688],[-50.36649033108594,69.1938663348711],[-50.76742264309766,69.33636816592579],[-50.6943978933418,69.5328784808672],[-50.45657059231641,69.73762091250782],[-50.572628941925785,69.8662525043047],[-51.11710068264844,69.94110449405079],[-51.63651749173047,69.94015081973438],[-52.16676804104688,70.06875952334767],[-52.9091310171211,70.28938635440235],[-53.25990768948438,70.33472784610157],[-53.6663331655586,70.35698278994923],[-54.00848862210157,70.50991400332813],[-54.373532262238285,70.72469671817188],[-54.30318924466016,70.74024542422657],[-54.15798660794141,70.80991705508595],[-53.88545700589063,70.81042822451954],[-53.628136601837895,70.8186450824297],[-52.68983170071485,70.68165167422657],[-52.36747833767774,70.66685827823048],[-51.80567261258008,70.52941473575001],[-51.15283676663282,70.32332953067188],[-50.824459996613285,70.24730261416798],[-50.799469914826176,70.38535650821095],[-50.93915268460157,70.57715185733204],[-51.3263673452461,70.82296331973438],[-51.40384384671094,71.02361639590626],[-51.6753663686836,71.22444494815235],[-51.893422093781254,71.24730261416798],[-52.19804474392774,71.3553653583086],[-52.035641637238285,71.48001440616017],[-51.79139420071485,71.54270514102345],[-51.720124211701176,71.58955725283985],[-52.03681274929883,71.69804724307423],[-52.53196426907422,71.70492132754688],[-52.813378301056645,71.74341162295704],[-53.32285019436719,71.89084204287892],[-53.71871658841016,71.61697729678517],[-53.86456772366407,71.54661902041798],[-53.98821350613477,71.41414221377735],[-54.38157745877149,71.3047061786211],[-55.0124025014961,71.33458288760548],[-55.476551976593754,71.48911627383595],[-55.61430450955274,71.59785040469532],[-55.62637039700391,71.73035009951954],[-55.42961212674024,71.87128027530079],[-55.29756638089063,72.16119726748829],[-55.366085973175785,72.72777136416798],[-55.10402390042188,72.75197943301563],[-54.79313751736524,72.66567572207813],[-54.626069035919926,72.72125586123829],[-54.55815216580274,72.87157782168751],[-54.73041245022657,73.03760107608204],[-55.14999100247266,73.28298529239063],[-55.3534555105293,73.34626349063282],[-55.77934357205274,73.70446356387501],[-56.18216415921094,74.12061651797657],[-56.67945190945508,74.7005802020586],[-56.93939682522657,74.91901739688282],[-57.77429672757032,75.08952673526173],[-58.07462784329297,75.20451696963673],[-58.20533081570508,75.29522284121876],[-58.22853180447461,75.61058386416798],[-58.63566299954297,75.79326208682423],[-59.0682992605293,75.8425479754961],[-59.78349396267774,75.91648443789845],[-60.651085820587895,76.1077075824297],[-61.507496800812504,76.25751074405079],[-62.46763321438672,76.33999212832813],[-62.91620728054883,76.36447485537892],[-63.65076920071485,76.37993963809376],[-64.00380035916211,76.29492529483204],[-64.47335526028516,76.25186499209767],[-64.83591934719922,76.1670337543047],[-65.47452255764844,76.09859808535938],[-66.02683731594922,76.17316778750782],[-66.68391891995313,76.3066821918047],[-66.54037949124219,75.97068365664845],[-66.56342026272657,75.92873724551563],[-67.03665634671094,75.93623694033985],[-67.61905380764844,76.01897009463673],[-69.04484268704297,76.29375799746876],[-68.35297104397657,76.5486255511797],[-68.14439865628125,76.59984930606251],[-68.18594070950391,76.70160254092579],[-68.37633987942579,76.77777441592579],[-68.85623642483594,76.78535803408985],[-69.85101028958204,76.79198797793751],[-70.21667191067579,76.82532843203907],[-70.4999513296211,76.83332403750782],[-71.05698868313672,77.02849920840626],[-71.44827744046094,77.12186010928517],[-71.18388077298047,77.25953253360157],[-70.61842056790235,77.27779730410938],[-69.25207230130079,77.2117114886797],[-68.34064194241407,77.1963077411211],[-67.73630234280469,77.1888843402422],[-66.78378006497266,77.25932653994923],[-66.30934616604688,77.35474737735157],[-66.17778488675,77.39800604434376],[-66.15340897122266,77.55317267032032],[-66.43559738675,77.682246767],[-66.80472275296094,77.77682074160938],[-67.35228439846875,77.70645483584767],[-67.85181137600782,77.59308966250782],[-68.4412355093086,77.58333929629688],[-68.95322128811719,77.63422735782032],[-69.29207321682813,77.59898718448048],[-69.68751999417188,77.55508001895313],[-69.99364182034375,77.58039435000782],[-70.37952133694532,77.66610296817188],[-70.67803665676954,77.83014257998829],[-71.04520889798047,77.91627081485157],[-71.34299942532422,77.94179876895313],[-71.66946884671094,77.91511114688282],[-71.88843246975782,77.94943579287892],[-72.52538010159375,78.16613348575001],[-72.54527756253125,78.32353552432423],[-72.3832292226875,78.52572973819142],[-72.01876541653516,78.57922705264454],[-71.46276566067579,78.62432440371876],[-70.7802018789375,78.68733557315235],[-69.84684464016797,78.75975378604298],[-69.26627060452344,78.79619177432423],[-68.83852860012891,78.97410925479298],[-68.34851547757032,79.09048040957813],[-67.96912857571485,79.12678869815235],[-66.85430618801954,79.12891729922657],[-66.3587159780586,79.17436560244923],[-65.48489090481641,79.15823706241017],[-65.30409714260938,79.22092016787892],[-65.16448685208204,79.31037481875782],[-64.89053818264844,79.38237341494923],[-64.7995118764961,79.67840155215626],[-64.67545792141797,79.90390356631642],[-64.62318131008985,79.94921454043751],[-65.02371689358594,80.05176886172657],[-65.89964005032422,80.06920965762501],[-66.41940781155469,79.98192938418751],[-66.85121628323438,80.03850897403126],[-67.41029068508985,80.21074255557423],[-67.14280411282422,80.56214483828907],[-66.5216798452461,80.71127661319142],[-65.24133774319532,80.87276800723438],[-64.6083268789375,80.97394903750782],[-63.72541138211133,81.08617743106251],[-62.77484985867383,81.15874823184376],[-62.25126740017774,81.11947210879688],[-61.70533081570508,81.15087469668751],[-61.111805882843754,81.18244513125782],[-60.95673080960157,81.26372870059376],[-60.95171448269727,81.36545141787892],[-61.11219116726758,81.70417364688282],[-61.12241455593946,81.79757269473438],[-60.88732239285352,81.86060675235157],[-60.03867050686719,81.8833194598711],[-59.351918187531254,81.79096563907032],[-58.38867279568555,81.60661657901173],[-57.805268254669926,81.5050464496172],[-57.44419571438672,81.42388495059376],[-57.07404037991407,81.54767950625782],[-57.8196420339668,81.7838321551836],[-58.13328262844922,82.01317938418751],[-58.057797398957035,82.03437384219532],[-57.06813522854688,82.08920630069142],[-56.54333588162305,82.14315374942188],[-55.709225621613285,82.24036749453907],[-54.57519623318555,82.32805975528126],[-54.24669739285352,82.29677923770313],[-53.767933812531254,82.24457892032032],[-53.66354843655469,81.46255835147267],[-53.25270172634961,81.53522833438282],[-53.01039215603711,81.68004187198048],[-52.81596085110547,82.13006170840626],[-52.36427399197461,82.12047155948048],[-51.4623422292793,81.9749942645586],[-50.62612625637891,81.78882177920704],[-49.93803116360547,81.67624243350392],[-49.84602448025586,81.8112979754961],[-50.135853734406254,81.94643744082813],[-50.50304504910352,82.18799933047657],[-50.90543076077344,82.36811407657032],[-50.77243515530469,82.49711950869923],[-50.4385499624336,82.48709448428517],[-49.64758774319532,82.47806128116017],[-49.13649460354688,82.38263281436329],[-47.89701935330274,82.21480902285938],[-47.3191651968086,82.08913763614063],[-46.370263066681645,81.94403418155079],[-45.52521606961133,81.82053717227345],[-44.68298431912305,81.72886999698048],[-44.322804418,81.82313116641407],[-43.95536133328321,82.49050482364063],[-44.102047887238285,82.57641180606251],[-44.68352600613477,82.72695501895313],[-45.212861028107426,82.96670874209767],[-44.89413925686719,83.07786902041798],[-43.81246658841016,83.08030279727345],[-42.47936340847852,83.22789343448048],[-41.88109680691602,83.26275976748829],[-41.19401260891797,83.18616827578907],[-40.19461533108594,82.96682318301563],[-39.48935791531446,82.89145239444142],[-38.58716675320508,82.82771643252735],[-38.452076878937504,83.17000921817188],[-38.58720490017774,83.38235052676563],[-37.39664932766797,83.47525366397267],[-36.4871225027168,83.51127966494923],[-35.32196518460157,83.46865423770313],[-34.4269418386543,83.40296515078907],[-33.57840439358594,83.48393591494923],[-32.513173070343754,83.57699926944142],[-31.59369179287793,83.57906683535938],[-30.757185902985352,83.47897680850392],[-29.936020818146485,83.50346716494923],[-29.344035115631836,83.47088965030079],[-29.06531807461621,83.42636450381642],[-28.817721333893555,83.4720645770586],[-27.941941228302735,83.40635260196095],[-27.173754659088868,83.38556250186329],[-26.420754399689454,83.34231146426563],[-25.323594060333985,82.99988134951954],[-24.707919087799805,82.89126928897267],[-24.102585759552735,82.92551001162892],[-23.59960457363965,82.84991034121876],[-22.432360616120118,82.74334295840626],[-22.23186966458203,82.5596118793047],[-22.368836369904297,82.50545080752735],[-22.58999535122754,82.41913183780079],[-23.34740730801465,82.35327490420704],[-24.383666005524415,82.29774054141407],[-24.902256932648438,82.2434497699297],[-25.4572038320625,82.22100409121876],[-26.118378606232422,82.25143774600392],[-27.392374959381836,82.28057440371876],[-28.39144226590039,82.31035955996876],[-29.016371694000977,82.23453100772267],[-29.74276062527539,82.22236212344532],[-30.612675633820313,82.20986517520313],[-31.134682622345704,82.19813116641407],[-31.80309578457715,82.12261541934376],[-32.00284668484571,82.0694766864336],[-32.598053899201176,81.97361334414845],[-32.74866577664258,81.76472052188282],[-32.41453262844922,81.65156134219532],[-31.266507115753907,81.77827032657032],[-30.65127464810254,81.81073340030079],[-28.890700307282227,81.79370459170704],[-27.89046379605176,81.84788855166798],[-26.84167763272168,81.8501392230547],[-26.393269505890625,81.86151465030079],[-25.974671330841797,81.83114966006642],[-25.17848297634961,81.6360050067461],[-24.876639333161133,81.59542425723438],[-24.387282338532227,81.67901953311329],[-23.63881584683301,81.77379950137501],[-22.947590794953125,81.90018042178517],[-22.063565221222657,81.96482428164845],[-21.79792877713086,81.75696905703907],[-22.05288025418164,81.53975256533985],[-23.09529968777539,81.25213965030079],[-23.53285881558301,81.09987982364063],[-24.109570470246094,80.76941259951954],[-24.05536743679883,80.63131292910938],[-23.911742177399415,80.56283911319142],[-23.553282704743165,80.60284765811329],[-23.33884903469922,80.62295874209767],[-22.611891713532227,80.87178381533985],[-21.817265477570313,81.11350592227345],[-21.181658711823243,81.28657873721485],[-20.414093938263672,81.43065985293751],[-20.065401997956055,81.52346380801563],[-19.31735893765332,81.59698828311329],[-18.58937737027051,81.54714544864063],[-17.96345039883496,81.51765783877735],[-17.289740529450196,81.65280493350392],[-16.973427739533204,81.79840429873829],[-16.465405431183594,81.90362127871876],[-15.498786893280762,81.90568884463673],[-14.746256795319336,81.85518225283985],[-14.252507176789063,81.83540686221485],[-13.713973966034668,81.77421911807423],[-13.20332142392041,81.6717944964922],[-12.705125775727051,81.62130316348438],[-12.563114133270997,81.50860174746876],[-12.644468274506348,81.38583716006642],[-13.530973401459473,81.27225073428517],[-14.201948132904786,81.21013220401173],[-14.76216217556836,80.98785742373829],[-15.012563672455567,80.85772284121876],[-15.734444585236329,80.69778021426563],[-16.440903630646485,80.45099981875782],[-16.91961380520703,80.41103705020313],[-17.332715001496094,80.42967566104298],[-18.04922386685254,80.40871771426563],[-19.045023885163086,80.42615851016407],[-19.715798345001954,80.33725317569142],[-20.04474922695996,80.23965796084767],[-20.267426457794922,79.99886664004688],[-20.192950215729493,79.85377081485157],[-19.315922704132813,79.99120672793751],[-18.604607549103516,80.01177557559376],[-17.769204106720704,79.96663244815235],[-17.76769730130078,79.77737768741017],[-18.102253880890625,79.66893347354298],[-19.17675301113965,79.61304052920704],[-19.38537117520215,79.54992254825001],[-19.48134514370801,79.46026190371876],[-19.551485982331055,79.1926456317461],[-19.763188329132813,78.87305792422657],[-20.06821342984082,78.80182226748829],[-20.544981923493165,78.83621557803517],[-20.878828969391602,78.81792028994923],[-21.25574776211621,78.4126392230547],[-21.69997498074414,77.92346533389454],[-21.767640080841797,77.76732214541798],[-21.56354042569043,77.62942083926563],[-21.3820085195625,77.58661230655079],[-21.111176457794922,77.80318792910938],[-20.77668282070996,77.96861609073048],[-20.391341176422852,77.98672827334767],[-19.335820165070313,77.86724432559376],[-19.177308049591797,77.82422216983204],[-19.059224095734375,77.69463690371876],[-19.08565613308789,77.59961279483204],[-19.640854802521485,77.63309057803517],[-19.943724599274415,77.6411319598711],[-20.174262013825196,77.59753759951954],[-20.235142674835938,77.51124151797657],[-20.104945149811524,77.38247259707813],[-19.314728703888672,77.29812201114063],[-19.064404454621094,77.23859747500782],[-18.253375020416993,77.30013617129688],[-18.016396489533204,77.2063403949297],[-17.92005440274121,77.06113775821095],[-17.942004170807618,76.86507757754688],[-18.05700394192578,76.80533178897267],[-18.882859197052735,76.88879736514454],[-19.626633611115235,76.91295202823048],[-19.97790237942578,76.9463306293047],[-20.56061836758496,76.91118200869923],[-21.182682958039063,76.69747503848438],[-21.552985158356446,76.75621374698048],[-21.77329155484082,76.82378729434376],[-22.250166860016602,76.80584295840626],[-22.37768265286328,76.63589819522267],[-21.75097366848828,76.36662634463673],[-21.217040028961915,76.26655920596485],[-20.632826772125977,76.20877417178517],[-19.88352104702832,76.17657812686329],[-19.5702409414375,76.10999640078907],[-19.32224175015332,75.8927417621172],[-19.199807134064454,75.69277533145313],[-19.193547215851563,75.44353827090626],[-19.388846364411133,75.26109655948048],[-19.56160065213086,75.22774084658985],[-20.142971959503907,75.30926855655079],[-20.511841740998047,75.35820349307423],[-20.67922302761914,75.30823858828907],[-20.668854680451172,75.06076391787892],[-20.615832295807618,74.95428808780079],[-20.423996892365235,74.8816104754961],[-20.14599892178418,74.84161718936329],[-19.82055374661328,74.74500616641407],[-19.409241643341797,74.68106421084767],[-19.070908513458985,74.60894354434376],[-18.898682561310547,74.43975409121876],[-19.051016774567383,74.33468969912892],[-19.42509171048047,74.26963385196095],[-19.7162370351875,74.2127872333086],[-20.502247777375,74.22739752383595],[-21.031514134796875,74.26662787051563],[-21.762257543,74.30548437686329],[-22.028799977692383,74.10398443789845],[-21.780911412628907,74.01619299502735],[-21.152539220246094,73.99332007022267],[-20.679366078766602,73.92206152530079],[-20.353642430695313,73.8105884418047],[-20.313813176544922,73.66680487246876],[-20.329588857086915,73.41964300723438],[-20.388081517609375,73.42206152530079],[-20.87955376187207,73.44250067325001],[-21.440495458039063,73.39368017764454],[-21.708523717316407,73.27388342471485],[-22.269171681793946,73.26490362735157],[-22.82030769863965,73.32747229190235],[-23.49375053921582,73.5092960223711],[-23.90861221829297,73.72402533145313],[-24.076420751007813,73.75567205996876],[-24.56888481655957,73.62692602725392],[-25.009919133576172,73.47462042422657],[-25.498003926666993,73.43389471621876],[-25.76292892971875,73.35379370303517],[-26.415636983307618,73.36849554629688],[-26.826634374054688,73.40751989932423],[-27.262808766754883,73.34302862735157],[-27.440558400543946,73.2870288714922],[-27.51887032070996,73.15983923526173],[-27.51636597195508,73.09634741397267],[-27.35715958157422,72.85914190860157],[-27.03771683255078,72.74911078067188],[-26.460057225617188,72.72649725528126],[-25.778231587799805,72.60948523135548],[-25.072955098541993,72.63444861026173],[-24.477763142975586,72.39153631778126],[-24.136528935822266,72.29006537051563],[-23.919608083161133,72.18848761172657],[-23.38125511685254,72.04067572207813],[-22.817797627838868,71.86973150821095],[-22.648505177887696,71.74521216006642],[-22.43088432827832,71.34115942569142],[-22.029711690338868,71.43508490176563],[-21.90442940274121,71.49748571963673],[-21.72596260586621,71.40459021182423],[-21.591755834015625,71.21096380801563],[-21.56005569973828,71.05624731631642],[-21.47082039395215,70.53233679385548],[-21.54712769070508,70.44007452578907],[-21.713845220001954,70.38606604190235],[-21.957335439118165,70.43162115664845],[-22.20320984402539,70.48489721866017],[-22.615700688751954,70.48410376162892],[-23.084202733429688,70.46792181582813],[-23.753737416657227,70.58956488223438],[-24.040173497589844,70.77374609561329],[-24.227021184357422,71.05899389834767],[-24.38637444058301,71.18250616641407],[-24.913002934845704,71.43744238467579],[-25.29125496426465,71.56889685244923],[-25.627636876496094,71.63056524844532],[-26.120182958039063,71.66856726260548],[-26.354512181671875,71.60583075137501],[-26.78747841397168,71.55832251162892],[-25.84955116787793,71.43570288272267],[-25.694897618683594,71.27300604434376],[-26.08600708523633,71.19479712100392],[-26.329421010407227,71.13240393252735]]],[[[-23.657017674835938,72.47170599551563],[-23.798434224518555,72.66046484561329],[-23.131012883576172,72.67750128360157],[-22.729443517121094,72.61519201846485],[-22.250536885651368,72.49795111270313],[-21.882071462067383,72.36496313662892],[-21.809483495148438,72.14539679141407],[-21.906147923859375,72.05123480410938],[-22.145695653351563,72.02732428164845],[-22.83276077786328,72.26895483584767],[-23.264891591461915,72.37024267764454],[-23.58541199246289,72.44038733096485],[-23.657017674835938,72.47170599551563]]],[[[-54.5744027761543,69.60885199160938],[-54.68687531033399,69.70702704043751],[-54.72269150296094,70.08692511172657],[-54.59369751492383,70.24023779483204],[-54.42833801785352,70.24819525332813],[-54.13745972195508,70.18746527285938],[-53.61670013943555,70.15783270450001],[-53.03749176541211,70.03655584903126],[-52.70118805447461,69.91539343448048],[-52.433556523712895,69.87038763614063],[-52.08398529568555,69.77248724551563],[-51.81285187283399,69.62156256289845],[-51.877411809357426,69.5306812152422],[-51.927941289337895,69.51549109073048],[-52.172604527863285,69.49234350772267],[-52.52107712307813,69.47657354922657],[-52.86744019070508,69.3928409442461],[-53.321713414582035,69.32408484073048],[-53.55149933377149,69.27841528506642],[-53.80711456814649,69.33826788516407],[-54.12526032009961,69.48115881533985],[-54.4859017995918,69.56363257022267],[-54.5744027761543,69.60885199160938]]],[[[8.959858927336914,57.13216360659961],[9.302420649138671,57.165843568757815],[9.448685679045898,57.22761496158008],[9.849259409514648,57.58178671450977],[10.28952125033496,57.671859346345705],[10.390136751738769,57.660594545320315],[10.479459795562011,57.759131990388674],[10.558055910674316,57.74505194278125],[10.401182207671386,57.505878053621096],[10.45072844943164,57.45803030581836],[10.46283725222705,57.24166067691211],[10.333290133086425,57.17146261783008],[10.256552729216796,57.00591238589649],[9.503004107085449,56.97506292910938],[9.33376124819873,57.02273901553516],[9.141241106597167,57.008712373689455],[9.078547510710937,57.036761842683596],[8.97088054141162,57.00029715152149],[8.847024950591308,56.98628195376758],[8.778081926909667,56.798480592683596],[8.665981325713378,56.700458131746096],[8.507121119109375,56.64726599307422],[8.470928225127441,56.59688910098438],[8.368228945342285,56.66685827823047],[8.183486971465332,56.798480592683596],[8.35887340029834,57.02273901553516],[8.534035715666992,57.140582643464846],[8.661300692168457,57.10409887881641],[8.959858927336914,57.13216360659961]]],[[[8.559559855071289,55.356124483064455],[8.481338533965332,55.3492389545],[8.318970713225585,55.481074892],[8.214038881865722,55.398597322419924],[8.03456691226123,55.47591360659961],[8.125073465911132,55.63582953067188],[8.320030245391113,55.76773413272266],[8.316974672881347,55.848914705232424],[8.116614374724609,56.09225805850391],[8.124479326812011,56.207477174714846],[8.183429751006347,56.43146475406055],[8.308830294219238,56.479205690339846],[8.452236208525878,56.41160162539844],[8.674888643828613,56.357745729402346],[8.868578943816406,56.61611136050586],[9.002701792327148,56.65715750308399],[9.135852846709472,56.46041830630664],[9.311874422637207,56.481124483064455],[9.322062525359375,56.718936525300784],[9.370146784392578,56.882266603425784],[9.834623369780761,56.88994177432422],[10.216188463774902,56.8498493060625],[10.229683909026367,56.60512503238086],[10.313760790435058,56.46947439761524],[10.825824770537597,56.44329031558399],[10.888675722686035,56.36874731631641],[10.75066855868457,56.09728201480274],[10.496092829314453,56.03362616153125],[10.442480120269042,56.15090139956836],[10.293446573821289,56.137069307283205],[10.175156626311523,56.07587393374805],[10.229878458586914,55.95089300723438],[10.147146257964355,55.76489218325977],[10.007120165435058,55.73038824649219],[9.975747141448242,55.62034948916797],[9.690073046294433,55.6048656329668],[9.738321065610545,55.534428382057676],[9.749,55.54],[9.813,55.547],[9.824,55.547],[9.832,55.545],[9.835,55.54],[9.835,55.527],[9.838,55.522],[9.843,55.519],[9.856,55.512],[9.865,55.51],[9.883,55.506],[9.895,55.506],[9.905,55.506],[9.922,55.51],[9.936,55.515],[10,55.541],[10.074,55.557],[10.125,55.568],[10.149,55.574],[10.165,55.579],[10.178,55.584],[10.213,55.599],[10.29,55.615],[10.299,55.617],[10.31,55.617],[10.327,55.612],[10.399,55.589],[10.406,55.586],[10.485,55.532],[10.474,55.515],[10.452,55.482],[10.445,55.479],[10.428,55.468],[10.422,55.464],[10.416,55.453],[10.418,55.447],[10.42,55.442],[10.426,55.439],[10.437,55.438],[10.469,55.437],[10.479,55.438],[10.6,55.483],[10.606,55.486],[10.609,55.492],[10.614,55.519],[10.617,55.564],[10.613,55.592],[10.607,55.602],[10.603,55.607],[10.611,55.617],[10.614,55.619],[10.619,55.619],[10.627,55.617],[10.634,55.61],[10.658,55.59],[10.662,55.585],[10.744,55.497],[10.747,55.491],[10.745,55.482],[10.791,55.363],[10.828,55.307],[10.835,55.294],[10.834,55.29],[10.816,55.205],[10.812,55.186],[10.786,55.128],[10.783,55.122],[10.779,55.118],[10.74,55.067],[10.733,55.064],[10.726,55.062],[10.666,55.061],[10.627,55.061],[10.616,55.061],[10.599,55.058],[10.584,55.053],[10.529,55.029],[10.519,55.029],[10.498,55.029],[10.153,55.084],[10.135,55.117],[10.151,55.122],[10.154,55.127],[10.153,55.133],[10.15,55.137],[10.119,55.179],[10.108,55.186],[10.099,55.188],[10.006,55.193],[9.897,55.28],[9.897,55.286],[9.888,55.337],[9.887,55.342],[9.811,55.437],[9.768,55.467],[9.729,55.474],[9.70448052681578,55.48347343282118],[9.630183252898437,55.45940741153125],[9.543865236846191,55.35126455874805],[9.51656154116748,55.223067842439455],[9.517821344939453,55.128680787996096],[9.421020540801269,54.97648199649219],[9.49598220309375,54.93829306216602],[8.668599161711914,54.88034018130664],[8.616097483245117,54.88736303897266],[8.64507487734912,55.06904562564258],[8.559559855071289,55.356124483064455]]],[[[11.285398516265136,55.18856772036914],[11.230098757354003,55.33680685611133],[11.101924929229003,55.633670412019534],[11.29626182040332,55.67459448428516],[11.567736658660156,55.884776674226565],[11.728052172270996,55.661883912996096],[11.962490114775878,55.58126410098438],[12.052621874419433,55.70307882876758],[12.087997469512207,55.96697577090625],[12.237717661467773,55.98757132144336],[12.444047960845214,55.96765097232227],[12.46922496279834,55.71063192935352],[12.409100565520507,55.54833181949024],[12.344366106597167,55.50770529361133],[12.158434900847656,55.379092775300784],[12.42971900424121,55.244693361238284],[12.301355394927246,55.17028006167774],[12.076974901763183,54.99468954654102],[11.969614061919433,54.95418509097461],[11.90733245333789,55.02129324527149],[11.76722243746875,55.17599829287891],[11.584776911345703,55.162181459382815],[11.285398516265136,55.18856772036914]]],[[[-23.26697060147168,65.72486456485157],[-23.426138844879883,65.82667120547657],[-23.608294454010743,65.9796329364336],[-23.465569463166016,66.13343390078907],[-23.341095891388672,66.13366278262501],[-22.910920110138672,65.94440802188282],[-22.609297719391602,65.92308386416798],[-22.474139180573243,65.9963794574297],[-22.56005569973828,66.11318548770313],[-22.84109398404004,66.28103979678517],[-22.676369634064454,66.39130743594532],[-22.209818807038086,66.28955420108204],[-21.779072728546875,66.25373419375782],[-21.443249669464844,66.12991674991017],[-21.24248978176953,65.88181646914845],[-21.296168294342774,65.69941290469532],[-21.494715657624024,65.56796606631642],[-21.07972046414258,65.20544775576954],[-20.830618825348633,65.36559637637501],[-20.67248245755078,65.42404516787892],[-20.38892647305371,65.47545202823048],[-20.16844650784375,65.55589636416798],[-20.141276326569336,65.65056952090626],[-20.217385259064454,66.00059851260548],[-19.973305669220704,66.11072882266407],[-19.747664418610352,65.90652807803517],[-19.556010213288086,65.76826056094532],[-19.33599564114453,65.67393072696095],[-19.239182439240235,65.66683539004688],[-19.15589424649121,65.72528418155079],[-19.274529424103516,65.92930182071095],[-19.165436711701172,66.00257452578907],[-19.0441236166084,66.01741369815235],[-18.67629906216504,66.09119757266407],[-18.369032826813477,65.89450415225392],[-18.12792679348828,65.78552588076954],[-17.883769002350586,65.75682409854298],[-17.861041036041993,65.83708532901173],[-18.02248283902051,66.07779272647267],[-17.569674458893555,66.01286657901173],[-16.92214104214551,65.97755011172657],[-16.567986455353516,66.02934607119923],[-16.375685658844727,66.13209112735157],[-16.38522240200879,66.45441778750782],[-15.859886136444825,66.4187198504961],[-15.573985066803711,66.20676764102345],[-15.070752110871094,66.06138952823048],[-14.763337102326172,66.05466040225392],[-14.640680280121583,65.94529303164845],[-14.75407120266797,65.69707068057423],[-14.400113072785157,65.5666919574297],[-13.646900144013184,65.49534185977345],[-13.58978840390088,65.43004187198048],[-13.525573697479981,65.18334539981251],[-13.557373967560547,65.00938757510548],[-13.62584396878125,64.89389380069142],[-13.694187131317872,64.77862890811329],[-13.8934249548042,64.72070654483204],[-14.260321584137696,64.71282538028126],[-14.348122563751954,64.66953619571095],[-14.365896191986817,64.47555883975392],[-14.597537961395997,64.2671314105547],[-14.821200337799805,64.19502600283985],[-15.07680889645459,64.2089038714922],[-15.266535725983399,64.28020819278126],[-15.634139981659668,64.05748327823048],[-15.876496282013672,63.99265631289844],[-16.533839192780274,63.78413351626758],[-16.91753860989453,63.73341330142383],[-17.24438187161328,63.732825838044924],[-17.591462102326172,63.689342103914065],[-17.944104161652344,63.424842439607424],[-18.156922307404297,63.36746176333789],[-18.641863789948243,63.32381781192188],[-18.96079155484082,63.33746298404102],[-19.553091969879883,63.4146800860918],[-19.826746907624024,63.47830160708789],[-20.40394684353711,63.69834478946094],[-20.879881825836915,63.74029120059375],[-21.07912346402051,63.711341463044924],[-21.547505345734375,63.71762045474414],[-22.372910466583985,63.77318533511524],[-22.50658890286328,63.865821443513674],[-22.31133743801953,63.951984010652346],[-21.804110494049805,64.11036261172657],[-21.48847481289746,64.3761401996172],[-21.85671326199414,64.38261755557423],[-22.08617874661328,64.4395938739336],[-22.278605428131836,64.61880072207813],[-22.392422643097657,64.66170080752735],[-22.553589787873047,64.62545355410938],[-23.25753113308789,64.57384070010548],[-23.508307423981446,64.55902441592579],[-23.67457672634961,64.65931280703907],[-23.61116692105176,64.74570044131642],[-23.436671224030274,64.80359228701954],[-23.135647740753907,64.84733923526173],[-22.778422322663086,64.85519751162892],[-22.450291600617188,64.90623053164845],[-21.978291478546875,64.9503360614336],[-21.80916496792676,65.03735693545704],[-21.728949513825196,65.18245276065235],[-21.79375931301953,65.29845007510548],[-21.95479675808789,65.37804754825001],[-22.146489110382813,65.38492163272267],[-22.361592259796875,65.44994696231251],[-22.813721623810547,65.47090490908985],[-23.183239903839844,65.42658575625782],[-23.37422844448926,65.35358770938282],[-23.678452458771485,65.31669958682423],[-24.14688774624707,65.43931921573048],[-24.218850102814454,65.53374060244923],[-24.16153618374707,65.60662420840626],[-23.972643819245118,65.68710669131642],[-23.570521321686524,65.68056830020313],[-23.26697060147168,65.72486456485157]]],[[[14.799,55.282],[14.806,55.276],[14.813,55.269],[14.82,55.261],[14.825,55.257],[14.839,55.251],[14.887,55.229],[14.997,55.187],[15.065,55.162],[15.074,55.16],[15.091,55.155],[15.123,55.149],[15.134,55.144],[15.141,55.139],[15.149,55.129],[15.15,55.089],[15.148,55.082],[15.107,55.026],[15.103,55.021],[15.077,55.001],[15.061,54.996],[15.052,54.995],[15.043,54.995],[14.942,55.013],[14.882,55.029],[14.747,55.065],[14.729,55.073],[14.68,55.1],[14.678,55.102],[14.699,55.215],[14.744,55.292],[14.746,55.296],[14.76,55.304],[14.764,55.306],[14.77,55.306],[14.799,55.282]]],[[[11.862,54.743],[11.858,54.689],[11.856,54.683],[11.844,54.669],[11.834,54.661],[11.785,54.64],[11.776,54.641],[11.736,54.645],[11.723,54.651],[11.694,54.656],[11.641,54.662],[11.588,54.664],[11.579,54.663],[11.522,54.642],[11.473,54.623],[11.466,54.62],[11.461,54.619],[11.456,54.619],[11.451,54.621],[11.377,54.647],[11.35,54.659],[11.315,54.676],[11.278,54.7],[11.262,54.707],[11.246,54.712],[11.191,54.726],[11.144,54.737],[11.126,54.74],[11.099,54.742],[11.032,54.756],[11.026,54.759],[11.02,54.763],[10.995,54.783],[10.991,54.787],[10.99,54.791],[11.025,54.814],[11.014,54.89],[11.014,54.896],[11.027,54.91],[11.032,54.915],[11.042,54.923],[11.058,54.935],[11.071,54.941],[11.119,54.951],[11.136,54.954],[11.164,54.957],[11.193,54.957],[11.24,54.957],[11.276,54.95],[11.288,54.943],[11.331,54.919],[11.336,54.916],[11.34,54.911],[11.347,54.896],[11.351,54.892],[11.361,54.884],[11.393,54.868],[11.409,54.862],[11.514,54.83],[11.564,54.822],[11.643,54.878],[11.642,54.901],[11.642,54.904],[11.644,54.906],[11.649,54.907],[11.657,54.904],[11.709,54.875],[11.735,54.855],[11.845,54.77],[11.849,54.766],[11.862,54.746],[11.862,54.743]]]]}},{"type":"Feature","properties":{"name":"India","subject":"India","partOf":"India","borderPrecision":3,"color":"#a88992"},"geometry":{"type":"MultiPolygon","coordinates":[[[[56.15673354586718,25.96647986026172],[56.29730895480273,26.15973051638965],[56.36705306491015,26.23611982913379],[56.40502837618945,25.861381135896487],[56.214846644011715,25.5433421954668],[56.16130736788867,25.473344407991213],[56.10691359957812,25.462379060701174],[56.06258681735156,25.49111708255176],[56.064177546111324,25.57037504763965],[56.11254027804492,25.70479353518848],[56.2241812082207,25.894107423738284],[56.15673354586718,25.96647986026172]]]]}},{"type":"Feature","properties":{"name":"Yugoslavia","subject":"Yugoslavia","partOf":"Yugoslavia","borderPrecision":3,"color":"#8f9a74"},"geometry":{"type":"MultiPolygon","coordinates":[[[[15.548222574797851,44.229346834138674],[15.28594401797412,44.32891806216602],[14.98910621127246,44.54002722354297],[14.906961474028808,44.72332342715625],[14.945532831755859,44.92658957095508],[14.815391573516113,45.07786902041797],[14.624427699660593,45.27459544733715],[14.524585756865722,45.26628454776172],[14.524190241417882,45.266416170406494],[14.60423414647198,45.646364200395276],[14.261167631679626,45.95438808935758],[14.140745735586886,46.43325753192397],[14.392945322600585,46.436927400544924],[14.521769556609375,46.36872824283008],[14.81286052188037,46.59343298526172],[15.067858728972656,46.64159353824024],[15.450037035552246,46.6054759845293],[15.583985361663085,46.69379385562305],[15.984578165618164,46.64159353824024],[15.947394404021484,46.81826742740039],[16.25957396945117,46.888804994539065],[16.39636710604785,46.62312277408008],[16.560086283293945,46.47294195742969],[16.656750712004882,46.38426931949024],[17.292401346770507,46.10867651553516],[17.794407877532226,45.806651674226565],[18.055813822356445,45.762698732332034],[18.356125864592773,45.78375967593555],[18.55100158175586,45.79777868838672],[18.816056284514648,45.889117799714846],[19.50673201998828,46.12713202090625],[19.906415018645507,46.16173132510547],[20.31473449191211,46.131507478669924],[20.33922294100879,45.99261053653125],[20.595047983733398,45.912471376375],[20.68108848055957,45.805648408845705],[20.772049936858398,45.789630495027346],[20.73825934847949,45.629466615632815],[20.784533533660156,45.576087556794924],[20.758687052336914,45.536456666902346],[21.07910636386035,45.324534975007815],[21.32853606661914,45.26117666812305],[21.466031107512695,45.2080150470293],[21.49739364108203,45.14403494449024],[21.411772760955078,45.08694418521289],[21.355780634490234,45.021442018464846],[21.438292536345703,44.99479254336719],[21.54576781710742,44.95756109805469],[21.424141916838867,44.92547186465625],[21.34424880465625,44.88314779849414],[21.367487940398437,44.80874975772266],[21.47765258273242,44.79280050845508],[21.583313974944335,44.79280050845508],[21.591851267424804,44.707782350496096],[21.858902964202148,44.68122061343555],[21.94650939425586,44.618777833894534],[22.13289741000293,44.511233888582034],[22.199408564177734,44.56434591861133],[22.29590133151172,44.691852174714846],[22.409525904265625,44.75029715152149],[22.691102060881835,44.638717256501955],[22.742365870085937,44.58028372378711],[22.58481505831836,44.58559759707813],[22.440566095916015,44.49529989810352],[22.505961451140625,44.34659918399219],[22.69400123080371,44.26309164615039],[22.546538385955078,44.107677064851565],[22.373913797942382,43.93929251284961],[22.293355021086914,43.803634248689455],[22.31809142550586,43.68145712466602],[22.91516402682422,43.176402650789065],[22.927821192351562,43.0864330157793],[22.792252573577148,42.95067175479297],[22.44946578463672,42.800941072419924],[22.338395151702148,42.66535147281055],[22.33493140658496,42.43402823062305],[22.32924178561328,42.34032019229297],[22.326350245085937,42.292674623445315],[22.38622191866992,42.196666322664065],[22.686179194060546,42.0634723529375],[22.847229990569335,41.89104422183399],[22.948493036833984,41.679812990144534],[22.946038279143554,41.455272279695315],[22.899088892546875,41.32034262271289],[22.920243296233398,41.230689607576174],[22.69236663302539,41.158919893220705],[22.452584299651367,41.048621736482424],[22.172940287200195,41.07271536441211],[22.01024535616992,41.09105261416797],[21.84570029696582,41.01964148135547],[21.66838744601367,40.82640799136524],[21.39526084384082,40.76083334536914],[21.031638178435546,40.726790986970705],[20.7069750162041,41.00056418033008],[20.572821650115234,41.301143251375],[20.539563212004882,41.58959158511524],[20.59892180880664,41.782420717195315],[20.582966837493164,41.880714021638674],[20.574980768767578,41.92991217227344],[20.245184931365234,42.319800935701174],[20.072997126189453,42.48589285464649],[20.047053370085937,42.48752173037891],[19.88456061801074,42.49771078677539],[19.557698282805664,42.54732855410938],[19.434618982878906,42.424571596101565],[19.30881408175586,42.19264944644336],[19.368660959807617,42.000342927888674],[19.36771300753711,41.84637030215625],[19.338465723601562,41.86202200503711],[19.14303687533496,41.93209036441211],[19.135544809905273,41.99954184146289],[18.909899744597656,42.217792116121096],[18.52864364108203,42.35274466128711],[18.51358893832324,42.362140260652346],[18.248711618987304,42.52743872256641],[18.001368555632812,42.69445761294727],[17.64638045748828,42.864600740388674],[17.59567931613086,42.888900361970705],[17.547980341521484,42.92011984439258],[17.075087580291015,43.22274740786914],[16.992262873259765,43.32271536441211],[16.639813456145507,43.38973578067188],[16.548510584441406,43.461314760164065],[16.366747889128906,43.51302298159961],[16.059407267180664,43.4334789142168],[15.912835154143554,43.65224798770313],[15.412318262664062,43.934756837800784],[15.390921945294636,43.959598234128116],[15.446029582631256,44.232058996386634],[15.548222574797851,44.229346834138674]]]]}},{"type":"Feature","properties":{"name":"Italy","subject":"Italy","partOf":"Italy","borderPrecision":3,"color":"#b47c6f"},"geometry":{"type":"MultiPolygon","coordinates":[[[[8.417174372283203,39.212203584626955],[8.374221834746582,39.307845674470705],[8.465033564177734,39.639937959626955],[8.508480105010253,39.946475587800784],[8.487975153533203,40.20879705996875],[8.428189310637695,40.464854799226565],[8.201552424041015,40.66299780459766],[8.159486803618652,40.7846752032793],[8.240707430449707,40.85533865542774],[8.405552897063476,40.86208304019336],[8.766072306243164,40.8628002032793],[8.918423685637695,40.94002493472461],[9.306203875151855,41.18444784732227],[9.59085181674121,40.902911745027346],[9.793739351836425,40.56368216128711],[9.787847551909667,40.44195517154102],[9.69572356661914,40.31368979068164],[9.630800280181152,40.09585531802539],[9.698009523955566,39.69349630923633],[9.648338350859863,39.45721396060352],[9.478920015898925,39.14415701480274],[9.29627517184375,39.23312338443164],[9.062541994658691,39.21989019961719],[8.998516115752441,39.175094209626955],[8.931367907134277,39.05370291324024],[8.819559130278808,38.976913057283205],[8.696099314299804,38.99581106753711],[8.582376513091308,39.06576880069141],[8.417174372283203,39.212203584626955]]],[[[13.868404421416503,37.15695150943164],[13.01156714877246,37.52489431949024],[12.636879000273925,37.581500612214846],[12.532035860625488,37.63867148013477],[12.454147371855957,37.766009889558596],[12.516644510833007,37.91916998477344],[12.664325747100097,38.07249792666797],[12.782839808074218,38.11737783999805],[13.06595233401416,38.066932283357424],[13.322475466338378,38.22051199527149],[13.627963099089843,38.02980764956836],[13.80953029116748,37.966415010408205],[14.134472879973632,37.973453126863284],[14.765865358916503,38.0576129779375],[15.386741671172363,38.20554693789844],[15.453687700835449,38.16741522403125],[15.472892794219238,38.110057435945315],[15.422523531523925,38.05257376284961],[15.181032213774902,37.68228109927539],[15.112180742827636,37.45903357119922],[15.116248163787109,37.286944948152346],[15.301346811858398,37.057899080232424],[15.220631632415039,37.000377260164065],[15.027343782988769,36.74511679263477],[14.942398104277832,36.738563142732424],[14.622022661772949,36.776141725496096],[14.21591285189746,37.0493236407793],[13.868404421416503,37.15695150943164]]],[[[13.437729868499023,45.638431154207034],[13.367695841399414,45.69448813052539],[13.156165155974609,45.72652395816211],[13.10460856875537,45.58238562198047],[12.898650202361328,45.55837210269336],[12.448155436125976,45.39428671450977],[12.48321250399707,45.46231421084766],[12.279743227568847,45.40228994937305],[12.251417193022949,45.29028280825977],[12.180371317473632,45.27027853579883],[12.176189455596191,45.21429022403125],[12.312513384429199,45.178294740632815],[12.322136911956054,45.0423656329668],[12.408988031951171,44.9890094623125],[12.523090395537597,44.88275106997852],[12.47604468783496,44.787086091951174],[12.273584398833496,44.67263754458789],[12.280731234160644,44.55012472720508],[12.34507659396289,44.30104025454883],[12.697230372039062,43.934756837800784],[13.600871119109375,43.53480490298633],[13.731556925383789,43.37416037173633],[13.791634592620117,43.12334402652149],[13.915090593901855,42.87276419253711],[14.092769655791503,42.60952719302539],[14.404933008757812,42.35311087222461],[14.519309076873046,42.22970160098438],[14.719955477324707,42.141761384919924],[14.738527330962402,42.047156892732424],[14.922405275908691,41.97177084536914],[15.44860557040332,41.856727205232424],[16.012843165007812,41.90432318301563],[16.187411341277343,41.84086187930469],[16.19841483554004,41.745669923738284],[15.98914626559375,41.634646974519534],[15.87325385531543,41.50214346499805],[15.991044077483398,41.40614279361133],[16.420268091765625,41.278724275544924],[16.945963892546875,41.093814454988284],[17.31927207430957,40.92925222964649],[18.03391936740039,40.59665258975391],[18.05994132479785,40.513534151033205],[18.383612665740234,40.307750307039065],[18.5226488443291,40.09413107486133],[18.43367866000293,39.89840658755664],[18.36491874179004,39.746722780183596],[18.160130533782226,39.87313421817188],[18.01706794222949,39.947894655183596],[17.967745813933593,40.16689261050586],[17.849604639617187,40.24349554629688],[17.619149241057617,40.2878375873125],[17.40165046176074,40.29192694278125],[17.204171213713867,40.39794119449024],[17.24280265292285,40.49576147647266],[17.084080729094726,40.52511175723438],[16.948712381926757,40.481090150789065],[16.844130549041015,40.363135896638674],[16.727564844695312,40.183604799226565],[16.604413065520507,40.089908204988284],[16.623852762786132,39.96775396914844],[16.535006556121093,39.83156546206836],[16.53210166415332,39.697513185457034],[16.87398627719043,39.543651185945315],[17.149069819060546,39.42180212588672],[17.10741904696582,39.28047140689258],[17.120997461882812,39.08602102847461],[17.180712732878906,39.02220877261524],[17.09468940219043,38.915023408845705],[16.79769996127246,38.92585714908008],[16.613329920378906,38.82732733340625],[16.522202524749023,38.72502478213672],[16.572001490203125,38.45711859317188],[16.33069327792285,38.320743165925784],[16.052943262664062,37.93117483706836],[15.785237345305664,37.909705720857424],[15.710227045623046,37.94143637271289],[15.62747577151416,38.00421103091602],[15.626577410308105,38.23308142276172],[15.790868792144042,38.296397767976565],[15.933466944304687,38.53991659732227],[15.827300104705078,38.62273367495899],[15.989846262541992,38.73476370425586],[16.152209314910156,38.70126684756641],[16.212225946990234,38.77795370669727],[16.17720893344043,38.93099173159961],[16.082562479583007,39.01247366519336],[15.989552530852539,39.4283519610918],[15.824671778289062,39.660628877595705],[15.757021936980468,39.93362768741016],[15.666200670806152,40.091861329988284],[15.51592448672412,40.06594809146289],[15.432033571807128,39.988971315339846],[15.027263674346191,40.212195955232424],[14.898671183196289,40.241458497957034],[14.99232009371875,40.37221869082813],[14.951005014983398,40.55147894473438],[14.74331763705371,40.70481451602344],[14.33412745913623,40.593604646638674],[14.349769625273925,40.64252432437305],[14.494590792266113,40.72996100039844],[14.370310816375,40.85147055240039],[14.239995989409667,40.852943025544924],[14.05087378939746,40.76751288028125],[13.94187835177539,40.99803503604297],[13.852500948516113,41.09095724673633],[13.797006640044433,41.19344671817188],[13.498390230742675,41.301864229158205],[13.271446261016113,41.31423910708789],[12.97677710970996,41.371375642732424],[12.641516718474609,41.53109701724414],[12.394848856536132,41.72954901309375],[11.963433298674804,42.00474127383594],[11.497365030852539,42.376353822664065],[11.104763063994628,42.549083314851565],[10.742755922881347,42.850509248689455],[10.487745318022949,43.235938631013674],[10.292479548064453,43.70543631167774],[10.136747393218261,43.904769502595705],[9.909300837126953,44.110477052644534],[9.691935572234375,44.219600282625],[9.157044443694335,44.37323721499805],[8.896585497466308,44.43718679995899],[8.671724352446777,44.417403779939455],[8.186360392180664,44.12639959903125],[7.97952655276416,43.964915834382815],[7.689120325652343,43.88704641909961],[7.552810225096923,43.867450319246096],[7.618774447051269,44.078311525300784],[7.591079744902832,44.204696260408205],[7.209197077361328,44.17309530825977],[6.869778189269287,44.34917028994922],[6.782917532531005,44.54787405581836],[6.924694094268066,44.71501883120899],[7.003469976989013,44.71953543277149],[6.942603621093017,44.86865194888477],[6.665318045226318,44.95452078433399],[6.507319483367187,45.115707002595705],[6.703588518706542,45.199195466951174],[6.7859282823479,45.14932211490039],[7.029197249022705,45.30801733584766],[7.11911395510791,45.430484376863284],[6.925548586455566,45.516681276277346],[6.914330515471679,45.64829596133594],[6.674510035125,45.80327185244922],[6.955283197966796,45.93890341372852],[7.22479489764331,45.910934053376955],[7.506788763610107,46.002513490632815],[7.789928946105224,45.92696722598438],[7.913880381194335,45.99897726626758],[8.070898089019042,46.19337423892383],[8.024794611541015,46.28884466739063],[8.374507937041503,46.47075995059375],[8.381559404937011,46.28429754825],[8.621939692107421,46.12065847964649],[8.761700663176757,46.088843904451174],[8.717579874602539,46.00704535098438],[8.890725168791992,45.86623724551563],[9.018927607146484,45.93436010928516],[9.026975664702636,46.17519339175586],[9.218277010527832,46.34795721621875],[9.210068735686523,46.4980541095293],[9.376799616423828,46.53445013614063],[9.44099715670703,46.37523611636524],[9.544866594878417,46.31158407779102],[9.642048868743164,46.32522162051563],[9.67374041995166,46.37979086490039],[9.884957346526367,46.402530275300784],[9.994528803435546,46.25247534366016],[10.097109827605468,46.438914857820315],[9.987427744475585,46.4980541095293],[10.023653063384277,46.62089880557422],[10.151240381804687,46.66186483950977],[10.23034385165332,46.58925589175586],[10.372107538787109,46.566302858308596],[10.389193567839843,46.65275915713672],[10.338723215666992,46.74834784121875],[10.395699534026367,46.88741263003711],[10.679364237395507,46.8102985248125],[10.947841677275878,46.794879518464846],[11.095800432769042,46.97994955630664],[11.260845217314941,47.02315481753711],[11.342970881072265,46.986129365876955],[11.543255838958007,47.03549154849414],[11.678601297942382,46.98921164126758],[12.064329180327636,47.09104498477344],[12.074753794280273,46.92750509829883],[12.217808756438476,46.88431891055469],[12.361854586211425,46.708541475251955],[12.951894793120605,46.597457490876955],[13.354013475981933,46.56066092105274],[13.568899187651855,46.51042517276172],[14.036648783293945,46.48105963321094],[14.117423090544921,46.43291815371875],[14.140745735586886,46.43325753192397],[14.261167631679626,45.95438808935758],[14.60423414647198,45.646364200395276],[14.524190241417882,45.266416170406494],[14.354488405791503,45.32289084048633],[14.238621744719726,45.062354646638674],[14.17460826357959,45.010387025789065],[14.188512835112792,44.94254644961719],[14.060400042144042,44.89470251651172],[13.991256746855957,44.783099733308596],[13.895102533904296,44.75918158145313],[13.672059092131835,45.050357423738284],[13.629036268576202,45.07426416775247],[13.526890787688476,45.45431097598438],[13.50614843757813,45.49899121245987],[13.570664548852118,45.484992573854676],[13.595242115051732,45.52267328979589],[13.799984011260253,45.56637152285938],[13.67318061312793,45.71450766177539],[13.564614328948242,45.72652395816211],[13.437729868499023,45.638431154207034]]],[[[15.149468454924804,44.23992880435352],[15.274405512419921,44.23661383242969],[15.446029582631256,44.232058996386634],[15.390921945294636,43.959598234128116],[15.149468454924804,44.23992880435352]]],[[[14.643055,44.966942],[14.638611,44.96860500000014],[14.56291,45.019985],[14.486944,45.033333],[14.479721,45.037498],[14.46361,45.04805],[14.439444,45.067497],[14.433332,45.072495],[14.428888,45.078331],[14.428055,45.086105],[14.429165,45.090271],[14.46406,45.124554],[14.523697,45.144974],[14.539165,45.23944100000011],[14.549166,45.246109000000104],[14.5525,45.248329000000126],[14.557777,45.248055],[14.583055,45.241943],[14.588055,45.240555],[14.591665,45.238609],[14.595554,45.232216],[14.657776,45.122772],[14.704166,45.068329],[14.7925,45.009163],[14.806665,44.996384],[14.813332,44.987778],[14.815554,44.980553],[14.814444,44.976662],[14.804998,44.969444000000124],[14.760555,44.942497],[14.755833,44.941383],[14.73361,44.939995000000124],[14.721388,44.940277],[14.698332,44.947777],[14.643055,44.966942]]],[[[14.459159,44.780621],[14.473864000000106,44.760197],[14.470554,44.740555],[14.475497,44.700562],[14.506388000000129,44.67083],[14.529165,44.640274],[14.531387,44.63333100000011],[14.529999,44.630554],[14.518332,44.615273],[14.515276,44.612778],[14.493332,44.606384],[14.488054,44.605827],[14.483889,44.607773],[14.451111,44.626389],[14.38944400000014,44.695],[14.388902,44.732422],[14.374197,44.74876],[14.365211,44.797775],[14.331388,44.849716],[14.316195,44.886822],[14.294137,44.9072460000001],[14.296588,44.93175500000012],[14.308842,44.947277],[14.339443,44.917221],[14.343332,44.914993],[14.359165,44.907776],[14.365,44.906944],[14.387499,44.90583],[14.39277600000014,44.906662],[14.396944,44.908051000000114],[14.399166,44.91111],[14.400276,44.915276],[14.3925,44.956108],[14.357222,45.038605],[14.353888,45.04527300000012],[14.35166500000014,45.04833200000013],[14.343054,45.05555],[14.339167,45.057777],[14.32111,45.06388900000013],[14.313889,45.06805400000013],[14.308054,45.073051],[14.275276,45.103333],[14.273611,45.11499800000013],[14.273333,45.119164],[14.27611,45.126663],[14.305832,45.167496],[14.311666,45.172775000000115],[14.315277,45.174995],[14.32,45.175827],[14.348331,45.168327],[14.357777,45.16527600000012],[14.363609,45.16055300000011],[14.36972,45.151382],[14.368610000000103,45.147217],[14.365,45.145271],[14.362221,45.142494],[14.358055,45.136108],[14.353888,45.119164],[14.358889,45.101105],[14.376944,45.052498],[14.41,45.004715],[14.418888,44.99305],[14.426388,44.984718],[14.464061,44.982403],[14.476315,44.95953],[14.462426,44.950542],[14.455074,44.909698000000105],[14.445271,44.878654],[14.459444,44.8274990000001],[14.465694,44.809216000000106],[14.459159,44.780621]]],[[[14.861944,44.721664],[14.865276,44.7066650000001],[14.861111,44.705276],[14.846666000000141,44.702499],[14.840832,44.703331000000105],[14.836666,44.704994],[14.74111,44.762772],[14.699828,44.764023],[14.659252,44.794735],[14.687993,44.79530000000011],[14.699828,44.806572],[14.726944,44.797218],[14.710278,44.820274],[14.695276,44.829437],[14.686666,44.836937],[14.684999,44.840271],[14.686943,44.84333],[14.72361,44.853333000000134],[14.74499900000012,44.847496],[14.758888,44.838608],[14.757311,44.80375300000014],[14.778726,44.79248],[14.825219,44.762333],[14.861944,44.721664]]],[[[14.51111,44.474159],[14.367498000000126,44.59027100000014],[14.347776,44.655273000000136],[14.336111,44.699165],[14.335278,44.707222],[14.3375,44.710274],[14.343332,44.710274],[14.380554,44.697777],[14.384998,44.696106],[14.390833,44.691383],[14.393055,44.688332],[14.395277000000135,44.681389],[14.395555,44.67305],[14.393888,44.659439],[14.394165,44.62999700000012],[14.396666,44.623055],[14.407221,44.60388200000011],[14.416111,44.59221600000012],[14.426388,44.581665],[14.476665,44.535828],[14.489721,44.526665],[14.504166,44.522499],[14.515833,44.51249700000011],[14.530554,44.497772],[14.534443,44.491661],[14.534443,44.487495],[14.529999,44.477219000000105],[14.521944,44.474159],[14.516666,44.473328],[14.51111,44.474159]]]]}},{"type":"Feature","properties":{"name":"Oman (British Raj)","subject":"United Kingdom","partOf":"Oman (British Raj)","borderPrecision":3,"color":"#739b91"},"geometry":{"type":"MultiPolygon","coordinates":[[[[56.40525725802539,24.91874846072559],[56.40537551364062,24.81950720401172],[56.61079696139453,24.47688253970508],[56.79418853243945,24.26761396975879],[57.14619735201953,23.98247107119922],[57.45101455172656,23.80522307010059],[57.90421584567187,23.57111319156055],[58.080718073455074,23.501605592683596],[58.20529464205859,23.495515428499026],[58.46465590914843,23.508771501497073],[58.62849334200976,23.458295427278323],[59.021636042205074,23.020764909700198],[59.2543211313164,22.7290054187334],[59.46142104586718,22.53886564822559],[59.82569030245898,22.37445219607715],[59.837283167449215,22.279178224519534],[59.5356932016289,21.80205114932422],[59.2588491769707,21.477447114900393],[58.86135390719531,21.11447676272754],[58.51204970797656,20.421229921296877],[58.403086695281246,20.357472978547854],[58.15044692477343,20.39505537600879],[58.0443716379082,20.43295057864551],[57.93127349337695,20.400937639192385],[57.80608275851367,20.171960435823244],[57.77755263766406,19.66999014468555],[57.77842620333789,19.3142104968584],[57.83862975558398,19.034806810334963],[57.65703490695117,18.970885835603518],[57.18620971163867,18.938108049348635],[56.90431121310351,18.81680067630176],[56.73888686617968,18.689376436189455],[56.60859969576953,18.466741167024416],[56.54936126193164,18.218829713777346],[56.45755294283984,18.091561876252932],[56.25759032687304,17.97677382083301],[56.01284316500781,17.93178518863086],[55.88154509982226,17.931510530427737],[55.70811751803515,17.95018347354297],[55.561072382537105,17.937171541169924],[55.38948729952929,17.80974157901172],[55.290408167449215,17.676099382356448],[55.2344351144707,17.447261415437502],[55.23563674410937,17.288434587434573],[55.19483855685351,17.148564897493166],[54.910613092986324,16.97005995364551],[54.756079706755855,16.95067175479297],[54.40687468966601,17.04522093387012],[54.084258112517574,17.01911886783008],[53.681250605193355,16.897540651277346],[53.33573440035937,16.763379655793948],[53.20845321139453,16.718633256868166],[53.02094939669726,16.65376814456348],[52.91244033297656,16.791135393098635],[52.69491866549609,17.101180635408205],[52.697539362517574,17.234618745759768],[52.64049819430468,17.348636232332034],[52.220896753874996,17.962440095857424],[51.94877150973437,18.399215303376955],[51.847502741423824,18.68451651187305],[51.80605224093554,18.982875429109377],[52.56736663302539,19.34944876284961],[53.624358210173824,19.895621858552737],[56.03019240817187,21.237395845369143],[55.96019652804492,21.891305528596682],[55.69875243624804,22.302699647859377],[55.67000487765429,22.38511999698047],[55.65924743136523,23.318858705476565],[55.65806106051562,23.74446638675098],[55.89931395968554,24.012666307405276],[55.988902124968746,24.165641389802737],[55.9556150766289,24.76255377383594],[56.0040884347832,24.940692506746096],[56.18477157076953,24.903623186067385],[56.40525725802539,24.91874846072559]]]]}},{"type":"Feature","properties":{"name":"British Raj","subject":"United Kingdom","partOf":"British Raj","borderPrecision":3,"color":"#739b91"},"geometry":{"type":"MultiPolygon","coordinates":[[[[91.94604781588671,21.362578950837893],[91.84590438326953,21.908670030549807],[91.57107070407031,22.543313585237307],[91.41017440280078,22.720834337190432],[91.08137801608203,22.561330400422854],[90,22.560958467439455],[90,22.325391374543948],[90,22.134809099153323],[90,22.05844648929004],[90,22.0199046954668],[90,21.930253587678713],[89.90268996676562,22.107825838044924],[89.86968520602343,22.13322790713672],[89.796336207,21.832069002107424],[89.67017653903125,21.719838701204104],[89.57895186862109,21.70058210940723],[89.4566145273125,21.94171293826465],[89.23388198336718,21.65538176150684],[89.07225326022265,21.77433928103809],[88.99476912936328,21.62947615237598],[89.02553847750781,21.546960435823244],[88.88093856295703,21.51488646121387],[88.7234602304375,21.53995283694629],[88.65697768649218,21.857440553621096],[88.56759932955859,21.89536627383594],[88.45388320407031,21.73631437869434],[88.37705520114062,21.577336870149416],[88.29957107028125,21.551770769075198],[88.24792769869921,21.596122346833987],[88.12160781344531,21.86265143008594],[88.05304244479296,21.93874128909473],[87.86748794039843,21.696960054353518],[87.64071944674609,21.563081346467776],[87.19423964938281,21.384255968049807],[86.93719771823046,21.288428865388674],[86.81869796237109,21.186534486726565],[86.7961912485039,21.13566931338672],[86.84421065768359,20.875316225007815],[86.92611220797656,20.69125898929004],[86.77521041354296,20.46860083194141],[86.63785079440234,20.31910666079883],[86.63238051852343,20.20364721866016],[86.38562301119921,20.01674421878223],[86.11916640719531,19.806542955354494],[85.90894607028125,19.723508439973635],[85.71477797946093,19.697682939485354],[85.37910750826953,19.60537489505176],[85.1132078500664,19.442306123689455],[84.90661910494921,19.18141134829883],[84.65877059420703,18.933131776765627],[84.26272872408984,18.455840669587893],[83.98768142184375,18.20749434085254],[83.68471816500781,18.08344992251758],[83.3813963266289,17.71067961306934],[83.0769758554375,17.500392518953127],[82.74959090670703,17.33451994510059],[82.54642013033984,17.226087175325198],[82.35399917086718,17.085914216951174],[82.26742080172656,16.857019029573244],[82.23458388766406,16.647302232698244],[82.08141616305468,16.46274145694141],[81.78898147067187,16.32870253177051],[81.59676650485156,16.30287703128223],[81.36909774264453,16.34686430545215],[81.2531004281914,16.22591169925098],[81.08790114840625,15.826792322114748],[80.96311477145312,15.723398767427248],[80.73596480807421,15.837270341829104],[80.45975783785937,15.773146234468264],[80.3002195688164,15.64574297519092],[80.16343215426562,15.391318880037112],[80.0894041391289,15.175155244783205],[80.08706954440234,14.946433626130862],[80.16166213473437,14.254099451020998],[80.16971877535937,13.89198549838428],[80.07589248141406,13.669416986421389],[80.17812636813281,13.52351626010303],[80.31988051852343,13.333213411287112],[80.31345656832812,13.104481302217287],[80.22375777682421,12.831091485933108],[79.92280868014453,12.106162630037112],[79.76935103854296,11.730975709871096],[79.71073440035937,11.444942079500002],[79.73182967623828,11.152719102815432],[79.82626632174609,10.358728013948244],[79.78994277438281,10.250633798555178],[79.50091842135546,10.250013910249514],[79.30626967867968,10.255945764497561],[79.2224836679375,10.192222200349612],[79.07228377780078,9.759851060823244],[78.92660811862109,9.492679201082034],[78.93772414645312,9.435519777253909],[79.15964797457812,9.277156434968752],[78.79764846285937,9.130231462434573],[78.66012862643359,9.123585306123537],[78.31383803805468,8.995764337495608],[78.18113234957812,8.81121214480762],[78.13577559908984,8.499774537996096],[78.06494430026171,8.385257326082034],[77.89976027926562,8.257814966157717],[77.66318038424609,8.142932496980471],[77.61860946139453,8.117421709016604],[77.58883956393359,8.09830530734424],[77.48439315280078,8.028187356904787],[77.41947463473437,8.028042398408694],[77.34137252291796,8.053283296541018],[76.70353225192187,8.706356607393069],[76.66238692721484,8.884175859407229],[76.53785994967578,9.11899908633594],[76.38528731783984,9.747702203706545],[76.07506087741015,10.553955636934084],[75.65175155123828,11.423489175752444],[75.21094039401171,12.102367959932131],[74.9617414804375,12.876961313203616],[74.73362258395312,13.683358751252932],[74.40150741061328,14.419635377839846],[74.03218368014453,15.058832727388186],[73.84143355807421,15.390475831941409],[73.57273391207812,16.037927232698244],[73.40928939303515,16.558538042024416],[73.06422713717578,18.031716905549807],[72.85335067233203,19.244680009797854],[72.78251174410937,19.94968756289844],[72.75949386080859,20.057649217561526],[72.86443618258593,20.311982713655276],[73.10968306979296,20.687320314363284],[73.1128645273125,20.827090822175784],[72.93113234957812,20.95375784488086],[72.76573470553515,21.150355897859377],[72.71466353854296,21.436120592073244],[72.6659422250664,21.848943315461916],[72.69562056979296,22.128535829500002],[72.31904891451953,22.11503180117969],[72.2329817148125,22.01955183596973],[72.12713912448046,21.8287425860918],[72.13103774508593,21.746179185823244],[72.25569442233203,21.632083497957034],[72.28899672946093,21.549569688752932],[72.25619796237109,21.352563463166994],[72.12086013278125,21.155339799836916],[71.89442733248828,20.989677034333987],[71.52892592867968,20.823730073884768],[71.30259231051562,20.772426210359377],[71.02444747408984,20.657476030305666],[70.8550520273125,20.650762163118166],[70.467478785125,20.77700003238086],[70.20994857272265,20.94797857852344],[69.75222304782031,21.398070894197268],[69.12606337985156,21.9685073718584],[68.89417556246875,22.285655580476565],[69.0142317148125,22.30496748538379],[69.49224379977343,22.248809419587893],[69.76916793307421,22.287507615999026],[69.96852401217578,22.351457200959963],[70.17620376071093,22.478955827668948],[70.41056350192187,22.752622209504885],[70.38064864596484,22.860560975984377],[70.31022170504687,22.828643403962893],[70.0459471078789,22.777261339143557],[69.66488936862109,22.789163194612307],[69.39181807955859,22.83940466494922],[69.10719588717578,22.898904405549807],[68.88241103610156,22.997148118928713],[68.79081252535937,23.028724275544924],[68.37294295748828,23.326415620759768],[68.07217696627734,23.675187669709963],[68.04699996432421,23.764070115999026],[67.69232467135546,23.81415518374805],[67.48602584323046,23.92806013675098],[67.31589034518359,24.092885576204104],[67.20423415621875,24.588166795686526],[67.15359786471484,24.65159185977344],[66.99953750094531,24.714782319978518],[66.70171645602343,24.75227888675098],[66.65421584567187,24.783935152009768],[66.64811233004687,24.90462454409961],[66.70050338229296,25.114379487947268],[66.62050918063281,25.31748541446094],[66.43233016451953,25.488610826448244],[66.30008986910937,25.494687639192385],[65.76880172213671,25.309339128450198],[65.21567061862109,25.270059190706057],[64.85119155367968,25.20576437564258],[64.4249754281914,25.17311628909473],[64.23826125582812,25.210826478914065],[64.12006667575,25.312226854280276],[64.05922225436328,25.40103491397266],[63.650332483855465,25.336646638826174],[63.40352538546679,25.164601884797854],[63.01806167086718,25.157439790681643],[62.44957259616015,25.1625991687334],[62.13830092867968,25.104774080232424],[61.81326583346484,25.05325659366016],[61.56996444186328,25.03957136721973],[61.65140822848437,25.468776308015627],[61.67348006686328,25.627675615266604],[61.81273940524218,25.9841323718584],[61.94130996188281,26.15635260196094],[62.29843429049609,26.36798246951465],[62.61229232272265,26.48410566897754],[63.06232360324023,26.51845511050586],[63.15620330294726,26.550750337556643],[63.240542444792965,26.665551744416994],[63.25704101046679,27.10381468387012],[63.17317107638476,27.230338655427737],[62.87982848605273,27.254054628328127],[62.79671004733203,27.43137701602344],[62.74660018405078,28.03434904666309],[62.67098144015429,28.205365739778323],[62.486819300261715,28.305913530305666],[61.97238448580859,28.480758272126955],[61.65926650485156,28.656762681916994],[61.50095656832812,28.86539801211719],[61.18114760836718,29.346154771760744],[60.82045653781054,29.833345018342776],[61.2195425363457,29.68925818057422],[61.50305083712695,29.601979814485354],[61.98402694186328,29.490441881135744],[62.36863997897265,29.384700380281252],[62.612090143767574,29.36703260989551],[62.94639495333789,29.356259904817385],[63.479983362761715,29.45455130191211],[63.63710311373828,29.4554458484209],[64.08925918063281,29.3945327624834],[64.64487746676562,29.448518358186526],[65.07828048190234,29.52718123050098],[65.61050704440234,29.612763963655276],[66.09057143649218,29.736140809968752],[66.2015867563164,29.80660780520801],[66.23276809176562,29.88932951541309],[66.27732375582812,30.2959056720293],[66.38170913180468,30.690103136018557],[66.46658614596484,30.842952333406252],[66.65230086764453,31.009072862581057],[66.92075637301562,31.207393251375002],[67.04813674410937,31.239852510408205],[67.33748153170703,31.222463212922854],[67.5698957773125,31.18569143863086],[67.68370345553515,31.224425874666018],[67.82870772799609,31.53630217166309],[67.9917707773125,31.6578384265459],[68.24271682223437,31.76717909427051],[68.49619582614062,31.755920015291018],[68.94655898532031,31.587081514314455],[69.05334762057421,31.625777803376955],[69.20640853366015,31.798038087800784],[69.21534255465625,31.836165986970705],[69.27774337252734,32.38241537661914],[69.407420191375,32.75763662906055],[69.50792220553515,32.94862326236133],[69.63955977877734,33.050914369539065],[69.82672408541796,33.10275229068164],[70.05731490573046,33.11674841494922],[70.1991453500664,33.168330751375],[70.28924087008593,33.28308065982227],[70.24929336032031,33.479598604158205],[70.19142440280078,33.6062084064043],[70.02721694430468,33.78934057803516],[69.86998275241015,33.94076880069141],[70.02968123873828,33.998797975496096],[70.47825149020312,33.94420202823047],[70.79246047457812,33.92692907901172],[71.02349379977343,34.02341803164844],[71.15353682955859,34.138385377839846],[71.13860610446093,34.27792318911914],[71.0383787485039,34.49313315005664],[71.09665969332812,34.62038763614063],[71.27683547457812,34.773692689851565],[71.51278975924609,34.93367727847461],[71.65887740573046,35.12511023135547],[71.56948379000781,35.33958777041797],[71.62324813326953,35.55721624942188],[71.51839736422656,35.634044252351565],[71.51419356783984,35.7855296954668],[71.32899764498828,35.90752752871875],[71.32484725436328,36.05156668277149],[71.53341964205859,36.23719748111133],[71.64950850924609,36.3336139545],[71.76033309420703,36.32309301944141],[72.01185897311328,36.500682435945315],[72.13431838473437,36.586165986970705],[72.37272170504687,36.717723451570315],[72.88985732516406,36.786136232332034],[73.49485305270312,36.79139669986133],[73.78628066500781,36.72689016909961],[73.93819716891406,36.80718954654102],[74.08755019625781,36.80492361636524],[74.29262832125781,36.938758455232424],[74.45376876315234,36.94058569522266],[74.52053359469531,37.004581056550784],[74.66170791110156,36.94174536319141],[74.70906356295703,36.89139135928516],[74.83580306491015,36.98612555117969],[74.96863082369921,36.96506842227344],[75.21800521334765,36.91244467349414],[75.21973708590625,36.707198701814455],[75.34684279879687,36.76508291812305],[75.62776473483203,36.76897390933399],[75.79564956149218,36.62358816714649],[75.89146712741015,36.512496553376955],[75.8946028085625,36.2869945392168],[75.75437453707812,36.05480154605274],[75.88974288424609,36.023238740876955],[75.97902205905078,35.92497595401172],[76.0923338266289,35.79842337222461],[76.326365503875,35.886485658601565],[76.4339094491875,35.886485658601565],[76.48086074313281,35.79707296939258],[76.56105330905078,35.75654562564258],[76.81541732272265,35.560428224519534],[77.41709426364062,35.513377748445315],[77.55409530123828,35.46328695865039],[77.62022689303515,35.406436525300784],[77.84622481783984,35.47484167666797],[77.84622481783984,35.24300345034961],[78.04494765719531,34.77933081241016],[78.14430526217578,34.5474925860918],[78.5086164804375,34.497813783601565],[78.70733931979296,34.31565435977344],[78.80669692477343,34.19973715396289],[78.65765670260546,34.100379548982424],[78.57485488375781,34.017581544832034],[78.60797408541796,33.75262411685352],[78.62453750094531,33.50422628970508],[78.75701430758593,33.40486868472461],[79.07998183688281,33.36180456729297],[79.12105849703906,33.3267894610918],[79.14090255221484,33.244945131257815],[79.44696334323046,33.20030554385547],[79.40037826022265,33.01429709048633],[79.56532576998828,32.70180853457813],[79.30527022799609,32.53811987491016],[79.13616469821093,32.41163595767383],[78.97054580172656,32.38931616397266],[78.81878951510546,32.50836142154102],[78.80396560153125,32.67204626651172],[78.45068648776171,32.5827594623125],[78.52110579928515,32.2702709064043],[78.78180221041796,32.002418123201174],[78.73491958102343,31.80152853579883],[78.85763076266406,31.637843690828127],[78.76067641696093,31.54111822696094],[78.80533126315234,31.347673021272463],[78.89426711520312,31.31791266055469],[79.10879043063281,31.45927771182422],[79.28126052340625,31.347673021272463],[79.6285887094414,30.968219362214846],[79.79214004000781,31.020301423982424],[80.27717879733203,30.759891115144534],[80.22518447360156,30.596202455476565],[80.56510451754687,30.484597764924807],[80.63441756686328,30.514360032991213],[81.02130416354296,30.246511064485354],[80.53981307467578,29.837293230012698],[80.41290572604296,29.785207353547854],[80.41650680026171,29.621524415925784],[80.31736281832812,29.502481065706057],[80.33550551852343,29.323911272004885],[80.19650557955859,29.14534720034961],[80.09826949557421,28.951900087312502],[80.11586287936328,28.840295396760744],[80.39947799166796,28.669168077424807],[80.60916427096484,28.70636709781055],[80.90857985934375,28.4906020984209],[81.22500899752734,28.423640809968752],[81.3623762460625,28.185552202180666],[81.92122939547656,27.8805003985918],[82.02530959567187,27.954904161409182],[82.48791030367968,27.68705328555469],[82.72996047457812,27.716809831575198],[82.81183150729296,27.53824385257129],[83.18719771823046,27.46384008975391],[83.32403853854296,27.374557100251955],[83.39164260348437,27.404315553621096],[83.43074325045703,27.50103911013965],[83.65725234469531,27.50103911013965],[83.87434676608203,27.382001481965823],[84.13611129244921,27.53824385257129],[84.35837081393359,27.404315553621096],[84.64774611910937,27.374557100251955],[84.71129897555468,27.270391069368166],[84.66636184176562,27.069509111360354],[84.96470931491015,27.00254400821094],[85.09327987155078,26.876056276277346],[85.37141707858203,26.757009111360354],[85.63416579684375,26.883494935945315],[85.77540114840625,26.85373457522754],[85.75989058932421,26.704934678987307],[85.90053847750781,26.59332426638965],[86.07120803317187,26.697492204622073],[86.39541915377734,26.63052710147266],[86.7765379281914,26.46684416385059],[87.0493879648125,26.600764833406252],[87.16964248141406,26.437078081086916],[87.349314722625,26.38499792666797],[87.51009658297656,26.444518648103518],[87.63218978366015,26.407317720369143],[87.94073775729296,26.46684416385059],[88.09216597994921,26.444518648103518],[88.23191359957812,26.757009111360354],[88.03892806491015,27.1290298327959],[88.07058242282031,27.523368440583987],[88.21383956393359,27.865617357209963],[88.19726088961718,27.87575491519336],[88.35230544528125,27.93377836795215],[88.56406691989062,27.979426942781252],[88.66831496676562,27.948281846956057],[88.73070052584765,27.86612280459766],[88.7072019906914,27.478784166291994],[88.80257705172656,27.18099173159961],[88.76133254489062,27.129973970369143],[88.86752608737109,26.908403001741213],[89.153758082,26.827533327058596],[89.40531447848437,26.790891252473635],[89.79632857760546,26.69479902835254],[89.83439162692187,26.685449205354494],[90,26.71859510989551],[90,26.778745256379885],[91.16184524020312,26.750220857576174],[91.62820723971484,26.778298936799807],[91.90890029391406,26.805301271394534],[92.00631240328906,27.066119752839846],[91.99893477877734,27.19302710147266],[91.88308242282031,27.30026777835254],[91.74180892428515,27.331195436433596],[91.594920191375,27.46365126223926],[91.57607558688281,27.57144507022266],[91.60775283297656,27.641450487092776],[91.69296554049609,27.68637617679004],[92.0460691781914,27.70109709353809],[92.36727431735156,27.798141084626955],[92.54606154879687,27.919770799592776],[93.05136397799609,28.417733751252932],[93.2955808969414,28.58414038272266],[93.66897109469531,28.70051535220508],[94.16620162448046,29.027028642610354],[94.41172316989062,29.16170462222461],[94.57171157321093,29.200709901765627],[94.70051864108203,29.125276170686526],[95.13930800875781,28.981837831453127],[95.30896285494921,29.001842103914065],[95.92862990817187,29.37979658694629],[96.13341811617968,29.203286729768557],[96.45532515963671,28.881480775789065],[96.47584060153125,28.710242830232424],[96.31656936129687,28.50626143069629],[96.2545652719414,28.385312639192385],[96.30007461032031,28.36019667239551],[96.4351072641289,28.3355785235918],[96.73091414889453,28.299193941072268],[97.0596418710625,28.21858748050098],[97.34041884860156,28.18211515994434],[97.34068587741015,28.23923262210254],[97.47846511325,28.392329774812502],[97.60302260836718,28.41209562869434],[97.82999709567187,28.28646048159961],[98.00866225680468,28.090755067781252],[98.11807540377734,27.68520125003223],[98.21602157076953,27.546138368562502],[98.34509566744921,27.527837358430666],[98.57173446139453,27.54182966800098],[98.63722518405078,27.478742204622073],[98.72535994967578,26.736657701448244],[98.73374465426562,26.34318121524219],[98.57541182955859,25.955068193391604],[98.38228896578906,25.63022192569141],[98.10718062838671,25.393762193635744],[97.88796523532031,25.27188452334766],[97.80182174166796,25.18251761050586],[97.52405074557421,24.799996934846682],[97.55812362155078,24.59066542239551],[97.63116744479296,24.273633562043948],[97.53085616549609,24.01274450869922],[97.53059676608203,23.89210470767383],[97.62800887545703,23.860911928132815],[97.76786330660937,23.89982946963672],[98.13675216158984,24.098785005525393],[98.48349288424609,24.138892732576174],[98.69875625094531,24.146489702180666],[98.76916030367968,24.08975752444629],[98.8939695688164,23.296832643464846],[98.98499587496875,23.151317201570315],[99.23398879489062,23.184506975129885],[99.46892837008593,23.14143332095508],[99.4835691781914,23.0208755359209],[99.15594008883593,22.307843767122073],[99.20855239352343,22.14940794558887],[99.31092360934375,22.105556093171877],[99.53885940035937,22.10688742251758],[99.75549605807421,22.12718351931934],[99.88666823825,21.956513963655276],[100.0402098031914,21.62087782473926],[100.20995620211718,21.5012222156084],[100.32079604586718,21.463782869294924],[100.61217025241015,21.535323701814455],[100.89465621432421,21.721107088044924],[100.94498733004687,21.549958787874026],[101.0139875741875,21.442420564607424],[100.78777602633593,21.282365404084963],[100.54932692965625,21.00792845340137],[100.3503904672539,20.74643286319141],[100.08843520602343,20.541713319734377],[100.00115493258593,20.458650194124026],[99.9653807016289,20.420341096833987],[99.89406875094531,20.388179384187502],[99.6039533945,20.3610854968584],[99.40796187838671,20.283744417146487],[99.17015365084765,20.12996443362598],[98.99334243258593,19.862233720735354],[98.50814345797656,19.719703279451174],[98.22884658297656,19.711715303376955],[98.01566604098437,19.748574815706057],[97.85290053805468,19.563476167634768],[97.78882125338671,19.39800413699512],[97.77231887301562,19.02960928531055],[97.72088149508593,18.80069502444629],[97.75005629977343,18.616712175325198],[97.71114638766406,18.508534990266604],[97.63807967623828,18.50810583682422],[97.37346938571093,18.44939573855762],[97.70602706393359,18.051280580476565],[97.73726180514453,17.968904100374026],[97.78759292086718,17.575469575837893],[97.90217879733203,17.512631975129885],[98.39312270602343,17.083663545564455],[98.45952895602343,16.937985979036135],[98.7500715585625,16.469729982332034],[98.82361129244921,16.317746721223635],[98.73598006686328,16.209258638337893],[98.53294661959765,16.1064468249834],[98.47556594332812,16.004500947908205],[98.57976821383593,15.471605859712405],[98.50286391696093,15.382237039521975],[98.1370344491875,15.189550958589358],[98.21724227389453,15.018537126497073],[98.48691848239062,14.372261606172366],[98.72998336276171,14.157741151765627],[99.00300887545703,13.886227212861819],[99.09447005709765,13.670798860505862],[99.13364699801562,13.372485719636721],[99.09527877291796,13.086422525361819],[99.09757522067187,12.972101770356936],[99.31733230075,12.439803682283205],[99.58108809908984,11.888709627107424],[99.54658797701953,11.755106531099123],[99.09185317477343,11.053625665620608],[98.63720229586718,10.288574777559084],[98.59324172457812,10.120483003572268],[98.43165114840625,10.201866708711428],[98.39786056002734,10.563940607026858],[98.60528090914843,10.862991891816897],[98.68356612643359,11.085537515596194],[98.73837569674609,11.435081087068362],[98.86735061129687,11.645017229036135],[98.63706496676562,11.6572337970293],[98.59017470797656,11.695243440583987],[98.58831313571093,11.822311960176272],[98.67653945407031,12.0512128696001],[98.59676650485156,12.737181268647952],[98.48591903170703,13.111775957063479],[98.19888595065234,13.644810281709475],[97.97914412936328,14.235167108491702],[97.82298568209765,14.61600836367969],[97.74229720553515,15.009702287629885],[97.66407302340625,15.790937028840823],[97.61144545992968,16.095754228547854],[97.59611037692187,16.34982069583301],[97.57322219332812,16.4450698718584],[97.41847518405078,16.482848726228518],[97.35199264010546,16.527171693757815],[97.21499160250781,16.93980749698047],[96.9830808969414,17.244233690217776],[96.88161757907031,17.345660768464846],[96.77038100680468,17.332707963899416],[96.73407271823046,16.88796003909473],[96.66289809664843,16.69722708316211],[96.46924880465625,16.512576662019534],[96.20389846285937,16.384957872346682],[95.7137937875664,16.15521391482715],[95.55232528170703,15.875349603608889],[95.41820052584765,15.741652093843264],[95.32981399020312,15.677930437043948],[95.2229719491875,15.804764352754397],[95.22019484957812,16.00168951602344],[95.12479690035937,15.995128236726565],[94.97264388522265,15.835991464570803],[94.82800582369921,15.842039667085452],[94.75341323336718,15.937169633821291],[94.81964400729296,16.15965422244434],[94.81927779635546,16.21047171206836],[94.5397215219414,16.133636079744143],[94.4155989023125,16.076203905061526],[94.30408767184375,15.94890459628467],[94.1443586679375,16.0057388171709],[94.1433592172539,16.21537932010059],[94.39200118502734,16.90835913272266],[94.46485427340625,17.26426275821094],[94.46533492526171,17.664472185090823],[94.4204588266289,18.140813432649416],[94.24740889987109,18.578780733064455],[94.05371383151171,19.061149202302737],[93.96558669528125,19.19435652346973],[93.8390379281914,18.95269163699512],[93.69466689547656,19.009553514436526],[93.45794204196093,19.174213014558596],[93.67500594576953,19.250913225129885],[93.81499770602343,19.257560335115237],[93.74783614596484,19.473397813752932],[93.72381881198046,19.594037614778323],[93.41599563082812,19.942758165315432],[93.33432296237109,20.025172792390627],[93.2484846445,20.03769262881641],[93.06563094576953,19.99283369632129],[92.89442733248828,20.1131664142168],[92.93328383883593,20.31016882510547],[92.92148116549609,20.37367209048633],[92.82709792575,20.424287401155276],[92.662791285125,20.404885850862307],[92.40335372408984,20.613961778596682],[92.17629531344531,20.886634431794924],[92.12366774996875,20.996430955842776],[92.06685927828906,21.115090928987307],[91.94604781588671,21.362578950837893]]]]}},{"type":"Feature","properties":{"name":"USSR","subject":"USSR","partOf":"USSR","borderPrecision":3,"color":"#b3a46e"},"geometry":{"type":"MultiPolygon","coordinates":[[[[31.40830138644336,62.79196508975391],[31.33592704257129,62.947433076814455],[31.13995078524707,63.12374075503711],[30.823624643889648,63.24279745669727],[30.212641748992187,63.46712454409961],[30.01492980441211,63.615577302888674],[30.162203821746093,63.70183523745899],[30.40582564791797,63.88850363345508],[30.43152335604785,64.00285681338673],[30.363450083342773,64.11682470889454],[29.784417185393554,64.7442813739336],[29.61822226962207,64.97341497989063],[29.631157908049804,65.13976629825001],[29.71532157382129,65.32123907657032],[29.91344932040332,65.56172522158985],[30.001729044524414,65.72212561221485],[29.65425971469043,66.26003607364063],[29.022913965789062,66.88741644473438],[29.170870813933593,67.02063330264454],[29.75697616061328,67.37029608340626],[29.946114573088867,67.53390844912892],[29.701823267546875,67.71039160342579],[29.268128428069335,67.9381519183672],[29.06538211758056,67.98317336613061],[32.22266777437802,69.61620552675649],[32.35172561129687,69.51367529483204],[32.59630874117968,69.42361792178517],[33.00963118991015,69.38669165225392],[33.2805662485039,69.34201391787892],[33.3156004281914,69.07128485293751],[33.62837508639453,69.21468695254688],[33.81804564913867,69.19247778506642],[34.30514815768359,69.17082556338673],[34.698889765349605,69.16405066104298],[34.93413833102343,69.14944037051563],[35.436553034392574,69.15035589785938],[36.018279108611324,69.02370794864063],[37.24586394747851,68.7934985980547],[37.68857863864062,68.62961157412892],[38.406443628874996,68.2426944598711],[38.66845229586718,68.14634283633595],[39.33470824679492,68.03593786807423],[39.91807082614062,67.94037970157032],[40.826052698699215,67.66004522891407],[40.973391565886715,67.53437384219532],[40.95082763156054,67.33465918155079],[41.01687148532031,67.20186194033985],[41.20882705172656,67.06946142764454],[41.2552976938164,66.93697699160938],[41.14697173556445,66.7822681293047],[40.83637908419726,66.56139715762501],[40.34514907321093,66.3186450824297],[39.97752288302539,66.20091589541798],[39.19002822360156,66.03870733828907],[38.78211120089648,66.00145300479298],[38.04786971530078,66.00737341494923],[37.42243102511523,66.09382208438282],[36.505225214568355,66.17248877139454],[35.77174666842578,66.25886877627735],[35.16772368868945,66.41150244326954],[34.15295318087695,66.62963446231251],[33.65127852877734,66.68010290713673],[33.43749144991992,66.70173987002735],[33.157725367156246,66.91447790713673],[32.99095061740039,66.98781927676563],[32.64433959445117,67.04610022158985],[32.21943572482226,66.99374731631642],[32.35782149752734,66.9203296527422],[32.42472747286914,66.89102514834767],[32.75353911837695,66.649043642],[32.970862421599605,66.58338507266407],[33.469668421355465,66.31309851260548],[33.844214472380855,66.18213995547657],[34.258494410124996,66.10982855410938],[34.54369643649218,66.00083502383595],[34.726172480193355,65.79697760196095],[34.725588831511715,65.61499365420704],[34.60118773898242,65.4839282855547],[34.29341414889453,65.39624365420704],[34.33201507052539,65.34550818057423],[34.425662073699215,65.10652502627735],[34.772864374724605,64.68222387881642],[34.814768824187496,64.45981939883595],[34.884612116423824,64.36677130313282],[35.081763300505855,64.28833349795704],[35.62327102145312,64.25356634707813],[36.015471491423824,64.19702490420704],[36.23997024020312,63.91862066836719],[36.420622858611324,63.876102052644534],[36.98754027804492,63.84148367495899],[37.2465086313164,63.78487738223438],[37.41054061373828,63.749496065095705],[37.591460260955074,63.80693777652149],[37.94491866549609,63.85039480777149],[38.054080042449215,63.98631628604297],[38.05385879000781,64.12927588076954],[37.87985518893359,64.30789526553517],[37.668128046599605,64.34331091494923],[37.463286432830074,64.29996069522267],[37.26195052584765,64.31389196963673],[36.996741327849605,64.40655859561329],[36.56850722750781,64.76457556338673],[36.88390639742968,65.06769903750782],[37.10194304904101,65.06812628360157],[37.604094538298824,64.85277136416798],[38.25292113741992,64.70306738467579],[39.19344237765429,64.51103552432423],[39.62159636935351,64.47596319766407],[39.99705031832812,64.54121740908985],[40.322173151580074,64.4629321918047],[40.43979171237109,64.56356390567188],[40.46206191500781,64.75027807803517],[40.36595061740039,64.8579288348711],[39.97938826998828,65.15314062686329],[39.82310393771289,65.43561132998829],[39.95132735690234,65.58116491885548],[40.036868128386715,65.60313757510548],[40.681407007781246,65.79355963321095],[41.35424712618945,65.95517309756642],[41.62328246554492,66.06516607852345],[42.13344481906054,66.38788946719532],[42.21078780612109,66.41000708194142],[42.41852477511523,66.38109930606251],[43.241431269255855,66.2508960589922],[43.87621978243945,66.01096685977345],[44.02943328341601,66.0112491473711],[44.05284026583789,66.04050024600392],[44.12211135348437,66.26716192813282],[44.383608851042965,66.61201819033985],[44.36195281466601,66.90596350283985],[44.2191648813164,67.08982428164845],[43.83810714205859,67.16285284610157],[43.70359710177539,67.26593359561329],[44.21583465060351,67.71826513858204],[44.26107314547656,67.82963903994923],[44.1687498422539,68.09702643008595],[43.82216552218554,68.32731970401173],[43.85324386080859,68.46920355410938],[44.012026819792965,68.49190863223438],[44.66781142672656,68.3885913714922],[45.57964232882617,68.44253882022267],[45.86343673190234,68.38334997744923],[46.16195205172656,68.1081958636797],[46.439368280974605,67.90793951602345],[46.63406661471484,67.70051153750782],[46.16411498507617,67.67742498965626],[45.46258071383593,67.63906439395313],[45.092505488005855,67.54207953067188],[44.87120727023242,67.3124194964922],[44.95714095553515,67.23135717959767],[45.38563445529101,67.09937628360157],[45.71535018405078,66.8496280536211],[46.07677749117968,66.76208075137501],[46.40205291232226,66.71860083194142],[46.97264007052539,66.7784610614336],[47.57118895968554,66.81631048770313],[47.706187281218746,66.89010962100392],[47.82212737521289,67.11129339785938],[47.952918085662105,67.37729223819142],[48.08066085299609,67.56245764346485],[48.63532165011523,67.6523853168047],[49.18562987765429,67.83882483096485],[49.63012221774218,67.93619116397267],[50.4958982797539,68.15346869082813],[51.13895705660937,68.2663989886797],[51.83080962618945,68.40938147158985],[52.244875940886715,68.54455908389454],[52.33738234957812,68.33572729678517],[52.46266845187304,68.29867132754688],[52.719729456511715,68.35138281436329],[52.9387693735039,68.47117956729298],[53.00575164279101,68.68056830020313],[53.17943480929492,68.75574835391407],[53.50243285616992,68.81625708194142],[53.88911727389453,68.78699835391407],[53.80839446505664,68.60726507754688],[53.78207686862109,68.3384204730547],[53.39590743502734,68.30042608828907],[53.31618407687304,68.23320349307423],[53.316844019499996,68.13638647647267],[53.62573913058398,68.04768713565235],[53.85399154147265,68.08530005069142],[54.37974837741015,68.16070898623829],[54.575957331267574,68.16109045596485],[54.648467096892574,68.0719180926836],[54.752295527068355,68.04978521914845],[54.87719634493945,68.10954626651173],[54.99598601779101,68.20653112979298],[55.12649825533984,68.40060766787892],[55.335391077605465,68.48309668155079],[55.72289184054492,68.53610571475392],[56.19510177096484,68.56686743350392],[56.54026320895312,68.55256994815235],[57.02422622164843,68.44890936465626],[57.36369231661914,68.45701941104298],[57.52586654147265,68.49463995547657],[57.959197077361324,68.70476111026173],[58.40928939303515,68.83285864444142],[58.77038100680468,68.85600622744923],[59.19904998263476,68.77440985293751],[59.3458738656914,68.69986303897267],[59.06195739230273,68.49748571963673],[59.119788202849605,68.39309271426563],[59.217661890593746,68.34854467959767],[59.501860651580074,68.28942450137501],[59.76234725436328,68.29738958926563],[59.89204696139453,68.40200384707813],[59.92537597140429,68.58127173037892],[60.07908919772265,68.61895330996876],[60.51208404025195,68.58985479922657],[60.7562742563164,68.67254980655079],[60.93412307223437,68.8150821551836],[60.98595717867968,69.00259741397267],[60.36923507174609,69.4676929339922],[60.55171493014453,69.54342230410938],[60.84873488864062,69.71004065127735],[61.030039820281246,69.74060400576954],[61.30434707125781,69.73352392764454],[62.28127196749804,69.70512732119923],[62.85394957980273,69.61560400576954],[63.41231826266406,69.54873999209767],[63.92324355563281,69.45921667666798],[64.87299636325,69.22766455264454],[65.35536483248828,69.18344458194142],[66.12549880465625,68.99715765567188],[66.58425429782031,68.8855396136797],[67.17168715914843,68.64709814639454],[67.82653335055468,68.37205084414845],[68.2154035898125,68.20135077090626],[68.38463118991015,68.1793399676836],[68.48788741549609,68.22421606631642],[69.0026121469414,68.69536932559376],[69.10895064791796,68.83031042666798],[68.69183639010546,68.81454809756642],[68.5117674203789,68.83668097110157],[68.25765517672656,68.94111975283985],[68.09354690035937,69.13594397158985],[68.10592940768359,69.42932470889454],[67.77870467623828,69.55685003848438],[66.88444045504687,69.62308081241017],[66.79896834811328,69.74374731631642],[66.82803634127734,69.8193775043047],[66.96485427340625,69.95582159610157],[67.27720168551562,70.07055243106251],[67.38328841647265,70.13940008731251],[67.42175582369921,70.2234302386797],[67.3982420297539,70.59850653262501],[67.28530410250781,70.70580633731251],[66.77481368502734,70.73557623477345],[66.67020705660937,70.8661304339922],[66.81797316989062,71.10538061709767],[66.97964766940234,71.21384008975392],[67.15545180758593,71.22964819522267],[67.82254317721484,71.41665228457813],[68.31624892672656,71.63485296817188],[68.55076125582812,71.82196386905079],[68.81211379489062,72.09546240420704],[69.0566892953789,72.64471777530079],[69.34311202487109,72.83426245303517],[69.51156142672656,72.80304297061329],[70.21435836276171,72.73346289248829],[70.94033339938281,72.78995092959767],[71.66292098483203,72.8307071551836],[71.975779566375,72.79976233096485],[72.45530227145312,72.82427557559376],[72.71399978121875,72.76958807559376],[72.85272506198046,72.64393194766407],[72.84480575045703,72.49460943789845],[72.65456679782031,72.11825903506642],[72.49832442721484,71.9618106708086],[71.89781478366015,71.58716162295704],[71.797556910125,71.4318042621172],[72.13623336276171,71.27759131045704],[72.5549803110039,70.97724493594532],[72.67970565280078,70.82351263614063],[72.77420333346484,70.45523413272267],[72.69588759860156,70.35557898135548],[72.43689254244921,70.18696936221485],[72.55148604830859,69.65626104922657],[72.52553084811328,69.06907995791798],[72.64349654635546,68.80691107364063],[72.84616378268359,68.63523443789845],[73.30861190280078,68.51655157657032],[73.39412215670703,68.44205053897267],[73.39364913424609,68.38238867373829],[73.175242457,68.16592749209767],[72.98776534518359,67.79414709658985],[72.8376951547539,67.6456485614336],[72.48502639254687,67.43782385440235],[71.93047622164843,67.15627630801563],[71.6471433969414,67.06732519717579],[71.39950087985156,66.94906958194142],[71.54405501803515,66.71412237735157],[71.34951308688281,66.6623950824297],[70.83993056735156,66.55140265078907],[70.12074569186328,66.71882208438282],[69.79152205905078,66.75493200869923],[69.35537246188281,66.73943670840626],[69.0847654672539,66.68753393741017],[69.17261031588671,66.54828985782032],[69.43512252291796,66.4242359027422],[69.76729873141406,66.32971533389454],[70.47356704196093,66.23597296328907],[70.98342421969531,66.20038946719532],[71.25953200778125,66.22281225772267],[71.79433730563281,66.15806158633595],[72.2088117929375,66.17345770450001],[72.42107680758593,66.33466681094532],[72.55741408785937,66.4959903583086],[73.1654539438164,66.64375647158985],[73.69016555270312,66.86506994815235],[73.81080916842578,66.99035223575001],[73.98450759371875,67.26336248965626],[74.35252669772265,67.40435370059376],[74.74171737155078,67.68622168155079],[74.77064803561328,67.84936865420704],[74.6693601938164,68.10174902530079],[74.39512923678515,68.34698828311329],[74.50497725924609,68.59347876162892],[74.6121092172539,68.63851507754688],[74.91630080660937,68.70638617129688],[75.53720382174609,68.77486761660938],[76.32775405367968,68.77634008975392],[76.66087630709765,68.67222174258595],[77.03982070407031,68.46377142520313],[77.10788253268359,68.11375006289845],[76.95493606051562,67.65331610293751],[77.09069350680468,67.52774389834767],[77.50477889498828,67.43239935489063],[78.08904555758593,67.41131170840626],[78.47786239108203,67.47854193301563],[78.53574660739062,67.6118350848711],[78.30457595309375,67.69286688418751],[77.94601729830859,67.77371557803517],[77.68886092623828,67.75840338321095],[77.4832258554375,67.80251654239063],[77.51418593844531,67.97325476260548],[77.97751906832812,68.14512213321095],[78.00718215426562,68.25683935733204],[77.90906051119921,68.32369574160938],[77.83420089205859,68.47270544619923],[77.63582900485156,68.81619604678517],[77.40597823580859,68.93561895938282],[77.02994826754687,68.97991522403126],[76.53798964938281,69.08405645938282],[76.17751601657031,69.13594397158985],[75.59802535494921,69.2100025043047],[75.1886473031914,69.12659796328907],[74.90170577487109,69.08100470157032],[74.31795791110156,69.16254004092579],[73.91452315768359,69.15427740664845],[73.90792373141406,69.27452429385548],[73.65407851657031,69.756465517],[73.79099563082812,70.05221136660938],[74.12222579440234,70.36587866397267],[74.24957564791796,70.57294806094532],[74.18918899020312,70.67260321231251],[73.69797042330859,71.1413989886797],[73.27066329440234,71.37258490176563],[73.21685317477343,71.45773657412892],[73.59136489352343,71.70685919375782],[74.1371565195,71.75452765078907],[74.58655074557421,71.87217291446095],[74.92115310153125,72.02874334903126],[74.99873641451953,72.13043554873829],[75.07459548434375,72.42029150576954],[75.01610854586718,72.7187686786211],[75.11987594088671,72.68748053164845],[75.40757277926562,72.66441687198048],[75.61734298190234,72.62549170108204],[75.66617873629687,72.41353949160938],[75.58253768405078,72.17061956973438],[75.296580347625,71.8968692645586],[75.22127059420703,71.64770849795704],[75.28428939303515,71.4460864886797],[75.45202926119921,71.32248266787892],[75.67058852633593,71.19912298770313],[76.29318526705859,71.13853033633595],[77.00164321383593,71.0626407489336],[77.73619368991015,71.02547796817188],[78.10473159274218,70.84130438418751],[78.24920943698046,70.83387335391407],[78.60852340182421,70.84992560000782],[78.37160018405078,71.25054510684376],[78.13690474948046,71.37392767520313],[77.28489974459765,71.41880377383595],[76.86612990817187,71.44902380557423],[76.60715011080859,71.51833685489063],[76.33285811862109,71.7197452411211],[76.45669845065234,71.86785467715626],[77.074900660125,71.89238318057423],[77.27492812594531,71.81488379092579],[77.78991988619921,71.77691229434376],[78.12636855563281,71.84759863467579],[78.08573440035937,72.17527350039845],[78.26955703219531,72.21474798770313],[78.64725783785937,72.26237829776173],[79.22255996188281,72.27128943057423],[79.70315841158984,72.17827948184376],[80.33872512301562,72.00764044375782],[80.82826522311328,71.76702459903126],[81.42526534518359,71.61268194766407],[81.67136672457812,71.57430609317188],[82.49135116061328,71.56809576602345],[82.81835463961718,71.64632757754688],[82.88012221774218,71.49126776309376],[82.52887252291796,71.32020147891407],[82.21532729586718,71.20361670108204],[82.10357192477343,70.85644110293751],[82.04561141451953,70.41893347354298],[82.19571975192187,70.35798224063282],[82.50152877291796,70.71113165469532],[82.6754637094414,70.84212835879688],[82.80373671969531,70.81927832217579],[83.07590774020312,70.58175238223438],[83.03633407076953,70.24492987246876],[83.37072280367968,70.33726080508595],[83.67697432955859,70.46026190371876],[83.65711501559375,70.59817083926563],[83.57093337496875,70.65170630069142],[83.50470260104296,70.81292303653126],[83.16804793795703,71.18223150821095],[83.25261977633593,71.2828555926836],[83.56109145602343,71.62442358584767],[83.20242598971484,71.82590826602345],[82.85464766940234,71.94214972110157],[82.43625930270312,72.05058630557423],[82.32062056979296,72.22227820010548],[82.02602675875781,72.24522741885548],[81.5852537485039,72.35400732608204],[80.98231795748828,72.44697912783985],[80.84419539889453,72.58019598575001],[80.87170699557421,72.83999212832813],[80.82886794528125,73.01351507754688],[80.46401504000781,73.31357916446095],[80.50051406344531,73.42474707217579],[80.62013534030078,73.49647101016407],[80.83822921237109,73.55255468936329],[81.87746718844531,73.60222204776173],[83.02044204196093,73.61229284854298],[83.97656539401171,73.66978796573048],[84.61605361422656,73.74268683047657],[84.82945540866015,73.59973486514454],[85.00149825533984,73.5761905536211],[85.38118270358203,73.69632299991017],[85.85619643649218,73.82476385684376],[86.49205306491015,73.87382849307423],[86.75694564303515,73.78657110782032],[86.32635024508593,73.63435705752735],[86.12352279147265,73.45112188907032],[86.90497115573046,73.55588873477345],[87.13968184908984,73.60405310244923],[87.5696287485039,73.77212866397267],[87.69079116305468,73.90001257510548],[87.54062179049609,74.09967382998829],[87.3939695688164,74.17949255557423],[86.97762587985156,74.29900702090626],[86.81353286227343,74.43529089541798],[86.81261733492968,74.53988226504688],[86.9583235116875,74.78206213565235],[87.48745254000781,74.96091803164845],[87.92226699313281,75.05988653750782],[89.28468612155078,75.46612127871876],[89.68456557711718,75.50820501895313],[89.79632857760546,75.5244327411211],[90,75.55852850528126],[90,75.60154303164845],[91.63467696627734,75.6527286395586],[92.67054274996875,75.7626148089922],[93.59205916842578,75.88084753604298],[94.30955031832812,76.07406958194142],[94.69433883151171,76.18358191104298],[95.48768142184375,76.16833075137501],[95.96726516207812,76.16923864932423],[96.13936904391406,76.08590277285938],[95.98182204684375,75.90201147647267],[96.65822890719531,75.85330542178517],[97.11641219576953,75.87083014102345],[97.68372634371875,75.9552188739336],[98.28865340670703,76.0565372333086],[98.71624282321093,76.07403906436329],[99.15855697116015,75.99971350283985],[99.4672346445,75.96692236514454],[99.77942946871875,76.05931433291798],[99.83340743502734,76.21003302188282],[99.7736082406914,76.28535040469532],[99.98323348483203,76.43696936221485],[100.4073973031914,76.47143896670704],[100.83031753024218,76.45540960879688],[101.38946059664843,76.62499579043751],[101.11151412448046,76.85285528750782],[101.16646102389453,77.00576361270313],[101.69046309908984,77.20258673282032],[102.38966659030078,77.37482031436329],[103.39330581149218,77.55778845401173],[103.94659713229296,77.59216650576954],[104.39374068698046,77.56721838565235],[105.06251052340625,77.56850775332813],[105.44954207858203,77.4491382464922],[105.46972945651171,77.32931860537892],[104.78229049166796,77.14876898379688],[104.48514083346484,76.99502905459767],[104.70460799655078,76.92750128360157],[105.5281477304375,76.98001440616017],[106.24293807467578,76.91346319766407],[107.16025832614062,76.94913061709767],[107.24013045748828,76.89837225528126],[107.07137587985156,76.77097662539845],[106.53744033297656,76.56722601504688],[106.40403274020312,76.43227728457813],[107.29075149020312,76.43394812198048],[107.66595748385546,76.44307287783985],[107.77148726901171,76.40122564883595],[108.24447158297656,76.64641913028126],[108.85952285250781,76.64754828067188],[109.65640548190234,76.69128759951954],[109.94024947604296,76.6327319964922],[110.54772475680468,76.64229925723438],[111.42728713473437,76.56807287783985],[112.05716231783984,76.45135840030079],[112.5885496469414,76.25924261660938],[112.8223142953789,76.05888708682423],[113.1488752695,76.0594898089922],[113.5330076547539,76.09365423770313],[113.72303298434375,75.86883886905079],[113.11340621432421,75.49444922061329],[113.22163680514453,75.4368091449297],[113.6250486703789,75.27267035098438],[112.57712844332812,74.88621100039845],[112.11134627780078,74.78037603946095],[111.586619410125,74.73096045108204],[110.05470565280078,74.25368841739063],[108.69690230807421,73.81940802188282],[108.33986190280078,73.69124182315235],[107.26554397067187,73.52222784610157],[106.20830825289843,73.25850256533985],[105.27881911715625,72.75153692813282],[105.60022262057421,72.74426611514454],[106.0869856210625,72.85539587588673],[106.50154403170703,73.06131323428517],[107.24994185885546,73.13382299991017],[107.80428603610156,73.14277227969532],[108.74962905367968,73.2632251605547],[109.59518722018359,73.39159735293751],[109.99058822116015,73.43995245547657],[110.44228652438281,73.56786688418751],[110.40001967867968,73.74287756533985],[110.17844680270312,73.79822119326954],[110.16323379000781,73.83008917422657],[110.28963759860156,73.94206579776173],[110.55127242526171,74.03844793887501],[110.94413283785937,73.94327124209767],[111.21531203707812,73.76829870791798],[111.49485305270312,73.74487646670704],[111.76165297946093,73.65779455752735],[112.09338668307421,73.63455542178517],[112.47680190524218,73.65914496035938],[112.99697402438281,73.77956732364063],[113.22158339938281,73.74810370059376],[113.30773452242968,73.6129566058672],[113.31173995455859,73.38266333194142],[113.54699233492968,73.20093115420704],[114.18667891940234,73.55099829287892],[114.93411544283984,73.5603214129961],[115.61149123629687,73.62520178408985],[116.67113784274218,73.61922796817188],[117.53464797457812,73.54927404971485],[117.91884902438281,73.53409155459767],[118.46038344821093,73.51922949405079],[118.33846572360156,73.18611487002735],[118.49779799899218,73.03624304385548],[119.41744521578906,72.96692999453907],[119.79856399020312,72.91246374698048],[120.11277297457812,72.88152655215626],[120.57851699313281,72.83511694522267],[121.69950393160937,72.90021856875782],[122.24328139742968,72.90912207217579],[122.88243392428515,72.75281103701954],[123.51475051364062,73.17200811953907],[123.44220260104296,73.33018835635548],[123.4249754281914,73.43322332950001],[123.40985396823046,73.48077734561329],[124.22215560397265,73.69691046328907],[124.45666793307421,73.70529516787892],[124.81766036471484,73.65822943301563],[125.33462813815234,73.52407415957813],[125.71732619723437,73.39780005069142],[126.48701766451953,73.38340338321095],[127.09683516940234,73.41625555606251],[127.71956160983203,73.40153845401173],[128.31478408297656,73.20751532168751],[128.49888137301562,73.12594183535938],[128.5249281259453,72.95234259219532],[128.2910414071953,72.91247900576954],[128.1705580087578,72.8965259418047],[127.31350234469531,72.7138858661211],[126.21644118746875,72.38231237979298],[126.11130050143359,72.28037603946095],[126.22529891451953,72.24934729190235],[126.69000533541796,72.21892889590626],[127.12090590914843,72.2119327411211],[127.41754439791796,72.14218481631642],[127.71409896334765,72.01011236758595],[128.17013076266406,71.83187445254688],[128.43249038180468,71.75462683291798],[128.78353408297656,71.53804358096485],[129.35520461520312,71.17568548770313],[130.17171767672656,70.8153491839922],[130.77927688082812,70.678340517],[131.05480483492968,70.68650396914845],[131.41268447360156,70.86376532168751],[131.79166701754687,71.18792303653126],[132.28361037692187,71.66087683291798],[132.55375197848437,71.80897101016407],[132.68426040133593,71.8014102801836],[132.79061416110156,71.59201391787892],[133.13840774020312,71.45321234317188],[133.74390700778125,71.32284887881642],[134.2413587900078,71.26194342227345],[134.62290481051562,71.3013110980547],[135.51061538180468,71.51182135196095],[135.86063674410937,71.54344519229298],[136.22661879977343,71.51315649600392],[136.76502517184375,71.4057803973711],[137.62967971285937,71.07541998477345],[137.7712660165703,71.09882696719532],[137.85494521578906,71.1298023089922],[138.07578566989062,71.24595221133595],[138.1754408212578,71.36201056094532],[138.11381057223437,71.38510473819142],[138.11939528903125,71.47020300479298],[138.4461164804375,71.6102710589922],[138.6748762460625,71.6184497699297],[138.899851832,71.50264319033985],[139.1587629648125,71.41796454043751],[139.74447158297656,71.40359839053517],[139.82569411715625,71.62836035342579],[139.73856643160937,71.83789404483204],[139.8059797616875,72.00147589297657],[139.84789565524218,72.23560675235157],[139.3387708993828,72.16435583682423],[139.0499525400078,72.16382177920704],[138.96934035739062,72.21052130313282],[139.16831496676562,72.3437915668047],[139.3117933603203,72.3831973895586],[139.75561049899218,72.42317541690235],[140.21502212008593,72.43185003848438],[140.58907607516406,72.49523504825001],[141.2939710946953,72.78707464785938],[141.408396753875,72.78729590030079],[142.20023635348437,72.67872198672657],[142.90252212008593,72.61721380801563],[143.81882766207812,72.53262671084767],[144.26743606051562,72.50207861514454],[144.5618391366875,72.45562323184376],[145.59995559176562,72.42622717471485],[144.82036879977343,72.14334448428517],[145.20955947360156,72.12067755313282],[145.6646223398125,72.16052588076954],[145.81499770602343,72.09839972110157],[145.67818740328906,71.92672308535938],[145.26140883883593,71.84038122744923],[144.88077834567187,71.72314795108204],[144.80126479586718,71.59111364932423],[145.10038283785937,71.57618292422657],[145.33378127535937,71.63085516543751],[145.7462416025078,71.69371374698048],[146.1860609384453,71.84209784121876],[146.91512587985156,72.20190008731251],[148.15946486910937,72.19639929385548],[148.69796279391406,72.16618689151173],[149.10447219332812,72.08892401309376],[149.53032973727343,72.0273624286211],[149.62253859957812,71.94185980410938],[149.72198012789843,71.89520605655079],[148.71085647067187,71.62939795108204],[148.96216872653125,71.56785925479298],[149.71541884860156,71.43764837832813],[150.69370559176562,71.34668310733204],[151.11947158297656,71.25476416201954],[151.47996047457812,71.08581122012501],[151.6448469491875,70.89377935977345],[151.8990736337578,70.73301275821095],[152.13401320895312,70.66443213076954],[152.79058364352343,70.68098791690235],[153.40442946871875,70.72815283389454],[153.91649917086718,70.79046972842579],[155.04923537692187,70.93854864688282],[156.04317763766406,70.98655279727345],[157.39641860446093,70.92751654239063],[158.0779524179375,70.86731299014454],[158.40867141207812,70.81418951602345],[158.93413833102343,70.62346991153126],[159.22921279391406,70.54745062442188],[159.46557143649218,70.39498480410938],[159.62790969332812,70.21980627627735],[159.57267287692187,69.99896582217579],[159.44381240328906,69.76456030459767],[159.67295363864062,69.65192755313282],[160.01661208590625,69.62243231387501],[160.39239028414843,69.61560400576954],[160.68160537203906,69.57847937198048],[160.67403701266406,69.27026709170704],[160.86234572848437,69.08311804385548],[161.17081740817187,69.15864904971485],[161.41610244235156,69.35423620791798],[161.96099379977343,69.52816351504688],[162.11776259860156,69.55855902285938],[162.274851832,69.53628119082813],[163.0382337900078,69.5452075824297],[163.72240737399218,69.67448767276173],[164.05369094332812,69.66003759951954],[164.31817153414843,69.46485479922657],[164.63646987399218,69.41282232852345],[165.3301496835625,69.40657385440235],[166.30924514254687,69.37832983584767],[166.70035842379687,69.4316593036211],[167.32007888278125,69.65857275576954],[167.50323012789843,69.56856115908985],[167.92161086520312,69.32873877139454],[168.09997085055468,69.23150213809376],[168.59241774996875,69.11246069522267],[168.98606399020312,68.9633975848711],[169.11321547946093,68.78420599551563],[169.38860610446093,68.71748694033985],[170.0888929696953,68.77854498477345],[170.83280471285937,68.92194708438282],[170.90487197360156,69.0343204364336],[170.79320815524218,69.1840015277422],[170.4313001962578,69.55891760440235],[170.05626967867968,69.61091955752735],[170.23629287203906,69.76195105166798],[170.45170119723437,70.01921423526173],[171.30224135836718,69.97523077578907],[171.84838393649218,69.93847998233204],[172.35924819430468,69.90922888369923],[172.90816787203906,69.83476599307423],[173.00828078707812,69.69170721621876],[173.63665297946093,69.76070746035938],[174.57445815524218,69.78506048770313],[175.61097243746875,69.77942999453907],[176.19217971285937,69.71265753360157],[176.54601577242968,69.6229434833086],[177.07915786227343,69.53360327334767],[177.70499709567187,69.4896427020586],[178.04284194430468,69.4076114520586],[178.62885573825,69.25851782412892],[178.96496108492968,69.22913702578907],[179.28148940524218,69.1472583636797],[180,68.91989477725392],[180,67.96313055606251],[180,66.96313055606251],[180,65.96313055606251],[180,65.3816333636797],[180,65.31103094668751],[180,65.05193670840626],[180,64.95347937198048],[179.3091078134453,64.78647192569142],[179.01597121676562,64.77292975039845],[178.726023707,64.60632666201954],[178.47384170016406,64.57721289248829],[178.00438979586718,64.54774054141407],[177.84412673434375,64.58320959658985],[177.4266615243828,64.60673864932423],[177.37353042086718,64.76135595889454],[177.25146010836718,64.85610540957813],[177.02625564059375,64.84421881289845],[177.13465407809375,64.92744024844532],[176.71245864352343,64.7816577777422],[176.33170608004687,64.77292975039845],[176.18017104586718,64.86799200625782],[175.96505263766406,64.90365942569142],[176.155955347625,64.67792852969532],[175.89977553805468,64.54742773623829],[176.04404738864062,64.50115545840626],[176.46778396090625,64.40898474307423],[176.75323012789843,64.57114752383595],[176.93052199801562,64.55288275332813],[177.08159926852343,64.51739843936329],[177.08158400973437,64.30297430606251],[177.19323256930468,64.21035345645313],[177.53472426852343,64.08968695254688],[178.0111341806328,64.19211157412892],[177.81341079196093,64.04743536563282],[178.14725783785937,64.1566348895586],[178.17650893649218,64.00532110782032],[178.28776076754687,63.912913881257815],[178.37162307223437,63.74938162417774],[178.4026136728203,63.66409262271289],[178.07767775973437,63.42905005069141],[178.34437087496875,63.457957826570315],[178.5011244150078,63.38018759341602],[178.71395400485156,63.153731904939455],[178.93949416598437,63.08333548159961],[179.00428298434375,62.970199190095705],[178.93163588961718,62.76506765933399],[179.28769973239062,62.81507834048633],[179.23177627047656,62.63853796573047],[179.24216750582812,62.525699220613284],[179.04876235446093,62.391395173982424],[178.73766616305468,62.29927023501758],[178.45186904391406,62.31985434146289],[178.2502699228203,62.38287314029102],[177.69097426852343,62.45226629825],[177.2908430429375,62.48678549380664],[177.13486770114062,62.549964509919924],[177.19034865817187,62.67001303286914],[176.96834853610156,62.69078405948047],[176.83198073825,62.676410280183596],[176.58050063571093,62.42905005069141],[176.54911330660937,62.37968786807422],[175.1726332040703,61.96908529849414],[174.65267470797656,61.8908649310625],[174.5423078866875,61.89065512271289],[174.34871962985156,61.79903372378711],[174.2504377695,61.71468313784961],[173.92676833590625,61.6159625873125],[173.4809065195,61.60110052676563],[173.34258559664843,61.551822267488284],[173.12633803805468,61.36941488833789],[172.9182844491875,61.27812918277149],[172.49244216403125,61.263324342683596],[172.10816482028125,60.9832836017168],[172.00008681735156,60.85757406802539],[171.24840835055468,60.654178224519534],[171.07238295992968,60.4521442279375],[170.51969436129687,60.339942537263674],[170.33680251559375,60.277103029207034],[170.26842788180468,60.145137392],[170.27305129489062,60.013431154207034],[170.0601301523125,59.88180121035938],[169.87749770602343,59.87456091494922],[169.61364272555468,60.0122028216875],[169.53161147555468,60.129893861726565],[169.4557142587578,60.296268068269534],[169.1541242929375,60.434642396882815],[168.67075637301562,60.45457800479297],[168.21090224703906,60.43286093325977],[167.68961623629687,60.35544928164844],[167.10398391207812,60.27102621646289],[166.86841872653125,60.17341574283008],[166.26851943453906,59.83327826114063],[166.02721694430468,59.70872076602344],[165.9449720712578,59.77061041446094],[166.20342544039843,60.352637849763674],[165.95633986910937,60.31051596255664],[165.77999404391406,60.35411413760547],[165.41538527926562,60.11518820376758],[165.1135969491875,60.03144033999805],[164.93296340426562,59.96187552066211],[164.88157180270312,59.7341380939043],[164.58460524996875,59.66465338321094],[164.44190505465625,59.74018820376758],[164.32805922946093,59.96072729678516],[164.11052993258593,60.07820852847461],[163.64969924410937,59.79202231021289],[163.76682570895312,59.88375815005664],[163.51627639254687,59.85569342227344],[163.38868239840625,59.814063631013674],[163.10639480075,59.579173646882815],[163.04290297946093,59.46200140567188],[163.09977248629687,59.35886725039844],[163.25451186617968,59.29037436099414],[162.83521560153125,59.05590780825977],[162.7534437509453,58.96646460147266],[162.90740493258593,58.891280733064455],[162.61590102633593,58.73296316714649],[162.22001174410937,58.48553045840625],[161.93841079196093,58.25918539615039],[161.80436233004687,58.101722322419924],[161.79993728121875,57.862735353425784],[161.98922255953906,57.719852052644534],[162.20365432223437,57.67936285586719],[162.82566359957812,57.70098074527149],[163.07837966403125,57.62649878116016],[163.1278333993828,57.55162390323047],[162.9320326181328,57.37424048037891],[162.59327224215625,57.169540010408205],[162.512400660125,57.033492647126955],[162.6128187509453,56.80288275332813],[162.74430373629687,56.599708162263674],[163.0979719491875,56.55972632022266],[163.1722669931328,56.38381537051563],[163.16599563082812,56.10649832339649],[163.00907424410937,55.944068513826174],[162.77128127535937,55.91659506411914],[162.55463698825,56.01072271914844],[162.5471906991875,56.10531576724414],[162.721873316375,56.342349611238284],[162.52181533297656,56.34873541446094],[162.317576441375,56.24010046573047],[161.86132338961718,55.86087378116016],[161.60943129977343,55.55691488833789],[161.50274184664843,55.287372194246096],[161.64737990817187,54.985091768220705],[161.93853286227343,54.8451000079668],[162.0082044931328,54.738223634675784],[161.87586501559375,54.56412848086719],[161.56661513766406,54.42324026675586],[161.13636306246875,54.409068666414065],[160.837595972625,54.448566041902346],[160.68291762789843,54.448279939607424],[160.40430739840625,54.36758764834766],[160.02738479098437,54.15326651187305],[159.93114760836718,54.08635672183399],[159.69506362399218,53.85922583194141],[159.63321975192187,53.70584448428516],[159.6834974618828,53.57943304629688],[159.90476516207812,53.40018042178516],[159.92208388766406,53.30046804995899],[159.89686110934375,53.240577302888674],[159.59176162203906,53.133624635652346],[159.31981948336718,53.1264720782793],[158.78814223727343,52.95936544986133],[158.46136001071093,52.82596167178516],[158.4316664071953,52.713084779695315],[158.46236709078906,52.58713873477344],[158.38950637301562,52.20268591494922],[158.25802138766406,52.01712378116016],[157.8977766366875,51.6660228595293],[157.20952895602343,51.22900351138477],[156.82464126071093,51.00411947818164],[156.69637587985156,50.957748018220705],[156.56373122653125,51.234359346345705],[156.47469619235156,51.60382040591602],[156.36185744723437,51.91423758120899],[156.33323195895312,52.271556459382815],[156.175242457,52.609256349519534],[156.03809646090625,52.7814899310625],[155.9418440195,53.19308050723438],[155.71079543551562,53.8049388751543],[155.7074690195,54.064952455476565],[155.63807204684375,54.31840857119922],[155.63018325289843,54.465350709871096],[155.58306411227343,54.552074037507815],[155.46520522555468,54.91977270694141],[155.45347121676562,55.27581366153125],[155.5056867929375,55.63962133975391],[155.62757399996875,56.26791723819141],[155.70299819430468,56.36959799380664],[156.23583510836718,56.75682791324024],[156.55787185153125,56.94747122378711],[156.81467727145312,57.260570131257815],[156.87765029391406,57.362742982820315],[156.83948806246875,57.50565680117969],[156.77685073336718,57.580455385164065],[157.51116469821093,57.74545248599414],[157.9616957040703,57.88275869937305],[158.32625869235156,58.02682074160938],[159.10428908785937,58.424884401277346],[159.39269545992968,58.61035116763477],[159.58628371676562,58.802676759675784],[159.649119410125,58.953746400789065],[160.4519300790703,59.3538890704668],[160.84424880465625,59.554244600251955],[161.53524306735156,59.941688142732424],[161.70084670504687,60.07350882144336],[161.81792739352343,60.26799353213672],[162.3811292978203,60.463573060945315],[163.329295191375,60.694949708894534],[163.44480422457812,60.8902660235918],[163.79265883883593,61.128192506746096],[163.8313703866875,61.23308905215625],[163.57572463473437,61.33047064395313],[163.9422865243828,61.73741491885547],[163.92588332614062,61.955001436189455],[164.00829604586718,62.130897127107424],[164.27720168551562,62.22288092227344],[165.05478957614062,62.25954397769336],[165.2857160898125,62.28813513369922],[165.0671644540703,62.435687623933596],[164.13767531832812,62.53265341372852],[163.81841567477343,62.48973806949024],[163.34025100192187,62.411300264314455],[162.99024489840625,62.32608374209766],[163.00915053805468,62.17827948184375],[162.71056655367968,61.763187013582034],[162.76685622653125,61.67209967227344],[162.74877456149218,61.608985506013674],[162.45061782321093,61.55937918277149],[162.23524001559375,61.509925447419924],[161.53577712496875,61.18681677432422],[160.64498427828906,60.71775396914844],[160.118845972625,60.56362494082813],[160.0071058603203,60.591250978425784],[160.07699111422656,60.737586580232424],[160.23559096774218,60.94700964541797],[159.81551650485156,60.981082521394534],[159.74351027926562,61.09963568301563],[159.85686782321093,61.3024974689043],[160.05623916110156,61.51285132022266],[160.14934829196093,61.660167299226565],[160.11825087985156,61.75127752871875],[159.96580031832812,61.76504095645313],[159.45463088473437,61.56075247378711],[159.23105910739062,61.546310029939455],[159.10642531832812,61.70729025454883],[158.841258082,61.78396948428516],[158.118357691375,61.71947439761524],[157.52826980075,61.66927298159961],[157.09798720797656,61.633399568513674],[156.82523635348437,61.56281241031055],[156.42315200289843,61.401004396394534],[156.3811750741875,61.205081544832034],[156.41843703707812,61.12132986636524],[155.85076430758593,60.88296850772266],[155.66668227633593,60.77804144473438],[155.73389724215625,60.55536612124805],[155.151804957,60.394351564363284],[154.69332412203906,60.199019990876955],[154.31565383395312,59.983348451570315],[154.09215835055468,59.77587851138477],[153.94297316989062,59.56882818789844],[153.94446853121875,59.396678529695315],[154.1817884775078,59.3007770404375],[154.75280288180468,59.28121908755664],[154.87804702242968,59.15770300479297],[154.90589431246875,59.102767549470705],[154.38708022555468,59.03995092959766],[153.92443374117968,58.922347627595705],[153.45414260348437,58.948916994050784],[153.13988784274218,59.01012381167774],[152.96824172457812,58.99606665225391],[152.82833388766406,58.947738252595705],[152.50420669039843,58.76871832461719],[152.19124892672656,58.925941072419924],[151.69065383395312,58.75345953555469],[151.35448745211718,58.691119752839846],[151.1354017587578,58.73182638736133],[151.00748733004687,58.7933421954668],[151.0561781259453,58.923812471345705],[151.39268020114062,58.979373537019534],[151.78330520114062,59.03504904361133],[151.85726455172656,59.05581244082813],[151.52360061129687,59.343944154695315],[151.1402082773125,59.43957098575],[150.66341689547656,59.431800447419924],[150.27865127047656,59.362247072175784],[150.12006667575,59.38945349307422],[149.72957900485156,59.59532888980274],[149.38030532321093,59.60845526309375],[149.04528335055468,59.5871539935625],[148.72844985446093,59.476337037996096],[148.74720290621875,59.29743155093555],[148.63029006442187,59.19402655215625],[148.4160871835625,59.09739264102344],[148.10282424410937,59.206798158601565],[147.91918471774218,59.26147421450977],[147.35222915133593,59.232886873201174],[146.99962905367968,59.19095953555469],[146.70640090426562,59.224795900300784],[146.30735305270312,59.285953126863284],[146.05396560153125,59.25107153506641],[146.02347854098437,59.195994935945315],[145.95696547946093,58.98285635562305],[145.65258315524218,58.975406251863284],[145.51279738864062,59.03694876284961],[145.49566176852343,59.208751283601565],[145.40413955172656,59.325503908113284],[144.84569838961718,59.28319510074024],[144.38981154879687,59.309859834626955],[143.82409194430468,59.29501303286914],[143.30285170992968,59.26652868838672],[142.92681411227343,59.27957113833789],[142.8458509775078,59.272525392488284],[142.35776809176562,59.14095648379688],[141.92383864840625,58.940894685701174],[141.59083083590625,58.72753103824024],[141.34955886325,58.500865541414065],[140.99425795992968,58.3906322345293],[140.58739760836718,58.23931082339649],[140.49984267672656,58.17075689883594],[140.02874282321093,57.64412649722461],[139.29383376559375,57.3361774310625],[138.86675551852343,57.12446554751758],[138.34592727145312,56.8042064532793],[137.60193923434375,56.24034842105274],[137.22909072360156,55.98272284121875],[136.5212660165703,55.58989294619922],[136.11939528903125,55.42064627261524],[135.26954177340625,55.02874334903125],[134.98522475680468,54.85393484683399],[134.89373305758593,54.71992453189258],[134.9020033212578,54.55941732974414],[135.0945082040703,54.432784639314455],[135.31255629977343,54.413165651277346],[135.72582534274218,54.407264314607424],[136.19642165621875,54.47499807925586],[136.4916029306328,54.45549353213672],[136.3435316415703,53.887828432039065],[136.3506574960625,53.70121344180469],[136.48705581149218,53.65484198184375],[136.770213160125,53.695357881501955],[137.04065993746875,53.86247976870899],[137.38286879977343,53.80980642886524],[137.3257551523125,53.74305685611133],[137.1217298837578,53.58943899722461],[137.0713148446953,53.48947104068164],[137.23923781832812,53.45651587100391],[137.9793958993828,53.464583955720705],[138.2340345712578,53.57158621402149],[138.40946486910937,53.80512198062305],[138.41680434664843,54.09191092105274],[138.76041701754687,54.08589132876758],[139.0516615243828,54.08645971866016],[139.37804702242968,54.080394350007815],[139.80591872653125,53.96114691348438],[140.10245803317187,53.80170401187305],[140.32129958590625,53.535647951082034],[140.70232680758593,53.2768627032793],[140.89365676364062,53.197433076814455],[141.12119582614062,53.051631532625],[141.0896711679375,52.98512228579883],[140.8281965585625,52.82524832339649],[141.03197768649218,52.72607382388477],[141.09054091891406,52.586864076570315],[140.93949416598437,52.26177176089649],[141.16062453707812,52.209205232576174],[141.25706008395312,52.10346182437305],[141.12632277926562,51.871619783357424],[140.96988967379687,51.69279821963672],[140.73028090914843,51.441302858308596],[140.40453628024218,50.82738455386524],[140.32349685153125,50.51783712954883],[140.34884170016406,50.41921957583789],[140.45699599703906,50.103988252595705],[140.37220290621875,49.691279970125],[140.32822707614062,49.35787924380664],[140.14658645114062,48.72439535708789],[140.08100417575,48.50260504336719],[139.21370986422656,47.81061514468555],[139.04668715914843,47.615150056794924],[138.9492903085625,47.322425447419924],[138.68499282321093,47.13351400943164],[138.35157302340625,46.87316092105274],[138.24288466891406,46.710704408601565],[137.98462966403125,46.269290529207034],[137.72051528414843,45.996680818513674],[137.29691604098437,45.64631613345508],[136.49410537203906,44.96602972598438],[136.2850599618828,44.75304373355274],[136.17924025973437,44.54676779361133],[136.03397658785937,44.39840658755664],[135.69280532321093,44.22396811099414],[135.41475966891406,44.03683050723438],[135.15606215914843,43.72116430850391],[134.9624281259453,43.51504477115039],[134.56858352145312,43.21221502871875],[134.1389417978203,42.99295385928516],[133.31200698336718,42.77939184756641],[132.95279983004687,42.669540010408205],[132.82735732516406,42.86189993472461],[132.594431910125,42.899974428132815],[132.48473647555468,42.88049276919727],[132.33309462985156,42.96368368716602],[132.1817884775078,43.19463690371875],[131.88309768160937,43.071979127839846],[131.67460158785937,43.02660330386524],[131.86515334567187,43.290381990388674],[131.58420852145312,43.21272238345508],[131.35679152926562,42.99385031314258],[131.06461623629687,42.74924048037891],[130.46761611422656,42.298785768464846],[130.43509963473437,42.27675970645313],[130.35991958102343,42.45350607486133],[130.22588637789843,42.65130194278125],[130.2762708993828,42.67719992251758],[130.83965590914843,42.88526877017383],[131.0694837900078,43.07875784488086],[131.13964370211718,43.22656210513477],[131.08921340426562,43.360919557527346],[131.13268569430468,43.418868623689455],[131.14396193942187,43.59208258242969],[131.14673903903125,43.867957673982424],[131.118357691375,44.163028322175784],[130.96923354586718,44.566768251375],[130.99053481539843,44.817428194001955],[131.73954299410937,45.25929983706836],[131.91782668551562,45.24093206973438],[132.22617629489062,45.13298758120899],[132.5313978525078,45.03152807803516],[132.7776136728203,44.98773916812305],[132.98899367770312,45.143565736726565],[133.23665908297656,45.45442923159961],[133.3848371835625,45.64880331607227],[133.66674331149218,46.13465841861133],[133.90897658785937,46.61442907901172],[134.03441909274218,47.01644095034961],[134.16527846774218,47.3346019610918],[134.46244338473437,47.51123007388477],[134.71737197360156,47.69420584292774],[134.709666285125,47.92129858584766],[134.65745070895312,48.09629400821094],[134.62839797457812,48.213050447419924],[134.51783278903125,48.26444586367969],[134.11167434176562,48.24926718325977],[133.58025649508593,48.15548285098438],[132.96940139254687,48.01586111636524],[132.54046157321093,47.87721975894336],[132.268748316375,47.77841147036914],[131.52279189547656,47.754962526277346],[131.23046401461718,47.74689444156055],[130.92454055270312,47.73228796573047],[130.80735305270312,47.932880006746096],[130.60941604098437,48.51002462954883],[130.47582534274218,48.89962347598438],[130.3835707040703,48.964210115388674],[129.1865949960625,49.34206732364063],[128.50118545016406,49.45574530215625],[127.9400129648125,49.609195314363284],[127.71199325045703,49.69929464908008],[127.51589492282031,49.874385438875],[127.09900954684375,50.73064383120899],[126.6756086679375,51.445148073152346],[126.18638900241015,52.518146120027346],[125.85267165621875,52.946544252351565],[125.50918105563281,53.15678747744922],[125.26661208590625,53.16876181216602],[124.64319899996875,53.11245688052539],[124.33600142916796,53.197024904207034],[123.86939528903125,53.413447938875],[123.3526106210625,53.510299287751955],[122.93982985934375,53.488231264070315],[122.39868453463671,53.43892630191211],[122.02236464938281,53.38383825869922],[121.18775466403125,53.31972845645313],[120.91705611666796,53.258617006257815],[120.70224288424609,53.184520326570315],[120.16528609713671,52.83050116153125],[119.99654677828906,52.703815065339846],[119.94269088229296,52.59101828189258],[120.31287673434375,52.62606009097461],[120.56357100924609,52.61416205020313],[120.77311233004687,52.47634466739063],[120.8210935922539,52.36420401187305],[120.74595168551562,52.00712927432422],[120.1289778085625,51.73335989566211],[119.85977462252734,51.488074861482424],[119.55948165377734,51.13756521792774],[119.37221053561328,50.893287263826174],[119.18234542330859,50.70172079654102],[119.13661483248828,50.589854799226565],[119.16393569430468,50.524356447175784],[119.32166579684375,50.36770971866016],[119.34646132907031,50.23013266177539],[119.29120162448046,50.124984346345705],[118.94031051119921,49.972457490876955],[117.84202102145312,49.633800111726565],[117.64499190768359,49.593623720125],[117.4905271860039,49.58627661319141],[116.984080347625,49.844562135652346],[116.78053573092578,49.92182119937305],[116.75977614840625,49.92989309878711],[116.56601241549609,50.005626283601565],[116.2861814828789,49.99759253116016],[115.7336912485039,49.864032350496096],[115.34658339938281,49.94032248111133],[115.19365981539843,49.998336397126955],[114.8555403085625,50.22592505069141],[114.52263930758593,50.296275697664065],[114.24833205660937,50.275149904207034],[114.098338160125,50.27434881778125],[113.57440474948046,50.05522497744922],[113.2346906991875,49.83119162173633],[113.03313735446093,49.65389975161914],[112.76120284518359,49.53502234073047],[112.52449325045703,49.462020479158205],[112.00812056979296,49.400584779695315],[111.61783889254687,49.352862916902346],[111.37829116305468,49.31900366397266],[110.92029097994921,49.29046591372852],[110.19990828951953,49.24101599307422],[109.86690047701953,49.25878103824024],[109.42404464205859,49.2955394610918],[109.01690200289843,49.40423163028125],[108.42351821383593,49.518477998689455],[108.05832198580859,49.68619116397266],[107.54907515963671,49.827098451570315],[107.26836684664843,49.97579535098438],[106.66849807223437,50.313521944001955],[106.322947535125,50.416690431550784],[105.6824217172539,50.42641790957813],[105.1551008554375,50.443309389070315],[104.79693892916796,50.4085765704668],[103.68075850924609,50.16643484683399],[103.37787154635546,50.21730764956836],[102.63903335055468,50.4561839923418],[102.44960311373828,50.60624273867969],[102.26568892916796,50.808997713044924],[102.18423751315234,51.0256420001543],[102.18224624117968,51.26922567935352],[102.11743453463671,51.36111029239063],[101.77236464938281,51.42517050357227],[101.3269758554375,51.56784018130664],[101.01121047457812,51.671710573152346],[100.22460463961718,51.8193317279375],[99.75820449313281,51.902694307283205],[99.29542067965625,51.946490846589846],[98.91755965670703,52.03695639224414],[98.34688857516406,51.604816041902346],[97.93963149508593,51.2269359454668],[97.8954344125664,51.09500464053516],[98.079539332,50.70785482974414],[98.2577391000664,50.57079275699024],[98.30989364108203,50.47910650821094],[98.23633101901171,50.24239691348438],[97.90157607516406,49.98485525699024],[97.76233199557421,49.912234865144534],[97.42278579196093,49.78633841128711],[97.16955855807421,49.7784496173418],[96.91001418551562,49.86199148745899],[96.76998427828906,49.91350134463672],[96.37613204440234,49.944068513826174],[95.99401381930468,49.942035280183596],[95.67062667330859,49.97952231021289],[95.01427749117968,49.97603949160938],[94.69996932467578,50.026797853425784],[94.52293685397265,50.20952566714649],[94.21045974215625,50.54928549380664],[93.83646682223437,50.58671148867969],[93.00797561129687,50.64146002383594],[92.58859542330859,50.711543642],[92.15972426852343,50.755286775544924],[91.78171065768359,50.67437704654102],[91.10167983492968,50.46047552676563],[90,50.30670126529102],[90,50.12759359927539],[89.796336207,49.816444002107424],[89.78877547701953,49.81105764956836],[89.46210006198046,49.63949926944141],[89.19085219821093,49.57278021426563],[88.56673720797656,49.53679236026172],[88.29726699313281,49.443980775789065],[87.93771651705859,49.25282248111133],[87.86840346774218,49.232886873201174],[87.75841811617968,49.19966848941211],[87.50229934176562,49.19830282779102],[87.39988234957812,49.19203146548633],[87.15221694430468,49.17686804385547],[86.90806106051562,49.110362611726565],[86.78273299655078,48.99230536075],[86.77767470797656,48.8684154376543],[86.76208785494921,48.653323732332034],[86.6243391366875,48.554881654695315],[86.49448684176562,48.52814444156055],[85.9544172616875,48.486182771638674],[85.76193526705859,48.36144980044727],[85.60924819430468,48.1003375873125],[85.65256789645312,47.76246603579883],[85.74855330905078,47.44462164492969],[85.67801192721484,47.26895102115039],[85.47764876803515,47.092662416414065],[85.29040816744921,47.04623755069141],[84.96707442721484,47.01854284854297],[84.33619216403125,47.05407675357227],[84.06906417330859,47.11751516909961],[83.74472335299609,47.180675111726565],[83.25171187838671,47.29487570376758],[83.05951980075,47.066669069246096],[82.82747939547656,46.55318411441211],[82.62998488864062,46.19588430972461],[82.50125411471484,45.92336996646289],[82.4398908945,45.735477052644534],[82.71966842135546,45.504283510164065],[82.77654555758593,45.375362001375],[82.70616439303515,45.26516302676563],[82.60192397555468,45.20002707095508],[82.42505935153125,45.16678198428516],[81.91517165621875,45.273807130769534],[81.69031051119921,45.35655935855274],[81.53267196139453,45.32986029239063],[81.04586318453906,45.236793123201174],[80.23662856539843,45.12263449283008],[80.0599851938164,45.03777273745899],[79.96291640719531,44.90189703555469],[79.93243697604296,44.8051830157793],[80.03676131686328,44.72207602115039],[80.20167830905078,44.74871405215625],[80.41951278170703,44.68553503604297],[80.43285659274218,44.07457312198047],[80.58789351901171,43.792586885408205],[80.71861556491015,43.5941234454668],[80.77205947360156,43.382457338289065],[80.67250350436328,43.23421820254688],[80.35506728610156,42.988544069246096],[80.21090224703906,42.80807837100391],[80.20231154879687,42.628402315095705],[80.26470473727343,42.241439424470705],[80.27875045260546,42.154300294832034],[80.25599196871875,42.08367117495899],[80.10927871188281,41.99955328555469],[79.67309096774218,41.90105017276172],[79.0710935922539,41.743976198152346],[78.87063125094531,41.67883261294727],[78.68826583346484,41.543319307283205],[78.40125564059375,41.22801550479297],[78.11065200289843,41.07281073184375],[77.8960676523125,41.026839815095705],[77.68919661959765,41.01930197329883],[77.12774184664843,41.12502249331836],[77.02039626559375,41.11162146182422],[76.81067183932421,40.89929159732227],[76.60212996920703,40.54634817691211],[76.481638941375,40.43697317691211],[76.08359816989062,40.37723883242969],[75.85559371432421,40.31206091494922],[75.70093062838671,40.336776338533205],[75.61860946139453,40.59209021182422],[75.59170058688281,40.62392386050586],[75.42999556979296,40.6102367267168],[74.64844802340625,40.27984579654102],[74.00865462741015,39.963199220613284],[73.88494399508593,39.87966116519336],[73.8270750375664,39.78373297305469],[73.76455977877734,39.45107992740039],[73.75992873629687,39.42010458560352],[73.77017501315234,38.95586737246875],[73.67699721774218,38.85573538394336],[73.71202376803515,38.718734346345705],[73.85831740817187,38.541507326082034],[74.066599878875,38.56176718325977],[74.16916945895312,38.63442572207813],[74.26817611178515,38.60747107119922],[74.57975295504687,38.59007986636524],[74.70292190035937,38.520709596589846],[74.83551314791796,38.29854544253711],[74.83175948580859,38.17083700747852],[74.84434035739062,38.060218416169924],[74.91275313815234,38.054950319246096],[74.93470290621875,37.99982412906055],[74.87815383395312,37.80742605777149],[74.98836806735156,37.70091971011524],[74.92007735690234,37.53887899966602],[75.01015761813281,37.465518556550784],[74.92869094332812,37.382327638582034],[74.89278701266406,37.27037771792774],[74.73327163180468,37.20940359683399],[74.4785642953789,37.27799566836719],[74.25550368746875,37.30219992251758],[74.13705733737109,37.370399080232424],[73.88264754733203,37.26831015200977],[73.44465926608203,37.201942048982424],[73.38334182223437,37.22826346011524],[73.4412336679375,37.307227693513674],[73.3519773813164,37.34173544497852],[73.04716018160937,37.32828863711719],[72.71422103366015,37.18614538760547],[72.4481687875664,36.96757849307422],[72.18286422213671,36.938758455232424],[71.84756759127734,36.7160716876543],[71.68982222994921,36.70247610659961],[71.52447036227343,36.714278779939455],[71.46695235690234,36.75213583560352],[71.39291671237109,36.93624838443164],[71.30323317965625,37.17035635562305],[71.3865232797539,37.370399080232424],[71.43059829196093,37.71935232730274],[71.44410994967578,37.83401449771289],[71.36744216403125,37.91801794619922],[71.14935592135546,37.87588080020313],[71.2197981210625,38.14477499575977],[70.9606199594414,38.34712942691211],[70.8914289804375,38.37221487613086],[70.71880629977343,38.364886842683596],[70.59022048434375,38.29198034854297],[70.52996352633593,38.12868841739063],[70.33407882174609,37.93609579654102],[70.31235793551562,37.744971834138674],[70.31502822360156,37.630389772371096],[70.22142318209765,37.52801474185352],[70.02215102633593,37.45688208194141],[69.96237472018359,37.462909303621096],[69.69838241061328,37.531470857576174],[69.56701186617968,37.50527533145313],[69.53382399996875,37.42233236880664],[69.53726485690234,37.28231009097461],[69.40218642672656,37.14154013247852],[69.30783370455859,37.08373221011524],[69.13641646823046,37.076419435457034],[68.85298446139453,37.18304022403125],[68.70652297457812,37.18221624942188],[68.44501021823046,37.0534740314043],[68.18420699557421,36.899276338533205],[67.96541884860156,36.83441885562305],[67.8555403085625,36.85289343448047],[67.79717544039843,36.916209779695315],[67.77926925143359,36.940791688875],[67.6217527719414,37.15708502383594],[67.51531508883593,37.213782869294924],[66.9677000375664,37.236190401033205],[66.6765852304375,37.24093206973438],[66.63383010348437,37.24810751529102],[65.97912887057421,37.35799749942188],[65.72472670992968,37.490279756501955],[65.52440932711718,37.33000906558399],[65.33691695651171,37.23984106631641],[64.82598403414843,37.14788397403125],[64.6321287485039,36.78401907534961],[64.540720972625,36.338092409089846],[64.49449447116015,36.28057058902149],[64.26583388766406,36.1711383685625],[63.372283014861324,35.86080511660938],[63.11659530123828,35.78940924258594],[63.06297973116992,35.70006521792774],[63.06273177584765,35.49018820376758],[62.96358016451953,35.40060766787891],[62.67759231051562,35.265460573152346],[62.43746093234179,35.25139578433399],[62.17949584445117,35.28810843081836],[61.72973159274218,35.44456060977344],[61.30818084200976,35.53123053164844],[61.221343073455074,35.581615053132815],[61.186247858611324,35.59415014834766],[61.11867812594531,35.90544470401172],[61.1140737863457,36.15988119693164],[61.09687713107226,36.54155691714649],[61.01400283297656,36.63655813784961],[60.65985778292773,36.60276373477344],[60.34631255587695,36.60736807437305],[60.05139831027148,36.83485373111133],[59.240481409636715,37.44784124942188],[58.9716062875664,37.59917028994922],[58.674895319548824,37.67394217105274],[58.44981292208789,37.698165498689455],[58.09498885592578,37.728030763582034],[57.72487929782031,37.878829561189455],[57.40650847872851,37.99171408267383],[57.225466761199215,38.18818625064258],[56.75084975680468,38.23650320620899],[56.517310175505855,38.260692201570315],[56.363257441130855,38.202498994783205],[56.13091186007617,38.04833181949024],[55.98069671115039,38.034747682527346],[55.62962630709765,38.05191382022266],[55.35565856417773,38.03765066714649],[55.16967299899218,37.972919069246096],[54.95576384982226,37.82522924991016],[54.6760855050957,37.53070028872852],[54.466582331267574,37.39581259341602],[54.21389296969531,37.337100587800784],[54.015112909880855,37.34832724185352],[53.98521712741015,37.51772650332813],[53.92775252780078,37.82421835513477],[53.87986281832812,38.02535589785938],[53.937327417937496,38.15944632144336],[53.937327417937496,38.33184774966602],[53.937327417937496,38.5712962970293],[53.98521712741015,38.65749701114063],[54.03310683688281,38.79158743472461],[54.07141784152148,38.89694555850391],[54.03310683688281,38.992721162751955],[53.91817382296679,39.050189577058596],[53.774504694548824,39.136390291169924],[53.67872527560351,39.251327119783205],[53.65957168063281,39.318370424226565],[53.5829458566582,39.318370424226565],[53.49674514254687,39.337527833894534],[53.3339224191582,39.38541754336719],[53.24772170504687,39.29921682925586],[53.2094107004082,39.40457113833789],[53.24772170504687,39.45246084781055],[53.31476500949023,39.56739767642383],[53.37223342379687,39.519507966951174],[53.54463485201953,39.53866156192188],[53.73619368991015,39.500350557283205],[53.79366210421679,39.49077185244922],[53.812815699187496,39.54824026675586],[53.66914657076953,39.644019685701174],[53.55421355685351,39.65359839053516],[53.51590255221484,39.77811010928516],[53.59252456149218,39.89304693789844],[53.688303980437496,39.97924765200977],[53.506323847380855,39.99840124698047],[53.36265471896289,39.9600902423418],[53.19025329074023,39.9600902423418],[53.04658416232226,39.99840124698047],[52.98911574801562,39.93135794253711],[52.91249373873828,40.04629095645313],[52.84545043429492,40.18038138003711],[52.84545043429492,40.333629213289065],[52.82629302462695,40.46771963687305],[52.90291503390429,40.56349905581836],[52.95080474337695,40.707164369539065],[52.96996215304492,40.822101198152346],[53.017851862517574,40.946612916902346],[53.056162867156246,41.05197104068164],[53.15194228610156,40.89872320742969],[53.180674585906246,40.84125479312305],[53.257300409880855,40.764632783845705],[53.43927672824023,40.80294378848438],[53.61168197116015,40.745479188875],[53.65957168063281,40.81252249331836],[53.649992975798824,40.87956961245899],[53.69788268527148,40.87956961245899],[53.76492598971484,40.869990907625],[53.79366210421679,40.726321779207034],[53.84155181368945,40.640121065095705],[53.97564223727343,40.64969976992969],[54.10973266085742,40.67843206973438],[54.22466567477343,40.726321779207034],[54.33002379855273,40.68801077456836],[54.41622451266406,40.659278474763674],[54.45453551730273,40.71674307437305],[54.387488398162105,40.80294378848438],[54.3683348031914,40.89872320742969],[54.45453551730273,40.91788061709766],[54.50242522677539,40.850833497957034],[54.60778335055468,40.81252249331836],[54.7227163644707,40.850833497957034],[54.81849578341601,40.87956961245899],[54.828074488249996,40.98492392154102],[54.75144866427539,41.13817175479297],[54.5982046457207,41.24352987857227],[54.35875609835742,41.38719519229297],[54.16719726046679,41.482974611238284],[54.138464960662105,41.62664373965625],[54.11930755099414,41.779891572908205],[54.023528132048824,41.85651358218555],[54.023528132048824,41.95229300113086],[54.023528132048824,42.048072420076174],[53.98521712741015,42.10553701968555],[53.73619368991015,42.1342731341875],[53.4584341379082,42.09596212954883],[53.266875300017574,42.086383424714846],[53.06574157199023,42.028915010408205],[52.9795408578789,41.904403291658205],[52.94122985324023,41.77031286807422],[52.998694452849605,41.68411215396289],[52.96996215304492,41.55960043521289],[52.931651148406246,41.37762030215625],[52.96038344821093,41.272262178376955],[52.96996215304492,41.13817175479297],[52.85502532443164,41.38719519229297],[52.692202601042965,41.53086432071094],[52.71136001071093,41.60749014468555],[52.68262389620898,41.69369085879688],[52.55927184542773,41.75783880801563],[52.600745234099605,41.93767889590625],[52.573767695037105,42.01860388369922],[52.51981643160937,42.072555147126955],[52.58275893649218,42.1894489154375],[52.672678980437496,42.279368959382815],[52.73562148532031,42.42324026675586],[52.75360778292773,42.558116517976565],[52.8345327707207,42.64803656192188],[52.76259902438281,42.755939088777346],[52.58275893649218,42.82787283511524],[52.37594893893359,42.80089529605274],[52.295020136443355,42.87283285708789],[52.16014388522265,42.84585531802539],[52.07022384127734,42.82787283511524],[51.98030379733203,42.90880163760547],[51.8813963266289,43.05266913028125],[51.737525019255855,43.17855414004688],[51.58466247042773,43.17855414004688],[51.42280868014453,43.1695628985918],[51.42280868014453,43.25948294253711],[51.458777460662105,43.38536795230274],[51.36885741671679,43.55621298404102],[51.260954889861324,43.61016424746875],[51.17103484591601,43.71806677432422],[50.99119857272265,44.077743135408205],[50.955229792205074,44.20362814517383],[50.703459772673824,44.257579408601565],[50.388743433562496,44.29354818911914],[50.32580092867968,44.365481935457034],[50.33479217013476,44.563304506257815],[50.40672591647265,44.61725576968555],[50.54160598239062,44.64423330874805],[50.72144225558398,44.635238252595705],[50.874304804412105,44.62624701114063],[51.09010985812304,44.563304506257815],[51.332888636199215,44.482379518464846],[51.41381743868945,44.51834448428516],[51.57567122897265,44.55431326480274],[51.48575118502734,44.62624701114063],[51.36885741671679,44.68019827456836],[51.18902114352343,44.770118318513674],[51.09910109957812,44.87802084536914],[51.21599486788867,45.039874635652346],[51.34188369235156,45.0578571185625],[51.37784865817187,45.17475088687305],[51.458777460662105,45.30963095279102],[51.51272872408984,45.37257345767383],[51.62962249240039,45.354590974763674],[51.77349379977343,45.39055594058399],[51.845427546111324,45.43551596255664],[51.99829009493945,45.38156469912891],[52.10619262179492,45.38156469912891],[52.60973647555468,45.39955099673633],[53.059329065886715,45.33660467715625],[53.284129175749996,45.327613435701174],[53.21219161471484,45.36358221621875],[53.059329065886715,45.4534984454668],[52.84352401217578,45.5074535235918],[52.8345327707207,45.6423297748125],[52.92445281466601,45.732249818757815],[53.05033782443164,45.831161104158205],[53.14924910983203,45.95704611392383],[53.20320037325976,46.190833650544924],[53.257151636687496,46.316722475007815],[53.185217890349605,46.42462118716602],[53.12227538546679,46.496558748201174],[53.16723159274218,46.58647497744922],[53.284129175749996,46.676395021394534],[53.23017791232226,46.73034628482227],[53.185217890349605,46.86522635074024],[53.0233641000664,46.91917761416797],[52.8615103097832,46.93716009707813],[52.55578521212695,46.982120119050784],[52.46586516818164,46.91018255801563],[52.37594893893359,46.874217592195315],[52.14215758761523,46.83824881167774],[51.93534759005664,46.89220007510547],[51.79147628268359,47.00909384341602],[51.67458251437304,47.03607138247852],[51.36885741671679,47.09002264590625],[51.11708358248828,47.06304510684375],[50.82035354098437,46.91917761416797],[50.63152221163867,46.91018255801563],[50.27184966525195,46.68538626284961],[49.94814208468554,46.55950125308399],[49.72334578951953,46.53252371402149],[49.534514460173824,46.54151877017383],[49.4086294504082,46.43361624331836],[49.31320479830859,46.35268744082813],[49.23778441866992,46.262767396882815],[49.05794433077929,46.13688238711719],[48.88709929904101,46.082931123689455],[48.83314803561328,46.082931123689455],[48.83314803561328,46.01998861880664],[48.83314803561328,45.92107733340625],[48.770205530730465,45.885108552888674],[48.63532927950976,45.97502859683399],[48.48246673068164,45.885108552888674],[48.30262664279101,45.76821478457813],[48.01488784274218,45.71426352115039],[47.87101653536914,45.67829855533008],[47.75412276705859,45.71426352115039],[47.67319777926562,45.75023230166797],[47.628237757292965,45.732249818757815],[47.60126403292773,45.66031225772266],[47.6552114816582,45.54341848941211],[47.556304010955074,45.4534984454668],[47.47537520846484,45.318622194246096],[47.39445022067187,45.17475088687305],[47.250578913298824,44.98592337222461],[47.169653925505855,44.86003836245899],[47.02578261813281,44.78810080142383],[46.87292006930468,44.68019827456836],[46.80997756442187,44.53633078189258],[46.84594634493945,44.44641073794727],[46.99880507907031,44.356490694001955],[47.142676386443355,44.3385082110918],[47.223601374236324,44.20362814517383],[47.33150771578906,44.185645662263674],[47.43940642794726,44.03278311343555],[47.56529525241015,43.84395559878711],[47.53831771334765,43.67311056704883],[47.49336150607226,43.58319052310352],[47.520335230437496,43.51125677676563],[47.56529525241015,43.601173006013674],[47.61025527438281,43.7540355548418],[47.66420653781054,43.85294684024219],[47.73614028414843,43.86193808169727],[47.67319777926562,43.66411551089649],[47.57428649386523,43.502261720613284],[47.60126403292773,43.322425447419924],[47.6552114816582,43.27746542544727],[47.58327773532031,43.18754919619922],[47.56529525241015,43.007709108308596],[47.73614028414843,42.89980658145313],[47.79009154757617,42.85484655948047],[47.8440428110039,42.62105902285938],[47.96992782076953,42.59408529849414],[48.13178161105273,42.40525396914844],[48.22170165499804,42.279368959382815],[48.419524225798824,42.09053763003711],[48.50044921359179,41.92868383975391],[48.662303003874996,41.901710115388674],[48.683238062468746,41.83590658755664],[48.89249709567187,41.68698462100391],[48.998869928923824,41.516788087800784],[49.115881952849605,41.43168982119922],[49.24352935275195,41.29340323062305],[49.28607848605273,41.05938299746875],[49.3499021860039,40.9530101642168],[49.477549585906246,40.836001954988284],[49.60519698580859,40.761539064363284],[49.60519698580859,40.687076173738284],[49.80730346163867,40.58070334048633],[50.02005294283984,40.60197790713672],[50.190249476042965,40.57006796450977],[50.31789687594531,40.49560507388477],[50.42426970919726,40.410506807283205],[50.46681884249804,40.32540854068164],[50.46681884249804,40.26158484073047],[50.30725768527148,40.32540854068164],[50.12642577609179,40.346683107332034],[50.0306883188164,40.346683107332034],[49.91368010958789,40.32540854068164],[49.849856409636715,40.2722240314043],[49.66902068575976,40.24031027408008],[49.57328322848437,40.17648657412891],[49.55200866183398,40.091388307527346],[49.54137328585742,39.87864264102344],[49.48818496188281,39.76163061709766],[49.44563582858203,39.655257783845705],[49.403086695281246,39.48506125064258],[49.49882415255664,39.37868841739063],[49.48818496188281,39.293590150789065],[49.381812128630855,39.32550009341602],[49.339262995330074,39.28295096011524],[49.30735305270312,39.1340289935625],[49.2754392953789,39.01702078433399],[49.22225478610156,39.03829535098438],[49.17970565280078,39.14466818423633],[49.115881952849605,39.18721731753711],[49.041419062224605,39.14466818423633],[49.020144495574215,39.00638159366016],[49.05205825289843,38.931922517732424],[48.998869928923824,38.878734193757815],[48.945681604949215,38.836185060457034],[48.988230738249996,38.71917685122852],[48.824954065886715,38.3095775470293],[48.501048121062496,38.452010713533205],[48.38041594943164,38.44475134463672],[48.220225367156246,38.63969000430469],[48.05175689181445,38.687110506013674],[47.99317077120898,38.85046347232227],[48.23286345919726,38.9716754779375],[48.27547362765429,39.07180365176563],[48.08212569674609,39.150863252595705],[48.0697508188164,39.23519095034961],[48.35318282565234,39.29317816348438],[48.39548018893359,39.36300238223438],[48.368262323943355,39.41386755557422],[48.148745569792965,39.50830038638477],[47.990996393767574,39.63498266787891],[47.85377410372851,39.70965536685352],[47.64860442599414,39.604205690339846],[47.17247298678515,39.38279303164844],[47.00435164889453,39.18249472232227],[46.71552184542773,39.09815939517383],[46.601050409880855,38.983321748689455],[46.45406249484179,38.835860811189455],[46.28439620455859,38.822452150300784],[46.28053954562304,38.822146974519534],[46.1666746469414,38.88207968325977],[45.97950652560351,38.86510428042774],[45.749243769255855,38.87657888980274],[45.559458765593746,38.932906709626955],[45.408782038298824,39.02770193667774],[45.27645019015429,39.20884283633594],[45.0287351938164,39.30899389834766],[44.90211776217578,39.49677237124805],[44.78302672824023,39.66830786319141],[44.669585260955074,39.75698813052539],[44.44808104952929,39.95989187808399],[43.81239226779101,40.01388128848438],[43.68453124484179,40.109115205720705],[43.66971877535937,40.2945514545],[43.85885909518359,40.66039236636524],[43.84727004489062,40.74996527285938],[43.489268335906246,41.07472952456836],[43.47533706149218,41.08736761660938],[42.87842467745898,41.54550512881641],[42.69377807101367,41.5637164935625],[42.35151961764453,41.40158041568164],[42.25010970553515,41.368968568757815],[42.02903655490039,41.39981039615039],[41.48396209200976,41.436542116121096],[41.52111342867968,41.46583517642383],[41.666113886443355,41.72915228457813],[41.6804685922539,41.793338380769534],[41.65183547457812,42.120643220857424],[41.502722773162105,42.608478151277346],[41.40974334200976,42.78824194522266],[41.12255385836718,43.019088350251955],[40.969336542693355,43.07665976138477],[40.55709365328906,43.14658697696094],[40.251616510955074,43.268184267],[40.09806350192187,43.37755163760547],[39.458689722624996,43.832931123689455],[38.92371276339648,44.21186026187305],[38.5560903879082,44.38509710879688],[38.27700332125781,44.42320593448047],[38.10918334445117,44.49377401919727],[37.880373987761715,44.71894796939258],[37.774050745574215,44.74454077334766],[37.62174514254687,44.67330893130664],[37.47389129122851,44.692359529451174],[37.31793883761523,44.92420919986133],[36.959868464080074,45.22735556216602],[37.22774795016406,45.3120189532793],[37.46097091158984,45.312476716951174],[37.661265406218746,45.345233522371096],[37.70609572848437,45.57840307803516],[37.86787703951953,45.79251440616016],[37.98994353732226,46.00666006656055],[38.22715285739062,46.020091615632815],[38.45897963961718,46.07891424746875],[38.26491454562304,46.31855734439258],[37.97017196139453,46.44128378482227],[37.75709823092578,46.60319098086719],[37.86659911593554,46.65535696597461],[38.031863245574215,46.66868170352344],[38.401091608611324,46.721351228669924],[38.72273925265429,46.87792166324024],[39.282359156218746,47.07403143496875],[39.194094690886715,47.24295004458789],[39.159853968230465,47.26889380069141],[38.80024627169726,47.22916754336719],[38.209727320281246,47.15045889468555],[37.85925200900195,47.103744111970705],[37.42214492282031,47.076881013826174],[37.19263366183398,46.894420228914065],[36.86455825289843,46.80929144473438],[36.35396865328906,46.77579840274219],[35.85055831393359,46.66439016909961],[35.624331507292965,46.521060548738284],[35.41610244235156,46.49468954654102],[35.21237472018359,46.63714178653125],[35.04636672457812,46.357650361970705],[34.906809839812496,46.273021303132815],[34.69234755953906,46.25312765689258],[34.4956541391289,46.27870138736133],[34.06421569308398,46.26487310977344],[33.83908370455859,46.19305380435352],[34.1272573800957,46.06389959903125],[35.00805190524218,45.6119457110918],[35.031897577849605,45.53427466006641],[34.99001220187304,45.450015626863284],[35.063418421355465,45.340098939851565],[35.31667617282031,45.32118185611133],[35.54621795138476,45.379893861726565],[35.84976485690234,45.445228181794924],[36.32316497286914,45.43969687075977],[36.52104857882617,45.38828619571094],[36.41513350924609,45.27157171817188],[36.3671141000664,45.161483369783205],[36.26475432833789,45.09658773990039],[36.0046987863457,45.04433401675586],[35.865454706755855,45.03111990542774],[35.59955504855273,45.10174139590625],[35.386660608855465,45.08192404361133],[35.0673208566582,44.86172445865039],[34.61416152438281,44.841468416169924],[34.3722410531914,44.75717505069141],[34.13495543917773,44.53749807925586],[34.01372436007617,44.49212225528125],[33.66015532931445,44.523658357576174],[33.39549544772265,44.60049017520313],[33.55937865695117,44.93613775821094],[33.516673121062496,45.12350805850391],[33.39787200411914,45.2526813373125],[33.013491663542965,45.38137014956836],[32.92628768405078,45.387672029451174],[32.64344695529101,45.380633912996096],[32.57530120333789,45.36108358950977],[32.50324157199023,45.44510229678516],[32.902258905974605,45.67258032412891],[33.19164946993945,45.78977545352344],[33.539458307830074,45.874713502839846],[33.63883880099414,45.92677267642383],[33.52794555148242,46.13406332583789],[33.33253386935351,46.16611059756641],[32.97293380221484,46.14594992251758],[32.51644423922656,46.12558325381641],[32.20216659030078,46.170360170320315],[32.114104303923824,46.215621553376955],[31.92594054659961,46.409930787996096],[32.188792261687496,46.59223898501758],[31.95127013644336,46.864627443269534],[31.781046900359375,46.701861940339846],[31.537734064666015,46.70138128848438],[31.087231669036132,46.635535798982424],[30.83285621127246,46.57659109683399],[30.520461115447265,46.251407228425784],[30.43284740345622,46.17574956961106],[30.06606624338759,46.280356520899026],[29.80684742762615,46.50501282789227],[29.426659831176035,46.81607540680601],[29.115597252262305,47.282669275176595],[28.90822219965315,47.818388161083575],[28.426790289144513,48.09737613564061],[28.41541579684375,48.08221014590625],[28.387043985930664,48.10490759463672],[28.387043985930664,48.138953767732424],[28.347323450652343,48.15030249209766],[28.301928553191406,48.133277498201174],[28.318951639739257,48.15597494693164],[28.358672175017578,48.20136984439258],[28.347323450652343,48.2297435626543],[28.29625419100879,48.2297435626543],[28.216813120452148,48.212718568757815],[28.160069498625976,48.22406729312305],[28.11467460116504,48.218394838289065],[28.080628428069335,48.25244101138477],[28.057930979338867,48.28081091494922],[28.01253608187793,48.30918463321094],[27.944443735686523,48.31486090274219],[27.882025751677734,48.33755835147266],[27.819605860320312,48.39430197329883],[27.72314170321582,48.43402060122852],[27.70611861666797,48.43969687075977],[27.647770708013145,48.75157589782475],[27.485758948162246,48.75157589782475],[27.485758948162246,48.6705700178993],[27.107731508510145,48.83258177775021],[27.107731508510145,48.643568057924156],[26.98940102500732,48.68075763845361],[26.946726834552926,49.110761342268674],[27.00065088592259,49.67696388165014],[26.946726834552926,50.3240524980861],[27.48596734824956,50.8363309860979],[27.405081271195066,51.48341960253386],[27.270271142770905,51.726077833697346],[27.324195194140568,52.31924239876364],[27.081536962977086,52.91240696382994],[27.092509578814443,53.040420815265755],[26.60445512408502,53.05215837471024],[26.715054171983287,54.339849602343705],[27.504733157532765,54.70284499556514],[27.674701528043382,55.12329306998614],[27.728625579413045,55.50076142957378],[27.58046821078418,55.78117712588672],[27.611302408782226,55.87367971988086],[27.642136606780273,55.9199291095293],[27.703803095427734,55.958472810701174],[27.765471491423828,56.02784689517383],[27.865681681243164,56.04326590152149],[27.919642481414062,56.09722479434375],[28.027560267058593,56.12034948916797],[28.1364183755791,56.140418611482424],[28.16357711276172,56.15928991885547],[28.170126947966796,56.211688600496096],[28.18977645358203,56.250987611726565],[28.150477442351562,56.35578116031055],[28.15702727755664,56.440929017976565],[28.09808066805957,56.493323884919924],[28.124280008879882,56.53262289615039],[28.052231821624023,56.55227240176563],[27.986735376921875,56.598121248201174],[27.97363570651172,56.670169435457034],[27.914689097014648,56.69636496158008],[27.862290415374023,56.74221380801563],[27.881939920989257,56.77496298404102],[27.90813926180957,56.81426199527149],[27.87539008578418,56.83391150088672],[27.83609107455371,56.8404613360918],[27.77714446505664,56.87321051211719],[27.71164611300586,56.86666067691211],[27.619950327483398,56.8404613360918],[27.639599833098632,56.886310182527346],[27.68544867953418,56.91905554385547],[27.718195948210937,56.95835455508594],[27.70509627780078,57.010753236726565],[27.73784545382617,57.06970175357227],[27.6788988443291,57.10899695010547],[27.724745783416015,57.12209662051563],[27.764044794646484,57.128646455720705],[27.80989364108203,57.161395631746096],[27.81644347628711,57.200694642976565],[27.829541239348632,57.25309332461719],[27.83609107455371,57.29239233584766],[27.74439528903125,57.318587861970705],[27.70509627780078,57.351337037996096],[27.61340049227832,57.390636049226565],[27.508606943694335,57.423385225251955],[27.508606943694335,57.47578390689258],[27.51515487155078,57.52817877383594],[27.348862680999023,57.52635916324024],[27.312113794890625,57.57402762027149],[27.36451247653125,57.6002269610918],[27.371062311736328,57.63952597232227],[27.384161982146484,57.69192465396289],[27.443108591643554,57.69192465396289],[27.482407602874023,57.74431952090625],[27.508606943694335,57.7901683673418],[27.580653223601562,57.81636770816211],[27.698548349944335,57.836017213777346],[27.77714446505664,57.86876638980274],[27.750945124236328,57.89496573062305],[27.672349009124023,57.914615236238284],[27.65269950350879,57.9801097735918],[27.64614966830371,58.01940878482227],[27.64614966830371,58.05215796084766],[27.606852564421875,58.08490713687305],[27.51515487155078,58.12420614810352],[27.436558756438476,58.2289996966875],[27.436558756438476,58.30759771914844],[27.51515487155078,58.36654242129688],[27.502057108489257,58.43859060855274],[27.469307932463867,58.52373846621875],[27.410359415618164,58.72022970767383],[27.397259745208007,58.792274080232424],[27.436558756438476,58.864322267488284],[27.528254541960937,58.92327078433399],[27.672349009124023,58.982215486482424],[27.770594629851562,59.07391317935352],[27.849190744963867,59.19835623355274],[27.87539008578418,59.25730475039844],[27.914689097014648,59.276954256013674],[27.96708587130664,59.276954256013674],[28.052231821624023,59.276954256013674],[28.13082984408496,59.29660376162891],[28.150477442351562,59.37519796939258],[28.078431162444335,59.434146486238284],[28.01309302767871,59.45822104068164],[27.97339347323535,59.51671179385547],[27.89665702304004,59.53378256411914],[27.94168761691211,59.64759787173633],[28.094189676848632,59.664676271394534],[28.16310409030078,59.590682588533205],[28.266337427703125,59.56222876162891],[28.35098365267871,59.602061830476565],[28.30910018405078,59.66440161319141],[28.444363627043945,59.733741365388674],[28.662732157317382,59.64434012027149],[28.795933756438476,59.67222174258594],[28.93626883944629,59.82455023379688],[29.076066050139648,59.907794557527346],[29.413628611174804,59.860030733064455],[29.7654524179375,59.736243806794924],[29.963156733123046,59.736617647126955],[30.12663939913867,59.80604513736133],[29.952874216643554,59.98558386416797],[29.687296900359375,60.131000123933596],[29.510743174163085,60.14456518741016],[28.968979868499023,60.10878714175586],[28.69163421115039,60.14997824283008],[28.667733720312068,60.15945012739812],[32.83486815568748,61.599822462589],[31.370462126325787,62.644873000911076],[31.40830138644336,62.79196508975391]]],[[[142.01658156832812,51.43059118838672],[141.6432142587578,51.813087068513674],[141.5981703134453,52.21667440982227],[141.64965346774218,52.302901826814455],[141.81145766696093,52.62804373355274],[141.84099868258593,52.96002157779102],[141.689646753875,53.165721498445315],[141.767039332,53.27226599307422],[141.93522170504687,53.285892091707034],[142.21412185153125,53.29970511050586],[142.67486098727343,53.540172182039065],[142.86388686617968,53.34086950869922],[143.0569105478203,53.06198462100391],[143.138865503875,52.856246553376955],[143.14329055270312,52.5112377032793],[143.03341201266406,52.31218679995899],[142.94488051852343,51.96111258120899],[142.9439192148125,51.61730536075],[143.07418349703906,51.26762732119922],[143.34070876559375,50.88577612491016],[143.63314345797656,50.23497732730274],[143.75128199079674,50.023193780460275],[142.08396544100253,50.01028637403683],[142.08507827242968,50.30426748843555],[142.15287307223437,50.89004477115039],[142.11239150485156,51.21959265323047],[142.01658156832812,51.43059118838672]]],[[[56.26495269249226,73.51473578091326],[55.75743392418171,73.57743414517107],[55.424868616564524,73.55293615933122],[54.99362472008015,73.53622778530779],[54.66363051841999,73.4719959127492],[54.47870543907429,73.51936682339372],[54.01755050133015,73.73358496304216],[54.34921554039265,73.86993750210466],[54.8935766548946,74.06292303677263],[55.18793395469929,74.10351904507341],[55.88524154136921,74.1048084127492],[55.945574793322336,74.26536139126482],[55.618506464464915,74.41746100063982],[55.775942835314524,74.53853186245622],[55.96450332115437,74.60336645718279],[56.268755945666086,74.61199530239763],[56.65202620933796,74.69341620083513],[56.53924086998249,74.76588781948747],[56.30263808677937,74.87056311245622],[56.994978937609446,75.27312811489763],[57.22605422447468,75.33131750698747],[57.32729628990437,75.29848059292497],[57.72869780967976,75.29101141567888],[58.17005828331257,75.5315662252492],[58.55853179405476,75.68162878628435],[59.01763060997273,75.79893072720232],[59.45592788170124,75.8664050924367],[60.042971643908274,75.91752203579607],[60.61674025963093,75.89358862515154],[60.948985132677805,75.96097906704607],[61.302588495714915,76.23785742397966],[61.42554381798054,76.2296863424367],[61.8187475533321,76.28919561978044],[62.5932951302364,76.16482885952654],[62.80526641319538,76.18198736782732],[63.67331984947468,76.32630499478044],[64.10461715172077,76.34393652554216],[65.08725264976765,76.45518835659685],[65.9260588021114,76.50735815640154],[66.27326491783406,76.7615238058156],[66.44234755943562,76.82964666958513],[67.5722990364864,76.89120825405779],[68.45671370933796,76.92682226772966],[68.66830733726765,76.86778601284685],[68.86719039390827,76.76642187710466],[68.93684676597859,76.60583838101091],[68.57145980308796,76.39442022915544],[68.32831862877156,76.31829413052263],[67.72246840904499,76.17451819058122],[66.54819014976765,75.97989233608904],[64.6004743904903,75.759547792632],[63.61646941612507,75.633082948882],[62.66149428795124,75.49864538784685],[61.83259490440632,75.3565173971242],[60.88701919029499,75.24749334927263],[60.463328394396555,75.15610846157732],[60.333655390246165,75.03255804653826],[60.62335112999226,74.93528326626482],[60.43352034996296,74.8377948629445],[60.008772882921946,74.67541082974138],[59.77162078331257,74.65884741421404],[58.85056594322468,74.68941839810076],[58.6564054817989,74.60839422817888],[58.60250380943562,74.50352057095232],[58.88194564293171,74.39136084194841],[58.73313430259968,74.28661688442888],[58.19052413414265,74.08507879849138],[58.009348902209055,74.14886816616716],[57.67119887779499,74.18831213589372],[57.404734644396555,74.05159338589372],[57.79941848228718,73.92428930874529],[57.82281402061726,73.78055151577654],[57.330393824084055,73.48490484829607],[56.96043685386921,73.35708960171404],[56.6950903267696,73.42014654751482],[56.26495269249226,73.51473578091326]]]]}},{"type":"Feature","properties":{"name":"Qatar","subject":"United Kingdom of Great Britain and Ireland","partOf":"Qatar","borderPrecision":3,"color":"#a88992"},"geometry":{"type":"MultiPolygon","coordinates":[[[[51.28782561740039,24.410777650789065],[51.11975005587695,24.398660264924807],[50.968333277312496,24.436244569734377],[50.96494582614062,24.712745271638674],[50.8961782785332,24.909551225618166],[50.84732345065234,25.265224061921877],[50.93111327609179,25.538573823884768],[51.01538756808398,25.588124834016604],[50.988955530730465,25.67209395022754],[51.06882766207812,25.945460878328127],[51.21702102145312,26.066470704988284],[51.35766509493945,26.028960786775393],[51.388796839324215,25.88726194949512],[51.50592711886523,25.845275484041018],[51.53446486910937,25.75584753604297],[51.586672815886715,25.60911902041797],[51.53905394991992,25.420184694246096],[51.55285552462695,25.101531587556643],[51.606150660124996,24.987287126497073],[51.55891707858203,24.815652452424807],[51.41200545748828,24.60568579287891],[51.28782561740039,24.410777650789065]]]]}},{"type":"Feature","properties":{"name":"Trucial Oman","subject":"United Kingdom of Great Britain and Ireland","partOf":"Trucial Oman","borderPrecision":3,"color":"#a88992"},"geometry":{"type":"MultiPolygon","coordinates":[[[[51.11975005587695,24.398660264924807],[51.28782561740039,24.410777650789065],[51.29141524752734,24.281367860750002],[51.45416930636523,24.218226991609377],[51.52285293063281,24.160663209871096],[51.60644057711718,24.202647767976565],[51.58590224703906,24.00322111697559],[51.76457122286914,24.002864442781252],[51.94559768160937,23.945495210603518],[52.25463775118945,23.98748167605762],[52.30104735812304,24.081946931794924],[52.38302901705859,24.10818251223926],[52.48116210421679,24.055703721956057],[52.67164901217578,24.07467993350391],[52.93944076022265,24.0244155749834],[53.040225061980465,24.039960466340823],[53.07570556124804,24.087190233186526],[53.68676284274218,23.98748167605762],[54.0165281625664,24.05045660586719],[54.006297144499996,24.181653581575198],[54.107520136443355,24.10293348880176],[54.27599242648242,24.109820924714846],[54.34709838351367,24.15445288272266],[54.48741439303515,24.344342790559573],[54.59216216525195,24.377328477815432],[54.71205810031054,24.59993704409961],[54.77081969699023,24.73348196597461],[55.09080031832812,25.020036302522463],[55.45719817599414,25.420184694246096],[55.530486139861324,25.372954927400393],[55.633460077849605,25.45317419619922],[56.01545623263476,25.771625123933596],[56.15673354586718,25.96647986026172],[56.2241812082207,25.894107423738284],[56.11254027804492,25.70479353518848],[56.064177546111324,25.57037504763965],[56.06258681735156,25.49111708255176],[56.10691359957812,25.462379060701174],[56.16130736788867,25.473344407991213],[56.36601928195117,25.454724870637698],[56.406260523406246,25.30868872256641],[56.40648177584765,25.07998427005176],[56.40525725802539,24.91874846072559],[56.18477157076953,24.903623186067385],[56.0040884347832,24.940692506746096],[55.9556150766289,24.76255377383594],[55.988902124968746,24.165641389802737],[55.89931395968554,24.012666307405276],[55.65806106051562,23.74446638675098],[55.65924743136523,23.318858705476565],[55.67000487765429,22.38511999698047],[55.69875243624804,22.302699647859377],[55.63009932955859,22.276885591462893],[55.367381128874996,22.065713487581057],[54.99007323702929,22.114350877717776],[53.466094050017574,22.315116487458987],[51.95289901217578,22.484189592317385],[51.835452112761715,22.89007719607715],[51.58892348727343,23.409576021150393],[51.11975005587695,24.398660264924807]]]]}},{"type":"Feature","properties":{"name":"Muscat and Oman","subject":"United Kingdom of Great Britain and Ireland","partOf":"Muscat and Oman","borderPrecision":3,"color":"#a88992"},"geometry":{"type":"MultiPolygon","coordinates":[[[[56.15673354586718,25.96647986026172],[56.29730895480273,26.15973051638965],[56.36705306491015,26.23611982913379],[56.40502837618945,25.861381135896487],[56.214846644011715,25.5433421954668],[56.16130736788867,25.473344407991213],[56.10691359957812,25.462379060701174],[56.06258681735156,25.49111708255176],[56.064177546111324,25.57037504763965],[56.11254027804492,25.70479353518848],[56.2241812082207,25.894107423738284],[56.15673354586718,25.96647986026172]]],[[[56.40525725802539,24.91874846072559],[56.40537551364062,24.81950720401172],[56.61079696139453,24.47688253970508],[56.79418853243945,24.26761396975879],[57.14619735201953,23.98247107119922],[57.45101455172656,23.80522307010059],[57.90421584567187,23.57111319156055],[58.080718073455074,23.501605592683596],[58.20529464205859,23.495515428499026],[58.46465590914843,23.508771501497073],[58.62849334200976,23.458295427278323],[59.021636042205074,23.020764909700198],[59.2543211313164,22.7290054187334],[59.46142104586718,22.53886564822559],[59.82569030245898,22.37445219607715],[59.837283167449215,22.279178224519534],[59.5356932016289,21.80205114932422],[59.2588491769707,21.477447114900393],[58.86135390719531,21.11447676272754],[58.51204970797656,20.421229921296877],[58.403086695281246,20.357472978547854],[58.15044692477343,20.39505537600879],[58.0443716379082,20.43295057864551],[57.93127349337695,20.400937639192385],[57.80608275851367,20.171960435823244],[57.77755263766406,19.66999014468555],[57.77842620333789,19.3142104968584],[57.83862975558398,19.034806810334963],[57.65703490695117,18.970885835603518],[57.18620971163867,18.938108049348635],[56.90431121310351,18.81680067630176],[56.73888686617968,18.689376436189455],[56.60859969576953,18.466741167024416],[56.54936126193164,18.218829713777346],[56.45755294283984,18.091561876252932],[56.25759032687304,17.97677382083301],[56.01284316500781,17.93178518863086],[55.88154509982226,17.931510530427737],[55.70811751803515,17.95018347354297],[55.561072382537105,17.937171541169924],[55.38948729952929,17.80974157901172],[55.290408167449215,17.676099382356448],[55.2344351144707,17.447261415437502],[55.23563674410937,17.288434587434573],[55.19483855685351,17.148564897493166],[54.910613092986324,16.97005995364551],[54.756079706755855,16.95067175479297],[54.40687468966601,17.04522093387012],[54.084258112517574,17.01911886783008],[53.681250605193355,16.897540651277346],[53.33573440035937,16.763379655793948],[53.20845321139453,16.718633256868166],[53.02094939669726,16.65376814456348],[52.91244033297656,16.791135393098635],[52.69491866549609,17.101180635408205],[52.697539362517574,17.234618745759768],[52.64049819430468,17.348636232332034],[52.220896753874996,17.962440095857424],[51.94877150973437,18.399215303376955],[51.847502741423824,18.68451651187305],[51.80605224093554,18.982875429109377],[52.56736663302539,19.34944876284961],[53.624358210173824,19.895621858552737],[56.03019240817187,21.237395845369143],[55.96019652804492,21.891305528596682],[55.69875243624804,22.302699647859377],[55.67000487765429,22.38511999698047],[55.65924743136523,23.318858705476565],[55.65806106051562,23.74446638675098],[55.89931395968554,24.012666307405276],[55.988902124968746,24.165641389802737],[55.9556150766289,24.76255377383594],[56.0040884347832,24.940692506746096],[56.18477157076953,24.903623186067385],[56.40525725802539,24.91874846072559]]]]}},{"type":"Feature","properties":{"name":"Mandatory Palestine (GB)","subject":"United Kingdom of Great Britain and Ireland","partOf":"Mandatory Palestine (GB)","borderPrecision":3,"color":"#a88992"},"geometry":{"type":"MultiPolygon","coordinates":[[[[34.20194915255664,31.078446947053713],[34.146304163542965,31.20857962222461],[34.19527724703906,31.238141618684573],[34.5006590219414,31.621099077180666],[34.59913543185351,31.817897401765627],[34.681338343230465,32.045978151277346],[34.75850203951953,32.30071981997852],[34.84289077242968,32.670699678376955],[34.894969019499996,32.66283377261524],[34.95658782443164,32.704818330720705],[34.959082636443355,32.79665716739063],[34.97200683077929,32.93840750308399],[35.13920119723437,32.961654268220705],[35.20756057223437,32.951488100007815],[35.23912719210742,32.906993471101565],[35.399138483611324,32.93840368838672],[35.40285018405078,33.01396521182422],[35.4331541391289,33.10066183658008],[35.473032984343746,33.11898382754688],[35.50439361056445,33.10851248355274],[35.586558374968746,32.952796541169924],[35.67710784396289,32.89522513003711],[35.68643477877734,32.81278570742969],[35.66515639742968,32.75782736392383],[35.70218184908984,32.719405733064455],[35.68798907835729,32.71063290125933],[35.65637114962695,32.69108923526172],[35.63999465426562,32.63743933291797],[35.66946700533984,32.45244940371875],[35.6572866769707,32.327315889314455],[35.62980178317187,32.24896963687305],[35.614714655486324,31.867774568513674],[35.58311751803515,31.530948244050784],[35.523413691130855,31.403564058259768],[35.52509978732226,31.2193675860918],[35.390410456267574,30.818418107942385],[35.15767196139453,30.327973924592776],[35.16422942599414,29.959563814119143],[35.033171686736324,29.545907579377932],[34.9846792550957,29.467219911531252],[34.95425704440234,29.43680914492969],[34.93554213961718,29.418094240144534],[34.56028274020312,30.203866563752932],[34.20194915255664,31.078446947053713]]]]}},{"type":"Feature","properties":{"name":"Yemen","subject":"Yemen","partOf":"Yemen","borderPrecision":3,"color":"#8f9a74"},"geometry":{"type":"MultiPolygon","coordinates":[[[[53.02094939669726,16.65376814456348],[52.894324335662105,16.60995253177051],[52.65216735324023,16.488719545320315],[52.356596979705074,16.233945451692385],[52.23764327487109,16.10025557132129],[52.16285613497851,15.871372781709475],[52.135169062224605,15.687059961274905],[51.95041182955859,15.540526948884768],[51.312563929167965,15.246890626863284],[50.29111770114062,14.958784662202639],[49.71286300143359,14.773288331941409],[49.33384993991015,14.632695756868166],[49.17317870577929,14.498915277437014],[48.9603872629082,14.218897424653811],[48.76460174044726,14.097749315217776],[48.536746058074215,14.046437822297854],[48.270144495574215,14.077626787141604],[48.03616622408984,14.045357309297366],[47.662295374480465,13.847587190583987],[47.36957457980273,13.669052682832522],[46.939394983855465,13.490221582368655],[46.601199183074215,13.400545679048342],[46.079287561980465,13.399416528657717],[45.825903925505855,13.405233941987795],[45.69247725924609,13.347759805635256],[45.51863769015429,13.207596384004397],[45.39597991427539,13.073898874238772],[45.19341567477343,12.93368300052051],[44.963572535124996,12.825172029451174],[44.78880217990039,12.805737100557131],[44.681067499724605,12.824559770540041],[44.44053557833789,12.6397777423418],[44.062747034636715,12.613552652314944],[43.87023393922843,12.657193460689454],[45.555815729705074,15.057752214387698],[45.77568454620093,15.344919362371362],[46.47456267794726,16.25771292300586],[47.33266738375781,17.279355607942385],[47.50493529757617,17.458270631746096],[47.5233641000664,17.515559755281252],[47.74172118624804,17.61849173159961],[49.81961348971484,18.32320173831348],[51.21339705905078,18.78880461306934],[51.72984984835742,18.94430311770801],[51.80605224093554,18.982875429109377],[51.847502741423824,18.68451651187305],[51.94877150973437,18.399215303376955],[52.220896753874996,17.962440095857424],[52.64049819430468,17.348636232332034],[52.697539362517574,17.234618745759768],[52.69491866549609,17.101180635408205],[52.91244033297656,16.791135393098635],[53.02094939669726,16.65376814456348]]]]}},{"type":"Feature","properties":{"name":"Syria (France)","subject":"France","partOf":"Syria (France)","borderPrecision":3,"color":"#b47c6f"},"geometry":{"type":"MultiPolygon","coordinates":[[[[35.86631972467118,32.74636016316226],[35.68798907835729,32.71063290125933],[35.70218184908984,32.719405733064455],[35.66515639742968,32.75782736392383],[35.68643477877734,32.81278570742969],[35.67710784396289,32.89522513003711],[35.586558374968746,32.952796541169924],[35.50439361056445,33.10851248355274],[35.473032984343746,33.11898382754688],[35.4331541391289,33.10066183658008],[35.40285018405078,33.01396521182422],[35.399138483611324,32.93840368838672],[35.23912719210742,32.906993471101565],[35.20756057223437,32.951488100007815],[35.13920119723437,32.961654268220705],[34.97200683077929,32.93840750308399],[35.08897307833789,33.069259248689455],[35.13231185397265,33.231517396882815],[35.20838836154101,33.33358725161914],[35.356089624968746,33.639781557039065],[35.3485594125664,33.74446829409961],[35.42986587008593,33.74446829409961],[35.491850885955074,33.83082541079883],[35.52440169772265,33.974769197419924],[35.532080683318355,34.11870535464649],[35.71620849093554,34.31236990542774],[35.82100585421679,34.34377630801563],[35.87306502780078,34.422286592439455],[35.85191634616015,34.49294622989063],[35.75075438937304,34.74680670352344],[35.80885222872851,35.013797365144534],[35.841380152312496,35.04263266177539],[35.79643157443164,35.27071722598438],[35.60734084567187,35.417544923738284],[35.66395858248828,35.45949514956836],[35.680430445281246,35.52767141909961],[35.73317626437304,35.58536108584766],[35.69143203219531,35.68502005191211],[35.739504847136715,35.690265260652346],[35.85594466647265,35.83450277896289],[35.829051050749996,35.884784303621096],[35.71850493868945,36.091556154207034],[35.664946589080074,36.133529268220705],[35.70863250216601,36.21223410220508],[35.81724074801562,36.301028810457034],[36.0952635141289,36.48246344180469],[36.104521784392574,36.56117209048633],[36.08243087252734,36.621532045320315],[35.96168002345125,36.74259453314459],[36.93394489858056,38.72535527429905],[39.35078980078583,39.07146608418057],[40.196767622528284,38.26778715352524],[40.86165401149918,38.05558936981112],[41.356782173498786,37.82924506718273],[44.20520690402148,37.8674274310625],[44.300913843718746,37.80425222964649],[44.491763147917965,37.754344545320315],[44.42675307711718,37.64417990298633],[44.47119048556445,37.45463141055469],[44.66005996188281,37.28615912051563],[44.78417113741992,37.270370088533205],[44.79458907565234,37.13180502505664],[44.61140731295703,37.13876684756641],[44.41649535616992,36.964130006746096],[44.34297088107226,36.90718039126758],[44.199770960417965,36.95454367251758],[44.153697046843746,37.07560309024219],[44.16743377169726,37.19200476260547],[44.04384520968554,37.259845338777346],[43.879302057830074,37.29668768496875],[43.76945022067187,37.1914020404375],[43.61513045748828,37.201663576082034],[43.25041106661914,37.270370088533205],[43.08650115450976,37.25603827090625],[42.949797663298824,37.32827719302539],[42.75331405123828,37.286029420808596],[42.6337156625664,37.22166784854297],[42.53002837618945,37.201984010652346],[42.55647185763476,37.09386404605274],[42.13163283785937,36.69667776675586],[41.92573836764453,36.530006013826174],[41.53615096530078,36.451419435457034],[41.3968992563164,36.35515936465625],[41.2930288644707,36.19542654605274],[41.28896239718554,36.08083685489063],[41.37303451022265,35.852191530183596],[41.38395598849414,35.64225348086719],[41.1190672250664,34.426646791414065],[38.753577265349605,33.2066608295],[38.77528626354115,33.16590867963963],[36.83574134638448,32.27142181748867],[35.86631972467118,32.74636016316226]]]]}},{"type":"Feature","properties":{"name":"Mesopotamia (GB)","subject":"United Kingdom of Great Britain and Ireland","partOf":"Mesopotamia (GB)","borderPrecision":3,"color":"#a88992"},"geometry":{"type":"MultiPolygon","coordinates":[[[[47.9960317941582,29.490258775666994],[47.8449087472832,29.50315435977344],[47.61403945407031,29.272241197541994],[47.803557428923824,29.184920869783205],[47.99150756320117,29.277490220979494],[48.12906173190234,29.268191896394534],[48.44353393038867,28.44023474307422],[48.153628382292965,28.42055281253223],[47.67212584933398,28.44319113345508],[47.589026484099605,28.550696931794924],[47.43863967379687,28.829289995149416],[47.25528243502734,28.853646837190432],[47.2040116905677,28.861645767449268],[46.509158167449215,28.97005232425098],[44.68786147555468,29.029479585603518],[43.98733046969531,29.34305342288379],[43.62164977511523,29.46798475833301],[43.56853393038867,29.58201750369434],[43.54749968966601,29.950280748323244],[43.60056594332812,30.12843283267383],[43.53986266574023,30.2932144031084],[43.10237029513476,30.271667085603518],[43.039031061736324,30.303056322053713],[42.85903457125781,30.58785017581348],[42.74318984469531,30.67610128970508],[41.64505294283984,31.17160566897754],[41.13203338107226,31.384635530427737],[40.21699431857226,31.80497320742969],[39.876170191374996,31.904658876375002],[39.368384394255855,32.11136969180469],[39.32646850070117,32.13654287906055],[39.1195669504082,31.938474260286135],[39.00411513766406,31.86160048098926],[38.567351374236324,31.74479254336719],[37.40371230563281,31.465066514924807],[37.113013300505855,31.361793123201174],[37.62904265841601,30.76765402408008],[37.94301131686328,30.3692699298418],[37.59901336154101,30.043353639558596],[37.39369491061328,29.877017579988284],[37.28544143160937,29.844649873689455],[36.72347167452929,29.695338808015627],[36.65648111290936,29.6068802713197],[36.51570418795703,29.420989595369143],[36.076968226042965,29.069091402009768],[35.141760859099605,29.203488908723635],[35.07210448702929,29.211360536531252],[35.09547332247851,29.342677675203127],[35.07339766940234,29.418868623689455],[34.9846792550957,29.467219911531252],[35.033171686736324,29.545907579377932],[35.16422942599414,29.959563814119143],[35.15767196139453,30.327973924592776],[35.390410456267574,30.818418107942385],[35.52509978732226,31.2193675860918],[35.523413691130855,31.403564058259768],[35.58311751803515,31.530948244050784],[35.614714655486324,31.867774568513674],[35.62980178317187,32.24896963687305],[35.6572866769707,32.327315889314455],[35.66946700533984,32.45244940371875],[35.63999465426562,32.63743933291797],[35.65637114962695,32.69108923526172],[35.68798907835729,32.71063290125933],[35.86631972467118,32.74636016316226],[36.83574134638448,32.27142181748867],[38.77528626354115,33.16590867963963],[38.753577265349605,33.2066608295],[41.1190672250664,34.426646791414065],[41.38395598849414,35.64225348086719],[41.37303451022265,35.852191530183596],[41.28896239718554,36.08083685489063],[41.2930288644707,36.19542654605274],[41.3968992563164,36.35515936465625],[41.53615096530078,36.451419435457034],[41.92573836764453,36.530006013826174],[42.13163283785937,36.69667776675586],[42.55647185763476,37.09386404605274],[42.53002837618945,37.201984010652346],[42.6337156625664,37.22166784854297],[42.75331405123828,37.286029420808596],[42.949797663298824,37.32827719302539],[43.08650115450976,37.25603827090625],[43.25041106661914,37.270370088533205],[43.61513045748828,37.201663576082034],[43.76945022067187,37.1914020404375],[43.879302057830074,37.29668768496875],[44.04384520968554,37.259845338777346],[44.16743377169726,37.19200476260547],[44.153697046843746,37.07560309024219],[44.199770960417965,36.95454367251758],[44.34297088107226,36.90718039126758],[44.41649535616992,36.964130006746096],[44.61140731295703,37.13876684756641],[44.79458907565234,37.13180502505664],[45.10513595065234,36.50318869204883],[45.358653101531246,36.014503084138674],[45.38811400851367,35.925574861482424],[45.73042205294726,35.832042299226565],[46.21102050265429,35.7838207110918],[46.00066283663867,35.515426240876955],[45.99489882907031,35.40087088199024],[46.18439391574023,35.05844458194141],[45.67085174044726,34.61730917544727],[45.56502059420703,34.27382620425586],[45.505007776824215,33.87979467959766],[45.50621322116015,33.797252260164065],[45.64643767794726,33.639293275789065],[46.105105433074215,33.21007116885547],[46.089934382048824,32.84167440982227],[46.12398436984179,32.77201422305469],[46.26843169650195,32.823627077058596],[46.508486780730465,32.81228216739063],[47.067576441374996,32.39632757754688],[47.2636099191582,32.30219229312305],[47.61200622042773,32.03110846133594],[47.74243834933398,31.90484007449512],[47.793040308562496,31.797170244172854],[47.786936792937496,31.568513475374026],[47.6981687875664,31.28859480471973],[47.67329314669726,31.0280776843584],[47.68874648532031,30.882104478791994],[47.93673232516406,30.883508287385744],[48.033457789031246,30.87770804019336],[48.106963190642574,30.668550096467776],[48.11039260348437,30.49075850100879],[48.08126357516406,30.395333848909182],[48.38981536349414,30.149411760286135],[48.54736236056445,30.048701845125002],[48.5536489816582,29.99462278933887],[48.51058486422656,29.993188463166994],[48.21184829196093,29.94809301944141],[48.02827743014453,29.973121248201174],[47.95715239962695,29.94756468387012],[47.91136077365039,29.89029272647266],[47.935923609343746,29.80140646548633],[47.9960317941582,29.490258775666994]]]]}},{"type":"Feature","properties":{"name":"Emirate of Bin Shal'an","subject":"Emirate of Bin Shal'an","partOf":"Emirate of Bin Shal'an","borderPrecision":3,"color":"#b69578"},"geometry":{"type":"MultiPolygon","coordinates":[[[[40.02387499330237,24.87767009407586],[40.28086746730831,24.680149760086913],[41.443126523631975,24.680149760086913],[42.98088465969095,24.956051149350206],[42.9028727677701,26.475112814288153],[47.2040116905677,28.861645767449268],[47.25528243502734,28.853646837190432],[47.43863967379687,28.829289995149416],[47.589026484099605,28.550696931794924],[47.67212584933398,28.44319113345508],[48.153628382292965,28.42055281253223],[48.44353393038867,28.44023474307422],[48.462683710662105,28.38585051150684],[48.58751204928515,28.093883119539065],[48.751738581267574,27.871879182771487],[48.83184340914843,27.57345350833301],[48.85502150973437,27.52269133181934],[49.13191131075976,27.53597220034961],[49.243506464568355,27.479030214265627],[49.151927027312496,27.37245710940723],[49.23915770968554,27.28848799319629],[49.321604761687496,27.161550126985354],[49.427317652312496,27.131045900300784],[49.532542261687496,27.009526811555666],[49.93138411959765,26.934125505403323],[50.1217642160332,26.737586580232424],[50.09017470797656,26.61149176211719],[49.983958277312496,26.59574469180469],[49.934172663298824,26.48306807132129],[50.07624724825976,26.311841569856448],[49.99197677096484,26.04484137149219],[49.93686202487109,25.95578344912891],[50.01140502413867,25.835229478791994],[50.14689162692187,25.535644136384768],[50.214324030486324,25.588124834016604],[50.38191894015429,25.461173616365237],[50.429209742156246,25.18402250857715],[50.61889556368945,24.870853029207034],[50.606543573943355,24.68021734805469],[50.70592025241015,24.559718690828127],[50.77828124484179,24.470929704622073],[50.90739348849414,24.433082185701174],[50.968333277312496,24.436244569734377],[51.11975005587695,24.398660264924807],[51.58892348727343,23.409576021150393],[51.835452112761715,22.89007719607715],[51.95289901217578,22.484189592317385],[53.466094050017574,22.315116487458987],[54.99007323702929,22.114350877717776],[55.367381128874996,22.065713487581057],[55.63009932955859,22.276885591462893],[55.69875243624804,22.302699647859377],[55.96019652804492,21.891305528596682],[56.03019240817187,21.237395845369143],[53.624358210173824,19.895621858552737],[52.56736663302539,19.34944876284961],[51.80605224093554,18.982875429109377],[51.72984984835742,18.94430311770801],[51.21339705905078,18.78880461306934],[49.81961348971484,18.32320173831348],[47.74172118624804,17.61849173159961],[47.5233641000664,17.515559755281252],[47.50493529757617,17.458270631746096],[47.33266738375781,17.279355607942385],[46.47456267794726,16.25771292300586],[45.77568454620093,15.344919362371362],[39.88122273095834,24.79851795994633],[40.02387499330237,24.87767009407586]]]]}},{"type":"Feature","properties":{"name":"Hejaz","subject":"Hejaz","partOf":"Hejaz","borderPrecision":3,"color":"#739b91"},"geometry":{"type":"MultiPolygon","coordinates":[[[[43.87023393922843,12.657193460689454],[43.84059050997851,12.663913331941409],[43.56005004366992,12.860278688386721],[43.483645472136715,12.930004678682131],[43.340849909392574,13.12666567416553],[43.30284789523242,13.240954004243655],[43.38397887667773,13.565180383638186],[43.347563776580074,13.851036630586428],[43.20694259127734,14.079471193269534],[43.05326369723437,14.60650786013965],[42.79587844332812,15.470080934480471],[42.763525995818355,15.666981302217287],[42.883879694548824,15.984922014192385],[42.82804778536914,16.321475587800784],[42.81439879855273,16.40412863345508],[42.76366332491992,16.645455919221682],[42.53529265841601,17.07066687198047],[42.206519159880855,17.514735780671877],[42.00944426974414,17.73668058963184],[41.62855819186328,18.047204576448244],[41.39917663058398,18.440644823030276],[41.033022913542965,19.284907899812502],[40.81975844821093,19.68472059817676],[40.69382003268359,19.86870726199512],[40.33634856661914,20.0966869220293],[39.76407912692187,20.406795106843752],[39.52690032443164,20.692212663606448],[39.16673949679492,21.218801103547854],[39.13041213473437,21.650762163118166],[39.10333922824023,22.000165544465823],[39.10219481906054,22.40044554324512],[39.0556021066582,22.571889482454104],[38.91509536227343,22.87021406741504],[38.490122828093746,23.612683855012698],[38.329417261687496,23.8347183093584],[38.25454885029316,23.895940551977173],[37.98842147311328,24.11356123538379],[37.78184798678515,24.214786134675784],[37.55722335299609,24.2714858874834],[37.41881087741015,24.398265443757815],[37.201453241912105,24.65831335635547],[37.26854232272265,24.96978148074512],[37.21826842745898,25.166631303743166],[37.00525573214648,25.534686647371096],[36.66929534396289,26.016835771516604],[36.312224421111324,26.42269667239551],[35.83107284030078,27.095153413728518],[35.59481337985156,27.513986192659182],[35.43649581393359,27.72965582461719],[35.11159041842578,28.072061143831057],[34.87561706027148,28.09697302432422],[34.76388076266406,28.09674795718555],[34.798899683562496,28.230243287996096],[34.88559249362109,28.357480607942385],[35.02567962130664,28.948632799104494],[35.07210448702929,29.211360536531252],[35.141760859099605,29.203488908723635],[36.076968226042965,29.069091402009768],[36.51570418795703,29.420989595369143],[36.65648111290936,29.6068802713197],[39.13051495792412,26.207022165001614],[38.975561142514046,25.68338747056278],[40.02387499330237,24.87767009407586],[39.88122273095834,24.79851795994633],[45.77568454620093,15.344919362371362],[45.555815729705074,15.057752214387698],[43.87023393922843,12.657193460689454]]]]}},{"type":"Feature","properties":{"name":"Hail","subject":"Hail","partOf":"Hail","borderPrecision":3,"color":"#8b7fa6"},"geometry":{"type":"MultiPolygon","coordinates":[[[[40.28086746730831,24.680149760086913],[38.975561142514046,25.68338747056278],[39.54775021639647,27.616983297620973],[40.978222901102505,27.99656922047841],[42.87359920833801,27.04513285654906],[42.98088465969095,24.956051149350206],[41.443126523631975,24.680149760086913],[40.28086746730831,24.680149760086913]]]]}},{"type":"Feature","properties":{"name":"Greece","subject":"Greece","partOf":"Greece","borderPrecision":3,"color":"#b3a46e"},"geometry":{"type":"MultiPolygon","coordinates":[[[[27.392231955498733,39.654637108485666],[28.362740027287675,38.92409540660316],[28.389329289528472,38.0080918128353],[27.18399270013948,37.35644841518752],[27.160407099333984,37.36008032412891],[27.12256148776172,37.49385031314258],[27.141085657683593,37.64686544986133],[27.179783854094726,37.77442892642383],[27.13977340182422,37.88909109683399],[26.961377176848632,37.94610556216602],[26.67933181246875,38.104938112214846],[26.51232055148242,38.066348634675784],[26.393214258757812,38.10436209292774],[26.39159873446582,38.219127260164065],[26.468710932341796,38.44475897403125],[26.527411493865234,38.41824301333789],[26.742451700774414,38.27838858218555],[26.997431788054687,38.40005835147266],[26.819674524871093,38.52725180240039],[26.828822168914062,38.58296164126758],[26.69569686373828,38.640765748933596],[26.709471735564453,38.69857367129688],[26.9663801523125,38.76993139834766],[27.034913096038085,38.82109793277149],[27.004220041838867,38.88482626529102],[26.936802897063476,38.924563966707034],[26.78533652743457,38.94033392520313],[26.78984740695117,39.024425111726565],[26.87075141390918,39.05596884341602],[26.797139200774414,39.12955816836719],[26.70794394930957,39.18212851138477],[26.704054865447265,39.250472627595705],[26.602242502776367,39.25572928042774],[26.7201586099541,39.33724936099414],[26.85351279696582,39.46076925845508],[26.92615226229785,39.476546846345705],[26.944731277980836,39.519064491600396],[27.392231955498733,39.654637108485666]]],[[[23.409661395009252,38.943672845059965],[23.78977264119343,38.71863293758614],[24.131872762759194,38.65335708482884],[24.207895011996026,38.5523591317064],[24.291519486156545,38.19476089687233],[24.588006258180208,38.15292605377605],[24.527188458790736,37.967368965721576],[24.3143261609276,37.98534666287396],[24.192690562148663,38.15292605377605],[24.02544161382762,38.38569989188942],[23.660534817490806,38.40357465937644],[23.59971701810134,38.45717244335585],[23.63772814271976,38.52262680680808],[23.462876969475033,38.62366656002873],[23.120776847909273,38.86676557896794],[22.869903425427715,38.83716368115139],[23.014345698977706,38.961408842619434],[23.242412446688213,39.04411813294447],[23.409661395009252,38.943672845059965]]],[[[24.324357065764648,35.20778997989063],[24.013197931853515,35.21041449160938],[23.7855940195,35.26285132022266],[23.567723307219726,35.254981599763674],[23.513134989348632,35.275958620027346],[23.466885599700195,35.31790503116016],[23.529439005461914,35.569625459626955],[23.67146590670703,35.572249971345705],[23.669087442961914,35.611583314851565],[23.665133509246093,35.66665609927539],[23.696656260100585,35.698123537019534],[23.733677897063476,35.62731894107227],[23.742875132170898,35.56175955386524],[23.87945273837207,35.55241736026172],[23.956812891570312,35.52767141909961],[24.03900435885547,35.56175955386524],[24.033263239470703,35.59847220034961],[24.081856760588867,35.611583314851565],[24.152676615325195,35.56438025088672],[24.135817560759765,35.52242621035938],[24.091456446257812,35.51980169864063],[24.073323282805664,35.49620398135547],[24.11320403536914,35.48571737857227],[24.17774489840625,35.46998556704883],[24.21970275363086,35.44900091739063],[24.22960380038379,35.39131888003711],[24.38828376254199,35.37296637149219],[24.768567118254882,35.42802771182422],[24.99748137911914,35.42102011294727],[25.01360038241504,35.36247976870899],[25.100091013518554,35.34674795718555],[25.374018702117187,35.31790503116016],[25.51163581332324,35.29476507754688],[25.67320731600879,35.349368654207034],[25.713534388152343,35.327010713533205],[25.66846755465625,35.18682058902149],[25.741803202239257,35.13700445742969],[25.788973841277343,35.13700445742969],[25.935492548552734,35.21303518863086],[26.0641527505791,35.23924978824024],[26.099352869597656,35.215648256257815],[26.16882613619922,35.247108064607424],[26.2735090585625,35.312659822419924],[26.236044916716796,35.228763185457034],[26.24266723116992,35.144874177888674],[26.16048530062793,35.02428396792774],[25.898680719939453,35.04525717349414],[25.74173644503711,35.008853517488284],[25.590724024382812,35.01641806216602],[24.693467173186523,34.94047125430469],[24.715638193694335,35.03477057071094],[24.69006637057422,35.09244116397266],[24.324357065764648,35.20778997989063]]],[[[20.78894523104785,40.33477362246875],[20.99117377719043,40.7137523517168],[21.031638178435546,40.726790986970705],[21.39526084384082,40.76083334536914],[21.66838744601367,40.82640799136524],[21.84570029696582,41.01964148135547],[22.01024535616992,41.09105261416797],[22.172940287200195,41.07271536441211],[22.452584299651367,41.048621736482424],[22.69236663302539,41.158919893220705],[22.920243296233398,41.230689607576174],[22.960978540984375,41.243732057527346],[23.795615229216796,41.33168753238086],[24.155411753264648,41.449092470125],[24.418063196746093,41.47619589419727],[25.08090880831836,41.248981080964846],[25.359320673552734,41.15435751529102],[25.533679041472656,41.16813238711719],[26.03642180880664,41.29269751162891],[26.075196299163085,41.408328615144534],[26.031794581023437,41.555614076570315],[26.18628982028125,41.65268286319141],[26.349875483123046,41.6407543048418],[26.39710524996875,41.641009889558596],[26.58956244906543,41.55226095767383],[26.646456751433593,41.4499584064043],[26.341559443083984,41.16616400332813],[26.167601618376953,40.91526373477344],[26.020724329558593,40.669322572664065],[25.992875132170898,40.85245855899219],[25.63570502719043,40.87737616153125],[25.301114115325195,40.89594229312305],[25.04631713351367,40.952273927644534],[25.018929514495117,41.01714666934375],[24.812115702239257,40.933421693757815],[24.700663599578125,40.878341279939455],[24.51912787875293,40.873065553621096],[24.504952463713867,40.98406942935352],[24.354302439299804,40.97096212954883],[24.21905806979297,40.82968481631641],[24.025155100432617,40.74636038394336],[23.885952982512695,40.732894502595705],[23.748394999114257,40.80443152041797],[23.634697947112304,40.77275427432422],[23.632977518645507,40.71316870303516],[23.7090559335625,40.63003500552539],[23.78517440280078,40.477191530183596],[23.92370322665332,40.450809083894534],[24.29535201510547,40.176490388826174],[24.220635447112304,40.144847475007815],[24.054778132048828,40.260882936433596],[24.047778162566406,40.3083568439043],[23.923533472625,40.34528311343555],[23.774773630706054,40.392764650300784],[23.722168955413085,40.348243318513674],[23.62723449191211,40.34528311343555],[23.658801111785156,40.28726156802539],[23.651745829192382,40.22922857852344],[23.803664240447265,40.15539129825],[23.868659052458984,40.16067465396289],[23.9201097818291,40.05519827456836],[23.906617197600585,39.997195802644534],[23.796032938567382,39.986651979402346],[23.595772776213867,40.19231756778125],[23.442486795989257,40.25560721011524],[23.34907821139453,40.2819782123125],[23.291760477629882,40.28726156802539],[23.293139490691406,40.24505575747852],[23.259058985320312,40.22922857852344],[23.32103446444629,40.15539129825],[23.36683944186328,40.107928834871096],[23.4364672037041,40.044654451326174],[23.523348841277343,40.018287263826174],[23.592185053435546,40.00246389956836],[23.638585123625976,39.96034201236133],[23.596890482512695,39.93405493350391],[23.37439254244922,39.955089174226565],[23.260525736418945,39.970870576814455],[23.27630904635547,40.04992254825],[23.214777979460937,40.181766115144534],[23.141140970793945,40.26615484805469],[22.960160288420898,40.314708314851565],[22.748055491057617,40.482467256501955],[22.86390212496875,40.535228334382815],[22.875462565032226,40.596324525789065],[22.85194686373828,40.65133627505664],[22.769967112151367,40.66717108340625],[22.701254877654296,40.57744940371875],[22.492066416350585,40.49829062075977],[22.60226539095996,40.39723929019336],[22.489617380706054,40.23052557559375],[22.467362436858398,40.118480287507815],[22.52561286410449,40.064166627839846],[22.555129084197265,39.986651979402346],[22.695097956267578,39.834483705476565],[22.75447371920703,39.81834753604297],[22.813431772795898,39.602740846589846],[23.07416823825,39.41345175357227],[23.236084971038085,39.20315893741016],[23.15849975070117,39.140079103425784],[23.05191710909961,39.10328634829883],[23.099806818572265,39.1873851642168],[23.045252832976562,39.27149923892383],[22.98130134066699,39.329330049470705],[22.918986353484375,39.345103822664065],[22.85085395297168,39.36613043399219],[22.720257792083007,39.287269197419924],[22.766058954802734,39.20278891177539],[22.83488372286914,39.16636236758594],[22.871062311736328,39.02434881778125],[22.784213099089843,38.94033392520313],[22.490498575774414,38.87685354800586],[22.60231307467578,38.856238923982424],[22.723288569060546,38.793170534089846],[22.899373087493164,38.766891084626955],[22.98423102816699,38.66704138369922],[23.099801096526367,38.67229803653125],[23.16949180087207,38.66704138369922],[23.190995249358398,38.61034353824024],[23.356156382170898,38.48950155825977],[23.493844065276367,38.483131013826174],[23.555766138640625,38.351764284089846],[23.682751688567382,38.34651144595508],[23.803948435393554,38.34651144595508],[23.96074393710254,38.20991476626758],[23.966990503875,38.15213354678516],[23.880024942961914,38.11535605044727],[23.987299952117187,37.76342733950977],[23.918181452361328,37.684642396882815],[23.83551314791797,37.684642396882815],[23.733683619109375,37.85785635562305],[23.634148630706054,37.878978334382815],[23.5407152505791,38.004100404695315],[23.495701822844726,38.06807669253711],[23.419257196990234,38.06807669253711],[23.195841822234375,38.00503882022266],[22.98061469515918,37.957767091707034],[22.898057016936523,37.89998968692188],[23.03996756991504,37.85796698184375],[23.045392069426757,37.773578248933596],[23.048874888030273,37.64263113589649],[23.151383432952148,37.59012182803516],[23.220547709075195,37.601825319246096],[23.32170775851367,37.63738211245899],[23.312159571257812,37.548106752351565],[23.418124231902343,37.46934088321094],[23.184979471770507,37.42733343692188],[23.185792002288085,37.374827943757815],[23.109564814177734,37.34664114566211],[22.970976862517578,37.38532217593555],[23.025345835295898,37.479842744783205],[22.94206908663867,37.518390260652346],[22.713290247527343,37.543433748201174],[22.64231780490039,37.58486517520313],[22.638745340911132,37.492286287263674],[22.726239237395507,37.28850897403125],[22.813349756804687,37.212054811433596],[22.79310897311328,37.1385570392168],[22.886887583342773,37.04668005557422],[22.982552561370117,36.6147533282793],[22.67355445345996,36.754283510164065],[22.524447474089843,36.722125612214846],[22.39029601534961,36.524371705964846],[22.191407236663085,36.855235658601565],[21.984171900359375,37.02048071475391],[21.78091529330371,36.82254370303516],[21.588168177214843,36.9814411029375],[21.531443628875,37.11514624209766],[21.626500162688476,37.30651815982227],[21.613707575408203,37.41484793277149],[21.517313990203125,37.53575857730274],[21.296347651091796,37.72654303164844],[21.221131357756835,37.82839544864063],[21.22843078097461,37.90490683169727],[21.440451654998046,38.179515443757815],[21.714499506560546,38.135440431550784],[21.90576652011035,38.26973684878711],[21.99668792208789,38.25078161807422],[22.747214350310546,37.95260580630664],[22.898655924407226,37.9975543841875],[23.116345438567382,38.157394014314455],[22.99674323519824,38.17934378238086],[22.875638041106445,38.204600892976565],[22.333741221038085,38.426707826570315],[21.826472315398437,38.46395834536914],[21.66125777682422,38.43810995669727],[21.364455256072265,38.412005983308596],[21.172404322234375,38.34783896060352],[20.771830591765625,38.85093268008594],[20.892598185149414,38.895831666902346],[21.00650886019824,38.87054403872852],[21.104685816375,38.92177542300586],[21.15951636752246,39.004825197175784],[21.007184061614257,39.112987123445315],[20.901148829070312,39.06173285098438],[20.67775252780078,39.08042486758594],[20.211808237639648,39.404925905183596],[20.122382196990234,39.551009736970705],[20.38468078097461,39.948566041902346],[20.60791495761035,40.16091497989063],[20.78894523104785,40.33477362246875]]],[[[25.872782270282734,36.35592882884054],[25.76635112135116,36.33755930622052],[25.713135546885383,36.34980613615219],[25.73594222165643,36.38653506822634],[25.789157796122215,36.40489303146257],[25.872782270282734,36.35592882884054]]],[[[25.492671024098556,36.42324665835019],[25.492671024098556,36.331435169041356],[25.386239875166982,36.319185450416924],[25.31781985085383,36.39877419215787],[25.3330243007012,36.45994089964729],[25.37103542531962,36.49661778527289],[25.492671024098556,36.42324665835019]]],[[[25.94880451951957,36.91107409621058],[26.024826768756405,36.95968659606273],[26.085644568145874,36.89891612690345],[25.956406744443257,36.84418129487496],[25.834771145664316,36.78331883149609],[25.751146671503797,36.78331883149609],[25.751146671503797,36.81375611186905],[25.857577820435367,36.83809722624421],[25.94880451951957,36.91107409621058]]],[[[24.588006258180208,36.86851272864293],[24.67923295726441,36.75896029963509],[24.46637065940127,36.649251177336765],[24.29912171108023,36.75286945753905],[24.42835953478285,36.79549519508755],[24.588006258180208,36.86851272864293]]],[[[24.876890805280183,36.679741640978875],[24.97571972928807,36.637051610171376],[24.94531082959334,36.56991946228899],[24.8236752308144,36.637051610171376],[24.8236752308144,36.661448812220584],[24.876890805280183,36.679741640978875]]],[[[25.196184252074893,36.673644514576154],[25.10495755299069,36.637051610171376],[25.05934420344859,36.618748636935905],[25.044139753601222,36.661448812220584],[25.16577535238016,36.74068632260297],[25.196184252074893,36.673644514576154]]],[[[25.29501317608278,36.807669623462985],[25.431853224709084,36.6980301207178],[25.386239875166982,36.637051610171376],[25.26460427638805,36.704125314038706],[25.241797601616994,36.75286945753905],[25.249399826540678,36.75896029963509],[25.29501317608278,36.807669623462985]]],[[[24.44356398463022,37.0992747162255],[24.42835953478285,37.20833853996449],[24.534790683714423,37.11746294371295],[24.44356398463022,37.0992747162255]]],[[[24.382746185240748,37.570746906161986],[24.261110586461815,37.540613155635555],[24.29912171108023,37.66107502189996],[24.39795063508812,37.667092994189616],[24.382746185240748,37.570746906161986]]],[[[24.3599395104697,37.30515202694268],[24.3599395104697,37.39580161737422],[24.39795063508812,37.46824245164144],[24.48917733417232,37.39580161737422],[24.3599395104697,37.30515202694268]]],[[[25.044139753601222,37.377680456560746],[24.84648190558545,37.36559724964213],[24.861686355432816,37.52855624381453],[24.94531082959334,37.51046722146939],[25.044139753601222,37.377680456560746]]],[[[25.27220650131173,37.56472113091166],[25.469864349327505,37.43806729073237],[25.31781985085383,37.40184103098311],[24.922504154822285,37.69116000393879],[24.65642628249336,37.901413077728705],[24.76285743142493,38.003319956303606],[25.27220650131173,37.56472113091166]]],[[[24.78566410619598,36.947536378182036],[24.67923295726441,36.90499535372954],[24.648824057569676,37.014338584785854],[24.71724408188283,37.050751425742014],[24.78566410619598,36.947536378182036]]],[[[25.31021762593015,37.00219709179456],[25.112559777914374,36.94146054239683],[24.937708604669652,36.95968659606273],[25.15057090253279,37.17200141281893],[25.31021762593015,37.19622810717101],[25.31021762593015,37.00219709179456]]],[[[25.60670439795381,37.12352471549815],[25.599102173030126,37.026478138264174],[25.545886598564337,36.95968659606273],[25.454659899480134,36.9232301280182],[25.36343320039593,37.00826808071462],[25.34062652562488,37.087146804747654],[25.378637650243302,37.11746294371295],[25.538284373640657,37.220447029530426],[25.60670439795381,37.12352471549815]]]]}},{"type":"Feature","properties":{"name":"Italy","subject":"Italy","partOf":"Italy","borderPrecision":3,"color":"#b47c6f"},"geometry":{"type":"MultiPolygon","coordinates":[[[[27.781387,35.890274],[27.768608,35.893608],[27.733055,35.91111],[27.730274,35.91333],[27.728611,35.916664],[27.722221,35.929718],[27.719166,35.94082600000013],[27.72138600000011,35.94944],[27.730831000000137,35.978882],[27.740829000000133,36.10443900000013],[27.719719,36.1661],[27.788883000000112,36.251656],[27.803055,36.268326],[27.805832,36.27055400000012],[27.876106,36.31971],[27.895828,36.332222],[27.909161,36.339722],[28.068333,36.404999],[28.107494,36.41861],[28.207222000000115,36.44249],[28.210831,36.452492],[28.212772,36.455544000000145],[28.215832,36.45776400000011],[28.219166,36.456940000000145],[28.225826,36.453049],[28.233887,36.441376],[28.238049,36.431107],[28.206944,36.343597],[28.186939,36.299988],[28.141388,36.210541],[28.122772,36.185822000000144],[28.063606,36.111931],[28.009163,36.068886],[27.95666100000011,36.044991],[27.945827,36.03471400000012],[27.931664,36.0186],[27.906109,35.988052],[27.898888000000113,35.975555],[27.89277600000014,35.960831],[27.865555,35.93222],[27.842777000000126,35.91360500000013],[27.839443,35.911659],[27.799721,35.893326],[27.786663,35.890549],[27.781387,35.890274]]],[[[26.969719,36.924431],[26.946384000000137,36.928055],[26.935555000000136,36.932213],[26.919167,36.946663],[26.881943,37.068886],[26.886662,37.073318],[26.890831,37.076378],[26.960548,37.056107],[26.985828,37.044167],[27.04832800000014,36.993607],[27.049995,36.990555],[27.049995,36.949158000000125],[27.049438,36.946106],[27.04583,36.944153],[26.975552,36.924431],[26.969719,36.924431]]],[[[26.971386,36.672211],[26.96666,36.672493000000145],[26.953053,36.675278],[26.946384000000137,36.679153],[26.923054,36.7061],[26.92083,36.708878],[26.91861,36.716103],[26.917770000000132,36.755272],[26.921944,36.761101],[27.060833000000116,36.837212000000136],[27.06415900000013,36.838875],[27.152493000000106,36.881386],[27.168053,36.887215],[27.177498000000128,36.888878],[27.284443,36.900551],[27.340549000000124,36.885277],[27.346661,36.881104],[27.35277600000012,36.872208],[27.355553,36.865273],[27.35527,36.858887],[27.344166,36.849442],[27.329437,36.842766],[27.302498,36.837494],[27.27944200000013,36.83416],[27.243332,36.826935],[27.218327,36.8197100000001],[27.03611,36.766106],[27.028049,36.763611],[26.992222,36.751389],[26.980553,36.746941000000106],[26.974159,36.742775],[26.971943000000124,36.740273000000116],[26.970551,36.736382],[26.966389,36.703606],[26.965832,36.681664],[26.971386,36.672211]]],[[[26.886662,37.09665700000011],[26.863888,37.095276],[26.853886,37.09665700000011],[26.849442,37.097771],[26.820553,37.11055],[26.769444,37.169434],[26.768330000000105,37.173325],[26.76916100000011,37.176384],[26.778049,37.187775],[26.7808270000001,37.189995],[26.785553,37.190819],[26.820553,37.18721800000014],[26.855,37.18277],[26.85833,37.181107],[26.860554,37.177216],[26.87249800000012,37.150551],[26.888882,37.1091540000001],[26.889721,37.101662],[26.889164,37.09861],[26.886662,37.09665700000011]]]]}},{"type":"Feature","properties":{"name":"Armenia","subject":"USSR","partOf":"Armenia","borderPrecision":3,"color":"#b3a46e"},"geometry":{"type":"MultiPolygon","coordinates":[[[[44.669585260955074,39.75698813052539],[44.78302672824023,39.66830786319141],[44.90211776217578,39.49677237124805],[45.0287351938164,39.30899389834766],[45.27645019015429,39.20884283633594],[45.408782038298824,39.02770193667774],[45.020730572295875,38.21120107786815],[45.204635318181445,38.16876152112532],[45.06317012903871,37.91412418066838],[44.20520690402148,37.8674274310625],[41.356782173498786,37.82924506718273],[40.86165401149918,38.05558936981112],[40.196767622528284,38.26778715352524],[39.35078980078583,39.07146608418057],[39.347976487671815,39.07413873163889],[38.87874702483161,40.97887310348781],[39.13864425143359,41.0443187579668],[39.3701773019707,41.06399878116016],[39.66300490817187,41.0004955157793],[40.00671294650195,40.95632895083789],[40.36101439913867,40.963443361238284],[40.609892878142574,41.028026185945315],[41.29311660250781,41.28582342715625],[41.48396209200976,41.436542116121096],[42.02903655490039,41.39981039615039],[42.25010970553515,41.368968568757815],[42.35151961764453,41.40158041568164],[42.69377807101367,41.5637164935625],[42.87842467745898,41.54550512881641],[43.47533706149218,41.08736761660938],[43.489268335906246,41.07472952456836],[43.84727004489062,40.74996527285938],[43.85885909518359,40.66039236636524],[43.66971877535937,40.2945514545],[43.68453124484179,40.109115205720705],[43.81239226779101,40.01388128848438],[44.44808104952929,39.95989187808399],[44.669585260955074,39.75698813052539]]]]}},{"type":"Feature","properties":{"name":"Andorra","subject":"Andorra","partOf":"Andorra","borderPrecision":3,"color":"#b69578"},"geometry":{"type":"MultiPolygon","coordinates":[[[[1.78172,42.569962],[1.774722,42.571106],[1.768055,42.571106],[1.753889,42.57],[1.743055,42.563606],[1.735278,42.554443],[1.725278,42.529999],[1.724444,42.524994],[1.723333,42.515274],[1.723611,42.509438],[1.718889,42.503052],[1.661111,42.471382],[1.654444,42.467773],[1.541667,42.437218],[1.533333,42.436104],[1.512222,42.436386],[1.454722,42.441666],[1.448333,42.450829],[1.424166,42.493332],[1.421389,42.54583],[1.434444,42.576385],[1.445833,42.601944],[1.481111,42.647217],[1.491944,42.65361],[1.556389,42.656387],[1.563056,42.655548],[1.698333,42.626106],[1.738611,42.616386],[1.78172,42.569962]]]]}}]}