{"type":"FeatureCollection","features":[{"type":"Feature","properties":{"name":"Luxembourg","subject":"Luxembourg","partOf":"Luxembourg","borderPrecision":3,"color":"#739b91"},"geometry":{"type":"MultiPolygon","coordinates":[[[[5.823500189391357,49.50710638614063],[5.884400400725585,49.66353567691211],[5.745062384215576,49.755260072664065],[5.737923655120117,49.90245779605274],[5.833756479827148,50.047408662751955],[5.94377568682788,50.11381109805469],[6.007444891539794,50.149974428132815],[6.108513388243896,50.11745413394336],[6.136599573699218,49.981978975251955],[6.321478399840576,49.84161337466602],[6.530922445861084,49.79842718692188],[6.511355433074218,49.668929658845705],[6.3994536729729,49.60418661685352],[6.433043036071044,49.445331178621096],[6.367956194487792,49.47348364444141],[6.112331900206787,49.47865255923633],[5.823500189391357,49.50710638614063]]]]}},{"type":"Feature","properties":{"name":"Ottoman Empire","subject":"Ottoman Empire","partOf":"Ottoman Empire","borderPrecision":3,"color":"#8f9a74"},"geometry":{"type":"MultiPolygon","coordinates":[[[[23.409661395009252,38.943672845059965],[23.78977264119343,38.71863293758614],[24.131872762759194,38.65335708482884],[24.207895011996026,38.5523591317064],[24.291519486156545,38.19476089687233],[24.588006258180208,38.15292605377605],[24.527188458790736,37.967368965721576],[24.3143261609276,37.98534666287396],[24.192690562148663,38.15292605377605],[24.02544161382762,38.38569989188942],[23.660534817490806,38.40357465937644],[23.59971701810134,38.45717244335585],[23.63772814271976,38.52262680680808],[23.462876969475033,38.62366656002873],[23.120776847909273,38.86676557896794],[22.869903425427715,38.83716368115139],[23.014345698977706,38.961408842619434],[23.242412446688213,39.04411813294447],[23.409661395009252,38.943672845059965]]],[[[39.7964468332207,15.088771425203127],[39.88854125460742,15.184274278596682],[39.85619262179492,15.400236688569827],[39.89788344821093,15.501986108735842],[40.03721145114062,15.387916170076174],[40.21745208224414,15.0833173617876],[40.38988402804492,14.905787073091311],[39.63618066806404,14.148870758362172],[38.77841619472511,14.393946322173292],[38.04318950329174,15.006635231701111],[38.04318950329174,16.232013050756727],[38.96278113754671,17.191577028193105],[39.008826288787105,17.056781373933596],[39.20794204196093,16.326509080842776],[39.51792815646289,15.463048540071291],[39.7964468332207,15.088771425203127]]],[[[37.76123717745898,18.642554841951174],[38.02859786471484,18.47793921084766],[38.306651148406246,18.24978407473926],[38.527468714324215,18.161315523103518],[37.43050059376394,17.70246643362347],[36.45019833851943,18.070079779340162],[35.96004721089719,19.417995380301335],[36.695273902330555,20.398297635545838],[37.165026901801795,20.764269181727983],[37.25457290133593,19.65172728152637],[37.39818480929492,18.91500052066211],[37.47998717745898,18.81987150760059],[37.76123717745898,18.642554841951174]]],[[[48.83184340914843,27.57345350833301],[48.85502150973437,27.52269133181934],[49.13191131075976,27.53597220034961],[49.243506464568355,27.479030214265627],[49.151927027312496,27.37245710940723],[49.23915770968554,27.28848799319629],[49.321604761687496,27.161550126985354],[49.427317652312496,27.131045900300784],[49.532542261687496,27.009526811555666],[49.93138411959765,26.934125505403323],[50.1217642160332,26.737586580232424],[50.09017470797656,26.61149176211719],[49.983958277312496,26.59574469180469],[49.934172663298824,26.48306807132129],[50.07624724825976,26.311841569856448],[49.99197677096484,26.04484137149219],[49.93686202487109,25.95578344912891],[50.01140502413867,25.835229478791994],[50.14689162692187,25.535644136384768],[50.214324030486324,25.588124834016604],[50.38191894015429,25.461173616365237],[50.429209742156246,25.18402250857715],[50.61889556368945,24.870853029207034],[50.606543573943355,24.68021734805469],[50.70592025241015,24.559718690828127],[50.77828124484179,24.470929704622073],[50.90739348849414,24.433082185701174],[50.968333277312496,24.436244569734377],[50.56882690905954,23.854467511249652],[49.70419928565464,24.410299554867095],[49.39540370586717,26.077795685719416],[48.46901696650477,26.69538684529435],[47.67212584933398,28.44319113345508],[47.589026484099605,28.550696931794924],[47.43863967379687,28.829289995149416],[47.25528243502734,28.853646837190432],[46.509158167449215,28.97005232425098],[46.74396422824023,29.225440584138674],[46.90507516233225,29.437615717313662],[45.86971438514614,29.85600173414204],[44.839021615724675,29.993427436731572],[44.08318025148226,30.33699169320539],[40.02912202509114,34.39104991959652],[39.34199351214349,34.59718847348081],[38.03644933754296,34.59718847348081],[37.211895122005785,33.56649570405934],[36.52476660905813,31.161545908742568],[36.593479460352896,29.78728888284727],[37.363535735354745,27.957371649352076],[37.42091199004359,27.834118954094563],[36.32976209126139,26.40276266446908],[36.312224421111324,26.42269667239551],[35.83107284030078,27.095153413728518],[35.59481337985156,27.513986192659182],[35.43649581393359,27.72965582461719],[35.11159041842578,28.072061143831057],[34.87561706027148,28.09697302432422],[34.76388076266406,28.09674795718555],[34.798899683562496,28.230243287996096],[34.88559249362109,28.357480607942385],[35.02567962130664,28.948632799104494],[35.07210448702929,29.211360536531252],[35.09547332247851,29.342677675203127],[35.07339766940234,29.418868623689455],[34.9846792550957,29.467219911531252],[34.95425704440234,29.43680914492969],[34.93554213961718,29.418094240144534],[34.56028274020312,30.203866563752932],[34.20194915255664,31.078446947053713],[34.146304163542965,31.20857962222461],[34.19527724703906,31.238141618684573],[34.5006590219414,31.621099077180666],[34.59913543185351,31.817897401765627],[34.681338343230465,32.045978151277346],[34.75850203951953,32.30071981997852],[34.84289077242968,32.670699678376955],[34.894969019499996,32.66283377261524],[34.95658782443164,32.704818330720705],[34.959082636443355,32.79665716739063],[34.97200683077929,32.93840750308399],[35.08897307833789,33.069259248689455],[35.13231185397265,33.231517396882815],[35.20838836154101,33.33358725161914],[35.356089624968746,33.639781557039065],[35.3485594125664,33.74446829409961],[35.42986587008593,33.74446829409961],[35.491850885955074,33.83082541079883],[35.52440169772265,33.974769197419924],[35.532080683318355,34.11870535464649],[35.71620849093554,34.31236990542774],[35.82100585421679,34.34377630801563],[35.87306502780078,34.422286592439455],[35.85191634616015,34.49294622989063],[35.75075438937304,34.74680670352344],[35.80885222872851,35.013797365144534],[35.841380152312496,35.04263266177539],[35.79643157443164,35.27071722598438],[35.60734084567187,35.417544923738284],[35.66395858248828,35.45949514956836],[35.680430445281246,35.52767141909961],[35.73317626437304,35.58536108584766],[35.69143203219531,35.68502005191211],[35.739504847136715,35.690265260652346],[35.85594466647265,35.83450277896289],[35.829051050749996,35.884784303621096],[35.71850493868945,36.091556154207034],[35.664946589080074,36.133529268220705],[35.70863250216601,36.21223410220508],[35.81724074801562,36.301028810457034],[36.0952635141289,36.48246344180469],[36.104521784392574,36.56117209048633],[36.08243087252734,36.621532045320315],[35.95679381808398,36.74749334903125],[35.89087584933398,36.7711139545],[35.67174056491015,36.605784975007815],[35.56761458834765,36.58741720767383],[35.50617125949023,36.55855520816211],[35.54760268649218,36.54018362613086],[35.49458983859179,36.443099580720705],[35.417082819548824,36.43260534854297],[35.38869765719531,36.45359381289844],[35.35417846163867,36.41423758120899],[35.22052672824023,36.388003908113284],[35.07137206515429,36.487708650544924],[34.869910273162105,36.576922975496096],[34.662383112517574,36.64777334781055],[34.48512938937304,36.626781068757815],[34.103220972624996,36.38032492251758],[33.95171264132617,36.25157888980274],[33.95405486544726,36.15975912661914],[33.89098266085742,36.13877447696094],[33.8358755441582,36.107295595125],[33.83369735201953,36.07057150454883],[33.753176722136715,36.14664038272266],[33.481699976531246,36.05428274722461],[33.171336207,35.97088202090625],[32.904116663542965,35.976695619539065],[32.64034179171679,36.007999025300784],[32.33497909030078,36.128367982820315],[31.902007135955078,36.496863923982424],[31.37069037875293,36.712344728425784],[30.90531066378711,36.79421576114063],[30.59359076937793,36.76173361392383],[30.540066752043945,36.64696081729297],[30.496651682463867,36.37298163028125],[30.472832712737304,36.18825491519336],[30.394862207976562,36.118045412019534],[30.279892954436523,36.1178050860918],[30.166131052581054,36.18761786075],[29.661955866423828,36.078345857576174],[29.471932444182617,36.090694032625],[29.29818824252246,36.17311819644336],[29.002251658049804,36.69479712100391],[28.81352714022754,36.53515585513477],[28.46984580477832,36.73830755801563],[28.266922983733398,36.7124095782793],[28.014189753142578,36.527164064363284],[27.91190246066211,36.69894369693164],[27.941855463591796,36.75633963199024],[28.051039728728515,36.8330150470293],[27.998808893767578,36.909366212800784],[27.55347732028125,36.91482504458789],[27.30811027011035,36.92070730777149],[27.268630060759765,37.04168280215625],[27.52563956698535,37.131412111238284],[27.49252418002246,37.23967321963672],[27.364632639495117,37.328631959871096],[27.160407099333984,37.36008032412891],[27.12256148776172,37.49385031314258],[27.141085657683593,37.64686544986133],[27.179783854094726,37.77442892642383],[27.13977340182422,37.88909109683399],[26.961377176848632,37.94610556216602],[26.67933181246875,38.104938112214846],[26.51232055148242,38.066348634675784],[26.393214258757812,38.10436209292774],[26.39159873446582,38.219127260164065],[26.468710932341796,38.44475897403125],[26.527411493865234,38.41824301333789],[26.742451700774414,38.27838858218555],[26.997431788054687,38.40005835147266],[26.819674524871093,38.52725180240039],[26.828822168914062,38.58296164126758],[26.69569686373828,38.640765748933596],[26.709471735564453,38.69857367129688],[26.9663801523125,38.76993139834766],[27.034913096038085,38.82109793277149],[27.004220041838867,38.88482626529102],[26.936802897063476,38.924563966707034],[26.78533652743457,38.94033392520313],[26.78984740695117,39.024425111726565],[26.87075141390918,39.05596884341602],[26.797139200774414,39.12955816836719],[26.70794394930957,39.18212851138477],[26.704054865447265,39.250472627595705],[26.602242502776367,39.25572928042774],[26.7201586099541,39.33724936099414],[26.85351279696582,39.46076925845508],[26.92615226229785,39.476546846345705],[26.957518610564453,39.54832800479297],[26.8042650552666,39.56715353579883],[26.546177897063476,39.51334723086719],[26.138976130095703,39.43973883242969],[26.06405738314746,39.45551260562305],[26.084887537566406,39.604007326082034],[26.14190391024707,39.66058310122852],[26.140706095305664,39.74998053164844],[26.127575907317382,39.878558717683596],[26.186009440032226,39.997195802644534],[26.320334467498046,39.99192389102344],[26.40305236300586,40.176490388826174],[26.481711420623046,40.18703802676563],[26.76528266390918,40.37694128604297],[26.996474299041015,40.371661745027346],[27.056124720183593,40.4296947345293],[27.271754297820312,40.450809083894534],[27.32923415621875,40.35583456607227],[27.449610743132812,40.30979498477344],[27.525994333831054,40.297137819246096],[27.76389411410449,40.28725393863086],[27.830164942351562,40.34528311343555],[27.79984382113574,40.40331991763477],[27.679287943450195,40.46135290713672],[27.80783179720996,40.50357016177539],[27.953805002776367,40.48773916812305],[28.00645926913379,40.450809083894534],[27.908217463103515,40.35055502505664],[28.00399116000293,40.36212881656055],[28.47771933993457,40.39510305972461],[28.75644019564746,40.37645300479297],[28.926756891814453,40.35583456607227],[29.052424463835937,40.33473166079883],[29.122286829558593,40.41387137027149],[29.08352759799121,40.45607718081836],[28.873215708342773,40.471908174470705],[28.77795890292285,40.524676881746096],[28.90162185153125,40.62010534854297],[29.52519706210254,40.68828924746875],[29.713147196379882,40.693561159089846],[29.882718119231445,40.746356569246096],[29.683445963469726,40.75163611026172],[29.41717246493457,40.741073213533205],[29.320355448333007,40.741073213533205],[29.28964332064746,40.806686006501955],[29.014533075896484,40.97867163272266],[29.161208185759765,41.21636541934375],[29.577780756560546,41.153365694001955],[30.13762381991504,41.13183554263477],[30.25608733615039,41.18466528506641],[30.744805368987304,41.04032476992969],[31.21768287142871,41.05409201236133],[31.404126200286132,41.16353949160938],[31.385666880217773,41.2850414142168],[31.666388544646484,41.394813142732424],[31.871287378875,41.49144323916797],[32.418982538787105,41.74916800113086],[32.68791106661914,41.84597357364063],[33.15546325167773,41.94960745425586],[33.55554107150195,41.982501588777346],[33.8966551156914,41.95108374209766],[34.30390075167773,41.89411886783008],[34.66290954074023,41.87558325381641],[35.001868280974605,42.043162904695315],[35.09883025607226,41.80586203189258],[35.286074671355465,41.67147787661914],[35.4114370675957,41.626815401033205],[35.67785552462695,41.62093313784961],[35.957793268767574,41.685645662263674],[36.16136840304492,41.35250052066211],[36.38289550265429,41.23751791568164],[36.641245874968746,41.31498297305469],[36.81701186617968,41.289683900789065],[37.25282576998828,41.027721010164065],[37.821841272917965,41.00963171573047],[38.31396392306445,40.920901857332034],[38.6511831613457,40.92156942935352],[39.13864425143359,41.0443187579668],[39.3701773019707,41.06399878116016],[39.66300490817187,41.0004955157793],[40.00671294650195,40.95632895083789],[40.36101439913867,40.963443361238284],[40.609892878142574,41.028026185945315],[41.29311660250781,41.28582342715625],[41.48396209200976,41.436542116121096],[42.02903655490039,41.39981039615039],[42.25010970553515,41.368968568757815],[42.35151961764453,41.40158041568164],[42.69377807101367,41.5637164935625],[42.87842467745898,41.54550512881641],[43.47533706149218,41.08736761660938],[43.489268335906246,41.07472952456836],[43.84727004489062,40.74996527285938],[43.85885909518359,40.66039236636524],[43.66971877535937,40.2945514545],[43.68453124484179,40.109115205720705],[43.81239226779101,40.01388128848438],[44.44808104952929,39.95989187808399],[44.669585260955074,39.75698813052539],[44.637278589812496,39.66220434756641],[44.45294860324023,39.67275198550586],[44.34892943820117,39.609481416658205],[44.344885859099605,39.41442068667774],[44.08210662325976,39.29454763980274],[44.06482604464648,39.173289857820315],[44.18318465670703,38.871539674714846],[44.12827971896289,38.702918611482424],[44.229075464812496,38.481631837800784],[44.26924041232226,38.42894323916797],[44.31755736788867,38.476363740876955],[44.44704345187304,38.384933076814455],[44.46447661837695,38.29198034854297],[44.361460718718746,38.16555746646289],[44.23192122897265,37.92491491885547],[44.20520690402148,37.8674274310625],[44.300913843718746,37.80425222964649],[44.491763147917965,37.754344545320315],[44.42675307711718,37.64417990298633],[44.47119048556445,37.45463141055469],[44.66005996188281,37.28615912051563],[44.78417113741992,37.270370088533205],[44.79458907565234,37.13180502505664],[45.10513595065234,36.50318869204883],[45.358653101531246,36.014503084138674],[45.38811400851367,35.925574861482424],[45.73042205294726,35.832042299226565],[46.21102050265429,35.7838207110918],[46.00066283663867,35.515426240876955],[45.99489882907031,35.40087088199024],[46.18439391574023,35.05844458194141],[45.67085174044726,34.61730917544727],[45.56502059420703,34.27382620425586],[45.505007776824215,33.87979467959766],[45.50621322116015,33.797252260164065],[45.64643767794726,33.639293275789065],[46.105105433074215,33.21007116885547],[46.089934382048824,32.84167440982227],[46.12398436984179,32.77201422305469],[46.26843169650195,32.823627077058596],[46.508486780730465,32.81228216739063],[47.067576441374996,32.39632757754688],[47.2636099191582,32.30219229312305],[47.61200622042773,32.03110846133594],[47.74243834933398,31.90484007449512],[47.793040308562496,31.797170244172854],[47.786936792937496,31.568513475374026],[47.6981687875664,31.28859480471973],[47.67329314669726,31.0280776843584],[47.68874648532031,30.882104478791994],[47.93673232516406,30.883508287385744],[48.033457789031246,30.87770804019336],[48.106963190642574,30.668550096467776],[48.11039260348437,30.49075850100879],[48.08126357516406,30.395333848909182],[48.38981536349414,30.149411760286135],[48.54736236056445,30.048701845125002],[48.5536489816582,29.99462278933887],[48.51058486422656,29.993188463166994],[48.21184829196093,29.94809301944141],[48.02827743014453,29.973121248201174],[47.95715239962695,29.94756468387012],[47.91136077365039,29.89029272647266],[47.935923609343746,29.80140646548633],[47.9960317941582,29.490258775666994],[47.8449087472832,29.50315435977344],[47.61403945407031,29.272241197541994],[47.803557428923824,29.184920869783205],[47.99150756320117,29.277490220979494],[48.12906173190234,29.268191896394534],[48.44353393038867,28.44023474307422],[48.462683710662105,28.38585051150684],[48.58751204928515,28.093883119539065],[48.751738581267574,27.871879182771487],[48.83184340914843,27.57345350833301]]],[[[24.013197931853515,35.21041449160938],[23.7855940195,35.26285132022266],[23.567723307219726,35.254981599763674],[23.513134989348632,35.275958620027346],[23.466885599700195,35.31790503116016],[23.529439005461914,35.569625459626955],[23.67146590670703,35.572249971345705],[23.669087442961914,35.611583314851565],[23.665133509246093,35.66665609927539],[23.696656260100585,35.698123537019534],[23.733677897063476,35.62731894107227],[23.742875132170898,35.56175955386524],[23.87945273837207,35.55241736026172],[23.956812891570312,35.52767141909961],[24.03900435885547,35.56175955386524],[24.033263239470703,35.59847220034961],[24.081856760588867,35.611583314851565],[24.152676615325195,35.56438025088672],[24.135817560759765,35.52242621035938],[24.091456446257812,35.51980169864063],[24.073323282805664,35.49620398135547],[24.11320403536914,35.48571737857227],[24.17774489840625,35.46998556704883],[24.21970275363086,35.44900091739063],[24.22960380038379,35.39131888003711],[24.38828376254199,35.37296637149219],[24.768567118254882,35.42802771182422],[24.99748137911914,35.42102011294727],[25.01360038241504,35.36247976870899],[25.100091013518554,35.34674795718555],[25.374018702117187,35.31790503116016],[25.51163581332324,35.29476507754688],[25.67320731600879,35.349368654207034],[25.713534388152343,35.327010713533205],[25.66846755465625,35.18682058902149],[25.741803202239257,35.13700445742969],[25.788973841277343,35.13700445742969],[25.935492548552734,35.21303518863086],[26.0641527505791,35.23924978824024],[26.099352869597656,35.215648256257815],[26.16882613619922,35.247108064607424],[26.2735090585625,35.312659822419924],[26.236044916716796,35.228763185457034],[26.24266723116992,35.144874177888674],[26.16048530062793,35.02428396792774],[25.898680719939453,35.04525717349414],[25.74173644503711,35.008853517488284],[25.590724024382812,35.01641806216602],[24.693467173186523,34.94047125430469],[24.715638193694335,35.03477057071094],[24.69006637057422,35.09244116397266],[24.324357065764648,35.20778997989063],[24.013197931853515,35.21041449160938]]],[[[41.922550675010456,20.766511713374978],[40.81975844821093,19.68472059817676],[40.69382003268359,19.86870726199512],[40.33634856661914,20.0966869220293],[39.76407912692187,20.406795106843752],[39.52690032443164,20.692212663606448],[39.16673949679492,21.218801103547854],[39.13041213473437,21.650762163118166],[39.10333922824023,22.000165544465823],[39.10219481906054,22.40044554324512],[39.0556021066582,22.571889482454104],[38.91509536227343,22.87021406741504],[38.490122828093746,23.612683855012698],[38.329417261687496,23.8347183093584],[38.814055841182594,24.841439570166344],[40.64753768674403,24.152835076676563],[41.07042045024812,22.262737159805738],[41.8124565280542,21.71258711067685],[41.922550675010456,20.766511713374978]]],[[[24.025155100432617,40.74636038394336],[23.885952982512695,40.732894502595705],[23.748394999114257,40.80443152041797],[23.634697947112304,40.77275427432422],[23.632977518645507,40.71316870303516],[23.7090559335625,40.63003500552539],[23.78517440280078,40.477191530183596],[23.92370322665332,40.450809083894534],[24.29535201510547,40.176490388826174],[24.220635447112304,40.144847475007815],[24.054778132048828,40.260882936433596],[24.047778162566406,40.3083568439043],[23.923533472625,40.34528311343555],[23.774773630706054,40.392764650300784],[23.722168955413085,40.348243318513674],[23.62723449191211,40.34528311343555],[23.658801111785156,40.28726156802539],[23.651745829192382,40.22922857852344],[23.803664240447265,40.15539129825],[23.868659052458984,40.16067465396289],[23.9201097818291,40.05519827456836],[23.906617197600585,39.997195802644534],[23.796032938567382,39.986651979402346],[23.595772776213867,40.19231756778125],[23.442486795989257,40.25560721011524],[23.34907821139453,40.2819782123125],[23.291760477629882,40.28726156802539],[23.293139490691406,40.24505575747852],[23.259058985320312,40.22922857852344],[23.32103446444629,40.15539129825],[23.36683944186328,40.107928834871096],[23.4364672037041,40.044654451326174],[23.523348841277343,40.018287263826174],[23.592185053435546,40.00246389956836],[23.638585123625976,39.96034201236133],[23.596890482512695,39.93405493350391],[23.37439254244922,39.955089174226565],[23.260525736418945,39.970870576814455],[23.27630904635547,40.04992254825],[23.214777979460937,40.181766115144534],[23.141140970793945,40.26615484805469],[22.960160288420898,40.314708314851565],[22.748055491057617,40.482467256501955],[22.86390212496875,40.535228334382815],[22.875462565032226,40.596324525789065],[22.85194686373828,40.65133627505664],[22.769967112151367,40.66717108340625],[22.701254877654296,40.57744940371875],[22.492066416350585,40.49829062075977],[22.60226539095996,40.39723929019336],[22.489617380706054,40.23052557559375],[22.467362436858398,40.118480287507815],[22.52561286410449,40.064166627839846],[22.555129084197265,39.986651979402346],[22.695097956267578,39.834483705476565],[22.75447371920703,39.81834753604297],[22.813431772795898,39.602740846589846],[23.07416823825,39.41345175357227],[23.236084971038085,39.20315893741016],[23.15849975070117,39.140079103425784],[23.05191710909961,39.10328634829883],[23.099806818572265,39.1873851642168],[23.045252832976562,39.27149923892383],[22.98130134066699,39.329330049470705],[22.918986353484375,39.345103822664065],[22.85085395297168,39.36613043399219],[22.720257792083007,39.287269197419924],[22.766058954802734,39.20278891177539],[22.83488372286914,39.16636236758594],[22.871062311736328,39.02434881778125],[22.784213099089843,38.94033392520313],[22.490498575774414,38.87685354800586],[22.60231307467578,38.856238923982424],[22.723288569060546,38.793170534089846],[22.899373087493164,38.766891084626955],[22.98423102816699,38.66704138369922],[23.099801096526367,38.67229803653125],[23.16949180087207,38.66704138369922],[23.190995249358398,38.61034353824024],[23.356156382170898,38.48950155825977],[23.493844065276367,38.483131013826174],[23.555766138640625,38.351764284089846],[23.682751688567382,38.34651144595508],[23.803948435393554,38.34651144595508],[23.96074393710254,38.20991476626758],[23.966990503875,38.15213354678516],[23.880024942961914,38.11535605044727],[23.987299952117187,37.76342733950977],[23.918181452361328,37.684642396882815],[23.83551314791797,37.684642396882815],[23.733683619109375,37.85785635562305],[23.634148630706054,37.878978334382815],[23.5407152505791,38.004100404695315],[23.495701822844726,38.06807669253711],[23.419257196990234,38.06807669253711],[23.195841822234375,38.00503882022266],[22.98061469515918,37.957767091707034],[22.898057016936523,37.89998968692188],[23.03996756991504,37.85796698184375],[23.045392069426757,37.773578248933596],[23.048874888030273,37.64263113589649],[23.151383432952148,37.59012182803516],[23.220547709075195,37.601825319246096],[23.32170775851367,37.63738211245899],[23.312159571257812,37.548106752351565],[23.418124231902343,37.46934088321094],[23.184979471770507,37.42733343692188],[23.185792002288085,37.374827943757815],[23.109564814177734,37.34664114566211],[22.970976862517578,37.38532217593555],[23.025345835295898,37.479842744783205],[22.94206908663867,37.518390260652346],[22.713290247527343,37.543433748201174],[22.64231780490039,37.58486517520313],[22.638745340911132,37.492286287263674],[22.726239237395507,37.28850897403125],[22.813349756804687,37.212054811433596],[22.79310897311328,37.1385570392168],[22.886887583342773,37.04668005557422],[22.982552561370117,36.6147533282793],[22.67355445345996,36.754283510164065],[22.524447474089843,36.722125612214846],[22.39029601534961,36.524371705964846],[22.191407236663085,36.855235658601565],[21.984171900359375,37.02048071475391],[21.78091529330371,36.82254370303516],[21.588168177214843,36.9814411029375],[21.531443628875,37.11514624209766],[21.626500162688476,37.30651815982227],[21.613707575408203,37.41484793277149],[21.517313990203125,37.53575857730274],[21.296347651091796,37.72654303164844],[21.221131357756835,37.82839544864063],[21.22843078097461,37.90490683169727],[21.440451654998046,38.179515443757815],[21.714499506560546,38.135440431550784],[21.90576652011035,38.26973684878711],[21.99668792208789,38.25078161807422],[22.747214350310546,37.95260580630664],[22.898655924407226,37.9975543841875],[23.116345438567382,38.157394014314455],[22.99674323519824,38.17934378238086],[22.875638041106445,38.204600892976565],[22.333741221038085,38.426707826570315],[21.826472315398437,38.46395834536914],[21.66125777682422,38.43810995669727],[21.364455256072265,38.412005983308596],[21.172404322234375,38.34783896060352],[20.771830591765625,38.85093268008594],[20.892598185149414,38.895831666902346],[21.00650886019824,38.87054403872852],[21.104685816375,38.92177542300586],[21.15951636752246,39.004825197175784],[21.007184061614257,39.112987123445315],[20.901148829070312,39.06173285098438],[20.67775252780078,39.08042486758594],[20.211808237639648,39.404925905183596],[20.122382196990234,39.551009736970705],[20.090828928557617,39.60253103824024],[20.028559717742187,39.81378134341602],[19.803648981658203,40.016963563875],[19.369067225066406,40.26028021426563],[19.38022521456836,40.32358130069141],[19.483712229338867,40.29589041324024],[19.49448302706836,40.4027171954668],[19.33922294100879,40.58873709292774],[19.527255091277343,40.865890108064455],[19.445403132048828,40.96489676089649],[19.529950174895507,41.21844442935352],[19.416991266814453,41.345252595857424],[19.498915705291015,41.52362021060352],[19.619383844939453,41.559302888826174],[19.60696509799121,41.761539064363284],[19.457886728850585,41.79808386416797],[19.36771300753711,41.84637030215625],[19.338465723601562,41.86202200503711],[19.14303687533496,41.93209036441211],[19.135544809905273,41.99954184146289],[18.909899744597656,42.217792116121096],[19.24158892018767,42.320307251781294],[19.24158892018767,42.66468645766592],[19.44247679028704,42.57859165619477],[19.815554263328718,42.86557432776529],[19.5859681260723,43.06646219786465],[19.413778523129988,42.92297086207939],[19.413778523129988,43.00906566355055],[19.18419238587357,43.15255699933581],[19.012002782931255,43.06646219786465],[19.126795851559464,42.89427259492234],[19.040701050088305,42.83687606060823],[18.868511447145995,42.92297086207939],[18.66762357704663,42.83687606060823],[18.52864364108203,42.35274466128711],[18.51358893832324,42.362140260652346],[18.514262232390625,42.4069896564043],[18.501139673796875,42.44823034854297],[18.464301142302734,42.4805980548418],[18.449234995452148,42.5157543048418],[18.45927909335254,42.55593069644336],[18.457419428435546,42.55779226870899],[18.429144892302734,42.5860668048418],[18.38896659335254,42.60113104434375],[18.333722147551757,42.61117514224414],[18.273453745452148,42.59611090274219],[18.253363642302734,42.62624319644336],[18.112740549651367,42.74175604434375],[18.017315897551757,42.74678000064258],[17.936959299651367,42.78193625064258],[17.871670755950195,42.82211264224414],[17.84153655490039,42.86229284854297],[17.82144835909961,42.897445283845705],[17.766202005950195,42.912513338044924],[17.70593551119922,42.91753729434375],[17.64638045748828,42.864600740388674],[17.59567931613086,42.888900361970705],[17.547980341521484,42.92011984439258],[17.675801310149414,42.957713685945315],[17.64566710909961,43.053138338044924],[17.535176310149414,43.108382783845705],[17.46988776644824,43.158607088044924],[17.384507212249023,43.23393972964649],[17.29410651644824,43.26909597964649],[17.25895026644824,43.39465292544727],[17.25895026644824,43.44487722964649],[17.21374991854785,43.469989381746096],[17.11330512484668,43.50012167544727],[17.012858423796875,43.55536612124805],[16.842101130095703,43.71607931704883],[16.746676477996093,43.75123556704883],[16.711520227996093,43.77132757754688],[16.701476130095703,43.84666021914844],[16.535740885344726,44.00737341494922],[16.46040633639453,44.02244146914844],[16.385071787444335,44.04252966494922],[16.33484939059375,44.09275396914844],[16.30973723849414,44.14799841494922],[16.269558939543945,44.19822271914844],[16.19422439059375,44.19319876284961],[16.18418029269336,44.258487306550784],[16.189202341643554,44.303687654451174],[16.224358591643554,44.328799806550784],[16.154046091643554,44.37902411075],[16.144001993743164,44.434268556550784],[16.10382369479297,44.49453695865039],[16.038533243743164,44.60000570865039],[15.958176645842773,44.680362306550784],[15.912976297942382,44.69542654605274],[15.857731852141601,44.710494600251955],[15.817553553191406,44.750674806550784],[15.757285151091796,44.785831056550784],[15.747241053191406,44.826007448152346],[15.802485498992187,44.85613974185352],[15.787419352141601,44.95156439395313],[15.787419352141601,44.98672064395313],[15.767330202666503,45.04698904605274],[15.787419352141601,45.1223216876543],[15.827597651091796,45.20267828555469],[15.882842096892578,45.22277029605274],[16.023467096892578,45.20770224185352],[16.06866744479297,45.1574779376543],[16.13897994479297,45.072101198152346],[16.25449279269336,45.01183279605274],[16.34489348849414,45.001788698152346],[16.40013793429492,45.09218939395313],[16.465428385344726,45.1574779376543],[16.510628733245117,45.20770224185352],[16.606053385344726,45.21774633975391],[16.68138793429492,45.20267828555469],[16.781832727996093,45.1926341876543],[16.83205512484668,45.18761404605274],[16.89232352694629,45.24285849185352],[16.932501825896484,45.23783453555469],[16.99276832064746,45.21774633975391],[17.06308082064746,45.1926341876543],[17.16854957064746,45.1574779376543],[17.19366172274707,45.13236578555469],[17.243884119597656,45.142413698152346],[17.28406241854785,45.177569948152346],[17.35437491854785,45.13738974185352],[17.429709467498046,45.13236578555469],[17.515088114348632,45.107257448152346],[17.585400614348632,45.11227758975391],[17.665757212249023,45.11730154605274],[17.78629210909961,45.07712133975391],[17.856602701750976,45.04698904605274],[17.93193725070117,45.08214529605274],[17.987183603850585,45.1223216876543],[18.03740600070117,45.1223216876543],[18.087628397551757,45.09218939395313],[18.12847557202593,45.078574530937686],[18.147896799651367,45.072101198152346],[18.208163294402343,45.09218939395313],[18.258387598601562,45.1223216876543],[18.328700098601562,45.10223349185352],[18.393988642302734,45.10223349185352],[18.42412284335254,45.09218939395313],[18.49443534335254,45.05703314395313],[18.53963569125293,45.0520091876543],[18.58483603915332,45.09218939395313],[18.650126490203125,45.072101198152346],[18.715415033904296,45.04698904605274],[18.725459131804687,44.99676474185352],[18.7807054849541,44.991744600251955],[18.800795588103515,44.95156439395313],[18.775683436003906,44.90636404605274],[18.84097388705371,44.851119600251955],[18.93137458285449,44.841075502351565],[19.016753229705078,44.851119600251955],[19.051909479705078,44.85613974185352],[19.016753229705078,44.896319948152346],[19.041865381804687,44.92645224185352],[19.082043680754882,44.911388002351565],[19.122221979705078,44.92645224185352],[19.11719802340625,44.96160849185352],[19.10715392550586,44.99676474185352],[19.122221979705078,45.03192099185352],[19.102131876555664,45.062057100251955],[19.102131876555664,45.13236578555469],[19.137288126555664,45.13236578555469],[19.182488474456054,45.17254599185352],[19.16742232760547,45.20267828555469],[19.18751052340625,45.20770224185352],[19.21262267550586,45.20267828555469],[19.242756876555664,45.18259008975391],[19.277913126555664,45.177569948152346],[19.308045420256835,45.18761404605274],[19.348225626555664,45.17254599185352],[19.40849212130664,45.16752203555469],[19.423558268157226,45.1926341876543],[19.41907379018727,45.2240272366259],[19.5435117,45.2525517],[19.5870007,45.2104505],[19.8534227,45.2359839],[19.8724406,45.2643405],[20.0242317,45.17267769999999],[20.19619,45.18057550000001],[20.240644265461075,45.15477461274938],[20.24064426546108,45.15477461274937],[20.318696412206304,44.99867031925892],[20.2880502,44.9708808],[20.3340143,44.9152485],[20.4053377,44.8551803],[20.525478,44.830047],[20.57057436648939,44.84739634044162],[20.592594658976004,44.83679397739251],[20.643038307721937,44.81250629466298],[20.6328844,44.7566506],[20.7691835,44.6602714],[20.9221982,44.6708776],[21.0151036,44.7204624],[21.149156,44.7392013],[21.3299595,44.8203606],[21.36388944298775,44.82027002939052],[21.367487940398437,44.80874975772266],[21.47765258273242,44.79280050845508],[21.583313974944335,44.79280050845508],[21.591851267424804,44.707782350496096],[21.858902964202148,44.68122061343555],[21.94650939425586,44.618777833894534],[22.13289741000293,44.511233888582034],[22.199408564177734,44.56434591861133],[22.29590133151172,44.691852174714846],[22.409525904265625,44.75029715152149],[22.34319472763412,44.98598391985518],[22.39533262805393,45.272742372164124],[22.47820452750987,45.728537819171805],[23.018243727012873,45.86354761904756],[23.254510876795436,46.06606231886118],[23.558282926515876,45.897300069016495],[23.79455007629844,46.06606231886118],[24.06456967604994,46.09981476883012],[24.402094175739318,45.897300069016495],[24.942133375242317,45.96480496895437],[25.51592502471426,45.79604271910968],[25.448420124776383,46.30232946864374],[25.65093482459001,46.40358681855056],[25.853449524403636,46.67360641830206],[26.190974024093013,46.80861621817781],[26.292231373999822,47.213645617805064],[25.684687274558947,47.61867501743232],[25.24590542496276,47.68617991737019],[25.380915224838507,47.85494216721488],[25.78594462446576,47.95619951712169],[26.12346912415514,47.85494216721488],[26.12346912415514,48.12496176696638],[26.359736273937703,48.12496176696638],[26.16266290937989,48.9405896176508],[26.524239254288243,48.826951337822464],[26.98940102500732,48.68075763845361],[27.107731508510145,48.643568057924156],[27.107731508510145,48.83258177775021],[27.485758948162246,48.6705700178993],[27.485758948162246,48.75157589782475],[27.647770708013145,48.75157589782475],[27.70611861666797,48.43969687075977],[27.72314170321582,48.43402060122852],[27.819605860320312,48.39430197329883],[27.882025751677734,48.33755835147266],[27.944443735686523,48.31486090274219],[28.01253608187793,48.30918463321094],[28.057930979338867,48.28081091494922],[28.080628428069335,48.25244101138477],[28.11467460116504,48.218394838289065],[28.160069498625976,48.22406729312305],[28.216813120452148,48.212718568757815],[28.29625419100879,48.2297435626543],[28.347323450652343,48.2297435626543],[28.358672175017578,48.20136984439258],[28.318951639739257,48.15597494693164],[28.301928553191406,48.133277498201174],[28.347323450652343,48.15030249209766],[28.387043985930664,48.138953767732424],[28.387043985930664,48.10490759463672],[28.41541579684375,48.08221014590625],[28.426790289144513,48.09737613564061],[28.90822219965315,47.818388161083575],[29.115597252262305,47.282669275176595],[29.426659831176035,46.81607540680601],[29.77824809830272,46.79543515797814],[29.865015389256502,47.61972442203907],[30.949606526178783,47.61972442203907],[31.079757462609457,47.79325900394664],[31.426826626424592,47.61972442203907],[31.990814017624178,47.402806194654616],[33.38776915936687,47.312502697245975],[37.38499744022545,48.811463302567944],[37.884650975332775,49.186203453898436],[39.258698196877916,48.43672315123745],[40.50783203464621,47.4374160810228],[40.63274541842304,46.68793577836182],[40.382918650869385,45.438801940593514],[39.6334383482084,45.68862870814717],[37.47389129122851,44.692359529451174],[37.31793883761523,44.92420919986133],[36.959868464080074,45.22735556216602],[37.22774795016406,45.3120189532793],[37.46097091158984,45.312476716951174],[37.661265406218746,45.345233522371096],[37.70609572848437,45.57840307803516],[37.86787703951953,45.79251440616016],[37.98994353732226,46.00666006656055],[38.22715285739062,46.020091615632815],[38.45897963961718,46.07891424746875],[38.26491454562304,46.31855734439258],[37.97017196139453,46.44128378482227],[37.75709823092578,46.60319098086719],[37.86659911593554,46.65535696597461],[38.031863245574215,46.66868170352344],[38.401091608611324,46.721351228669924],[38.72273925265429,46.87792166324024],[39.282359156218746,47.07403143496875],[39.194094690886715,47.24295004458789],[39.159853968230465,47.26889380069141],[38.80024627169726,47.22916754336719],[38.209727320281246,47.15045889468555],[37.85925200900195,47.103744111970705],[37.42214492282031,47.076881013826174],[37.19263366183398,46.894420228914065],[36.86455825289843,46.80929144473438],[36.35396865328906,46.77579840274219],[35.85055831393359,46.66439016909961],[35.624331507292965,46.521060548738284],[35.41610244235156,46.49468954654102],[35.21237472018359,46.63714178653125],[35.04636672457812,46.357650361970705],[34.906809839812496,46.273021303132815],[34.69234755953906,46.25312765689258],[34.4956541391289,46.27870138736133],[34.06421569308398,46.26487310977344],[33.83908370455859,46.19305380435352],[34.1272573800957,46.06389959903125],[35.00805190524218,45.6119457110918],[35.031897577849605,45.53427466006641],[34.99001220187304,45.450015626863284],[35.063418421355465,45.340098939851565],[35.31667617282031,45.32118185611133],[35.54621795138476,45.379893861726565],[35.84976485690234,45.445228181794924],[36.32316497286914,45.43969687075977],[36.52104857882617,45.38828619571094],[36.41513350924609,45.27157171817188],[36.3671141000664,45.161483369783205],[36.26475432833789,45.09658773990039],[36.0046987863457,45.04433401675586],[35.865454706755855,45.03111990542774],[35.59955504855273,45.10174139590625],[35.386660608855465,45.08192404361133],[35.0673208566582,44.86172445865039],[34.61416152438281,44.841468416169924],[34.3722410531914,44.75717505069141],[34.13495543917773,44.53749807925586],[34.01372436007617,44.49212225528125],[33.66015532931445,44.523658357576174],[33.39549544772265,44.60049017520313],[33.55937865695117,44.93613775821094],[33.516673121062496,45.12350805850391],[33.39787200411914,45.2526813373125],[33.013491663542965,45.38137014956836],[32.92628768405078,45.387672029451174],[32.64344695529101,45.380633912996096],[32.57530120333789,45.36108358950977],[32.50324157199023,45.44510229678516],[32.902258905974605,45.67258032412891],[33.19164946993945,45.78977545352344],[33.539458307830074,45.874713502839846],[33.63883880099414,45.92677267642383],[33.52794555148242,46.13406332583789],[33.33253386935351,46.16611059756641],[32.97293380221484,46.14594992251758],[32.51644423922656,46.12558325381641],[32.20216659030078,46.170360170320315],[32.114104303923824,46.215621553376955],[31.92594054659961,46.409930787996096],[32.188792261687496,46.59223898501758],[31.95127013644336,46.864627443269534],[31.781046900359375,46.701861940339846],[31.537734064666015,46.70138128848438],[31.087231669036132,46.635535798982424],[30.83285621127246,46.57659109683399],[30.520461115447265,46.251407228425784],[30.43284740345622,46.17574956961106],[30.068821940032226,45.861400209382815],[29.729748758879882,45.76999243350391],[29.629511866179687,45.75035818667774],[29.50043014010547,45.52336844058399],[29.536093744841796,45.45219763369922],[29.615916285125,45.41020544619922],[29.68321135958789,45.37478979678516],[29.7107649179375,45.25833471866016],[29.578961405364257,45.0575023517168],[29.45752242526172,44.91514929385547],[29.261582407561523,44.895423494294924],[29.089749369231445,44.87573202700977],[28.91823676547168,44.765750490144534],[28.686247858611328,44.48805197329883],[28.573113474456054,44.19782217593555],[28.52988532504199,43.84347113223438],[28.510106119719726,43.74307592959766],[28.480538401213867,43.59228476138477],[28.445693049041015,43.476363740876955],[28.32809546908496,43.43752630801563],[28.187058481780273,43.450118623689455],[28.03463843783496,43.39190252871875],[27.88732055148242,43.06352575869922],[27.869908365813476,42.799876771882815],[27.836163553801757,42.73552282901172],[27.65404418429492,42.68373831363086],[27.50195029696582,42.51634558291797],[27.494702372161132,42.40090139956836],[27.607871088591796,42.41677816958789],[27.722533259001953,42.31621512027149],[27.73771003207324,42.24700125308399],[27.913407358733398,42.078101716951174],[27.91795257052539,41.977672182039065],[28.02620223483203,41.88238485904102],[28.01817801913379,41.75320776553516],[28.069838556853515,41.62496908755664],[28.104397806731445,41.59297140689258],[28.37145713290332,41.43312796206836],[28.740222010222656,41.32482870669727],[29.01236823519824,41.254832826570315],[29.08109954318164,41.200511537507815],[28.96445373019336,40.98923834414844],[28.827807459441406,40.91469915957813],[28.596150431243164,40.94698675723438],[28.173314127532226,41.05789526553516],[28.026368174163085,41.02620657534961],[27.932183298674804,40.95754965396289],[27.474169764128906,40.962833009675784],[27.31304648837207,40.789912782625],[27.26375678500293,40.66717108340625],[26.88892653903125,40.524676881746096],[26.613572153655273,40.39804037661914],[26.51393989047168,40.28197439761524],[26.375863108245117,40.21340902896289],[26.25515845736621,40.081561647371096],[26.140885386077148,40.044654451326174],[26.214289698210937,40.16066702456836],[26.22279647311328,40.223956666902346],[26.19482139071582,40.30307348819141],[26.457545313445312,40.434974275544924],[26.556477579680664,40.49829062075977],[26.45483878573535,40.584308229402346],[26.41806128939746,40.577823244050784],[26.12404159030078,40.602847658113284],[26.020724329558593,40.669322572664065],[25.992875132170898,40.85245855899219],[25.63570502719043,40.87737616153125],[25.301114115325195,40.89594229312305],[25.04631713351367,40.952273927644534],[25.018929514495117,41.01714666934375],[24.812115702239257,40.933421693757815],[24.700663599578125,40.878341279939455],[24.51912787875293,40.873065553621096],[24.504952463713867,40.98406942935352],[24.354302439299804,40.97096212954883],[24.21905806979297,40.82968481631641],[24.025155100432617,40.74636038394336]]],[[[33.73257735690234,34.90862234683399],[33.685820612517574,34.93486746402149],[33.5385122629082,34.944156251863284],[33.4839353891289,34.79579123111133],[33.13139251193164,34.680335603669924],[32.95861724337695,34.659339509919924],[32.91454604586718,34.635726533845705],[32.91451552828906,34.54125937075977],[32.81665709933398,34.538638673738284],[32.78413680514453,34.625228486970705],[32.60339263400195,34.61473425479297],[32.357180628386715,34.680335603669924],[32.27109054049609,34.71969565005664],[32.27097991427539,34.81415518374805],[32.19850066622851,34.86138876529102],[32.14372161349414,35.042544923738284],[32.18047622164843,35.05831488223438],[32.23445800265429,35.01363333316211],[32.30098632296679,35.01626165957813],[32.48311522921679,35.15294226260547],[32.5969839425957,35.15557440371875],[32.74495223483203,35.11427267642383],[32.77952483615039,35.15294226260547],[32.81907180270312,35.2817455157793],[32.79511168917773,35.36061056704883],[33.07747939547656,35.3186107501543],[33.37370971163867,35.30648001284961],[33.53904250582812,35.33169516177539],[33.907317194548824,35.436847291902346],[34.21733764132617,35.573566041902346],[34.45821288546679,35.64456137271289],[34.24465468844531,35.511844240144534],[34.04842666110156,35.40793188662891],[33.78049758395312,35.2081371173418],[33.77266601046679,35.129283510164065],[33.92467406710742,34.95322760196094],[33.79195693453906,34.95737036319141],[33.73257735690234,34.90862234683399]]],[[[25.872782270282734,36.35592882884054],[25.76635112135116,36.33755930622052],[25.713135546885383,36.34980613615219],[25.73594222165643,36.38653506822634],[25.789157796122215,36.40489303146257],[25.872782270282734,36.35592882884054]]],[[[25.492671024098556,36.42324665835019],[25.492671024098556,36.331435169041356],[25.386239875166982,36.319185450416924],[25.31781985085383,36.39877419215787],[25.3330243007012,36.45994089964729],[25.37103542531962,36.49661778527289],[25.492671024098556,36.42324665835019]]],[[[25.94880451951957,36.91107409621058],[26.024826768756405,36.95968659606273],[26.085644568145874,36.89891612690345],[25.956406744443257,36.84418129487496],[25.834771145664316,36.78331883149609],[25.751146671503797,36.78331883149609],[25.751146671503797,36.81375611186905],[25.857577820435367,36.83809722624421],[25.94880451951957,36.91107409621058]]],[[[24.588006258180208,36.86851272864293],[24.67923295726441,36.75896029963509],[24.46637065940127,36.649251177336765],[24.29912171108023,36.75286945753905],[24.42835953478285,36.79549519508755],[24.588006258180208,36.86851272864293]]],[[[24.876890805280183,36.679741640978875],[24.97571972928807,36.637051610171376],[24.94531082959334,36.56991946228899],[24.8236752308144,36.637051610171376],[24.8236752308144,36.661448812220584],[24.876890805280183,36.679741640978875]]],[[[25.196184252074893,36.673644514576154],[25.10495755299069,36.637051610171376],[25.05934420344859,36.618748636935905],[25.044139753601222,36.661448812220584],[25.16577535238016,36.74068632260297],[25.196184252074893,36.673644514576154]]],[[[25.29501317608278,36.807669623462985],[25.431853224709084,36.6980301207178],[25.386239875166982,36.637051610171376],[25.26460427638805,36.704125314038706],[25.241797601616994,36.75286945753905],[25.249399826540678,36.75896029963509],[25.29501317608278,36.807669623462985]]],[[[24.44356398463022,37.0992747162255],[24.42835953478285,37.20833853996449],[24.534790683714423,37.11746294371295],[24.44356398463022,37.0992747162255]]],[[[24.382746185240748,37.570746906161986],[24.261110586461815,37.540613155635555],[24.29912171108023,37.66107502189996],[24.39795063508812,37.667092994189616],[24.382746185240748,37.570746906161986]]],[[[24.3599395104697,37.30515202694268],[24.3599395104697,37.39580161737422],[24.39795063508812,37.46824245164144],[24.48917733417232,37.39580161737422],[24.3599395104697,37.30515202694268]]],[[[25.044139753601222,37.377680456560746],[24.84648190558545,37.36559724964213],[24.861686355432816,37.52855624381453],[24.94531082959334,37.51046722146939],[25.044139753601222,37.377680456560746]]],[[[25.27220650131173,37.56472113091166],[25.469864349327505,37.43806729073237],[25.31781985085383,37.40184103098311],[24.922504154822285,37.69116000393879],[24.65642628249336,37.901413077728705],[24.76285743142493,38.003319956303606],[25.27220650131173,37.56472113091166]]],[[[24.78566410619598,36.947536378182036],[24.67923295726441,36.90499535372954],[24.648824057569676,37.014338584785854],[24.71724408188283,37.050751425742014],[24.78566410619598,36.947536378182036]]],[[[25.31021762593015,37.00219709179456],[25.112559777914374,36.94146054239683],[24.937708604669652,36.95968659606273],[25.15057090253279,37.17200141281893],[25.31021762593015,37.19622810717101],[25.31021762593015,37.00219709179456]]],[[[25.60670439795381,37.12352471549815],[25.599102173030126,37.026478138264174],[25.545886598564337,36.95968659606273],[25.454659899480134,36.9232301280182],[25.36343320039593,37.00826808071462],[25.34062652562488,37.087146804747654],[25.378637650243302,37.11746294371295],[25.538284373640657,37.220447029530426],[25.60670439795381,37.12352471549815]]]]}},{"type":"Feature","properties":{"name":"United Kingdom","subject":"United Kingdom","partOf":"United Kingdom","borderPrecision":3,"color":"#739b91"},"geometry":{"type":"MultiPolygon","coordinates":[[[[-5.755679574402588,55.47726782412891],[-5.68865725079419,55.62812002749805],[-5.517836537750977,55.66802176089649],[-5.482397046479004,55.442699037507815],[-5.620342221649903,55.32952078433399],[-5.698169675263184,55.330726228669924],[-5.755679574402588,55.47726782412891]]],[[[0.081015858260375,53.3862262591875],[0.174518886414749,53.29305990786914],[0.267848494855148,53.12666281314258],[0.250867608395797,53.04005392642383],[0.00550119897483,52.786666475251955],[0.326831850615722,52.707477174714846],[0.504670116511566,52.847510896638674],[0.741839024630767,52.901195131257815],[1.012664351073486,52.88841589541797],[1.375926766005737,52.809241853669924],[1.585714611617309,52.650043092683596],[1.691691670027954,52.311420045808596],[1.656872067061645,52.21178396792774],[1.511889729109985,52.02575644107227],[1.031286153403503,51.812720857576174],[0.68621805628894,51.56038626284961],[0.254172805157882,51.453597627595705],[0.804253611174804,51.37826880069141],[1.030067357627136,51.35884817691211],[1.189365777579528,51.40547140689258],[1.364680680838806,51.35290487857227],[1.334964427558166,51.12069662661914],[0.886016640273315,50.981891237214846],[0.888346943465454,50.89267309756641],[0.672568890658599,50.930667482332034],[0.191810223666412,50.73128470034961],[-0.203663793,50.79532965274219],[-0.335705709251183,50.816714845613284],[-0.839040127190369,50.72180136294727],[-1.103359904679078,50.816714845613284],[-1.372512188347596,50.766273103669924],[-2.085358705910462,50.702823244050784],[-2.023685899170655,50.570010744050784],[-2.431994643601197,50.64588888736133],[-2.550505128296631,50.570010744050784],[-2.960618939789551,50.72180136294727],[-3.110884395035523,50.65736349673633],[-3.521466937454957,50.61743124575977],[-3.563183036240357,50.361434541658205],[-3.715036120804566,50.219337068513674],[-3.88174339810254,50.200397096589846],[-4.00423809567334,50.314063631013674],[-4.242629018219727,50.39146002383594],[-4.303295102509278,50.32354315371875],[-4.540565457733887,50.35795172305469],[-4.967033830078858,50.21224554629688],[-5.282338586243409,49.963824830964846],[-5.429218259247559,50.06785162539844],[-5.777813401612061,50.13411673159961],[-5.237766232880372,50.34629400821094],[-5.016647305878418,50.56051977725391],[-4.815270390900391,50.60416754336719],[-4.604564633759278,50.77874716372852],[-4.551536527069825,50.99715765567188],[-4.442557301911133,50.96866186709766],[-4.277284589203614,51.063670717195315],[-4.280993905457276,51.18723639102344],[-3.825231519135254,51.234778963044924],[-3.482996192368287,51.181109987214846],[-3.066043343933838,51.177737794832034],[-3.033148970993775,51.32989462466602],[-2.894663300904053,51.39384802432422],[-2.750154700669068,51.644027315095705],[-3.172751632126587,51.46690710635547],[-3.499117579849976,51.45965536685352],[-4.159330811890381,51.67681463809375],[-4.998957600983399,51.70170172305469],[-5.178603139313477,51.787471376375],[-5.248757806214112,51.860213838533205],[-5.061464276703614,52.00643499942188],[-4.619082894715088,52.093516908601565],[-4.294657674225586,52.200320802644534],[-4.123608317765015,52.37326391787891],[-4.09387489834668,52.74550970645313],[-4.14754601994397,52.83189734073047],[-4.468318429383057,52.81130179019336],[-4.621350255402344,52.83098181338672],[-4.491883244904297,52.990977846101565],[-4.317542043122071,53.09120901675586],[-3.956724610718506,53.205150209382815],[-3.329535689743775,53.233016572908205],[-2.914475407990235,53.26714285464649],[-3.056740966233033,53.513614259675784],[-2.979541268738526,53.82085379214649],[-2.865320411118287,54.02827414126758],[-2.885938134583252,54.16866644473438],[-3.261474337967652,54.14118155093555],[-3.479265180023926,54.274600587800784],[-3.569233384522217,54.41502722354297],[-3.430405822190064,54.64308127017383],[-3.152525153549927,54.838058076814455],[-3.308701720627564,54.88473471255664],[-3.576675858887452,54.924483858064455],[-3.907677379044312,54.789668642],[-4.121606316956299,54.762435518220705],[-4.460701909455079,54.862403474763674],[-4.50027367154004,54.77510794253711],[-4.599911656769532,54.687755189851565],[-4.902518239411133,54.734115205720705],[-5.111419167908448,54.7940746173418],[-5.066654172333497,54.94846685977344],[-4.909992661865967,55.11034353824024],[-4.638357129486817,55.42791327090625],[-4.770515408905762,55.488421998933596],[-4.907764401825684,55.66387137027149],[-4.895102467926758,55.772105775789065],[-4.758425202759522,55.819713197664065],[-4.623294320496338,55.907962404207034],[-4.710717168244141,56.13130911441211],[-4.848367181214112,56.09715994449024],[-5.134628739746827,55.893428407625],[-5.333552804383057,55.879520021394534],[-5.570167508515137,55.75051840396289],[-5.633057561310547,55.93986090274219],[-5.497018781098145,56.17727240176563],[-5.300114598664063,56.428660951570315],[-5.270704236420411,56.544147096589846],[-5.45825478115918,56.63214071841602],[-5.546579804810303,56.6523509845293],[-5.644504037293213,56.51628454776172],[-5.821677174958008,56.400497041658205],[-6.043546166809815,56.47476538272266],[-5.908959832581299,56.73325689883594],[-5.665934529694336,56.937842927888674],[-5.62528940716626,56.99921377749805],[-5.726338830384034,57.258006654695315],[-5.56160065213086,57.299258790925784],[-5.460639920624512,57.38814505191211],[-5.762965646179932,57.61977728457813],[-5.568463769348877,57.777389131501955],[-5.229971375855225,57.70964392276172],[-5.055585351380127,57.75101812930469],[-5.345933404358643,58.09274252505664],[-4.907128301056641,58.168963991121096],[-5.112714734467286,58.39491995425586],[-4.925559487732666,58.56695517154102],[-4.509851899536866,58.40292700381641],[-4.138885226639527,58.44481619449024],[-3.83054801503064,58.50719030948047],[-3.440544810684937,58.528548799470705],[-3.165008988770264,58.522201143220705],[-3.02838965931775,58.405746065095705],[-3.166374650391358,58.27510794253711],[-3.943202701004761,57.958419404939455],[-4.150455680283326,57.834815584138674],[-4.248504605683106,57.636329256013674],[-4.148425546082276,57.55452688784961],[-3.795819249542969,57.54153021426563],[-3.400818553360718,57.57644613833789],[-3.092637029083985,57.57702597232227],[-2.853980508240479,57.543319307283205],[-2.150362935456055,57.571979127839846],[-1.944626775177735,57.40166052432422],[-2.107808676155823,57.210330568269534],[-2.203161802681702,57.06481131167774],[-2.158947673233765,57.014319978669924],[-2.413140502365845,56.71725424380664],[-2.514751401337403,56.66733893008594],[-2.667135920914429,56.47100027652149],[-2.980528798493165,56.35358389468555],[-3.152406897934693,56.33681830020313],[-2.949428286942261,56.25300558658008],[-2.720856156739014,56.17819174380664],[-2.772860255631226,56.17131384463672],[-2.895339455994385,56.08550222964649],[-3.169811215790528,56.06210669131641],[-3.293507066162842,55.973914705232424],[-3.894964661988038,55.98506888003711],[-3.713039603623169,55.88469656558399],[-3.577178683670777,55.88469656558399],[-3.355851378830689,55.842689119294924],[-3.161462273987549,55.84568365664844],[-2.927901473435181,55.94603308291797],[-2.742131438645142,55.95718725772266],[-2.540346112641114,55.88469656558399],[-2.245011058243531,55.81096609683399],[-1.94199546852948,55.55607184024219],[-1.719010558518189,55.4537425860918],[-1.665979829224366,55.379588685945315],[-1.695988979729432,55.27250250430469],[-1.555618610771912,54.92161139102344],[-1.388892021569031,54.68048056216602],[-1.192056861313599,54.595355592683596],[-0.870595899018067,54.54716833682422],[-0.604803499373215,54.30016287417774],[-0.295500930937546,54.03316839785938],[-0.234880952703374,53.79938467593555],[-0.319215585085171,53.57891424746875],[-0.203663793,53.52328451724414],[0.081015858260375,53.3862262591875]]]]}},{"type":"Feature","properties":{"name":"Austrian Netherlands","subject":"Austrian Empire","partOf":"Austrian Netherlands","borderPrecision":3,"color":"#b47c6f"},"geometry":{"type":"MultiPolygon","coordinates":[[[[2.522131952849609,51.09112127871875],[2.995262178984863,51.313479982332034],[3.213605198470336,51.35356863589649],[3.472019943801147,51.31439169497852],[3.681297096816284,51.3214183673418],[3.775046858397705,51.38774450869922],[3.989524397460205,51.3437457904375],[4.173045191375,51.32487829776172],[4.406719717589599,51.34007605166797],[4.39535096606372,51.41090353579883],[4.533119234648925,51.40545233340625],[4.67107346972583,51.40545233340625],[4.791377100554687,51.487201295808596],[4.932145628539306,51.37821539492969],[5.010119947997314,51.43270071597461],[5.112526926604492,51.40545233340625],[5.243653807250244,51.23659475894336],[5.484423193541748,51.28555639834766],[5.823895964232666,51.116832338289065],[5.774240049926025,50.92642553897266],[5.696757826415283,50.88292654605274],[5.697087320891601,50.730723939851565],[5.999575647917968,50.74159964175586],[6.154545816985351,50.66175802798633],[6.28142503222583,50.49760016055469],[6.298354181853515,50.286868654207034],[6.108513388243896,50.11745413394336],[6.007444891539794,50.149974428132815],[5.94377568682788,50.11381109805469],[5.833756479827148,50.047408662751955],[5.737923655120117,49.90245779605274],[5.745062384215576,49.755260072664065],[5.884400400725585,49.66353567691211],[5.823500189391357,49.50710638614063],[5.787845644561035,49.55865439029102],[5.475416693297607,49.480140291169924],[5.41808799227832,49.582618318513674],[5.251278433409912,49.674327455476565],[5.097706827727539,49.76065405459766],[4.859871897307617,49.78224142642383],[4.877066645232421,49.88479956241016],[4.81162408312915,49.965777955964846],[4.865410837737304,50.13371618838672],[4.754919085112792,50.10118826480274],[4.668095144835693,49.96037634463672],[4.467481646147949,49.94473227115039],[4.28462794741748,49.91097982974414],[4.156314882842285,49.965777955964846],[4.188459906188232,50.05494650454883],[4.14781621417163,50.13371618838672],[4.21956971606372,50.24215658755664],[4.050887617675048,50.31808813662891],[3.791464838591796,50.339786134675784],[3.674962076750976,50.334369264558596],[3.603379520980102,50.47003897281055],[3.370317253676635,50.4646068439043],[3.28275969943164,50.52432592959766],[3.191876682845336,50.730723939851565],[3.122844490615112,50.807132326082034],[2.938276085463745,50.713756166414065],[2.875059876052124,50.68182333560352],[2.755482468215209,50.73915823550586],[2.615729364958984,50.890216432527346],[2.522131952849609,51.09112127871875]]]]}},{"type":"Feature","properties":{"name":"Spain","subject":"Spain","partOf":"Spain","borderPrecision":3,"color":"#b69578"},"geometry":{"type":"MultiPolygon","coordinates":[[[[-8.806055035980958,41.889178834871096],[-8.860485997589844,42.0145336017168],[-8.798570599945801,42.194530092195315],[-8.644062962921875,42.419749818757815],[-8.805045094879883,42.63155706973438],[-8.941723790558594,42.824195466951174],[-9.173123326691407,42.85590323062305],[-9.246859517487305,42.900775514558596],[-9.270803418549317,43.048690401033205],[-9.197466817291993,43.158214174226565],[-9.01358982602002,43.28085669131641],[-8.849216428192872,43.326243959382815],[-8.595722165497559,43.339618287996096],[-8.310413327606934,43.35304983706836],[-8.250697102936524,43.4304271564043],[-8.220224347504395,43.61720999331836],[-7.979528870972413,43.740054689363284],[-7.636274781616944,43.721412263826174],[-7.151302304657715,43.554942689851565],[-6.8079757360542,43.523421846345705],[-6.467573609741944,43.56272467227344],[-6.208046403321045,43.640521608308596],[-5.979656186493653,43.70537909121875],[-5.820451226624268,43.70568808169727],[-5.537417855652588,43.57745321841602],[-5.224896397980469,43.507247529939455],[-4.802335706146973,43.46944388003711],[-4.110216107758301,43.45151098819141],[-3.847605910691041,43.43916281314258],[-3.4170004991615,43.37565191836719],[-3.195965257080811,43.446883760408205],[-3.007205691727417,43.55027350039844],[-2.768362489136475,43.53787573428516],[-2.367384400757569,43.326243959382815],[-2.065644708069581,43.333270631746096],[-1.914577808769959,43.3054157123125],[-1.702391829880494,43.19593771548633],[-1.491382804306763,43.20962103457813],[-1.465651359947937,43.15488775821094],[-1.557671156319397,43.04543264956836],[-1.515127864273804,42.997562013582034],[-1.44755240956189,42.98387869449024],[-1.397272315415162,43.031756959871096],[-0.907353666218537,42.881297670320315],[-0.840018358620423,42.90865286441211],[-0.611982133778351,42.73087652774219],[-0.586789485605973,42.765060029939455],[-0.46883657256009,42.75139196963672],[-0.409914609583634,42.785567842439455],[-0.216141254248637,42.717200838044924],[-0.203663793,42.70031317325],[-0.165626824440974,42.64883764834766],[0.179550382701141,42.66251715274219],[0.196265372840148,42.607825838044924],[0.347843679991943,42.63517340274219],[0.591923627463562,42.628333650544924],[0.584142002669555,42.77189215274219],[0.744199428168518,42.77189215274219],[1.307450089064819,42.63517340274219],[1.348705086318237,42.53948172183399],[1.364396247473938,42.40964087100391],[1.448152098265869,42.37548025699024],[1.616605672446472,42.40964087100391],[1.709228429404479,42.42331274600391],[1.860095295516235,42.38231619449024],[1.876118454543334,42.31398733706836],[1.99367073496936,42.30715521426563],[2.171107086745483,42.38231619449024],[2.363173756209594,42.293494783357424],[2.581510099974853,42.28666266055469],[2.599267038909179,42.34814413638477],[2.936504158583862,42.40964087100391],[3.087081465331298,42.36864431949024],[3.086528334227783,42.329112611726565],[3.086286100951416,42.1207233295],[3.156553778258544,42.075721345857424],[3.128878864852172,41.85722693057422],[2.628259214965087,41.61954077334766],[2.200590166655761,41.44614752383594],[2.080724749175292,41.29848822207813],[1.60982862433551,41.20915564151172],[1.311244878379089,41.15725287051563],[0.879201922026855,41.0217357501543],[0.733751806822998,40.87495382876758],[0.709782037345153,40.78514822574024],[0.827125463095886,40.7274242267168],[0.787556442824584,40.65688665957813],[0.505141589251739,40.592757783845705],[0.237927589026672,40.24019964785938],[-0.160625037344712,39.886024080232424],[-0.203663793,39.79943808169727],[-0.284515861960667,39.63677176089649],[-0.394848432930726,39.434459291414065],[-0.235902842673081,39.06240423770313],[-0.203663793,39.012652955964846],[-0.165695284100789,38.95406302066211],[0.126115980950576,38.821353517488284],[0.172570082751495,38.738345704988284],[-0.107004006000775,38.59149893374805],[-0.203663793,38.54402884097461],[-0.435155328902024,38.43033941836719],[-0.56412681618573,38.21486624331836],[-0.664728876742142,38.17657431216602],[-0.872343566807526,37.75979956241016],[-0.802563574703949,37.61500509829883],[-0.918272283467072,37.57034262271289],[-1.364567962082642,37.54839285464649],[-1.625712480934876,37.439490877107424],[-1.816879835518616,37.2924762591875],[-1.940475192459839,36.95159872622852],[-2.238797393234986,36.728396974519534],[-2.35509749928357,36.82405050845508],[-2.62433144131543,36.811297975496096],[-2.761496749314087,36.69013937564258],[-2.915331569107789,36.69013937564258],[-2.969792333039063,36.74114950747852],[-4.446585622223633,36.72201880069141],[-4.757303681763428,36.48610647769336],[-5.216736283692139,36.40959509463672],[-5.374227490814942,36.23747595401172],[-5.386749711426514,36.10998495669727],[-5.424260106476563,36.07174261660938],[-5.457090821656006,36.16735800357227],[-5.487933125885743,36.173724733308596],[-5.485486474427002,36.06536825747852],[-5.660587277802247,36.008006654695315],[-5.850014176758545,36.07174261660938],[-6.204461064728516,36.28209646792774],[-6.30497166195752,36.45422323794727],[-6.288880792053956,36.57217749209766],[-6.444025006684083,36.62318380923633],[-6.50048586407544,36.718829713777346],[-6.4217133192146,36.79216345401172],[-6.632153954895752,37.02175100894336],[-6.947954621704834,37.14931448550586],[-7.010098424347657,37.165259920076174],[-7.227823701294678,37.22585638614063],[-7.491503682526368,37.20815619082813],[-7.487998452576416,37.216353975251955],[-7.351443734558838,37.64443548770313],[-7.242514577301758,37.810897432283205],[-6.844775166901368,38.10021170230274],[-7.028099027069825,38.239581666902346],[-7.393876519593018,38.294986329988284],[-7.317340817841309,38.49962576480274],[-7.08942457714917,38.79450186343555],[-6.933383431824463,38.961349092439455],[-7.006874528321045,39.05031546206836],[-7.211435761841553,39.29820593448047],[-7.43099876919629,39.5205150470293],[-7.301257100495118,39.578712068513674],[-7.084203687104004,39.59907492251758],[-6.878323045166749,39.702395997957034],[-6.858675923737305,39.79192312808399],[-6.884172883423584,40.214034639314455],[-6.824864831360596,40.656566225007815],[-6.857170548828858,40.8615795001543],[-6.834448781403321,41.06053503604297],[-6.796627965363282,41.09282644839649],[-6.241148915680665,41.320479951814455],[-6.11153790036084,41.41746100039844],[-6.139497723969239,41.526439271882815],[-6.518426862152833,41.74909933658008],[-6.586079564484375,41.857921205476565],[-6.708704438599366,41.96004446597461],[-6.85951849499585,41.98491247744922],[-7.098435845764893,41.86795385928516],[-7.918560948761719,41.8891673907793],[-8.15726133862378,42.087039552644534],[-8.405047383698243,42.00213583560352],[-8.806055035980958,41.889178834871096]]]]}},{"type":"Feature","properties":{"name":"Portugal","subject":"Portugal","partOf":"Portugal","borderPrecision":3,"color":"#739b91"},"geometry":{"type":"MultiPolygon","coordinates":[[[[-7.491503682526368,37.20815619082813],[-7.603436437042969,37.16297873111133],[-7.836042371186036,37.03225287051563],[-8.033637967499512,37.00878866763477],[-8.28023907223584,37.088580690339846],[-8.541073766144532,37.088580690339846],[-8.667059865387696,37.12144049258594],[-8.990849461945313,36.990008912996096],[-9.016643491181153,37.069800935701174],[-8.841511693390625,37.52514608950977],[-8.851028409394043,37.91018255801563],[-8.932785954865235,37.96184118838672],[-8.822993245514649,38.206073366121096],[-8.84730335751416,38.384566865876955],[-8.788920369538086,38.43598135562305],[-8.853651967438477,38.4996410235918],[-9.022322621735352,38.46102102847461],[-9.236570325287598,38.41744955630664],[-9.285158124359864,38.61946829409961],[-9.069152799042481,38.64295919986133],[-8.941892590912598,38.74191626162891],[-8.960826840790528,38.81846197696094],[-9.040849652680176,38.92018087954883],[-9.175754514130372,38.73223074527149],[-9.361637082489747,38.671145997957034],[-9.522397008332032,38.6899371966875],[-9.549007382782715,38.77451666446094],[-9.459762540253418,38.95307882876758],[-9.397706952484864,39.23036154361133],[-9.415269818695801,39.366675935701174],[-9.299269643219727,39.417735658601565],[-9.11792274990918,39.64403494449024],[-8.915585484894532,40.13814886660938],[-8.969669309052247,40.19001730533008],[-8.694069829376954,40.992171846345705],[-8.851777997406739,41.40782888980274],[-8.854754414948243,41.59685095401172],[-8.920735326203125,41.76702078433399],[-8.806055035980958,41.889178834871096],[-8.405047383698243,42.00213583560352],[-8.15726133862378,42.087039552644534],[-7.918560948761719,41.8891673907793],[-7.098435845764893,41.86795385928516],[-6.85951849499585,41.98491247744922],[-6.708704438599366,41.96004446597461],[-6.586079564484375,41.857921205476565],[-6.518426862152833,41.74909933658008],[-6.139497723969239,41.526439271882815],[-6.11153790036084,41.41746100039844],[-6.241148915680665,41.320479951814455],[-6.796627965363282,41.09282644839649],[-6.834448781403321,41.06053503604297],[-6.857170548828858,40.8615795001543],[-6.824864831360596,40.656566225007815],[-6.884172883423584,40.214034639314455],[-6.858675923737305,39.79192312808399],[-6.878323045166749,39.702395997957034],[-7.084203687104004,39.59907492251758],[-7.301257100495118,39.578712068513674],[-7.43099876919629,39.5205150470293],[-7.211435761841553,39.29820593448047],[-7.006874528321045,39.05031546206836],[-6.933383431824463,38.961349092439455],[-7.08942457714917,38.79450186343555],[-7.317340817841309,38.49962576480274],[-7.393876519593018,38.294986329988284],[-7.028099027069825,38.239581666902346],[-6.844775166901368,38.10021170230274],[-7.242514577301758,37.810897432283205],[-7.351443734558838,37.64443548770313],[-7.487998452576416,37.216353975251955],[-7.491503682526368,37.20815619082813]]]]}},{"type":"Feature","properties":{"name":"Dutch Republic","subject":"Dutch Republic","partOf":"Dutch Republic","borderPrecision":3,"color":"#8b7fa6"},"geometry":{"type":"MultiPolygon","coordinates":[[[[7.159938845244628,53.16400106997852],[7.228004488555175,52.96671637149219],[7.072895083037597,52.804263673738284],[7.034791025725585,52.62350424380664],[6.778090509978515,52.639930330232424],[6.726836237517578,52.558333955720705],[6.713568243590576,52.47569998355274],[6.911921534148437,52.41551931949024],[6.996851477233154,52.442874513582034],[7.069026503173095,52.366283021882815],[7.068196612074827,52.27264082020265],[7.067718062010986,52.21864279361133],[6.882234129515869,52.12573202700977],[6.82461646517871,51.95638617129688],[6.680369410125,51.88775213809375],[6.381445440856201,51.81990011783008],[6.211378130522949,51.87994345279102],[6.13267425021289,51.83843573184375],[5.979368242827636,51.80352743716602],[5.947897944060546,51.72167166324024],[6.1168608995354,51.63985785098438],[6.153822455016357,51.52067144961719],[6.222278151122314,51.389102540925784],[6.179620298949462,51.322330079988284],[6.089237246123535,51.19848593325977],[6.176207575408203,51.1440502032793],[6.070175680724365,51.084186159089846],[5.964243445006591,51.024337373689455],[5.927895102111084,50.98081549258594],[6.009666475859863,50.964496217683596],[6.073926481810791,50.866614900544924],[5.999575647917968,50.74159964175586],[5.697087320891601,50.730723939851565],[5.696757826415283,50.88292654605274],[5.774240049926025,50.92642553897266],[5.823895964232666,51.116832338289065],[5.484423193541748,51.28555639834766],[5.243653807250244,51.23659475894336],[5.112526926604492,51.40545233340625],[5.010119947997314,51.43270071597461],[4.932145628539306,51.37821539492969],[4.791377100554687,51.487201295808596],[4.67107346972583,51.40545233340625],[4.533119234648925,51.40545233340625],[4.39535096606372,51.41090353579883],[4.406719717589599,51.34007605166797],[4.173045191375,51.32487829776172],[3.989524397460205,51.3437457904375],[3.775046858397705,51.38774450869922],[3.743475946990234,51.460452638582034],[3.520320448485595,51.57913549991016],[3.878135714141113,51.79172857852344],[4.264411482421142,52.07089193911914],[4.387240442839843,52.230365358308596],[4.641012701598388,52.75569876284961],[4.718774351683837,52.80241736026172],[5.008403811064941,52.85619314761524],[5.173285517302734,52.743419252351565],[5.234628233519775,52.62285193057422],[5.108244452086669,52.5315013751543],[5.006087812987548,52.55688437075977],[5.035744223204834,52.333716951326174],[4.949828180876953,52.27794607730274],[5.473186525908691,52.17660482974414],[5.574368986693603,52.28301580996875],[5.756913218108398,52.333716951326174],[5.817143950072509,52.52136190982227],[5.611254725066406,52.5315013751543],[5.555709871855957,52.58732184024219],[5.546892675963623,52.678695283845705],[5.653440508452636,52.74977835269336],[5.576382670012695,52.759933076814455],[5.325746092406494,52.790408693269534],[5.358019384947998,52.937747560457034],[5.342753443328125,52.99631079287891],[5.332119974700195,53.01144751162891],[5.389523062316162,53.13857229800586],[5.647349867430908,53.227759920076174],[5.966306719390136,53.33501013369922],[6.260716471282226,53.32174261660938],[6.750721964446289,53.38986166568164],[6.861045393553955,53.26576193423633],[7.00905946215747,53.24541052432422],[7.043283495513183,53.164004884675784],[7.159938845244628,53.16400106997852]]]]}},{"type":"Feature","properties":{"name":"Hohenzollern","subject":"Hohenzollern","partOf":"Hohenzollern","borderPrecision":3,"color":"#8f9a74"},"geometry":{"type":"MultiPolygon","coordinates":[[[[8.594301438872222,47.88935601792852],[8.512134586506251,48.112318694743365],[8.511646595813449,48.14078569350767],[8.290586063920248,48.2814605774397],[8.290586063920248,48.35179801940573],[8.521694801808597,48.29150878343485],[8.612128655764906,48.23121954746398],[8.682466097730924,47.969966191590196],[8.594301438872222,47.88935601792852]]]]}},{"type":"Feature","properties":{"name":"Bremen","subject":"Bremen","partOf":"Bremen","borderPrecision":3,"color":"#b69578"},"geometry":{"type":"MultiPolygon","coordinates":[[[[8.55783167450393,53.15762645362137],[8.619904013511574,53.16797184345598],[8.74404869152686,53.08520872477912],[8.66019322944274,53.02650990132023],[8.576443981406817,53.07658022403721],[8.55783167450393,53.15762645362137]]]]}},{"type":"Feature","properties":{"name":"Hamburg","subject":"Hamburg","partOf":"Hamburg","borderPrecision":3,"color":"#8b7fa6"},"geometry":{"type":"MultiPolygon","coordinates":[[[[9.942952065167992,53.59992374547766],[10.008370005348048,53.51269982523758],[10.073787945528103,53.51269982523758],[10.117399905648142,53.476356525137554],[10.051981965468086,53.48362518515756],[10.02290732538806,53.45455054507754],[9.752260187362955,53.50320621034047],[9.790310204747861,53.59265508545766],[9.790310204747861,53.69441632573774],[9.942952065167992,53.59992374547766]]]]}},{"type":"Feature","properties":{"name":"Algiers","subject":"Algiers","partOf":"Algiers","borderPrecision":3,"color":"#b69578"},"geometry":{"type":"MultiPolygon","coordinates":[[[[-1.081275251301545,32.45392569156055],[-1.112570431622284,32.54910620303516],[-1.340927687081116,32.694007478669924],[-1.610150661858338,33.04845007510547],[-1.68113121071698,33.257815919832034],[-1.673919525536316,33.829951845125],[-1.663989510926026,34.205054841951174],[-1.738150325211304,34.60509451480274],[-1.823284712227601,34.69997366519336],[-2.076577034386414,34.82567556949024],[-2.192973938378113,35.05424841494922],[-2.035251822861451,35.054568849519534],[-1.738327947052735,35.11883123965625],[-1.495096531304139,35.23390158267383],[-1.329105701836365,35.48890646548633],[-1.146667149456757,35.62936743350391],[-0.917491999062317,35.66803701968555],[-0.734306838902253,35.73846014590625],[-0.428770822080391,35.86006888003711],[-0.282988813313263,35.75847586245899],[-0.203663793,35.75072058291797],[-0.09165417084338,35.73976858706836],[0.015310812202674,35.803668580964846],[0.198671731559021,36.033309541658205],[0.474390897361022,36.22496374698047],[0.781242343989593,36.38485296817188],[1.057602915374023,36.461856447175784],[1.57969311198352,36.51388891787891],[2.293774160948974,36.54082449527149],[2.52436355075,36.57315023990039],[2.809869083968383,36.71390112491016],[3.070006403533203,36.61885794253711],[3.323837790099365,36.65123327823047],[3.586873087493164,36.79195364566211],[3.741224560347778,36.83686789126758],[4.16391900500415,36.83135183902149],[4.394624266234619,36.83819159121875],[4.532551798430664,36.8129840716875],[4.632117304412109,36.79406698794727],[4.777191671935302,36.743384920076174],[5.144465002623779,36.66767843814258],[5.382732424346191,36.67453344912891],[5.730162176696044,36.7517047748125],[6.047393831816894,36.841556154207034],[6.322870287505371,37.090648256257815],[6.770537409392578,36.86214789004688],[6.923042807189209,36.81784018130664],[7.063241037932617,36.881854616121096],[7.204853090850097,36.99046667666797],[7.306981119719726,37.06078299136524],[7.544922861663085,37.04214438052539],[7.719043287841064,36.95327719302539],[7.792040857878906,36.83235891909961],[7.913174662200195,36.77524908633594],[8.145014795867187,36.813949190095705],[8.636709246245605,36.885257326082034],[8.63145354708789,36.80268057437305],[8.323657068816406,36.52058371158008],[8.272001299468261,36.322791658357424],[8.27713397463916,35.67949637027149],[8.28922942599414,35.27841528506641],[8.31264308413623,35.01116903872852],[8.291010889617187,34.76950033755664],[8.217679056731445,34.58479269595508],[8.031048807708007,34.42485388369922],[7.581201586333496,34.04101523013477],[7.530617270079834,33.81193884463672],[7.665989908782226,33.412311159089846],[7.817420992461425,33.06362494082813],[8.020752939788085,33.02027853579883],[6.269234644500006,31.873469044264244],[0.873159063104652,31.985887285543306],[-1.081275251301545,32.45392569156055]]]]}},{"type":"Feature","properties":{"name":"Tunis","subject":"Tunis","partOf":"Tunis","borderPrecision":3,"color":"#a88992"},"geometry":{"type":"MultiPolygon","coordinates":[[[[8.020752939788085,33.02027853579883],[7.817420992461425,33.06362494082813],[7.665989908782226,33.412311159089846],[7.530617270079834,33.81193884463672],[7.581201586333496,34.04101523013477],[8.031048807708007,34.42485388369922],[8.217679056731445,34.58479269595508],[8.291010889617187,34.76950033755664],[8.31264308413623,35.01116903872852],[8.28922942599414,35.27841528506641],[8.27713397463916,35.67949637027149],[8.272001299468261,36.322791658357424],[8.323657068816406,36.52058371158008],[8.63145354708789,36.80268057437305],[8.636709246245605,36.885257326082034],[8.865518602935058,36.96835287661914],[9.150280031768066,37.17287405581836],[9.416118654814941,37.27537878604297],[9.732199701873046,37.28239782901172],[10.021354708281738,37.20013388247852],[10.132734331694824,37.104747377351565],[10.15887168368457,36.99647482486133],[10.27150824984668,36.754554353669924],[10.392797503081542,36.716571412996096],[10.580582651702148,36.79342230410938],[10.843251261321289,36.99148901553516],[11.023757013884765,37.06832464785938],[11.039403948394042,36.90904577823047],[10.92006209811328,36.6539378985918],[10.633412394133789,36.424014650300784],[10.509244951812011,36.21355398745899],[10.511460337249023,36.08616980166797],[10.60260776003955,35.88894613833789],[10.830826792327148,35.679278932527346],[10.988951716033203,35.622298799470705],[11.12510875186084,35.2406078204668],[11.082800898162109,35.14503439517383],[10.839357409087402,34.8011546954668],[10.574025187102539,34.648109041169924],[10.116421732512695,34.234168611482424],[10.01948073825,34.08147390933399],[10.148656878081542,33.87839850039844],[10.412600550261718,33.63112600894336],[9.41694540031396,33.33490618089214],[8.020752939788085,33.02027853579883]]]]}},{"type":"Feature","properties":{"name":"Egypt","subject":"Egypt","partOf":"Egypt","borderPrecision":3,"color":"#b47c6f"},"geometry":{"type":"MultiPolygon","coordinates":[[[[34.146304163542965,31.20857962222461],[34.20194915255664,31.078446947053713],[34.56028274020312,30.203866563752932],[34.93554213961718,29.418094240144534],[34.76433471163867,29.246686540559573],[34.54894927462695,28.731626115754885],[34.398840937224605,28.095985017732424],[34.32201293429492,27.828979097322268],[34.24119857272265,27.758920274690432],[34.05800536593554,27.790313325837893],[33.85604384860156,28.024955354646487],[33.504057917205074,28.32918318362598],[33.33074096163867,28.551192842439455],[33.17847350558398,28.995608888582034],[32.94378188571093,29.198421083406252],[32.81360534152148,29.477700792268557],[32.73727706393359,29.693547807649416],[32.647959742156246,29.85220106692676],[32.43838027438281,29.7755199298418],[32.318491968718746,29.54019697757129],[32.59057525118945,28.93719633670215],[32.64934447726367,28.76578100772266],[32.93467620333789,28.37882574649219],[33.354216608611324,27.9095474109209],[33.56693938693164,27.369950853303713],[33.80406478366015,26.93206938357715],[33.928809198943355,26.56382330508594],[34.10422042330859,26.354524217561526],[34.514842066374996,25.573916994050784],[34.99740127047656,24.71719893069629],[35.18986419161914,24.399919115022463],[35.453459772673824,24.152688585237307],[35.65656951388476,23.994273744539065],[35.72469619235156,23.91181906314258],[35.616301569548824,23.83534773440723],[35.48792937716601,23.79059561343555],[35.46848967990039,23.720668397859377],[35.57585051974414,23.231660448030276],[35.68928817233203,23.021319948152346],[35.74630263766406,22.91434057803516],[36.11136153658984,22.64825590701465],[36.2902212472832,22.57238157840137],[36.47324660739062,22.337684236482424],[36.660429987517574,22.16653784366016],[36.800112757292965,21.914899431184573],[35.25054864164662,21.36938639551212],[32.661727152233055,20.999554754167328],[31.644690138534873,21.276928485175922],[31.61657392264768,21.295396123922504],[30.6685771487796,21.91807102523081],[30.346361205137764,22.111400591415908],[29.425700290466107,22.6637971402189],[26.004757608026747,30.707635339468183],[25.25822928866504,31.437919221833987],[25.507155451384765,31.444781862214846],[25.7895002695,31.48984106631641],[26.14333442172168,31.490577302888674],[26.823994669524414,31.358560167268557],[27.088095697966796,31.306726060823244],[27.438754114714843,31.25182493777637],[27.763331446257812,31.182614885286135],[27.919449839202148,30.99868544192676],[28.09982970675586,30.99905737491016],[28.51718238314746,30.9617992267168],[28.96642211398242,30.784841142610354],[29.248847040740234,30.753661714509768],[29.359381708708984,30.81107100100879],[29.68310264071582,31.053170762971682],[30.09913924655078,31.231925569490237],[30.476056131926757,31.31528814883594],[30.827059778777343,31.436736665681643],[30.99595550021289,31.468850694612307],[31.151381525603515,31.443749986604494],[31.39227012118457,31.44426115603809],[31.717415842620117,31.387752138093752],[31.80812362155078,31.178281389192385],[32.07651046237109,31.013650499299807],[32.30937865695117,31.08401831241016],[32.59724334200976,30.96390112491016],[32.76873305758593,30.95155294986133],[33.021391901580074,31.132072053865237],[33.1295652719414,31.051686845735354],[33.25459960421679,31.026528917268557],[33.55760100802539,30.967715822175784],[33.70960906466601,30.995709978059573],[33.916968378630855,31.070052705720705],[34.146304163542965,31.20857962222461]]]]}},{"type":"Feature","properties":{"name":"Tripolitania","subject":"Tripolitania","partOf":"Tripolitania","borderPrecision":3,"color":"#8f9a74"},"geometry":{"type":"MultiPolygon","coordinates":[[[[12.117019686309082,32.87850149722461],[12.564756426421386,32.73963888736133],[12.798863443938476,32.733768068269534],[13.187125238982421,32.791759096101565],[13.458779368010742,32.77960928531055],[14.157023462859375,32.67937811465625],[14.433427843657714,32.46390875430469],[14.790810618010742,32.362994752839846],[15.00978663882373,32.363441072419924],[15.163704905120117,32.27480658145313],[15.241435083953125,32.17330130191211],[15.358129534331542,31.805022798494143],[15.533408197966796,31.55121573062305],[15.843325647917968,31.285003267244143],[16.013379129973632,31.22817000003223],[16.318387064543945,31.165261827424807],[16.782519373503906,31.128097139314455],[16.983780893889648,31.09674223513965],[17.421629938689453,30.99598654361133],[17.708979639617187,30.894923768953127],[17.95715812167285,30.768363557771487],[18.537213358489257,30.41374548526172],[18.885434168313786,30.221221390772325],[15.649471650372499,30.522719518795792],[14.724892547010514,30.245345787787194],[12.413444788605547,32.46433563585597],[12.117019686309082,32.87850149722461]]]]}},{"type":"Feature","properties":{"name":"Cyrenaica","subject":"Cyrenaica","partOf":"Cyrenaica","borderPrecision":3,"color":"#b47c6f"},"geometry":{"type":"MultiPolygon","coordinates":[[[[19.318795867131424,30.255372139199526],[19.322815928069335,30.256539903596682],[19.663914713469726,30.44150122256641],[19.98153785189746,30.721730791047854],[20.116768869963867,30.957103334382815],[20.116679224578125,31.071467958406252],[19.99209693392871,31.350774370149416],[19.941582712737304,31.611169420198244],[19.96147063693164,31.795470796541018],[20.06836417636035,32.03713568301563],[20.365721735564453,32.29824026675586],[20.515524897185546,32.38751181216602],[20.76505187472461,32.49603231997852],[21.054497751799804,32.630050264314455],[21.67341903170703,32.815589509919924],[22.215989145842773,32.79128988833789],[22.543126139250976,32.72207220645313],[22.922846827117187,32.55765875430469],[23.007332834807617,32.48158987613086],[23.02665618380664,32.25291021914844],[23.15333846530078,32.138812623933596],[23.288636240569335,32.13273199649219],[23.71403411349414,32.0764232501543],[23.742419271630055,32.0640980489926],[22.12152537390641,31.077466980812986],[21.19694627054442,31.077466980812986],[20.364825077518635,30.3378036981234],[19.318795867131424,30.255372139199526]]]]}},{"type":"Feature","properties":{"name":"Morocco","subject":"Morocco","partOf":"Morocco","borderPrecision":3,"color":"#8aa0a8"},"geometry":{"type":"MultiPolygon","coordinates":[[[[-2.192973938378113,35.05424841494922],[-2.076577034386414,34.82567556949024],[-1.823284712227601,34.69997366519336],[-1.738150325211304,34.60509451480274],[-1.663989510926026,34.205054841951174],[-1.673919525536316,33.829951845125],[-1.68113121071698,33.257815919832034],[-1.610150661858338,33.04845007510547],[-1.340927687081116,32.694007478669924],[-1.112570431622284,32.54910620303516],[-1.081275251301545,32.45392569156055],[-1.234288897904175,31.989039979890627],[-1.713601456447307,30.05865417642664],[-1.343728407558636,29.0415032919828],[-1.713601456447307,28.394225456427627],[-4.949990634223173,28.856566767538464],[-8.284488644989747,28.78304823489551],[-8.593210187348145,28.641410432771487],[-10.339312520416993,29.14631613345508],[-9.869588818939942,29.642983995393557],[-9.662592854889649,29.954816423372073],[-9.60267445126416,30.183719240144534],[-9.625043836029786,30.40610083194141],[-9.817042317780274,30.75522192569141],[-9.857763257416504,31.060189805940432],[-9.813266721161622,31.289060197786135],[-9.635323491486329,31.575402818635744],[-9.317557301911133,31.96371801944141],[-9.222252812775391,32.25624807925586],[-9.250766721161622,32.421424470857424],[-9.218686070832032,32.580360017732424],[-8.640263524445313,33.12173422427539],[-8.314414945038575,33.33848150821094],[-7.902406182678956,33.48548849673633],[-7.33262058773877,33.69637259097461],[-7.004007783325928,33.874984346345705],[-6.752974477204102,34.12335165591602],[-6.51147219220044,34.45429953189258],[-6.472049931118028,34.530940244894],[-6.302049127014893,34.86143835635547],[-5.928758588227051,35.72785910220508],[-5.807887044342774,35.78541525454883],[-5.56500002423169,35.862342439607424],[-5.479359116944092,35.80520590396289],[-5.171789613159913,35.42376288028125],[-5.109631505402344,35.37931402774219],[-4.592977490814942,35.151187501863284],[-4.295350995453614,35.15178640933399],[-4.027887788208741,35.13323553653125],[-3.440804210099,35.166278444246096],[-3.205772366913575,35.26860769839649],[-3.00902816334607,35.38997992129688],[-2.829877105149048,35.14205893130664],[-2.714807000550049,35.09774359317188],[-2.35566278973462,35.05391653628711],[-2.325944383331985,35.053977160631526],[-2.192973938378113,35.05424841494922]]]]}},{"type":"Feature","properties":{"name":"Parma","subject":"Parma","partOf":"Parma","borderPrecision":3,"color":"#b3a46e"},"geometry":{"type":"MultiPolygon","coordinates":[[[[9.5724396643412,44.43695577937748],[9.479491747019999,44.47310219166906],[9.396470738493163,44.439893788258324],[9.363262335082426,44.5561232001959],[9.296845528260956,44.53951899849053],[9.230428721439488,44.77197782236568],[9.130803511207283,44.78858202407104],[9.130803511207283,45.120666058178394],[9.662137965779042,45.2202912684106],[10.293097630583008,45.02104084794619],[10.393319124301868,45.02631566340508],[10.27649342887764,44.904811436008615],[10.359514437404478,44.688956813838836],[10.243285025466903,44.489706393374426],[10.193472420350801,44.489706393374426],[10.127055613529333,44.35687277973149],[10.05646851357982,44.380401813047996],[9.977617798181026,44.40668538484759],[9.894596789654187,44.5561232001959],[9.74515897430588,44.605935805312],[9.595721158957572,44.57272740190126],[9.5724396643412,44.43695577937748]]]]}},{"type":"Feature","properties":{"name":"Papal States","subject":"Papal States","partOf":"Papal States","borderPrecision":3,"color":"#8aa0a8"},"geometry":{"type":"MultiPolygon","coordinates":[[[[12.37776521272152,44.73152979882409],[12.273584398833496,44.67263754458789],[12.280731234160644,44.55012472720508],[12.34507659396289,44.30104025454883],[12.508117008152919,44.131458089893975],[12.697230372039062,43.934756837800784],[13.600871119109375,43.53480490298633],[13.731556925383789,43.37416037173633],[13.791634592620117,43.12334402652149],[13.915090593901855,42.87276419253711],[14.076401988875073,42.6337763953921],[13.995834610879957,42.6134316006679],[13.929417804058488,42.53041059214106],[13.829792593826284,42.5636189955518],[13.829792593826284,42.48059798702496],[13.763375787004811,42.463993785319595],[13.71356318188871,42.39757697849812],[13.630542173361873,42.53041059214106],[13.547521164835034,42.430785381908855],[13.414687551192095,42.36436857508738],[13.464500156308198,42.231534961444446],[13.414687551192095,42.19832655803371],[13.580729568245768,42.09870134780151],[13.580729568245768,42.048888742685406],[13.630542173361873,42.01568033927467],[13.630542173361873,41.93265933074783],[13.564125366540402,41.86624252392636],[13.597333769951138,41.79982571710489],[13.64714637506724,41.750013111988785],[13.64714637506724,41.79982571710489],[13.863000997237016,41.750013111988785],[13.863000997237016,41.783221515399525],[13.929417804058488,41.750013111988785],[13.879605198942386,41.66699210346195],[13.879605198942386,41.63378370005122],[13.929417804058488,41.63378370005122],[13.96262620746922,41.517554288113644],[13.96262620746922,41.46774168299754],[14.029043014290693,41.40132487617607],[13.995834610879957,41.35151227105997],[13.97923040917459,41.334908069354604],[13.813188392120914,41.318303867649234],[13.760507236170481,41.20669841632788],[13.498390230742675,41.301864229158205],[13.271446261016113,41.31423910708789],[12.97677710970996,41.371375642732424],[12.641516718474609,41.53109701724414],[12.394848856536132,41.72954901309375],[11.963433298674804,42.00474127383594],[11.960132972376597,42.00737273955097],[12.019934607941227,42.09870134780151],[12.003330406235861,42.248139163149816],[12.06974721305733,42.29795176826592],[12.053143011351963,42.53041059214106],[12.129717682746126,42.596046024764625],[12.169372423289534,42.630035802373264],[12.152768221584168,42.696452609194736],[12.185976624994902,42.912307231364515],[12.169372423289534,42.912307231364515],[12.152768221584168,43.06174504671282],[12.219185028405636,43.2277870637665],[12.302206036932475,43.2775996688826],[12.302206036932475,43.344016475704066],[12.219185028405636,43.344016475704066],[12.119559818173432,43.47685008934701],[12.102955616468066,43.60968370298995],[12.119559818173432,43.74251731663289],[12.219185028405636,43.8919551319812],[12.169372423289534,43.8919551319812],[12.086351414762698,43.842142526865096],[12.036538809646595,43.92516353539193],[12.053143011351963,44.07460135074024],[12.053143011351963,44.10780975415097],[12.086351414762698,44.17422656097244],[12.019934607941227,44.17422656097244],[11.936913599414389,44.09120555244561],[11.887100994298287,44.25724756949928],[11.903705196003656,44.32366437632075],[11.853892590887554,44.35687277973149],[11.80407998577145,44.34026857802612],[11.73766317894998,44.35687277973149],[11.687850573833877,44.25724756949928],[11.704454775539245,44.224039166088545],[11.555016960190937,44.19083076267781],[11.571621161896305,44.224039166088545],[11.455391749958732,44.27385177120465],[11.289349732905057,44.224039166088545],[11.322558136315791,44.15762235926707],[11.201986087009125,44.142550853103735],[11.139911917556748,44.34026857802612],[11.289349732905057,44.37347698143685],[11.289349732905057,44.456497989963694],[11.173120320967485,44.605935805312],[11.256141329494323,44.78858202407104],[11.33916233802116,44.85499883089251],[11.169817827810615,45.067184016221326],[11.239537127788955,45.07085345306229],[11.604829565307039,44.904811436008615],[11.770871582360714,45.07085345306229],[11.887100994298287,45.087457654767654],[11.970122002825125,45.03764504965155],[12.053143011351963,45.02104084794619],[12.036538809646595,45.137270259883756],[12.1361640198788,45.104061856473024],[12.37776521272152,44.73152979882409]]]]}},{"type":"Feature","properties":{"name":"Pontremoli","subject":"Pontremoli","partOf":"Pontremoli","borderPrecision":3,"color":"#a88992"},"geometry":{"type":"MultiPolygon","coordinates":[[[[9.877992587948821,44.29045597291002],[9.828179982832717,44.29045597291002],[9.778367377716615,44.35687277973149],[9.5724396643412,44.43695577937748],[9.595721158957572,44.57272740190126],[9.74515897430588,44.605935805312],[9.894596789654187,44.5561232001959],[9.977617798181026,44.40668538484759],[9.954459302175904,44.333008924701424],[9.89238696316826,44.343354314536036],[9.877992587948821,44.29045597291002]]]]}},{"type":"Feature","properties":{"name":"Fivizzano","subject":"Fivizzano","partOf":"Fivizzano","borderPrecision":3,"color":"#8b7fa6"},"geometry":{"type":"MultiPolygon","coordinates":[[[[10.05646851357982,44.380401813047996],[10.127055613529333,44.35687277973149],[10.171712488702655,44.312318145032215],[10.140676319198834,44.219209636520745],[10.03722242085276,44.291627365363],[10.05646851357982,44.380401813047996]]]]}},{"type":"Feature","properties":{"name":"Lucca","subject":"Lucca","partOf":"Lucca","borderPrecision":3,"color":"#8aa0a8"},"geometry":{"type":"MultiPolygon","coordinates":[[[[10.337910145884042,43.596202827939074],[10.292479548064453,43.70543631167774],[10.261382708001271,43.74523947476491],[10.326306033993742,43.8919551319812],[10.359514437404478,43.85874672857046],[10.410075766198318,43.937397684471996],[10.508952252752785,44.09120555244561],[10.54216065616352,44.09120555244561],[10.591973261279623,44.14101815756171],[10.691598471511828,44.09120555244561],[10.730363539771444,43.98126567032478],[10.688981980433017,43.8674663821441],[10.751054319440659,43.62952241594814],[10.59587347192155,43.5777954667751],[10.502764963410087,43.60883163627892],[10.337910145884042,43.596202827939074]]]]}},{"type":"Feature","properties":{"name":"Tuscany","subject":"Tuscany","partOf":"Tuscany","borderPrecision":3,"color":"#b47c6f"},"geometry":{"type":"MultiPolygon","coordinates":[[[[11.960132972376597,42.00737273955097],[11.497365030852539,42.376353822664065],[11.104763063994628,42.549083314851565],[10.742755922881347,42.850509248689455],[10.487745318022949,43.235938631013674],[10.337910145884042,43.596202827939074],[10.502764963410087,43.60883163627892],[10.59587347192155,43.5777954667751],[10.751054319440659,43.62952241594814],[10.688981980433017,43.8674663821441],[10.730363539771444,43.98126567032478],[10.691598471511828,44.09120555244561],[10.708202673217194,44.17422656097244],[10.824432085154767,44.207434964383175],[10.957265698797709,44.15762235926707],[11.056890909029914,44.15762235926707],[11.056890909029914,44.12441395585634],[11.201986087009125,44.142550853103735],[11.322558136315791,44.15762235926707],[11.289349732905057,44.224039166088545],[11.455391749958732,44.27385177120465],[11.571621161896305,44.224039166088545],[11.555016960190937,44.19083076267781],[11.704454775539245,44.224039166088545],[11.687850573833877,44.25724756949928],[11.73766317894998,44.35687277973149],[11.80407998577145,44.34026857802612],[11.853892590887554,44.35687277973149],[11.903705196003656,44.32366437632075],[11.887100994298287,44.25724756949928],[11.936913599414389,44.09120555244561],[12.019934607941227,44.17422656097244],[12.086351414762698,44.17422656097244],[12.053143011351963,44.10780975415097],[12.053143011351963,44.07460135074024],[12.036538809646595,43.92516353539193],[12.086351414762698,43.842142526865096],[12.169372423289534,43.8919551319812],[12.219185028405636,43.8919551319812],[12.119559818173432,43.74251731663289],[12.102955616468066,43.60968370298995],[12.119559818173432,43.47685008934701],[12.219185028405636,43.344016475704066],[12.302206036932475,43.344016475704066],[12.302206036932475,43.2775996688826],[12.219185028405636,43.2277870637665],[12.152768221584168,43.06174504671282],[12.169372423289534,42.912307231364515],[12.185976624994902,42.912307231364515],[12.152768221584168,42.696452609194736],[12.169372423289534,42.630035802373264],[12.129717682746126,42.596046024764625],[12.053143011351963,42.53041059214106],[12.06974721305733,42.29795176826592],[12.003330406235861,42.248139163149816],[12.019934607941227,42.09870134780151],[11.960132972376597,42.00737273955097]]]]}},{"type":"Feature","properties":{"name":"Modena","subject":"Modena","partOf":"Modena","borderPrecision":3,"color":"#739b91"},"geometry":{"type":"MultiPolygon","coordinates":[[[[11.201986087009125,44.142550853103735],[11.056890909029914,44.12441395585634],[11.056890909029914,44.15762235926707],[10.957265698797709,44.15762235926707],[10.824432085154767,44.207434964383175],[10.708202673217194,44.17422656097244],[10.691598471511828,44.09120555244561],[10.591973261279623,44.14101815756171],[10.54216065616352,44.09120555244561],[10.508952252752785,44.09120555244561],[10.410075766198318,43.937397684471996],[10.285511776883334,43.98126567032478],[10.155236147769687,43.88110436777192],[10.136747393218261,43.904769502595705],[9.909300837126953,44.110477052644534],[9.825498048980155,44.152548314253266],[9.877992587948821,44.29045597291002],[9.89238696316826,44.343354314536036],[9.954459302175904,44.333008924701424],[9.977617798181026,44.40668538484759],[10.05646851357982,44.380401813047996],[10.03722242085276,44.291627365363],[10.140676319198834,44.219209636520745],[10.171712488702655,44.312318145032215],[10.127055613529333,44.35687277973149],[10.193472420350801,44.489706393374426],[10.243285025466903,44.489706393374426],[10.359514437404478,44.688956813838836],[10.27649342887764,44.904811436008615],[10.393319124301868,45.02631566340508],[10.856080977908093,45.05067155043698],[11.169817827810615,45.067184016221326],[11.33916233802116,44.85499883089251],[11.256141329494323,44.78858202407104],[11.173120320967485,44.605935805312],[11.289349732905057,44.456497989963694],[11.289349732905057,44.37347698143685],[11.139911917556748,44.34026857802612],[11.201986087009125,44.142550853103735]]]]}},{"type":"Feature","properties":{"name":"Massa","subject":"Massa","partOf":"Massa","borderPrecision":3,"color":"#b3a46e"},"geometry":{"type":"MultiPolygon","coordinates":[[[[10.410075766198318,43.937397684471996],[10.359514437404478,43.85874672857046],[10.326306033993742,43.8919551319812],[10.261382708001271,43.74523947476491],[10.155236147769687,43.88110436777192],[10.285511776883334,43.98126567032478],[10.410075766198318,43.937397684471996]]]]}},{"type":"Feature","properties":{"name":"Darfur","subject":"Darfur","partOf":"Darfur","borderPrecision":3,"color":"#739b91"},"geometry":{"type":"MultiPolygon","coordinates":[[[[22.689181339979996,15.328961487575047],[23.111878261213096,16.597052251274338],[27.45961802246783,18.167069387282993],[29.15040570740022,17.92552828943551],[29.99579954986642,14.24202654726136],[29.09002043293835,13.155091606947678],[24.31958375045052,12.792779960176453],[23.17226353567497,13.577788528180776],[22.689181339979996,15.328961487575047]]]]}},{"type":"Feature","properties":{"name":"Ethiopia","subject":"Ethiopia","partOf":"Ethiopia","borderPrecision":3,"color":"#b69578"},"geometry":{"type":"MultiPolygon","coordinates":[[[[30.346361205137764,22.111400591415908],[30.6685771487796,21.91807102523081],[31.61657392264768,21.295396123922504],[32.16137597182477,20.643373199356958],[33.87690491850263,19.663070944112462],[34.612131609936,18.070079779340162],[33.631829354691504,15.741861923134486],[33.999442700408196,13.658719630739924],[33.141678227069264,11.575577338345376],[31.671224844202516,11.575577338345376],[31.426149280391396,13.29110628502324],[31.671224844202516,15.864399705040036],[30.690922588958024,16.84470196028454],[29.4655447699024,19.172919816490214],[29.4655447699024,20.76591098126252],[30.346361205137764,22.111400591415908]]]]}},{"type":"Feature","properties":{"name":"Oldenburg","subject":"Oldenburg","partOf":"Oldenburg","borderPrecision":3,"color":"#8aa0a8"},"geometry":{"type":"MultiPolygon","coordinates":[[[[7.87502889291447,53.63368572579089],[7.968539270964843,53.63753470034961],[8.011022600737792,53.565692506746096],[8.098732981291992,53.44393499942188],[8.029082331267578,53.37264975161914],[8.174986872283203,53.32174261660938],[8.241933855620605,53.3522907123125],[8.260771784392578,53.438846193269534],[8.189001116362792,53.530520997957034],[8.30565074404834,53.52543219180469],[8.501803431121093,53.44902762027149],[8.537140894834717,53.4783335384942],[8.506104725330895,53.38522502998273],[8.454377776157859,53.41626119948655],[8.433686996488644,53.39557041981734],[8.475068555827074,53.37487964014812],[8.464723165992465,53.3334980808097],[8.433686996488644,53.3334980808097],[8.423341606654038,53.26108035196744],[8.55783167450393,53.15762645362137],[8.576443981406817,53.07658022403721],[8.66019322944274,53.02650990132023],[8.640594793180789,53.01279099593687],[8.506104725330895,53.033481775606084],[8.326593293690316,53.05274399846269],[8.369463733076458,52.981293266152456],[8.326593293690316,52.981293266152456],[8.240852414918031,53.03845385200064],[8.140821389683701,53.02416370553859],[7.897888899828896,53.09561443784883],[7.771582047073784,53.147281063786764],[7.833654386081426,53.209353402794406],[7.833654386081426,53.24038957229823],[7.864690555585248,53.27142574180205],[7.906072114923678,53.27142574180205],[7.947453674262105,53.28177113163666],[7.947453674262105,53.3438434706443],[7.895726725089069,53.38522502998273],[7.85434516575064,53.39557041981734],[7.875035945419855,53.436951979155765],[7.906072114923678,53.44729736899038],[7.87502889291447,53.63368572579089]]]]}},{"type":"Feature","properties":{"name":"Prussia","subject":"Prussia","partOf":"Prussia","borderPrecision":3,"color":"#b47c6f"},"geometry":{"type":"MultiPolygon","coordinates":[[[[18.96497634371875,54.227584444001955],[19.255003962126953,54.27719458194141],[19.733597788420898,54.46117361636524],[19.757716211882812,54.45917471499805],[19.317608866301757,54.271678529695315],[19.232062372771484,54.22207220645313],[19.230307612029296,54.166968904451174],[19.328099283782226,54.16145285220508],[19.456822428313476,54.216563783601565],[19.570403223245147,54.25508398112746],[19.68308233312221,53.85766291649878],[19.925122482824754,53.91817295392442],[20.076397576388842,53.58536774808342],[20.409202782229837,53.43409265451934],[20.560477875793925,53.82740789778597],[21.014303156486196,54.09970306620132],[20.469712819655474,54.34174321590387],[20.046142557676024,54.19046812233977],[19.914581807330855,54.394662508616506],[19.977538141814453,54.42394217105274],[20.188645395842773,54.521976076082034],[20.32671264132617,54.56400641055469],[20.19423201998828,54.57504614444141],[20.005703959075195,54.54745825381641],[19.938118967620117,54.608172975496096],[19.881810221282226,54.52537878604297],[19.833247217742187,54.53089865298633],[19.86316970309375,54.75173147769336],[19.9425707193291,54.849856935457034],[20.127097162810546,54.84564169497852],[20.79715064486621,54.817977510408205],[20.985203775969726,54.81164129825],[21.137343439666015,54.84545858950977],[21.191943201628906,54.959579072908205],[21.11334517916797,55.089244447664065],[21.22385314425586,55.11144980044727],[21.193121943083984,55.16635092349414],[21.162322077361328,55.22138174624805],[21.143034967986328,55.25583990664844],[21.20093253573535,55.26139410586719],[21.216296228972656,55.343665681794924],[21.01845076998828,55.634009920076174],[21.01481536349414,55.69705542178516],[20.995957407561523,56.024127565339846],[20.945448908416015,56.069957338289065],[21.275509614306223,55.861090711847424],[21.683967189178308,55.353470833438976],[22.583897003622813,55.009410861950805],[22.63162902316211,54.94866140933399],[22.79350760897754,54.90241201968555],[22.824341806975585,54.78678473086719],[22.72413161715625,54.732825838044924],[22.662463221160156,54.57094534488086],[22.670172724333984,54.49386175723438],[22.699036631194335,54.414901338533205],[22.739686595335,53.94989313984627],[22.8066465600312,53.807603214866845],[21.116757267450314,53.2687845135575],[20.702007162232004,53.32062827670979],[20.477350855238758,53.13053447848473],[20.097163258788644,53.18237824163702],[20.010756986868163,53.04412820656425],[19.804102407973485,53.52485771065779],[18.92670686530177,53.49460269194497],[18.805686790450498,53.73664284164751],[18.987216902727404,53.85766291649878],[18.96497634371875,54.227584444001955]]]]}},{"type":"Feature","properties":{"name":"Lombardy","subject":"Lombardy","partOf":"Lombardy","borderPrecision":3,"color":"#739b91"},"geometry":{"type":"MultiPolygon","coordinates":[[[[10.856080977908093,45.05067155043698],[10.393319124301868,45.02631566340508],[10.376652918577285,45.3743828896956],[10.67499426980646,45.353124882053535],[10.824432085154767,45.353124882053535],[10.856080977908093,45.05067155043698]]]]}},{"type":"Feature","properties":{"name":"Brandenburg","subject":"Prussia","partOf":"Brandenburg","borderPrecision":3,"color":"#b47c6f"},"geometry":{"type":"MultiPolygon","coordinates":[[[[11.13355857644501,51.51655133590339],[11.178217223607929,51.54632376734533],[11.170774115747442,51.60214707629898],[11.245205194352305,51.657970385252625],[11.390345797631788,51.650527277392136],[11.442447552655192,51.613311738089706],[11.520987130773808,51.45746864379753],[11.537683712840263,51.30719940519943],[11.420807638375068,51.30719940519943],[11.420807638375068,51.373985733465254],[11.287234981843419,51.357289151398795],[11.253841817710505,51.25710965900006],[11.203752071511136,51.27380624106651],[11.13696574324531,51.407378897598164],[11.086875997045942,51.407378897598164],[11.070179414979485,51.440772061731074],[11.13355857644501,51.51655133590339]]],[[[10.255238713176805,51.4302680168663],[10.233802225934133,51.47850011316231],[10.288400215479232,51.518538638828716],[10.46960358560352,51.489218356783645],[10.510466889409862,51.477160332709644],[10.519192206786425,51.26378829182664],[10.426562068336676,51.2362822984283],[10.255238713176805,51.4302680168663]]],[[[10.97269114557997,51.584342768923],[10.952594438789966,51.631235084766345],[10.892304318419951,51.637933987029676],[10.872207611629946,51.65133179155635],[10.832014198049936,51.61113837797634],[10.691337250519904,51.61783728023968],[10.597552618833216,51.564246062132995],[10.54999041276354,51.574964305754335],[10.528553925520868,51.60175991480767],[10.57142690000621,51.62319640205035],[10.538580669553731,51.66295762838756],[10.517835681899532,51.67678762015702],[10.474962707414189,51.649992011103684],[10.453526220171517,51.67678762015702],[10.416012367496842,51.655351132914355],[10.426730611118177,51.612478158429006],[10.389216758443503,51.59104167118634],[10.351702905768827,51.612478158429006],[10.325220599221343,51.575244629049045],[10.233802225934133,51.580323427565],[10.217724860502129,51.612478158429006],[10.180211007827452,51.596400792997],[10.130901950162798,51.60575765050363],[10.151422841538174,51.61601809619131],[10.151422841538174,51.63653898756669],[10.210820802394673,51.66292843835752],[10.19310639468437,51.76521313003303],[10.260095417317718,51.857323036153886],[10.293589928634393,51.815454897008046],[10.3187108121219,51.83220215266638],[10.343831695609405,51.80708126917888],[10.327084439951069,51.79870764134971],[10.335458067780236,51.773586757862205],[10.37732620692608,51.79870764134971],[10.368952579096911,51.82382852483722],[10.452688857388598,51.857323036153886],[10.486183368705271,51.82382852483722],[10.65425044004505,51.76022243167143],[10.665051132138458,51.7278203553912],[10.843262551679686,51.88443039074562],[10.578293274826127,52.09178461537061],[10.55317239133862,52.16714726583313],[10.578293274826127,52.175520893662295],[10.578293274826127,52.242509916295646],[10.55317239133862,52.27600442761232],[10.55317239133862,52.29275168327066],[10.502930624363609,52.35136707807484],[10.511304252192778,52.368114333733175],[10.511304252192778,52.39323521722068],[10.528051507851114,52.44347698419569],[10.569919646996958,52.44347698419569],[10.569919646996958,52.46022423985403],[10.536425135680282,52.46022423985403],[10.528051507851114,52.7365539582166],[10.55317239133862,52.80354298084994],[10.687150436605318,52.770048469533265],[10.703897692263656,52.82029023650828],[10.871370248847027,52.77842209736244],[10.896491132334534,52.7616748417041],[10.921612015822038,52.77842209736244],[10.98022741062622,52.71143307472909],[11.063963688917905,52.7616748417041],[11.080710944576243,52.74492758604576],[11.114205455892918,52.753301213874934],[11.09745820023458,52.77842209736244],[11.114205455892918,52.82029023650828],[11.147699967209592,52.81191660867911],[11.181194478526265,52.88727925914163],[11.080710944576243,52.97101553743332],[11.18685386622349,53.03865447052339],[11.219183209456638,53.03865447052339],[11.31617123915608,53.103313156989685],[11.348500582389228,53.1518071718394],[11.396994597238951,53.1518071718394],[11.461653283705244,53.08714848537311],[11.526311970171541,53.103313156989685],[11.510147298554966,53.11947782860626],[11.590970656637836,53.11947782860626],[11.639464671487556,53.1518071718394],[11.720288029570426,53.13564250022283],[11.752617372803574,53.345783231238286],[11.817276059269869,53.2164658583057],[11.86577007411959,53.24879520153885],[11.881934745736164,53.2164658583057],[11.914264088969311,53.24879520153885],[11.962758103819032,53.200301186689124],[12.092075476751623,53.200301186689124],[12.302216207767081,53.05481914213996],[12.350710222616803,53.070983813756534],[12.544686282015688,52.99016045567367],[12.787156356264294,52.89317242597422],[12.835650371114015,52.941666440823944],[12.932638400813458,52.9093370975908],[12.932638400813458,52.86084308274108],[13.078120445362622,52.828513739507926],[13.094285116979195,52.78001972465821],[13.029626430512902,52.74769038142506],[13.094285116979195,52.66686702334219],[13.255931833144935,52.61837300849247],[13.304425847994654,52.65070235172562],[13.191273146678638,52.79618439627478],[13.142779131828917,52.78001972465821],[13.142779131828917,52.87700775435765],[13.06195577374605,52.92550176920737],[13.06195577374605,52.99016045567367],[13.191273146678638,52.957831112440516],[13.272096504761507,53.02248979890681],[13.417578549310672,53.00632512729024],[13.49840190739354,53.11947782860626],[13.530731250626687,53.08714848537311],[13.611554608709557,53.28112454477199],[13.724707310025572,53.28112454477199],[13.75703665325872,53.42660658932116],[13.692377966792426,53.42660658932116],[13.773201324875295,53.47510060417088],[14.025393833825296,53.43409265451934],[14.025393833825296,53.13154246739116],[14.176668927389384,53.13154246739116],[14.448964095804744,53.31307257966807],[14.537060770598632,53.538165651277346],[14.495303186980468,53.624793611482424],[14.565300974456054,53.6935993060625],[14.55694011172412,53.75988348575],[14.482524904814941,53.81853064151172],[14.472936663237792,53.87677725406055],[14.467412027922851,53.910350404695315],[14.580244322320926,53.92901809095972],[14.885758432952148,53.979564271882815],[15.07968238314746,54.00251730533008],[15.311689409819824,54.071002565339846],[15.89836028536914,54.128402315095705],[16.114680323210937,54.19960745425586],[16.473248514739257,54.4150348529375],[16.9759016366875,54.54930838199024],[17.657612833586914,54.685462556794924],[17.746761135501878,54.43250827204232],[17.111405742532707,54.12995808491414],[16.990385667681434,54.19046812233977],[16.687835480553257,54.03919302877569],[16.808855555404527,53.85766291649878],[16.808855555404527,53.46434767323215],[16.65758046184044,53.85766291649878],[16.20375518114817,53.706387822934694],[16.415540312137896,53.52485771065779],[16.20375518114817,53.34332759838088],[16.05312067396849,52.71644728705461],[15.843905101321067,52.7102938878591],[15.815994659012382,52.57074167631567],[15.760173774395009,52.57074167631567],[15.764534781005738,52.26547121356442],[15.229875370529975,52.20790592630275],[15.200188659714534,51.98525559518695],[14.526129794717798,51.886117998885204],[14.509253713321849,51.962060365166984],[14.551443916811722,52.27426787099205],[14.323616817966402,52.27426787099205],[14.323616817966402,52.33333415587787],[14.137979922610954,52.27426787099205],[14.053599515631205,52.324896115179904],[14.011409312141332,52.14769726052243],[13.859524579577783,52.14769726052243],[13.80045829469196,52.06331685354268],[13.602839381545387,52.11124492470718],[13.38682553967723,52.05184111819344],[13.397626231770637,52.25165392192148],[13.246416542462928,52.230052537734664],[13.106007545248627,52.240853229828076],[13.141109794552202,52.04644077214673],[12.579473805694995,52.09504388656707],[12.36345996382684,52.06264181028684],[12.18524854428561,52.07344250238025],[12.106943526608402,52.1382466549407],[12.139345602888627,52.18684976936104],[12.106943526608402,52.20305080750115],[11.939532799160581,52.1382466549407],[11.815324840086392,52.15444769308081],[11.833210715330727,52.07478442543986],[11.792273622098051,52.05617665578865],[11.688070112051243,51.95197314574183],[11.702956327772215,51.94453003788135],[11.676905450260513,51.91847916036965],[11.587588155934677,51.91847916036965],[11.498270861608841,51.82916186604381],[11.416396675143492,51.83288341997405],[11.390345797631788,51.76961700315992],[11.282420733654737,51.76217389529943],[11.256369856143035,51.79566788067162],[11.181938777538171,51.777060111020404],[11.167052561817199,51.803110988532104],[11.066570605700633,51.74728767957846],[11.126115468584523,51.57981775271752],[11.059127497840146,51.55748842913606],[10.97269114557997,51.584342768923]]],[[[8.109042514660944,52.39891367123485],[8.187142679245195,52.37938863008878],[8.245717802683384,52.43796375352697],[8.499543337582196,52.45748879467303],[8.558118461020385,52.34033854779666],[8.655743666750698,52.34033854779666],[8.811943995919197,52.45748879467303],[8.870519119357386,52.45748879467303],[8.71931720072228,52.22303210059111],[8.7693013060562,52.06308296352257],[8.579361705787303,52.043089321389004],[8.59935534792087,51.853149721120104],[8.539374421520165,51.84315290005332],[8.049530189247747,51.91313064752081],[8.089517473514883,52.05308614245578],[8.17948886311594,52.05308614245578],[8.199482505249508,52.11306706885649],[8.109042514660944,52.39891367123485]]],[[[7.248300600777922,52.607597311003964],[7.384975888800359,52.607597311003964],[7.502126135676735,52.353771776105155],[7.697376547137361,52.25614657037484],[7.736426629429486,51.90469582974571],[7.541176217968861,52.00232103547602],[7.502126135676735,52.19757144693665],[7.248300600777922,52.373296817251216],[7.189725477339733,52.556832204024204],[7.248300600777922,52.607597311003964]]],[[[6.971045016503831,51.5883901631795],[7.174105444422883,51.666490327763746],[7.627086399011536,51.697730393597446],[7.908246991514838,51.682110360680596],[8.048827287766489,51.432189834011],[7.970727123182238,51.432189834011],[7.720806596512636,51.51028999859525],[7.658326464845237,51.26036947192564],[7.877006925681137,51.072929076923444],[7.908246991514838,50.963588846505495],[7.767666695263187,50.838628583170696],[7.548986234427286,50.869868649004395],[7.299065707757684,50.838628583170696],[7.064765214004932,51.432189834011],[7.002285082337532,51.432189834011],[6.971045016503831,51.5883901631795]]],[[[6.222278151122314,51.389102540925784],[6.153822455016357,51.52067144961719],[6.1168608995354,51.63985785098438],[5.947897944060546,51.72167166324024],[5.979368242827636,51.80352743716602],[6.13267425021289,51.83843573184375],[6.211378130522949,51.87994345279102],[6.381445440856201,51.81990011783008],[6.486823996081479,51.744590492347996],[6.643024325249979,51.744590492347996],[6.76798458858478,51.63525026193005],[6.721124489834231,51.51028999859525],[6.76798458858478,51.41656980109415],[6.62740429233313,51.41656980109415],[6.62740429233313,51.54153006442895],[6.580544193582579,51.60401019609635],[6.486823996081479,51.5883901631795],[6.439963897330928,51.44780986692785],[6.330623666912978,51.38532973526045],[6.222278151122314,51.389102540925784]]]]}},{"type":"Feature","properties":{"name":"Hanover","subject":"Hanover","partOf":"Hanover","borderPrecision":3,"color":"#b69578"},"geometry":{"type":"MultiPolygon","coordinates":[[[[9.351096907418476,51.598234200075204],[9.472162533086625,51.64400291221804],[9.554552238218132,51.636991022419615],[9.724538119758456,51.622524138884266],[9.783604746426333,51.559877716660765],[9.823088579532138,51.55445542206518],[9.853869916595205,51.55445542206518],[9.864130362282893,51.61601809619131],[9.905172145033646,51.61601809619131],[9.915432590721336,51.63653898756669],[9.946213927784402,51.58523675912825],[9.987255710535155,51.56471586775287],[9.987255710535155,51.595497204815935],[9.95647437347209,51.61601809619131],[9.987255710535155,51.657059878942064],[10.018037047598222,51.657059878942064],[10.02829749328591,51.64679943325438],[10.048818384661288,51.64679943325438],[10.079599721724353,51.63653898756669],[10.079599721724353,51.626278541879],[10.151422841538174,51.63653898756669],[10.151422841538174,51.61601809619131],[10.130901950162798,51.60575765050363],[10.180211007827452,51.596400792997],[10.201647495070125,51.564246062132995],[10.196288373259456,51.52673220945832],[10.151873936630981,51.5116092589432],[10.161683287225863,51.472371856563676],[10.10012061309973,51.45185096518829],[10.089860167412041,51.48263230225136],[9.976995264847467,51.44159051950061],[9.976995264847467,51.400548736749855],[9.894911699345958,51.39028829106216],[9.792307242469072,51.33898606262372],[9.730744568342942,51.34924650831141],[9.648661002841433,51.30820472556066],[9.573957899610292,51.31035172894097],[9.594373281170483,51.2388978934803],[9.471880991809336,51.25931327504049],[9.502504064149623,51.351182492061355],[9.451465610249144,51.38180556440164],[9.420842537908857,51.45325939986231],[9.441257919469049,51.494090162982694],[9.410634847128762,51.55533630766327],[9.380011774788475,51.514505544542885],[9.351096907418476,51.598234200075204]]],[[[8.640594793180789,53.01279099593687],[8.679329916455142,52.78285408033102],[9.049212295926154,52.842835006731725],[9.179170969794345,52.81284454353138],[9.249148717261836,52.78285408033102],[9.339120106862891,52.722873153930315],[9.429091496463947,52.80284772246459],[9.489072422864652,52.942803217399565],[9.968919834070288,53.062765070200975],[9.97891665513707,53.162733280868814],[9.938929370869936,53.182726923002384],[9.92893254980315,53.202720565135955],[9.838961160202095,53.22271420726952],[9.72899612846747,53.27269831260344],[9.679012023133549,53.38266334433806],[9.699005665267117,53.45264109180555],[9.752260187362955,53.50320621034047],[10.02290732538806,53.45455054507754],[10.051981965468086,53.48362518515756],[10.117399905648142,53.476356525137554],[10.073787945528103,53.51269982523758],[10.008370005348048,53.51269982523758],[9.942952065167992,53.59992374547766],[10.073787945528103,53.65807302563771],[10.124668565668149,53.59265508545766],[10.357265686308349,53.61446106551767],[10.357265686308349,53.759834265917796],[10.576833459945648,53.88542686311724],[10.584234908357617,53.8533539199987],[10.5583714337711,53.77576349623915],[10.635961857530653,53.711104809772856],[10.661825332117171,53.68524133518633],[10.722668096103487,53.610830846826765],[10.530147616772709,53.570416139998606],[10.510622575626645,53.53136605770648],[10.754139459238667,53.28921339494172],[10.846249365359522,53.23059800013754],[10.846249365359522,53.197103488820865],[10.904864760163703,53.155235349675024],[10.888117504505365,53.222224372308375],[10.938359271480376,53.23897162796671],[10.98022741062622,53.197103488820865],[10.98022741062622,53.16360897750419],[11.080710944576243,52.97101553743332],[11.181194478526265,52.88727925914163],[11.147699967209592,52.81191660867911],[11.114205455892918,52.82029023650828],[11.09745820023458,52.77842209736244],[11.114205455892918,52.753301213874934],[11.080710944576243,52.74492758604576],[11.063963688917905,52.7616748417041],[10.98022741062622,52.71143307472909],[10.921612015822038,52.77842209736244],[10.896491132334534,52.7616748417041],[10.871370248847027,52.77842209736244],[10.703897692263656,52.82029023650828],[10.687150436605318,52.770048469533265],[10.55317239133862,52.80354298084994],[10.528051507851114,52.7365539582166],[10.536425135680282,52.46022423985403],[10.569919646996958,52.46022423985403],[10.569919646996958,52.44347698419569],[10.528051507851114,52.44347698419569],[10.511304252192778,52.39323521722068],[10.511304252192778,52.368114333733175],[10.502930624363609,52.35136707807484],[10.55317239133862,52.29275168327066],[10.55317239133862,52.27600442761232],[10.578293274826127,52.242509916295646],[10.578293274826127,52.175520893662295],[10.55317239133862,52.16714726583313],[10.07888486580491,52.19304163739076],[9.898942086602798,52.25302256379147],[9.75898659166782,52.25302256379147],[9.619031096732844,52.31300349019217],[9.529059707131788,52.2330289216579],[9.40909785433038,52.22303210059111],[9.419094675397163,51.993105216055085],[9.319126464729322,51.9831083949883],[9.299132822595755,52.03309250032222],[9.219158254061483,52.05308614245578],[9.229155075128267,51.923127468587595],[9.159177327660778,51.94312111072116],[9.119190043393642,52.093073426722924],[9.049212295926154,52.13306071099006],[9.099196401260073,52.37298441659288],[9.007194407379824,52.43796375352697],[8.948619283941637,52.41843871238091],[8.870519119357386,52.45748879467303],[8.811943995919197,52.45748879467303],[8.655743666750698,52.34033854779666],[8.558118461020385,52.34033854779666],[8.499543337582196,52.45748879467303],[8.245717802683384,52.43796375352697],[8.187142679245195,52.37938863008878],[8.109042514660944,52.39891367123485],[8.109042514660944,52.69178928842579],[8.206667720391257,52.69178928842579],[8.187142679245195,52.926089782178536],[8.140821389683701,53.02416370553859],[8.240852414918031,53.03845385200064],[8.326593293690316,52.981293266152456],[8.369463733076458,52.981293266152456],[8.326593293690316,53.05274399846269],[8.506104725330895,53.033481775606084],[8.640594793180789,53.01279099593687]]],[[[14.24789527377246,53.815963350251955],[14.22724154910205,53.90951117129688],[14.305262598601562,53.91501959414844],[14.424838099089843,53.91501959414844],[14.472936663237792,53.87677725406055],[14.459070238677246,53.81871374698047],[14.33385947665332,53.8297191485918],[14.24789527377246,53.815963350251955]]]]}},{"type":"Feature","properties":{"name":"Genoa","subject":"Genoa","partOf":"Genoa","borderPrecision":3,"color":"#8f9a74"},"geometry":{"type":"MultiPolygon","coordinates":[[[[9.825498048980155,44.152548314253266],[9.691935572234375,44.219600282625],[9.157044443694335,44.37323721499805],[8.896585497466308,44.43718679995899],[8.671724352446777,44.417403779939455],[8.186360392180664,44.12639959903125],[8.089567661878178,44.05082949636362],[7.961675305129736,44.2222239127292],[7.76902443552194,44.36671206493505],[7.849295631191856,44.463037499738945],[7.913512587727787,44.414874782336994],[8.218543131273464,44.67174260848072],[8.250651609541428,44.73595956501666],[8.363031283479309,44.71990532588267],[8.395139761747275,44.80017652155259],[8.491465196551173,44.80017652155259],[8.555682153087105,44.864393478088516],[8.700170305292952,44.81623076068657],[8.764387261828883,44.864393478088516],[9.130803511207283,44.78858202407104],[9.230428721439488,44.77197782236568],[9.296845528260956,44.53951899849053],[9.363262335082426,44.5561232001959],[9.396470738493163,44.439893788258324],[9.479491747019999,44.47310219166906],[9.5724396643412,44.43695577937748],[9.778367377716615,44.35687277973149],[9.828179982832717,44.29045597291002],[9.877992587948821,44.29045597291002],[9.825498048980155,44.152548314253266]]]]}},{"type":"Feature","properties":{"name":"Sardinia","subject":"Austrian Empire","partOf":"Sardinia","borderPrecision":3,"color":"#b47c6f"},"geometry":{"type":"MultiPolygon","coordinates":[[[[8.819559130278808,38.976913057283205],[8.696099314299804,38.99581106753711],[8.582376513091308,39.06576880069141],[8.417174372283203,39.212203584626955],[8.374221834746582,39.307845674470705],[8.465033564177734,39.639937959626955],[8.508480105010253,39.946475587800784],[8.487975153533203,40.20879705996875],[8.428189310637695,40.464854799226565],[8.201552424041015,40.66299780459766],[8.159486803618652,40.7846752032793],[8.240707430449707,40.85533865542774],[8.405552897063476,40.86208304019336],[8.766072306243164,40.8628002032793],[8.918423685637695,40.94002493472461],[9.306203875151855,41.18444784732227],[9.59085181674121,40.902911745027346],[9.793739351836425,40.56368216128711],[9.787847551909667,40.44195517154102],[9.69572356661914,40.31368979068164],[9.630800280181152,40.09585531802539],[9.698009523955566,39.69349630923633],[9.648338350859863,39.45721396060352],[9.478920015898925,39.14415701480274],[9.29627517184375,39.23312338443164],[9.062541994658691,39.21989019961719],[8.998516115752441,39.175094209626955],[8.931367907134277,39.05370291324024],[8.819559130278808,38.976913057283205]]]]}},{"type":"Feature","properties":{"name":"Naples","subject":"Austrian Empire","partOf":"Naples","borderPrecision":3,"color":"#b47c6f"},"geometry":{"type":"MultiPolygon","coordinates":[[[[14.076401988875073,42.6337763953921],[14.092769655791503,42.60952719302539],[14.404933008757812,42.35311087222461],[14.519309076873046,42.22970160098438],[14.719955477324707,42.141761384919924],[14.738527330962402,42.047156892732424],[14.922405275908691,41.97177084536914],[15.44860557040332,41.856727205232424],[16.012843165007812,41.90432318301563],[16.187411341277343,41.84086187930469],[16.19841483554004,41.745669923738284],[15.98914626559375,41.634646974519534],[15.87325385531543,41.50214346499805],[15.991044077483398,41.40614279361133],[16.420268091765625,41.278724275544924],[16.945963892546875,41.093814454988284],[17.31927207430957,40.92925222964649],[18.03391936740039,40.59665258975391],[18.05994132479785,40.513534151033205],[18.383612665740234,40.307750307039065],[18.5226488443291,40.09413107486133],[18.43367866000293,39.89840658755664],[18.36491874179004,39.746722780183596],[18.160130533782226,39.87313421817188],[18.01706794222949,39.947894655183596],[17.967745813933593,40.16689261050586],[17.849604639617187,40.24349554629688],[17.619149241057617,40.2878375873125],[17.40165046176074,40.29192694278125],[17.204171213713867,40.39794119449024],[17.24280265292285,40.49576147647266],[17.084080729094726,40.52511175723438],[16.948712381926757,40.481090150789065],[16.844130549041015,40.363135896638674],[16.727564844695312,40.183604799226565],[16.604413065520507,40.089908204988284],[16.623852762786132,39.96775396914844],[16.535006556121093,39.83156546206836],[16.53210166415332,39.697513185457034],[16.87398627719043,39.543651185945315],[17.149069819060546,39.42180212588672],[17.10741904696582,39.28047140689258],[17.120997461882812,39.08602102847461],[17.180712732878906,39.02220877261524],[17.09468940219043,38.915023408845705],[16.79769996127246,38.92585714908008],[16.613329920378906,38.82732733340625],[16.522202524749023,38.72502478213672],[16.572001490203125,38.45711859317188],[16.33069327792285,38.320743165925784],[16.052943262664062,37.93117483706836],[15.785237345305664,37.909705720857424],[15.710227045623046,37.94143637271289],[15.62747577151416,38.00421103091602],[15.626577410308105,38.23308142276172],[15.790868792144042,38.296397767976565],[15.933466944304687,38.53991659732227],[15.827300104705078,38.62273367495899],[15.989846262541992,38.73476370425586],[16.152209314910156,38.70126684756641],[16.212225946990234,38.77795370669727],[16.17720893344043,38.93099173159961],[16.082562479583007,39.01247366519336],[15.989552530852539,39.4283519610918],[15.824671778289062,39.660628877595705],[15.757021936980468,39.93362768741016],[15.666200670806152,40.091861329988284],[15.51592448672412,40.06594809146289],[15.432033571807128,39.988971315339846],[15.027263674346191,40.212195955232424],[14.898671183196289,40.241458497957034],[14.99232009371875,40.37221869082813],[14.951005014983398,40.55147894473438],[14.74331763705371,40.70481451602344],[14.33412745913623,40.593604646638674],[14.349769625273925,40.64252432437305],[14.494590792266113,40.72996100039844],[14.370310816375,40.85147055240039],[14.239995989409667,40.852943025544924],[14.05087378939746,40.76751288028125],[13.94187835177539,40.99803503604297],[13.852500948516113,41.09095724673633],[13.797006640044433,41.19344671817188],[13.760507236170481,41.20669841632788],[13.813188392120914,41.318303867649234],[13.97923040917459,41.334908069354604],[13.995834610879957,41.35151227105997],[14.029043014290693,41.40132487617607],[13.96262620746922,41.46774168299754],[13.96262620746922,41.517554288113644],[13.929417804058488,41.63378370005122],[13.879605198942386,41.63378370005122],[13.879605198942386,41.66699210346195],[13.929417804058488,41.750013111988785],[13.863000997237016,41.783221515399525],[13.863000997237016,41.750013111988785],[13.64714637506724,41.79982571710489],[13.64714637506724,41.750013111988785],[13.597333769951138,41.79982571710489],[13.564125366540402,41.86624252392636],[13.630542173361873,41.93265933074783],[13.630542173361873,42.01568033927467],[13.580729568245768,42.048888742685406],[13.580729568245768,42.09870134780151],[13.414687551192095,42.19832655803371],[13.464500156308198,42.231534961444446],[13.414687551192095,42.36436857508738],[13.547521164835034,42.430785381908855],[13.630542173361873,42.53041059214106],[13.71356318188871,42.39757697849812],[13.763375787004811,42.463993785319595],[13.829792593826284,42.48059798702496],[13.829792593826284,42.5636189955518],[13.929417804058488,42.53041059214106],[13.995834610879957,42.6134316006679],[14.076401988875073,42.6337763953921]]]]}},{"type":"Feature","properties":{"name":"Sicily","subject":"Savoy-Piedmont","partOf":"Sicily","borderPrecision":3,"color":"#b47c6f"},"geometry":{"type":"MultiPolygon","coordinates":[[[[14.942398104277832,36.738563142732424],[14.622022661772949,36.776141725496096],[14.21591285189746,37.0493236407793],[13.868404421416503,37.15695150943164],[13.01156714877246,37.52489431949024],[12.636879000273925,37.581500612214846],[12.532035860625488,37.63867148013477],[12.454147371855957,37.766009889558596],[12.516644510833007,37.91916998477344],[12.664325747100097,38.07249792666797],[12.782839808074218,38.11737783999805],[13.06595233401416,38.066932283357424],[13.322475466338378,38.22051199527149],[13.627963099089843,38.02980764956836],[13.80953029116748,37.966415010408205],[14.134472879973632,37.973453126863284],[14.765865358916503,38.0576129779375],[15.386741671172363,38.20554693789844],[15.453687700835449,38.16741522403125],[15.472892794219238,38.110057435945315],[15.422523531523925,38.05257376284961],[15.181032213774902,37.68228109927539],[15.112180742827636,37.45903357119922],[15.116248163787109,37.286944948152346],[15.301346811858398,37.057899080232424],[15.220631632415039,37.000377260164065],[15.027343782988769,36.74511679263477],[14.942398104277832,36.738563142732424]]]]}},{"type":"Feature","properties":{"name":"Lübeck","subject":"Lübeck","partOf":"Lübeck","borderPrecision":3,"color":"#b47c6f"},"geometry":{"type":"MultiPolygon","coordinates":[[[[10.883711053681196,53.88237572106904],[10.89350602717936,53.884426423070174],[10.960404311982023,53.89843242794023],[11.15137771090625,53.93841513247852],[11.202488932219726,53.85678442569141],[11.407822641936523,53.859290681794924],[11.565019640532714,54.035384736970705],[12.04107383212207,54.096656404451174],[12.311884913054687,54.201942048982424],[12.46253656621695,54.25478611729922],[12.706332998181425,54.08935812560068],[12.90030905758031,54.02469943913439],[12.851815042730589,53.94387608105152],[12.90030905758031,53.92771140943495],[12.77099168464772,53.70140600680291],[12.884144385963737,53.68524133518634],[12.981132415663179,53.73373535003606],[13.013461758896327,53.73373535003606],[13.142779131828917,53.78222936488578],[13.175108475062064,53.66907666356976],[13.11044978859577,53.620582648720045],[13.11044978859577,53.57208863387032],[13.207437818295212,53.620582648720045],[13.255931833144935,53.57208863387033],[13.401413877694097,53.70140600680291],[13.482237235776967,53.70140600680291],[13.530731250626687,53.63674732033662],[13.563060593859834,53.63674732033662],[13.611554608709557,53.66907666356976],[13.805530668108442,53.60441797710347],[13.773201324875295,53.47510060417088],[13.692377966792426,53.42660658932116],[13.75703665325872,53.42660658932116],[13.724707310025572,53.28112454477199],[13.611554608709557,53.28112454477199],[13.530731250626687,53.08714848537311],[13.49840190739354,53.11947782860626],[13.417578549310672,53.00632512729024],[13.272096504761507,53.02248979890681],[13.191273146678638,52.957831112440516],[13.06195577374605,52.99016045567367],[13.06195577374605,52.92550176920737],[13.142779131828917,52.87700775435765],[13.142779131828917,52.78001972465821],[13.191273146678638,52.79618439627478],[13.304425847994654,52.65070235172562],[13.255931833144935,52.61837300849247],[13.094285116979195,52.66686702334219],[13.029626430512902,52.74769038142506],[13.094285116979195,52.78001972465821],[13.078120445362622,52.828513739507926],[12.932638400813458,52.86084308274108],[12.932638400813458,52.9093370975908],[12.835650371114015,52.941666440823944],[12.787156356264294,52.89317242597422],[12.544686282015688,52.99016045567367],[12.350710222616803,53.070983813756534],[12.302216207767081,53.05481914213996],[12.092075476751623,53.200301186689124],[11.962758103819032,53.200301186689124],[11.914264088969311,53.24879520153885],[11.881934745736164,53.2164658583057],[11.86577007411959,53.24879520153885],[11.817276059269869,53.2164658583057],[11.752617372803574,53.345783231238286],[11.720288029570426,53.13564250022283],[11.639464671487556,53.1518071718394],[11.590970656637836,53.11947782860626],[11.510147298554966,53.11947782860626],[11.526311970171541,53.103313156989685],[11.461653283705244,53.08714848537311],[11.396994597238951,53.1518071718394],[11.348500582389228,53.1518071718394],[11.31617123915608,53.103313156989685],[11.219183209456638,53.03865447052339],[11.18685386622349,53.03865447052339],[11.080710944576243,52.97101553743332],[10.98022741062622,53.16360897750419],[10.98022741062622,53.197103488820865],[10.938359271480376,53.23897162796671],[10.888117504505365,53.222224372308375],[10.904864760163703,53.155235349675024],[10.846249365359522,53.197103488820865],[10.846249365359522,53.23059800013754],[10.754139459238667,53.28921339494172],[10.510622575626645,53.53136605770648],[10.530147616772709,53.570416139998606],[10.722668096103487,53.610830846826765],[10.661825332117171,53.68524133518633],[10.635961857530653,53.711104809772856],[10.5583714337711,53.77576349623915],[10.584234908357617,53.8533539199987],[10.576833459945648,53.88542686311724],[10.357265686308349,53.759834265917796],[10.357265686308349,53.61446106551767],[10.124668565668149,53.59265508545766],[10.073787945528103,53.65807302563771],[9.942952065167992,53.59992374547766],[9.790310204747861,53.69441632573774],[9.790310204747861,53.59265508545766],[9.752260187362955,53.50320621034047],[9.48401853100967,53.53769617022281],[9.125039133635742,53.790477357820315],[8.857097658721191,53.866988740876955],[8.818971666899902,53.969039522126955],[8.946340593901855,54.014972291902346],[8.832654032317382,54.066016756013674],[8.778787645903808,54.132403932527346],[8.853296312895996,54.168155275300784],[8.884012255278808,54.229449830964846],[8.961682962467147,54.27590912733824],[9.05617554272723,54.3485957275383],[9.136130802947298,54.29771510739826],[9.165205443027324,54.31952108745828],[9.216086063167367,54.29044644737825],[9.259698023287404,54.304983767418264],[9.296041323387435,54.24683448725822],[9.44141452378756,54.24683448725822],[9.448683183807567,54.18868520709817],[9.674011644427761,54.18868520709817],[9.739429584607816,54.27590912733824],[9.826653504847892,54.27590912733824],[9.884802785007942,54.25410314727822],[10.141728434172851,54.33675345034961],[10.21287730654834,54.37191732974414],[10.340239557830078,54.362315736726565],[10.445974382964355,54.29203375430469],[10.648594889250976,54.258975587800784],[11.03860572299121,54.313251100496096],[11.0730057092583,54.21963080020313],[11.041366610137207,54.15269812198047],[11.01588729342578,54.096656404451174],[10.716716799346191,53.963931642488284],[10.770921983476129,53.930865647702795],[10.858920130339843,53.87718542666797],[10.883711053681196,53.88237572106904]]]]}},{"type":"Feature","properties":{"name":"Montenegro","subject":"Montenegro","partOf":"Montenegro","borderPrecision":3,"color":"#8aa0a8"},"geometry":{"type":"MultiPolygon","coordinates":[[[[18.909899744597656,42.217792116121096],[18.52864364108203,42.35274466128711],[18.66762357704663,42.83687606060823],[18.868511447145995,42.92297086207939],[19.040701050088305,42.83687606060823],[19.126795851559464,42.89427259492234],[19.012002782931255,43.06646219786465],[19.18419238587357,43.15255699933581],[19.413778523129988,43.00906566355055],[19.413778523129988,42.92297086207939],[19.5859681260723,43.06646219786465],[19.815554263328718,42.86557432776529],[19.44247679028704,42.57859165619477],[19.24158892018767,42.66468645766592],[19.24158892018767,42.320307251781294],[18.909899744597656,42.217792116121096]]]]}},{"type":"Feature","properties":{"name":"Polish–Lithuanian Commonwealth","subject":"Polish–Lithuanian Commonwealth","partOf":"Polish–Lithuanian Commonwealth","borderPrecision":3,"color":"#b69578"},"geometry":{"type":"MultiPolygon","coordinates":[[[[23.624911832974725,56.876612423429826],[24.02682132659969,56.54200576346283],[25.674652626062873,56.62933382823797],[25.856034828943475,56.55690032167993],[28.09070157816403,56.748443185898836],[29.51794622544137,58.07518298196989],[29.995166325687176,58.20533391840056],[30.47238642593298,57.77149746363165],[30.385619134979198,57.29427736338584],[31.16652475356324,56.730289972186256],[31.556977562855266,57.03397549052449],[32.07758130857796,56.77367361766314],[31.860663081193497,55.9927679990791],[31.20990839904013,55.73246612621775],[31.253292044517025,55.602315189787085],[31.513593917378373,55.55893154431019],[31.730512144762827,54.95156050763371],[31.426826626424592,54.908176862156814],[31.556977562855266,54.30080582548034],[32.20773224500863,54.43095676191101],[32.468034117869976,53.08606375212738],[31.3834429809477,53.25959833403495],[31.29667568999392,52.955912815696706],[31.3834429809477,52.001472615205095],[30.55915371688676,51.827938033297535],[30.47238642593298,51.65440345138997],[30.342235489502308,51.39410157852862],[30.47238642593298,50.09259221422188],[30.51577007140987,49.96244127779121],[31.513593917378373,49.96244127779121],[31.513593917378373,49.70213940492986],[33.55262525479226,48.87785014086892],[32.3812668269162,48.4873973315769],[31.16652475356324,48.617548268007575],[31.16652475356324,48.27047910419244],[31.079757462609457,48.18371181323866],[31.079757462609457,47.79325900394664],[30.949606526178783,47.61972442203907],[29.865015389256502,47.61972442203907],[29.77824809830272,46.79543515797814],[29.426659831176035,46.81607540680601],[29.115597252262305,47.282669275176595],[28.90822219965315,47.818388161083575],[28.426790289144513,48.09737613564061],[28.41541579684375,48.08221014590625],[28.387043985930664,48.10490759463672],[28.387043985930664,48.138953767732424],[28.347323450652343,48.15030249209766],[28.301928553191406,48.133277498201174],[28.318951639739257,48.15597494693164],[28.358672175017578,48.20136984439258],[28.347323450652343,48.2297435626543],[28.29625419100879,48.2297435626543],[28.216813120452148,48.212718568757815],[28.160069498625976,48.22406729312305],[28.11467460116504,48.218394838289065],[28.080628428069335,48.25244101138477],[28.057930979338867,48.28081091494922],[28.01253608187793,48.30918463321094],[27.944443735686523,48.31486090274219],[27.882025751677734,48.33755835147266],[27.819605860320312,48.39430197329883],[27.72314170321582,48.43402060122852],[27.70611861666797,48.43969687075977],[27.647770708013145,48.75157589782475],[27.485758948162246,48.75157589782475],[27.485758948162246,48.6705700178993],[27.107731508510145,48.83258177775021],[27.107731508510145,48.643568057924156],[26.98940102500732,48.68075763845361],[26.524239254288243,48.826951337822464],[26.16266290937989,48.9405896176508],[26.359736273937703,48.12496176696638],[26.12346912415514,48.12496176696638],[26.12346912415514,47.85494216721488],[25.78594462446576,47.95619951712169],[25.380915224838507,47.85494216721488],[25.24590542496276,47.68617991737019],[24.796180495588413,47.80665917393524],[24.886945551726864,47.89742423007369],[24.735670458162776,48.23022943591469],[24.342355214896145,48.35124951076595],[24.16082510261924,48.98660490373513],[23.888529934203877,49.25890007215049],[21.770678624306637,49.59170527799148],[21.770678624306637,49.74298037155557],[21.31685334361437,49.86400044640684],[21.286598324901554,49.77323539026839],[21.135323231337463,49.833745427694026],[20.984048137773375,49.74298037155557],[20.893283081634923,49.833745427694026],[20.80251802549647,49.833745427694026],[20.893283081634923,49.74298037155557],[20.6814979506452,49.652215315417116],[20.53022285708111,49.803490408981204],[20.348692744804204,49.74298037155557],[20.01588753896321,49.803490408981204],[19.894867464111936,49.470685203140214],[19.71333735183503,49.53119524056584],[19.56206225827094,49.53119524056584],[19.56206225827094,49.71272535284275],[19.380532145994035,49.803490408981204],[19.138491996291496,49.71272535284275],[19.108236977578674,49.59170527799148],[18.92670686530177,49.6219602967043],[18.89645184658895,49.71272535284275],[18.79631522616504,49.71344717593555],[18.769068769057146,50.17698804082737],[18.74563352241608,50.266041978063406],[18.646036580345903,50.64451035793008],[18.140061199789763,50.98765893485682],[17.639767623620585,51.4368799575253],[17.552547491405942,51.65493028806191],[17.29088709476201,51.78576048638388],[17.203666962547363,51.61132022195459],[16.85478643368879,51.65493028806191],[16.85478643368879,51.916590684705845],[16.50590590483021,52.17825108134978],[16.50590590483021,52.003810816920485],[16.095099082099242,52.124174599376694],[15.764534781005738,52.26547121356442],[15.760173774395009,52.57074167631567],[15.815994659012382,52.57074167631567],[15.843905101321067,52.7102938878591],[16.05312067396849,52.71644728705461],[16.20375518114817,53.34332759838088],[16.415540312137896,53.52485771065779],[16.20375518114817,53.706387822934694],[16.65758046184044,53.85766291649878],[16.808855555404527,53.46434767323215],[16.808855555404527,53.85766291649878],[16.687835480553257,54.03919302877569],[16.990385667681434,54.19046812233977],[17.111405742532707,54.12995808491414],[17.746761135501878,54.43250827204232],[17.657612833586914,54.685462556794924],[18.279448542205078,54.72412069888477],[18.759530100432617,54.536414705232424],[18.362916025725585,54.66889151187305],[18.338496241179687,54.602645479158205],[18.453806910125,54.52537878604297],[18.513155970183593,54.315780244783205],[18.673077616301757,54.25514181704883],[18.96497634371875,54.227584444001955],[18.987216902727404,53.85766291649878],[18.805686790450498,53.73664284164751],[18.92670686530177,53.49460269194497],[19.804102407973485,53.52485771065779],[20.010756986868163,53.04412820656425],[20.097163258788644,53.18237824163702],[20.477350855238758,53.13053447848473],[20.702007162232004,53.32062827670979],[21.116757267450314,53.2687845135575],[22.8066465600312,53.807603214866845],[22.739686595335,53.94989313984627],[22.699036631194335,54.414901338533205],[22.670172724333984,54.49386175723438],[22.662463221160156,54.57094534488086],[22.72413161715625,54.732825838044924],[22.824341806975585,54.78678473086719],[22.79350760897754,54.90241201968555],[22.63162902316211,54.94866140933399],[22.583897003622813,55.009410861950805],[21.683967189178308,55.353470833438976],[21.275509614306223,55.861090711847424],[20.945448908416015,56.069957338289065],[20.91600707491992,56.09667166324024],[20.9490461679375,56.473189912751955],[20.96482757052539,56.60902365298633],[21.02205184420703,56.683875642732424],[21.32437995394824,56.854415498689455],[21.339747461882812,57.17707022281055],[21.459588083831054,57.24960669131641],[21.579514536467773,57.37260016055469],[21.67733100375293,57.46365698428516],[21.810254129973632,57.475379548982424],[22.28540328463672,57.565040193513674],[22.35992721041797,57.58566626162891],[22.432965311614257,57.615558229402346],[22.56363776644824,57.615558229402346],[22.585421595183593,57.508651338533205],[22.881373438445312,57.334144197419924],[23.070889505950195,57.26131781192188],[23.174664530364257,57.04849203677539],[23.215449366179687,56.98066671939258],[23.414469751921875,56.892413698152346],[23.624911832974725,56.876612423429826]]]]}},{"type":"Feature","properties":{"name":"Safavid Empire","subject":"Safavid Empire","partOf":"Safavid Empire","borderPrecision":3,"color":"#8b7fa6"},"geometry":{"type":"MultiPolygon","coordinates":[[[[66.30008986910937,25.494687639192385],[65.76880172213671,25.309339128450198],[65.21567061862109,25.270059190706057],[64.85119155367968,25.20576437564258],[64.4249754281914,25.17311628909473],[64.23826125582812,25.210826478914065],[64.12006667575,25.312226854280276],[64.05922225436328,25.40103491397266],[63.650332483855465,25.336646638826174],[63.40352538546679,25.164601884797854],[63.01806167086718,25.157439790681643],[62.44957259616015,25.1625991687334],[62.13830092867968,25.104774080232424],[61.81326583346484,25.05325659366016],[61.56996444186328,25.03957136721973],[61.34399321993945,25.026860795930666],[60.85827544650195,25.095714174226565],[60.75223067721484,25.18442877383594],[60.479590448943355,25.29820593448047],[60.29817870577929,25.32323607058887],[59.65458587130664,25.321876131013674],[59.302092585173824,25.34019621463184],[59.03145888766406,25.307866655305666],[58.81800750216601,25.478932939485354],[58.74442580660937,25.535960756257815],[58.36867812594531,25.54787977786426],[58.10963729342578,25.54732283206348],[57.900454554167965,25.540891252473635],[57.805090937224605,25.64833029361133],[57.464880976287105,25.70479353518848],[57.32798293551562,25.787087999299807],[57.254771265593746,25.793286882356448],[57.24507049044726,26.018462739900393],[57.112402948943355,26.076190553621096],[57.06634047946093,26.30746801944141],[56.93497756442187,26.464543901399416],[56.929087671843746,26.75186689944629],[56.79043105563281,26.97391279788379],[56.68355086764453,26.96835669131641],[56.66781905612109,27.049895845369143],[56.43094924410937,27.106566987947268],[56.06776717623828,27.11216887088184],[55.89973357638476,27.10480459781055],[55.80531981906054,27.005092225984377],[55.65757277926562,26.996945939973635],[55.42489913424609,26.96310766787891],[55.34008696993945,26.79935225100879],[55.09812835177539,26.73744162173633],[54.92553237399218,26.53802641482715],[54.75987533053515,26.41062506289844],[54.6460562082207,26.39131888003711],[54.064944300261715,26.70138319583301],[53.63393691500781,26.74793966861133],[53.380679163542965,26.909589372590823],[52.89083388766406,27.052323900178713],[52.77987197360156,27.187848649934573],[52.63377669772265,27.314601503328127],[52.41038802584765,27.580957017854494],[51.961550745574215,27.776948533967776],[51.698863062468746,27.81452139468555],[51.611304316130855,27.82704123111133],[51.350134882537105,28.0361343249834],[51.08225921115039,28.512019716218752],[50.796755823699215,29.01329382510547],[50.702456507292965,29.133781038240237],[50.704722437468746,29.40060766787891],[50.359839472380855,29.74293478579883],[50.1323728891289,30.06642874331836],[49.71784881075976,30.002053819612307],[49.51097396334765,30.020675264314455],[49.45236495455859,30.07772596927051],[49.321360621062496,30.102862916902346],[49.235083613005855,30.223380647615237],[49.2222280832207,30.47745855899219],[49.020171198455074,30.43257101626758],[48.94572356661914,30.387942872957034],[48.8013296457207,30.08272513003711],[48.713843378630855,29.99996145816211],[48.5536489816582,29.99462278933887],[48.54736236056445,30.048701845125002],[48.38981536349414,30.149411760286135],[48.08126357516406,30.395333848909182],[48.11039260348437,30.49075850100879],[48.106963190642574,30.668550096467776],[48.033457789031246,30.87770804019336],[47.93673232516406,30.883508287385744],[47.68874648532031,30.882104478791994],[47.67329314669726,31.0280776843584],[47.6981687875664,31.28859480471973],[47.786936792937496,31.568513475374026],[47.793040308562496,31.797170244172854],[47.74243834933398,31.90484007449512],[47.61200622042773,32.03110846133594],[47.2636099191582,32.30219229312305],[47.067576441374996,32.39632757754688],[46.508486780730465,32.81228216739063],[46.26843169650195,32.823627077058596],[46.12398436984179,32.77201422305469],[46.089934382048824,32.84167440982227],[46.105105433074215,33.21007116885547],[45.64643767794726,33.639293275789065],[45.50621322116015,33.797252260164065],[45.505007776824215,33.87979467959766],[45.56502059420703,34.27382620425586],[45.67085174044726,34.61730917544727],[46.18439391574023,35.05844458194141],[45.99489882907031,35.40087088199024],[46.00066283663867,35.515426240876955],[46.21102050265429,35.7838207110918],[45.73042205294726,35.832042299226565],[45.38811400851367,35.925574861482424],[45.358653101531246,36.014503084138674],[45.10513595065234,36.50318869204883],[44.79458907565234,37.13180502505664],[44.78417113741992,37.270370088533205],[44.66005996188281,37.28615912051563],[44.47119048556445,37.45463141055469],[44.42675307711718,37.64417990298633],[44.491763147917965,37.754344545320315],[44.300913843718746,37.80425222964649],[44.20520690402148,37.8674274310625],[44.23192122897265,37.92491491885547],[44.361460718718746,38.16555746646289],[44.46447661837695,38.29198034854297],[44.44704345187304,38.384933076814455],[44.31755736788867,38.476363740876955],[44.26924041232226,38.42894323916797],[44.229075464812496,38.481631837800784],[44.12827971896289,38.702918611482424],[44.18318465670703,38.871539674714846],[44.06482604464648,39.173289857820315],[44.08210662325976,39.29454763980274],[44.344885859099605,39.41442068667774],[44.34892943820117,39.609481416658205],[44.45294860324023,39.67275198550586],[44.637278589812496,39.66220434756641],[44.669585260955074,39.75698813052539],[44.44808104952929,39.95989187808399],[43.81239226779101,40.01388128848438],[43.68453124484179,40.109115205720705],[43.66971877535937,40.2945514545],[43.85885909518359,40.66039236636524],[43.84727004489062,40.74996527285938],[43.489268335906246,41.07472952456836],[43.47533706149218,41.08736761660938],[42.87842467745898,41.54550512881641],[43.95678618868945,42.59115561099414],[44.052519831267574,42.55924566836719],[44.169531855193355,42.612430177644534],[44.2971792550957,42.612430177644534],[44.37163833102343,42.686893068269534],[44.414187464324215,42.729442201570315],[44.509924921599605,42.76135214419727],[44.6694822641289,42.76135214419727],[44.78649428805468,42.729442201570315],[44.871592554656246,42.66561850161914],[44.93541625460742,42.74007757754688],[44.9779653879082,42.771991334871096],[45.03115371188281,42.771991334871096],[45.13752654513476,42.71880301089649],[45.20135024508593,42.676253877595705],[45.29708388766406,42.676253877595705],[45.38218596896289,42.62306936831836],[45.47791961154101,42.54860647769336],[45.64811614474414,42.54860647769336],[45.8076773019707,42.5379711017168],[45.86086181124804,42.47414740176563],[45.8076773019707,42.389049135164065],[45.75448897799609,42.25076254458789],[45.91405013522265,42.12311514468555],[46.041697535124996,42.04865225406055],[46.15870955905078,42.00610312075977],[46.28635695895312,41.98482855410938],[46.392729792205074,41.995467744783205],[46.49910262545703,41.96355398745899],[46.55577758273242,41.878455720857424],[46.658659967986324,41.88909491153125],[46.66929915866015,41.81463202090625],[46.76503661593554,41.83590658755664],[46.850134882537105,41.83590658755664],[46.91395858248828,41.75080832095508],[47.12670424899218,41.62316092105274],[47.169253382292965,41.56997641177539],[47.22243789157031,41.56997641177539],[47.35008529147265,41.442325197175784],[47.35008529147265,41.30404242129688],[47.61601928195117,41.261493287996096],[47.81812957247851,41.197669588044924],[47.98832610568164,41.218944154695315],[48.06278518160937,41.31467779727344],[48.20107177218554,41.463599763826174],[48.22371258025433,41.4711466998491],[47.24856164173707,42.78491050892555],[47.19483867485455,43.37586314463319],[47.49336150607226,43.58319052310352],[47.520335230437496,43.51125677676563],[47.56529525241015,43.601173006013674],[47.61025527438281,43.7540355548418],[47.66420653781054,43.85294684024219],[47.73614028414843,43.86193808169727],[47.67319777926562,43.66411551089649],[47.57428649386523,43.502261720613284],[47.60126403292773,43.322425447419924],[47.6552114816582,43.27746542544727],[47.58327773532031,43.18754919619922],[47.56529525241015,43.007709108308596],[47.73614028414843,42.89980658145313],[47.79009154757617,42.85484655948047],[47.8440428110039,42.62105902285938],[47.96992782076953,42.59408529849414],[48.13178161105273,42.40525396914844],[48.22170165499804,42.279368959382815],[48.419524225798824,42.09053763003711],[48.50044921359179,41.92868383975391],[48.662303003874996,41.901710115388674],[48.683238062468746,41.83590658755664],[48.89249709567187,41.68698462100391],[48.998869928923824,41.516788087800784],[49.115881952849605,41.43168982119922],[49.24352935275195,41.29340323062305],[49.28607848605273,41.05938299746875],[49.3499021860039,40.9530101642168],[49.477549585906246,40.836001954988284],[49.60519698580859,40.761539064363284],[49.60519698580859,40.687076173738284],[49.80730346163867,40.58070334048633],[50.02005294283984,40.60197790713672],[50.190249476042965,40.57006796450977],[50.31789687594531,40.49560507388477],[50.42426970919726,40.410506807283205],[50.46681884249804,40.32540854068164],[50.46681884249804,40.26158484073047],[50.30725768527148,40.32540854068164],[50.12642577609179,40.346683107332034],[50.0306883188164,40.346683107332034],[49.91368010958789,40.32540854068164],[49.849856409636715,40.2722240314043],[49.66902068575976,40.24031027408008],[49.57328322848437,40.17648657412891],[49.55200866183398,40.091388307527346],[49.54137328585742,39.87864264102344],[49.48818496188281,39.76163061709766],[49.44563582858203,39.655257783845705],[49.403086695281246,39.48506125064258],[49.49882415255664,39.37868841739063],[49.48818496188281,39.293590150789065],[49.381812128630855,39.32550009341602],[49.339262995330074,39.28295096011524],[49.30735305270312,39.1340289935625],[49.2754392953789,39.01702078433399],[49.22225478610156,39.03829535098438],[49.17970565280078,39.14466818423633],[49.115881952849605,39.18721731753711],[49.041419062224605,39.14466818423633],[49.020144495574215,39.00638159366016],[49.05205825289843,38.931922517732424],[48.998869928923824,38.878734193757815],[48.945681604949215,38.836185060457034],[48.988230738249996,38.71917685122852],[48.824954065886715,38.3095775470293],[48.83150771578906,38.306312166169924],[48.80918792208789,37.98856695742969],[48.744780573455074,37.72701605410938],[48.837229761687496,37.51097448916797],[49.05953124484179,37.397559724763674],[49.475806269255855,37.291610322908205],[49.84801391085742,37.26821478457813],[50.03871444186328,37.22470434756641],[50.11132338961718,37.097755037263674],[50.25221160372851,36.894786439851565],[50.56095412692187,36.68642767520313],[51.4170408578789,36.455691896394534],[51.79552367648242,36.432349763826174],[51.993052515593746,36.45890387149219],[52.60216430148242,36.576881013826174],[53.139014277068355,36.64352758975391],[53.79965499362109,36.67903860659961],[53.98448852023242,36.78191336245899],[54.06743911227343,36.94152411075],[57.31370916933642,36.82905954775894],[60.37676742907831,39.17754350679706],[61.2289659143878,39.830934432777866],[66.33588980061525,36.307380725406425],[65.47365367590211,35.014026538336715],[67.05441990454287,35.588850621478805],[67.77295000847047,33.43326030969596],[67.48553796689943,32.427318164197295],[67.62924398768496,31.13396397712759],[66.76700786297181,30.415433873199976],[66.92825506441484,28.1118712695545],[66.30008986910937,25.494687639192385]]]]}},{"type":"Feature","properties":{"name":"central Asian khanates","subject":"central Asian khanates","partOf":"central Asian khanates","borderPrecision":3,"color":"#8f9a74"},"geometry":{"type":"MultiPolygon","coordinates":[[[[74.62988878795288,54.323653501742136],[72.99162219065806,55.306613460119024],[74.92059767777309,54.14922816785001],[74.62988878795288,54.323653501742136]]],[[[91.96526701967714,51.56936022315105],[92.59101829536783,52.400237489938284],[93.56736071988496,52.34885104654265],[95.18741562805542,53.79553064795783],[95.86577102559038,53.79553064795783],[97.31938973459386,52.826451508622185],[97.61011347639456,52.14809611108723],[98.91755965670703,52.03695639224414],[99.29542067965625,51.946490846589846],[99.75820449313281,51.902694307283205],[100.22460463961718,51.8193317279375],[101.01121047457812,51.671710573152346],[101.3269758554375,51.56784018130664],[101.77236464938281,51.42517050357227],[100.25051070599872,50.10315872081666],[99.53198060207112,48.66609851296142],[99.38827458128559,47.229038305106194],[100.39421672678424,45.50456605567991],[101.83127693463948,45.36086003489438],[104.27427928799338,44.92974197253782],[104.70539735034994,44.2112118686102],[103.26833714249472,43.06156370232602],[103.26833714249472,42.48673961918393],[104.56169132956441,41.48079747368525],[103.55574918406575,39.90003124504451],[102.11868897621052,39.75632522425898],[100.53792274756977,40.33114930740107],[99.38827458128559,39.75632522425898],[99.24456856050006,38.75038307876033],[89.61626516787001,36.882204808548515],[80.13166779602547,36.882204808548515],[79.3294463680683,35.62846298322298],[77.26429212972629,36.843848494346396],[75.24566308931769,38.031852974832695],[73.80860288146245,38.031852974832695],[69.49742225789676,35.87626266304985],[66.33588980061525,36.307380725406425],[69.23157780741465,37.367563591698236],[70.09526718191616,37.90736945076168],[69.81619415139467,41.210677215495366],[80.93950784321066,44.07789059628024],[85.535050949032,47.181414053006264],[85.60545523526416,48.23399901135939],[90,51.56936022315105],[91.96526701967714,51.56936022315105]]],[[[61.2289659143878,39.830934432777866],[62.11375444766802,39.22046911429389],[62.66218550003006,39.22046911429389],[64.3466450660261,37.87290146149705],[64.40496122259702,37.63963683521338],[66.33588980061525,36.307380725406425],[61.2289659143878,39.830934432777866]]],[[[53.05033782443164,45.831161104158205],[52.98043887690986,45.77623959475541],[52.92445281466601,45.732249818757815],[53.05033782443164,45.831161104158205]]],[[[58.33140848858389,50.934269022658306],[57.15204047694705,51.22911102556751],[55.245047709199866,51.70585921750431],[58.33140848858389,50.934269022658306]]],[[[63.994673599685925,52.7975061330614],[63.0380651558678,51.176031829391945],[64.45706092306274,53.581263759332735],[63.994673599685925,52.7975061330614]]],[[[51.772891832392816,47.46211314585126],[51.74511096800214,47.5084145865024],[51.387096734969816,48.1051049748896],[51.772891832392816,47.46211314585126]]]]}},{"type":"Feature","properties":{"name":"Maratha","subject":"Maratha","partOf":"Maratha","borderPrecision":3,"color":"#8f9a74"},"geometry":{"type":"MultiPolygon","coordinates":[[[[74.421436349163,14.375454283976262],[74.40150741061328,14.419635377839846],[74.37707415187178,14.461922598887266],[74.15313195022648,14.849504684560506],[74.03218368014453,15.058832727388186],[73.84143355807421,15.390475831941409],[73.57273391207812,16.037927232698244],[73.40928939303515,16.558538042024416],[73.06422713717578,18.031716905549807],[72.97611020330493,18.5385662105398],[73.28880137384637,18.819859788457904],[73.13530780786141,19.07568239843285],[73.28880137384637,19.28034048641281],[73.13530780786141,19.63849214037774],[73.39113041783635,19.894314750352688],[73.33996589584136,20.508289014292565],[73.95394015978124,20.508289014292565],[73.80044659379627,20.252466404317616],[73.95394015978124,19.79198570636271],[74.26092729175117,18.92218883244788],[74.87490155569105,18.717530744467922],[75.64236938561591,18.819859788457904],[75.79586295160087,18.512872656487964],[74.6702434677111,18.001227436538063],[75.13072416566601,17.489582216588165],[74.97723059968104,16.67094986466833],[74.46558537973114,16.36396273269839],[74.46558537973114,15.698823946763518],[74.87490155569105,15.13601420481863],[74.87490155569105,14.522039940878752],[74.421436349163,14.375454283976262]]]]}},{"type":"Feature","properties":{"name":"Mughal Empire","subject":"Mughal Empire","partOf":"Mughal Empire","borderPrecision":3,"color":"#8aa0a8"},"geometry":{"type":"MultiPolygon","coordinates":[[[[80.31345656832812,13.104481302217287],[80.22375777682421,12.831091485933108],[79.92280868014453,12.106162630037112],[79.86674412719772,11.969091013849939],[79.76935103854296,11.730975709871096],[79.72527965820734,11.515919075722639],[79.07039235928022,11.34983957718938],[78.73463217531695,11.920631889926959],[78.55874713933034,12.219636451104208],[78.54097883301833,12.23094355512094],[77.99593739738543,12.577788105069137],[77.63203942669048,12.499809968491647],[77.27963408945558,12.424294539084167],[77.052893827026,12.55655969216809],[76.83049081738973,12.68629478112258],[76.6656598255157,12.782446193049097],[76.45077370025588,13.06053411985592],[75.79586295160087,13.908065676938875],[75.38654677564095,13.959230198933863],[74.70298936209612,13.75127050916374],[74.421436349163,14.375454283976262],[74.87490155569105,14.522039940878752],[74.87490155569105,15.13601420481863],[74.46558537973114,15.698823946763518],[74.46558537973114,16.36396273269839],[74.97723059968104,16.67094986466833],[75.13072416566601,17.489582216588165],[74.6702434677111,18.001227436538063],[75.79586295160087,18.512872656487964],[75.64236938561591,18.819859788457904],[74.87490155569105,18.717530744467922],[74.26092729175117,18.92218883244788],[73.95394015978124,19.79198570636271],[73.80044659379627,20.252466404317616],[73.95394015978124,20.508289014292565],[73.33996589584136,20.508289014292565],[73.39113041783635,19.894314750352688],[73.13530780786141,19.63849214037774],[73.28880137384637,19.28034048641281],[73.13530780786141,19.07568239843285],[73.28880137384637,18.819859788457904],[72.97611020330493,18.5385662105398],[72.85335067233203,19.244680009797854],[72.78251174410937,19.94968756289844],[72.75949386080859,20.057649217561526],[72.86443618258593,20.311982713655276],[73.10968306979296,20.687320314363284],[73.1128645273125,20.827090822175784],[72.93113234957812,20.95375784488086],[72.76573470553515,21.150355897859377],[72.71466353854296,21.436120592073244],[72.6659422250664,21.848943315461916],[72.69562056979296,22.128535829500002],[72.31904891451953,22.11503180117969],[72.2329817148125,22.01955183596973],[72.12713912448046,21.8287425860918],[72.13103774508593,21.746179185823244],[72.25569442233203,21.632083497957034],[72.28899672946093,21.549569688752932],[72.25619796237109,21.352563463166994],[72.12086013278125,21.155339799836916],[71.89442733248828,20.989677034333987],[71.52892592867968,20.823730073884768],[71.30259231051562,20.772426210359377],[71.02444747408984,20.657476030305666],[70.8550520273125,20.650762163118166],[70.467478785125,20.77700003238086],[70.20994857272265,20.94797857852344],[69.75222304782031,21.398070894197268],[69.12606337985156,21.9685073718584],[68.89417556246875,22.285655580476565],[69.0142317148125,22.30496748538379],[69.49224379977343,22.248809419587893],[69.76916793307421,22.287507615999026],[69.96852401217578,22.351457200959963],[70.17620376071093,22.478955827668948],[70.41056350192187,22.752622209504885],[70.38064864596484,22.860560975984377],[70.31022170504687,22.828643403962893],[70.0459471078789,22.777261339143557],[69.66488936862109,22.789163194612307],[69.39181807955859,22.83940466494922],[69.10719588717578,22.898904405549807],[68.88241103610156,22.997148118928713],[68.79081252535937,23.028724275544924],[68.37294295748828,23.326415620759768],[68.07217696627734,23.675187669709963],[68.04699996432421,23.764070115999026],[67.69232467135546,23.81415518374805],[67.48602584323046,23.92806013675098],[67.31589034518359,24.092885576204104],[67.20423415621875,24.588166795686526],[67.15359786471484,24.65159185977344],[66.99953750094531,24.714782319978518],[66.70171645602343,24.75227888675098],[66.65421584567187,24.783935152009768],[66.64811233004687,24.90462454409961],[66.70050338229296,25.114379487947268],[66.62050918063281,25.31748541446094],[66.43233016451953,25.488610826448244],[66.30008986910937,25.494687639192385],[66.92825506441484,28.1118712695545],[66.76700786297181,30.415433873199976],[67.62924398768496,31.13396397712759],[67.48553796689943,32.427318164197295],[67.77295000847047,33.43326030969596],[67.05441990454287,35.588850621478805],[65.47365367590211,35.014026538336715],[66.33588980061525,36.307380725406425],[69.49742225789676,35.87626266304985],[73.80860288146245,38.031852974832695],[75.24566308931769,38.031852974832695],[77.26429212972629,36.843848494346396],[79.3294463680683,35.62846298322298],[79.61945564591836,34.13698669713698],[80.17496274207845,31.573107791782736],[81.448679957,30.40275152774219],[81.57261184176562,30.372994981721682],[81.65574935397265,30.454833589509768],[82.14168075045703,30.36555441470508],[82.20093825778125,30.090262971833987],[82.59117415866015,29.97121962161426],[82.91757491549609,29.703366838411135],[83.12975600680468,29.606641374543948],[83.19741347750781,29.666164003328127],[83.40201095065234,29.539681993440432],[83.69781020602343,29.182548128083987],[83.76889327487109,29.25694616885547],[84.08839705905078,29.309030137971682],[84.21853927096484,29.234632097200198],[84.29831222018359,29.06350477786426],[84.26696303805468,28.937020860627932],[84.92027572116015,28.535241685823244],[85.06985000094531,28.646850191072268],[85.21659377535937,28.639407716707034],[85.13804915866015,28.46083792300586],[85.14416793307421,28.341794572786135],[85.56481460055468,28.312036119416994],[85.72918990573046,28.341794572786135],[85.97204879244921,28.11858519168262],[86.03566268405078,27.910255037263674],[86.14223769625781,27.954904161409182],[86.13785079440234,28.11858519168262],[86.44574264010546,27.947461687043948],[86.56804946383593,27.984662614778323],[86.60393813571093,28.133468233064455],[86.78721145114062,28.133468233064455],[87.07065871676562,28.006982408479494],[87.21436599215625,27.843293748811526],[87.5965071054375,27.873056016877932],[87.74962142428515,27.820973955110354],[87.90232375582812,27.947461687043948],[88.19726088961718,27.87575491519336],[88.21383956393359,27.865617357209963],[88.16182424717722,27.74135000362828],[88.07058242282031,27.523368440583987],[88.03892806491015,27.1290298327959],[88.23191359957812,26.757009111360354],[88.60182180866893,26.640441529355197],[88.86752608737109,26.908403001741213],[89.153758082,26.827533327058596],[89.40531447848437,26.790891252473635],[89.79632857760546,26.69479902835254],[89.83439162692187,26.685449205354494],[90,26.71859510989551],[90,26.778745256379885],[90.59682157908377,26.764092722507584],[91.00280206116568,26.754125517946502],[91.0642740656503,26.75261632213409],[91.16184524020312,26.750220857576174],[90,26.360255315069487],[90,25.9662434512302],[91.43432931871358,26.097580739176628],[91.56566660666,26.053801643194483],[91.43432931871358,25.791127067301623],[91.56566660666,25.70356887533734],[91.47810841469573,25.484673395426626],[91.43432931871358,25.26577791551591],[91.74078299058858,25.003103339623053],[91.52188751067787,25.003103339623053],[91.56566660666,24.346416899890905],[91.30299203076714,24.346416899890905],[91.25921293478501,24.12752141998019],[91.47810841469573,24.08374232399805],[91.82834118255286,23.733509556140906],[91.82834118255286,23.558393172212334],[91.91589937451715,23.51461407623019],[92.04723666246358,23.689730460158763],[92.17857395041001,23.427055884265904],[92.26613214237429,22.94548582846233],[92.52880671826715,22.595253060605188],[92.50995162448046,22.110425554231448],[92.59760573825,21.387023530916018],[92.23697188815234,21.149966798738284],[92.12366774996875,20.996430955842776],[92.06685927828906,21.115090928987307],[91.94604781588671,21.362578950837893],[91.84590438326953,21.908670030549807],[91.57107070407031,22.543313585237307],[91.41017440280078,22.720834337190432],[91.08137801608203,22.561330400422854],[90,22.560958467439455],[90,22.325391374543948],[90,22.134809099153323],[90,22.05844648929004],[90,22.0199046954668],[90,21.930253587678713],[89.90268996676562,22.107825838044924],[89.86968520602343,22.13322790713672],[89.796336207,21.832069002107424],[89.67017653903125,21.719838701204104],[89.57895186862109,21.70058210940723],[89.4566145273125,21.94171293826465],[89.23388198336718,21.65538176150684],[89.07225326022265,21.77433928103809],[88.99476912936328,21.62947615237598],[89.02553847750781,21.546960435823244],[88.88093856295703,21.51488646121387],[88.7234602304375,21.53995283694629],[88.65697768649218,21.857440553621096],[88.56759932955859,21.89536627383594],[88.45388320407031,21.73631437869434],[88.37705520114062,21.577336870149416],[88.29957107028125,21.551770769075198],[88.24792769869921,21.596122346833987],[88.12160781344531,21.86265143008594],[88.05304244479296,21.93874128909473],[87.86748794039843,21.696960054353518],[87.64071944674609,21.563081346467776],[87.19423964938281,21.384255968049807],[86.93719771823046,21.288428865388674],[86.81869796237109,21.186534486726565],[86.7961912485039,21.13566931338672],[86.84421065768359,20.875316225007815],[86.92611220797656,20.69125898929004],[86.77521041354296,20.46860083194141],[86.63785079440234,20.31910666079883],[86.63238051852343,20.20364721866016],[86.38562301119921,20.01674421878223],[86.11916640719531,19.806542955354494],[85.90894607028125,19.723508439973635],[85.71477797946093,19.697682939485354],[85.37910750826953,19.60537489505176],[85.1132078500664,19.442306123689455],[84.90661910494921,19.18141134829883],[84.65877059420703,18.933131776765627],[84.26272872408984,18.455840669587893],[83.98768142184375,18.20749434085254],[83.68471816500781,18.08344992251758],[83.3813963266289,17.71067961306934],[83.0769758554375,17.500392518953127],[82.84608708480512,17.383410614907284],[82.74959090670703,17.33451994510059],[82.54642013033984,17.226087175325198],[82.35399917086718,17.085914216951174],[82.26742080172656,16.857019029573244],[82.23458388766406,16.647302232698244],[82.08141616305468,16.46274145694141],[81.78898147067187,16.32870253177051],[81.59676650485156,16.30287703128223],[81.36909774264453,16.34686430545215],[81.2531004281914,16.22591169925098],[81.08790114840625,15.826792322114748],[80.96311477145312,15.723398767427248],[80.73596480807421,15.837270341829104],[80.45975783785937,15.773146234468264],[80.3002195688164,15.64574297519092],[80.16343215426562,15.391318880037112],[80.0894041391289,15.175155244783205],[80.08706954440234,14.946433626130862],[80.16166213473437,14.254099451020998],[80.16971877535937,13.89198549838428],[80.07589248141406,13.669416986421389],[80.17812636813281,13.52351626010303],[80.2018366912248,13.491685502285232],[80.31988051852343,13.333213411287112],[80.31345656832812,13.104481302217287]]]]}},{"type":"Feature","properties":{"name":"Air","subject":"Air","partOf":"Air","borderPrecision":3,"color":"#8f9a74"},"geometry":{"type":"MultiPolygon","coordinates":[[[[6.531391647348258,16.708723671922442],[6.531391647348258,17.957857509690754],[7.15595856623241,18.45751104479807],[8.155265636447055,18.20768427724441],[8.405092404000719,17.208377207029766],[7.780525485116563,16.583810288145614],[6.531391647348258,16.708723671922442]]]]}},{"type":"Feature","properties":{"name":"Oman","subject":"Oman","partOf":"Oman","borderPrecision":3,"color":"#b47c6f"},"geometry":{"type":"MultiPolygon","coordinates":[[[[57.396296877665264,23.837040823040553],[57.45101455172656,23.80522307010059],[57.90421584567187,23.57111319156055],[58.080718073455074,23.501605592683596],[58.20529464205859,23.495515428499026],[58.46465590914843,23.508771501497073],[58.62849334200976,23.458295427278323],[59.021636042205074,23.020764909700198],[59.2543211313164,22.7290054187334],[59.46142104586718,22.53886564822559],[59.82569030245898,22.37445219607715],[59.837283167449215,22.279178224519534],[59.5356932016289,21.80205114932422],[59.2588491769707,21.477447114900393],[58.86135390719531,21.11447676272754],[58.774060503887554,20.941229844264516],[57.62096561207203,22.704566093210317],[57.396296877665264,23.837040823040553]]]]}},{"type":"Feature","properties":{"name":"Kingdom of Ireland","subject":"Kingdom of Ireland","partOf":"Kingdom of Ireland","borderPrecision":3,"color":"#b47c6f"},"geometry":{"type":"MultiPolygon","coordinates":[[[[-6.963441490365394,55.2413206454114],[-6.99682375470044,55.17202337832813],[-6.645197835358399,55.2064281329668],[-6.454310384186524,55.18654974551563],[-6.279264417084473,55.139693819001955],[-6.116521325501221,55.16022451968555],[-6.018187966736573,55.093001924470705],[-5.784886327179688,54.73741873355274],[-5.763683762940186,54.656993471101565],[-5.799925771149415,54.52288778872852],[-5.661512818726319,54.32224615664844],[-5.731388535889405,54.174869142488284],[-5.912154164704102,54.02737768741016],[-6.071708169373291,53.973590455964846],[-6.206393208893555,53.95674856753711],[-6.343146768006104,53.93964346499805],[-6.443396058472413,53.89937933535938],[-6.334980454834717,53.78598364444141],[-6.172213521393555,53.43919714541797],[-6.043061223419922,52.89308889956836],[-6.070682969483155,52.766604982332034],[-6.232112851532715,52.61333426089649],[-6.340896096619385,52.42706259341602],[-6.405971017273682,52.21443899722461],[-6.489150014313477,52.19435843081836],[-6.616821256073731,52.22066458316211],[-6.893897023590821,52.206649385408205],[-6.961679425629395,52.111201845125],[-7.372407880219239,52.092113100007815],[-7.750648942383545,52.03270681949024],[-7.86164948025586,51.96809347720508],[-8.15881392041089,51.839644990876955],[-8.565231290253418,51.61545141787891],[-8.84775730648877,51.59982260318164],[-9.243309941681641,51.47262915225391],[-9.819109883698243,51.434554658845705],[-9.795244183930176,51.604632936433596],[-9.835420575531739,51.80326422305469],[-10.216907468231934,51.75834997744922],[-10.294031110199708,51.97762640567188],[-9.96377464810254,52.092113100007815],[-10.497328725250977,52.10165365786914],[-10.469237294586915,52.206649385408205],[-9.890640225800293,52.19443091006641],[-9.801606145294922,52.241084657625],[-9.784003224762696,52.3407054767168],[-9.735718694123047,52.48028143496875],[-9.503988233002442,52.54054983706836],[-9.192634549530762,52.55445822329883],[-9.134288754853028,52.68089636416797],[-9.615690198334473,52.636634431794924],[-9.441564526947754,52.83327826114063],[-9.525756802948731,52.90455587954883],[-9.309349980744141,53.11526831241016],[-8.9969987539375,53.12044485659961],[-8.923582997711915,53.16057547183399],[-9.001670804413575,53.30037649722461],[-9.158159222992676,53.2206989154375],[-9.297359433563965,53.279803834871096],[-9.440665212067383,53.26620825381641],[-9.616703954132813,53.34587820620899],[-9.802919354828614,53.34535177798633],[-9.884814229401368,53.29739721866016],[-10.159825292023438,53.374122224763674],[-10.02107330838086,53.51185568423633],[-10.151425328644532,53.575641237214846],[-9.80959984341504,53.63241537661914],[-9.872389760407227,53.767718873933596],[-9.696483579071778,53.8734203204668],[-9.912850346955079,53.96955832095508],[-10.178537335785645,53.9118724689043],[-10.159675565155762,54.13307150454883],[-9.988787618073243,54.25371512027149],[-9.891974416168946,54.32558401675586],[-9.4742936758125,54.241309724763674],[-9.32290550747754,54.275069795564455],[-9.08584496060254,54.258189760164065],[-8.590084996613282,54.20284994693164],[-8.686731305512208,54.364112459138674],[-8.30057999173047,54.48934897036914],[-8.21147915402295,54.6339183673418],[-8.829358067902344,54.6339183673418],[-8.760042157562989,54.701427064851565],[-8.50373932400586,54.749644838289065],[-8.476253476532715,54.87985190005664],[-8.345380750092286,55.09528311343555],[-8.11831804791333,55.176631532625],[-7.756225076111573,55.25272711367969],[-7.426504734337652,55.29408603133693],[-7.333892085543201,55.38362640535836],[-7.111621728436517,55.31517256371226],[-6.963441490365394,55.2413206454114]]]]}},{"type":"Feature","properties":{"name":"Guanches","subject":"Guanches","partOf":"Guanches","borderPrecision":3,"color":"#739b91"},"geometry":{"type":"MultiPolygon","coordinates":[[[[-14.50982440309849,28.050049749026638],[-14.147020770578637,28.391039461179965],[-13.808404046893443,29.04858821187777],[-13.518161140877563,29.42848330171172],[-13.421413505538938,29.090868332331816],[-13.784217138058787,28.87929453021188],[-13.880964773397412,28.19936673357924],[-14.50982440309849,28.050049749026638]]],[[[-15.574048391823386,28.178048475293522],[-15.404740029980792,28.19936673357924],[-15.211244759303536,27.900525135454227],[-15.574048391823386,27.729386561264484],[-15.912665115508583,27.900525135454227],[-15.574048391823386,28.178048475293522]]],[[[-17.291318919084016,28.284597224515256],[-16.880141468894855,28.327186915315913],[-16.081973477351177,28.539879155715276],[-16.22709493035912,28.36975954738149],[-16.638272380548287,28.050049749026638],[-17.339692736753328,28.028701784947305],[-17.291318919084016,28.284597224515256]]]]}},{"type":"Feature","properties":{"name":"Swiss Confederation","subject":"Swiss Confederation","partOf":"Swiss Confederation","borderPrecision":3,"color":"#8f9a74"},"geometry":{"type":"MultiPolygon","coordinates":[[[[9.530214,47.265974],[9.516497212587279,47.21560276751271],[9.473439,47.057483],[9.584708577582697,47.06309092508271],[9.601992,47.063962],[9.646456325123664,47.056961713244526],[9.801076581666056,47.032618914135554],[9.879889,47.020211],[9.876178745279995,46.945099646790794],[9.87584,46.938242],[10.104121,46.844212],[10.365569721539055,46.98784423665748],[10.389544,47.001015],[10.490053,46.93811],[10.470021,46.855238],[10.454307874799005,46.82632115011942],[10.379076,46.687872],[10.490998,46.620661],[10.467856,46.546291],[10.292776,46.553553],[10.235763,46.637949],[10.043991,46.545936],[10.039604,46.446645],[10.165686,46.409814],[10.12883,46.228598],[10.038753,46.234108],[9.9531,46.381218],[9.54779,46.305063],[9.459919,46.379271],[9.459767,46.510578],[9.283022,46.499206],[9.248516,46.238933],[9.009079,46.041003],[8.988848,45.97522],[9.087734,45.905399],[9.029236,45.823886],[8.910998,45.835051],[8.896766,45.956373],[8.785326,45.992991],[8.850786,46.078721],[8.61329,46.124652],[8.443452,46.251123],[8.437401,46.465811],[8.314141537514287,46.39582387142589],[8.176414000220069,46.47067179698466],[8.176414000220069,46.433083359162026],[8.064987636333411,46.3638980852208],[7.999469297826533,46.323217369816824],[7.906573329069923,46.301828866865534],[7.750272175288965,46.32118072966271],[7.751746714475578,46.36291669955854],[7.708985078063805,46.36393425203071],[7.70503706207693,46.38054382281367],[7.694239686197679,46.42596911479142],[7.610190952560747,46.44324495463201],[7.534989454043493,46.40868779824256],[7.546729928829225,46.387864658471635],[7.547015031400663,46.387358994876045],[7.500082637586253,46.3727582953305],[7.221251126231419,46.3273659458753],[7.033171380364716,46.18367831907331],[6.878356242253377,46.3942144611218],[6.887575519023541,46.39545537626506],[6.918682026631522,46.395206936852965],[6.919087353921616,46.39564401574372],[6.920805,46.395021],[6.924413,46.395977],[6.925466,46.396191],[6.934986,46.409904],[6.93068351400697,46.41635342248414],[6.927493,46.421136],[6.919421,46.429548],[6.913229,46.430352],[6.906797,46.440232],[6.893824328176765,46.44130059359181],[6.882236929108263,46.44393614112276],[6.881549,46.445633],[6.871867,46.44819],[6.865966216712505,46.44763690568847],[6.864147785650463,46.44805050683118],[6.857628,46.453434],[6.856834,46.457082],[6.840181095132023,46.46136809233204],[6.838738761240986,46.46233642013193],[6.836641,46.468134],[6.836335,46.468549],[6.817151,46.469796],[6.803093,46.471592],[6.789934,46.473809],[6.780262,46.474689],[6.75656,46.486749],[6.749439,46.488686],[6.743968139445675,46.48805802232323],[6.742657920910335,46.48864679559679],[6.726585275998491,46.48639649541344],[6.717261,46.489832],[6.707969,46.495821],[6.681875,46.504198],[6.673705,46.505184],[6.661201919626937,46.505285056239714],[6.601017331790772,46.51608563575438],[6.595846,46.519216],[6.591638,46.517827],[6.586200074871924,46.51585142893481],[6.562651694675026,46.508416550454804],[6.552544208836599,46.50833497544344],[6.535457470840142,46.51145088549285],[6.519742,46.51662],[6.516537038236446,46.51490118514051],[6.511094375255204,46.515893700404824],[6.448639414796144,46.47363192883472],[6.4261745583766,46.466818873376376],[6.399523,46.460248],[6.397087,46.461373],[6.389613,46.465371],[6.386601,46.465029],[6.358736,46.462151],[6.355114,46.462115],[6.354245795135136,46.46160046384986],[6.346871930666223,46.46094815254606],[6.2912738204431,46.422658307372956],[6.274997280669589,46.391796602586055],[6.264555,46.393889],[6.261690032808594,46.39207075507718],[6.258912357066373,46.3925019868991],[6.248222955748419,46.38605643507135],[6.235251631903526,46.37083150638401],[6.231833,46.367868],[6.218127,46.35457],[6.216308983730783,46.348597810654255],[6.171351592047537,46.295829635984404],[6.164277288200115,46.269072909972444],[6.156438110466878,46.269953057560144],[6.119987643559156,46.26259365503246],[6.110606286829515,46.274721312996704],[6.101650727179121,46.28629852591467],[6.175338,46.367758],[6.068907,46.41689],[6.162595,46.545604],[6.107886,46.575919],[6.456203,46.775144],[6.452259787259738,46.80531829494892],[6.672268079607878,46.797066243195054],[6.985865916121021,46.962934516260674],[7.179997910152967,47.09271837319001],[7.400263057227677,47.247535680536615],[7.605594973992233,47.43221581524238],[7.429317508764821,47.46376703689873],[7.598232,47.590418],[7.699842,47.601505],[7.639979,47.562632],[7.691075,47.533882],[8.217061,47.620657],[8.583837,47.59591],[8.609365,47.671693],[8.407313,47.674385],[8.571772,47.808075],[8.827295277638896,47.68087673889509],[8.983487283772462,47.679618759299416],[8.93572619268792,47.65900040517249],[8.89424668674045,47.651981092802714],[8.859761867303298,47.65720259885761],[8.906531941740655,47.64470239066858],[8.960973389973663,47.65681014096839],[8.98349781779857,47.66997824848036],[9.065714698442651,47.674216536574775],[9.090169214235457,47.67299879536117],[9.09631748974732,47.666038767172346],[9.177931706890412,47.664332143247975],[9.191228667349208,47.648048045875626],[9.260572779627225,47.62427080659173],[9.338636854297711,47.592223144115565],[9.382401971062464,47.5712252392877],[9.38681144658924,47.544314745924304],[9.437436949905864,47.518945191698386],[9.435761421667744,47.506522607680544],[9.466216843906906,47.49633046022211],[9.481890678413858,47.48171362179569],[9.52988310330231,47.48141384927814],[9.560997473255647,47.50048807652424],[9.562466751374878,47.49996934689225],[9.67228,47.383309],[9.530214,47.265974]],[[8.69968,47.713826],[8.691899,47.71182],[8.692145,47.709313],[8.681002,47.708906],[8.678609,47.712165],[8.666839,47.71145],[8.679178,47.697657],[8.669593,47.691285],[8.661238,47.690952],[8.666362,47.685579],[8.689335,47.695778],[8.703479,47.69271],[8.717041,47.691107],[8.702477,47.714319],[8.69968,47.713826]],[[8.976281,45.975074],[8.973914,45.97594],[8.973515,45.977615],[8.97339,45.978451],[8.973296,45.980331],[8.973351,45.982209],[8.973095,45.983673],[8.968231,45.986016],[8.964396,45.986532],[8.960564,45.979186],[8.958844,45.969978],[8.966981,45.96904],[8.969354,45.968383],[8.97008,45.967643],[8.973939,45.966652],[8.976281,45.975074]]],[[[9.1985578866875,47.67788656802539],[9.209428581657185,47.67361037475582],[9.208086793127997,47.6667680830011],[9.12427050641381,47.670700736835244],[9.118142444734893,47.67853423872031],[9.1985578866875,47.67788656802539]]]]}},{"type":"Feature","properties":{"name":"France","subject":"France","partOf":"France","borderPrecision":3,"color":"#b47c6f"},"geometry":{"type":"MultiPolygon","coordinates":[[[[-1.135849919708985,44.600101076082034],[-1.230320539864319,44.730411134675784],[-1.331778016480225,44.61382635684375],[-1.275514092835206,45.12873037906055],[-1.175191727074402,45.50050314517383],[-1.123440351876038,45.431617341951174],[-0.900364187153595,45.29391058535938],[-0.814226653965729,45.12184103579883],[-0.728486028107422,45.01864203067188],[-0.854702380093354,45.321448884919924],[-1.138394918831604,45.58316382022266],[-1.247395124825257,45.688148103669924],[-1.236505594643372,45.8000446185625],[-1.075199690254944,46.01461752505664],[-1.165981498154419,46.18368109317188],[-1.256056633385437,46.30683096499805],[-1.402668443115967,46.403934083894534],[-1.710726466568726,46.44879110904102],[-1.942478146942872,46.70579870791797],[-2.129660334976929,46.85084494204883],[-2.004645553025025,47.04250296206836],[-2.109477606209534,47.124042116121096],[-2.263749804886597,47.18288382144336],[-2.493711915406006,47.24692114444141],[-2.576483931931275,47.324866853669924],[-2.465543475540894,47.49438437075977],[-2.613652196320313,47.572249971345705],[-2.842474189194458,47.49190481753711],[-3.062696423920411,47.60393866153125],[-3.433526244553345,47.71681173892383],[-3.711868014725464,47.79814871402149],[-3.858102050217408,47.79180868716602],[-3.954837766083497,47.90433844180469],[-4.364373650940674,47.82931097598438],[-4.390935388001221,47.94184836001758],[-4.510127511414307,47.99813040347461],[-4.675397363098877,48.01689489932422],[-4.700306382569092,48.06380423159961],[-4.312866177948731,48.10133322329883],[-4.350984063538331,48.204566560701174],[-4.587968316468018,48.25149496646289],[-4.388901677521485,48.298438631013674],[-4.350201573761719,48.390506349519534],[-4.473793950470704,48.382937990144534],[-4.592021432312745,48.392318330720705],[-4.779634442719239,48.354774080232424],[-4.761963334473389,48.55200155825977],[-4.625704255493897,48.546668611482424],[-4.488299336823243,48.61226614566211],[-4.251477208527344,48.65191229434375],[-3.998872962387818,48.73053701968555],[-3.902217355164307,48.64596136660938],[-3.821306434067505,48.721149049714846],[-3.607873406800049,48.692950807527346],[-3.557670083435791,48.810077272371096],[-3.435057845505494,48.83645971866016],[-3.091225352677125,48.87155111880664],[-2.914459433945435,48.70678671450977],[-2.79053541699292,48.58958014102344],[-2.636378016861695,48.55200155825977],[-2.342885461243409,48.67414816470508],[-2.200072136315125,48.598983369783205],[-2.07596763649823,48.65615805240039],[-1.870566811951416,48.711742006257815],[-1.857612696083802,48.60836752505664],[-1.591356840523499,48.63750036807422],[-1.456587758454102,48.683551393464846],[-1.575547900589722,48.76814230533008],[-1.588412251862305,48.88095053286914],[-1.563408580216187,49.036239229158205],[-1.579779472740906,49.2290111407793],[-1.638999786766785,49.219607912019534],[-1.891543593796509,49.526351533845705],[-1.941284146698731,49.70930441470508],[-1.52424713650586,49.65277060122852],[-1.250969496163147,49.69987829776172],[-1.288660493286866,49.520972810701174],[-1.177143421562928,49.33254965396289],[-1.023191001805085,49.39845999331836],[-0.464948442372101,49.35137899966602],[-0.239364930036086,49.28548773379688],[-0.203663793,49.291812501863284],[0.032870042530281,49.33370550723438],[0.330848249999267,49.45495565982227],[0.090372207967025,49.51055487246875],[0.115054044333679,49.60227545352344],[0.189372840729934,49.681026063875],[0.528559717742187,49.8258014545],[0.868757519332153,49.90724905581836],[1.274518880454284,50.00430258365039],[1.416228327361328,50.10984381289844],[1.551989111510498,50.22880896182422],[1.528296861258728,50.57772787661914],[1.58892014941333,50.821883760408205],[1.823555264083129,50.93456228824024],[2.030328068343383,51.006656251863284],[2.442595991698486,51.04803045840625],[2.522131952849609,51.09112127871875],[2.615729364958984,50.890216432527346],[2.755482468215209,50.73915823550586],[2.875059876052124,50.68182333560352],[2.938276085463745,50.713756166414065],[3.122844490615112,50.807132326082034],[3.191876682845336,50.730723939851565],[3.28275969943164,50.52432592959766],[3.370317253676635,50.4646068439043],[3.603379520980102,50.47003897281055],[3.674962076750976,50.334369264558596],[3.791464838591796,50.339786134675784],[4.050887617675048,50.31808813662891],[4.21956971606372,50.24215658755664],[4.14781621417163,50.13371618838672],[4.188459906188232,50.05494650454883],[4.156314882842285,49.965777955964846],[4.28462794741748,49.91097982974414],[4.467481646147949,49.94473227115039],[4.668095144835693,49.96037634463672],[4.754919085112792,50.10118826480274],[4.865410837737304,50.13371618838672],[4.81162408312915,49.965777955964846],[4.877066645232421,49.88479956241016],[4.859871897307617,49.78224142642383],[5.097706827727539,49.76065405459766],[5.251278433409912,49.674327455476565],[5.41808799227832,49.582618318513674],[5.475416693297607,49.480140291169924],[5.787845644561035,49.55865439029102],[5.823500189391357,49.50710638614063],[6.112331900206787,49.47865255923633],[6.367956194487792,49.47348364444141],[6.433043036071044,49.445331178621096],[6.625501665679199,49.30178793521289],[6.77724269351123,49.17690237613086],[6.954413923827392,49.20173605533008],[6.974740538207275,49.13656958194141],[7.284997973052246,49.164493165925784],[7.317378077117187,49.18621405215625],[7.422812018004638,49.183108888582034],[7.465429815856201,49.09933432193164],[7.670458349791748,49.05900915713672],[7.885707888213378,49.06520804019336],[8.15829566439746,48.97834738345508],[7.729077848998291,48.615619264558596],[7.704579386321289,48.519576631501955],[7.68064263781665,48.358523927644534],[7.536028418151123,48.19133719058399],[7.502136263457519,48.058272920564455],[7.543118509856445,48.02423056216602],[7.445963415709716,47.70879324527149],[7.506581816283447,47.60370596499805],[7.582543780679759,47.57865507740098],[7.429317508764821,47.46376703689873],[7.605594973992233,47.43221581524238],[7.400263057227677,47.247535680536615],[7.179997910152967,47.09271837319001],[6.985865916121021,46.962934516260674],[6.672268079607878,46.797066243195054],[6.452259787259738,46.80531829494892],[6.456203,46.775144],[6.107886,46.575919],[6.162595,46.545604],[6.068907,46.41689],[6.175338,46.367758],[6.101650727179121,46.28629852591467],[6.110606286829515,46.274721312996704],[6.074539510971815,46.25341761065727],[6.010111299433578,46.24040946060946],[5.941489252654296,46.175540529207034],[5.934538658337518,46.026252186573586],[5.860419779776541,46.026252186573586],[5.946891804764347,45.81624869731749],[5.897479219057029,45.74212981875652],[5.922185511910688,45.65565779376871],[5.909832365483858,45.50742003664676],[5.848066633349712,45.51977318307359],[5.823360340496054,45.39624171880529],[5.934538658337518,45.32212284024432],[5.946891804764347,45.26035710811017],[6.058070122605811,45.22329766882968],[6.033363829752153,45.334475986671144],[6.082776415459469,45.371535425951635],[6.144542147593617,45.32212284024432],[6.218661026154592,45.34682913309798],[6.26807361186191,45.32212284024432],[6.24336731900825,45.29741654739066],[6.280426758288739,45.19859137597602],[6.507319483367187,45.115707002595705],[6.665318045226318,44.95452078433399],[6.942603621093017,44.86865194888477],[7.003469976989013,44.71953543277149],[6.924694094268066,44.71501883120899],[6.782917532531005,44.54787405581836],[6.869778189269287,44.34917028994922],[6.786905761788741,44.296811686817485],[6.786905761788741,44.197986515402846],[6.836318347496059,44.11151449041504],[6.885730933203376,44.14857392969553],[6.935143518910694,44.1362207832687],[6.972202958191182,44.062101904707724],[6.996909251044841,44.04974875828089],[6.922790372483864,43.97562987971992],[6.959849811764352,43.91386414758577],[6.885730933203376,43.901511001158944],[6.922790372483864,43.81503897617114],[7.355150497422891,43.901511001158944],[7.397118601409179,43.76409491153125],[7.297616514769775,43.667300783113284],[6.923080000487548,43.44766577334766],[6.523014101592285,43.15085180850391],[6.331224951354248,43.11186941714649],[6.18777850588916,43.092288576082034],[5.828570398894531,43.020816408113284],[5.646554979888183,43.03331717105274],[5.434490236846191,43.103656373933596],[5.051816973296386,43.32809790225391],[4.909845861998779,43.366439424470705],[4.750594648925048,43.35325964541797],[4.646513971892578,43.320865236238284],[4.416764769164306,43.34614523501758],[4.078196081725341,43.48708685489063],[3.807468924132568,43.467227540925784],[3.478712830153686,43.31209524722461],[3.317868027297241,43.19595297427539],[3.067900213805419,42.944564424470705],[3.001891169158203,42.77080877871875],[3.045898947325927,42.53945501895313],[3.087081465331298,42.36864431949024],[2.936504158583862,42.40964087100391],[2.599267038909179,42.34814413638477],[2.581510099974853,42.28666266055469],[2.363173756209594,42.293494783357424],[2.171107086745483,42.38231619449024],[1.99367073496936,42.30715521426563],[1.876118454543334,42.31398733706836],[1.860095295516235,42.38231619449024],[1.709228429404479,42.42331274600391],[1.616605672446472,42.40964087100391],[1.448152098265869,42.37548025699024],[1.364396247473938,42.40964087100391],[1.348705086318237,42.53948172183399],[1.307450089064819,42.63517340274219],[0.744199428168518,42.77189215274219],[0.584142002669555,42.77189215274219],[0.591923627463562,42.628333650544924],[0.347843679991943,42.63517340274219],[0.196265372840148,42.607825838044924],[0.179550382701141,42.66251715274219],[-0.165626824440974,42.64883764834766],[-0.203663793,42.70031317325],[-0.216141254248637,42.717200838044924],[-0.409914609583634,42.785567842439455],[-0.46883657256009,42.75139196963672],[-0.586789485605973,42.765060029939455],[-0.611982133778351,42.73087652774219],[-0.840018358620423,42.90865286441211],[-0.907353666218537,42.881297670320315],[-1.397272315415162,43.031756959871096],[-1.44755240956189,42.98387869449024],[-1.515127864273804,42.997562013582034],[-1.557671156319397,43.04543264956836],[-1.465651359947937,43.15488775821094],[-1.491382804306763,43.20962103457813],[-1.702391829880494,43.19593771548633],[-1.914577808769959,43.3054157123125],[-1.746070232781189,43.36016043277149],[-1.561407771500367,43.524425111726565],[-1.314379182251709,44.558963380769534],[-1.135849919708985,44.600101076082034]]],[[[5.942288487123307,46.175300385616985],[5.942288487123308,46.175300385616985],[5.941489252654296,46.175540529207034],[5.942288487123307,46.175300385616985]]],[[[9.458552393523437,42.55605658145313],[9.486711535063964,42.4063793048418],[9.45250895938037,42.04830511660938],[9.35745624026416,41.90121039004688],[9.30453875979541,41.575267396882815],[9.173024210540039,41.34990652652149],[9.038939509001953,41.36949881167774],[9.01326850375293,41.457679353669924],[8.828752550688964,41.49197729678516],[8.726921114531738,41.56056936831836],[8.85464862307666,41.65367849917774],[8.823254618254882,41.68797644229297],[8.62692645510791,41.73208960147266],[8.74244979342578,41.8815990314043],[8.692829165068847,41.913463197664065],[8.561865839568359,41.8815990314043],[8.537932428923828,41.94778021426563],[8.589588198271972,41.957591615632815],[8.668312105742675,42.02868612857227],[8.626454386321289,42.09734304995899],[8.510698351470214,42.13412436099414],[8.51724627932666,42.20770224185352],[8.628421816436035,42.26165731997852],[8.500446352568847,42.359778963044924],[8.60930064639209,42.48734625430469],[8.879002604094726,42.624766908601565],[9.000392946807128,42.63458975406055],[9.018427881804687,42.69103964419727],[9.149460825530273,42.710670076326174],[9.237692865935546,42.664039216951174],[9.280391726104003,42.727855287507815],[9.270520243254882,42.882510744050784],[9.303189310637695,42.983192048982424],[9.367051157561523,42.988101564363284],[9.414238962737304,42.90952643008594],[9.432161364165527,42.79413565249805],[9.405494722930175,42.58059652896289],[9.458552393523437,42.55605658145313]]]]}},{"type":"Feature","properties":{"name":"Sardinia-Piedmont","subject":"Sardinia-Piedmont","partOf":"Sardinia-Piedmont","borderPrecision":3,"color":"#8aa0a8"},"geometry":{"type":"MultiPolygon","coordinates":[[[[6.817151,46.469796],[6.836335,46.468549],[6.836641,46.468134],[6.838738761240986,46.46233642013193],[6.832041624067764,46.46683262184003],[6.776499274150077,46.47343949712618],[6.743968139445675,46.48805802232323],[6.749439,46.488686],[6.750968491913036,46.48826995929848],[6.75656,46.486749],[6.774989042091422,46.47737197495475],[6.780262,46.474689],[6.789934,46.473809],[6.803093,46.471592],[6.817151,46.469796]]],[[[6.856834,46.457082],[6.857628,46.453434],[6.864147785650463,46.44805050683118],[6.857901656145032,46.44947118554421],[6.840181095132023,46.46136809233204],[6.856834,46.457082]]],[[[6.871867,46.44819],[6.881549,46.445633],[6.882236929108263,46.44393614112276],[6.865966216712505,46.44763690568847],[6.871867,46.44819]]],[[[6.906797,46.440232],[6.913229,46.430352],[6.919421,46.429548],[6.927493,46.421136],[6.93068351400697,46.41635342248414],[6.934986,46.409904],[6.925466,46.396191],[6.924413,46.395977],[6.920805,46.395021],[6.919087353921616,46.39564401574372],[6.930871450577103,46.408351227966136],[6.900908887160469,46.439689214556104],[6.893824328176765,46.44130059359181],[6.906797,46.440232]]],[[[6.878356242253377,46.3942144611218],[6.872439,46.393418],[6.866539,46.395577],[6.86443,46.395461],[6.863911,46.387529],[6.857919770712584,46.38820405444768],[6.860532891338509,46.39567135854787],[6.887575519023541,46.39545537626506],[6.878356242253377,46.3942144611218]]],[[[6.809442,46.380232],[6.776061,46.362191],[6.863716,46.292272],[6.804016,46.136794],[6.903116,46.125445],[6.876258,46.054467],[7.048637,45.923903],[7.19574,45.860518],[7.576875,45.991122],[7.873309,45.921406],[8.153968,46.145745],[8.08862,46.267772],[8.243385179510536,46.355648178418804],[8.314141537514287,46.39582387142589],[8.376013251233974,46.430954834159905],[8.437401,46.465811],[8.443452,46.251123],[8.583640709307494,46.146730542158835],[8.61329,46.124652],[8.617177861667615,46.12390009944481],[8.621939692107421,46.12065847964649],[8.636551446141077,46.11733232396882],[8.54965645151942,46.00068874856287],[8.466635442992581,45.768229924687724],[8.450031241287213,45.51916689910721],[8.582864854930154,45.28670807523206],[8.8153236788053,45.170478663294496],[9.047782502680445,45.153874461589126],[9.130803511207283,45.120666058178394],[9.130803511207283,44.78858202407104],[8.764387261828883,44.864393478088516],[8.700170305292952,44.81623076068657],[8.555682153087105,44.864393478088516],[8.491465196551173,44.80017652155259],[8.395139761747275,44.80017652155259],[8.363031283479309,44.71990532588267],[8.250651609541428,44.73595956501666],[8.218543131273464,44.67174260848072],[7.913512587727787,44.414874782336994],[7.849295631191856,44.463037499738945],[7.76902443552194,44.36671206493505],[7.961675305129736,44.2222239127292],[8.089567661878178,44.05082949636362],[7.97952655276416,43.964915834382815],[7.897458348593805,44.09378999965734],[7.688753239852026,44.238278151863184],[7.704807478986009,44.061681521389374],[7.672699000718043,43.98141032571946],[7.634168826796484,44.035994738775],[7.467204739803061,43.92040421701032],[7.467525371397153,43.81083423022823],[7.397118601409179,43.76409491153125],[7.355150497422891,43.901511001158944],[6.922790372483864,43.81503897617114],[6.885730933203376,43.901511001158944],[6.959849811764352,43.91386414758577],[6.922790372483864,43.97562987971992],[6.996909251044841,44.04974875828089],[6.972202958191182,44.062101904707724],[6.935143518910694,44.1362207832687],[6.885730933203376,44.14857392969553],[6.836318347496059,44.11151449041504],[6.786905761788741,44.197986515402846],[6.786905761788741,44.296811686817485],[6.869778189269287,44.34917028994922],[6.782917532531005,44.54787405581836],[6.924694094268066,44.71501883120899],[7.003469976989013,44.71953543277149],[6.942603621093017,44.86865194888477],[6.665318045226318,44.95452078433399],[6.507319483367187,45.115707002595705],[6.280426758288739,45.19859137597602],[6.24336731900825,45.29741654739066],[6.26807361186191,45.32212284024432],[6.218661026154592,45.34682913309798],[6.144542147593617,45.32212284024432],[6.082776415459469,45.371535425951635],[6.033363829752153,45.334475986671144],[6.058070122605811,45.22329766882968],[5.946891804764347,45.26035710811017],[5.934538658337518,45.32212284024432],[5.823360340496054,45.39624171880529],[5.848066633349712,45.51977318307359],[5.909832365483858,45.50742003664676],[5.922185511910688,45.65565779376871],[5.897479219057029,45.74212981875652],[5.946891804764347,45.81624869731749],[5.860419779776541,46.026252186573586],[5.934538658337518,46.026252186573586],[5.941489252654296,46.175540529207034],[5.942288487123307,46.175300385616985],[5.942288487123308,46.175300385616985],[6.107919725981933,46.125533662751955],[6.275253749808853,46.25661297242541],[6.200597746576099,46.26499501240314],[6.235320097735189,46.289106588791334],[6.27784874181629,46.35037762441313],[6.30354410983879,46.36604951821137],[6.343528405304224,46.37010514332916],[6.360944279594113,46.347862108145755],[6.389247743870544,46.340049439200115],[6.413511182182861,46.36002808258668],[6.477321964444022,46.375612154443324],[6.484300994278125,46.39337594537425],[6.514880880306399,46.404865961350175],[6.545074937533656,46.39478964497198],[6.636771707491414,46.40672155389668],[6.725509048568351,46.40831394149905],[6.809147838242454,46.39368172924781],[6.809442,46.380232]]],[[[6.218127,46.35457],[6.231833,46.367868],[6.235251631903526,46.37083150638401],[6.216308983730783,46.348597810654255],[6.218127,46.35457]]],[[[6.264555,46.393889],[6.274997280669589,46.391796602586055],[6.274123806967107,46.39014042210051],[6.261690032808594,46.39207075507718],[6.264555,46.393889]]],[[[6.355114,46.462115],[6.358736,46.462151],[6.386601,46.465029],[6.389613,46.465371],[6.397087,46.461373],[6.399523,46.460248],[6.4261745583766,46.466818873376376],[6.399366830301586,46.458688728465745],[6.384794633556074,46.46430289385845],[6.354245795135136,46.46160046384986],[6.355114,46.462115]]],[[[6.519742,46.51662],[6.535457470840142,46.51145088549285],[6.516537038236446,46.51490118514051],[6.519742,46.51662]]],[[[6.562651694675026,46.508416550454804],[6.558787383904959,46.507196480082904],[6.552544208836599,46.50833497544344],[6.562651694675026,46.508416550454804]]],[[[6.591638,46.517827],[6.595846,46.519216],[6.601017331790772,46.51608563575438],[6.59204288810731,46.51769616755476],[6.586200074871924,46.51585142893481],[6.591638,46.517827]]],[[[6.673705,46.505184],[6.681875,46.504198],[6.707969,46.495821],[6.717261,46.489832],[6.726585275998491,46.48639649541344],[6.720869389583737,46.485596225120794],[6.689435812086666,46.50021827068076],[6.661201919626937,46.505285056239714],[6.673705,46.505184]]],[[[6.119987643559156,46.26259365503246],[6.074539510971815,46.25341761065727],[6.110606286829515,46.274721312996704],[6.119987643559156,46.26259365503246]]],[[[8.176414000220069,46.47067179698466],[8.314141537514287,46.39582387142589],[8.273211600018517,46.41806721487771],[8.176414000220069,46.47067179698466]]]]}},{"type":"Feature","properties":{"name":"Milan","subject":"Austrian Empire","partOf":"Milan","borderPrecision":3,"color":"#b47c6f"},"geometry":{"type":"MultiPolygon","coordinates":[[[[9.459767,46.510578],[9.459919,46.379271],[9.527377659709895,46.32230143985215],[9.545251690465665,46.30720662956975],[9.58168796038019,45.89302924034952],[9.695144280553256,45.779572920176456],[9.506050413598146,45.514841506439296],[9.846419374117344,45.70393537339441],[9.92205692089939,45.666116600003384],[9.997694467681434,45.40138518626623],[10.376652918577285,45.3743828896956],[10.393319124301868,45.02631566340508],[10.293097630583008,45.02104084794619],[9.662137965779042,45.2202912684106],[9.130803511207283,45.120666058178394],[9.047782502680445,45.153874461589126],[8.8153236788053,45.170478663294496],[8.582864854930154,45.28670807523206],[8.450031241287213,45.51916689910721],[8.466635442992581,45.768229924687724],[8.54965645151942,46.00068874856287],[8.636551446141077,46.11733232396882],[8.621939692107421,46.12065847964649],[8.617177861667615,46.12390009944481],[8.850786,46.078721],[8.785326,45.992991],[8.896766,45.956373],[8.90636474186258,45.874547637419056],[8.910998,45.835051],[9.029236,45.823886],[9.087734,45.905399],[9.019568191792793,45.95352921959464],[8.988848,45.97522],[9.009079,46.041003],[9.022872386825252,46.0524052688821],[9.248516,46.238933],[9.283022,46.499206],[9.388279848055205,46.50597842495168],[9.459767,46.510578]]],[[[8.960564,45.979186],[8.964396,45.986532],[8.968231,45.986016],[8.973095,45.983673],[8.973351,45.982209],[8.973296,45.980331],[8.97339,45.978451],[8.973515,45.977615],[8.973914,45.97594],[8.976281,45.975074],[8.973939,45.966652],[8.97008,45.967643],[8.969354,45.968383],[8.966981,45.96904],[8.958844,45.969978],[8.960564,45.979186]]]]}},{"type":"Feature","properties":{"name":"Venice","subject":"Venice","partOf":"Venice","borderPrecision":3,"color":"#8b7fa6"},"geometry":{"type":"MultiPolygon","coordinates":[[[[13.10460856875537,45.58238562198047],[12.898650202361328,45.55837210269336],[12.448155436125976,45.39428671450977],[12.48321250399707,45.46231421084766],[12.279743227568847,45.40228994937305],[12.251417193022949,45.29028280825977],[12.180371317473632,45.27027853579883],[12.176189455596191,45.21429022403125],[12.312513384429199,45.178294740632815],[12.322136911956054,45.0423656329668],[12.408988031951171,44.9890094623125],[12.523090395537597,44.88275106997852],[12.47604468783496,44.787086091951174],[12.37776521272152,44.73152979882409],[12.1361640198788,45.104061856473024],[12.036538809646595,45.137270259883756],[12.053143011351963,45.02104084794619],[11.970122002825125,45.03764504965155],[11.887100994298287,45.087457654767654],[11.770871582360714,45.07085345306229],[11.604829565307039,44.904811436008615],[11.239537127788955,45.07085345306229],[11.169817827810615,45.067184016221326],[10.856080977908093,45.05067155043698],[10.824432085154767,45.353124882053535],[10.67499426980646,45.353124882053535],[10.376652918577285,45.3743828896956],[9.997694467681434,45.40138518626623],[9.92205692089939,45.666116600003384],[9.846419374117344,45.70393537339441],[9.506050413598146,45.514841506439296],[9.695144280553256,45.779572920176456],[9.58168796038019,45.89302924034952],[9.545251690465665,46.30720662956975],[9.54779,46.305063],[9.906863473259003,46.372530470222884],[9.9531,46.381218],[10.010819685719527,46.282083784430206],[10.038753,46.234108],[10.12883,46.228598],[10.165686,46.409814],[10.092811190048774,46.431102146803774],[10.039604,46.446645],[10.040608492865275,46.46937969365988],[10.043991,46.545936],[10.197366177725549,46.619526045616986],[10.235763,46.637949],[10.27336247516966,46.582290723704794],[10.292776,46.553553],[10.467856,46.546291],[10.490998,46.620661],[10.379076,46.687872],[10.454307874799005,46.82632115011942],[10.558315868167236,46.71790650888628],[10.558315868167236,46.312877109259034],[10.457058518260423,46.21161975935222],[10.524563418198298,45.73908545978709],[10.65957321807405,45.806590359724964],[10.7945830179498,45.63782810988028],[10.929592817825549,45.84034280969391],[11.165859967608114,45.73908545978709],[11.233364867545989,46.00910505953859],[11.3346222174528,46.00910505953859],[11.570889367235365,45.975352609569654],[11.570889367235365,46.245372209321154],[11.908413866924741,46.414134459165844],[11.739651617080053,46.751658958855224],[12.074753794280273,46.92750509829883],[12.217808756438476,46.88431891055469],[12.328428349573102,46.967498804640286],[12.407154703364085,46.96407591969285],[12.697675849654708,46.9514445655063],[13.291682697612078,47.06382423944418],[13.516442045487839,46.99960728290825],[13.58065900202377,46.83906489156842],[13.709092915095635,46.83906489156842],[13.725147154229617,46.646414021960624],[13.6211014123833,46.420882783845705],[13.606337580291015,46.13213690371875],[13.500387806353855,45.940027500065376],[13.367695841399414,45.69448813052539],[13.156165155974609,45.72652395816211],[13.10460856875537,45.58238562198047]]],[[[16.33484939059375,44.09275396914844],[16.385071787444335,44.04252966494922],[16.46040633639453,44.02244146914844],[16.535740885344726,44.00737341494922],[16.701476130095703,43.84666021914844],[16.711520227996093,43.77132757754688],[16.746676477996093,43.75123556704883],[16.842101130095703,43.71607931704883],[17.012858423796875,43.55536612124805],[17.11330512484668,43.50012167544727],[17.21374991854785,43.469989381746096],[17.25895026644824,43.44487722964649],[17.25895026644824,43.39465292544727],[17.29410651644824,43.26909597964649],[17.384507212249023,43.23393972964649],[17.46988776644824,43.158607088044924],[17.535176310149414,43.108382783845705],[17.64566710909961,43.053138338044924],[17.675801310149414,42.957713685945315],[17.547980341521484,42.92011984439258],[17.075087580291015,43.22274740786914],[16.992262873259765,43.32271536441211],[16.639813456145507,43.38973578067188],[16.548510584441406,43.461314760164065],[16.366747889128906,43.51302298159961],[16.059407267180664,43.4334789142168],[15.912835154143554,43.65224798770313],[15.412318262664062,43.934756837800784],[15.149468454924804,44.23992880435352],[15.274405512419921,44.23661383242969],[15.548222574797851,44.229346834138674],[16.18418029269336,44.258487306550784],[16.19422439059375,44.19319876284961],[16.269558939543945,44.19822271914844],[16.30973723849414,44.14799841494922],[16.33484939059375,44.09275396914844]]],[[[18.501139673796875,42.44823034854297],[18.514262232390625,42.4069896564043],[18.51358893832324,42.362140260652346],[18.248711618987304,42.52743872256641],[18.001368555632812,42.69445761294727],[17.64638045748828,42.864600740388674],[17.70593551119922,42.91753729434375],[17.766202005950195,42.912513338044924],[17.82144835909961,42.897445283845705],[17.84153655490039,42.86229284854297],[17.871670755950195,42.82211264224414],[17.936959299651367,42.78193625064258],[18.017315897551757,42.74678000064258],[18.112740549651367,42.74175604434375],[18.253363642302734,42.62624319644336],[18.273453745452148,42.59611090274219],[18.333722147551757,42.61117514224414],[18.38896659335254,42.60113104434375],[18.429144892302734,42.5860668048418],[18.457419428435546,42.55779226870899],[18.45927909335254,42.55593069644336],[18.449234995452148,42.5157543048418],[18.464301142302734,42.4805980548418],[18.501139673796875,42.44823034854297]]],[[[14.060400042144042,44.89470251651172],[13.991256746855957,44.783099733308596],[13.895102533904296,44.75918158145313],[13.672059092131835,45.050357423738284],[13.64358905276416,45.179088197664065],[13.526890787688476,45.45431097598438],[13.556276354399902,45.4596019610918],[13.749085459319335,45.49433096499805],[13.799984011260253,45.56637152285938],[13.67318061312793,45.71450766177539],[14.075900831918274,45.6780045091564],[14.219392167703536,45.47711663905704],[13.989806030447117,45.419720104742936],[14.075900831918274,45.27622876895767],[14.354488405791503,45.32289084048633],[14.238621744719726,45.062354646638674],[14.17460826357959,45.010387025789065],[14.188512835112792,44.94254644961719],[14.060400042144042,44.89470251651172]]]]}},{"type":"Feature","properties":{"name":"Austrian Empire","subject":"Austrian Empire","partOf":"Austrian Empire","borderPrecision":3,"color":"#b47c6f"},"geometry":{"type":"MultiPolygon","coordinates":[[[[22.34319472763412,44.98598391985518],[22.409525904265625,44.75029715152149],[22.29590133151172,44.691852174714846],[22.199408564177734,44.56434591861133],[22.13289741000293,44.511233888582034],[21.94650939425586,44.618777833894534],[21.858902964202148,44.68122061343555],[21.591851267424804,44.707782350496096],[21.583313974944335,44.79280050845508],[21.47765258273242,44.79280050845508],[21.367487940398437,44.80874975772266],[21.36388944298775,44.82027002939052],[21.3299595,44.8203606],[21.149156,44.7392013],[21.0151036,44.7204624],[20.9221982,44.6708776],[20.7691835,44.6602714],[20.6328844,44.7566506],[20.643038307721937,44.81250629466298],[20.57057436648939,44.84739634044162],[20.525478,44.830047],[20.4053377,44.8551803],[20.3340143,44.9152485],[20.2880502,44.9708808],[20.318696412206304,44.99867031925892],[20.24064426546108,45.15477461274937],[20.240644265461075,45.15477461274938],[20.19619,45.18057550000001],[20.0242317,45.17267769999999],[19.8724406,45.2643405],[19.8534227,45.2359839],[19.5870007,45.2104505],[19.5435117,45.2525517],[19.41907379018727,45.2240272366259],[19.423558268157226,45.1926341876543],[19.40849212130664,45.16752203555469],[19.348225626555664,45.17254599185352],[19.308045420256835,45.18761404605274],[19.277913126555664,45.177569948152346],[19.242756876555664,45.18259008975391],[19.21262267550586,45.20267828555469],[19.18751052340625,45.20770224185352],[19.16742232760547,45.20267828555469],[19.182488474456054,45.17254599185352],[19.137288126555664,45.13236578555469],[19.102131876555664,45.13236578555469],[19.102131876555664,45.062057100251955],[19.122221979705078,45.03192099185352],[19.10715392550586,44.99676474185352],[19.11719802340625,44.96160849185352],[19.122221979705078,44.92645224185352],[19.082043680754882,44.911388002351565],[19.041865381804687,44.92645224185352],[19.016753229705078,44.896319948152346],[19.051909479705078,44.85613974185352],[19.016753229705078,44.851119600251955],[18.93137458285449,44.841075502351565],[18.84097388705371,44.851119600251955],[18.775683436003906,44.90636404605274],[18.800795588103515,44.95156439395313],[18.7807054849541,44.991744600251955],[18.725459131804687,44.99676474185352],[18.715415033904296,45.04698904605274],[18.650126490203125,45.072101198152346],[18.58483603915332,45.09218939395313],[18.53963569125293,45.0520091876543],[18.49443534335254,45.05703314395313],[18.42412284335254,45.09218939395313],[18.393988642302734,45.10223349185352],[18.328700098601562,45.10223349185352],[18.258387598601562,45.1223216876543],[18.208163294402343,45.09218939395313],[18.147896799651367,45.072101198152346],[18.12847557202593,45.078574530937686],[18.087628397551757,45.09218939395313],[18.03740600070117,45.1223216876543],[17.987183603850585,45.1223216876543],[17.93193725070117,45.08214529605274],[17.856602701750976,45.04698904605274],[17.78629210909961,45.07712133975391],[17.665757212249023,45.11730154605274],[17.585400614348632,45.11227758975391],[17.515088114348632,45.107257448152346],[17.429709467498046,45.13236578555469],[17.35437491854785,45.13738974185352],[17.28406241854785,45.177569948152346],[17.243884119597656,45.142413698152346],[17.19366172274707,45.13236578555469],[17.16854957064746,45.1574779376543],[17.06308082064746,45.1926341876543],[16.99276832064746,45.21774633975391],[16.932501825896484,45.23783453555469],[16.89232352694629,45.24285849185352],[16.83205512484668,45.18761404605274],[16.781832727996093,45.1926341876543],[16.68138793429492,45.20267828555469],[16.606053385344726,45.21774633975391],[16.510628733245117,45.20770224185352],[16.465428385344726,45.1574779376543],[16.40013793429492,45.09218939395313],[16.34489348849414,45.001788698152346],[16.25449279269336,45.01183279605274],[16.13897994479297,45.072101198152346],[16.06866744479297,45.1574779376543],[16.023467096892578,45.20770224185352],[15.882842096892578,45.22277029605274],[15.827597651091796,45.20267828555469],[15.787419352141601,45.1223216876543],[15.767330202666503,45.04698904605274],[15.787419352141601,44.98672064395313],[15.787419352141601,44.95156439395313],[15.802485498992187,44.85613974185352],[15.747241053191406,44.826007448152346],[15.757285151091796,44.785831056550784],[15.817553553191406,44.750674806550784],[15.857731852141601,44.710494600251955],[15.912976297942382,44.69542654605274],[15.958176645842773,44.680362306550784],[16.038533243743164,44.60000570865039],[16.10382369479297,44.49453695865039],[16.144001993743164,44.434268556550784],[16.154046091643554,44.37902411075],[16.224358591643554,44.328799806550784],[16.189202341643554,44.303687654451174],[16.18418029269336,44.258487306550784],[15.548222574797851,44.229346834138674],[15.28594401797412,44.32891806216602],[14.98910621127246,44.54002722354297],[14.906961474028808,44.72332342715625],[14.945532831755859,44.92658957095508],[14.815391573516113,45.07786902041797],[14.524585756865722,45.26628454776172],[14.354488405791503,45.32289084048633],[14.075900831918274,45.27622876895767],[13.989806030447117,45.419720104742936],[14.219392167703536,45.47711663905704],[14.075900831918274,45.6780045091564],[13.67318061312793,45.71450766177539],[13.564614328948242,45.72652395816211],[13.437729868499023,45.638431154207034],[13.367695841399414,45.69448813052539],[13.500387806353855,45.940027500065376],[13.606337580291015,46.13213690371875],[13.6211014123833,46.420882783845705],[13.725147154229617,46.646414021960624],[13.709092915095635,46.83906489156842],[13.58065900202377,46.83906489156842],[13.516442045487839,46.99960728290825],[13.291682697612078,47.06382423944418],[12.697675849654708,46.9514445655063],[12.407154703364085,46.96407591969285],[12.392645306109031,47.0477700003102],[12.472916501778947,47.06382423944418],[12.472916501778947,47.22436663078401],[12.777947045324623,47.28858358731994],[13.03481487146835,47.20831239165003],[13.275628458478096,47.22436663078401],[13.85358106730148,47.19225815251605],[13.805418349899531,47.28858358731994],[13.901743784703429,47.40096326125782],[13.805418349899531,47.44912597865977],[13.805418349899531,47.49728869606172],[13.757255632497584,47.5133429351957],[13.676984436827668,47.46518021779376],[13.516442045487839,47.52939717432969],[13.564604762889788,47.78626500047341],[13.516442045487839,47.8023192396074],[13.420116610683941,47.834427717875364],[13.388008132415976,47.946807391813245],[13.253303145464306,48.06929669654088],[13.472706151197109,48.20539389801292],[13.676984436827668,48.33210913102884],[13.946682962981445,48.655101381257815],[13.745481524077636,48.9399486407793],[13.652069124785644,48.956100069001955],[13.578151735869628,49.03689154239063],[13.479734453765136,48.999183259919924],[13.39694312533496,49.08953436465625],[13.20311168154834,49.16617163272266],[12.945256266204101,49.39791830630664],[12.860805544463378,49.36557348819141],[12.64577582797168,49.48458441348438],[12.536298784819824,49.56257589908008],[12.519705805388671,49.66758307071094],[12.448309931365234,49.70614584536914],[12.484350237456542,49.88884695620899],[12.213513131367174,50.00894280204662],[12.127772252594891,50.15184426666709],[12.084901813208749,50.15184426666709],[12.083700760863987,50.261748438753024],[12.152323347953004,50.241596775956836],[12.177257230835005,50.19172901019283],[12.202191113717008,50.23967878496591],[12.461618456450683,50.39812429995899],[12.593851122466308,50.383563600496096],[12.783669504729492,50.474105440095705],[12.98234466036914,50.474105440095705],[13.01750091036914,50.5555492267168],[13.189395937529785,50.560977540925784],[13.232996019927246,50.663768373445315],[13.394154581633789,50.69134481997852],[13.47326377352832,50.65874060244922],[13.524158510771972,50.75654562564258],[13.85478118380664,50.76741751284961],[13.910657915679199,50.843509279207034],[14.146485361663085,50.86525686831836],[14.274748835173828,50.908755861238284],[14.388769182769042,50.94682653994922],[14.261660608855468,51.04473837466602],[14.45779803713916,51.07738455386524],[14.596383127776367,51.02297552676563],[14.610322985259277,50.89788015933399],[14.764811548796875,50.86525686831836],[14.828880343047363,50.91691168399219],[14.997266802397949,50.91691168399219],[15.008268389312011,50.98489340396289],[14.980959925261718,51.017535768464846],[15.009285959807617,51.055621705964846],[15.26701262911914,51.02297552676563],[15.341517139764719,51.28686133011611],[15.257785812838659,51.62178663782034],[14.867039620517055,51.59387619551166],[14.867039620517055,51.761338849363774],[15.1740544859126,51.78924929167246],[15.200188659714534,51.98525559518695],[15.229875370529975,52.20790592630275],[15.764534781005738,52.26547121356442],[16.095099082099242,52.124174599376694],[16.50590590483021,52.003810816920485],[16.50590590483021,52.17825108134978],[16.85478643368879,51.916590684705845],[16.85478643368879,51.65493028806191],[17.203666962547363,51.61132022195459],[17.29088709476201,51.78576048638388],[17.552547491405942,51.65493028806191],[17.639767623620585,51.4368799575253],[18.140061199789763,50.98765893485682],[18.646036580345903,50.64451035793008],[18.74563352241608,50.266041978063406],[18.769068769057146,50.17698804082737],[18.79631522616504,49.71344717593555],[18.89645184658895,49.71272535284275],[18.92670686530177,49.6219602967043],[19.108236977578674,49.59170527799148],[19.138491996291496,49.71272535284275],[19.380532145994035,49.803490408981204],[19.56206225827094,49.71272535284275],[19.56206225827094,49.53119524056584],[19.71333735183503,49.53119524056584],[19.894867464111936,49.470685203140214],[20.01588753896321,49.803490408981204],[20.348692744804204,49.74298037155557],[20.53022285708111,49.803490408981204],[20.6814979506452,49.652215315417116],[20.893283081634923,49.74298037155557],[20.80251802549647,49.833745427694026],[20.893283081634923,49.833745427694026],[20.984048137773375,49.74298037155557],[21.135323231337463,49.833745427694026],[21.286598324901554,49.77323539026839],[21.31685334361437,49.86400044640684],[21.770678624306637,49.74298037155557],[21.770678624306637,49.59170527799148],[23.888529934203877,49.25890007215049],[24.16082510261924,48.98660490373513],[24.342355214896145,48.35124951076595],[24.735670458162776,48.23022943591469],[24.886945551726864,47.89742423007369],[24.796180495588413,47.80665917393524],[25.24590542496276,47.68617991737019],[25.684687274558947,47.61867501743232],[26.292231373999822,47.213645617805064],[26.190974024093013,46.80861621817781],[25.853449524403636,46.67360641830206],[25.65093482459001,46.40358681855056],[25.448420124776383,46.30232946864374],[25.51592502471426,45.79604271910968],[24.942133375242317,45.96480496895437],[24.402094175739318,45.897300069016495],[24.06456967604994,46.09981476883012],[23.79455007629844,46.06606231886118],[23.558282926515876,45.897300069016495],[23.254510876795436,46.06606231886118],[23.018243727012873,45.86354761904756],[22.47820452750987,45.728537819171805],[22.39533262805393,45.272742372164124],[22.34319472763412,44.98598391985518]]],[[[20.076397576388842,53.58536774808342],[19.925122482824754,53.91817295392442],[19.68308233312221,53.85766291649878],[19.570403223245147,54.25508398112746],[19.733119043914062,54.31026800723438],[19.914581807330855,54.394662508616506],[20.046142557676024,54.19046812233977],[20.469712819655474,54.34174321590387],[21.014303156486196,54.09970306620132],[20.560477875793925,53.82740789778597],[20.409202782229837,53.43409265451934],[20.076397576388842,53.58536774808342]]],[[[11.233364867545989,46.00910505953859],[11.165859967608114,45.73908545978709],[10.929592817825549,45.84034280969391],[10.7945830179498,45.63782810988028],[10.65957321807405,45.806590359724964],[10.524563418198298,45.73908545978709],[10.457058518260423,46.21161975935222],[10.558315868167236,46.312877109259034],[10.558315868167236,46.71790650888628],[10.454307874799005,46.82632115011942],[10.470021,46.855238],[10.490053,46.93811],[10.389544,47.001015],[10.365569721539055,46.98784423665748],[10.104121,46.844212],[9.87584,46.938242],[9.876178745279995,46.945099646790794],[9.879889,47.020211],[9.801076581666056,47.032618914135554],[9.646456325123664,47.056961713244526],[9.601992,47.063962],[9.584708577582697,47.06309092508271],[9.473439,47.057483],[9.516497212587279,47.21560276751271],[9.530214,47.265974],[9.67228,47.383309],[9.562466751374878,47.49996934689225],[9.59837981703166,47.487290214815076],[9.641345290198974,47.50711126748055],[9.64783212793817,47.488110994128014],[9.665830095197322,47.49598965630363],[9.678074563190693,47.488834209737405],[9.699246020649776,47.50628272822371],[9.742809515024337,47.504640797816485],[9.752371325522281,47.51076644905111],[9.712416939502718,47.55061659600564],[9.680344534585727,47.54265822345445],[9.680243137506228,47.55630921377518],[9.665470719275044,47.55624011404333],[9.736709627715332,47.616065584138674],[9.779980692473632,47.56662329287891],[9.891994509307128,47.56352957339649],[9.938269648162109,47.50173147769336],[10.025811228362304,47.480113588289065],[10.02095321139453,47.40597113223438],[10.13797381838916,47.388656221345705],[10.102937731353027,47.30096014590625],[10.199509653655273,47.30096014590625],[10.403125795928222,47.45539053531055],[10.38832667788623,47.5789867267168],[10.495405230132324,47.560435853914065],[10.613203081694824,47.58516653628711],[10.834806475249511,47.544993959382815],[10.876619371978027,47.480113588289065],[10.902938875762207,47.41523703189258],[11.17034629305957,47.42449911685352],[11.340007814971191,47.47084005923633],[11.359831842986328,47.52954062075977],[11.503432306853515,47.535716615632815],[11.55956748446582,47.612979494050784],[12.122032198516113,47.628429017976565],[12.163277659026367,47.70879324527149],[12.358181032744628,47.724254213289065],[12.446094545928222,47.66242178531055],[12.700078997222167,47.69024618716602],[12.76539138278125,47.637698732332034],[12.743726763335449,47.56352957339649],[12.878921124393258,47.50876443638601],[12.82610976272657,47.44912597865977],[12.681621610520725,47.48123445692774],[12.64951313225276,47.44912597865977],[12.60135041485081,47.46518021779376],[12.585296175716827,47.545451413463674],[12.521079219180898,47.545451413463674],[12.424753784377,47.43307173952579],[12.376591066975049,47.44912597865977],[12.360536827841067,47.52939717432969],[12.296319871305133,47.52939717432969],[12.232102914769204,47.43307173952579],[12.087614762563357,47.44912597865977],[12.087614762563357,47.35280054385588],[12.007343566893441,47.240420869918],[12.05550628429539,47.19225815251605],[12.183940197367255,47.28858358731994],[12.232102914769204,47.256475109051976],[12.280265632171153,47.240420869918],[12.312374110439118,47.144095435114096],[12.183940197367255,47.09593271771215],[12.232102914769204,47.0477700003102],[12.280265632171153,47.09593271771215],[12.328428349573102,46.967498804640286],[12.217808756438476,46.88431891055469],[12.074753794280273,46.92750509829883],[11.739651617080053,46.751658958855224],[11.908413866924741,46.414134459165844],[11.570889367235365,46.245372209321154],[11.570889367235365,45.975352609569654],[11.3346222174528,46.00910505953859],[11.233364867545989,46.00910505953859]]]]}},{"type":"Feature","properties":{"name":"Baden","subject":"Baden","partOf":"Baden","borderPrecision":3,"color":"#739b91"},"geometry":{"type":"MultiPolygon","coordinates":[[[[8.407313,47.674385],[8.609365,47.671693],[8.583837,47.59591],[8.4086489969902,47.60773023226842],[8.217061,47.620657],[8.195666641355103,47.6171274469864],[7.691075,47.533882],[7.639979,47.562632],[7.666469790303913,47.5798342199269],[7.699842,47.601505],[7.598232,47.590418],[7.582543780679759,47.57865507740098],[7.506581816283447,47.60370596499805],[7.445963415709716,47.70879324527149],[7.543118509856445,48.02423056216602],[7.502136263457519,48.058272920564455],[7.536028418151123,48.19133719058399],[7.68064263781665,48.358523927644534],[7.704579386321289,48.519576631501955],[7.729077848998291,48.615619264558596],[8.15829566439746,48.97834738345508],[8.483318940963072,49.29376016201373],[8.310425067703992,49.55310097190235],[8.512134586506251,49.52428532635918],[8.59858152313579,49.380207098643275],[8.65621281422215,49.55310097190235],[8.72066692917796,49.55310097190235],[8.741518209327307,49.39801582703891],[8.804072049775348,49.356313266740216],[8.929179730671429,49.356313266740216],[8.970882290970124,49.33546198659087],[8.908328450522083,49.27290814614283],[8.970882290970124,49.27290814614283],[9.075138691716859,49.27290814614283],[9.075138691716859,49.37716454688957],[9.158543812314246,49.39801582703891],[9.221097652762285,49.52312350793499],[9.32535405350902,49.52312350793499],[9.304502773359673,49.627379908681725],[9.408759174106407,49.66908246898042],[9.471313014554447,49.648231188831076],[9.59642069545053,49.648231188831076],[9.59642069545053,49.60652862853238],[9.638123255749223,49.58567734838304],[9.637785200611807,49.29385643719748],[9.63776093389462,49.27290856586863],[9.471313014554447,49.21035430569479],[9.427765096139618,49.09493475490843],[9.261341370628926,49.063234997668296],[8.886737978567588,48.7750785422365],[8.857922333024408,48.71744725115014],[8.74265975085169,48.83270983332286],[8.368056358790351,48.486922086804704],[8.022268612272194,48.45810644126152],[8.396872004333531,47.910609175941104],[8.512134586506251,48.112318694743365],[8.594301438872222,47.88935601792852],[8.635127839061997,47.778572128696844],[8.636046431014696,47.77607949675614],[8.632515000858186,47.777837425737296],[8.571772,47.808075],[8.482781481706116,47.735733915652474],[8.407313,47.674385]]]]}},{"type":"Feature","properties":{"name":"Holy Roman Empire","subject":"Holy Roman Empire","partOf":"Holy Roman Empire","borderPrecision":3,"color":"#b47c6f"},"geometry":{"type":"MultiPolygon","coordinates":[[[[10.180211007827452,51.596400792997],[10.217724860502129,51.612478158429006],[10.233802225934133,51.580323427565],[10.325220599221343,51.575244629049045],[10.351702905768827,51.612478158429006],[10.389216758443503,51.59104167118634],[10.426730611118177,51.612478158429006],[10.416012367496842,51.655351132914355],[10.453526220171517,51.67678762015702],[10.474962707414189,51.649992011103684],[10.517835681899532,51.67678762015702],[10.538580669553731,51.66295762838756],[10.57142690000621,51.62319640205035],[10.528553925520868,51.60175991480767],[10.54999041276354,51.574964305754335],[10.597552618833216,51.564246062132995],[10.691337250519904,51.61783728023968],[10.832014198049936,51.61113837797634],[10.872207611629946,51.65133179155635],[10.892304318419951,51.637933987029676],[10.952594438789966,51.631235084766345],[10.97269114557997,51.584342768923],[11.059127497840146,51.55748842913606],[11.126115468584523,51.57981775271752],[11.066570605700633,51.74728767957846],[11.167052561817199,51.803110988532104],[11.181938777538171,51.777060111020404],[11.256369856143035,51.79566788067162],[11.282420733654737,51.76217389529943],[11.390345797631788,51.76961700315992],[11.416396675143492,51.83288341997405],[11.498270861608841,51.82916186604381],[11.587588155934677,51.91847916036965],[11.676905450260513,51.91847916036965],[11.702956327772215,51.94453003788135],[11.688070112051243,51.95197314574183],[11.792273622098051,52.05617665578865],[11.833210715330727,52.07478442543986],[11.815324840086392,52.15444769308081],[11.939532799160581,52.1382466549407],[12.106943526608402,52.20305080750115],[12.139345602888627,52.18684976936104],[12.106943526608402,52.1382466549407],[12.18524854428561,52.07344250238025],[12.36345996382684,52.06264181028684],[12.579473805694995,52.09504388656707],[13.141109794552202,52.04644077214673],[13.106007545248627,52.240853229828076],[13.246416542462928,52.230052537734664],[13.397626231770637,52.25165392192148],[13.38682553967723,52.05184111819344],[13.602839381545387,52.11124492470718],[13.80045829469196,52.06331685354268],[13.859524579577783,52.14769726052243],[14.011409312141332,52.14769726052243],[14.053599515631205,52.324896115179904],[14.137979922610954,52.27426787099205],[14.323616817966402,52.33333415587787],[14.323616817966402,52.27426787099205],[14.551443916811722,52.27426787099205],[14.509253713321849,51.962060365166984],[14.526129794717798,51.886117998885204],[15.200188659714534,51.98525559518695],[15.1740544859126,51.78924929167246],[14.867039620517055,51.761338849363774],[14.867039620517055,51.59387619551166],[15.257785812838659,51.62178663782034],[15.341517139764719,51.28686133011611],[15.26701262911914,51.02297552676563],[15.009285959807617,51.055621705964846],[14.980959925261718,51.017535768464846],[15.008268389312011,50.98489340396289],[14.997266802397949,50.91691168399219],[14.828880343047363,50.91691168399219],[14.764811548796875,50.86525686831836],[14.610322985259277,50.89788015933399],[14.596383127776367,51.02297552676563],[14.45779803713916,51.07738455386524],[14.261660608855468,51.04473837466602],[14.388769182769042,50.94682653994922],[14.274748835173828,50.908755861238284],[14.146485361663085,50.86525686831836],[13.910657915679199,50.843509279207034],[13.85478118380664,50.76741751284961],[13.524158510771972,50.75654562564258],[13.47326377352832,50.65874060244922],[13.394154581633789,50.69134481997852],[13.232996019927246,50.663768373445315],[13.189395937529785,50.560977540925784],[13.01750091036914,50.5555492267168],[12.98234466036914,50.474105440095705],[12.783669504729492,50.474105440095705],[12.593851122466308,50.383563600496096],[12.461618456450683,50.39812429995899],[12.202191113717008,50.23967878496591],[12.177257230835005,50.19172901019283],[12.152323347953004,50.241596775956836],[12.083700760863987,50.261748438753024],[12.084901813208749,50.15184426666709],[12.127772252594891,50.15184426666709],[12.213513131367174,50.00894280204662],[12.484350237456542,49.88884695620899],[12.448309931365234,49.70614584536914],[12.519705805388671,49.66758307071094],[12.536298784819824,49.56257589908008],[12.64577582797168,49.48458441348438],[12.860805544463378,49.36557348819141],[12.945256266204101,49.39791830630664],[13.20311168154834,49.16617163272266],[13.39694312533496,49.08953436465625],[13.479734453765136,48.999183259919924],[13.578151735869628,49.03689154239063],[13.652069124785644,48.956100069001955],[13.745481524077636,48.9399486407793],[13.946682962981445,48.655101381257815],[13.676984436827668,48.33210913102884],[13.472706151197109,48.20539389801292],[13.253303145464306,48.06929669654088],[13.388008132415976,47.946807391813245],[13.420116610683941,47.834427717875364],[13.516442045487839,47.8023192396074],[13.564604762889788,47.78626500047341],[13.516442045487839,47.52939717432969],[13.676984436827668,47.46518021779376],[13.757255632497584,47.5133429351957],[13.805418349899531,47.49728869606172],[13.805418349899531,47.44912597865977],[13.901743784703429,47.40096326125782],[13.805418349899531,47.28858358731994],[13.85358106730148,47.19225815251605],[13.275628458478096,47.22436663078401],[13.03481487146835,47.20831239165003],[12.777947045324623,47.28858358731994],[12.472916501778947,47.22436663078401],[12.472916501778947,47.06382423944418],[12.392645306109031,47.0477700003102],[12.407154703364085,46.96407591969285],[12.328428349573102,46.967498804640286],[12.280265632171153,47.09593271771215],[12.232102914769204,47.0477700003102],[12.183940197367255,47.09593271771215],[12.312374110439118,47.144095435114096],[12.280265632171153,47.240420869918],[12.232102914769204,47.256475109051976],[12.183940197367255,47.28858358731994],[12.05550628429539,47.19225815251605],[12.007343566893441,47.240420869918],[12.087614762563357,47.35280054385588],[12.087614762563357,47.44912597865977],[12.232102914769204,47.43307173952579],[12.296319871305133,47.52939717432969],[12.360536827841067,47.52939717432969],[12.376591066975049,47.44912597865977],[12.424753784377,47.43307173952579],[12.521079219180898,47.545451413463674],[12.585296175716827,47.545451413463674],[12.60135041485081,47.46518021779376],[12.64951313225276,47.44912597865977],[12.681621610520725,47.48123445692774],[12.82610976272657,47.44912597865977],[12.878921124393258,47.50876443638601],[12.743726763335449,47.56352957339649],[12.76539138278125,47.637698732332034],[12.700078997222167,47.69024618716602],[12.446094545928222,47.66242178531055],[12.358181032744628,47.724254213289065],[12.163277659026367,47.70879324527149],[12.122032198516113,47.628429017976565],[11.55956748446582,47.612979494050784],[11.503432306853515,47.535716615632815],[11.359831842986328,47.52954062075977],[11.340007814971191,47.47084005923633],[11.17034629305957,47.42449911685352],[10.902938875762207,47.41523703189258],[10.876619371978027,47.480113588289065],[10.834806475249511,47.544993959382815],[10.613203081694824,47.58516653628711],[10.495405230132324,47.560435853914065],[10.38832667788623,47.5789867267168],[10.403125795928222,47.45539053531055],[10.199509653655273,47.30096014590625],[10.102937731353027,47.30096014590625],[10.13797381838916,47.388656221345705],[10.02095321139453,47.40597113223438],[10.025811228362304,47.480113588289065],[9.938269648162109,47.50173147769336],[9.891994509307128,47.56352957339649],[9.779980692473632,47.56662329287891],[9.736709627715332,47.616065584138674],[9.665470719275044,47.55624011404333],[9.653150344436488,47.55618248403419],[9.62819114515806,47.57039558844471],[9.606712670379503,47.57248189051159],[9.60088044237073,47.58531266106803],[9.56335717626282,47.584746979125],[9.5339256480945,47.59678061932501],[9.502257340469352,47.64637098550931],[9.488171047056394,47.651505682883],[9.466080995855355,47.64798023777849],[9.421182075871505,47.66594768445761],[9.347634956983754,47.660919078143486],[9.287804878151578,47.683765275235324],[9.237245446629197,47.711482986700766],[9.225777565070517,47.739347885480086],[9.132380912926813,47.77233665825951],[9.105701403173684,47.79244785892643],[9.042968426858371,47.817624090976025],[9.030608947173162,47.80499434017611],[9.06687405483502,47.779532244267855],[9.173649406371743,47.734443430470506],[9.179800812772427,47.70459486004789],[9.201323419921486,47.707409761844914],[9.188048383707981,47.69930759937596],[9.211480461040331,47.68278743369377],[9.216057312656226,47.67100283816658],[9.209428581657185,47.67361037475582],[9.1985578866875,47.67788656802539],[9.118142444734893,47.67853423872031],[9.112519530198746,47.68572201095995],[9.081389504422836,47.68320700711846],[9.043323638417071,47.69346286852432],[9.048183735261208,47.70827352674581],[9.084469172589861,47.68972093590616],[9.10902282658467,47.69016204849861],[9.100921224629866,47.702421832185856],[8.987175500981742,47.74340889394121],[9.01401797736814,47.71960763133936],[8.959238171322115,47.73739127940454],[8.939972749823733,47.726182321942055],[8.994297857106877,47.70671364928088],[9.00635064628403,47.694759228843544],[8.99458859182209,47.68441116867369],[8.983487283772462,47.679618759299416],[8.827295277638896,47.68087673889509],[8.827295277638889,47.68087673889509],[8.756290789225467,47.716222432407974],[8.7465637959851,47.721064482953764],[8.636046431014696,47.77607949675614],[8.635127839061997,47.778572128696844],[8.594301438872222,47.88935601792852],[8.682466097730924,47.969966191590196],[8.612128655764906,48.23121954746398],[8.521694801808597,48.29150878343485],[8.290586063920248,48.35179801940573],[8.290586063920248,48.2814605774397],[8.511646595813449,48.14078569350767],[8.512134586506251,48.112318694743365],[8.396872004333531,47.910609175941104],[8.022268612272194,48.45810644126152],[8.368056358790351,48.486922086804704],[8.74265975085169,48.83270983332286],[8.857922333024408,48.71744725115014],[8.886737978567588,48.7750785422365],[9.261341370628926,49.063234997668296],[9.427765096139618,49.09493475490843],[9.471313014554447,49.21035430569479],[9.63776093389462,49.27290856586863],[9.637785200611807,49.29385643719748],[9.638123255749223,49.58567734838304],[9.59642069545053,49.60652862853238],[9.59642069545053,49.648231188831076],[9.471313014554447,49.648231188831076],[9.408759174106407,49.66908246898042],[9.304502773359673,49.627379908681725],[9.32535405350902,49.52312350793499],[9.221097652762285,49.52312350793499],[9.158543812314246,49.39801582703891],[9.075138691716859,49.37716454688957],[9.075138691716859,49.27290814614283],[8.970882290970124,49.27290814614283],[8.908328450522083,49.27290814614283],[8.970882290970124,49.33546198659087],[8.929179730671429,49.356313266740216],[8.804072049775348,49.356313266740216],[8.741518209327307,49.39801582703891],[8.72066692917796,49.55310097190235],[8.65621281422215,49.55310097190235],[8.59858152313579,49.380207098643275],[8.512134586506251,49.52428532635918],[8.310425067703992,49.55310097190235],[8.483318940963072,49.29376016201373],[8.15829566439746,48.97834738345508],[7.885707888213378,49.06520804019336],[7.670458349791748,49.05900915713672],[7.465429815856201,49.09933432193164],[7.422812018004638,49.183108888582034],[7.317378077117187,49.18621405215625],[7.284997973052246,49.164493165925784],[6.974740538207275,49.13656958194141],[6.954413923827392,49.20173605533008],[6.77724269351123,49.17690237613086],[6.625501665679199,49.30178793521289],[6.433043036071044,49.445331178621096],[6.3994536729729,49.60418661685352],[6.511355433074218,49.668929658845705],[6.530922445861084,49.79842718692188],[6.321478399840576,49.84161337466602],[6.136599573699218,49.981978975251955],[6.108513388243896,50.11745413394336],[6.298354181853515,50.286868654207034],[6.28142503222583,50.49760016055469],[6.154545816985351,50.66175802798633],[5.999575647917968,50.74159964175586],[6.073926481810791,50.866614900544924],[6.009666475859863,50.964496217683596],[5.927895102111084,50.98081549258594],[5.964243445006591,51.024337373689455],[6.070175680724365,51.084186159089846],[6.176207575408203,51.1440502032793],[6.089237246123535,51.19848593325977],[6.179620298949462,51.322330079988284],[6.222278151122314,51.389102540925784],[6.330623666912978,51.38532973526045],[6.439963897330928,51.44780986692785],[6.486823996081479,51.5883901631795],[6.580544193582579,51.60401019609635],[6.62740429233313,51.54153006442895],[6.62740429233313,51.41656980109415],[6.76798458858478,51.41656980109415],[6.721124489834231,51.51028999859525],[6.76798458858478,51.63525026193005],[6.643024325249979,51.744590492347996],[6.486823996081479,51.744590492347996],[6.381445440856201,51.81990011783008],[6.680369410125,51.88775213809375],[6.82461646517871,51.95638617129688],[6.882234129515869,52.12573202700977],[7.067718062010986,52.21864279361133],[7.068196612074827,52.27264082020265],[7.069026503173095,52.366283021882815],[6.996851477233154,52.442874513582034],[6.911921534148437,52.41551931949024],[6.713568243590576,52.47569998355274],[6.726836237517578,52.558333955720705],[6.778090509978515,52.639930330232424],[7.034791025725585,52.62350424380664],[7.072895083037597,52.804263673738284],[7.228004488555175,52.96671637149219],[7.159938845244628,53.16400106997852],[7.189745459166748,53.230140291169924],[6.980709108916503,53.3166576251543],[7.03733209094165,53.51014669986133],[7.165639433470947,53.591670595125],[7.332391771880371,53.60442694278125],[7.836380991545898,53.63209494204883],[7.87502889291447,53.63368572579089],[7.906072114923678,53.44729736899038],[7.875035945419855,53.436951979155765],[7.85434516575064,53.39557041981734],[7.895726725089069,53.38522502998273],[7.947453674262105,53.3438434706443],[7.947453674262105,53.28177113163666],[7.906072114923678,53.27142574180205],[7.864690555585248,53.27142574180205],[7.833654386081426,53.24038957229823],[7.833654386081426,53.209353402794406],[7.771582047073784,53.147281063786764],[7.897888899828896,53.09561443784883],[8.140821389683701,53.02416370553859],[8.187142679245195,52.926089782178536],[8.206667720391257,52.69178928842579],[8.109042514660944,52.69178928842579],[8.109042514660944,52.39891367123485],[8.199482505249508,52.11306706885649],[8.17948886311594,52.05308614245578],[8.089517473514883,52.05308614245578],[8.049530189247747,51.91313064752081],[8.539374421520165,51.84315290005332],[8.59935534792087,51.853149721120104],[8.579361705787303,52.043089321389004],[8.7693013060562,52.06308296352257],[8.71931720072228,52.22303210059111],[8.870519119357386,52.45748879467303],[8.948619283941637,52.41843871238091],[9.007194407379824,52.43796375352697],[9.099196401260073,52.37298441659288],[9.049212295926154,52.13306071099006],[9.119190043393642,52.093073426722924],[9.159177327660778,51.94312111072116],[9.229155075128267,51.923127468587595],[9.219158254061483,52.05308614245578],[9.299132822595755,52.03309250032222],[9.319126464729322,51.9831083949883],[9.419094675397163,51.993105216055085],[9.40909785433038,52.22303210059111],[9.529059707131788,52.2330289216579],[9.619031096732844,52.31300349019217],[9.75898659166782,52.25302256379147],[9.898942086602798,52.25302256379147],[10.07888486580491,52.19304163739076],[10.55317239133862,52.16714726583313],[10.578293274826127,52.09178461537061],[10.843262551679686,51.88443039074562],[10.665051132138458,51.7278203553912],[10.65425044004505,51.76022243167143],[10.486183368705271,51.82382852483722],[10.452688857388598,51.857323036153886],[10.368952579096911,51.82382852483722],[10.37732620692608,51.79870764134971],[10.335458067780236,51.773586757862205],[10.327084439951069,51.79870764134971],[10.343831695609405,51.80708126917888],[10.3187108121219,51.83220215266638],[10.293589928634393,51.815454897008046],[10.260095417317718,51.857323036153886],[10.19310639468437,51.76521313003303],[10.210820802394673,51.66292843835752],[10.151422841538174,51.63653898756669],[10.079599721724353,51.626278541879],[10.079599721724353,51.63653898756669],[10.048818384661288,51.64679943325438],[10.02829749328591,51.64679943325438],[10.018037047598222,51.657059878942064],[9.987255710535155,51.657059878942064],[9.95647437347209,51.61601809619131],[9.987255710535155,51.595497204815935],[9.987255710535155,51.56471586775287],[9.946213927784402,51.58523675912825],[9.915432590721336,51.63653898756669],[9.905172145033646,51.61601809619131],[9.864130362282893,51.61601809619131],[9.853869916595205,51.55445542206518],[9.823088579532138,51.55445542206518],[9.783604746426333,51.559877716660765],[9.724538119758456,51.622524138884266],[9.554552238218132,51.636991022419615],[9.472162533086625,51.64400291221804],[9.351096907418476,51.598234200075204],[9.380011774788475,51.514505544542885],[9.410634847128762,51.55533630766327],[9.441257919469049,51.494090162982694],[9.420842537908857,51.45325939986231],[9.451465610249144,51.38180556440164],[9.502504064149623,51.351182492061355],[9.471880991809336,51.25931327504049],[9.594373281170483,51.2388978934803],[9.573957899610292,51.31035172894097],[9.648661002841433,51.30820472556066],[9.730744568342942,51.34924650831141],[9.792307242469072,51.33898606262372],[9.894911699345958,51.39028829106216],[9.976995264847467,51.400548736749855],[9.976995264847467,51.44159051950061],[10.089860167412041,51.48263230225136],[10.10012061309973,51.45185096518829],[10.161683287225863,51.472371856563676],[10.151873936630981,51.5116092589432],[10.196288373259456,51.52673220945832],[10.201647495070125,51.564246062132995],[10.180211007827452,51.596400792997]],[[7.548986234427286,50.869868649004395],[7.767666695263187,50.838628583170696],[7.908246991514838,50.963588846505495],[7.877006925681137,51.072929076923444],[7.658326464845237,51.26036947192564],[7.720806596512636,51.51028999859525],[7.970727123182238,51.432189834011],[8.048827287766489,51.432189834011],[7.908246991514838,51.682110360680596],[7.627086399011536,51.697730393597446],[7.174105444422883,51.666490327763746],[6.971045016503831,51.5883901631795],[7.002285082337532,51.432189834011],[7.064765214004932,51.432189834011],[7.299065707757684,50.838628583170696],[7.548986234427286,50.869868649004395]],[[7.541176217968861,52.00232103547602],[7.736426629429486,51.90469582974571],[7.697376547137361,52.25614657037484],[7.502126135676735,52.353771776105155],[7.384975888800359,52.607597311003964],[7.248300600777922,52.607597311003964],[7.189725477339733,52.556832204024204],[7.248300600777922,52.373296817251216],[7.502126135676735,52.19757144693665],[7.541176217968861,52.00232103547602]],[[11.178217223607929,51.54632376734533],[11.13355857644501,51.51655133590339],[11.070179414979485,51.440772061731074],[11.086875997045942,51.407378897598164],[11.13696574324531,51.407378897598164],[11.203752071511136,51.27380624106651],[11.253841817710505,51.25710965900006],[11.287234981843419,51.357289151398795],[11.420807638375068,51.373985733465254],[11.420807638375068,51.30719940519943],[11.537683712840263,51.30719940519943],[11.520987130773808,51.45746864379753],[11.442447552655192,51.613311738089706],[11.390345797631788,51.650527277392136],[11.245205194352305,51.657970385252625],[11.170774115747442,51.60214707629898],[11.178217223607929,51.54632376734533]],[[10.426562068336676,51.2362822984283],[10.519192206786425,51.26378829182664],[10.510466889409862,51.477160332709644],[10.46960358560352,51.489218356783645],[10.288400215479232,51.518538638828716],[10.233802225934133,51.47850011316231],[10.255238713176805,51.4302680168663],[10.426562068336676,51.2362822984283]]],[[[8.661238,47.690952],[8.669593,47.691285],[8.679178,47.697657],[8.666839,47.71145],[8.678609,47.712165],[8.681002,47.708906],[8.692145,47.709313],[8.691899,47.71182],[8.69968,47.713826],[8.702477,47.714319],[8.717041,47.691107],[8.703479,47.69271],[8.689335,47.695778],[8.666362,47.685579],[8.661238,47.690952]]]]}},{"type":"Feature","properties":{"name":"Republic of the Seven Zenden","subject":"Republic of the Seven Zenden","partOf":"Republic of the Seven Zenden","borderPrecision":3,"color":"#b69578"},"geometry":{"type":"MultiPolygon","coordinates":[[[[8.243385179510536,46.355648178418804],[8.08862,46.267772],[8.153968,46.145745],[7.873309,45.921406],[7.576875,45.991122],[7.19574,45.860518],[7.048637,45.923903],[6.876258,46.054467],[6.903116,46.125445],[6.804016,46.136794],[6.863716,46.292272],[6.776061,46.362191],[6.809442,46.380232],[6.809147838242454,46.39368172924781],[6.856912456646007,46.38532553426575],[6.857919770712584,46.38820405444768],[6.863911,46.387529],[6.86443,46.395461],[6.866539,46.395577],[6.872439,46.393418],[6.878356242253377,46.3942144611218],[7.033171380364716,46.18367831907331],[7.221251126231419,46.3273659458753],[7.500082637586253,46.3727582953305],[7.547015031400663,46.387358994876045],[7.546729928829225,46.387864658471635],[7.534989454043493,46.40868779824256],[7.610190952560747,46.44324495463201],[7.694239686197679,46.42596911479142],[7.70503706207693,46.38054382281367],[7.708985078063805,46.36393425203071],[7.751746714475578,46.36291669955854],[7.750272175288965,46.32118072966271],[7.906573329069923,46.301828866865534],[7.999469297826533,46.323217369816824],[8.064987636333411,46.3638980852208],[8.176414000220069,46.433083359162026],[8.176414000220069,46.47067179698466],[8.314141537514287,46.39582387142589],[8.243385179510536,46.355648178418804]]]]}},{"type":"Feature","properties":{"name":"Geneva","subject":"Geneva","partOf":"Geneva","borderPrecision":3,"color":"#8aa0a8"},"geometry":{"type":"MultiPolygon","coordinates":[[[[6.156438110466878,46.269953057560144],[6.164277288200115,46.269072909972444],[6.147796147590462,46.20673725502066],[6.172219470275174,46.211872294689975],[6.193824202060431,46.238419184332706],[6.199127865688836,46.263974311208905],[6.200597746576099,46.26499501240314],[6.275253749808853,46.25661297242541],[6.107919725981933,46.125533662751955],[5.941489252654296,46.175540529207034],[6.010111299433578,46.24040946060946],[6.119987643559156,46.26259365503246],[6.156438110466878,46.269953057560144]]]]}},{"type":"Feature","properties":{"name":"Denmark-Norway","subject":"Denmark-Norway","partOf":"Denmark-Norway","borderPrecision":3,"color":"#b69578"},"geometry":{"type":"MultiPolygon","coordinates":[[[[19.561673197356445,79.76781805606251],[19.218064341155273,79.74022253604298],[18.330594095793945,79.8823657855547],[18.695826563445312,80.08740576358204],[19.06761840304492,80.16498144717579],[19.39876655062793,80.36864813418751],[19.91539672335742,80.63342627139454],[20.524457010833007,80.32244452090626],[20.97366431674121,80.27496679873829],[21.475871119109375,80.31472357364063],[21.88118270358203,80.27680548282032],[22.197699579802734,80.12329443545704],[22.58739951571582,80.26860388369923],[22.826014551726562,80.47298773379688],[23.216382059661132,80.61079748721485],[23.076764139739257,80.24058874698048],[23.11540893038867,80.09633978457813],[23.49826148470996,80.09711798282032],[23.944243464080078,80.31975897403126],[24.421435389128906,80.4372745379961],[24.782862696257812,80.37966497989063],[25.033976587859375,80.16746862979298],[25.35129645785449,80.14890631289845],[26.254410776702148,80.19886358828907],[26.948615107146484,80.11370428653126],[27.19679549655078,79.9443546161211],[26.96863082369922,79.85386236758595],[26.06695846041797,79.57410009951954],[25.336686167327148,79.40301092715626],[24.85516074618457,79.37533911319142],[24.416337046233398,79.3121524676836],[23.820517572966796,79.14745672793751],[20.99829390963672,79.1910816058672],[20.983325037566406,79.36089666934376],[21.654866251555664,79.47809942813282],[21.970780405608398,79.7828555926836],[21.252636942473632,79.78903540225392],[20.344210657683593,79.7962833270586],[19.561673197356445,79.76781805606251]]],[[[14.825,55.257],[14.839,55.251],[14.887,55.229],[14.997,55.187],[15.065,55.162],[15.074,55.16],[15.091,55.155],[15.123,55.149],[15.134,55.144],[15.141,55.139],[15.149,55.129],[15.15,55.089],[15.148,55.082],[15.107,55.026],[15.103,55.021],[15.077,55.001],[15.061,54.996],[15.052,54.995],[15.043,54.995],[14.942,55.013],[14.882,55.029],[14.747,55.065],[14.729,55.073],[14.68,55.1],[14.678,55.102],[14.699,55.215],[14.744,55.292],[14.746,55.296],[14.76,55.304],[14.764,55.306],[14.77,55.306],[14.799,55.282],[14.806,55.276],[14.813,55.269],[14.82,55.261],[14.825,55.257]]],[[[10.529,55.029],[10.519,55.029],[10.498,55.029],[10.153,55.084],[10.135,55.117],[10.151,55.122],[10.154,55.127],[10.153,55.133],[10.15,55.137],[10.119,55.179],[10.108,55.186],[10.099,55.188],[10.006,55.193],[9.897,55.28],[9.897,55.286],[9.888,55.337],[9.887,55.342],[9.811,55.437],[9.768,55.467],[9.729,55.474],[9.70448052681578,55.48347343282118],[9.630183252898437,55.45940741153125],[9.543865236846191,55.35126455874805],[9.51656154116748,55.223067842439455],[9.517821344939453,55.128680787996096],[9.421020540801269,54.97648199649219],[9.49598220309375,54.93829306216602],[9.610262903777343,54.880042634919924],[9.864443811980468,54.72629126162891],[9.986687693206054,54.592444978669924],[9.978010210601074,54.49014624209766],[9.864808115569335,54.41139944644336],[10.06492808779834,54.43389471621875],[10.141728434172851,54.33675345034961],[9.884802785007942,54.25410314727822],[9.826653504847892,54.27590912733824],[9.739429584607816,54.27590912733824],[9.674011644427761,54.18868520709817],[9.448683183807567,54.18868520709817],[9.44141452378756,54.24683448725822],[9.296041323387435,54.24683448725822],[9.259698023287404,54.304983767418264],[9.216086063167367,54.29044644737825],[9.165205443027324,54.31952108745828],[9.136130802947298,54.29771510739826],[9.05617554272723,54.3485957275383],[8.961682962467147,54.27590912733824],[8.884012255278808,54.229449830964846],[8.580725702849609,54.19368704409961],[8.553946528044921,54.27543982119922],[8.852422747222167,54.331649385408205],[8.950601610747558,54.418555818513674],[8.742068323699218,54.60780294986133],[8.595986399260742,54.76135214419727],[8.616097483245117,54.88736303897266],[8.64507487734912,55.06904562564258],[8.559559855071289,55.356124483064455],[8.481338533965332,55.3492389545],[8.318970713225585,55.481074892],[8.214038881865722,55.398597322419924],[8.03456691226123,55.47591360659961],[8.125073465911132,55.63582953067188],[8.320030245391113,55.76773413272266],[8.316974672881347,55.848914705232424],[8.116614374724609,56.09225805850391],[8.124479326812011,56.207477174714846],[8.183429751006347,56.43146475406055],[8.308830294219238,56.479205690339846],[8.452236208525878,56.41160162539844],[8.674888643828613,56.357745729402346],[8.868578943816406,56.61611136050586],[9.002701792327148,56.65715750308399],[9.135852846709472,56.46041830630664],[9.311874422637207,56.481124483064455],[9.322062525359375,56.718936525300784],[9.370146784392578,56.882266603425784],[9.834623369780761,56.88994177432422],[10.216188463774902,56.8498493060625],[10.229683909026367,56.60512503238086],[10.313760790435058,56.46947439761524],[10.825824770537597,56.44329031558399],[10.888675722686035,56.36874731631641],[10.75066855868457,56.09728201480274],[10.496092829314453,56.03362616153125],[10.442480120269042,56.15090139956836],[10.293446573821289,56.137069307283205],[10.175156626311523,56.07587393374805],[10.229878458586914,55.95089300723438],[10.147146257964355,55.76489218325977],[10.007120165435058,55.73038824649219],[9.975747141448242,55.62034948916797],[9.690073046294433,55.6048656329668],[9.738321065610545,55.534428382057676],[9.749,55.54],[9.813,55.547],[9.824,55.547],[9.832,55.545],[9.835,55.54],[9.835,55.527],[9.838,55.522],[9.843,55.519],[9.856,55.512],[9.865,55.51],[9.883,55.506],[9.895,55.506],[9.905,55.506],[9.922,55.51],[9.936,55.515],[10,55.541],[10.074,55.557],[10.125,55.568],[10.149,55.574],[10.165,55.579],[10.178,55.584],[10.213,55.599],[10.29,55.615],[10.299,55.617],[10.31,55.617],[10.327,55.612],[10.399,55.589],[10.406,55.586],[10.485,55.532],[10.474,55.515],[10.452,55.482],[10.445,55.479],[10.428,55.468],[10.422,55.464],[10.416,55.453],[10.418,55.447],[10.42,55.442],[10.426,55.439],[10.437,55.438],[10.469,55.437],[10.479,55.438],[10.6,55.483],[10.606,55.486],[10.609,55.492],[10.614,55.519],[10.617,55.564],[10.613,55.592],[10.607,55.602],[10.603,55.607],[10.611,55.617],[10.614,55.619],[10.619,55.619],[10.627,55.617],[10.634,55.61],[10.658,55.59],[10.662,55.585],[10.744,55.497],[10.747,55.491],[10.745,55.482],[10.791,55.363],[10.828,55.307],[10.835,55.294],[10.834,55.29],[10.816,55.205],[10.812,55.186],[10.786,55.128],[10.783,55.122],[10.779,55.118],[10.74,55.067],[10.733,55.064],[10.726,55.062],[10.666,55.061],[10.627,55.061],[10.616,55.061],[10.599,55.058],[10.584,55.053],[10.529,55.029]]],[[[11.785,54.64],[11.776,54.641],[11.736,54.645],[11.723,54.651],[11.694,54.656],[11.641,54.662],[11.588,54.664],[11.579,54.663],[11.522,54.642],[11.473,54.623],[11.466,54.62],[11.461,54.619],[11.456,54.619],[11.451,54.621],[11.377,54.647],[11.35,54.659],[11.315,54.676],[11.278,54.7],[11.262,54.707],[11.246,54.712],[11.191,54.726],[11.144,54.737],[11.126,54.74],[11.099,54.742],[11.032,54.756],[11.026,54.759],[11.02,54.763],[10.995,54.783],[10.991,54.787],[10.99,54.791],[11.025,54.814],[11.014,54.89],[11.014,54.896],[11.027,54.91],[11.032,54.915],[11.042,54.923],[11.058,54.935],[11.071,54.941],[11.119,54.951],[11.136,54.954],[11.164,54.957],[11.193,54.957],[11.24,54.957],[11.276,54.95],[11.288,54.943],[11.331,54.919],[11.336,54.916],[11.34,54.911],[11.347,54.896],[11.351,54.892],[11.361,54.884],[11.393,54.868],[11.409,54.862],[11.514,54.83],[11.564,54.822],[11.643,54.878],[11.642,54.901],[11.642,54.904],[11.644,54.906],[11.649,54.907],[11.657,54.904],[11.709,54.875],[11.735,54.855],[11.845,54.77],[11.849,54.766],[11.862,54.746],[11.862,54.743],[11.858,54.689],[11.856,54.683],[11.844,54.669],[11.834,54.661],[11.785,54.64]]],[[[12.072,54.786],[12.055,54.775],[11.981,54.71],[11.97,54.699],[11.963,54.685],[11.961,54.676],[11.959,54.663],[11.96,54.648],[11.963,54.63],[11.968,54.609],[11.974,54.587],[11.979,54.576],[11.98,54.57],[11.979,54.567],[11.969,54.562],[11.964,54.562],[11.945,54.567],[11.929,54.573],[11.923,54.576],[11.872,54.651],[11.871,54.667],[11.878,54.688],[11.892,54.701],[11.899,54.719],[11.856,54.774],[11.802,54.839],[11.793,54.845],[11.782,54.849],[11.756,54.855],[11.752,54.859],[11.709,54.937],[11.713,54.942],[11.732,54.954],[11.742,54.959],[11.751,54.961],[11.767,54.962],[11.847,54.956],[11.851,54.955],[11.865,54.948],[11.997,54.904],[12.02,54.896],[12.038,54.892],[12.061,54.891],[12.079,54.894],[12.085,54.894],[12.096,54.892],[12.104,54.89],[12.111,54.887],[12.119,54.882],[12.137,54.869],[12.168,54.842],[12.169,54.839],[12.169,54.836],[12.167,54.834],[12.158,54.829],[12.12,54.806],[12.107,54.8],[12.089,54.794],[12.078,54.789],[12.072,54.786]]],[[[11.285398516265136,55.18856772036914],[11.230098757354003,55.33680685611133],[11.101924929229003,55.633670412019534],[11.29626182040332,55.67459448428516],[11.567736658660156,55.884776674226565],[11.728052172270996,55.661883912996096],[11.962490114775878,55.58126410098438],[12.052621874419433,55.70307882876758],[12.087997469512207,55.96697577090625],[12.237717661467773,55.98757132144336],[12.444047960845214,55.96765097232227],[12.46922496279834,55.71063192935352],[12.409100565520507,55.54833181949024],[12.344366106597167,55.50770529361133],[12.158434900847656,55.379092775300784],[12.42971900424121,55.244693361238284],[12.301355394927246,55.17028006167774],[12.076974901763183,54.99468954654102],[11.969614061919433,54.95418509097461],[11.90733245333789,55.02129324527149],[11.76722243746875,55.17599829287891],[11.584776911345703,55.162181459382815],[11.285398516265136,55.18856772036914]]],[[[8.661300692168457,57.10409887881641],[8.959858927336914,57.13216360659961],[9.302420649138671,57.165843568757815],[9.448685679045898,57.22761496158008],[9.849259409514648,57.58178671450977],[10.28952125033496,57.671859346345705],[10.390136751738769,57.660594545320315],[10.479459795562011,57.759131990388674],[10.558055910674316,57.74505194278125],[10.401182207671386,57.505878053621096],[10.45072844943164,57.45803030581836],[10.46283725222705,57.24166067691211],[10.333290133086425,57.17146261783008],[10.256552729216796,57.00591238589649],[9.503004107085449,56.97506292910938],[9.33376124819873,57.02273901553516],[9.141241106597167,57.008712373689455],[9.078547510710937,57.036761842683596],[8.97088054141162,57.00029715152149],[8.847024950591308,56.98628195376758],[8.778081926909667,56.798480592683596],[8.665981325713378,56.700458131746096],[8.507121119109375,56.64726599307422],[8.470928225127441,56.59688910098438],[8.368228945342285,56.66685827823047],[8.183486971465332,56.798480592683596],[8.35887340029834,57.02273901553516],[8.534035715666992,57.140582643464846],[8.661300692168457,57.10409887881641]]],[[[10.829190287200195,59.1058421954668],[10.768937143889648,59.11769064517383],[10.656806025115234,59.22439535708789],[10.549271616545898,59.37863119693164],[10.633557352629882,59.44985159488086],[10.569742235747558,59.58050497622852],[10.407057795134765,59.49734839053516],[10.378625902739746,59.36674841494922],[10.429588350859863,59.25997122378711],[10.363341364470703,59.212535463289065],[10.211065325347167,59.070289216951174],[10.172335657683593,58.98736532779102],[9.937624010649902,58.94000204654102],[9.697579416838867,58.999217592195315],[9.346200022307617,58.84530981631641],[9.371620211211425,58.78614767642383],[9.145894083586914,58.65606649966602],[8.921734842864257,58.53789099307422],[8.175240549651367,58.17204626651172],[8.153747591582519,58.08954580874805],[8.03019622286914,58.06597860904102],[7.90843108615039,58.06597860904102],[6.958641085234863,57.97173651309375],[6.874181303588134,58.0777545795],[6.725660833922607,58.13668783755664],[6.64365533312915,58.04241140933399],[6.479116472808105,58.08954580874805],[6.651709589568359,58.17204626651172],[6.231332335082275,58.27817877383594],[5.873840365020019,58.431598268464846],[5.615484270659667,58.45521505923633],[5.39973500689624,58.71517523379688],[5.530999216643554,58.880809389070315],[5.474647554961425,58.975528322175784],[5.627488169280273,58.96367987246875],[5.665794405547363,58.82164724917774],[5.793662104216796,58.916324220613284],[6.093553576079589,58.797977052644534],[5.983710798827392,58.886722169832034],[6.041155848113281,58.95184286685352],[6.266145262328369,58.99328573794727],[6.050548109618408,58.98144491763477],[5.940400633422119,58.9340778216875],[5.822302374449951,59.01698263736133],[5.771857294646484,59.076217256501955],[6.032578501311523,59.200667940095705],[6.237526449767334,59.283694826082034],[6.020303759185058,59.2540355548418],[5.877495798674804,59.313350282625],[6.076250586119873,59.42016562075977],[6.113430533019287,59.52704580874805],[5.815908941832763,59.313350282625],[5.79950192889331,59.43203695865039],[5.680468592253906,59.50923117251758],[5.682913813201171,59.414229951814455],[5.717149290648681,59.337073884919924],[5.528521570769531,59.26589926333789],[5.343843969908935,59.26589926333789],[5.350331816283447,59.39049109073047],[5.282588991729003,59.27183111758594],[5.176648649779541,59.30741461367969],[5.086604151335937,59.50923117251758],[5.382628950682861,59.71127279849414],[5.41855767687915,59.51516684146289],[5.449307474700195,59.65776403994922],[5.64616826495288,59.58645208926563],[5.74112323245166,59.62804373355274],[5.666552576628906,59.67559774966602],[5.96990159472583,59.71127279849414],[6.185389551726562,59.82426031680469],[5.910496267882568,59.75289496035938],[5.694047484008056,59.75289496035938],[5.543337854949218,59.82426031680469],[5.631734404174072,59.883765779451174],[5.805763277617675,59.94925268741016],[5.894064459410888,60.1612621173418],[5.524619612303955,60.167525850251955],[5.279052290526611,60.12533529849414],[5.096230539885742,60.26413305850391],[5.261776003447753,60.327132783845705],[5.551142248717529,60.508887849763674],[5.45583156069873,60.59240683169727],[5.255226645079834,60.56414373965625],[5.075472387877685,60.591693483308596],[4.980375322905761,60.68924292178516],[5.108526739684326,60.90610846133594],[5.387047800627929,61.025584779695315],[5.11961272677539,61.13709982486133],[5.018313440886718,61.30513723941211],[5.140952620116455,61.38955648990039],[5.101146254149658,61.69858893008594],[5.148983511534912,61.740882478669924],[5.416030916777832,61.7695384845293],[5.592420134154541,61.78969534488086],[5.797088179198486,61.76991232486133],[5.833900007811767,61.819408021882815],[5.719467672911865,61.87954672427539],[5.528184446898681,61.93255194278125],[5.425686392394287,62.009261690095705],[5.469670805541259,62.09369619937305],[5.564593824950439,62.15030249209766],[5.823631319609863,62.179019533113284],[6.053489241210205,62.33480032534961],[6.308390650359375,62.28582724185352],[6.532513651458007,62.335696779207034],[6.612958941069824,62.58333548159961],[6.988682779875976,62.54157217593555],[7.289257082549316,62.48556479068164],[7.546737703887207,62.599254213289065],[7.101563486663085,62.70464285464649],[6.981860193816406,62.846141420320315],[7.088180098143798,62.91019781680469],[7.606488260833007,62.904056154207034],[7.989161524382812,62.94026907534961],[8.23129371127246,62.841407381013674],[8.25796607455371,63.0543170795],[8.472289118376953,63.17551764102344],[8.60590365847705,63.32509573550586],[8.957197222319824,63.40404089541797],[9.154221567717773,63.31901892276172],[9.216067347136718,63.28356131167774],[9.440897974578125,63.49752386660938],[9.832105669585449,63.68362005801563],[9.870058092681152,63.87643393130664],[10.06615928134082,64.05550726504688],[10.739846262541992,64.38617285342579],[10.890596422759277,64.47251471133595],[10.996618303862792,64.49424322696095],[11.213500055876953,64.41573675723438],[11.364055666533691,64.41601904483204],[11.50772193392871,64.51671942325001],[11.406536135283691,64.61703833194142],[11.46994117220996,64.67464026065235],[11.689727816191894,64.7756534442461],[11.895566973296386,64.91273077578907],[12.112141642180664,65.12991674991017],[12.222211870757324,65.10114630313282],[12.526453051177246,65.10895117373829],[12.496170076934082,65.38447149844532],[12.284087214080078,65.43488653750782],[12.47921851595996,65.61703070254688],[12.709057840911132,65.90887793155079],[13.08738902529834,65.8804126605547],[13.10879901370166,66.03374060244923],[13.151907000151855,66.1361270770586],[13.581009897795898,66.18811377139454],[13.402801546660644,66.34881933780079],[13.255395922270996,66.39254339785938],[13.16864779910205,66.45833929629688],[13.242076906768066,66.56853064151173],[13.383193049041015,66.67895086856251],[13.592026743499023,66.65732153506642],[13.991646799651367,66.68745764346485],[13.74718955477832,66.9224048480547],[13.85906699618457,66.95944555850392],[14.054739031401855,66.97455938907032],[14.37307837924121,67.09309729190235],[14.63926890811084,67.12311132998829],[14.777660402861816,67.21653326602345],[14.61647323092578,67.24526556582813],[14.56920817813037,67.32934149356251],[14.699147257415039,67.37438543887501],[14.976157221404296,67.52293737979298],[15.226662668791992,67.50855597110157],[15.384503397551757,67.46444281192188],[15.579943689910156,67.58331640811329],[15.745667490569335,67.59729345889454],[15.761817965117675,67.6762882098711],[15.572235140410644,67.8206973895586],[15.854214701262695,67.92523535342579],[15.919741663542968,68.0489688739336],[16.071057352629882,68.04467352481251],[16.232728037444335,67.91109045596485],[16.411614451018554,67.87424810977345],[16.648547205535156,68.04574926944142],[16.52190307101367,68.34090002627735],[16.71914008578418,68.31135901065235],[17.0332746835625,68.33763464541798],[17.126420054045898,68.41608007998829],[16.854756388274414,68.5577808246172],[17.039734873381835,68.65852697940235],[17.406914743987304,68.77154120059376],[17.448914560881835,68.88699682803517],[17.565863642302734,68.97436865420704],[17.894713434783203,69.0350757464922],[17.928147348967773,69.00507696719532],[18.05154517611621,69.02785833926563],[18.09735396823047,69.0580020770586],[18.319052729216796,69.35937841983204],[18.55324080905078,69.24687536807423],[18.984845194426757,69.31544073672657],[19.17015555819629,69.25552710147267],[19.289172205535156,69.2105899676836],[19.57997992953418,69.18105658145313],[19.821213755217773,69.36973150821095],[20.15765098055957,69.74782904239063],[20.286376032439453,69.7859073504961],[20.358317408171875,69.71038397403126],[20.278164896575195,69.58179052920704],[20.19650367220996,69.31769140811329],[20.552685770598632,69.52190741153126],[20.73393920382617,69.77918585391407],[21.1027269693291,69.81769140811329],[21.41196349581836,70.01541479678517],[21.608561548796875,69.9625430926836],[21.90807250460742,69.80404242129688],[22.163310083953125,70.09311255069142],[22.30644896945117,70.2156177386797],[22.745574030486328,70.17060431094532],[23.203606638518554,69.94277533145313],[23.292468103972656,70.01129492373829],[23.508408579436523,70.2790714129961],[23.82728866061328,70.47883947940235],[23.954854044524414,70.50205572696095],[24.207715067473632,70.47186621280079],[24.359614405242187,70.61029394717579],[24.570508036223632,70.74138220401173],[24.84903815707324,70.82660254092579],[25.389031443206054,70.90462835879688],[25.83205512484668,70.89776190371876],[25.230692896453125,70.55818518252735],[25.122424158660156,70.43524511905079],[25.07408050021289,70.14438208194142],[25.26302436312793,70.10654791446095],[25.5740404458916,70.36713751407032],[26.262717279998046,70.79074438662892],[26.6065168710625,70.91462286563282],[26.619105372039062,70.79908331485157],[26.61742309054492,70.39204748721485],[26.93435004672168,70.46928747744923],[27.13108161410449,70.57707556338673],[27.516011271086914,70.97030981631642],[27.947543177214843,71.01741369815235],[28.21115973910449,71.01790960879688],[28.30841353854297,70.9486499652422],[28.136439356414062,70.83272894473438],[27.985291514006835,70.71700628848438],[28.018929514495117,70.60945471377735],[27.875399622527343,70.42505987735157],[28.28972533663867,70.3722110614336],[28.38890746554492,70.57175024600392],[28.794812235442382,70.86477240176563],[28.98433783969043,70.85741003604298],[29.741230997649414,70.60498388858204],[30.041438135710937,70.54413946719532],[30.461960825530273,70.5372501239336],[30.75420287570117,70.43041571231251],[30.798840555754882,70.30796393008595],[30.251879725066406,70.1311450824297],[29.734896692839843,70.11489447207813],[28.73008063754199,70.13592871280079],[28.817093882170898,70.0979190692461],[29.08001998385547,69.96123083682423],[29.55593207797168,69.83340033145313],[29.728575739470703,69.69756659121876],[30.055806192961914,69.72085913272267],[30.361294779387695,69.76681097598438],[30.735358271208984,69.7523609027422],[31.0537824960625,69.63959082217579],[30.871699366179687,69.51008947940235],[30.64079955538867,69.41849096866017],[30.26993659457324,69.40906866641407],[29.923598322478515,69.35460241885548],[29.462780985442382,69.13418921084767],[29.00741675814746,68.8318286761797],[28.69715407809375,68.69552954287892],[28.69640258273242,68.7852969989336],[28.73972419222949,68.95038946719532],[29.133002314177734,69.36561163516407],[29.11325171908496,69.48603399844532],[28.7169847818291,69.64241369815235],[28.414877924529296,69.69372900576954],[27.90868094882129,69.88766821475392],[27.65853980502246,69.88641699405079],[27.40887168368457,69.85489233584767],[26.507250818816406,69.81245001407032],[26.117674860564453,69.64424475283985],[25.862544092742187,69.4543872699297],[25.74562934359668,69.25801428408985],[25.709948572722656,69.03241308780079],[25.62536910494922,68.80706366153126],[25.06282905062793,68.59468420596485],[24.800692591277343,68.42901190371876],[24.661688837615234,68.49548681826954],[24.081843409148437,68.71680792422657],[23.336180719939453,68.6157642230547],[22.701151880828125,68.63494452090626],[22.45976165255664,68.69354590030079],[22.072279963103515,68.96130713076954],[21.625054392424804,69.23698767276173],[21.405808481780273,69.27349432559376],[21.246047052947265,69.22751959414845],[20.790644678679687,68.9322696551836],[20.73944381198047,68.96099432559376],[20.554905924407226,68.97506292910938],[20.165574106780273,68.95807226748829],[20.038983378020507,68.47830542178517],[19.965144190398437,68.27646216006642],[19.842658075896484,68.16405829043751],[19.697184595671875,68.17078741641407],[19.396079096404296,68.22884710879688],[18.958706888762695,68.29369696231251],[18.17948821505664,68.4687915668047],[18.10413649996875,68.3862720355547],[18.094193491545898,68.08813055606251],[18.057034525481445,67.99866064639454],[17.913590464202148,67.86416205020313],[17.600947413054687,67.8625675067461],[17.208678278533203,67.90511664004688],[17.08299735507129,67.91189917178517],[16.873921427336914,67.83655890078907],[16.20604613741992,67.30725439639454],[16.22828963717578,67.21133001895313],[16.30508521517871,66.98315771670704],[16.2205305429375,66.82812079043751],[15.943537745085937,66.67235144229298],[15.347432169524414,66.25873907657032],[15.038371119109375,66.05977209658985],[14.596742662993652,66.05018194766407],[14.542045626250488,65.94041021914845],[14.515295061675292,65.50339087100392],[14.371398005095703,65.23411139102345],[14.198942217437011,65.02322729678517],[13.940372500029785,64.79864843936329],[13.717936548796875,64.55330237002735],[13.870228800383789,64.49667700381642],[14.0415754648125,64.37565954776173],[14.154961618987304,64.11128576846485],[14.078371080962402,64.03222998233204],[13.880192789641601,63.95259054751758],[13.550517115203125,63.93661459536914],[13.130986246672851,63.948733888582034],[12.85312274417041,63.897296510652346],[12.577070269194824,63.78164633365039],[12.299161943999511,63.566241823152346],[12.124150309172851,63.344615541414065],[12.089594873992187,63.04595144839649],[11.932652506438476,62.553973756746096],[12.225598368254882,62.22569998355274],[12.07455829104541,61.69845923037891],[12.336585077849609,61.523143373445315],[12.658039126006347,61.439532838777346],[12.791736635771972,61.32994803042774],[12.597381624785644,61.02862127871875],[12.174038920012695,60.956405244783205],[12.431030306426269,60.62584646792774],[12.547958407012207,60.43387182803516],[12.435860666838867,60.27809866519336],[12.422772440520507,60.03877981753711],[12.077025446501953,59.865924440339846],[11.89061168154834,59.859962068513674],[11.837879213896972,59.66964682193164],[11.610307726470214,59.56862982364063],[11.708853754607421,59.19492682071094],[11.563270601836425,58.863055787996096],[11.378647837249023,58.85714300723438],[11.310762438384277,59.01105459781055],[11.178854975310546,59.070289216951174],[11.112050089446289,59.16510733218555],[10.829190287200195,59.1058421954668]]],[[[13.282957110015136,79.48708685489063],[13.396730455962402,79.43371161075001],[14.158891710845214,79.36382635684376],[14.25808814486621,79.53364904971485],[14.316590342131835,79.72191961856251],[14.574694666472656,79.78525885196095],[14.810112032500488,79.80369146914845],[15.237189325896484,79.58918341250782],[15.77414325198291,79.24228247256642],[16.133173975554687,79.13635595889454],[16.38881209811328,79.23457678408985],[16.289153132048828,79.36790808291798],[16.081957850066406,79.52817877383595],[15.935030970183593,79.7429386004961],[15.916598352996093,79.84177740664845],[16.32628348788379,80.02513464541798],[16.776646647063476,79.9785571918047],[16.995327982512695,79.89783819766407],[17.57058051547168,79.88994177432423],[17.834054026213867,79.80945166201954],[17.79819396456836,79.62093695254688],[17.72217849215625,79.48664435000782],[17.76900580844043,79.4153018817461],[18.015986475554687,79.36228521914845],[18.350546869841796,79.51463659854298],[18.548739466277343,79.55971869082813],[18.846463236418945,79.38169439883595],[19.15158179720996,79.23094519229298],[19.50487426241992,79.16055639834767],[19.931851420012695,79.10815008731251],[20.68418792208789,78.91487463565235],[20.908095392791015,78.80939062686329],[20.321175608245117,78.68498571963673],[19.429148707,78.58662756533985],[19.11582282504199,78.45454748721485],[18.786776575652343,77.93978460879688],[18.3886156412041,77.541621767],[17.82944396456836,77.48894842715626],[17.48486045321582,77.2480655536211],[17.279892954436523,76.98295935244923],[17.26699927767871,76.81286200137501],[16.912959131804687,76.71886786075001],[16.662911448088867,76.72687109561329],[15.94610312899707,76.88682135196095],[15.098876032439453,77.11526831241017],[14.484577211943847,77.37091406436329],[14.77792457064746,77.53477057071095],[15.482050928679687,77.55328711123829],[16.2868090005791,77.6151538714922],[16.711554560271484,77.7886157855547],[16.41804793795703,77.90059240908985],[15.59807780703662,77.8383975848711],[14.893422159758789,77.78515204043751],[14.13102916201709,77.76640661807423],[13.905090365020019,77.99990423770313],[14.336516413298828,78.02679022403126],[14.953421625701171,78.12359198184376],[15.920889887419921,78.26488073916798],[16.617047342864257,78.46726568789845],[15.480342897979003,78.64941748233204],[15.083908114043457,78.78065069766407],[14.819029841033203,78.71849402041798],[14.352827105132324,78.42791327090626],[13.871756586638671,78.29587896914845],[13.61843207797168,78.26922949405079],[13.062086138335449,78.34677466006642],[12.910100969878417,78.42518194766407],[12.43747333010791,78.59088476748829],[12.074569735137207,78.69565161319142],[11.760330233184082,78.88018377871876],[12.524833712187988,79.05856665225392],[12.156988176909667,79.3154483661211],[11.545166048613769,79.17202337832813],[11.335225138274414,79.20714148135548],[10.9194412561333,79.54516943545704],[11.284340891448242,79.70714148135548],[11.516539606658203,79.71653326602345],[12.000311884490234,79.77136572451954],[12.457693132964355,79.75425299258595],[12.717382464019042,79.78171118350392],[13.252219233123046,79.80073126407032],[13.282957110015136,79.48708685489063]]]]}},{"type":"Feature","properties":{"name":"Tsardom of Muscovy","subject":"Tsardom of Muscovy","partOf":"Tsardom of Muscovy","borderPrecision":3,"color":"#a88992"},"geometry":{"type":"MultiPolygon","coordinates":[[[[150.87551900000017,46.447212],[150.874115,46.440826],[150.867188,46.43526500000013],[150.8119200000001,46.44193300000012],[150.802765,46.443047],[150.798523,46.449982],[150.82220500000017,46.467766],[150.832184,46.470543000000134],[150.841919,46.4711],[150.85107400000015,46.469986],[150.873291,46.450829],[150.87551900000017,46.447212]]],[[[150.7622070000001,46.72748600000011],[150.76886000000013,46.723045],[150.769989,46.709717],[150.764984,46.70388],[150.754425,46.699715],[150.745514,46.701935],[150.737457,46.70916000000011],[150.733307,46.716103],[150.730804,46.7227630000001],[150.739685,46.728561],[150.7435610000001,46.729431],[150.753326,46.729713],[150.7622070000001,46.72748600000011]]],[[[152.5336,47.318886000000134],[152.51913500000012,47.307213],[152.508331,47.303322],[152.422516,47.30336],[152.40246600000012,47.316383],[152.39444,47.323608],[152.38858,47.330826],[152.38803100000018,47.344154],[152.391357,47.350273],[152.40164200000015,47.364159],[152.408875,47.369987],[152.4163820000001,47.375549],[152.42691,47.379715],[152.437195,47.38249200000013],[152.44693,47.38249200000013],[152.485504,47.381935],[152.503876,47.377213],[152.51193200000012,47.371101],[152.53164700000013,47.3491590000001],[152.537476,47.341934],[152.5416560000001,47.334991],[152.541931,47.328331],[152.5336,47.318886000000134]]],[[[153.04776,47.702217],[153.016083,47.693047],[153.006104,47.691658],[152.99661300000014,47.692764],[152.990784,47.699997],[152.986633,47.70694],[152.98111,47.723297],[153.005829,47.77166],[153.014709,47.783882],[153.025818,47.795547],[153.046082,47.813049],[153.05609100000015,47.81443800000011],[153.0652470000001,47.81193500000012],[153.074127,47.808327],[153.0819090000001,47.80082700000014],[153.087738,47.793327],[153.095795,47.779434],[153.097748,47.772491],[153.09829700000012,47.759163],[153.096619,47.75305200000014],[153.080261,47.714157],[153.0691220000001,47.708885],[153.04776,47.702217]]],[[[153.290527,48.053604],[153.279694,48.043053],[153.236694,48.051064],[153.224396,48.04999500000014],[153.21496600000012,48.051102],[153.205811,48.053322],[153.14636200000018,48.088326],[153.139984,48.094437],[153.137756,48.101105],[153.146942,48.113327],[153.156097,48.12526700000012],[153.163605,48.130821],[153.174683,48.13499500000012],[153.184692,48.136383],[153.20468100000016,48.136383],[153.21414200000015,48.135269],[153.223297,48.133049],[153.241058,48.125549],[153.274994,48.105553],[153.2833250000001,48.099159],[153.287476,48.09360500000014],[153.290527,48.053604]]],[[[154.188873,48.834991000000116],[154.063293,48.742767],[154.053589,48.737213],[154.030823,48.726936],[154.01944,48.72332],[154.009155,48.721931],[153.99939000000018,48.72304500000013],[153.98080400000015,48.734688],[153.974976,48.73555],[153.973022,48.742218],[153.973022,48.748878],[153.976624,48.761665],[153.98800700000015,48.779991],[154.112183,48.8949970000001],[154.119965,48.900543],[154.12939500000016,48.905823],[154.14053300000012,48.90971400000012],[154.161377,48.912491],[154.18191500000012,48.913605],[154.211365,48.911102],[154.220795,48.9086],[154.228851,48.902489],[154.23080400000015,48.895546],[154.2271730000001,48.882767],[154.21942100000012,48.870544],[154.188873,48.834991000000116]]],[[[153.900269,48.950272],[153.89831500000014,48.957214],[153.901917,48.96998600000012],[153.9074710000001,48.975822],[153.918854,48.979713],[153.966919,48.972214],[154.0047,48.963608000000136],[154.008881,48.957771],[154.011108,48.95082900000011],[154.011108,48.937492],[154.00360100000012,48.931938],[153.981903,48.926659],[153.9405210000001,48.922768],[153.930817,48.923882],[153.92114300000014,48.926460000000134],[153.904144,48.943321],[153.900269,48.950272]]],[[[154.44220000000018,49.161659],[154.446075,49.16777000000013],[154.454681,49.169159],[154.464722,49.167923],[154.46856700000012,49.168602],[154.488556,49.167496],[154.4982910000001,49.16610000000014],[154.56469700000014,49.152214],[154.5830380000001,49.14582800000011],[154.591064,49.139435000000105],[154.596924,49.131935],[154.60080000000016,49.12471],[154.60080000000016,49.118324],[154.598846,49.111938],[154.593018,49.106102000000135],[154.583313,49.10054800000012],[154.521088,49.075829],[154.51025400000015,49.073326],[154.500549,49.07444],[154.491638,49.078331],[154.483032,49.083328],[154.471344,49.098328],[154.4402470000001,49.155266],[154.44220000000018,49.161659]]],[[[154.878296,49.541664],[154.870789,49.537216],[154.847748,49.528328],[154.837738,49.52304800000013],[154.82995600000015,49.51749400000011],[154.81802400000015,49.505829],[154.79412800000011,49.4561],[154.79025300000012,49.443321],[154.79025300000012,49.42999300000014],[154.793854,49.42305],[154.799713,49.415543],[154.823029,49.392494],[154.826904,49.385269],[154.834961,49.345825000000104],[154.814972,49.308884],[154.811096,49.302773],[154.803314,49.297218],[154.791656,49.292221],[154.71579,49.263885],[154.707184,49.262215],[154.69747900000016,49.263611],[154.6316220000001,49.280273],[154.593903,49.291031],[154.598572,49.347488],[154.600525,49.36721],[154.602448,49.373604000000114],[154.606354,49.379715],[154.638306,49.42305],[154.70303300000012,49.48082],[154.751099,49.571663],[154.745239,49.579163],[154.743286,49.586105],[154.749115,49.591934],[154.81442300000015,49.636383],[154.85635400000012,49.633331],[154.8952640000001,49.62665600000014],[154.904419,49.62416100000013],[154.904419,49.61749300000014],[154.882172,49.547493000000145],[154.878296,49.541664]]],[[[154.37634300000013,49.742493],[154.367462,49.746384],[154.35495,49.766663],[154.3652340000001,49.812767],[154.367188,49.819160000000124],[154.374969,49.82499700000011],[154.398315,49.833878],[154.4086,49.833878],[154.428864,49.832497],[154.438568,49.831383],[154.45581100000015,49.821106],[154.459961,49.813881],[154.461914,49.806938],[154.45608500000014,49.788048],[154.432465,49.738045],[154.424988,49.73360400000013],[154.41442900000015,49.732491],[154.404419,49.73360400000013],[154.37634300000013,49.742493]]],[[[151.82162500000015,46.778603],[151.80108600000017,46.77304800000013],[151.781647,46.77137800000014],[151.77221700000018,46.772217000000126],[151.763306,46.774712000000136],[151.737183,46.785271],[151.720245,46.794998000000135],[151.712189,46.801102],[151.70440700000017,46.841103],[151.70581100000015,46.847488],[151.714691,46.853325],[151.72525,46.857216],[151.745239,46.86166400000013],[151.76470900000015,46.86221300000011],[151.829956,46.854996],[151.83941700000014,46.85527000000013],[151.849396,46.856659],[151.859955,46.860825],[151.8688350000001,46.866386],[152.020462,46.98872],[152.04480000000012,47.013386],[152.051117,47.02055],[152.104401,47.073051],[152.120239,47.0908280000001],[152.181091,47.143051],[152.202454,47.160271],[152.216919,47.171661],[152.225525,47.174713],[152.206604,47.125015],[152.236633,47.145271],[152.259705,47.16082],[152.26858500000014,47.1586],[152.286377,47.152489],[152.29303,47.147774],[152.289703,47.14166300000011],[152.277191,47.12999],[152.26998900000012,47.124435],[152.25360100000012,47.113052],[152.231903,47.102493],[152.174133,47.063049],[152.087357,46.977882000000136],[152.035248,46.925552],[152.029968,46.91971600000011],[152.02664200000015,46.913605],[152.024994,46.907211],[152.018311,46.894714],[152.01303100000018,46.888885],[151.831909,46.782768],[151.82162500000015,46.778603]]],[[[155.244965,50.056656],[155.226166,50.052597000000105],[155.224121,50.053322],[155.212189,50.06694],[155.208588,50.080826],[155.221619,50.23443600000013],[155.247742,50.301384],[155.392212,50.353325],[155.427185,50.364441],[155.438293,50.36693600000012],[155.449127,50.36805],[155.545258,50.374992],[155.627747,50.3780440000001],[155.638031,50.3780440000001],[155.6491390000001,50.380547],[155.66137700000013,50.385269],[155.66943400000014,50.390831000000105],[155.749115,50.446381],[155.761383,50.458046],[155.765533,50.463882000000126],[155.851624,50.59166],[155.855804,50.604439],[155.858307,50.61749300000014],[155.860779,50.63694],[155.8613590000001,50.650269],[155.86358600000017,50.656654],[155.88272100000017,50.68721],[155.888885,50.693047],[155.896942,50.698601],[155.97912600000018,50.746941],[156.00997900000016,50.76249700000011],[156.022217,50.767494],[156.034149,50.771103],[156.045532,50.773605],[156.06720000000018,50.775826],[156.07690400000013,50.773048],[156.104126,50.761108],[156.11245700000018,50.754715],[156.116364,50.74749],[156.121338,50.71998600000012],[156.12466400000017,50.699715],[156.15304600000013,50.524994],[156.148865,50.518883],[155.892761,50.263611],[155.795258,50.188881],[155.78552200000013,50.18499],[155.763611,50.1813810000001],[155.741913,50.179161],[155.73162800000011,50.179436],[155.70190400000013,50.183601],[155.69165,50.183601],[155.6185610000001,50.183052],[155.596344,50.178329],[155.525543,50.146942],[155.51553300000012,50.141663],[155.49939,50.130547],[155.483307,50.119438],[155.47106900000017,50.108047],[155.357452,50.053047],[155.33828700000015,50.057213000000104],[155.318573,50.059715],[155.29776000000015,50.05999],[155.25582900000018,50.05777],[155.244965,50.056656]]],[[[156.442749,50.869987],[156.453857,50.870827],[156.46386700000016,50.869438],[156.473022,50.865547],[156.48855600000013,50.849998],[156.49411,50.842491],[156.495789,50.835548],[156.495514,50.82888],[156.4902340000001,50.756104],[156.48608400000012,50.750275],[156.45190400000013,50.70832800000011],[156.43496700000014,50.690826],[156.414154,50.673882],[156.406326,50.657066],[156.403824,50.653397],[156.4008480000001,50.625641],[156.350754,50.637123],[156.285522,50.64666],[156.19830300000012,50.670273],[156.189148,50.674438],[156.180542,50.679718],[156.17276,50.687492],[156.167206,50.69499200000013],[156.163605,50.708603],[156.16442900000015,50.72860000000014],[156.168854,50.741379],[156.175262,50.753609],[156.185791,50.765549],[156.19220000000018,50.771378],[156.341064,50.851105],[156.353302,50.856102000000135],[156.364685,50.858604],[156.442749,50.869987]]],[[[155.600525,50.9313810000001],[155.63916,50.92083],[155.646942,50.913048],[155.650818,50.905823],[155.666077,50.87054400000011],[155.669708,50.856659],[155.66110200000014,50.831108],[155.658875,50.824715],[155.64444000000015,50.81360600000011],[155.620789,50.806099],[155.588013,50.802773000000116],[155.55691500000012,50.804161],[155.546936,50.80555],[155.52719100000013,50.809715],[155.4982910000001,50.817497],[155.480804,50.828049],[155.47302200000013,50.835548],[155.46109000000013,50.85054800000012],[155.449402,50.872215],[155.447693,50.880013],[155.44775400000015,50.897774],[155.474396,50.920547],[155.482727,50.92610200000013],[155.494415,50.929993],[155.505554,50.931107],[155.56970200000012,50.934158],[155.580261,50.934158],[155.600525,50.9313810000001]]],[[[54.66363051852343,73.47199591250782],[54.47870543917773,73.51936682315235],[54.01755050143359,73.73358496280079],[54.34921554049609,73.86993750186329],[54.89357665499804,74.06292303653126],[55.18793395480273,74.10351904483204],[55.88524154147265,74.10480841250782],[55.94557479342578,74.26536139102345],[55.618506464568355,74.41746100039845],[55.775942835417965,74.53853186221485],[55.96450332125781,74.60336645694142],[56.26875594576953,74.61199530215626],[56.6520262094414,74.69341620059376],[56.53924087008593,74.7658878192461],[56.30263808688281,74.87056311221485],[56.99497893771289,75.27312811465626],[57.22605422457812,75.3313175067461],[57.32729629000781,75.2984805926836],[57.7286978097832,75.29101141543751],[58.17005828341601,75.53156622500782],[58.5585317941582,75.68162878604298],[59.01763061007617,75.79893072696095],[59.45592788180468,75.86640509219532],[60.042971644011715,75.9175220355547],[60.61674025973437,75.89358862491017],[60.948985132781246,75.9609790668047],[61.302588495818355,76.23785742373829],[61.42554381808398,76.22968634219532],[61.81874755343554,76.28919561953907],[62.59329513033984,76.16482885928517],[62.805266413298824,76.18198736758595],[63.67331984957812,76.32630499453907],[64.10461715182421,76.34393652530079],[65.08725264987109,76.45518835635548],[65.92605880221484,76.50735815616017],[66.2732649179375,76.76152380557423],[66.44234755953906,76.82964666934376],[67.57229903658984,76.89120825381642],[68.4567137094414,76.92682226748829],[68.66830733737109,76.86778601260548],[68.86719039401171,76.76642187686329],[68.93684676608203,76.60583838076954],[68.5714598031914,76.39442022891407],[68.328318628875,76.31829413028126],[67.72246840914843,76.17451819033985],[66.54819014987109,75.97989233584767],[64.60047439059375,75.75954779239063],[63.61646941622851,75.63308294864063],[62.66149428805468,75.49864538760548],[61.83259490450976,75.35651739688282],[60.88701919039843,75.24749334903126],[60.463328394499996,75.15610846133595],[60.333655390349605,75.03255804629688],[60.6233511300957,74.93528326602345],[60.4335203500664,74.83779486270313],[60.00877288302539,74.67541082950001],[59.77162078341601,74.65884741397267],[58.85056594332812,74.68941839785938],[58.65640548190234,74.60839422793751],[58.60250380953906,74.50352057071095],[58.88194564303515,74.39136084170704],[58.73313430270312,74.28661688418751],[58.19052413424609,74.08507879825001],[58.009348902312496,74.14886816592579],[57.67119887789843,74.18831213565235],[57.404734644499996,74.05159338565235],[57.79941848239062,73.92428930850392],[57.8228140207207,73.78055151553517],[57.330393824187496,73.4849048480547],[56.96043685397265,73.35708960147267],[56.69509032687304,73.42014654727345],[56.2649526925957,73.51473578067188],[55.75743392428515,73.5774341449297],[55.424868616667965,73.55293615908985],[54.99362472018359,73.53622778506642],[54.66363051852343,73.47199591250782]]],[[[55.18068984469531,73.2664981708086],[55.81617644747851,73.30733831973438],[56.06405929049609,73.27609594912892],[56.50850203951953,73.1738696918047],[56.480105433074215,73.0946231708086],[56.27160552462695,72.85721167178517],[56.13589766940234,72.78598364444142],[55.822093042937496,72.75388678164845],[55.62266829928515,72.6511417254961],[55.51757720431445,72.47799261660938],[55.52035811862109,72.10975226016407],[55.72066405734179,71.64242132754688],[56.151465448943355,71.27099188418751],[56.378794703093746,71.13226660342579],[56.727488550749996,70.99396856875782],[57.2506590219414,70.81779821963673],[57.23775390109179,70.69104345889454],[56.05858519991992,70.73096808047657],[55.678801569548824,70.7071948871172],[55.26625350436328,70.56052740664845],[54.998293909636715,70.52167090030079],[54.694060358611324,70.74377020450001],[54.52245238741992,70.75885351748829],[54.03161147555468,70.71947821231251],[53.72863677462695,70.76506384463673],[53.714697870818355,70.92670019717579],[54.320654902068355,71.08981665225392],[54.35347655734179,71.19802435489063],[54.30786803683398,71.20566137881642],[53.88306334933398,71.32867010684376],[53.23379806002734,71.51353796573048],[52.55046752413867,71.58989294619923],[52.40185073336718,71.51972540469532],[52.12104705294726,71.4648853168047],[51.81493667086718,71.47981604190235],[51.53354171237109,71.65794714541798],[51.48213485201953,71.84467657657032],[51.58508971652148,71.9852481708086],[51.76045897921679,72.07929571719532],[51.91487792452929,72.09522589297657],[52.058257135955074,72.04857977481251],[52.35105422457812,72.04133185000782],[52.58397963961718,72.12773474307423],[53.088538202849605,72.47346838565235],[53.19784835299609,72.63089331241017],[53.05286315402148,72.63060339541798],[52.61114028414843,72.74000128360157],[53.07971862277148,72.90652044864063],[53.30976012667773,73.04128607364063],[53.50230315646289,73.13657721133595],[54.1440916391289,73.14571722598438],[54.73616317233203,73.25771673770313],[55.18068984469531,73.2664981708086]]],[[[33.00963118991015,69.38669165225392],[33.2805662485039,69.34201391787892],[33.3156004281914,69.07128485293751],[33.62837508639453,69.21468695254688],[33.81804564913867,69.19247778506642],[34.30514815768359,69.17082556338673],[34.698889765349605,69.16405066104298],[34.93413833102343,69.14944037051563],[35.436553034392574,69.15035589785938],[36.018279108611324,69.02370794864063],[37.24586394747851,68.7934985980547],[37.68857863864062,68.62961157412892],[38.406443628874996,68.2426944598711],[38.66845229586718,68.14634283633595],[39.33470824679492,68.03593786807423],[39.91807082614062,67.94037970157032],[40.826052698699215,67.66004522891407],[40.973391565886715,67.53437384219532],[40.95082763156054,67.33465918155079],[41.01687148532031,67.20186194033985],[41.20882705172656,67.06946142764454],[41.2552976938164,66.93697699160938],[41.14697173556445,66.7822681293047],[40.83637908419726,66.56139715762501],[40.34514907321093,66.3186450824297],[39.97752288302539,66.20091589541798],[39.19002822360156,66.03870733828907],[38.78211120089648,66.00145300479298],[38.04786971530078,66.00737341494923],[37.42243102511523,66.09382208438282],[36.505225214568355,66.17248877139454],[35.77174666842578,66.25886877627735],[35.16772368868945,66.41150244326954],[34.15295318087695,66.62963446231251],[33.65127852877734,66.68010290713673],[33.43749144991992,66.70173987002735],[33.157725367156246,66.91447790713673],[32.99095061740039,66.98781927676563],[32.64433959445117,67.04610022158985],[32.21943572482226,66.99374731631642],[32.35782149752734,66.9203296527422],[32.42472747286914,66.89102514834767],[32.75353911837695,66.649043642],[32.970862421599605,66.58338507266407],[33.469668421355465,66.31309851260548],[33.844214472380855,66.18213995547657],[34.258494410124996,66.10982855410938],[34.54369643649218,66.00083502383595],[34.726172480193355,65.79697760196095],[34.725588831511715,65.61499365420704],[34.60118773898242,65.4839282855547],[34.29341414889453,65.39624365420704],[34.33201507052539,65.34550818057423],[34.425662073699215,65.10652502627735],[34.772864374724605,64.68222387881642],[34.814768824187496,64.45981939883595],[34.884612116423824,64.36677130313282],[35.081763300505855,64.28833349795704],[35.62327102145312,64.25356634707813],[36.015471491423824,64.19702490420704],[36.23997024020312,63.91862066836719],[36.420622858611324,63.876102052644534],[36.98754027804492,63.84148367495899],[37.2465086313164,63.78487738223438],[37.41054061373828,63.749496065095705],[37.591460260955074,63.80693777652149],[37.94491866549609,63.85039480777149],[38.054080042449215,63.98631628604297],[38.05385879000781,64.12927588076954],[37.87985518893359,64.30789526553517],[37.668128046599605,64.34331091494923],[37.463286432830074,64.29996069522267],[37.26195052584765,64.31389196963673],[36.996741327849605,64.40655859561329],[36.56850722750781,64.76457556338673],[36.88390639742968,65.06769903750782],[37.10194304904101,65.06812628360157],[37.604094538298824,64.85277136416798],[38.25292113741992,64.70306738467579],[39.19344237765429,64.51103552432423],[39.62159636935351,64.47596319766407],[39.99705031832812,64.54121740908985],[40.322173151580074,64.4629321918047],[40.43979171237109,64.56356390567188],[40.46206191500781,64.75027807803517],[40.36595061740039,64.8579288348711],[39.97938826998828,65.15314062686329],[39.82310393771289,65.43561132998829],[39.95132735690234,65.58116491885548],[40.036868128386715,65.60313757510548],[40.681407007781246,65.79355963321095],[41.35424712618945,65.95517309756642],[41.62328246554492,66.06516607852345],[42.13344481906054,66.38788946719532],[42.21078780612109,66.41000708194142],[42.41852477511523,66.38109930606251],[43.241431269255855,66.2508960589922],[43.87621978243945,66.01096685977345],[44.02943328341601,66.0112491473711],[44.05284026583789,66.04050024600392],[44.12211135348437,66.26716192813282],[44.383608851042965,66.61201819033985],[44.36195281466601,66.90596350283985],[44.2191648813164,67.08982428164845],[43.83810714205859,67.16285284610157],[43.70359710177539,67.26593359561329],[44.21583465060351,67.71826513858204],[44.26107314547656,67.82963903994923],[44.1687498422539,68.09702643008595],[43.82216552218554,68.32731970401173],[43.85324386080859,68.46920355410938],[44.012026819792965,68.49190863223438],[44.66781142672656,68.3885913714922],[45.57964232882617,68.44253882022267],[45.86343673190234,68.38334997744923],[46.16195205172656,68.1081958636797],[46.439368280974605,67.90793951602345],[46.63406661471484,67.70051153750782],[46.16411498507617,67.67742498965626],[45.46258071383593,67.63906439395313],[45.092505488005855,67.54207953067188],[44.87120727023242,67.3124194964922],[44.95714095553515,67.23135717959767],[45.38563445529101,67.09937628360157],[45.71535018405078,66.8496280536211],[46.07677749117968,66.76208075137501],[46.40205291232226,66.71860083194142],[46.97264007052539,66.7784610614336],[47.57118895968554,66.81631048770313],[47.706187281218746,66.89010962100392],[47.82212737521289,67.11129339785938],[47.952918085662105,67.37729223819142],[48.08066085299609,67.56245764346485],[48.63532165011523,67.6523853168047],[49.18562987765429,67.83882483096485],[49.63012221774218,67.93619116397267],[50.4958982797539,68.15346869082813],[51.13895705660937,68.2663989886797],[51.83080962618945,68.40938147158985],[52.244875940886715,68.54455908389454],[52.33738234957812,68.33572729678517],[52.46266845187304,68.29867132754688],[52.719729456511715,68.35138281436329],[52.9387693735039,68.47117956729298],[53.00575164279101,68.68056830020313],[53.17943480929492,68.75574835391407],[53.50243285616992,68.81625708194142],[53.88911727389453,68.78699835391407],[53.80839446505664,68.60726507754688],[53.78207686862109,68.3384204730547],[53.39590743502734,68.30042608828907],[53.31618407687304,68.23320349307423],[53.316844019499996,68.13638647647267],[53.62573913058398,68.04768713565235],[53.85399154147265,68.08530005069142],[54.37974837741015,68.16070898623829],[54.575957331267574,68.16109045596485],[54.648467096892574,68.0719180926836],[54.752295527068355,68.04978521914845],[54.87719634493945,68.10954626651173],[54.99598601779101,68.20653112979298],[55.12649825533984,68.40060766787892],[55.335391077605465,68.48309668155079],[55.72289184054492,68.53610571475392],[56.19510177096484,68.56686743350392],[56.54026320895312,68.55256994815235],[57.02422622164843,68.44890936465626],[57.36369231661914,68.45701941104298],[57.52586654147265,68.49463995547657],[57.959197077361324,68.70476111026173],[58.40928939303515,68.83285864444142],[58.77038100680468,68.85600622744923],[59.19904998263476,68.77440985293751],[59.3458738656914,68.69986303897267],[59.06195739230273,68.49748571963673],[59.119788202849605,68.39309271426563],[59.217661890593746,68.34854467959767],[59.501860651580074,68.28942450137501],[59.76234725436328,68.29738958926563],[59.89204696139453,68.40200384707813],[59.92537597140429,68.58127173037892],[60.07908919772265,68.61895330996876],[60.51208404025195,68.58985479922657],[60.7562742563164,68.67254980655079],[60.93412307223437,68.8150821551836],[60.98595717867968,69.00259741397267],[60.36923507174609,69.4676929339922],[60.55171493014453,69.54342230410938],[60.84873488864062,69.71004065127735],[61.030039820281246,69.74060400576954],[61.30434707125781,69.73352392764454],[62.28127196749804,69.70512732119923],[62.85394957980273,69.61560400576954],[63.41231826266406,69.54873999209767],[63.92324355563281,69.45921667666798],[64.87299636325,69.22766455264454],[65.35536483248828,69.18344458194142],[66.12549880465625,68.99715765567188],[66.58425429782031,68.8855396136797],[67.17168715914843,68.64709814639454],[67.82653335055468,68.37205084414845],[68.2154035898125,68.20135077090626],[68.38463118991015,68.1793399676836],[68.48788741549609,68.22421606631642],[69.0026121469414,68.69536932559376],[69.10895064791796,68.83031042666798],[68.69183639010546,68.81454809756642],[68.5117674203789,68.83668097110157],[68.25765517672656,68.94111975283985],[68.09354690035937,69.13594397158985],[68.10592940768359,69.42932470889454],[67.77870467623828,69.55685003848438],[66.88444045504687,69.62308081241017],[66.79896834811328,69.74374731631642],[66.82803634127734,69.8193775043047],[66.96485427340625,69.95582159610157],[67.27720168551562,70.07055243106251],[67.38328841647265,70.13940008731251],[67.42175582369921,70.2234302386797],[67.3982420297539,70.59850653262501],[67.28530410250781,70.70580633731251],[66.77481368502734,70.73557623477345],[66.67020705660937,70.8661304339922],[66.81797316989062,71.10538061709767],[66.97964766940234,71.21384008975392],[67.15545180758593,71.22964819522267],[67.82254317721484,71.41665228457813],[68.31624892672656,71.63485296817188],[68.55076125582812,71.82196386905079],[68.81211379489062,72.09546240420704],[69.0566892953789,72.64471777530079],[69.34311202487109,72.83426245303517],[69.51156142672656,72.80304297061329],[70.21435836276171,72.73346289248829],[70.94033339938281,72.78995092959767],[71.66292098483203,72.8307071551836],[71.975779566375,72.79976233096485],[72.45530227145312,72.82427557559376],[72.71399978121875,72.76958807559376],[72.85272506198046,72.64393194766407],[72.84480575045703,72.49460943789845],[72.65456679782031,72.11825903506642],[72.49832442721484,71.9618106708086],[71.89781478366015,71.58716162295704],[71.797556910125,71.4318042621172],[72.13623336276171,71.27759131045704],[72.5549803110039,70.97724493594532],[72.67970565280078,70.82351263614063],[72.77420333346484,70.45523413272267],[72.69588759860156,70.35557898135548],[72.43689254244921,70.18696936221485],[72.55148604830859,69.65626104922657],[72.52553084811328,69.06907995791798],[72.64349654635546,68.80691107364063],[72.84616378268359,68.63523443789845],[73.30861190280078,68.51655157657032],[73.39412215670703,68.44205053897267],[73.39364913424609,68.38238867373829],[73.175242457,68.16592749209767],[72.98776534518359,67.79414709658985],[72.8376951547539,67.6456485614336],[72.48502639254687,67.43782385440235],[71.93047622164843,67.15627630801563],[71.6471433969414,67.06732519717579],[71.39950087985156,66.94906958194142],[71.54405501803515,66.71412237735157],[71.34951308688281,66.6623950824297],[70.83993056735156,66.55140265078907],[70.12074569186328,66.71882208438282],[69.79152205905078,66.75493200869923],[69.35537246188281,66.73943670840626],[69.0847654672539,66.68753393741017],[69.17261031588671,66.54828985782032],[69.43512252291796,66.4242359027422],[69.76729873141406,66.32971533389454],[70.47356704196093,66.23597296328907],[70.98342421969531,66.20038946719532],[71.25953200778125,66.22281225772267],[71.79433730563281,66.15806158633595],[72.2088117929375,66.17345770450001],[72.42107680758593,66.33466681094532],[72.55741408785937,66.4959903583086],[73.1654539438164,66.64375647158985],[73.69016555270312,66.86506994815235],[73.81080916842578,66.99035223575001],[73.98450759371875,67.26336248965626],[74.35252669772265,67.40435370059376],[74.74171737155078,67.68622168155079],[74.77064803561328,67.84936865420704],[74.6693601938164,68.10174902530079],[74.39512923678515,68.34698828311329],[74.50497725924609,68.59347876162892],[74.6121092172539,68.63851507754688],[74.91630080660937,68.70638617129688],[75.53720382174609,68.77486761660938],[76.32775405367968,68.77634008975392],[76.66087630709765,68.67222174258595],[77.03982070407031,68.46377142520313],[77.10788253268359,68.11375006289845],[76.95493606051562,67.65331610293751],[77.09069350680468,67.52774389834767],[77.50477889498828,67.43239935489063],[78.08904555758593,67.41131170840626],[78.47786239108203,67.47854193301563],[78.53574660739062,67.6118350848711],[78.30457595309375,67.69286688418751],[77.94601729830859,67.77371557803517],[77.68886092623828,67.75840338321095],[77.4832258554375,67.80251654239063],[77.51418593844531,67.97325476260548],[77.97751906832812,68.14512213321095],[78.00718215426562,68.25683935733204],[77.90906051119921,68.32369574160938],[77.83420089205859,68.47270544619923],[77.63582900485156,68.81619604678517],[77.40597823580859,68.93561895938282],[77.02994826754687,68.97991522403126],[76.53798964938281,69.08405645938282],[76.17751601657031,69.13594397158985],[75.59802535494921,69.2100025043047],[75.1886473031914,69.12659796328907],[74.90170577487109,69.08100470157032],[74.31795791110156,69.16254004092579],[73.91452315768359,69.15427740664845],[73.90792373141406,69.27452429385548],[73.65407851657031,69.756465517],[73.79099563082812,70.05221136660938],[74.12222579440234,70.36587866397267],[74.24957564791796,70.57294806094532],[74.18918899020312,70.67260321231251],[73.69797042330859,71.1413989886797],[73.27066329440234,71.37258490176563],[73.21685317477343,71.45773657412892],[73.59136489352343,71.70685919375782],[74.1371565195,71.75452765078907],[74.58655074557421,71.87217291446095],[74.92115310153125,72.02874334903126],[74.99873641451953,72.13043554873829],[75.07459548434375,72.42029150576954],[75.01610854586718,72.7187686786211],[75.11987594088671,72.68748053164845],[75.40757277926562,72.66441687198048],[75.61734298190234,72.62549170108204],[75.66617873629687,72.41353949160938],[75.58253768405078,72.17061956973438],[75.296580347625,71.8968692645586],[75.22127059420703,71.64770849795704],[75.28428939303515,71.4460864886797],[75.45202926119921,71.32248266787892],[75.67058852633593,71.19912298770313],[76.29318526705859,71.13853033633595],[77.00164321383593,71.0626407489336],[77.73619368991015,71.02547796817188],[78.10473159274218,70.84130438418751],[78.24920943698046,70.83387335391407],[78.60852340182421,70.84992560000782],[78.37160018405078,71.25054510684376],[78.13690474948046,71.37392767520313],[77.28489974459765,71.41880377383595],[76.86612990817187,71.44902380557423],[76.60715011080859,71.51833685489063],[76.33285811862109,71.7197452411211],[76.45669845065234,71.86785467715626],[77.074900660125,71.89238318057423],[77.27492812594531,71.81488379092579],[77.78991988619921,71.77691229434376],[78.12636855563281,71.84759863467579],[78.08573440035937,72.17527350039845],[78.26955703219531,72.21474798770313],[78.64725783785937,72.26237829776173],[79.22255996188281,72.27128943057423],[79.70315841158984,72.17827948184376],[80.33872512301562,72.00764044375782],[80.82826522311328,71.76702459903126],[81.42526534518359,71.61268194766407],[81.67136672457812,71.57430609317188],[82.49135116061328,71.56809576602345],[82.81835463961718,71.64632757754688],[82.88012221774218,71.49126776309376],[82.52887252291796,71.32020147891407],[82.21532729586718,71.20361670108204],[82.10357192477343,70.85644110293751],[82.04561141451953,70.41893347354298],[82.19571975192187,70.35798224063282],[82.50152877291796,70.71113165469532],[82.6754637094414,70.84212835879688],[82.80373671969531,70.81927832217579],[83.07590774020312,70.58175238223438],[83.03633407076953,70.24492987246876],[83.37072280367968,70.33726080508595],[83.67697432955859,70.46026190371876],[83.65711501559375,70.59817083926563],[83.57093337496875,70.65170630069142],[83.50470260104296,70.81292303653126],[83.16804793795703,71.18223150821095],[83.25261977633593,71.2828555926836],[83.56109145602343,71.62442358584767],[83.20242598971484,71.82590826602345],[82.85464766940234,71.94214972110157],[82.43625930270312,72.05058630557423],[82.32062056979296,72.22227820010548],[82.02602675875781,72.24522741885548],[81.5852537485039,72.35400732608204],[80.98231795748828,72.44697912783985],[80.84419539889453,72.58019598575001],[80.87170699557421,72.83999212832813],[80.82886794528125,73.01351507754688],[80.46401504000781,73.31357916446095],[80.50051406344531,73.42474707217579],[80.62013534030078,73.49647101016407],[80.83822921237109,73.55255468936329],[81.87746718844531,73.60222204776173],[83.02044204196093,73.61229284854298],[83.97656539401171,73.66978796573048],[84.61605361422656,73.74268683047657],[84.82945540866015,73.59973486514454],[85.00149825533984,73.5761905536211],[85.38118270358203,73.69632299991017],[85.85619643649218,73.82476385684376],[86.49205306491015,73.87382849307423],[86.75694564303515,73.78657110782032],[86.32635024508593,73.63435705752735],[86.12352279147265,73.45112188907032],[86.90497115573046,73.55588873477345],[87.13968184908984,73.60405310244923],[87.5696287485039,73.77212866397267],[87.69079116305468,73.90001257510548],[87.54062179049609,74.09967382998829],[87.3939695688164,74.17949255557423],[86.97762587985156,74.29900702090626],[86.81353286227343,74.43529089541798],[86.81261733492968,74.53988226504688],[86.9583235116875,74.78206213565235],[87.48745254000781,74.96091803164845],[87.92226699313281,75.05988653750782],[89.28468612155078,75.46612127871876],[89.68456557711718,75.50820501895313],[89.79632857760546,75.5244327411211],[90,75.55852850528126],[90,75.60154303164845],[91.63467696627734,75.6527286395586],[92.67054274996875,75.7626148089922],[93.59205916842578,75.88084753604298],[94.30955031832812,76.07406958194142],[94.69433883151171,76.18358191104298],[95.48768142184375,76.16833075137501],[95.96726516207812,76.16923864932423],[96.13936904391406,76.08590277285938],[95.98182204684375,75.90201147647267],[96.65822890719531,75.85330542178517],[97.11641219576953,75.87083014102345],[97.68372634371875,75.9552188739336],[98.28865340670703,76.0565372333086],[98.71624282321093,76.07403906436329],[99.15855697116015,75.99971350283985],[99.4672346445,75.96692236514454],[99.77942946871875,76.05931433291798],[99.83340743502734,76.21003302188282],[99.7736082406914,76.28535040469532],[99.98323348483203,76.43696936221485],[100.4073973031914,76.47143896670704],[100.83031753024218,76.45540960879688],[101.38946059664843,76.62499579043751],[101.11151412448046,76.85285528750782],[101.16646102389453,77.00576361270313],[101.69046309908984,77.20258673282032],[102.38966659030078,77.37482031436329],[103.39330581149218,77.55778845401173],[103.94659713229296,77.59216650576954],[104.39374068698046,77.56721838565235],[105.06251052340625,77.56850775332813],[105.44954207858203,77.4491382464922],[105.46972945651171,77.32931860537892],[104.78229049166796,77.14876898379688],[104.48514083346484,76.99502905459767],[104.70460799655078,76.92750128360157],[105.5281477304375,76.98001440616017],[106.24293807467578,76.91346319766407],[107.16025832614062,76.94913061709767],[107.24013045748828,76.89837225528126],[107.07137587985156,76.77097662539845],[106.53744033297656,76.56722601504688],[106.40403274020312,76.43227728457813],[107.29075149020312,76.43394812198048],[107.66595748385546,76.44307287783985],[107.77148726901171,76.40122564883595],[108.24447158297656,76.64641913028126],[108.85952285250781,76.64754828067188],[109.65640548190234,76.69128759951954],[109.94024947604296,76.6327319964922],[110.54772475680468,76.64229925723438],[111.42728713473437,76.56807287783985],[112.05716231783984,76.45135840030079],[112.5885496469414,76.25924261660938],[112.8223142953789,76.05888708682423],[113.1488752695,76.0594898089922],[113.5330076547539,76.09365423770313],[113.72303298434375,75.86883886905079],[113.11340621432421,75.49444922061329],[113.22163680514453,75.4368091449297],[113.6250486703789,75.27267035098438],[112.57712844332812,74.88621100039845],[112.11134627780078,74.78037603946095],[111.586619410125,74.73096045108204],[110.05470565280078,74.25368841739063],[108.69690230807421,73.81940802188282],[108.33986190280078,73.69124182315235],[107.26554397067187,73.52222784610157],[106.20830825289843,73.25850256533985],[105.27881911715625,72.75153692813282],[105.60022262057421,72.74426611514454],[106.0869856210625,72.85539587588673],[106.50154403170703,73.06131323428517],[107.24994185885546,73.13382299991017],[107.80428603610156,73.14277227969532],[108.74962905367968,73.2632251605547],[109.59518722018359,73.39159735293751],[109.99058822116015,73.43995245547657],[110.44228652438281,73.56786688418751],[110.40001967867968,73.74287756533985],[110.17844680270312,73.79822119326954],[110.16323379000781,73.83008917422657],[110.28963759860156,73.94206579776173],[110.55127242526171,74.03844793887501],[110.94413283785937,73.94327124209767],[111.21531203707812,73.76829870791798],[111.49485305270312,73.74487646670704],[111.76165297946093,73.65779455752735],[112.09338668307421,73.63455542178517],[112.47680190524218,73.65914496035938],[112.99697402438281,73.77956732364063],[113.22158339938281,73.74810370059376],[113.30773452242968,73.6129566058672],[113.31173995455859,73.38266333194142],[113.54699233492968,73.20093115420704],[114.18667891940234,73.55099829287892],[114.93411544283984,73.5603214129961],[115.61149123629687,73.62520178408985],[116.67113784274218,73.61922796817188],[117.53464797457812,73.54927404971485],[117.91884902438281,73.53409155459767],[118.46038344821093,73.51922949405079],[118.33846572360156,73.18611487002735],[118.49779799899218,73.03624304385548],[119.41744521578906,72.96692999453907],[119.79856399020312,72.91246374698048],[120.11277297457812,72.88152655215626],[120.57851699313281,72.83511694522267],[121.69950393160937,72.90021856875782],[122.24328139742968,72.90912207217579],[122.88243392428515,72.75281103701954],[123.51475051364062,73.17200811953907],[123.44220260104296,73.33018835635548],[123.4249754281914,73.43322332950001],[123.40985396823046,73.48077734561329],[124.22215560397265,73.69691046328907],[124.45666793307421,73.70529516787892],[124.81766036471484,73.65822943301563],[125.33462813815234,73.52407415957813],[125.71732619723437,73.39780005069142],[126.48701766451953,73.38340338321095],[127.09683516940234,73.41625555606251],[127.71956160983203,73.40153845401173],[128.31478408297656,73.20751532168751],[128.49888137301562,73.12594183535938],[128.5249281259453,72.95234259219532],[128.2910414071953,72.91247900576954],[128.1705580087578,72.8965259418047],[127.31350234469531,72.7138858661211],[126.21644118746875,72.38231237979298],[126.11130050143359,72.28037603946095],[126.22529891451953,72.24934729190235],[126.69000533541796,72.21892889590626],[127.12090590914843,72.2119327411211],[127.41754439791796,72.14218481631642],[127.71409896334765,72.01011236758595],[128.17013076266406,71.83187445254688],[128.43249038180468,71.75462683291798],[128.78353408297656,71.53804358096485],[129.35520461520312,71.17568548770313],[130.17171767672656,70.8153491839922],[130.77927688082812,70.678340517],[131.05480483492968,70.68650396914845],[131.41268447360156,70.86376532168751],[131.79166701754687,71.18792303653126],[132.28361037692187,71.66087683291798],[132.55375197848437,71.80897101016407],[132.68426040133593,71.8014102801836],[132.79061416110156,71.59201391787892],[133.13840774020312,71.45321234317188],[133.74390700778125,71.32284887881642],[134.2413587900078,71.26194342227345],[134.62290481051562,71.3013110980547],[135.51061538180468,71.51182135196095],[135.86063674410937,71.54344519229298],[136.22661879977343,71.51315649600392],[136.76502517184375,71.4057803973711],[137.62967971285937,71.07541998477345],[137.7712660165703,71.09882696719532],[137.85494521578906,71.1298023089922],[138.07578566989062,71.24595221133595],[138.1754408212578,71.36201056094532],[138.11381057223437,71.38510473819142],[138.11939528903125,71.47020300479298],[138.4461164804375,71.6102710589922],[138.6748762460625,71.6184497699297],[138.899851832,71.50264319033985],[139.1587629648125,71.41796454043751],[139.74447158297656,71.40359839053517],[139.82569411715625,71.62836035342579],[139.73856643160937,71.83789404483204],[139.8059797616875,72.00147589297657],[139.84789565524218,72.23560675235157],[139.3387708993828,72.16435583682423],[139.0499525400078,72.16382177920704],[138.96934035739062,72.21052130313282],[139.16831496676562,72.3437915668047],[139.3117933603203,72.3831973895586],[139.75561049899218,72.42317541690235],[140.21502212008593,72.43185003848438],[140.58907607516406,72.49523504825001],[141.2939710946953,72.78707464785938],[141.408396753875,72.78729590030079],[142.20023635348437,72.67872198672657],[142.90252212008593,72.61721380801563],[143.81882766207812,72.53262671084767],[144.26743606051562,72.50207861514454],[144.5618391366875,72.45562323184376],[145.59995559176562,72.42622717471485],[144.82036879977343,72.14334448428517],[145.20955947360156,72.12067755313282],[145.6646223398125,72.16052588076954],[145.81499770602343,72.09839972110157],[145.67818740328906,71.92672308535938],[145.26140883883593,71.84038122744923],[144.88077834567187,71.72314795108204],[144.80126479586718,71.59111364932423],[145.10038283785937,71.57618292422657],[145.33378127535937,71.63085516543751],[145.7462416025078,71.69371374698048],[146.1860609384453,71.84209784121876],[146.91512587985156,72.20190008731251],[148.15946486910937,72.19639929385548],[148.69796279391406,72.16618689151173],[149.10447219332812,72.08892401309376],[149.53032973727343,72.0273624286211],[149.62253859957812,71.94185980410938],[149.72198012789843,71.89520605655079],[148.71085647067187,71.62939795108204],[148.96216872653125,71.56785925479298],[149.71541884860156,71.43764837832813],[150.69370559176562,71.34668310733204],[151.11947158297656,71.25476416201954],[151.47996047457812,71.08581122012501],[151.6448469491875,70.89377935977345],[151.8990736337578,70.73301275821095],[152.13401320895312,70.66443213076954],[152.79058364352343,70.68098791690235],[153.40442946871875,70.72815283389454],[153.91649917086718,70.79046972842579],[155.04923537692187,70.93854864688282],[156.04317763766406,70.98655279727345],[157.39641860446093,70.92751654239063],[158.0779524179375,70.86731299014454],[158.40867141207812,70.81418951602345],[158.93413833102343,70.62346991153126],[159.22921279391406,70.54745062442188],[159.46557143649218,70.39498480410938],[159.62790969332812,70.21980627627735],[159.57267287692187,69.99896582217579],[159.44381240328906,69.76456030459767],[159.67295363864062,69.65192755313282],[160.01661208590625,69.62243231387501],[160.39239028414843,69.61560400576954],[160.68160537203906,69.57847937198048],[160.67403701266406,69.27026709170704],[160.86234572848437,69.08311804385548],[161.17081740817187,69.15864904971485],[161.41610244235156,69.35423620791798],[161.96099379977343,69.52816351504688],[162.11776259860156,69.55855902285938],[162.274851832,69.53628119082813],[163.0382337900078,69.5452075824297],[163.72240737399218,69.67448767276173],[164.05369094332812,69.66003759951954],[164.31817153414843,69.46485479922657],[164.63646987399218,69.41282232852345],[165.3301496835625,69.40657385440235],[166.30924514254687,69.37832983584767],[166.70035842379687,69.4316593036211],[167.32007888278125,69.65857275576954],[167.50323012789843,69.56856115908985],[167.92161086520312,69.32873877139454],[168.09997085055468,69.23150213809376],[168.59241774996875,69.11246069522267],[168.98606399020312,68.9633975848711],[169.11321547946093,68.78420599551563],[169.38860610446093,68.71748694033985],[170.0888929696953,68.77854498477345],[170.83280471285937,68.92194708438282],[170.90487197360156,69.0343204364336],[170.79320815524218,69.1840015277422],[170.4313001962578,69.55891760440235],[170.05626967867968,69.61091955752735],[170.23629287203906,69.76195105166798],[170.45170119723437,70.01921423526173],[171.30224135836718,69.97523077578907],[171.84838393649218,69.93847998233204],[172.35924819430468,69.90922888369923],[172.90816787203906,69.83476599307423],[173.00828078707812,69.69170721621876],[173.63665297946093,69.76070746035938],[174.57445815524218,69.78506048770313],[175.61097243746875,69.77942999453907],[176.19217971285937,69.71265753360157],[176.54601577242968,69.6229434833086],[177.07915786227343,69.53360327334767],[177.70499709567187,69.4896427020586],[178.04284194430468,69.4076114520586],[178.62885573825,69.25851782412892],[178.96496108492968,69.22913702578907],[179.28148940524218,69.1472583636797],[180,68.91989477725392],[180,67.96313055606251],[180,66.96313055606251],[180,65.96313055606251],[180,65.3816333636797],[180,65.31103094668751],[180,65.05193670840626],[180,64.95347937198048],[179.3091078134453,64.78647192569142],[179.01597121676562,64.77292975039845],[178.726023707,64.60632666201954],[178.47384170016406,64.57721289248829],[178.00438979586718,64.54774054141407],[177.84412673434375,64.58320959658985],[177.4266615243828,64.60673864932423],[177.37353042086718,64.76135595889454],[177.25146010836718,64.85610540957813],[177.02625564059375,64.84421881289845],[177.13465407809375,64.92744024844532],[176.71245864352343,64.7816577777422],[176.33170608004687,64.77292975039845],[176.18017104586718,64.86799200625782],[175.96505263766406,64.90365942569142],[176.155955347625,64.67792852969532],[175.89977553805468,64.54742773623829],[176.04404738864062,64.50115545840626],[176.46778396090625,64.40898474307423],[176.75323012789843,64.57114752383595],[176.93052199801562,64.55288275332813],[177.08159926852343,64.51739843936329],[177.08158400973437,64.30297430606251],[177.19323256930468,64.21035345645313],[177.53472426852343,64.08968695254688],[178.0111341806328,64.19211157412892],[177.81341079196093,64.04743536563282],[178.14725783785937,64.1566348895586],[178.17650893649218,64.00532110782032],[178.28776076754687,63.912913881257815],[178.37162307223437,63.74938162417774],[178.4026136728203,63.66409262271289],[178.07767775973437,63.42905005069141],[178.34437087496875,63.457957826570315],[178.5011244150078,63.38018759341602],[178.71395400485156,63.153731904939455],[178.93949416598437,63.08333548159961],[179.00428298434375,62.970199190095705],[178.93163588961718,62.76506765933399],[179.28769973239062,62.81507834048633],[179.23177627047656,62.63853796573047],[179.24216750582812,62.525699220613284],[179.04876235446093,62.391395173982424],[178.73766616305468,62.29927023501758],[178.45186904391406,62.31985434146289],[178.2502699228203,62.38287314029102],[177.69097426852343,62.45226629825],[177.2908430429375,62.48678549380664],[177.13486770114062,62.549964509919924],[177.19034865817187,62.67001303286914],[176.96834853610156,62.69078405948047],[176.83198073825,62.676410280183596],[176.58050063571093,62.42905005069141],[176.54911330660937,62.37968786807422],[175.1726332040703,61.96908529849414],[174.65267470797656,61.8908649310625],[174.5423078866875,61.89065512271289],[174.34871962985156,61.79903372378711],[174.2504377695,61.71468313784961],[173.92676833590625,61.6159625873125],[173.4809065195,61.60110052676563],[173.34258559664843,61.551822267488284],[173.12633803805468,61.36941488833789],[172.9182844491875,61.27812918277149],[172.49244216403125,61.263324342683596],[172.10816482028125,60.9832836017168],[172.00008681735156,60.85757406802539],[171.24840835055468,60.654178224519534],[171.07238295992968,60.4521442279375],[170.51969436129687,60.339942537263674],[170.33680251559375,60.277103029207034],[170.26842788180468,60.145137392],[170.27305129489062,60.013431154207034],[170.0601301523125,59.88180121035938],[169.87749770602343,59.87456091494922],[169.61364272555468,60.0122028216875],[169.53161147555468,60.129893861726565],[169.4557142587578,60.296268068269534],[169.1541242929375,60.434642396882815],[168.67075637301562,60.45457800479297],[168.21090224703906,60.43286093325977],[167.68961623629687,60.35544928164844],[167.10398391207812,60.27102621646289],[166.86841872653125,60.17341574283008],[166.26851943453906,59.83327826114063],[166.02721694430468,59.70872076602344],[165.9449720712578,59.77061041446094],[166.20342544039843,60.352637849763674],[165.95633986910937,60.31051596255664],[165.77999404391406,60.35411413760547],[165.41538527926562,60.11518820376758],[165.1135969491875,60.03144033999805],[164.93296340426562,59.96187552066211],[164.88157180270312,59.7341380939043],[164.58460524996875,59.66465338321094],[164.44190505465625,59.74018820376758],[164.32805922946093,59.96072729678516],[164.11052993258593,60.07820852847461],[163.64969924410937,59.79202231021289],[163.76682570895312,59.88375815005664],[163.51627639254687,59.85569342227344],[163.38868239840625,59.814063631013674],[163.10639480075,59.579173646882815],[163.04290297946093,59.46200140567188],[163.09977248629687,59.35886725039844],[163.25451186617968,59.29037436099414],[162.83521560153125,59.05590780825977],[162.7534437509453,58.96646460147266],[162.90740493258593,58.891280733064455],[162.61590102633593,58.73296316714649],[162.22001174410937,58.48553045840625],[161.93841079196093,58.25918539615039],[161.80436233004687,58.101722322419924],[161.79993728121875,57.862735353425784],[161.98922255953906,57.719852052644534],[162.20365432223437,57.67936285586719],[162.82566359957812,57.70098074527149],[163.07837966403125,57.62649878116016],[163.1278333993828,57.55162390323047],[162.9320326181328,57.37424048037891],[162.59327224215625,57.169540010408205],[162.512400660125,57.033492647126955],[162.6128187509453,56.80288275332813],[162.74430373629687,56.599708162263674],[163.0979719491875,56.55972632022266],[163.1722669931328,56.38381537051563],[163.16599563082812,56.10649832339649],[163.00907424410937,55.944068513826174],[162.77128127535937,55.91659506411914],[162.55463698825,56.01072271914844],[162.5471906991875,56.10531576724414],[162.721873316375,56.342349611238284],[162.52181533297656,56.34873541446094],[162.317576441375,56.24010046573047],[161.86132338961718,55.86087378116016],[161.60943129977343,55.55691488833789],[161.50274184664843,55.287372194246096],[161.64737990817187,54.985091768220705],[161.93853286227343,54.8451000079668],[162.0082044931328,54.738223634675784],[161.87586501559375,54.56412848086719],[161.56661513766406,54.42324026675586],[161.13636306246875,54.409068666414065],[160.837595972625,54.448566041902346],[160.68291762789843,54.448279939607424],[160.40430739840625,54.36758764834766],[160.02738479098437,54.15326651187305],[159.93114760836718,54.08635672183399],[159.69506362399218,53.85922583194141],[159.63321975192187,53.70584448428516],[159.6834974618828,53.57943304629688],[159.90476516207812,53.40018042178516],[159.92208388766406,53.30046804995899],[159.89686110934375,53.240577302888674],[159.59176162203906,53.133624635652346],[159.31981948336718,53.1264720782793],[158.78814223727343,52.95936544986133],[158.46136001071093,52.82596167178516],[158.4316664071953,52.713084779695315],[158.46236709078906,52.58713873477344],[158.38950637301562,52.20268591494922],[158.25802138766406,52.01712378116016],[157.8977766366875,51.6660228595293],[157.20952895602343,51.22900351138477],[156.82464126071093,51.00411947818164],[156.69637587985156,50.957748018220705],[156.56373122653125,51.234359346345705],[156.47469619235156,51.60382040591602],[156.36185744723437,51.91423758120899],[156.33323195895312,52.271556459382815],[156.175242457,52.609256349519534],[156.03809646090625,52.7814899310625],[155.9418440195,53.19308050723438],[155.71079543551562,53.8049388751543],[155.7074690195,54.064952455476565],[155.63807204684375,54.31840857119922],[155.63018325289843,54.465350709871096],[155.58306411227343,54.552074037507815],[155.46520522555468,54.91977270694141],[155.45347121676562,55.27581366153125],[155.5056867929375,55.63962133975391],[155.62757399996875,56.26791723819141],[155.70299819430468,56.36959799380664],[156.23583510836718,56.75682791324024],[156.55787185153125,56.94747122378711],[156.81467727145312,57.260570131257815],[156.87765029391406,57.362742982820315],[156.83948806246875,57.50565680117969],[156.77685073336718,57.580455385164065],[157.51116469821093,57.74545248599414],[157.9616957040703,57.88275869937305],[158.32625869235156,58.02682074160938],[159.10428908785937,58.424884401277346],[159.39269545992968,58.61035116763477],[159.58628371676562,58.802676759675784],[159.649119410125,58.953746400789065],[160.4519300790703,59.3538890704668],[160.84424880465625,59.554244600251955],[161.53524306735156,59.941688142732424],[161.70084670504687,60.07350882144336],[161.81792739352343,60.26799353213672],[162.3811292978203,60.463573060945315],[163.329295191375,60.694949708894534],[163.44480422457812,60.8902660235918],[163.79265883883593,61.128192506746096],[163.8313703866875,61.23308905215625],[163.57572463473437,61.33047064395313],[163.9422865243828,61.73741491885547],[163.92588332614062,61.955001436189455],[164.00829604586718,62.130897127107424],[164.27720168551562,62.22288092227344],[165.05478957614062,62.25954397769336],[165.2857160898125,62.28813513369922],[165.0671644540703,62.435687623933596],[164.13767531832812,62.53265341372852],[163.81841567477343,62.48973806949024],[163.34025100192187,62.411300264314455],[162.99024489840625,62.32608374209766],[163.00915053805468,62.17827948184375],[162.71056655367968,61.763187013582034],[162.76685622653125,61.67209967227344],[162.74877456149218,61.608985506013674],[162.45061782321093,61.55937918277149],[162.23524001559375,61.509925447419924],[161.53577712496875,61.18681677432422],[160.64498427828906,60.71775396914844],[160.118845972625,60.56362494082813],[160.0071058603203,60.591250978425784],[160.07699111422656,60.737586580232424],[160.23559096774218,60.94700964541797],[159.81551650485156,60.981082521394534],[159.74351027926562,61.09963568301563],[159.85686782321093,61.3024974689043],[160.05623916110156,61.51285132022266],[160.14934829196093,61.660167299226565],[160.11825087985156,61.75127752871875],[159.96580031832812,61.76504095645313],[159.45463088473437,61.56075247378711],[159.23105910739062,61.546310029939455],[159.10642531832812,61.70729025454883],[158.841258082,61.78396948428516],[158.118357691375,61.71947439761524],[157.52826980075,61.66927298159961],[157.09798720797656,61.633399568513674],[156.82523635348437,61.56281241031055],[156.42315200289843,61.401004396394534],[156.3811750741875,61.205081544832034],[156.41843703707812,61.12132986636524],[155.85076430758593,60.88296850772266],[155.66668227633593,60.77804144473438],[155.73389724215625,60.55536612124805],[155.151804957,60.394351564363284],[154.69332412203906,60.199019990876955],[154.31565383395312,59.983348451570315],[154.09215835055468,59.77587851138477],[153.94297316989062,59.56882818789844],[153.94446853121875,59.396678529695315],[154.1817884775078,59.3007770404375],[154.75280288180468,59.28121908755664],[154.87804702242968,59.15770300479297],[154.90589431246875,59.102767549470705],[154.38708022555468,59.03995092959766],[153.92443374117968,58.922347627595705],[153.45414260348437,58.948916994050784],[153.13988784274218,59.01012381167774],[152.96824172457812,58.99606665225391],[152.82833388766406,58.947738252595705],[152.50420669039843,58.76871832461719],[152.19124892672656,58.925941072419924],[151.69065383395312,58.75345953555469],[151.35448745211718,58.691119752839846],[151.1354017587578,58.73182638736133],[151.00748733004687,58.7933421954668],[151.0561781259453,58.923812471345705],[151.39268020114062,58.979373537019534],[151.78330520114062,59.03504904361133],[151.85726455172656,59.05581244082813],[151.52360061129687,59.343944154695315],[151.1402082773125,59.43957098575],[150.66341689547656,59.431800447419924],[150.27865127047656,59.362247072175784],[150.12006667575,59.38945349307422],[149.72957900485156,59.59532888980274],[149.38030532321093,59.60845526309375],[149.04528335055468,59.5871539935625],[148.72844985446093,59.476337037996096],[148.74720290621875,59.29743155093555],[148.63029006442187,59.19402655215625],[148.4160871835625,59.09739264102344],[148.10282424410937,59.206798158601565],[147.91918471774218,59.26147421450977],[147.35222915133593,59.232886873201174],[146.99962905367968,59.19095953555469],[146.70640090426562,59.224795900300784],[146.30735305270312,59.285953126863284],[146.05396560153125,59.25107153506641],[146.02347854098437,59.195994935945315],[145.95696547946093,58.98285635562305],[145.65258315524218,58.975406251863284],[145.51279738864062,59.03694876284961],[145.49566176852343,59.208751283601565],[145.40413955172656,59.325503908113284],[144.84569838961718,59.28319510074024],[144.38981154879687,59.309859834626955],[143.82409194430468,59.29501303286914],[143.30285170992968,59.26652868838672],[142.92681411227343,59.27957113833789],[142.8458509775078,59.272525392488284],[142.35776809176562,59.14095648379688],[141.92383864840625,58.940894685701174],[141.59083083590625,58.72753103824024],[141.34955886325,58.500865541414065],[140.99425795992968,58.3906322345293],[140.58739760836718,58.23931082339649],[140.49984267672656,58.17075689883594],[140.02874282321093,57.64412649722461],[139.29383376559375,57.3361774310625],[138.86675551852343,57.12446554751758],[138.34592727145312,56.8042064532793],[137.60193923434375,56.24034842105274],[137.22909072360156,55.98272284121875],[136.5212660165703,55.58989294619922],[136.11939528903125,55.42064627261524],[135.26954177340625,55.02874334903125],[134.98522475680468,54.85393484683399],[134.89373305758593,54.71992453189258],[134.9020033212578,54.55941732974414],[135.0945082040703,54.432784639314455],[135.31255629977343,54.413165651277346],[135.72582534274218,54.407264314607424],[136.19642165621875,54.47499807925586],[136.4916029306328,54.45549353213672],[136.3435316415703,53.887828432039065],[136.3506574960625,53.70121344180469],[136.48705581149218,53.65484198184375],[136.770213160125,53.695357881501955],[137.04065993746875,53.86247976870899],[137.38286879977343,53.80980642886524],[137.3257551523125,53.74305685611133],[137.1217298837578,53.58943899722461],[137.0713148446953,53.48947104068164],[137.23923781832812,53.45651587100391],[136.16079852341954,53.020625426272936],[135.27304949287273,53.020625426272936],[134.6812168058415,52.94664634039403],[134.2373422905681,53.46449994154634],[133.4235723459002,52.650729996878425],[133.12765600238458,52.650729996878425],[132.38786514359558,52.35481365336282],[132.01796971420106,52.42879273924172],[131.13022068365424,53.90837445681975],[130.53838799662302,53.90837445681975],[130.90828342601753,55.239998002639986],[130.3904298248652,56.05376794730791],[129.20676445080278,56.86753789197583],[128.83686902140826,56.645600634339125],[128.17105724849816,56.71957972021803],[126.91341278855683,56.49764246258132],[126.54351735916231,56.49764246258132],[124.91597746982647,56.20172611906572],[124.54608204043197,56.275705204944614],[124.10220752515855,56.275705204944614],[123.51037483812735,56.423663376702414],[122.69660489345942,55.97978886142901],[121.9568140346704,55.905809775550104],[121.73487677703369,55.38795617439779],[121.29100226176028,55.092039830882186],[121.21702317588138,54.722144401487675],[120.92110683236578,54.50020714385097],[121.06906500412359,54.27826988621427],[120.92110683236578,53.834395370940854],[121.66089769115479,53.76041628506195],[121.67482689332648,53.357142464010835],[121.18775466403125,53.31972845645313],[120.91705611666796,53.258617006257815],[120.70224288424609,53.184520326570315],[120.16528609713671,52.83050116153125],[119.99654677828906,52.703815065339846],[119.94269088229296,52.59101828189258],[120.31287673434375,52.62606009097461],[120.56357100924609,52.61416205020313],[120.77311233004687,52.47634466739063],[120.8210935922539,52.36420401187305],[120.74595168551562,52.00712927432422],[120.1289778085625,51.73335989566211],[119.85977462252734,51.488074861482424],[119.55948165377734,51.13756521792774],[119.37221053561328,50.893287263826174],[119.18234542330859,50.70172079654102],[119.13661483248828,50.589854799226565],[119.16393569430468,50.524356447175784],[119.32166579684375,50.36770971866016],[119.34646132907031,50.23013266177539],[119.29120162448046,50.124984346345705],[118.94031051119921,49.972457490876955],[117.84202102145312,49.633800111726565],[117.64499190768359,49.593623720125],[117.4905271860039,49.58627661319141],[116.984080347625,49.844562135652346],[116.78053573092578,49.92182119937305],[116.75977614840625,49.92989309878711],[116.56601241549609,50.005626283601565],[116.2861814828789,49.99759253116016],[115.7336912485039,49.864032350496096],[115.34658339938281,49.94032248111133],[115.19365981539843,49.998336397126955],[114.8555403085625,50.22592505069141],[114.52263930758593,50.296275697664065],[114.24833205660937,50.275149904207034],[114.098338160125,50.27434881778125],[113.57440474948046,50.05522497744922],[113.2346906991875,49.83119162173633],[113.03313735446093,49.65389975161914],[112.76120284518359,49.53502234073047],[112.52449325045703,49.462020479158205],[112.00812056979296,49.400584779695315],[111.61783889254687,49.352862916902346],[111.37829116305468,49.31900366397266],[110.92029097994921,49.29046591372852],[110.19990828951953,49.24101599307422],[109.86690047701953,49.25878103824024],[109.42404464205859,49.2955394610918],[109.01690200289843,49.40423163028125],[108.42351821383593,49.518477998689455],[108.05832198580859,49.68619116397266],[107.54907515963671,49.827098451570315],[107.26836684664843,49.97579535098438],[106.66849807223437,50.313521944001955],[106.322947535125,50.416690431550784],[105.6824217172539,50.42641790957813],[105.1551008554375,50.443309389070315],[104.79693892916796,50.4085765704668],[103.68075850924609,50.16643484683399],[103.37787154635546,50.21730764956836],[102.63903335055468,50.4561839923418],[102.44960311373828,50.60624273867969],[102.26568892916796,50.808997713044924],[102.18423751315234,51.0256420001543],[102.18224624117968,51.26922567935352],[102.11743453463671,51.36111029239063],[101.77236464938281,51.42517050357227],[101.3269758554375,51.56784018130664],[101.01121047457812,51.671710573152346],[100.22460463961718,51.8193317279375],[99.75820449313281,51.902694307283205],[99.29542067965625,51.946490846589846],[98.91755965670703,52.03695639224414],[97.61011347639456,52.14809611108723],[97.31938973459386,52.826451508622185],[95.86577102559038,53.79553064795783],[95.18741562805542,53.79553064795783],[93.56736071988496,52.34885104654265],[92.59101829536783,52.400237489938284],[91.96526701967714,51.56936022315105],[90,51.56936022315105],[85.60545523526416,48.23399901135939],[85.60545523526416,48.233999011359394],[85.60147253617254,48.23097623180438],[85.38290436843612,48.14771216790478],[83.1155357743337,48.283178307737295],[84.26729348120226,49.20458447323215],[81.47911433396416,50.29127719361997],[78.64995028619546,50.80567065685063],[74.92059767777309,54.14922816785001],[72.99162219065806,55.306613460119024],[64.68741246443645,54.272318383453886],[64.45706092306274,53.581263759332735],[63.0380651558678,51.176031829391945],[60.820157918405,50.85918793832584],[58.33140848858389,50.934269022658306],[55.245047709199866,51.70585921750431],[51.387096734969816,51.062867388465975],[51.12990000335448,50.419875559427624],[51.90149019820049,49.39108863296629],[51.387096734969816,48.1051049748896],[51.772891832392816,47.46211314585126],[51.36885741671679,47.09002264590625],[51.11708358248828,47.06304510684375],[50.82035354098437,46.91917761416797],[50.63152221163867,46.91018255801563],[50.27184966525195,46.68538626284961],[49.94814208468554,46.55950125308399],[49.72334578951953,46.53252371402149],[49.534514460173824,46.54151877017383],[49.4086294504082,46.43361624331836],[49.31320479830859,46.35268744082813],[49.23778441866992,46.262767396882815],[49.05794433077929,46.13688238711719],[48.88709929904101,46.082931123689455],[48.83314803561328,46.082931123689455],[48.83314803561328,46.01998861880664],[48.83314803561328,45.92107733340625],[48.770205530730465,45.885108552888674],[48.63532927950976,45.97502859683399],[48.48246673068164,45.885108552888674],[48.30262664279101,45.76821478457813],[48.01488784274218,45.71426352115039],[47.87101653536914,45.67829855533008],[47.75412276705859,45.71426352115039],[47.67319777926562,45.75023230166797],[47.628237757292965,45.732249818757815],[47.60126403292773,45.66031225772266],[47.6552114816582,45.54341848941211],[47.556304010955074,45.4534984454668],[47.47537520846484,45.318622194246096],[47.39445022067187,45.17475088687305],[47.250578913298824,44.98592337222461],[47.169653925505855,44.86003836245899],[47.02578261813281,44.78810080142383],[46.87292006930468,44.68019827456836],[44.75488708305846,44.439494870378866],[43.88049339662065,44.81423502170936],[43.38083986151332,46.1882822432545],[42.25661940752185,46.81284916213865],[40.63274541842304,46.68793577836182],[40.50783203464621,47.4374160810228],[39.258698196877916,48.43672315123745],[37.884650975332775,49.186203453898436],[37.38499744022545,48.811463302567944],[33.38776915936687,47.312502697245975],[31.990814017624178,47.402806194654616],[31.426826626424592,47.61972442203907],[31.079757462609457,47.79325900394664],[31.079757462609457,48.18371181323866],[31.16652475356324,48.27047910419244],[31.16652475356324,48.617548268007575],[32.3812668269162,48.4873973315769],[33.55262525479226,48.87785014086892],[31.513593917378373,49.70213940492986],[31.513593917378373,49.96244127779121],[30.51577007140987,49.96244127779121],[30.47238642593298,50.09259221422188],[30.342235489502308,51.39410157852862],[30.47238642593298,51.65440345138997],[30.55915371688676,51.827938033297535],[31.3834429809477,52.001472615205095],[31.29667568999392,52.955912815696706],[31.3834429809477,53.25959833403495],[32.468034117869976,53.08606375212738],[32.20773224500863,54.43095676191101],[31.556977562855266,54.30080582548034],[31.426826626424592,54.908176862156814],[31.730512144762827,54.95156050763371],[31.513593917378373,55.55893154431019],[31.253292044517025,55.602315189787085],[31.20990839904013,55.73246612621775],[31.860663081193497,55.9927679990791],[32.07758130857796,56.77367361766314],[31.556977562855266,57.03397549052449],[31.16652475356324,56.730289972186256],[30.385619134979198,57.29427736338584],[30.47238642593298,57.77149746363165],[29.995166325687176,58.20533391840056],[29.51794622544137,58.07518298196989],[28.17305321565774,58.986239536984606],[29.040726125195565,59.28992505532285],[29.51794622544137,59.24654140984595],[29.995166325687176,59.46345963723041],[31.31836751273237,59.59361057366109],[31.29753807825115,59.936139051796694],[31.34931640625001,59.932763671874994],[31.4013671875,59.911328125],[31.45478515625001,59.907177734375],[31.509765625,59.920361328125],[31.547167968750017,59.94013671875],[31.567187500000017,59.966552734375],[31.565039062500006,59.998046875],[31.540917968750023,60.034521484375],[31.548242187500023,60.071875],[31.6064453125,60.133642578125],[31.605859375000023,60.14228515625],[31.596875,60.143798828125],[31.590625,60.15556640625],[31.598925781250017,60.16962890625],[31.69941406250001,60.23564453125],[31.84326171875,60.2478515625],[32.05712890625,60.226513671875],[32.19609375000002,60.195361328125],[32.26015625000002,60.154345703125],[32.36152343750001,60.148095703124994],[32.50039062500002,60.176513671875],[32.58388671875002,60.208935546875],[32.6123046875,60.245361328125],[32.614355468750006,60.285791015624994],[32.59023437500002,60.330224609374994],[32.59492187500001,60.35458984375],[32.655859375,60.3716796875],[32.67666015625002,60.392431640625],[32.66396484375002,60.427099609375],[32.61787109375001,60.4755859375],[32.59648437500002,60.511083984375],[32.59990234375002,60.53349609375],[32.641699218750006,60.536865234375],[32.72207031250002,60.521142578124994],[32.781835937500006,60.488232421875],[32.81572265625002,60.481884765625],[32.84140625,60.497021484375],[32.90693359375001,60.5859375],[32.9443359375,60.642578125],[32.9365234375,60.6703125],[32.90302734375001,60.693505859374994],[32.84355468750002,60.71220703125],[32.81191406250002,60.756494140624994],[32.80781250000001,60.8263671875],[32.76542968750002,60.88603515625],[32.640722656250006,60.96914062499999],[32.633398437500006,60.98671875],[32.59257812500002,60.997607421875],[32.58056640625,61.0138671875],[32.58125,61.044873046875],[32.56337890625002,61.079443359375],[32.52685546875,61.117529296875],[32.35957031250001,61.180517578125],[31.89863281250001,61.323974609375],[31.870703125,61.34736328125],[31.762304687500006,61.383691406249994],[31.697851562500006,61.415478515625],[31.63691406250001,61.462744140625],[31.620410156250017,61.461083984374994],[31.616503906250017,61.44248046875],[31.619726562500006,61.426953125],[31.603613281250006,61.42255859375],[31.57578125,61.43720703125],[31.533203125,61.49736328125],[31.486132812500017,61.550830078125],[31.36484375,61.62744140625],[31.334082031250006,61.62744140625],[31.32783203125001,61.616650390625],[31.30810546875,61.605029296875],[31.285937500000017,61.615234375],[31.25751953125001,61.641064453125],[31.238183593750023,61.643017578125],[31.194277383317992,61.63420381291975],[31.123141108086358,62.80400033895104],[30.559153716886772,63.10768585728928],[30.602537362363663,65.14671719470317],[30.992990171655684,65.75408823137965],[30.602537362363663,66.66514478639436],[30.732688298794336,68.5740251873776],[31.33127501925586,69.6627612933672],[31.782200846282226,69.7770191058672],[32.07155898532031,69.88349493594532],[32.07601073702929,69.81535681338673],[32.190562281218746,69.64171179385548],[32.35172561129687,69.51367529483204],[32.59630874117968,69.42361792178517],[33.00963118991015,69.38669165225392]],[[36.2001953125,61.531201171875],[36.15908203125002,61.571484375],[36.10869140625002,61.611083984375],[36.060644531250006,61.65439453125],[36.02558593750001,61.70361328125],[35.985449218750006,61.755859375],[35.92558593750002,61.806396484375],[35.870703125,61.854833984375],[35.84296875000001,61.901904296875],[35.818359375,61.951074218749994],[35.74951171875,61.999072265625],[35.68935546875002,62.040234375],[35.674414062500006,62.07939453125],[35.73017578125001,62.13916015625],[35.764257812500006,62.20517578125],[35.800390625,62.2814453125],[35.82265625000002,62.352197265624994],[35.821875,62.411767578124994],[35.80292968750001,62.4611328125],[35.77119140625001,62.4958984375],[35.73984375,62.52021484375],[35.69804687500002,62.53759765625],[35.641210937500006,62.555566406249994],[35.584570312500006,62.576025390625],[35.543554687500006,62.599365234375],[35.51943359375002,62.61728515625],[35.50371093750002,62.62470703125],[35.49501953125002,62.619189453125],[35.48759765625002,62.605908203125],[35.4638671875,62.60419921875],[35.41572265625001,62.626708984375],[35.32597656250002,62.666162109374994],[35.20195312500002,62.7052734375],[35.0830078125,62.741162109375],[35.00576171875002,62.772998046875],[34.958105468750006,62.797412109375],[34.91044921875002,62.8154296875],[34.85488281250002,62.825634765625],[34.78789062500002,62.831103515625],[34.70332031250001,62.84423828125],[34.60537109375002,62.87275390625],[34.53251953125002,62.91572265625],[34.48945312500001,62.90361328125],[34.479589843750006,62.873828125],[34.53554687500002,62.81845703125],[34.583105468750006,62.7556640625],[34.62109375,62.712353515625],[34.658203125,62.679931640625],[34.703710937500006,62.643408203125],[34.7392578125,62.6212890625],[34.77607421875001,62.622314453125],[34.83857421875001,62.591162109375],[34.86796875000002,62.610546875],[34.943359375,62.642822265625],[34.96699218750001,62.63896484375],[35.02373046875002,62.613330078125],[35.09296875000001,62.58046875],[35.14716796875001,62.5591796875],[35.20136718750001,62.549658203125],[35.27089843750002,62.54541015625],[35.35175781250001,62.52265625],[35.43310546875,62.468603515625],[35.49833984375002,62.403564453125],[35.54023437500001,62.354248046875],[35.55859375,62.31875],[35.56718750000002,62.287109375],[35.56386718750002,62.26015625],[35.55351562500002,62.2359375],[35.51826171875001,62.210498046875],[35.45498046875002,62.180712890625],[35.38720703125,62.1578125],[35.34130859375,62.1490234375],[35.28398437500002,62.161572265625],[35.18837890625002,62.190234375],[35.09589843750001,62.21806640625],[35.0458984375,62.228759765625],[35.0517578125,62.211572265624994],[35.09375,62.172216796875],[35.1435546875,62.12724609375],[35.16777343750002,62.0966796875],[35.1650390625,62.0806640625],[35.14960937500001,62.07099609375],[35.11455078125002,62.053613281249994],[35.07490234375001,62.053613281249994],[35.02861328125002,62.0779296875],[34.975683593750006,62.117626953125],[34.92802734375002,62.15966796875],[34.89248046875002,62.187060546875],[34.87080078125001,62.219384765624994],[34.85927734375002,62.260400390624994],[34.85195312500002,62.29443359375],[34.84052734375001,62.31005859375],[34.810546875,62.33232421875],[34.75849609375001,62.382568359375],[34.695898437500006,62.44267578125],[34.640625,62.4890625],[34.5953125,62.519091796875],[34.556640625,62.539892578125],[34.53203125000002,62.546289062499994],[34.52021484375001,62.541650390624994],[34.526953125,62.523583984374994],[34.546972656250006,62.49775390625],[34.59218750000002,62.457958984375],[34.65957031250002,62.406298828125],[34.69560546875002,62.36455078125],[34.68154296875002,62.338818359375],[34.63320312500002,62.34833984375],[34.608984375,62.338818359375],[34.61484375,62.304345703124994],[34.65810546875002,62.24521484375],[34.64697265625,62.212646484375],[34.632421875,62.18193359375],[34.64404296875,62.136132812499994],[34.65322265625002,62.108544921874994],[34.63564453125002,62.09501953125],[34.59140625,62.096484375],[34.51416015625,62.119580078125],[34.4169921875,62.158203125],[34.342871093750006,62.19892578125],[34.32119140625002,62.227001953125],[34.32949218750002,62.245703125],[34.32753906250002,62.26396484375],[34.291601562500006,62.29726562499999],[34.21767578125002,62.352294921875],[34.13691406250001,62.414013671875],[34.08417968750001,62.4634765625],[34.05390625000001,62.49453125],[34.02714843750002,62.51181640625],[34.0029296875,62.516064453125],[33.97871093750001,62.515869140625],[33.95859375,62.5099609375],[33.94404296875001,62.50048828125],[33.940625,62.481591796874994],[33.947265625,62.452978515625],[33.96181640625002,62.42509765625],[33.9775390625,62.4080078125],[34.00332031250002,62.40078125],[34.04238281250002,62.396533203125],[34.09833984375001,62.378857421875],[34.16494140625002,62.33916015625],[34.22255859375002,62.293701171875],[34.25654296875001,62.2623046875],[34.26542968750002,62.238232421875],[34.26210937500002,62.210498046875],[34.25517578125002,62.185693359374994],[34.25517578125002,62.1685546875],[34.294042968750006,62.141503906249994],[34.380957031250006,62.092626953125],[34.47675781250001,62.038525390625],[34.53730468750001,61.998974609375],[34.56630859375002,61.968896484374994],[34.5859375,61.937841796875],[34.59375,61.906005859375],[34.594335937500006,61.8740234375],[34.58291015625002,61.846044921875],[34.56240234375002,61.823828125],[34.53125,61.811572265625],[34.49443359375002,61.8076171875],[34.4453125,61.81875],[34.38466796875002,61.843017578125],[34.33564453125001,61.864404296874994],[34.314550781250006,61.868701171875],[34.32265625000002,61.8544921875],[34.34453125000002,61.831201171874994],[34.38798828125002,61.796142578125],[34.4482421875,61.753320312499994],[34.53144531250001,61.704345703125],[34.629980468750006,61.65439453125],[34.7724609375,61.60087890625],[34.96162109375001,61.543408203125],[35.15390625,61.48515625],[35.30390625000001,61.429589843749994],[35.3984375,61.38583984375],[35.45742187500002,61.355908203125],[35.49462890625,61.328955078125],[35.53691406250002,61.292236328125],[35.577734375,61.24638671875],[35.611425781250006,61.197412109374994],[35.62939453125,61.149951171875],[35.63222656250002,61.1078125],[35.61464843750002,61.076123046875],[35.58339843750002,61.034228515625],[35.52734375,61.022802734375],[35.440625,61.062646484374994],[35.3453125,61.07255859375],[35.25927734375,61.066552734374994],[35.19208984375001,61.0689453125],[35.14199218750002,61.077294921874994],[35.10810546875001,61.0916015625],[35.07998046875002,61.108349609375],[35.06201171875,61.125634765624994],[35.05263671875002,61.14111328125],[35.077734375,61.151318359375],[35.143164062500006,61.155810546875],[35.20771484375001,61.1587890625],[35.231054687500006,61.165234375],[35.20693359375002,61.17724609375],[35.15664062500002,61.19365234375],[35.07470703125,61.207080078125],[34.97421875,61.211962890625],[34.887304687500006,61.206103515625],[34.83808593750001,61.19365234375],[34.81875,61.1736328125],[34.80400390625002,61.149560546874994],[34.79667968750002,61.122802734375],[34.795507812500006,61.096484375],[34.80244140625001,61.07353515625],[34.81494140625,61.055029296875],[34.82851562500002,61.038623046875],[34.84638671875001,61.02666015625],[34.86904296875002,61.027001953124994],[34.89628906250002,61.046875],[34.942480468750006,61.07041015625],[35.02236328125002,61.064453125],[35.092871093750006,61.044677734375],[35.116796875,61.022216796875],[35.132910156250006,61.007080078125],[35.18447265625002,61.0048828125],[35.2548828125,61.014599609375],[35.31611328125001,61.028076171875],[35.36328125,61.038232421874994],[35.39960937500001,61.039892578125],[35.42617187500002,61.033154296875],[35.449804687500006,61.022998046875],[35.47333984375001,61.0021484375],[35.49941406250002,60.96982421875],[35.55058593750002,60.93798828125],[35.63457031250002,60.91845703125],[35.71904296875002,60.904541015625],[35.771582031250006,60.88642578125],[35.80078125,60.871826171875],[35.828710937500006,60.86650390625],[35.855078125,60.870507812499994],[35.88027343750002,60.878320312499994],[35.899023437500006,60.889794921874994],[35.90986328125001,60.902490234374994],[35.90449218750001,60.916552734375],[35.88417968750002,60.931103515625],[35.88027343750002,60.94775390625],[35.91484375000002,60.966845703125],[35.97626953125001,60.993896484375],[36.03681640625001,61.0296875],[36.098730468750006,61.062646484374994],[36.16279296875001,61.082763671875],[36.22412109375,61.096484375],[36.279296875,61.113818359375],[36.325,61.135498046875],[36.363867187500006,61.159716796875],[36.38691406250001,61.18408203125],[36.394628906250006,61.20615234375],[36.38847656250002,61.225048828125],[36.378125,61.24189453125],[36.371191406250006,61.2568359375],[36.373632812500006,61.271142578124994],[36.38007812500001,61.28095703125],[36.38271484375002,61.285009765625],[36.395605468750006,61.302099609375],[36.40839843750001,61.319140625],[36.424902343750006,61.34912109375],[36.42792968750001,61.37314453125],[36.4189453125,61.3923828125],[36.40556640625002,61.4107421875],[36.37148437500002,61.43232421875],[36.31201171875,61.45947265625],[36.24726562500001,61.49326171875],[36.2001953125,61.531201171875]]],[[[35.19560546875002,61.987939453124994],[35.25175781250002,62.0796875],[35.30800781250002,62.0765625],[35.33925781250002,62.0328125],[35.34707031250002,61.997802734375],[35.32578125,61.9353515625],[35.27363281250001,61.8703125],[35.201757812500006,61.8390625],[35.16035156250001,61.858642578125],[35.17070312500002,61.905664062499994],[35.19560546875002,61.987939453124994]]]]}},{"type":"Feature","properties":{"name":"Sweden","subject":"Sweden","partOf":"Sweden","borderPrecision":3,"color":"#8b7fa6"},"geometry":{"type":"MultiPolygon","coordinates":[[[[9.938929370869936,53.182726923002384],[9.97891665513707,53.162733280868814],[9.968919834070288,53.062765070200975],[9.489072422864652,52.942803217399565],[9.429091496463947,52.80284772246459],[9.339120106862891,52.722873153930315],[9.249148717261836,52.78285408033102],[9.179170969794345,52.81284454353138],[9.049212295926154,52.842835006731725],[8.679329916455142,52.78285408033102],[8.640594793180789,53.01279099593687],[8.66019322944274,53.02650990132023],[8.74404869152686,53.08520872477912],[8.619904013511574,53.16797184345598],[8.55783167450393,53.15762645362137],[8.423341606654038,53.26108035196744],[8.433686996488644,53.3334980808097],[8.464723165992465,53.3334980808097],[8.475068555827074,53.37487964014812],[8.433686996488644,53.39557041981734],[8.454377776157859,53.41626119948655],[8.506104725330895,53.38522502998273],[8.537140894834717,53.4783335384942],[8.501803431121093,53.44902762027149],[8.42865756472705,53.61204870791797],[8.516240577905567,53.76104174723696],[8.539542231169921,53.80068167300586],[8.585600878584321,53.7930778153404],[8.848478350249511,53.749679170564455],[9.125039133635742,53.790477357820315],[9.48401853100967,53.53769617022281],[9.752260187362955,53.50320621034047],[9.699005665267117,53.45264109180555],[9.679012023133549,53.38266334433806],[9.72899612846747,53.27269831260344],[9.838961160202095,53.22271420726952],[9.92893254980315,53.202720565135955],[9.938929370869936,53.182726923002384]]],[[[18.142498,57.409439],[18.115276000000108,57.480827],[18.110275,57.496109],[18.109997,57.513054000000125],[18.111385,57.51944],[18.119164,57.531105],[18.138611,57.551109],[18.179165,57.588333],[18.191441,57.596138],[18.211941000000138,57.605827],[18.227776,57.611382000000106],[18.242222,57.61749300000014],[18.249165,57.62082700000013],[18.276108,57.634163000000115],[18.29472,57.645828],[18.338886,57.681664],[18.355831000000137,57.69583100000011],[18.381943,57.718605],[18.401665,57.738609],[18.41972,57.760277],[18.456387,57.802773],[18.461388,57.8077770000001],[18.46722,57.811943],[18.48111,57.818604],[18.681942,57.913605],[18.689999,57.916107],[18.71611,57.921104],[18.724998,57.922775],[18.881943,57.919716],[18.902496,57.918327],[18.914165,57.917496],[19.004719,57.908607],[19.006107,57.90361],[19.003887000000134,57.898888],[19.033333,57.826942],[18.929443,57.739716],[18.848888,57.721107],[18.809166,57.703606],[18.793331,57.659164],[18.75972,57.508049],[18.768055,57.472221],[18.769444,57.467216],[18.78833,57.448326],[18.71444300000013,57.246941000000106],[18.711941,57.241661],[18.658054,57.220833],[18.551941,57.182777],[18.514721000000122,57.169441],[18.498333,57.165276],[18.455555,57.156944],[18.439442,57.152771],[18.417221,57.144165],[18.397221,57.134163],[18.391388,57.12999700000012],[18.386665,57.124992],[18.345554,57.07972],[18.341389,57.073883],[18.339165,57.06860400000011],[18.335552,57.023331],[18.335831,57.017494],[18.34333,57.014442],[18.346664,56.998604000000114],[18.302498,56.937492],[18.294998000000135,56.934715],[18.215553,56.913055],[18.206108,56.911942],[18.168888,56.909996],[18.147778,56.911942],[18.140274,56.914993],[18.142498,56.920273],[18.158333,56.94166600000011],[18.209164,56.989166],[18.256664,57.032219],[18.254444,57.079163],[18.173332,57.141937],[18.148331,57.235275000000115],[18.158054,57.315826],[18.142498,57.409439]]],[[[13.667614969817382,54.08416708560352],[13.737782511321289,54.03028830142383],[13.764326128569824,53.87718542666797],[13.780499491301757,53.77517660708789],[13.850170168486816,53.72928961367969],[14.009740862456542,53.67320974917774],[14.17686370333789,53.68340643496875],[14.189576181975585,53.624793611482424],[14.280191454497558,53.61341818423633],[14.433155092803222,53.594214998201174],[14.537060770598632,53.538165651277346],[14.448964095804744,53.31307257966807],[14.176668927389384,53.13154246739116],[14.025393833825296,53.13154246739116],[14.025393833825296,53.43409265451934],[13.773201324875295,53.47510060417088],[13.805530668108442,53.60441797710347],[13.611554608709557,53.66907666356976],[13.563060593859834,53.63674732033662],[13.530731250626687,53.63674732033662],[13.482237235776967,53.70140600680291],[13.401413877694097,53.70140600680291],[13.255931833144935,53.57208863387033],[13.207437818295212,53.620582648720045],[13.11044978859577,53.57208863387032],[13.11044978859577,53.620582648720045],[13.175108475062064,53.66907666356976],[13.142779131828917,53.78222936488578],[13.013461758896327,53.73373535003606],[12.981132415663179,53.73373535003606],[12.884144385963737,53.68524133518634],[12.77099168464772,53.70140600680291],[12.90030905758031,53.92771140943495],[12.851815042730589,53.94387608105152],[12.90030905758031,54.02469943913439],[12.706332998181425,54.08935812560068],[12.46253656621695,54.25478611729922],[12.652518305388671,54.32142599673633],[12.764800104705078,54.270328126863284],[12.943138155547363,54.34698446841602],[13.025811228362304,54.265216432527346],[13.06376555880664,54.19368704409961],[13.349167856780273,54.063487611726565],[13.431016001311523,54.03024633975391],[13.667614969817382,54.08416708560352]]],[[[20.70065978488086,63.818126283601565],[19.984885248748046,63.51726873965625],[19.670275721160156,63.38854178042774],[19.465012583342773,63.48070486636524],[19.318224939910156,63.444827638582034],[19.075926813689453,63.202498994783205],[18.78499129733203,63.138011537507815],[18.48662475070117,62.98124273867969],[18.388949427214843,62.85337408633594],[18.303191217986328,62.789424501375],[17.967440638152343,62.77462347598438],[17.86816886386035,62.788619600251955],[17.93625548800586,62.54800375552539],[17.718112024871093,62.356734834626955],[17.29024032076953,62.44072302432422],[17.387362513152343,62.20076712222461],[17.496771845427734,62.08810003848438],[17.38697341403125,61.65843542666797],[17.16264251193164,61.62990530581836],[17.06517699679492,61.53837927432422],[17.150189432708007,61.19770773501758],[17.146208796111328,60.95282705874805],[17.317627939788085,60.753070436433596],[17.188498529998046,60.674293123201174],[17.60496428927539,60.63753851504688],[17.706456217375976,60.55358084292774],[17.93074897250293,60.590308748201174],[18.224387201873046,60.32296713443164],[18.416865381804687,60.181624971345705],[18.804085764495117,60.10839804263477],[18.89307120761035,59.92568930240039],[19.03732398470996,59.86324270816211],[19.043551477996093,59.71242483706836],[18.867892298308593,59.71242483706836],[18.639250788298828,59.56692846866016],[18.25142196139453,59.43193777652149],[18.030083689299804,59.35928305240039],[17.953201560937227,59.36098303658764],[17.82929687500001,59.37900390625],[17.772851562500023,59.414111328125],[17.80859375,59.55322265625],[17.785937500000017,59.597998046875],[17.760058593750017,59.620507812499994],[17.67158203125001,59.594775390625],[17.687304687500017,59.5416015625],[17.534472656250017,59.539404296875],[17.390527343750023,59.58447265625],[17.3720703125,59.495751953124994],[17.06269531250001,59.569238281249994],[16.994776619161584,59.55443948338956],[16.94236041439386,59.56017025350394],[16.84101562500001,59.5875],[16.814275377558747,59.574174050696946],[16.785538706389648,59.577315889314455],[16.742746837048234,59.54476341286353],[16.646875,59.55927734375],[16.573828125,59.611669921875],[16.537744962866643,59.57875622668579],[16.523207697478515,59.5825153216875],[16.468744769267893,59.518921336431276],[16.251757812500017,59.493212890625],[16.044238281250017,59.478466796875],[16.144335937500017,59.44775390625],[16.410614734899127,59.45104543129641],[16.40757659396289,59.44749792666797],[16.456256729793683,59.45160962105103],[16.610449218750006,59.45351562499999],[16.742285156250006,59.430615234375],[16.848688164854813,59.440062513454315],[16.99983504733203,59.35928305240039],[17.193155598729778,59.34420074675742],[17.304589843750023,59.27216796875],[17.324610022141542,59.27905822216983],[17.358122858611328,59.24517782779102],[17.57492164095996,59.21407278628711],[17.583855472883986,59.26776554704273],[17.611676659357276,59.268054425177034],[17.86173156222461,59.239993654207034],[17.976087222548568,59.326973735833135],[17.978146589230604,59.32813152303939],[18.11137870272754,59.322974763826174],[18.32816985568164,59.369666658357424],[18.429560694304687,59.33334692569141],[18.441370997039062,59.40079077334766],[18.515469584075195,59.40079077334766],[18.611327204314453,59.33334692569141],[18.59819510897754,59.297042451814455],[18.273371729460937,59.286666475251955],[18.371960672942382,59.15706976504688],[18.015667948333007,59.03791006656055],[17.940136942473632,58.90848883242969],[17.766465220061523,58.87226828189258],[17.726422342864257,58.91366156192188],[17.745200190154296,58.986129365876955],[17.739108118621093,59.110423646882815],[17.623181376067382,59.10007055850391],[17.582188639250976,58.89296682925586],[17.356675180999023,58.74296911807422],[17.245389017668945,58.71711691470508],[17.08299926241992,58.74813421817188],[17.080731424895507,58.64992865176563],[16.442866358367187,58.63442190738086],[16.51319411715625,58.42811544986133],[16.744044336882812,58.31195028872852],[16.773545298186523,58.03790243716602],[16.72458556613086,57.88932379336719],[16.597764048186523,57.86645468325977],[16.45953086337207,57.895206056550784],[16.476531061736328,57.70212896914844],[16.607205423918945,57.66581305117969],[16.55047896823047,57.545150361970705],[16.658679041472656,57.442950807527346],[16.49415877780078,57.27892263980274],[16.394524607268554,57.07430227847461],[16.376174006072265,56.82242163272266],[16.031445536223632,56.353072725251955],[15.770541224089843,56.0332103595293],[15.696229014006835,56.06096228213672],[15.49704078158496,56.1672435626543],[15.220801386443359,56.08036383242969],[14.652893099395019,56.120616517976565],[14.605230364409667,55.980784975007815],[14.491827997771484,56.01803930850391],[14.258925470916015,55.89928015323047],[14.12602141818164,55.666583620027346],[14.28635028323291,55.51549490542774],[14.1171951623833,55.34711416812305],[13.901111635771972,55.405154787019534],[13.823299440947753,55.421817384675784],[13.301851305571777,55.300696931794924],[12.802372011748535,55.3529125079668],[12.801919970122558,55.416766725496096],[12.887555155364257,55.45160635562305],[12.859313997832519,55.532916627839846],[12.985865625945312,55.666583620027346],[12.699014696685058,55.90509756656055],[12.513357195464355,56.120616517976565],[12.414413485137207,56.24304159732227],[12.652379068938476,56.29553183169727],[12.61543563326953,56.43560751529102],[12.80480674227832,56.40119894595508],[12.871575388518554,56.51151617617969],[12.78585914095996,56.616683565095705],[12.65748122653125,56.61083944888477],[12.52603248080371,56.78039511294727],[12.288620981780273,56.87985571475391],[12.005142244902832,57.325206361726565],[11.876622233000976,57.325206361726565],[11.88111403903125,57.50896414370899],[11.766084704009277,57.672679506257815],[11.609838518706542,57.80694540591602],[11.709144625273925,58.024737916902346],[11.801886591521484,58.17793997378711],[11.613860163298828,58.24734839053516],[11.431094202605468,58.20152624698047],[11.406709704009277,58.33127173037891],[11.22135833224414,58.30832251162891],[11.14039138278125,58.85121878238086],[11.03924277743457,58.9103961810625],[11.178854975310546,59.070289216951174],[11.310762438384277,59.01105459781055],[11.378647837249023,58.85714300723438],[11.563270601836425,58.863055787996096],[11.708853754607421,59.19492682071094],[11.610307726470214,59.56862982364063],[11.837879213896972,59.66964682193164],[11.89061168154834,59.859962068513674],[12.077025446501953,59.865924440339846],[12.422772440520507,60.03877981753711],[12.435860666838867,60.27809866519336],[12.547958407012207,60.43387182803516],[12.431030306426269,60.62584646792774],[12.174038920012695,60.956405244783205],[12.597381624785644,61.02862127871875],[12.791736635771972,61.32994803042774],[12.658039126006347,61.439532838777346],[12.336585077849609,61.523143373445315],[12.07455829104541,61.69845923037891],[12.225598368254882,62.22569998355274],[11.932652506438476,62.553973756746096],[12.089594873992187,63.04595144839649],[12.124150309172851,63.344615541414065],[12.299161943999511,63.566241823152346],[12.577070269194824,63.78164633365039],[12.85312274417041,63.897296510652346],[13.130986246672851,63.948733888582034],[13.550517115203125,63.93661459536914],[13.880192789641601,63.95259054751758],[14.078371080962402,64.03222998233204],[14.154961618987304,64.11128576846485],[14.0415754648125,64.37565954776173],[13.870228800383789,64.49667700381642],[13.717936548796875,64.55330237002735],[13.940372500029785,64.79864843936329],[14.198942217437011,65.02322729678517],[14.371398005095703,65.23411139102345],[14.515295061675292,65.50339087100392],[14.542045626250488,65.94041021914845],[14.596742662993652,66.05018194766407],[15.038371119109375,66.05977209658985],[15.347432169524414,66.25873907657032],[15.943537745085937,66.67235144229298],[16.2205305429375,66.82812079043751],[16.30508521517871,66.98315771670704],[16.22828963717578,67.21133001895313],[16.20604613741992,67.30725439639454],[16.873921427336914,67.83655890078907],[17.08299735507129,67.91189917178517],[17.208678278533203,67.90511664004688],[17.600947413054687,67.8625675067461],[17.913590464202148,67.86416205020313],[18.057034525481445,67.99866064639454],[18.094193491545898,68.08813055606251],[18.10413649996875,68.3862720355547],[18.17948821505664,68.4687915668047],[18.958706888762695,68.29369696231251],[19.396079096404296,68.22884710879688],[19.697184595671875,68.17078741641407],[19.842658075896484,68.16405829043751],[19.965144190398437,68.27646216006642],[20.038983378020507,68.47830542178517],[20.165574106780273,68.95807226748829],[20.554905924407226,68.97506292910938],[20.73944381198047,68.96099432559376],[20.790644678679687,68.9322696551836],[21.246047052947265,69.22751959414845],[21.405808481780273,69.27349432559376],[21.625054392424804,69.23698767276173],[22.072279963103515,68.96130713076954],[22.45976165255664,68.69354590030079],[22.701151880828125,68.63494452090626],[23.336180719939453,68.6157642230547],[24.081843409148437,68.71680792422657],[24.661688837615234,68.49548681826954],[24.800692591277343,68.42901190371876],[25.06282905062793,68.59468420596485],[25.62536910494922,68.80706366153126],[25.709948572722656,69.03241308780079],[25.74562934359668,69.25801428408985],[25.862544092742187,69.4543872699297],[26.117674860564453,69.64424475283985],[26.507250818816406,69.81245001407032],[27.40887168368457,69.85489233584767],[27.65853980502246,69.88641699405079],[27.90868094882129,69.88766821475392],[28.414877924529296,69.69372900576954],[28.7169847818291,69.64241369815235],[29.11325171908496,69.48603399844532],[29.133002314177734,69.36561163516407],[28.73972419222949,68.95038946719532],[28.69640258273242,68.7852969989336],[28.69715407809375,68.69552954287892],[29.00741675814746,68.8318286761797],[29.462780985442382,69.13418921084767],[29.923598322478515,69.35460241885548],[30.26993659457324,69.40906866641407],[30.64079955538867,69.41849096866017],[30.871699366179687,69.51008947940235],[31.0537824960625,69.63959082217579],[31.33127501925586,69.6627612933672],[30.732688298794336,68.5740251873776],[30.602537362363663,66.66514478639436],[30.992990171655684,65.75408823137965],[30.602537362363663,65.14671719470317],[30.559153716886772,63.10768585728928],[31.123141108086358,62.80400033895104],[31.194277383317992,61.63420381291975],[31.172265625000023,61.629785156249994],[31.16064453125,61.618701171875],[31.098437500000017,61.620361328125],[31.071093750000017,61.6451171875],[31.056738281250006,61.689208984375],[31.02587890625,61.71435546875],[30.905664062500023,61.742236328125],[30.895898437500023,61.754443359375],[30.88818359375,61.764794921874994],[30.851953125000023,61.775048828124994],[30.75751953125001,61.733447265625],[30.594335937500006,61.605810546875],[30.593359375,61.579492187499994],[30.61669921875,61.560302734375],[30.605859375000023,61.54130859375],[30.55078125,61.53544921875],[30.5126953125,61.5251953125],[30.486328125,61.51494140625],[30.48066406250001,61.4900390625],[30.466210937500023,61.487158203125],[30.28515625,61.5166015625],[30.23876953125,61.51484375],[30.23486328125,61.492626953125],[30.2515625,61.47265625],[30.252050781250006,61.458642578124994],[30.2373046875,61.446337890625],[30.216894531250006,61.43134765625],[30.2099609375,61.41796875],[30.20087890625001,61.38896484375],[30.179296875,61.37265625],[30.1826171875,61.361083984375],[30.19599609375001,61.347802734374994],[30.19296875,61.32724609375],[30.173925781250006,61.3140625],[30.129980468750006,61.31259765625],[30.09003906250001,61.299267578125],[30.089453125,61.270556640625],[30.094140625000023,61.258544921875],[30.07929687500001,61.242626953125],[30.029101562500017,61.2544921875],[29.94941406250001,61.289404296875],[29.89130859375001,61.294970703125],[29.855078125,61.271240234375],[29.864550781250017,61.2509765625],[29.860156250000017,61.239306640625],[29.836718750000017,61.22607421875],[29.825,61.215576171875],[29.857226562500017,61.18798828125],[30.124902343750023,61.087353515625],[30.29267578125001,61.005126953125],[30.40869140625,60.92802734375],[30.435839843750017,60.902685546875],[30.441210937500017,60.8736328125],[30.455859375000017,60.860009765624994],[30.502050781250006,60.843212890625],[30.527929687500006,60.81171875],[30.533203125,60.765527343749994],[30.525390625,60.7388671875],[30.504492187500006,60.731640625],[30.504003906250006,60.703564453125],[30.52392578125,60.65458984375],[30.53388671875001,60.630078125],[30.66328125000001,60.592822265625],[30.723730468750006,60.561767578125],[30.758593750000017,60.52451171875],[30.774218750000017,60.492089843749994],[30.775976562500006,60.448095703125],[30.803320312500006,60.446630859375],[30.81689453125,60.458837890625],[30.832128906250006,60.45751953125],[30.84912109375,60.442626953125],[30.956835937500017,60.263623046875],[31.018945312500023,60.192919921875],[31.108984375,60.146435546875],[31.11494140625001,60.13486328125],[31.095117187500023,60.083740234375],[31.10595703125,60.056298828124994],[31.142871093750017,60.031689453125],[31.145312500000017,60.005517578124994],[31.06318359375001,59.962890625],[31.042773437500017,59.9509765625],[31.06396484375,59.943212890625],[31.10625,59.927685546875],[31.176367187500006,59.92578125],[31.2744140625,59.937646484374994],[31.29753807825115,59.936139051796694],[31.31836751273237,59.59361057366109],[29.995166325687176,59.46345963723041],[29.51794622544137,59.24654140984595],[29.040726125195565,59.28992505532285],[28.17305321565774,58.986239536984606],[29.51794622544137,58.07518298196989],[28.09070157816403,56.748443185898836],[25.856034828943475,56.55690032167993],[25.674652626062873,56.62933382823797],[24.02682132659969,56.54200576346283],[23.624911832974725,56.876612423429826],[23.76781371554492,56.865882478669924],[24.15838340243457,56.97548636050586],[24.266305002776367,57.030147157625],[24.34649947604297,57.15972097964649],[24.32293990573047,57.336890779451174],[24.236186060515625,57.728160463289065],[24.32544234713672,57.83747061343555],[24.345648798552734,57.86221655459766],[24.415644678679687,57.94793280215625],[24.414401087371093,58.10588797183399],[24.496785196868164,58.213153444246096],[24.33109191378711,58.307933412507815],[24.058350596038085,58.111529909089846],[23.908068689910156,58.22444876284961],[23.670859369841796,58.24138983340625],[23.690465006438476,58.665484987214846],[23.511870417205078,58.580875001863284],[23.360819849578125,58.76742132754688],[23.431979212371093,58.85808142276172],[23.337885889617187,58.97239264102344],[23.456978830901367,59.00549276919727],[23.415757212249023,59.11896475406055],[23.570183786956054,59.138072572664065],[24.03210738619922,59.17574270816211],[24.02955916842578,59.235416017488284],[24.28194526156543,59.28414114566211],[24.341567072478515,59.368880830720705],[24.53756812533496,59.323409639314455],[24.570923838225585,59.37432821841602],[24.713812861052734,59.35183294864063],[24.751221689788085,59.448463045076174],[25.248290094939453,59.36179693789844],[25.44879439791797,59.493960939363284],[25.48999312838672,59.42004355044727],[25.72112182101367,59.459842287019534],[26.34325889071582,59.44664724917774],[26.86190131625293,59.371749483064455],[26.999016794768554,59.31772955508594],[27.265091929045898,59.33804281802539],[27.702038797942382,59.297504030183596],[27.893597635833007,59.34611090274219],[28.015851053801757,59.45415457339649],[28.01309302767871,59.45822104068164],[27.97339347323535,59.51671179385547],[27.89665702304004,59.53378256411914],[27.94168761691211,59.64759787173633],[28.094189676848632,59.664676271394534],[28.16310409030078,59.590682588533205],[28.266337427703125,59.56222876162891],[28.35098365267871,59.602061830476565],[28.30910018405078,59.66440161319141],[28.444363627043945,59.733741365388674],[28.662732157317382,59.64434012027149],[28.795933756438476,59.67222174258594],[28.93626883944629,59.82455023379688],[29.076066050139648,59.907794557527346],[29.413628611174804,59.860030733064455],[29.7654524179375,59.736243806794924],[29.963156733123046,59.736617647126955],[30.12663939913867,59.80604513736133],[29.952874216643554,59.98558386416797],[29.687296900359375,60.131000123933596],[29.510743174163085,60.14456518741016],[28.968979868499023,60.10878714175586],[28.69163421115039,60.14997824283008],[28.569397959319335,60.19842108340625],[28.43523124179004,60.33733709903125],[28.55124762972949,60.53264196963672],[28.52150824984668,60.62326391787891],[28.431775126067382,60.60346945376758],[28.01143744906543,60.51073034854297],[27.473618540374023,60.42607840152149],[27.40622046908496,60.34481772036914],[27.178481134978515,60.442393861726565],[26.945570978728515,60.37631186099414],[26.922308954802734,60.31612356753711],[26.61307624301074,60.34783133120899],[26.52587607821582,60.396468721345705],[26.55163863619922,60.570697389558596],[26.442835840789062,60.33334311099414],[26.322712931243164,60.270240388826174],[26.037745508757812,60.24929770083789],[25.890101465789062,60.2358356341875],[25.845532450286132,60.115481935457034],[25.58054450472949,60.2623363360918],[25.4498949380791,60.13839682193164],[25.14579108676074,60.1097484454668],[24.992980036345703,60.02957113833789],[24.969470057097656,60.08683355899219],[24.742980036345703,60.03823050113086],[24.515957865325195,59.9894977435625],[24.421050104705078,59.86975058169727],[24.281357798186523,59.938148103669924],[23.9789476724541,59.881148897126955],[23.961113962737304,59.932452760652346],[23.66465667208789,59.83555182071094],[23.41885474642871,59.82984884829883],[23.201441797820312,59.818458162263674],[22.982125315276367,59.932452760652346],[22.882000956145507,60.05556448550586],[23.005200419036132,60.208758912996096],[22.624615702239257,60.20110281558399],[22.39206603488086,60.121200166658205],[22.421467814055664,60.29318579287891],[22.220654520598632,60.25876959414844],[21.93095305880664,60.38077124209766],[21.746808085051757,60.40827139468555],[21.56015113314746,60.51248510928516],[21.443177256194335,60.693648897126955],[21.42725661715625,61.01509817691211],[21.498307261077148,61.183272920564455],[21.52078917941211,61.37956961245899],[21.56100562533496,61.48492010684375],[21.4052172037041,61.70243414492969],[21.21119979342578,61.870914064363284],[21.34644034823535,62.167132936433596],[21.33755591830371,62.343604646638674],[21.2001390787041,62.435184083894534],[21.03372863253711,62.477298341707034],[21.06180671176074,62.61173590274219],[21.194806131926757,62.760684572175784],[21.481284174529296,62.888812623933596],[21.545966181365234,62.97405966372852],[21.494656595793945,63.123031221345705],[21.666478190032226,63.18730505557422],[21.951323542205078,63.13101538272266],[22.07504371127246,63.102820955232424],[22.292357477751953,63.20269354434375],[22.42877486666797,63.39496573062305],[22.475831064788085,63.60161551089649],[22.569018396941406,63.72301443667774],[22.704222712126953,63.58064230533008],[22.825530085173828,63.58087881656055],[23.58028510531543,64.08205755801563],[24.094035181609375,64.37656744571095],[24.470093760100585,64.63552435489063],[24.93191626986621,64.81603582950001],[25.325089487639648,64.80239447207813],[25.35190490206836,64.93909796328907],[25.29341414889453,65.00389441104298],[25.13255980929492,65.0759464129961],[25.186125788298828,65.24265631289845],[25.251507792083007,65.4168887958086],[25.103611979094726,65.54012640567188],[24.591139826384765,65.5827823504961],[24.21480086764453,65.7859073504961],[23.94773200472949,65.79668005557423],[23.844082865325195,65.79847296328907],[23.405688318816406,65.72483404727345],[23.204020533171875,65.68075140567188],[22.7981615396416,65.85482367129688],[22.645554575530273,65.93478735537892],[22.489802393523437,65.883418642],[22.20156959017871,65.71528967471485],[21.95748237094043,65.44573553653126],[21.818726572600585,65.38013800235157],[21.52232840975879,65.37231024356251],[21.27734664401172,65.21227606387501],[21.423712763396484,65.10388525576954],[21.489449534026367,65.01716192813282],[21.329442057219726,64.89435156436329],[20.92119315585254,64.71382483096485],[21.06432250460742,64.59199865908985],[21.237046274749023,64.52054174991017],[21.385829004851562,64.38455542178517],[21.048895868865234,64.21916540713673],[20.866480860320312,64.02561529727345],[20.70065978488086,63.818126283601565]],[[13.867382812500011,59.3345703125],[13.830078125,59.34091796875],[13.80029296875,59.337060546874994],[13.766015625000023,59.330908203125],[13.751953125,59.33115234375],[13.743945312500017,59.341455078124994],[13.738476562500011,59.35947265625],[13.7197265625,59.37802734375],[13.6796875,59.38974609375],[13.628320312500023,59.38994140625],[13.54833984375,59.381298828125],[13.461132812500011,59.369970703125],[13.378222656250017,59.3640625],[13.315722656250017,59.361230468749994],[13.277539062500011,59.357324218749994],[13.261132812500023,59.3517578125],[13.251171875000011,59.344970703125],[13.248925781250023,59.3357421875],[13.2509765625,59.32451171875],[13.251660156250011,59.3150390625],[13.245703125,59.310302734375],[13.217871093750006,59.310546875],[13.19140625,59.32460937499999],[13.173144531250017,59.347509765625],[13.154882812500006,59.352929687499994],[13.142675781250006,59.34228515625],[13.130078125000011,59.31904296875],[13.1181640625,59.2955078125],[13.108105468750011,59.283837890624994],[13.10302734375,59.273974609375],[13.103320312500017,59.25458984375],[13.123144531250006,59.197509765625],[13.17734375,59.096923828125],[13.221093750000023,58.99267578125],[13.243554687500023,58.93046875],[13.235742187500023,58.905078125],[13.195117187500017,58.898583984374994],[13.159765625,58.905078125],[13.1220703125,58.920849609375],[13.088085937500011,58.946630859375],[13.061718750000011,58.97734375],[13.040625,59.0142578125],[12.9453125,59.04765625],[12.868554687500023,59.07265625],[12.818359375,59.081982421875],[12.784082031250023,59.076220703125],[12.745898437500017,59.06484375],[12.708398437500023,59.03554687499999],[12.67578125,58.986669921875],[12.646875,58.931494140625],[12.618359375000011,58.8869140625],[12.599707031250006,58.845605468749994],[12.57578125,58.825732421875],[12.55712890625,58.8189453125],[12.535253906250006,58.832080078125],[12.5263671875,58.845605468749994],[12.519921875000023,58.8673828125],[12.51025390625,58.901220703125],[12.497265625000011,58.92001953125],[12.48193359375,58.930615234375],[12.468554687500017,58.93486328125],[12.463964843750006,58.920703125],[12.471777343750006,58.876904296875],[12.473828125000011,58.839697265625],[12.458984375,58.817431640625],[12.43212890625,58.8125],[12.425488281250011,58.80146484375],[12.447558593750017,58.782763671875],[12.471289062500006,58.782763671875],[12.499707031250011,58.764453125],[12.500878906250023,58.7275390625],[12.503710937500017,58.694580078125],[12.525195312500017,58.66123046875],[12.562792968750017,58.6501953125],[12.611328125,58.64130859375],[12.60693359375,58.617089843749994],[12.487695312500023,58.513232421875],[12.329296875000011,58.433935546875],[12.313281250000017,58.3953125],[12.334667968750011,58.373779296875],[12.375,58.382861328125],[12.507031250000011,58.396923828125],[12.554296875,58.429833984374994],[12.571093750000017,58.432177734375],[12.572656250000023,58.419189453125],[12.554296875,58.394384765625],[12.550585937500017,58.378857421875],[12.561914062500023,58.373193359374994],[12.57958984375,58.372119140625],[12.601953125000023,58.3759765625],[12.624316406250017,58.38232421875],[12.649707031250017,58.396875],[12.67919921875,58.4205078125],[12.7275390625,58.452099609375],[12.79833984375,58.485693359375],[12.86865234375,58.503808593749994],[12.912792968750011,58.545751953125],[12.9521484375,58.571630859375],[13.040625,58.604296875],[13.115136718750023,58.608251953125],[13.148242187500017,58.59716796875],[13.14892578125,58.573388671874994],[13.1494140625,58.558544921875],[13.136523437500017,58.54130859375],[13.147558593750006,58.521435546875],[13.172167968750017,58.511865234374994],[13.194628906250017,58.510986328125],[13.240234375,58.51484375],[13.30029296875,58.561425781249994],[13.358105468750011,58.617089843749994],[13.436621093750006,58.641992187499994],[13.517285156250011,58.66328125],[13.631054687500011,58.684130859375],[13.7373046875,58.703857421875],[13.799511718750011,58.722412109375],[13.829882812500017,58.7443359375],[13.859277343750023,58.77216796875],[13.89013671875,58.80048828125],[13.924121093750017,58.823388671874994],[13.9541015625,58.843652343749994],[13.975195312500006,58.8654296875],[13.987207031250023,58.89814453125],[13.995214843750006,58.94482421875],[13.992578125000023,58.98642578125],[14.012109375000023,59.003662109375],[14.038671875,59.00439453125],[14.049902343750006,59.01220703125],[14.05625,59.01689453125],[14.071679687500023,59.028271484375],[14.0830078125,59.0642578125],[14.0908203125,59.07939453125],[14.089453125,59.091552734375],[14.0830078125,59.09990234375],[14.065820312500023,59.097216796875],[14.038378906250017,59.082666015624994],[14.004980468750006,59.0681640625],[13.973437500000017,59.065771484375],[13.945410156250006,59.067431640625],[13.930566406250023,59.089794921875],[13.9462890625,59.112939453124994],[13.99375,59.1572265625],[14.02734375,59.204296875],[14.047460937500006,59.2412109375],[14.054296875,59.2677734375],[14.0556640625,59.289990234375],[14.0517578125,59.304833984374994],[14.045507812500006,59.313623046874994],[14.028027343750011,59.320068359375],[13.9970703125,59.329052734375],[13.961718750000017,59.333984375],[13.933300781250011,59.33046875],[13.904296875,59.327734375],[13.867382812500011,59.3345703125]],[[29.801855468750006,62.361767578125],[29.8349609375,62.388720703125],[29.926171875000023,62.43359375],[29.885351562500006,62.462744140625],[29.825,62.518115234375],[29.775683593750017,62.577294921874994],[29.697265625,62.609326171875],[29.632714843750023,62.59716796875],[29.616308593750006,62.559375],[29.592871093750006,62.526757812499994],[29.5888671875,62.50029296875],[29.611718750000023,62.461767578125],[29.650292968750023,62.42744140625],[29.62646484375,62.418505859375],[29.508886718750006,62.4669921875],[29.42158203125001,62.52255859375],[29.363867187500006,62.53037109375],[29.35175781250001,62.570556640625],[29.334570312500006,62.60029296875],[29.279199218750023,62.59873046875],[29.261328125,62.550830078125],[29.3,62.475830078125],[29.296679687500017,62.42626953125],[29.264550781250023,62.3935546875],[29.27802734375001,62.348876953125],[29.2984375,62.3126953125],[29.2984375,62.274804687499994],[29.31904296875001,62.2423828125],[29.35273437500001,62.2185546875],[29.3453125,62.185888671875],[29.330468750000023,62.1658203125],[29.197851562500006,62.177148437499994],[29.13935546875001,62.169189453125],[28.97578125000001,62.142431640625],[28.82578125,62.134130859375],[28.78632812500001,62.17724609375],[28.837304687500023,62.185400390625],[28.85224609375001,62.21240234375],[28.870410156250017,62.235009765624994],[28.835058593750006,62.267480468749994],[28.765039062500023,62.3484375],[28.69257812500001,62.38330078125],[28.665820312500017,62.386962890625],[28.667578125,62.368017578125],[28.699023437500017,62.328466796875],[28.670312500000023,62.305859375],[28.6298828125,62.294335937499994],[28.608496093750006,62.27890625],[28.565820312500023,62.221582031249994],[28.505957031250006,62.219873046874994],[28.40625,62.236962890624994],[28.35791015625,62.2697265625],[28.32373046875,62.2873046875],[28.277148437500017,62.27607421875],[28.276464843750006,62.25615234375],[28.143945312500023,62.252490234375],[28.067285156250023,62.24375],[27.970019531250017,62.25888671875],[27.96259765625001,62.2978515625],[27.991113281250023,62.337353515625],[28.0419921875,62.378857421875],[28.039648437500006,62.40888671875],[27.915429687500023,62.4302734375],[27.845800781250006,62.5236328125],[27.758105468750017,62.583154296874994],[27.80146484375001,62.627392578125],[27.75507812500001,62.652392578125],[27.765625,62.679541015625],[27.84931640625001,62.719384765624994],[27.979394531250023,62.73212890625],[28.056738281250006,62.690380859375],[28.13837890625001,62.5380859375],[28.10566406250001,62.475976562499994],[28.102636718750006,62.44189453125],[28.169335937500023,62.43369140625],[28.19091796875,62.447607421875],[28.21142578125,62.507763671875],[28.274316406250023,62.565185546875],[28.34003906250001,62.5771484375],[28.367089843750023,62.587109375],[28.424218750000023,62.57529296875],[28.481738281250017,62.55517578125],[28.55537109375001,62.522607421874994],[28.56513671875001,62.498583984375],[28.496484375000023,62.501416015625],[28.52890625,62.47412109375],[28.659277343750006,62.419970703125],[28.80976562500001,62.381738281249994],[28.898046875,62.39033203125],[28.79902343750001,62.45576171875],[28.653125,62.527246093749994],[28.26435546875001,62.66279296875],[28.26826171875001,62.689208984375],[28.238867187500006,62.705957031249994],[28.211328125000023,62.730029296875],[28.1806640625,62.77177734375],[28.1494140625,62.8037109375],[28.143945312500023,62.825244140625],[28.186816406250017,62.857373046875],[28.15449218750001,62.932958984375],[28.192187500000017,62.963525390624994],[28.262304687500006,62.98359375],[28.308398437500017,63.0029296875],[28.349707031250006,63.025830078125],[28.351953125000023,63.03974609375],[28.279199218750023,63.031396484374994],[28.1064453125,63.008935546874994],[28.00556640625001,63.04033203125],[27.88818359375,63.018896484375],[27.85107421875,63.032080078125],[27.848437500000017,63.07070312499999],[27.80976562500001,63.09228515625],[27.767382812500017,63.099853515625],[27.73603515625001,63.058544921875],[27.774023437500006,62.995703125],[27.76972656250001,62.94560546875],[27.722753906250006,62.954345703125],[27.676562500000017,62.979394531249994],[27.605273437500017,63.0146484375],[27.55878906250001,63.001220703125],[27.43964843750001,63.0234375],[27.358496093750006,63.067919921875],[27.26386718750001,63.145654296874994],[27.337304687500023,63.213330078125],[27.346972656250017,63.27939453125],[27.36279296875,63.315820312499994],[27.338183593750017,63.346044921875],[27.296972656250006,63.355712890625],[27.25019531250001,63.376171875],[27.210546875,63.416650390624994],[27.234375,63.427099609375],[27.233789062500023,63.45654296875],[27.183007812500023,63.51787109375],[27.11279296875,63.546289062499994],[26.89863281250001,63.583984375],[26.8994140625,63.566015625],[26.958886718750023,63.524267578125],[27.020312500000017,63.501025390625],[27.038183593750006,63.5166015625],[27.06796875,63.523193359375],[27.134765625,63.496142578125],[27.1748046875,63.4384765625],[27.190234375000017,63.387548828125],[27.2392578125,63.33203125],[27.246484375000023,63.3083984375],[27.213476562500006,63.30908203125],[27.193164062500017,63.289306640625],[27.196582031250017,63.229248046875],[27.193164062500017,63.169384765625],[27.206835937500017,63.121630859375],[27.19482421875,63.09931640625],[27.176074218750017,63.08359375],[27.330078125,63.001318359375],[27.391210937500006,62.94052734375],[27.414648437500006,62.9015625],[27.494140625,62.8630859375],[27.559863281250017,62.85068359375],[27.56367187500001,62.87734375],[27.5875,62.899658203125],[27.621484375000023,62.916015625],[27.651953125,62.924707031249994],[27.68378906250001,62.911572265625],[27.666796875000017,62.873828125],[27.649511718750006,62.815966796875],[27.66621093750001,62.759521484375],[27.648339843750023,62.7349609375],[27.618554687500023,62.709814453125],[27.608007812500006,62.60078125],[27.669042968750006,62.528466796874994],[27.669921875,62.512841796874994],[27.64667968750001,62.4984375],[27.6,62.494140625],[27.398046875,62.57568359375],[27.37275390625001,62.562402343749994],[27.35205078125,62.5435546875],[27.339453125,62.519140625],[27.29541015625,62.518017578125],[27.19111328125001,62.57177734375],[27.15888671875001,62.577294921874994],[27.177734375,62.55341796875],[27.23583984375,62.507226562499994],[27.297167968750017,62.4767578125],[27.366601562500023,62.482324218749994],[27.41943359375,62.49609375],[27.459082031250006,62.479443359375],[27.48945312500001,62.44306640625],[27.546972656250006,62.411962890625],[27.596875,62.417822265625],[27.67890625000001,62.411962890625],[27.75537109375,62.428613281249994],[27.799609375000017,62.42939453125],[27.844042968750017,62.375634765624994],[27.85205078125,62.353955078125],[27.8765625,62.329248046874994],[27.884863281250006,62.306103515625],[27.902441406250006,62.244482421875],[27.899218750000017,62.1572265625],[27.925683593750023,62.133349609375],[28.03193359375001,62.108349609375],[28.086230468750017,62.100439453125],[28.16816406250001,62.09609375],[28.296679687500017,62.09677734375],[28.40283203125,62.069140625],[28.426855468750006,62.05244140625],[28.579199218750006,61.9927734375],[28.69697265625001,61.920703125],[28.737109375000017,61.89101562499999],[28.83837890625,61.8634765625],[28.839746093750023,61.8462890625],[28.806738281250006,61.827783203124994],[28.672167968750017,61.825585937499994],[28.5390625,61.840869140625],[28.44208984375001,61.767919921875],[28.36875,61.75078125],[28.33935546875,61.749267578125],[28.305566406250023,61.755517578124994],[28.26171875,61.744482421875],[28.247949218750023,61.715625],[28.234375,61.6212890625],[28.1845703125,61.5439453125],[28.147265625000017,61.550732421875],[28.12890625,61.548974609374994],[28.103906250000023,61.522412109375],[28.053808593750006,61.510546875],[27.999609375,61.54931640625],[27.94599609375001,61.6013671875],[27.920996093750006,61.626855468749994],[27.917773437500017,61.65703125],[27.865820312500006,61.696435546874994],[27.816308593750023,61.727880859375],[27.626367187500023,61.8009765625],[27.604785156250017,61.780810546875],[27.62255859375,61.76416015625],[27.705078125,61.7306640625],[27.773046875,61.68525390625],[27.75751953125001,61.65625],[27.678125,61.636376953124994],[27.664648437500006,61.606835937499994],[27.593164062500023,61.58134765625],[27.515039062500023,61.577099609375],[27.49873046875001,61.6],[27.48798828125001,61.618212890625],[27.47089843750001,61.5994140625],[27.472460937500017,61.54990234375],[27.476367187500017,61.538818359375],[27.45917968750001,61.523486328125],[27.358984375,61.53056640625],[27.339160156250017,61.596728515625],[27.327441406250017,61.631787109375],[27.329199218750006,61.692626953125],[27.276269531250023,61.6529296875],[27.29609375000001,61.55703125],[27.297753906250023,61.483642578125],[27.273730468750017,61.468115234375],[27.300585937500017,61.433349609375],[27.264550781250023,61.3787109375],[27.270312500000017,61.324267578125],[27.302832031250006,61.32939453125],[27.367968750000017,61.3259765625],[27.435351562500017,61.2955078125],[27.432421875000017,61.2701171875],[27.40625,61.25947265625],[27.519335937500017,61.22958984375],[27.625292968750017,61.213916015625],[27.677539062500017,61.232324218749994],[27.861914062500006,61.252294921875],[28.07246093750001,61.233154296875],[28.173730468750023,61.188134765624994],[28.197363281250006,61.163427734375],[28.17236328125,61.152880859375],[28.082421875000023,61.178515625],[27.96552734375001,61.188037109375],[27.881640625000017,61.1572265625],[27.891894531250017,61.1140625],[27.91865234375001,61.080322265625],[27.94677734375,61.06767578125],[27.9875,61.079736328124994],[28.291601562500006,61.079980468749994],[28.358789062500023,61.093359375],[28.609960937500006,61.161572265625],[28.787890625000017,61.204150390625],[28.866992187500017,61.247314453125],[28.820410156250006,61.297314453125],[28.714160156250017,61.3517578125],[28.66259765625,61.3677734375],[28.64082031250001,61.3515625],[28.476953125000023,61.332080078125],[28.35957031250001,61.33134765625],[28.345117187500023,61.349365234375],[28.40625,61.370019531249994],[28.463671875000017,61.399267578125],[28.56796875,61.4412109375],[28.58222656250001,61.472998046875],[28.6455078125,61.476171875],[28.69287109375,61.48388671875],[28.679492187500017,61.524365234375],[28.67988281250001,61.55810546875],[28.722460937500017,61.5806640625],[28.789648437500006,61.58994140625],[28.76044921875001,61.609912109375],[28.6083984375,61.6173828125],[28.62910156250001,61.641552734375],[28.73017578125001,61.671240234375],[28.941015625,61.62578125],[29.098437500000017,61.578369140625],[29.115136718750023,61.6001953125],[29.265722656250006,61.61484375],[29.289941406250023,61.648681640625],[29.426171875000023,61.734375],[29.47675781250001,61.742138671875],[29.531054687500017,61.778173828125],[29.60986328125,61.80205078125],[29.660058593750023,61.826074218749994],[29.6943359375,61.83427734375],[29.72705078125,61.84794921875],[29.73261718750001,61.874072265625],[29.776953125,61.889404296875],[29.775390625,61.9064453125],[29.75654296875001,61.949462890625],[29.685449218750023,62.0037109375],[29.638085937500023,62.004541015624994],[29.61484375,61.983056640624994],[29.55244140625001,62.002832031249994],[29.4921875,62.045751953125],[29.4697265625,62.079980468749994],[29.492089843750023,62.0888671875],[29.51777343750001,62.123095703125],[29.60664062500001,62.144775390625],[29.687597656250006,62.138037109375],[29.708300781250017,62.15107421875],[29.9111328125,62.115185546875],[29.981542968750006,62.1328125],[29.96044921875,62.16376953125],[29.87373046875001,62.18505859375],[29.79072265625001,62.19951171875],[29.727441406250023,62.19931640625],[29.647851562500023,62.223388671875],[29.599023437500023,62.269775390625],[29.620214843750006,62.294287109375],[29.640625,62.309912109375],[29.687597656250006,62.315869140625],[29.768457031250023,62.31298828125],[29.792578125,62.334765625],[29.801855468750006,62.361767578125]],[[27.56855468750001,58.214794921875],[27.561328125000017,58.257421875],[27.58271484375001,58.306396484375],[27.747851562500017,58.429931640625],[27.798144531250017,58.446826171875],[27.82050781250001,58.484912109375],[27.81367187500001,58.571337890625],[27.748437500000023,58.912060546875],[27.683007812500023,58.979638671874994],[27.523730468750017,59.00693359375],[27.298144531250017,58.994921875],[27.107324218750023,58.95419921875],[26.97412109375,58.88427734375],[26.96640625,58.805566406249994],[27.15673828125,58.64794921875],[27.236621093750017,58.45224609375],[27.32392578125001,58.401904296875],[27.42548828125001,58.303076171875],[27.47265625,58.216748046875],[27.4970703125,58.184130859375],[27.623828125000017,58.0142578125],[27.678320312500006,58.018505859375],[27.802734375,57.990234375],[27.881640625000017,57.93701171875],[27.875390625000023,57.92041015625],[27.910937500000017,57.895751953125],[27.992089843750023,57.868115234375],[28.10175781250001,57.8599609375],[28.169238281250017,57.914501953125],[28.149218750000017,57.974658203124996],[28.096972656250017,58.04443359375],[27.973046875000023,58.1326171875],[27.865136718750023,58.173486328124994],[27.71435546875,58.1642578125],[27.591796875,58.174609375],[27.56855468750001,58.214794921875]],[[27.940625,69.17841796875],[27.74531250000001,69.1291015625],[27.56015625,69.062255859375],[27.52607421875001,69.03134765625],[27.484472656250006,69.004150390625],[27.24238281250001,68.946484375],[27.16171875,68.922998046875],[27.17207031250001,68.905712890625],[27.27070312500001,68.891015625],[27.32763671875,68.88369140625],[27.416601562500006,68.840673828125],[27.42792968750001,68.802197265625],[27.35908203125001,68.771484375],[27.259765625,68.7365234375],[27.282324218750006,68.71484375],[27.36640625000001,68.751171875],[27.433984375000023,68.759521484375],[27.464160156250017,68.760888671875],[27.566015625,68.7486328125],[27.65478515625,68.73154296875],[27.699511718750017,68.7591796875],[27.779101562500017,68.792041015625],[27.836035156250006,68.7818359375],[27.84003906250001,68.7494140625],[27.86982421875001,68.742431640625],[27.99238281250001,68.78798828125],[27.978125,68.81640625],[27.91865234375001,68.828369140625],[27.89082031250001,68.86103515625],[27.98945312500001,68.87978515625],[28.078515625000023,68.876220703125],[28.294921875,68.851953125],[28.335839843750023,68.857080078125],[28.35615234375001,68.8724609375],[28.3291015625,68.893115234375],[28.263671875,68.9220703125],[28.092382812500006,68.980712890625],[28.09101562500001,69.007421875],[28.250585937500006,69.063818359375],[28.400390625,69.082373046875],[28.441992187500006,69.116015625],[28.447656250000023,69.152685546875],[28.5400390625,69.192431640625],[28.56640625,69.221630859375],[28.532324218750006,69.256982421875],[28.55419921875,69.298681640625],[28.695898437500006,69.36318359375],[28.748632812500006,69.393896484375],[28.760351562500006,69.419140625],[28.677050781250017,69.394873046875],[28.63154296875001,69.36435546875],[28.5302734375,69.3361328125],[28.447070312500017,69.3259765625],[28.344531250000017,69.32294921875],[28.322558593750017,69.3052734375],[28.309375,69.284375],[28.232421875,69.248681640625],[28.138476562500017,69.237255859375],[28.114648437500023,69.27138671875],[28.100976562500023,69.29931640625],[28.03144531250001,69.288037109375],[27.990820312500006,69.253759765625],[28.010644531250023,69.22734375],[28.04902343750001,69.203125],[28.08359375,69.18994140625],[28.08808593750001,69.1619140625],[27.98359375000001,69.161962890625],[27.940625,69.17841796875]],[[14.339257812500023,57.93330078125],[14.499414062500023,58.085498046875],[14.54345703125,58.138134765625],[14.582421875000023,58.20166015625],[14.622460937500023,58.298876953125],[14.686425781250023,58.394677734374994],[14.827343750000011,58.4615234375],[14.946191406250023,58.510888671874994],[14.9625,58.5392578125],[14.891406250000017,58.591650390625],[14.899707031250017,58.6349609375],[14.929003906250017,58.69990234375],[14.94091796875,58.75615234375],[14.933007812500023,58.78388671875],[14.962109375000011,58.835498046875],[14.968066406250017,58.848828125],[14.93212890625,58.8541015625],[14.81689453125,58.79111328125],[14.725683593750006,58.731347656249994],[14.631640625000017,58.679833984374994],[14.506640625000017,58.5607421875],[14.390527343750023,58.406298828125],[14.213183593750017,58.1501953125],[14.12109375,57.92451171875],[14.159277343750006,57.7962890625],[14.245019531250023,57.80947265625],[14.339257812500023,57.93330078125]],[[15.480664062500011,59.26123046875],[15.519628906250006,59.255126953125],[15.545117187500011,59.245751953124994],[15.589550781250011,59.2248046875],[15.620410156250017,59.191943359375],[15.624121093750006,59.167431640625],[15.701269531250006,59.150634765625],[15.815820312500023,59.14892578125],[15.880957031250006,59.162353515625],[15.8921875,59.1759765625],[15.920996093750006,59.193994140624994],[16.13046875,59.239892578124994],[16.31015625,59.274609375],[16.35595703125,59.28759765625],[16.406054687500017,59.30546875],[16.40380859375,59.30869140625],[16.333789062500017,59.303271484375],[16.270605468750006,59.299609375],[16.187402343750023,59.287646484375],[15.990234375,59.286376953125],[15.85693359375,59.303759765625],[15.821582031250017,59.2951171875],[15.727734375000011,59.298193359375],[15.613085937500017,59.316650390625],[15.499609375,59.301708984375],[15.353515625,59.283251953125],[15.344042968750017,59.26953125],[15.480664062500011,59.26123046875]]],[[[28.062109375,62.975976562499994],[28.074804687500006,62.93515625],[28.099414062500017,62.8515625],[28.108789062500023,62.78779296875],[28.108789062500023,62.755126953125],[28.071582031250017,62.745751953124994],[28.0107421875,62.775292968749994],[27.886328125,62.834423828125],[27.84199218750001,62.911035156249994],[27.849414062500017,62.951416015625],[27.903417968750006,62.9728515625],[27.9859375,62.97724609375],[27.990625,62.9775390625],[28.062109375,62.975976562499994]]],[[[27.3603515625,61.421728515625],[27.417871093750023,61.4373046875],[27.508886718750006,61.408544921875],[27.5556640625,61.39658203125],[27.628710937500017,61.3833984375],[27.658593750000023,61.354638671874994],[27.676562500000017,61.3103515625],[27.637109375000023,61.273193359375],[27.587890625,61.26630859375],[27.475390625000017,61.31513671875],[27.367578125000023,61.369042968749994],[27.328027343750023,61.4001953125],[27.3603515625,61.421728515625]]],[[[27.9462890625,61.527490234374994],[27.968847656250006,61.503173828125],[27.959277343750017,61.480419921875],[27.913671875,61.44208984375],[27.79755859375001,61.404931640624994],[27.749609375,61.4013671875],[27.712207031250017,61.402783203125],[27.662207031250006,61.434912109375],[27.56396484375,61.456445312499994],[27.519628906250006,61.485205078125],[27.5484375,61.4912109375],[27.59033203125,61.48642578125],[27.665820312500017,61.4828125],[27.700488281250017,61.48759765625],[27.712207031250017,61.5337890625],[27.73164062500001,61.5474609375],[27.7939453125,61.537890625],[27.85859375000001,61.51875],[27.923242187500023,61.525927734375],[27.9462890625,61.527490234374994]]],[[[28.515429687500017,61.698681640625],[28.536425781250017,61.621533203125],[28.493457031250017,61.60166015625],[28.45917968750001,61.558447265625],[28.444921875,61.515673828125],[28.49560546875,61.478173828124994],[28.494531250000023,61.44404296875],[28.41621093750001,61.416455078125],[28.307031250000023,61.407617187499994],[28.240136718750023,61.39423828125],[28.2255859375,61.442919921875],[28.245410156250017,61.472705078125],[28.255273437500023,61.496923828125],[28.23984375,61.523388671875],[28.242578125000023,61.5390625],[28.308203125,61.5818359375],[28.2861328125,61.622607421875],[28.280664062500023,61.664501953125],[28.27734375,61.70966796875],[28.328125,61.729541015625],[28.387597656250023,61.7119140625],[28.4755859375,61.722900390625],[28.515429687500017,61.698681640625]]],[[[29.019140625,62.124755859375],[29.102441406250023,62.117724609375],[29.1865234375,62.1220703125],[29.23203125,62.12607421875],[29.322265625,62.12958984375],[29.363183593750023,62.104638671874994],[29.442187500000017,62.0376953125],[29.476953125000023,61.966796875],[29.47421875,61.950732421875],[29.44482421875,61.948095703125],[29.4033203125,61.974853515625],[29.341796875,61.97080078125],[29.327050781250023,61.94404296875],[29.30927734375001,61.86953125],[29.25458984375001,61.807470703125],[29.13691406250001,61.775390625],[28.98974609375,61.802148437499994],[28.944238281250023,61.87314453125],[28.827734375,61.962792968749994],[28.71406250000001,61.994921875],[28.691210937500017,62.03642578125],[28.70332031250001,62.081933593749994],[28.80908203125,62.081933593749994],[28.938867187500023,62.104638671874994],[29.019140625,62.124755859375]]],[[[13.591,54.486],[13.585,54.483],[13.581,54.478],[13.578,54.472],[13.576,54.462],[13.577,54.46],[13.578,54.454],[13.584,54.442],[13.617,54.404],[13.621,54.402],[13.631,54.401],[13.646,54.401],[13.667,54.402],[13.676,54.401],[13.702,54.388],[13.707,54.384],[13.714,54.378],[13.731,54.355],[13.744,54.331],[13.731,54.276],[13.727,54.274],[13.715,54.272],[13.711,54.272],[13.696,54.281],[13.694,54.283],[13.696,54.284],[13.711,54.297],[13.713,54.321],[13.712,54.324],[13.689,54.348],[13.684,54.349],[13.508,54.343],[13.504,54.342],[13.469,54.328],[13.359,54.275],[13.357,54.273],[13.355,54.27],[13.357,54.26],[13.403,54.265],[13.408,54.265],[13.413,54.265],[13.42,54.261],[13.422,54.259],[13.426,54.252],[13.429,54.244],[13.429,54.238],[13.424,54.234],[13.398,54.222],[13.393,54.221],[13.319,54.249],[13.268,54.255],[13.257,54.256],[13.25,54.258],[13.156,54.306],[13.122,54.331],[13.118,54.334],[13.117,54.339],[13.118,54.343],[13.129,54.368],[13.131,54.371],[13.134,54.372],[13.142,54.374],[13.151,54.375],[13.157,54.375],[13.201,54.373],[13.217,54.37],[13.223,54.369],[13.236,54.372],[13.261,54.379],[13.265,54.38],[13.268,54.383],[13.239,54.411],[13.208,54.428],[13.165,54.434],[13.229,54.465],[13.232,54.486],[13.167,54.513],[13.147,54.546],[13.231,54.552],[13.256,54.551],[13.304,54.55],[13.338,54.566],[13.367,54.58],[13.378,54.558],[13.395,54.542],[13.42,54.522],[13.447,54.489],[13.484,54.484],[13.503,54.493],[13.517,54.513],[13.503,54.55],[13.459,54.551],[13.426,54.57],[13.384,54.578],[13.375,54.61],[13.355,54.604],[13.33,54.583],[13.311,54.573],[13.286,54.565],[13.282,54.564],[13.251,54.558],[13.246,54.558],[13.245,54.559],[13.225,54.634],[13.225,54.64],[13.226,54.643],[13.231,54.648],[13.245,54.657],[13.263,54.667],[13.279,54.671],[13.292,54.673],[13.364,54.679],[13.384,54.681],[13.424,54.683],[13.43,54.682],[13.438,54.68],[13.443,54.676],[13.444,54.673],[13.442,54.671],[13.429,54.66],[13.422,54.657],[13.397,54.652],[13.391,54.649],[13.386,54.645],[13.383,54.639],[13.391,54.607],[13.407,54.589],[13.433,54.578],[13.456,54.573],[13.482,54.575],[13.516,54.577],[13.593,54.585],[13.618,54.586],[13.634,54.586],[13.639,54.585],[13.647,54.583],[13.672,54.569],[13.677,54.565],[13.678,54.563],[13.679,54.542],[13.678,54.532],[13.675,54.526],[13.67,54.522],[13.667,54.521],[13.647,54.516],[13.641,54.513],[13.591,54.486]]],[[[16.437,56.211],[16.43,56.209],[16.421,56.211],[16.416,56.215],[16.411,56.225],[16.403,56.274],[16.392,56.465],[16.393,56.529],[16.396,56.536],[16.42,56.586],[16.543,56.776],[16.612,56.868],[16.617,56.874],[16.629,56.879],[16.645,56.884],[16.749,56.94],[16.848,57.064],[16.9,57.135],[16.959,57.224],[16.963,57.229],[16.966,57.242],[16.96,57.257],[16.959,57.274],[16.961,57.28],[16.966,57.294],[16.973,57.305],[16.983,57.316],[16.993,57.325],[17.01,57.337],[17.022,57.345],[17.036,57.352],[17.057,57.359],[17.099,57.351],[17.106,57.348],[17.124,57.321],[17.051,57.187],[17.009,57.132],[16.961,57.075],[16.927,57.038],[16.88,56.93],[16.848,56.844],[16.841,56.832],[16.837,56.827],[16.828,56.825],[16.817,56.826],[16.808,56.824],[16.785,56.81],[16.779,56.806],[16.77,56.796],[16.727,56.702],[16.636,56.519],[16.577,56.407],[16.571,56.394],[16.569,56.388],[16.57,56.377],[16.572,56.372],[16.575,56.367],[16.576,56.361],[16.572,56.355],[16.553,56.326],[16.496,56.241],[16.486,56.231],[16.474,56.224],[16.437,56.211]]],[[[22.582,58.241],[22.521,58.242],[22.487,58.242],[22.475,58.242],[22.378,58.223],[22.367,58.22],[22.289,58.188],[22.279,58.184],[22.272,58.179],[22.267,58.171],[22.266,58.164],[22.269,58.156],[22.274,58.15],[22.276,58.142],[22.265,58.102],[22.262,58.094],[22.202,57.986],[22.099,57.931],[22.073,57.917],[22.052,57.91],[22.038,57.908],[22.022,57.91],[22.01,57.913],[22.001,57.917],[21.994,57.923],[21.981,57.958],[21.986,57.976],[22.082,58.077],[22.09,58.082],[22.101,58.085],[22.112,58.084],[22.151,58.086],[22.197,58.137],[22.201,58.145],[22.197,58.151],[22.189,58.156],[22.177,58.159],[22.145,58.159],[22.132,58.161],[22.079,58.171],[22.069,58.175],[21.884,58.252],[21.87,58.262],[21.849,58.279],[21.844,58.286],[21.841,58.293],[21.844,58.299],[21.874,58.34],[21.885,58.343],[21.899,58.343],[21.956,58.343],[22.008,58.353],[22.006,58.36],[21.996,58.381],[21.917,58.457],[21.91,58.463],[21.902,58.468],[21.878,58.474],[21.868,58.478],[21.851,58.488],[21.832,58.505],[21.843,58.508],[21.925,58.517],[21.985,58.516],[22.001,58.515],[22.112,58.492],[22.189,58.545],[22.198,58.549],[22.327,58.577],[22.502,58.602],[22.624,58.593],[22.768,58.6],[22.776,58.606],[22.808,58.616],[22.824,58.617],[22.872,58.618],[22.905,58.617],[22.917,58.616],[22.979,58.601],[22.991,58.598],[23.091,58.564],[23.263,58.496],[23.273,58.492],[23.289,58.482],[23.32,58.462],[23.332,58.45],[23.333,58.442],[23.328,58.434],[23.267,58.429],[23.25,58.43],[23.226,58.437],[23.206,58.445],[23.198,58.45],[23.142,58.444],[23.077,58.414],[23.064,58.386],[23.029,58.358],[22.757,58.24],[22.649,58.23],[22.582,58.241]]],[[[22.884,58.78],[22.848,58.774],[22.816,58.773],[22.798,58.774],[22.784,58.776],[22.778,58.782],[22.777,58.79],[22.783,58.796],[22.793,58.8],[22.804,58.804],[22.823,58.812],[22.829,58.818],[22.826,58.824],[22.812,58.826],[22.798,58.825],[22.776,58.819],[22.747,58.806],[22.739,58.8],[22.721,58.782],[22.701,58.754],[22.692,58.739],[22.69,58.731],[22.681,58.717],[22.675,58.711],[22.667,58.705],[22.646,58.698],[22.624,58.691],[22.596,58.688],[22.565,58.687],[22.547,58.687],[22.532,58.689],[22.518,58.691],[22.48,58.7],[22.47,58.704],[22.465,58.71],[22.469,58.716],[22.472,58.764],[22.45,58.831],[22.446,58.838],[22.426,58.855],[22.405,58.872],[22.39,58.882],[22.382,58.887],[22.37,58.89],[22.336,58.892],[22.277,58.889],[22.246,58.879],[22.229,58.878],[22.177,58.889],[22.165,58.892],[22.064,58.924],[22.053,58.928],[22.045,58.932],[22.042,58.94],[22.046,58.945],[22.052,58.95],[22.065,58.952],[22.191,58.947],[22.376,58.952],[22.434,58.966],[22.468,58.978],[22.488,58.992],[22.524,59.022],[22.576,59.069],[22.699,59.051],[22.695,59.044],[22.699,59.02],[22.703,59.014],[22.72,59.004],[22.734,59.001],[22.75,59],[22.801,58.997],[22.843,59.002],[22.861,59.002],[22.93,58.982],[22.952,58.967],[23.044,58.851],[23.048,58.844],[23.045,58.836],[23.022,58.821],[23.005,58.831],[22.961,58.845],[22.948,58.844],[22.884,58.833],[22.866,58.824],[22.868,58.819],[22.882,58.817],[22.889,58.811],[22.887,58.788],[22.884,58.78]]],[[[20.226,60],[20.211,59.98],[20.203,59.977],[20.137,59.992],[20.129,59.995],[20.004,60.051],[19.999,60.055],[20.003,60.062],[20.008,60.067],[20.094,60.093],[20.103,60.096],[20.109,60.092],[20.11,60.088],[20.123,60.081],[20.164,60.069],[20.193,60.065],[20.205,60.064],[20.212,60.06],[20.227,60.003],[20.226,60]]],[[[20.205,60.081],[20.2,60.086],[20.199,60.091],[20.205,60.109],[20.216,60.139],[20.223,60.142],[20.269,60.141],[20.276,60.137],[20.287,60.129],[20.292,60.125],[20.295,60.121],[20.298,60.11],[20.298,60.104],[20.271,60.057],[20.263,60.054],[20.205,60.081]]],[[[19.602,60.256],[19.612,60.253],[19.627,60.244],[19.666,60.193],[19.669,60.189],[19.674,60.173],[19.677,60.157],[19.673,60.15],[19.604,60.153],[19.575,60.122],[19.563,60.123],[19.551,60.125],[19.543,60.128],[19.523,60.151],[19.511,60.175],[19.512,60.181],[19.536,60.225],[19.541,60.23],[19.565,60.249],[19.572,60.252],[19.58,60.255],[19.589,60.257],[19.602,60.256]]],[[[20.037,60.311],[20.025,60.311],[19.914,60.217],[19.914,60.212],[19.927,60.193],[19.931,60.188],[19.937,60.184],[19.946,60.181],[19.987,60.17],[20.026,60.154],[20.051,60.101],[20.053,60.096],[20.051,60.09],[20.044,60.086],[20.022,60.086],[19.999,60.089],[19.968,60.09],[19.958,60.089],[19.951,60.085],[19.948,60.079],[19.944,60.043],[19.939,60.059],[19.928,60.084],[19.925,60.089],[19.918,60.093],[19.908,60.095],[19.895,60.097],[19.875,60.095],[19.869,60.091],[19.87,60.086],[19.873,60.081],[19.868,60.077],[19.859,60.076],[19.848,60.076],[19.772,60.081],[19.751,60.095],[19.722,60.126],[19.699,60.159],[19.696,60.164],[19.648,60.257],[19.649,60.262],[19.749,60.305],[19.783,60.293],[19.777,60.261],[19.768,60.249],[19.762,60.244],[19.761,60.238],[19.793,60.191],[19.796,60.187],[19.809,60.185],[19.817,60.188],[19.931,60.277],[19.935,60.283],[19.937,60.289],[19.937,60.295],[19.931,60.304],[19.899,60.34],[19.892,60.343],[19.883,60.342],[19.878,60.336],[19.874,60.329],[19.872,60.323],[19.868,60.317],[19.862,60.312],[19.839,60.32],[19.834,60.322],[19.78,60.349],[19.783,60.354],[19.808,60.377],[19.825,60.392],[19.857,60.404],[19.869,60.404],[19.906,60.4],[20.085,60.35],[20.277,60.274],[20.218,60.208],[20.172,60.164],[20.162,60.162],[20.092,60.17],[20.086,60.174],[20.082,60.179],[20.101,60.216],[20.106,60.221],[20.123,60.226],[20.12,60.24],[20.067,60.296],[20.062,60.301],[20.047,60.308],[20.037,60.311]]],[[[20.409,60.204],[20.397,60.195],[20.387,60.193],[20.345,60.231],[20.342,60.235],[20.341,60.241],[20.343,60.247],[20.348,60.252],[20.366,60.266],[20.376,60.267],[20.394,60.267],[20.436,60.258],[20.441,60.253],[20.442,60.248],[20.441,60.243],[20.409,60.204]]],[[[14.17416766604541,53.90676077456836],[14.205406221953613,53.81320532412891],[14.145425829497558,53.826453767732424],[14.068350824919921,53.84347494693164],[14.028717074004394,53.865481935457034],[13.827770266143066,53.8297191485918],[13.777402910796386,53.94862326236133],[13.778410944548828,54.04440649600391],[14.069946322051269,53.917769990876955],[14.17416766604541,53.90676077456836]]]]}},{"type":"Feature","properties":{"name":"Nogai Horde","subject":"Nogai Horde","partOf":"Nogai Horde","borderPrecision":1,"color":"#8f9a74"},"geometry":{"type":"MultiPolygon","coordinates":[[[[52.98043887690986,45.77623959475541],[53.05033782443164,45.831161104158205],[53.14924910983203,45.95704611392383],[53.20320037325976,46.190833650544924],[53.257151636687496,46.316722475007815],[53.185217890349605,46.42462118716602],[53.12227538546679,46.496558748201174],[53.16723159274218,46.58647497744922],[53.284129175749996,46.676395021394534],[53.23017791232226,46.73034628482227],[53.185217890349605,46.86522635074024],[53.0233641000664,46.91917761416797],[52.8615103097832,46.93716009707813],[52.55578521212695,46.982120119050784],[52.46586516818164,46.91018255801563],[52.37594893893359,46.874217592195315],[52.14215758761523,46.83824881167774],[51.93534759005664,46.89220007510547],[51.79147628268359,47.00909384341602],[51.67458251437304,47.03607138247852],[51.51203118672273,47.064756791579114],[51.36885741671679,47.09002264590625],[51.772891832392816,47.46211314585126],[51.74511096800214,47.5084145865024],[51.387096734969816,48.1051049748896],[51.90149019820049,49.39108863296629],[51.12990000335448,50.419875559427624],[51.387096734969816,51.062867388465975],[55.245047709199866,51.70585921750431],[57.15204047694705,51.22911102556751],[60.610626661788565,45.43391941014539],[60.953987165182276,45.245273836150254],[57.72812063075719,44.6348060246391],[52.98043887690986,45.77623959475541]]]]}},{"type":"Feature","properties":{"name":"Quazaq Khanate","subject":"Quazaq Khanate","partOf":"Quazaq Khanate","borderPrecision":1,"color":"#b3a46e"},"geometry":{"type":"MultiPolygon","coordinates":[[[[80.93950784321066,44.07789059628024],[69.81619415139467,41.210677215495366],[68.78248445418943,40.944221880530336],[60.953987165182276,45.245273836150254],[60.610626661788565,45.43391941014539],[57.15204047694705,51.22911102556751],[58.33140848858389,50.934269022658306],[60.820157918405,50.85918793832584],[63.0380651558678,51.176031829391945],[63.994673599685925,52.7975061330614],[64.45706092306274,53.581263759332735],[64.68741246443645,54.272318383453886],[72.99162219065806,55.306613460119024],[74.62988878795288,54.323653501742136],[74.92059767777309,54.14922816785001],[78.64995028619546,50.80567065685063],[81.47911433396416,50.29127719361997],[84.26729348120226,49.20458447323215],[83.1155357743337,48.283178307737295],[85.38290436843612,48.14771216790478],[85.60147253617254,48.23097623180438],[85.60545523526416,48.233999011359394],[85.535050949032,47.181414053006264],[80.93950784321066,44.07789059628024]]]]}},{"type":"Feature","properties":{"name":"Khiva Khanate","subject":"Khiva Khanate","partOf":"Khiva Khanate","borderPrecision":1,"color":"#a88992"},"geometry":{"type":"MultiPolygon","coordinates":[[[[54.06743911227343,36.94152411075],[54.008704218474605,37.34868963809375],[54.015112909880855,37.34832724185352],[53.98521712741015,37.51772650332813],[53.92775252780078,37.82421835513477],[53.87986281832812,38.02535589785938],[53.937327417937496,38.15944632144336],[53.937327417937496,38.33184774966602],[53.937327417937496,38.5712962970293],[53.98521712741015,38.65749701114063],[54.03310683688281,38.79158743472461],[54.07141784152148,38.89694555850391],[54.03310683688281,38.992721162751955],[53.91817382296679,39.050189577058596],[53.774504694548824,39.136390291169924],[53.67872527560351,39.251327119783205],[53.65957168063281,39.318370424226565],[53.5829458566582,39.318370424226565],[53.49674514254687,39.337527833894534],[53.3339224191582,39.38541754336719],[53.24772170504687,39.29921682925586],[53.2094107004082,39.40457113833789],[53.24772170504687,39.45246084781055],[53.31476500949023,39.56739767642383],[53.37223342379687,39.519507966951174],[53.54463485201953,39.53866156192188],[53.73619368991015,39.500350557283205],[53.79366210421679,39.49077185244922],[53.812815699187496,39.54824026675586],[53.66914657076953,39.644019685701174],[53.55421355685351,39.65359839053516],[53.51590255221484,39.77811010928516],[53.59252456149218,39.89304693789844],[53.688303980437496,39.97924765200977],[53.506323847380855,39.99840124698047],[53.36265471896289,39.9600902423418],[53.19025329074023,39.9600902423418],[53.04658416232226,39.99840124698047],[52.98911574801562,39.93135794253711],[52.91249373873828,40.04629095645313],[52.84545043429492,40.18038138003711],[52.84545043429492,40.333629213289065],[52.82629302462695,40.46771963687305],[52.90291503390429,40.56349905581836],[52.95080474337695,40.707164369539065],[52.96996215304492,40.822101198152346],[53.017851862517574,40.946612916902346],[53.056162867156246,41.05197104068164],[53.15194228610156,40.89872320742969],[53.180674585906246,40.84125479312305],[53.257300409880855,40.764632783845705],[53.43927672824023,40.80294378848438],[53.61168197116015,40.745479188875],[53.65957168063281,40.81252249331836],[53.649992975798824,40.87956961245899],[53.69788268527148,40.87956961245899],[53.76492598971484,40.869990907625],[53.79366210421679,40.726321779207034],[53.84155181368945,40.640121065095705],[53.97564223727343,40.64969976992969],[54.10973266085742,40.67843206973438],[54.22466567477343,40.726321779207034],[54.33002379855273,40.68801077456836],[54.41622451266406,40.659278474763674],[54.45453551730273,40.71674307437305],[54.387488398162105,40.80294378848438],[54.3683348031914,40.89872320742969],[54.45453551730273,40.91788061709766],[54.50242522677539,40.850833497957034],[54.60778335055468,40.81252249331836],[54.7227163644707,40.850833497957034],[54.81849578341601,40.87956961245899],[54.828074488249996,40.98492392154102],[54.75144866427539,41.13817175479297],[54.5982046457207,41.24352987857227],[54.35875609835742,41.38719519229297],[54.16719726046679,41.482974611238284],[54.138464960662105,41.62664373965625],[54.11930755099414,41.779891572908205],[54.023528132048824,41.85651358218555],[54.023528132048824,41.95229300113086],[54.023528132048824,42.048072420076174],[53.98521712741015,42.10553701968555],[53.73619368991015,42.1342731341875],[53.4584341379082,42.09596212954883],[53.266875300017574,42.086383424714846],[53.06574157199023,42.028915010408205],[52.9795408578789,41.904403291658205],[52.94122985324023,41.77031286807422],[52.998694452849605,41.68411215396289],[52.96996215304492,41.55960043521289],[52.931651148406246,41.37762030215625],[52.96038344821093,41.272262178376955],[52.96996215304492,41.13817175479297],[52.85502532443164,41.38719519229297],[52.692202601042965,41.53086432071094],[52.71136001071093,41.60749014468555],[52.68262389620898,41.69369085879688],[52.55927184542773,41.75783880801563],[52.600745234099605,41.93767889590625],[52.573767695037105,42.01860388369922],[52.51981643160937,42.072555147126955],[52.58275893649218,42.1894489154375],[52.672678980437496,42.279368959382815],[52.73562148532031,42.42324026675586],[52.75360778292773,42.558116517976565],[52.8345327707207,42.64803656192188],[52.76259902438281,42.755939088777346],[52.58275893649218,42.82787283511524],[52.37594893893359,42.80089529605274],[52.295020136443355,42.87283285708789],[52.16014388522265,42.84585531802539],[52.07022384127734,42.82787283511524],[51.98030379733203,42.90880163760547],[51.8813963266289,43.05266913028125],[51.737525019255855,43.17855414004688],[51.58466247042773,43.17855414004688],[51.42280868014453,43.1695628985918],[51.42280868014453,43.25948294253711],[51.458777460662105,43.38536795230274],[51.36885741671679,43.55621298404102],[51.260954889861324,43.61016424746875],[51.17103484591601,43.71806677432422],[50.99119857272265,44.077743135408205],[50.955229792205074,44.20362814517383],[50.703459772673824,44.257579408601565],[50.388743433562496,44.29354818911914],[50.32580092867968,44.365481935457034],[50.33479217013476,44.563304506257815],[50.40672591647265,44.61725576968555],[50.54160598239062,44.64423330874805],[50.72144225558398,44.635238252595705],[50.874304804412105,44.62624701114063],[51.09010985812304,44.563304506257815],[51.332888636199215,44.482379518464846],[51.41381743868945,44.51834448428516],[51.57567122897265,44.55431326480274],[51.48575118502734,44.62624701114063],[51.36885741671679,44.68019827456836],[51.18902114352343,44.770118318513674],[51.09910109957812,44.87802084536914],[51.21599486788867,45.039874635652346],[51.34188369235156,45.0578571185625],[51.37784865817187,45.17475088687305],[51.458777460662105,45.30963095279102],[51.51272872408984,45.37257345767383],[51.62962249240039,45.354590974763674],[51.77349379977343,45.39055594058399],[51.845427546111324,45.43551596255664],[51.99829009493945,45.38156469912891],[52.10619262179492,45.38156469912891],[52.60973647555468,45.39955099673633],[53.059329065886715,45.33660467715625],[53.284129175749996,45.327613435701174],[53.21219161471484,45.36358221621875],[53.059329065886715,45.4534984454668],[52.84352401217578,45.5074535235918],[52.8345327707207,45.6423297748125],[52.92445281466601,45.732249818757815],[52.98043887690986,45.77623959475541],[57.72812063075719,44.6348060246391],[60.953987165182276,45.245273836150254],[68.78248445418943,40.944221880530336],[69.81619415139467,41.210677215495366],[70.09526718191616,37.90736945076168],[69.23157780741465,37.367563591698236],[66.33588980061525,36.307380725406425],[64.40496122259702,37.63963683521338],[64.3466450660261,37.87290146149705],[62.66218550003006,39.22046911429389],[62.11375444766802,39.22046911429389],[61.2289659143878,39.830934432777866],[60.37676742907831,39.17754350679706],[57.31370916933642,36.82905954775894],[54.06743911227343,36.94152411075]]],[[[107.29075149020312,76.43394812198048],[106.86712320943332,76.43314988243023],[106.8671232094333,76.43314988243023],[107.29075149020312,76.43394812198048]]]]}}]}