{"type":"FeatureCollection","features":[{"type":"Feature","properties":{"name":"Cyprus","subject":"Cyprus","partOf":"Cyprus","borderPrecision":1,"color":"#739b91"},"geometry":{"type":"MultiPolygon","coordinates":[[[[33.78049758384968,35.20813711758318],[33.77266601036335,35.12928351040544],[33.92467406700398,34.95322760220232],[33.79195693443562,34.95737036343279],[33.7325773567989,34.908622347075365],[33.68582061241413,34.934867464262865],[33.53851226280476,34.94415625210466],[33.48393538902546,34.79579123135271],[33.131392511828196,34.6803356039113],[32.95861724327351,34.6593395101613],[32.91454604576374,34.635726534087084],[32.91451552818562,34.541259371001146],[32.81665709923054,34.53863867397966],[32.784136805041086,34.625228487212084],[32.60339263389851,34.61473425503435],[32.357180628283274,34.6803356039113],[32.27109054039265,34.71969565029802],[32.270979914171946,34.81415518398943],[32.19850066612507,34.861388765532396],[32.143721613390696,35.04254492397966],[32.18047622154499,35.058314882475756],[32.23445800255085,35.01363333340349],[32.30098632286335,35.016261659819506],[32.48311522911335,35.15294226284685],[32.59698394249226,35.15557440396013],[32.744952234728586,35.11427267666521],[32.779524836046946,35.15294226284685],[32.81907180259968,35.28174551602068],[32.79511168907429,35.36061056729021],[33.07747939537312,35.31861075039568],[33.37370971153523,35.30648001309099],[33.53904250572468,35.33169516201677],[33.90731719444538,35.436847292143725],[34.21733764122273,35.573566042143725],[34.45821288536335,35.64456137295427],[34.24465468834187,35.51184424038591],[34.04842666099812,35.40793188687029],[33.78049758384968,35.20813711758318]]]]}},{"type":"Feature","properties":{"name":"Norway","subject":"Norway","partOf":"Norway","borderPrecision":1,"color":"#739b91"},"geometry":{"type":"MultiPolygon","coordinates":[[[[-24.218850102917898,65.5337406026906],[-24.161536183850515,65.60662420864763],[-23.972643819348562,65.68710669155779],[-23.57052132178997,65.6805683004445],[-23.266970601575125,65.72486456509294],[-23.426138844983328,65.82667120571794],[-23.608294454114187,65.97963293667497],[-23.46556946326946,66.13343390103044],[-23.341095891492117,66.13366278286638],[-22.910920110242117,65.9444080221242],[-22.609297719495046,65.92308386440935],[-22.474139180676687,65.99637945767107],[-22.560055699841726,66.1131854879445],[-22.841093984143484,66.28103979702654],[-22.676369634167898,66.3913074361867],[-22.20981880714153,66.28955420132341],[-21.77907272865032,66.2537341939992],[-21.44324966956829,66.12991675015154],[-21.242489781872976,65.88181646938982],[-21.29616829444622,65.6994129049367],[-21.49471565772747,65.56796606655779],[-21.079720464246023,65.20544775601091],[-20.830618825452078,65.36559637661638],[-20.672482457654226,65.42404516812029],[-20.388926473157156,65.47545202847185],[-20.168446507947195,65.55589636440935],[-20.14127632667278,65.65056952114763],[-20.217385259167898,66.00059851284685],[-19.973305669324148,66.11072882290544],[-19.747664418713796,65.90652807827654],[-19.55601021339153,65.7682605611867],[-19.335995641247976,65.67393072720232],[-19.23918243934368,65.66683539028826],[-19.155894246594656,65.72528418179216],[-19.27452942420696,65.92930182095232],[-19.165436711804617,66.00257452603044],[-19.044123616711843,66.01741369839372],[-18.676299062268484,66.09119757290544],[-18.36903282691692,65.89450415249529],[-18.127926793591726,65.78552588101091],[-17.88376900245403,65.75682409878435],[-17.861041036145437,65.8370853292531],[-18.022482839123953,66.07779272671404],[-17.569674458997,66.0128665792531],[-16.922141042248953,65.97755011196794],[-16.56798645545696,66.0293460714406],[-16.37568565894817,66.13209112759294],[-16.385222402112234,66.4544177877492],[-15.859886136548269,66.41871985073747],[-15.573985066907156,66.20676764126482],[-15.070752110974539,66.06138952847185],[-14.763337102429617,66.05466040249529],[-14.640680280225027,65.94529303188982],[-14.754071202771414,65.6970706808156],[-14.400113072888601,65.56669195767107],[-13.646900144116628,65.49534186001482],[-13.589788404004324,65.43004187222185],[-13.525573697583425,65.18334540005388],[-13.557373967663992,65.00938757534685],[-13.625843968884695,64.89389380093279],[-13.694187131421316,64.77862890835466],[-13.893424954907644,64.72070654507341],[-14.26032158424114,64.71282538052263],[-14.348122563855398,64.66953619595232],[-14.365896192090261,64.47555883999529],[-14.597537961499441,64.26713141079607],[-14.82120033790325,64.19502600308122],[-15.076808896558035,64.20890387173357],[-15.266535726086843,64.28020819302263],[-15.634139981763113,64.05748327847185],[-15.876496282117117,63.99265631313982],[-16.53383919288372,63.78413351650896],[-16.917538609997976,63.73341330166521],[-17.244381871716726,63.7328258382863],[-17.591462102429617,63.68934210415544],[-17.94410416175579,63.4248424398488],[-18.15692230750774,63.36746176357927],[-18.641863790051687,63.323817812163256],[-18.960791554944265,63.337462984282396],[-19.553091969983328,63.41468008633318],[-19.82674690772747,63.47830160732927],[-20.403946843640554,63.69834478970232],[-20.87988182594036,63.74029120083513],[-21.079123464123953,63.7113414632863],[-21.54750534583782,63.71762045498552],[-22.37291046668743,63.773185335356615],[-22.506588902966726,63.86582144375505],[-22.311337438122976,63.951984010893725],[-21.80411049415325,64.11036261196794],[-21.488474813000906,64.37614019985857],[-21.856713262097585,64.3826175558156],[-22.086178746716726,64.43959387417497],[-22.27860542823528,64.6188007223195],[-22.3924226432011,64.66170080776872],[-22.55358978797649,64.62545355435076],[-23.257531133191335,64.57384070034685],[-23.50830742408489,64.55902441616716],[-23.674576726453054,64.65931280728044],[-23.611166921155203,64.74570044155779],[-23.43667122413372,64.80359228726091],[-23.13564774085735,64.8473392355031],[-22.77842232276653,64.85519751187029],[-22.450291600720632,64.90623053188982],[-21.97829147865032,64.95033606167497],[-21.809164968030203,65.03735693569841],[-21.72894951392864,65.18245276089372],[-21.793759313122976,65.29845007534685],[-21.954796758191335,65.37804754849138],[-22.146489110486257,65.38492163296404],[-22.36159225990032,65.44994696255388],[-22.81372162391399,65.47090490933122],[-23.18323990394329,65.4265857564992],[-23.374228444592703,65.3535877096242],[-23.67845245887493,65.3166995870656],[-24.146887746350515,65.43931921597185],[-24.218850102917898,65.5337406026906]]],[[[11.178854975207102,59.07028921719255],[11.112050089342844,59.16510733242693],[10.82919028709675,59.10584219570818],[10.768937143786204,59.11769064541521],[10.65680602501179,59.22439535732927],[10.549271616442454,59.37863119717302],[10.633557352526438,59.44985159512224],[10.569742235644114,59.580504976469896],[10.40705779503132,59.49734839077654],[10.378625902636301,59.3667484151906],[10.429588350756418,59.25997122402849],[10.363341364367258,59.21253546353044],[10.211065325243723,59.07028921719255],[10.172335657580149,58.987365328032396],[9.937624010546457,58.940002046782396],[9.697579416735422,58.99921759243669],[9.346200022204172,58.84530981655779],[9.371620211107981,58.78614767666521],[9.14589408348347,58.656066499907396],[8.921734842760813,58.5378909933156],[8.175240549547922,58.1720462667531],[8.153747591479075,58.08954580898943],[8.030196222765696,58.065978609282396],[7.908431086046946,58.065978609282396],[6.958641085131418,57.97173651333513],[6.87418130348469,58.07775457974138],[6.725660833819163,58.13668783779802],[6.643655333025706,58.042411409575365],[6.479116472704661,58.08954580898943],[6.651709589464915,58.1720462667531],[6.231332334978831,58.27817877407732],[5.873840364916575,58.431598268706225],[5.615484270556223,58.45521505947771],[5.399735006792795,58.715175234038256],[5.53099921654011,58.88080938931169],[5.474647554857981,58.97552832241716],[5.627488169176829,58.96367987271013],[5.665794405443918,58.821647249419115],[5.793662104113352,58.91632422085466],[6.093553575976145,58.79797705288591],[5.983710798723948,58.88672217007341],[6.041155848009836,58.951842867094896],[6.266145262224924,58.993285738188646],[6.050548109514963,58.981444917876146],[5.940400633318674,58.93407782192888],[5.822302374346506,59.01698263760271],[5.77185729454304,59.076217256743334],[6.032578501208079,59.200667940337084],[6.237526449663889,59.28369482632341],[6.020303759081614,59.25403555508318],[5.87749579857136,59.31335028286638],[6.076250586016428,59.420165621001146],[6.113430532915842,59.52704580898943],[5.815908941729319,59.31335028286638],[5.799501928789866,59.43203695889177],[5.680468592150461,59.50923117275896],[5.682913813097727,59.414229952055834],[5.717149290545237,59.3370738851613],[5.528521570666086,59.26589926357927],[5.343843969805491,59.26589926357927],[5.350331816180002,59.39049109097185],[5.282588991625559,59.27183111782732],[5.176648649676096,59.30741461392107],[5.086604151232493,59.50923117275896],[5.382628950579416,59.71127279873552],[5.418557676775706,59.51516684170427],[5.44930747459675,59.6577640401906],[5.646168264849436,59.586452089507006],[5.741123232348215,59.628043733794115],[5.666552576525461,59.675597749907396],[5.969901594622385,59.71127279873552],[6.185389551623118,59.82426031704607],[5.910496267779124,59.752894960600756],[5.694047483904612,59.752894960600756],[5.543337854845774,59.82426031704607],[5.631734404070627,59.88376577969255],[5.805763277514231,59.94925268765154],[5.894064459307444,60.16126211758318],[5.52461961220051,60.167525850493334],[5.279052290423166,60.12533529873552],[5.096230539782297,60.26413305874529],[5.261776003344309,60.327132784087084],[5.551142248614084,60.50888785000505],[5.455831560595286,60.592406831938646],[5.255226644976389,60.56414373989763],[5.075472387774241,60.591693483549975],[4.980375322802317,60.68924292202654],[5.108526739580881,60.90610846157732],[5.387047800524485,61.02558477993669],[5.119612726671946,61.13709982510271],[5.018313440783274,61.30513723965349],[5.14095262001301,61.38955649014177],[5.101146254046213,61.69858893032732],[5.148983511431467,61.7408824789113],[5.416030916674387,61.76953848477068],[5.592420134051096,61.78969534512224],[5.797088179095041,61.76991232510271],[5.833900007708323,61.81940802212419],[5.71946767280842,61.87954672451677],[5.528184446795237,61.93255194302263],[5.425686392290842,62.009261690337084],[5.469670805437815,62.09369619961443],[5.564593824846995,62.15030249233904],[5.823631319506418,62.17901953335466],[6.05348924110676,62.33480032559099],[6.30839065025593,62.285827242094896],[6.532513651354563,62.33569677944841],[6.612958940966379,62.58333548184099],[6.988682779772532,62.54157217617693],[7.289257082445872,62.48556479092302],[7.546737703783762,62.59925421353044],[7.101563486559641,62.704642854887865],[6.981860193712961,62.84614142056169],[7.088180098040354,62.91019781704607],[7.606488260729563,62.90405615444841],[7.989161524279368,62.94026907559099],[8.231293711169016,62.84140738125505],[8.257966074450266,63.05431707974138],[8.472289118273508,63.17551764126482],[8.605903658373606,63.32509573574724],[8.95719722221638,63.40404089565935],[9.154221567614329,63.3190189230031],[9.216067347033274,63.283561311919115],[9.44089797447468,63.497523866850756],[9.832105669482004,63.683620058257006],[9.870058092577707,63.87643393154802],[10.066159281237375,64.05550726528826],[10.739846262438547,64.38617285366716],[10.890596422655832,64.47251471157732],[10.996618303759348,64.49424322720232],[11.213500055773508,64.41573675747576],[11.364055666430247,64.41601904507341],[11.507721933825266,64.51671942349138],[11.406536135180247,64.61703833218279],[11.469941172106516,64.67464026089372],[11.68972781608845,64.77565344448747],[11.895566973192942,64.91273077603044],[12.11214164207722,65.12991675015154],[12.22221187065388,65.1011463033742],[12.526453051073801,65.10895117397966],[12.496170076830637,65.3844714986867],[12.284087213976633,65.4348865377492],[12.479218515856516,65.61703070278826],[12.709057840807688,65.90887793179216],[13.087389025194895,65.88041266079607],[13.108799013598215,66.0337406026906],[13.15190700004841,66.13612707729997],[13.581009897692454,66.18811377163591],[13.4028015465572,66.34881933804216],[13.255395922167551,66.39254339810076],[13.168647798998606,66.45833929653826],[13.242076906664622,66.5685306417531],[13.38319304893757,66.67895086880388],[13.592026743395579,66.65732153530779],[13.991646799547922,66.68745764370622],[13.747189554674875,66.92240484829607],[13.859066996081125,66.95944555874529],[14.05473903129841,66.9745593893117],[14.373078379137766,67.09309729214372],[14.639268908007395,67.12311133022966],[14.777660402758372,67.21653326626482],[14.616473230822336,67.2452655660695],[14.569208178026926,67.32934149380388],[14.699147257311594,67.37438543911638],[14.976157221300852,67.52293738003435],[15.226662668688547,67.50855597134294],[15.384503397448313,67.46444281216326],[15.579943689806711,67.58331640835466],[15.745667490465891,67.59729345913591],[15.761817965014231,67.67628821011247],[15.5722351403072,67.82069738979997],[15.85421470115925,67.92523535366716],[15.919741663439524,68.04896887417497],[16.071057352526438,68.04467352505388],[16.23272803734089,67.91109045620622],[16.41161445091511,67.87424811001482],[16.64854720543171,68.04574926968279],[16.521903070910227,68.34090002651872],[16.719140085680735,68.31135901089372],[17.033274683459055,68.33763464565935],[17.126420053942454,68.41608008022966],[16.85475638817097,68.55778082485857],[17.03973487327839,68.65852697964372],[17.40691474388386,68.77154120083513],[17.44891456077839,68.88699682827654],[17.56586364219929,68.97436865444841],[17.89471343467976,69.03507574673357],[17.92814734886433,69.0050769674367],[18.051545176012766,69.027858339507],[18.097353968127024,69.05800207729997],[18.319052729113352,69.35937842007341],[18.553240808947336,69.2468753683156],[18.984845194323313,69.31544073696794],[19.170155558092844,69.25552710171404],[19.28917220543171,69.21058996792497],[19.579979929430735,69.1810565816945],[19.82121375511433,69.36973150845232],[18.95870688865925,68.29369696255388],[18.40022206484757,67.23493152447254],[18.53403073863764,66.43207948173215],[17.32975267452702,64.82637539625131],[17.731178695897224,64.55875804867117],[17.260903495737743,64.20605164855155],[16.66070930557667,63.75590600593075],[15.049652873144248,63.52575508701183],[13.154899574856213,62.024227120754574],[12.791736635668528,61.329948030669115],[12.5973816246822,61.02862127896013],[12.17403891990925,60.956405245024584],[12.431030306322825,60.625846468169115],[12.547958406908762,60.43387182827654],[12.435860666735422,60.27809866543474],[12.422772440417063,60.03877981777849],[12.487895457193446,58.56291949268917],[11.736376187990079,57.69820870971917],[11.609838518603098,57.806945406157396],[11.709144625170481,58.024737917143725],[11.80188659141804,58.17793997402849],[11.613860163195383,58.24734839077654],[11.431094202502024,58.20152624722185],[11.406709703905832,58.33127173062029],[11.221358332140696,58.30832251187029],[11.140391382677805,58.85121878262224],[11.039242777331125,58.91039618130388],[11.178854975207102,59.07028921719255]]],[[[13.252219233019602,79.8007312643117],[13.282957109911692,79.487086855132],[13.396730455858957,79.43371161099138],[14.15889171074177,79.36382635708513],[14.258088144762766,79.53364904995622],[14.316590342028391,79.72191961880388],[14.574694666369211,79.78525885220232],[14.810112032397043,79.80369146938982],[15.23718932579304,79.5891834127492],[15.774143251879465,79.24228247280779],[16.133173975451243,79.13635595913591],[16.388812098009836,79.23457678433122],[16.289153131945383,79.36790808315935],[16.08195784996296,79.52817877407732],[15.935030970080149,79.74293860073747],[15.916598352892649,79.84177740688982],[16.326283487780344,80.02513464565935],[16.77664664696003,79.97855719204607],[16.99532798240925,79.89783819790544],[17.570580515368235,79.8899417745656],[17.834054026110422,79.80945166226091],[17.798193964464915,79.62093695278826],[17.722178492052805,79.4866443502492],[17.769005808336985,79.41530188198747],[18.015986475451243,79.36228521938982],[18.350546869738352,79.51463659878435],[18.5487394661739,79.5597186910695],[18.8464632363155,79.38169439907732],[19.151581797106516,79.23094519253435],[19.504874262316477,79.16055639858904],[19.93185141990925,79.10815008755388],[20.684187921984446,78.91487463589372],[20.90809539268757,78.80939062710466],[20.321175608141672,78.6849857198781],[19.429148706896555,78.58662756558122],[19.115822824938547,78.45454748745622],[18.7867765755489,77.93978460903826],[18.388615641100657,77.54162176724138],[17.829443964464915,77.48894842739763],[17.484860453112375,77.24806555386247],[17.27989295433308,76.9829593526906],[17.266999277575266,76.81286200161638],[16.912959131701243,76.71886786099138],[16.662911447985422,76.72687109585466],[15.946103128893625,76.88682135220232],[15.098876032336008,77.11526831265154],[14.484577211840403,77.37091406460466],[14.777924570544016,77.53477057095232],[15.482050928576243,77.55328711147966],[16.286809000475657,77.61515387173357],[16.71155456016804,77.78861578579607],[16.418047937853586,77.90059240933122],[15.598077806933176,77.83839758511247],[14.893422159655344,77.78515204067888],[14.131029161913645,77.7664066183156],[13.905090364916575,77.9999042379445],[14.336516413195383,78.02679022427263],[14.953421625597727,78.12359198208513],[15.920889887316477,78.26488073940935],[16.617047342760813,78.46726568813982],[15.480342897875559,78.64941748257341],[15.083908113940012,78.78065069790544],[14.819029840929758,78.71849402065935],[14.35282710502888,78.42791327114763],[13.871756586535227,78.29587896938982],[13.618432077868235,78.26922949429216],[13.062086138232004,78.34677466030779],[12.910100969774973,78.42518194790544],[12.437473330004465,78.59088476772966],[12.074569735033762,78.69565161343279],[11.760330233080637,78.88018377896013],[12.524833712084543,79.05856665249529],[12.156988176806223,79.31544836636247],[11.545166048510325,79.1720233785695],[11.33522513817097,79.20714148159685],[10.919441256029856,79.54516943569841],[11.284340891344797,79.70714148159685],[11.516539606554758,79.71653326626482],[12.00031188438679,79.77136572476091],[12.45769313286091,79.75425299282732],[12.717382463915598,79.78171118374529],[13.252219233019602,79.8007312643117]]],[[[21.970780405504954,79.78285559292497],[21.252636942370188,79.78903540249529],[20.34421065758015,79.79628332729997],[19.561673197253,79.76781805630388],[19.21806434105183,79.74022253628435],[18.3305940956905,79.88236578579607],[18.695826563341868,80.08740576382341],[19.067618402941477,80.16498144741716],[19.398766550524485,80.36864813442888],[19.915396723253977,80.63342627163591],[20.524457010729563,80.32244452114763],[20.973664316637766,80.27496679897966],[21.47587111900593,80.314723573882],[21.881182703478586,80.2768054830617],[22.19769957969929,80.12329443569841],[22.587399515612375,80.2686038839406],[22.826014551623118,80.47298773403826],[23.216382059557688,80.61079748745622],[23.076764139635813,80.24058874722185],[23.115408930285227,80.0963397848195],[23.498261484606516,80.0971179830617],[23.944243463976633,80.31975897427263],[24.42143538902546,80.43727453823747],[24.782862696154368,80.379664980132],[25.03397658775593,80.16746863003435],[25.351296457751047,80.14890631313982],[26.254410776598704,80.19886358853044],[26.94861510704304,80.11370428677263],[27.196795496447336,79.94435461636247],[26.968630823595774,79.85386236782732],[26.066958460314524,79.57410009976091],[25.336686167223704,79.40301092739763],[24.855160746081125,79.37533911343279],[24.416337046129954,79.31215246792497],[23.820517572863352,79.14745672817888],[20.998293909533274,79.19108160610857],[20.98332503746296,79.36089666958513],[21.65486625145222,79.4780994283742],[21.970780405504954,79.78285559292497]]]]}},{"type":"Feature","properties":{"name":"Portugal","subject":"Portugal","partOf":"Portugal","borderPrecision":1,"color":"#739b91"},"geometry":{"type":"MultiPolygon","coordinates":[[[[-7.491503682629812,37.208156191069506],[-7.603436437146414,37.16297873135271],[-7.83604237128948,37.032252870757006],[-8.033637967602957,37.008788667876146],[-8.280239072339285,37.088580690581225],[-8.541073766247976,37.088580690581225],[-8.66705986549114,37.12144049282732],[-8.990849462048757,36.990008913237475],[-9.016643491284597,37.06980093594255],[-8.84151169349407,37.525146089751146],[-8.851028409497488,37.910182558257006],[-8.93278595496868,37.9618411886281],[-8.822993245618093,38.206073366362475],[-8.847303357617605,38.384566866118334],[-8.78892036964153,38.43598135586443],[-8.853651967541921,38.49964102383318],[-9.022322621838796,38.46102102871599],[-9.236570325391043,38.41744955654802],[-9.285158124463308,38.61946829434099],[-9.069152799145925,38.64295920010271],[-8.941892591016043,38.74191626187029],[-8.960826840893972,38.81846197720232],[-9.04084965278362,38.92018087979021],[-9.175754514233816,38.732230745512865],[-9.361637082593191,38.67114599819841],[-9.522397008435476,38.68993719692888],[-9.54900738288616,38.77451666470232],[-9.459762540356863,38.95307882900896],[-9.397706952588308,39.23036154385271],[-9.415269818799246,39.36667593594255],[-9.299269643323171,39.41773565884294],[-9.117922750012625,39.644034944731615],[-8.915585484997976,40.138148866850756],[-8.969669309155691,40.19001730557146],[-8.694069829480398,40.992171846587084],[-8.851777997510183,41.407828890044115],[-8.854754415051687,41.5968509542531],[-8.92073532630657,41.767020784575365],[-8.806055036084402,41.889178835112475],[-8.405047383801687,42.002135835844896],[-8.157261338727224,42.08703955288591],[-7.918560948865164,41.88916739102068],[-7.098435845868337,41.86795385952654],[-6.859518495099294,41.9849124776906],[-6.70870443870281,41.96004446621599],[-6.58607956458782,41.85792120571794],[-6.518426862256277,41.74909933682146],[-6.139497724072683,41.52643927212419],[-6.111537900464285,41.41746100063982],[-6.241148915784109,41.320479952055834],[-6.796627965466726,41.092826448637865],[-6.834448781506765,41.06053503628435],[-6.857170548932302,40.86157950039568],[-6.824864831464041,40.65656622524919],[-6.884172883527029,40.214034639555834],[-6.85867592384075,39.791923128325365],[-6.878323045270193,39.70239599819841],[-7.084203687207449,39.59907492275896],[-7.301257100598562,39.57871206875505],[-7.430998769299734,39.52051504727068],[-7.211435761944998,39.29820593472185],[-7.00687452842449,39.05031546230974],[-6.933383431927908,38.961349092680834],[-7.089424577252615,38.79450186367693],[-7.317340817944753,38.499625765044115],[-7.393876519696462,38.29498633022966],[-7.028099027173269,38.239581667143725],[-6.844775167004812,38.100211702544115],[-7.242514577405203,37.810897432524584],[-7.351443734662283,37.644435487944506],[-7.487998452679861,37.216353975493334],[-7.491503682629812,37.208156191069506]]]]}},{"type":"Feature","properties":{"name":"Sardinia","subject":"Sardinia","partOf":"Sardinia","borderPrecision":1,"color":"#b3a46e"},"geometry":{"type":"MultiPolygon","coordinates":[[[[8.819559130175364,38.976913057524584],[8.69609931419636,38.99581106777849],[8.582376512987864,39.06576880093279],[8.417174372179758,39.212203584868334],[8.374221834643137,39.307845674712084],[8.46503356407429,39.639937959868334],[8.508480104906809,39.94647558804216],[8.487975153429758,40.20879706021013],[8.42818931053425,40.46485479946794],[8.20155242393757,40.66299780483904],[8.159486803515207,40.78467520352068],[8.240707430346262,40.855338655669115],[8.405552896960032,40.86208304043474],[8.76607230613972,40.86280020352068],[8.91842368553425,40.94002493496599],[9.30620387504841,41.184447847563646],[9.590851816637766,40.902911745268725],[9.793739351732981,40.56368216152849],[9.787847551806223,40.441955171782396],[9.695723566515696,40.31368979092302],[9.630800280077707,40.09585531826677],[9.698009523852122,39.69349630947771],[9.648338350756418,39.457213960844896],[9.478920015795481,39.144157015044115],[9.296275171740305,39.23312338467302],[9.062541994555247,39.21989019985857],[8.998516115648997,39.175094209868334],[8.931367907030832,39.053702913481615],[8.819559130175364,38.976913057524584]]]]}},{"type":"Feature","properties":{"name":"Teutonic Knights","subject":"Teutonic Knights","partOf":"Teutonic Knights","borderPrecision":1,"color":"#a88992"},"geometry":{"type":"MultiPolygon","coordinates":[[[[27.65084223773919,56.27996199191689],[27.37053292420636,55.71934336485123],[26.245430387074208,55.89609317211597],[25.30739744607341,56.48853502959016],[24.714955588599217,56.34042456522161],[22.74542925091462,56.350039320300105],[21.90450131031612,56.350039320300105],[21.141797875946047,56.12729915620206],[21.31027576029526,55.51305839899451],[21.66960083983667,55.51305839899451],[22.028925919378082,55.2563976278935],[21.92626161093768,54.94840470257229],[22.131590227818485,54.79440823991168],[22.080258073598287,54.58907962303088],[22.18292238203869,54.53774746881068],[22.234254536258888,54.12709023504906],[21.464272222955863,53.81909730972785],[21.10494714341445,53.81909730972785],[20.80980619721845,53.63757257198401],[20.709395381809642,53.75806555047458],[20.428245098664974,53.77814771355634],[20.386296984331626,53.511104384406636],[20.078304059010414,53.511104384406636],[20.078304059010414,53.665100847067244],[19.564982516808396,53.45977223018644],[19.205657437266982,53.25444361330563],[18.948996666165975,53.25444361330563],[18.58967158662456,53.100447150645024],[18.281678661303353,53.357107921746035],[18.684934699163794,54.25402242200741],[18.964976343615305,54.227584444243334],[19.25500396202351,54.27719458218279],[19.733597788317454,54.461173616606615],[19.757716211779368,54.45917471523943],[19.317608866198313,54.27167852993669],[19.23206237266804,54.222072206694506],[19.230307611925852,54.16696890469255],[19.32809928367878,54.16145285244646],[19.45682242821003,54.21656378384294],[19.570403223141703,54.25508398136884],[19.733119043810618,54.310268007475756],[19.91458180722741,54.394662508857884],[19.97753814171101,54.423942171294115],[20.18864539573933,54.52197607632341],[20.326712641222727,54.56400641079607],[20.194232019884836,54.57504614468279],[20.00570395897175,54.54745825405779],[19.938118967516672,54.608172975737475],[19.88181022117878,54.52537878628435],[19.833247217638743,54.53089865322771],[19.863169702990305,54.75173147793474],[19.942570719225657,54.84985693569841],[20.127097162707102,54.845641695219896],[20.797150644762766,54.817977510649584],[20.98520377586628,54.81164129849138],[21.13734343956257,54.845458589751146],[21.19194320152546,54.959579073149584],[21.113345179064524,55.08924444790544],[21.223853144152415,55.111449800688646],[21.19312194298054,55.16635092373552],[21.162322077257883,55.22138174648943],[21.143034967882883,55.25583990688982],[21.200932535631907,55.26139410610857],[21.21629622886921,55.3436656820363],[21.018450769884836,55.63400992031755],[21.014815363390696,55.69705542202654],[20.99595740745808,56.024127565581225],[20.94544890831257,56.06995733853044],[20.916007074816477,56.096671663481615],[20.949046167834055,56.473189912993334],[20.964827570421946,56.60902365322771],[21.022051844103586,56.6838756429738],[21.324379953844797,56.854415498930834],[21.339747461779368,57.17707022305193],[21.45958808372761,57.24960669155779],[21.57951453636433,57.37260016079607],[21.677331003649485,57.46365698452654],[21.810254129870188,57.4753795492238],[22.285403284533274,57.56504019375505],[22.359927210314524,57.58566626187029],[22.432965311510813,57.615558229643725],[22.563637766344797,57.615558229643725],[22.58542159508015,57.508651338774584],[22.881373438341868,57.3341441976613],[23.07088950584675,57.261317812163256],[23.174664530260813,57.04849203701677],[23.215449366076243,56.98066671963396],[23.41446975181843,56.892413698393725],[23.767813715441477,56.8658824789113],[24.158383402331125,56.97548636074724],[24.266305002672922,57.03014715786638],[24.346499475939524,57.159720979887865],[24.322939905627024,57.33689077969255],[24.23618606041218,57.72816046353044],[24.325442347033274,57.83747061367693],[24.34564879844929,57.86221655483904],[24.415644678576243,57.94793280239763],[24.41440108726765,58.105887972075365],[24.49678519676472,58.213153444487475],[24.331091913683665,58.30793341274919],[24.05835059593464,58.111529909331225],[23.90806868980671,58.22444876309099],[23.670859369738352,58.24138983364763],[23.69046500633503,58.665484987456225],[23.511870417101633,58.58087500210466],[23.36081984947468,58.767421327788256],[23.43197921226765,58.8580814230031],[23.337885889513743,58.97239264126482],[23.456978830797922,59.005492769438646],[23.41575721214558,59.11896475430193],[23.57018378685261,59.13807257290544],[24.032107386095774,59.17574270840349],[23.948000017243686,59.16888370404382],[24.52041938324108,58.708498299585365],[25.313149652001265,59.151698987422826],[26.458204484654857,59.11780840527421],[26.546285625628208,58.66271956910061],[27.663288210999713,58.95605697043894],[27.661188779828123,58.93755803507683],[27.51068758097277,57.611431231197855],[27.60590255435066,56.706888984107934],[27.65084223773919,56.27996199191689]]]]}},{"type":"Feature","properties":{"name":"Navarre","subject":"Navarre","partOf":"Navarre","borderPrecision":1,"color":"#a88992"},"geometry":{"type":"MultiPolygon","coordinates":[[[[-2.142923348755842,43.331471028881836],[-2.065644708173025,43.333270631987475],[-1.914577808873403,43.30541571255388],[-1.702391829983938,43.19593771572771],[-1.491382804410208,43.209621034819506],[-1.465651360051382,43.15488775845232],[-1.557671156422842,43.04543264980974],[-1.515127864377249,42.99756201382341],[-1.447552409665334,42.983878694731615],[-1.397272315518606,43.031756960112475],[-0.907353666321981,42.88129767056169],[-1.664297551499534,42.12541942266957],[-1.604866036927435,41.76883033523699],[-2.130006796834982,41.81657040431949],[-2.258612697220503,41.82826184980909],[-2.3180442117926,42.065987908097476],[-2.080318153504212,42.065987908097476],[-2.199181182648406,42.24428245181377],[-2.674633299225183,42.42257699553006],[-2.555770270080988,43.076323655823124],[-2.139749668076309,43.13575517039523],[-2.142923348755842,43.331471028881836]]]]}},{"type":"Feature","properties":{"name":"Bornu-Kanem","subject":"Bornu-Kanem","partOf":"Bornu-Kanem","borderPrecision":1,"color":"#a88992"},"geometry":{"type":"MultiPolygon","coordinates":[[[[8.358129534228098,3.088348947722338],[8.336313280565989,3.18652208920183],[8.358129534228098,3.31741865750017],[8.467210802538645,3.361051641661547],[8.4781189293697,3.426500164229296],[8.4781189293697,3.557397686201952],[8.554475817187082,3.601029955107592],[8.630832705004465,3.655570589262865],[8.729005846483957,3.633754335600756],[8.82717898796345,3.611938320357226],[8.870811495287668,3.524673067290209],[8.783546480639231,3.448316179472826],[8.718097719652903,3.339234911162279],[8.64174083183552,3.18652208920183],[8.576292070849192,3.066532455641649],[8.358129534228098,3.088348947722338]]],[[[10.726510310701428,11.291084884233328],[10.46185646941483,12.47375118639364],[10.070016651836823,14.22477715239241],[10.807099158507285,14.593318405727643],[11.765306417178873,16.214899920402644],[11.986431169180012,20.342561957757212],[12.428680673182285,21.00593621376062],[13.313265659723275,20.972940619143642],[15.008469446528892,15.035567909729917],[15.819260203866392,14.298485403059459],[15.819260203866392,13.119153392386728],[14.712640872177422,12.506980996133255],[12.354972422515246,11.202738875043536],[11.925651989797696,11.226030019872189],[10.726510310701428,11.291084884233328]]]]}},{"type":"Feature","properties":{"name":"Morocco","subject":"Morocco","partOf":"Morocco","borderPrecision":1,"color":"#8aa0a8"},"geometry":{"type":"MultiPolygon","coordinates":[[[[-2.192973938481558,35.0542484151906],[-2.076577034489858,34.825675569731615],[-1.823284712331045,34.69997366543474],[-1.738150325314749,34.605094515044115],[-1.66398951102947,34.20505484219255],[-1.673919525639761,33.82995184536638],[-1.681131210820425,33.25781592007341],[-1.610150661961782,33.04845007534685],[-1.802211619772074,32.42724029347477],[-9.62504383613323,30.406100832182787],[-9.817042317883718,30.755221925932787],[-9.857763257519949,31.06018980618181],[-9.813266721265066,31.289060198027514],[-9.635323491589773,31.575402818877123],[-9.317557302014578,31.963718019682787],[-9.222252812878835,32.25624807949724],[-9.250766721265066,32.4214244710988],[-9.218686070935476,32.5803600179738],[-8.640263524548757,33.12173422451677],[-8.314414945142019,33.33848150845232],[-7.9024061827824,33.48548849697771],[-7.332620587842214,33.69637259121599],[-7.004007783429373,33.874984346587084],[-6.752974477307546,34.123351656157396],[-6.511472192303884,34.45429953213396],[-6.472049931221473,34.530940245135376],[-6.302049127118337,34.86143835659685],[-5.928758588330496,35.72785910244646],[-5.807887044446218,35.78541525479021],[-5.565000024335134,35.8623424398488],[-5.479359117047537,35.80520590420427],[-5.171789613263357,35.42376288052263],[-5.109631505505789,35.37931402798357],[-4.592977490918386,35.15118750210466],[-4.295350995557058,35.151786409575365],[-4.027887788312185,35.13323553677263],[-3.440804210202444,35.166278444487475],[-3.205772367017019,35.268607698637865],[-3.009028163449514,35.389979921538256],[-2.829877105252493,35.14205893154802],[-2.714807000653494,35.097743593413256],[-2.355662789838064,35.05391653652849],[-2.325944383435429,35.053977160872904],[-2.192973938481558,35.0542484151906]]]]}},{"type":"Feature","properties":{"name":"Mali","subject":"Mali","partOf":"Mali","borderPrecision":1,"color":"#b69578"},"geometry":{"type":"MultiPolygon","coordinates":[[[[-15.325388875500906,11.926575266081713],[-15.32538887550091,11.926575266081713],[-15.549581494824636,11.919748865324877],[-15.736251798169363,11.843088709074877],[-15.808596578137625,11.84292086239519],[-16.08601566840862,11.969427667815111],[-16.247872319714773,12.102531992155932],[-16.278988805310476,12.210499368864916],[-16.424529042737234,12.248307787138842],[-16.566605535046804,12.309811197478197],[-16.570601430432546,12.311540209013842],[-16.69579407264446,12.412958704192064],[-16.772099462048757,12.597077928740404],[-16.725502934949148,12.787829004485033],[-16.76820847083782,13.03539904232683],[-16.776349034802664,13.124526582915209],[-16.77557274390911,13.145343385893725],[-16.76711746741985,13.35967596646013],[-16.68941208411907,13.448810182768725],[-16.494280782239187,13.474656664091967],[-16.452353444592703,13.54464968319597],[-16.45510384132122,13.571074091154955],[-16.458260503308523,13.601410471159838],[-16.470890965955007,13.722545229155443],[-16.640429463879812,13.842927538115404],[-16.671059575574148,13.912758432585619],[-16.696700063245046,14.077932916838549],[-16.870419469372976,14.363524996001146],[-17.03325803864763,14.564789325170201],[-17.050065007703054,14.585562311369799],[-17.220538106457937,14.725009523589037],[-17.43318077613567,14.807168565947435],[-17.190234151379812,14.96020372982683],[-16.864769902722585,15.2977147924489],[-16.600319829480398,15.749488435942553],[-16.450055089490164,16.11839064236345],[-16.40569969703411,16.489955507475756],[-16.37880417396282,16.71591147061052],[-16.125475850598562,17.30111464138689],[-16.04107281257366,17.66987761135759],[-7.711186042968258,17.875545035939695],[-0.47785827660806,18.757658178178744],[0.757100122526605,18.757658178178744],[4.285552691482803,18.05196766438751],[5.344088462169662,17.169854522148455],[5.167665833721848,15.052782980774737],[4.285552691482803,13.994247210087877],[-1.35997141884711,10.818639898027314],[-3.477042960220825,10.289372012683884],[-6.829072900729209,10.112949384236067],[-15.158031430737722,11.876103006560228],[-15.325388875500906,11.926575266081713]]]]}},{"type":"Feature","properties":{"name":"Makkura","subject":"Makkura","partOf":"Makkura","borderPrecision":1,"color":"#8aa0a8"},"geometry":{"type":"MultiPolygon","coordinates":[[[[37.47998717735554,18.819871507841967],[37.76123717735554,18.642554842192553],[38.0285978646114,18.477939211089037],[38.306651148302805,18.24978407498064],[38.527468714220774,18.161315523344896],[38.641741785509836,18.06071051235857],[38.685671839220774,18.002805315215014],[38.90385722093653,17.364074841192043],[35.15598421728055,15.511481814739057],[32.78486409094198,15.285660850325858],[30.97829637563641,15.624392296945654],[29.510460106950635,20.027901103002982],[30.075012517983623,20.70536399624257],[30.97829637563641,20.93118496065577],[33.123595537561776,20.592453514035974],[37.47998717735554,18.819871507841967]]]]}},{"type":"Feature","properties":{"name":"Hadramaut","subject":"Hadramaut","partOf":"Hadramaut","borderPrecision":1,"color":"#b3a46e"},"geometry":{"type":"MultiPolygon","coordinates":[[[[46.33527120463091,14.096846193905204],[46.659412505366426,15.424765841972887],[47.83758652372263,16.42168231904352],[50.511135257684785,17.146712484185798],[53.955028542110604,19.729632447505164],[56.94577797332251,20.635920153933014],[57.93127349327351,20.400937639433764],[57.80608275841023,20.171960436064623],[57.77755263756062,19.669990144926928],[57.778426203234446,19.31421049709978],[57.83862975548054,19.03480681057634],[57.65703490684773,18.970885835844896],[57.18620971153523,18.938108049590014],[56.90431121300007,18.81680067654314],[56.73888686607624,18.689376436430834],[56.608599695666086,18.466741167265795],[56.549361261828196,18.218829714018725],[56.4575529427364,18.09156187649431],[56.2575903267696,17.97677382107439],[56.01284316490437,17.93178518887224],[55.88154509971882,17.931510530669115],[55.70811751793171,17.95018347378435],[55.561072382433665,17.937171541411303],[55.38948729942585,17.8097415792531],[55.290408167345774,17.676099382597826],[55.23443511436726,17.44726141567888],[55.23563674400593,17.28843458767595],[55.19483855675007,17.148564897734545],[54.91061309288288,16.97005995388689],[54.756079706652415,16.95067175503435],[54.40687468956257,17.045220934111498],[54.08425811241413,17.01911886807146],[53.681250605089915,16.897540651518725],[53.33573440025593,16.763379656035326],[53.208453211291086,16.718633257109545],[53.02094939659382,16.653768144804857],[52.894324335558665,16.60995253201189],[52.65216735313679,16.488719545561693],[52.35659697960163,16.233945451933764],[52.23764327476765,16.10025557156267],[52.16285613487507,15.871372781950853],[52.135169062121165,15.687059961516283],[51.95041182945515,15.540526949126146],[51.59900174748453,15.378753642468041],[51.312563929064524,15.246890627104662],[50.29111770103718,14.958784662444017],[49.71286300133015,14.773288332182787],[49.33384993980671,14.632695757109545],[49.17317870567585,14.498915277678392],[48.96038726280476,14.21889742489519],[48.76460174034382,14.097749315459154],[48.536746057970774,14.046437822539232],[48.270144495470774,14.077626787382982],[48.0361662239864,14.045357309538744],[47.662295374377024,13.847587190825365],[47.36957457969929,13.6690526830739],[46.939394983752024,13.490221582610033],[46.877734106218426,13.473871601683081],[46.711331972808495,13.935677293257665],[46.33527120463091,14.096846193905204]]]]}},{"type":"Feature","properties":{"name":"Muscat","subject":"Muscat","partOf":"Muscat","borderPrecision":1,"color":"#b47c6f"},"geometry":{"type":"MultiPolygon","coordinates":[[[[54.77081969688679,24.73348196621599],[55.09080031822468,25.02003630276384],[55.457198175890696,25.420184694487475],[55.53048613975788,25.37295492764177],[55.633460077746165,25.4531741964406],[56.01545623253132,25.771625124174975],[56.15673354576374,25.9664798605031],[56.29730895469929,26.15973051663103],[56.36705306480671,26.23611982937517],[56.40502837608601,25.861381136137865],[56.214846643908274,25.543342195708178],[56.16130736778523,25.47334440823259],[56.28163579109504,25.46239995693982],[56.36601928184773,25.454724870879076],[56.406260523302805,25.308688722807787],[56.40648177574421,25.07998427029314],[56.405257257921946,24.918748460966967],[56.40537551353718,24.8195072042531],[56.610796961291086,24.47688253994646],[56.79418853233601,24.26761397000017],[57.146197351916086,23.9824710714406],[57.396296877561824,23.83704082328193],[57.45101455162312,23.805223070341967],[57.90421584556843,23.571113191801928],[58.08071807335163,23.501605592924975],[58.20529464195515,23.495515428740404],[58.46465590904499,23.50877150173845],[58.62849334190632,23.4582954275197],[59.02163604210163,23.020764909941576],[59.25432113121296,22.72900541897478],[59.46142104576374,22.538865648466967],[59.82569030235554,22.37445219631853],[59.837283167345774,22.279178224760912],[59.53569320152546,21.8020511495656],[59.25884917686726,21.47744711514177],[58.86135390709187,21.11447676296892],[58.774060503784106,20.941229844505894],[58.51204970787312,20.421229921538256],[58.403086695177805,20.357472978789232],[58.15044692466999,20.39505537625017],[58.04437163780476,20.43295057888689],[57.93127349327351,20.400937639433764],[56.78285797913236,22.290627166423207],[55.55439193272457,23.519093212831],[54.77081969688679,24.73348196621599]]]]}},{"type":"Feature","properties":{"name":"minor Hindu kingdoms","subject":"minor Hindu kingdoms","partOf":"minor Hindu kingdoms","borderPrecision":1,"color":"#b3a46e"},"geometry":{"type":"MultiPolygon","coordinates":[[[[84.30392613648812,20.751919204121563],[81.86185280153937,18.730193974415585],[79.32813168485968,17.23299513274122],[79.43194022856,16.017480187767116],[80.45975783775593,15.773146234709642],[80.30021956871296,15.645742975432299],[80.16343215416218,15.39131888027849],[80.08940413902546,15.175155245024584],[80.0870695442989,14.94643362637224],[77.44999264222808,14.197203801854247],[77.30546722500364,13.76362755018091],[78.02809431112587,11.74027170903867],[78.1596335770094,11.06481724294239],[76.07506087730671,10.553955637175463],[75.65175155113484,11.423489175993822],[75.5906967808219,11.517517622322632],[75.21094039390827,12.10236796017351],[74.96174148033406,12.876961313444994],[74.77759773629309,13.527907139134715],[74.73362258384968,13.68335875149431],[74.70298936199268,13.751270509405119],[74.42143634905956,14.375454284217641],[74.40150741050984,14.419635378081225],[74.37707415176834,14.461922599128645],[74.15313195012304,14.849504684801884],[74.03218368004109,15.058832727629564],[73.84143355797077,15.390475832182787],[73.57273391197468,16.037927232939623],[73.50805146578091,16.243956660290955],[73.49423716325276,16.287958596003243],[73.40928939293171,16.558538042265795],[73.39573464238468,16.616407518475278],[73.18471275450153,17.51732606198986],[73.06422713707234,18.031716905791185],[72.97611020320149,18.538566210781177],[72.85335067222859,19.244680010039232],[72.78251174400593,19.94968756313982],[72.75949386070515,20.057649217802904],[72.86443618248249,20.311982713896654],[73.10968306968952,20.687320314604662],[73.11286452720906,20.827090822417162],[72.93113234947468,20.95375784512224],[72.76573470543171,21.150355898100756],[72.71466353843952,21.436120592314623],[72.66594222496296,21.848943315703295],[72.69562056968952,22.12853582974138],[72.31904891441609,22.11503180142107],[72.23298171470906,22.019551836211107],[72.12713912437702,21.828742586333178],[72.13103774498249,21.746179186064623],[72.25569442222859,21.632083498198412],[72.28899672935749,21.54956968899431],[72.25619796226765,21.352563463408373],[72.1208601326778,21.155339800078295],[71.89442733238484,20.989677034575365],[71.52892592857624,20.823730074126146],[71.30259231041218,20.772426210600756],[71.0244474739864,20.657476030547045],[70.85505202720906,20.650762163359545],[70.46747878502156,20.77700003262224],[70.20994857261921,20.94797857876482],[69.75222304771687,21.398070894438646],[69.12606337974812,21.96850737209978],[68.8941755623653,22.285655580717943],[69.01423171470906,22.30496748562517],[69.49224379966999,22.24880941982927],[69.76916793297077,22.287507616240404],[69.96852401207234,22.35145720120134],[70.17620376060749,22.478955827910326],[70.41056350181843,22.752622209746264],[70.3806486458614,22.860560976225756],[70.31022170494343,22.82864340420427],[70.04594710777546,22.777261339384935],[69.66488936851765,22.789163194853685],[69.39181807945515,22.8394046651906],[69.10719588707234,22.898904405791185],[68.88241103599812,22.99714811917009],[73.18649283410694,24.675296550626562],[73.98138262884139,24.45850842478989],[74.19817075467806,23.952669464504332],[73.54780637716806,21.784788206137648],[73.76459450300472,21.495737371688755],[75.13758596663696,21.206686537239868],[79.11203494030921,21.85705091474987],[79.4010857747581,22.218364457810985],[79.4010857747581,23.374567795606545],[79.90692473504366,23.446830504218774],[80.48502640394145,23.30230508699433],[80.70181452977812,22.796466126708765],[82.00254328479814,22.868728835320994],[82.36385682785924,22.65194070948432],[83.1587466225937,21.568000080300976],[84.30392613648812,20.751919204121563]]]]}},{"type":"Feature","properties":{"name":"Sultanate of Delhi","subject":"Sultanate of Delhi","partOf":"Sultanate of Delhi","borderPrecision":1,"color":"#8aa0a8"},"geometry":{"type":"MultiPolygon","coordinates":[[[[68.23649729416968,29.37237261042104],[69.82627688363858,31.757041994624394],[71.00797290748199,33.054590569824995],[71.66897595325027,33.78039783576664],[72.79127117046276,34.22479658505415],[72.82517929104583,34.06944867021553],[73.11423012549471,33.274558875481084],[73.47554366855583,32.98550804103219],[80.05398091946621,29.981535549447877],[83.73995815744011,28.204841485100737],[86.23137003639518,27.003945111791463],[88.66374230840769,26.414279106455098],[90,25.686974471197676],[90,25.325660928136564],[90,24.96434738507545],[90,22.979495607573412],[90,22.922177873808764],[90,22.68076094265642],[90,22.325391374785326],[90,22.1348090993947],[90,22.05844648953142],[90,22.019904695708178],[90,21.93025358792009],[89.90268996666218,22.107825838286303],[89.86968520591999,22.1332279073781],[89.79633620689656,21.832069002348803],[89.6701765389278,21.719838701445482],[89.57895186851765,21.700582109648607],[89.45661452720906,21.94171293850603],[89.23388198326374,21.655381761748217],[89.07225326011921,21.774339281279467],[88.99476912925984,21.629476152617357],[89.02553847740437,21.546960436064623],[88.88093856285359,21.514886461455248],[88.72346023033406,21.53995283718767],[88.65697768638874,21.857440553862475],[88.56759932945515,21.89536627407732],[88.45388320396687,21.736314378935717],[88.37705520103718,21.577336870390795],[88.2995710701778,21.551770769316576],[88.24792769859577,21.596122347075365],[88.12160781334187,21.86265143032732],[88.05304244468952,21.938741289336107],[87.86748794029499,21.696960054594896],[87.64071944664265,21.563081346709154],[87.19423964927937,21.384255968291185],[86.93719771812702,21.288428865630053],[86.81869796226765,21.186534486967943],[86.79619124840046,21.1356693136281],[86.84421065758015,20.875316225249193],[86.92611220787312,20.69125898953142],[86.77521041343952,20.468600832182787],[86.6378507942989,20.31910666104021],[86.63238051841999,20.203647218901537],[86.38562301109577,20.016744219023607],[86.11916640709187,19.806542955595873],[85.9089460701778,19.723508440215014],[85.71477797935749,19.697682939726732],[85.37910750816609,19.60537489529314],[84.6843318434497,20.21248106062526],[84.30392613648812,20.751919204121563],[83.1587466225937,21.568000080300976],[82.36385682785924,22.65194070948432],[82.00254328479814,22.868728835320994],[80.70181452977812,22.796466126708765],[80.48502640394145,23.30230508699433],[79.90692473504366,23.446830504218774],[79.4010857747581,23.374567795606545],[79.4010857747581,22.218364457810985],[79.11203494030921,21.85705091474987],[75.13758596663696,21.206686537239868],[73.76459450300472,21.495737371688755],[73.54780637716806,21.784788206137648],[74.19817075467806,23.952669464504332],[73.98138262884139,24.45850842478989],[73.18649283410694,24.675296550626562],[68.88241103599812,22.99714811917009],[68.79081252525593,23.028724275786303],[68.37294295738484,23.326415621001146],[68.0721769661739,23.67518766995134],[68.04699996422077,23.764070116240404],[67.69232467125202,23.814155183989428],[67.48602584312702,23.928060136992357],[67.31589034508015,24.092885576445482],[67.2042341561153,24.588166795927904],[67.1535978646114,24.65159186001482],[66.99953750084187,24.714782320219896],[66.70171645591999,24.752278886992357],[66.65421584556843,24.783935152251146],[66.64811232994343,24.90462454434099],[66.70050338218952,25.114379488188646],[66.62050918052937,25.31748541470232],[66.43233016441609,25.488610826689623],[66.30008986900593,25.494687639433764],[67.74817373612484,28.39449734646444],[68.23649729416968,29.37237261042104]]]]}},{"type":"Feature","properties":{"name":"Kashmir and Ladakh","subject":"Kashmir and Ladakh","partOf":"Kashmir and Ladakh","borderPrecision":1,"color":"#b3a46e"},"geometry":{"type":"MultiPolygon","coordinates":[[[[72.79127117046276,34.22479658505415],[74.659174681669,34.9644361838324],[76.01377130856017,35.49663716530693],[78.4526377242227,35.135323622245814],[81.25281768294633,35.31598039377637],[81.79462389462604,34.76804767338405],[81.794787997538,34.503024921888866],[81.25281768294633,34.05138299306247],[79.89789189646716,34.05138299306247],[79.80756351070187,33.057770749644405],[80.07854866799771,31.883501734695784],[79.80756351070187,31.160874648573557],[79.80756351070187,30.709232719747167],[80.05398091946621,29.981535549447877],[73.47554366855583,32.98550804103219],[73.11423012549471,33.274558875481084],[72.82517929104583,34.06944867021553],[72.79127117046276,34.22479658505415]]]]}},{"type":"Feature","properties":{"name":"Chagatai Khanate","subject":"Mongol Empire","partOf":"Mongol Empire","borderPrecision":1,"color":"#8b7fa6"},"geometry":{"type":"MultiPolygon","coordinates":[[[[60.025647028105865,42.361594483468096],[63.54845407295173,45.25210282795702],[70.50373977687818,50.129835659282065],[79.17526481034493,49.40720857315983],[82.42708669789495,49.587865344690385],[85.67890858544497,50.310492430812616],[88.38876015840334,50.4008208165779],[90,50.07330645934762],[93.80846330432006,49.67819373045566],[93.26649298972838,49.136223415863995],[93.80846330432006,48.59425310127232],[93.80846330432006,48.05228278668065],[90,46.42637184290564],[90,43.89717704147783],[92.00189558901448,41.909952554641706],[81.25281768294633,35.31598039377637],[78.4526377242227,35.135323622245814],[76.01377130856017,35.49663716530693],[74.659174681669,34.9644361838324],[72.79127117046276,34.22479658505415],[71.66897595325027,33.78039783576664],[71.00797290748199,33.054590569824995],[69.82627688363858,31.757041994624394],[67.8842165896851,36.85156295178611],[67.34224627509343,37.21287649484722],[66.70994757473647,37.21287649484722],[66.52929080320592,38.1161603525],[64.63239470213507,38.838787438622234],[63.729110844482285,39.47108613897919],[62.103199900707274,40.37436999663197],[62.01287151494199,41.187325468519475],[61.10958765728921,41.187325468519475],[60.025647028105865,42.361594483468096]]]]}},{"type":"Feature","properties":{"name":"Poland","subject":"Poland","partOf":"Poland","borderPrecision":1,"color":"#8f9a74"},"geometry":{"type":"MultiPolygon","coordinates":[[[[21.768063558826285,49.74367772256412],[21.316853343510925,49.86400044664822],[21.28659832479811,49.77323539050977],[21.13532323123402,49.833745427935405],[20.98404813766993,49.742980371796946],[20.89328308153148,49.833745427935405],[20.802518025393027,49.833745427935405],[20.89328308153148,49.742980371796946],[20.681497950541754,49.652215315658495],[20.530222856977666,49.80349040922258],[20.34869274470076,49.742980371796946],[20.015887538859765,49.80349040922258],[19.89486746400849,49.47068520338159],[19.713337351731585,49.53119524080722],[19.562062258167497,49.53119524080722],[19.562062258167497,49.71272535308413],[19.38053214589059,49.80349040922258],[19.13849199618805,49.71272535308413],[19.10823697747523,49.59170527823286],[18.926706865198327,49.62196029694568],[18.896451846485505,49.71272535308413],[18.796315226061594,49.71344717617693],[18.7690687689537,50.176988041068746],[18.745633522312637,50.266041978304784],[18.64603658024246,50.64451035817146],[18.14006119968632,50.987658935098196],[17.63976762351714,51.43687995776668],[17.552547491302498,51.65493028830329],[17.290887094658565,51.78576048662526],[17.20366696244392,51.61132022219597],[16.854786433585346,51.65493028830329],[16.854786433585346,51.916590684947224],[16.505905904726767,52.178251081591156],[16.505905904726767,52.00381081716186],[16.095099081995798,52.12417459961807],[15.764534780902293,52.265471213805796],[15.760173774291564,52.57074167655705],[15.815994658908938,52.57074167655705],[15.843905101217622,52.71029388810048],[16.053120673865045,52.71644728729599],[16.203755181044727,53.34332759862226],[16.41554031203445,53.52485771089917],[16.203755181044727,53.70638782317607],[16.657580461736995,53.85766291674016],[16.808855555301083,53.464347673473526],[16.808855555301083,53.85766291674016],[16.687835480449813,54.03919302901707],[16.99038566757799,54.19046812258115],[17.111405742429262,54.12995808515552],[17.746761135398433,54.4325082722837],[17.65761283348347,54.6854625570363],[18.279448542101633,54.724120699126146],[18.759530100329172,54.5364147054738],[18.36291602562214,54.66889151211443],[18.338496241076243,54.602645479399584],[18.453806910021555,54.52537878628435],[18.51315597008015,54.315780245024584],[18.673077616198313,54.25514181729021],[18.684934699163794,54.25402242200741],[18.281678661303353,53.357107921746035],[18.58967158662456,53.100447150645024],[18.948996666165975,53.25444361330563],[19.205657437266982,53.25444361330563],[19.564982516808396,53.45977223018644],[20.078304059010414,53.665100847067244],[20.078304059010414,53.511104384406636],[20.386296984331626,53.511104384406636],[20.428245098664974,53.77814771355634],[20.709395381809642,53.75806555047458],[20.80980619721845,53.63757257198401],[21.10494714341445,53.81909730972785],[21.464272222955863,53.81909730972785],[21.358384324327346,53.19726252285008],[21.358384324327346,52.609517688444924],[21.358384324327346,52.28299278044206],[21.750214213930782,52.02177285403977],[21.68490923233021,51.564637982835755],[21.42368930592792,51.49933300123518],[21.750214213930782,50.78097820362888],[21.768063558826285,49.74367772256412]]]]}},{"type":"Feature","properties":{"name":"Lithuania","subject":"Lithuania","partOf":"Lithuania","borderPrecision":1,"color":"#b69578"},"geometry":{"type":"MultiPolygon","coordinates":[[[[22.234254536258888,54.12709023504906],[22.18292238203869,54.53774746881068],[22.080258073598287,54.58907962303088],[22.131590227818485,54.79440823991168],[21.92626161093768,54.94840470257229],[22.028925919378082,55.2563976278935],[21.66960083983667,55.51305839899451],[21.31027576029526,55.51305839899451],[21.141797875946047,56.12729915620206],[21.90450131031612,56.350039320300105],[22.74542925091462,56.350039320300105],[24.714955588599217,56.34042456522161],[25.30739744607341,56.48853502959016],[26.245430387074208,55.89609317211597],[27.37053292420636,55.71934336485123],[27.301137649979484,55.35232691566898],[27.692967539582924,54.960497026065546],[27.692967539582924,54.503362154861534],[27.105222705177766,53.91561732045638],[27.039917723577197,52.936042596447784],[26.12564798116917,52.74012765164606],[25.79912307316631,52.28299278044206],[23.38283875394511,52.34829776204263],[22.599178974738233,52.936042596447784],[22.234254536258888,54.12709023504906]]]]}},{"type":"Feature","properties":{"name":"Bulgar Khanate","subject":"Bulgar Khanate","partOf":"Bulgar Khanate","borderPrecision":1,"color":"#a88992"},"geometry":{"type":"MultiPolygon","coordinates":[[[[20.99418346540108,44.70007972459091],[21.358384324327346,44.772919896376166],[22.07673912193365,44.4463949883733],[22.337959048335943,44.772919896376166],[22.664483956338806,44.64230993317502],[22.468569011537088,44.38109000677273],[22.9257038827411,44.18517506197101],[22.9257038827411,43.79334517236757],[23.513448717146257,44.054565098769864],[24.231803514752556,43.79334517236757],[24.623633404356,43.98926011716929],[25.472598165163447,43.728040190767],[26.45217288917204,44.250480043571585],[27.954187465985218,44.250480043571585],[28.084797429186366,44.577004951574445],[27.82357750278407,44.838224877976735],[28.01860651185924,45.3154810971337],[28.36834704302339,45.33088004715959],[28.402156507925586,45.35938606658693],[29.06437215319496,45.1647497859796],[29.710764917834055,45.25833471890154],[29.578961405260813,45.05750235195818],[29.457522425158274,44.91514929409685],[29.26158240745808,44.8954234945363],[29.089749369128,44.875732027251146],[28.918236765368235,44.76575049038591],[28.686247858507883,44.48805197354021],[28.57311347435261,44.19782217617693],[28.529885324938547,43.843471132475756],[28.51010611961628,43.74307592983904],[28.480538401110422,43.592284761626146],[28.44569304893757,43.476363741118334],[28.328095468981516,43.437526308257006],[28.18705848167683,43.450118623930834],[28.034638437731516,43.39190252896013],[27.887320551378977,43.0635257589406],[26.64808783397376,42.55255052195668],[26.582782852373185,41.83419572435038],[26.060342999568604,42.09541565075267],[24.297108496353133,42.030110669152094],[21.4889942875285,42.87907542995954],[21.684909232330213,43.728040190767],[20.99418346540108,44.70007972459091]]]]}},{"type":"Feature","properties":{"name":"Novgorod","subject":"Novgorod","partOf":"Novgorod","borderPrecision":1,"color":"#8f9a74"},"geometry":{"type":"MultiPolygon","coordinates":[[[[28.09257247665585,56.792404743476695],[28.017410311051872,56.566918246664756],[27.822714884755612,56.72547289814264],[27.60590255435066,56.706888984107934],[27.51068758097277,57.611431231197855],[27.661188779828123,58.93755803507683],[27.663288210999713,58.95605697043894],[27.702038797838938,59.297504030424975],[27.893597635729563,59.34611090298357],[28.015851053698313,59.454154573637865],[28.013093027575266,59.45822104092302],[27.973393473131907,59.51671179409685],[27.896657022936594,59.53378256436052],[27.941687616808665,59.64759787197771],[28.094189676745188,59.66467627163591],[28.163104090197336,59.590682588774584],[28.26633742759968,59.56222876187029],[28.350983652575266,59.60206183071794],[28.309100183947336,59.66440161343279],[28.4443636269405,59.73374136563005],[28.662732157213938,59.644340120512865],[28.79593375633503,59.67222174282732],[28.936268839342844,59.824550234038256],[29.076066050036204,59.907794557768725],[29.41362861107136,59.860030733305834],[29.765452417834055,59.7362438070363],[29.963156733019602,59.736617647368334],[30.126639399035227,59.80604513760271],[29.95287421654011,59.98558386440935],[29.68729690025593,60.131000124174975],[28.665709168978292,62.20874538664886],[27.231594534992126,63.35447998456054],[30.603998127121553,64.93804540067741],[34.293414148791086,65.39624365444841],[34.332015070421946,65.3455081808156],[34.425662073595774,65.10652502651872],[34.772864374621165,64.68222387905779],[34.814768824084055,64.45981939907732],[34.88461211632038,64.3667713033742],[35.081763300402415,64.28833349819841],[35.62327102134968,64.2535663473195],[36.01547149132038,64.19702490444841],[36.23997024009968,63.91862066860857],[36.42062285850788,63.87610205288591],[36.98754027794148,63.841483675200365],[37.24650863121296,63.784877382475756],[37.410540613634836,63.749496065337084],[37.59146026085163,63.806937776762865],[37.94491866539265,63.850394808012865],[38.054080042345774,63.98631628628435],[38.05385878990437,64.12927588101091],[37.87985518883015,64.30789526577654],[37.668128046496165,64.3433109151906],[37.46328643272663,64.29996069546404],[37.26195052574421,64.3138919698781],[36.996741327746165,64.40655859585466],[36.56850722740437,64.7645755636281],[36.88390639732624,65.0676990377492],[37.10194304893757,65.06812628384294],[37.60409453819538,64.85277136440935],[38.25292113731648,64.70306738491716],[39.19344237755085,64.5110355245656],[39.62159636925007,64.47596319790544],[39.99705031822468,64.54121740933122],[40.32217315147663,64.46293219204607],[40.43979171226765,64.56356390591326],[40.46206191490437,64.75027807827654],[40.365950617296946,64.85792883511247],[39.979388269884836,65.15314062710466],[39.823103937609446,65.43561133022966],[39.9513273567989,65.58116491909685],[40.036868128283274,65.60313757534685],[40.681407007677805,65.79355963345232],[41.35424712608601,65.95517309780779],[41.62328246544148,66.06516607876482],[42.1334448189571,66.3878894674367],[42.21078780601765,66.41000708218279],[42.41852477501179,66.38109930630388],[43.241431269152415,66.25089605923357],[43.87621978233601,66.01096686001482],[44.02943328331257,66.01124914761247],[44.052840265734446,66.04050024624529],[48.00281681736112,64.95215921095321],[51.26806589738977,63.25422968933831],[53.09660538220581,61.49099518612284],[54.72922992222013,58.878795922099926],[54.92163183184503,58.11297299381046],[45.96480886560179,57.734515685377644],[46.04366736934393,62.078740020527995],[45.71714246134106,62.20934998372915],[41.211098730901526,61.16447027811998],[41.211098730901526,60.446115480513676],[40.949878804499235,60.18489555411138],[39.8396941172895,60.1195905725108],[37.88054466927231,61.03386031491883],[37.09688489006543,61.16447027811998],[36.31322511085855,60.6420304253154],[36.24792012925798,60.1195905725108],[38.40298452207689,59.27062581170336],[38.860119393280904,58.35635606929534],[37.74993470607116,56.98495145568331],[36.11731016605684,56.72373152928101],[34.28877068124079,57.833916216490756],[33.50511090203392,57.9645261796919],[32.52553617802532,57.899221198091325],[32.416699735763686,57.27845750622241],[31.281186175604823,57.27845750622241],[30.73811447292015,56.98223657748532],[30.93559509207821,56.389794720011125],[30.68874431813063,55.89609317211597],[29.948191996287896,56.537905184379674],[29.05952921007661,56.537905184379674],[28.812678436129033,56.88349626790629],[28.09257247665585,56.792404743476695]]]]}},{"type":"Feature","properties":{"name":"Ryazan","subject":"Khanate of the Golden Horde","partOf":"Ryazan","borderPrecision":1,"color":"#b3a46e"},"geometry":{"type":"MultiPolygon","coordinates":[[[[27.170527686778343,47.97286399480424],[24.297108496353133,48.756523774011114],[21.770678624203192,49.59170527823286],[21.770678624203192,49.742980371796946],[21.768063558826285,49.74367772256412],[21.750214213930782,50.78097820362888],[21.42368930592792,51.49933300123518],[21.68490923233021,51.564637982835755],[21.750214213930782,52.02177285403977],[21.358384324327346,52.28299278044206],[21.358384324327346,52.609517688444924],[21.358384324327346,53.19726252285008],[21.464272222955863,53.81909730972785],[22.234254536258888,54.12709023504906],[22.599178974738233,52.936042596447784],[23.38283875394511,52.34829776204263],[25.79912307316631,52.28299278044206],[26.12564798116917,52.74012765164606],[27.039917723577197,52.936042596447784],[27.105222705177766,53.91561732045638],[27.692967539582924,54.503362154861534],[27.692967539582924,54.960497026065546],[27.301137649979484,55.35232691566898],[27.37053292420636,55.71934336485123],[27.65084223773919,56.27996199191689],[27.60590255435066,56.706888984107934],[27.822714884755612,56.72547289814264],[28.017410311051872,56.566918246664756],[28.09257247665585,56.792404743476695],[28.812678436129033,56.88349626790629],[29.05952921007661,56.537905184379674],[29.948191996287896,56.537905184379674],[30.68874431813063,55.89609317211597],[30.93559509207821,56.389794720011125],[30.73811447292015,56.98223657748532],[31.281186175604823,57.27845750622241],[32.416699735763686,57.27845750622241],[32.52553617802532,57.899221198091325],[33.50511090203392,57.9645261796919],[34.28877068124079,57.833916216490756],[36.11731016605684,56.72373152928101],[37.74993470607116,56.98495145568331],[38.860119393280904,58.35635606929534],[38.40298452207689,59.27062581170336],[36.24792012925798,60.1195905725108],[36.31322511085855,60.6420304253154],[37.09688489006543,61.16447027811998],[37.88054466927231,61.03386031491883],[39.8396941172895,60.1195905725108],[40.949878804499235,60.18489555411138],[41.211098730901526,60.446115480513676],[41.211098730901526,61.16447027811998],[45.71714246134106,62.20934998372915],[46.04366736934393,62.078740020527995],[45.96480886560179,57.734515685377644],[45.58653249813992,57.31147636368617],[45.71714246134106,55.287021934068406],[45.325312571737626,54.89519204446497],[43.62738305012273,54.96049702606554],[43.10494319731815,54.69927709966325],[43.62738305012273,53.91561732045638],[43.62738305012273,52.21768779884148],[40.688658878096945,50.97689314843059],[38.79481441168033,51.04219813003117],[38.27237455887575,50.91158816683002],[38.1417645956746,49.60548853481856],[37.03157990846486,49.73609849801971],[34.680600570844234,48.56060882920939],[29.84803193240183,49.278963626815695],[29.456202042798395,48.36469388440768],[27.42832177808028,47.38362035754267],[27.170527686778343,47.97286399480424]],[[36.98114829531505,55.895352217783845],[37.83993941980523,55.323226464907194],[38.6767102590521,55.84593313880959],[37.79589884931856,56.23952795857335],[36.98114829531505,55.895352217783845]]]]}},{"type":"Feature","properties":{"name":"Siberians","subject":"Siberians","partOf":"Siberians","borderPrecision":1,"color":"#739b91"},"geometry":{"type":"MultiPolygon","coordinates":[[[[56.96043685386921,73.35708960171404],[56.6950903267696,73.42014654751482],[56.26495269249226,73.51473578091326],[55.75743392418171,73.57743414517107],[55.424868616564524,73.55293615933122],[54.99362472008015,73.53622778530779],[54.66363051841999,73.4719959127492],[54.47870543907429,73.51936682339372],[54.01755050133015,73.73358496304216],[54.34921554039265,73.86993750210466],[54.8935766548946,74.06292303677263],[55.18793395469929,74.10351904507341],[55.88524154136921,74.1048084127492],[55.945574793322336,74.26536139126482],[55.618506464464915,74.41746100063982],[55.775942835314524,74.53853186245622],[55.96450332115437,74.60336645718279],[56.268755945666086,74.61199530239763],[56.65202620933796,74.69341620083513],[56.53924086998249,74.76588781948747],[56.30263808677937,74.87056311245622],[56.994978937609446,75.27312811489763],[57.22605422447468,75.33131750698747],[57.32729628990437,75.29848059292497],[57.72869780967976,75.29101141567888],[58.17005828331257,75.5315662252492],[58.55853179405476,75.68162878628435],[59.01763060997273,75.79893072720232],[59.45592788170124,75.8664050924367],[60.042971643908274,75.91752203579607],[60.61674025963093,75.89358862515154],[60.948985132677805,75.96097906704607],[61.302588495714915,76.23785742397966],[61.42554381798054,76.2296863424367],[61.8187475533321,76.28919561978044],[62.5932951302364,76.16482885952654],[62.80526641319538,76.18198736782732],[63.67331984947468,76.32630499478044],[64.10461715172077,76.34393652554216],[65.08725264976765,76.45518835659685],[65.9260588021114,76.50735815640154],[66.27326491783406,76.7615238058156],[66.44234755943562,76.82964666958513],[67.5722990364864,76.89120825405779],[68.45671370933796,76.92682226772966],[68.66830733726765,76.86778601284685],[68.86719039390827,76.76642187710466],[68.93684676597859,76.60583838101091],[68.57145980308796,76.39442022915544],[68.32831862877156,76.31829413052263],[67.72246840904499,76.17451819058122],[66.54819014976765,75.97989233608904],[64.6004743904903,75.759547792632],[63.61646941612507,75.633082948882],[62.66149428795124,75.49864538784685],[61.83259490440632,75.3565173971242],[60.88701919029499,75.24749334927263],[60.463328394396555,75.15610846157732],[60.333655390246165,75.03255804653826],[60.62335112999226,74.93528326626482],[60.43352034996296,74.8377948629445],[60.008772882921946,74.67541082974138],[59.77162078331257,74.65884741421404],[58.85056594322468,74.68941839810076],[58.6564054817989,74.60839422817888],[58.60250380943562,74.50352057095232],[58.88194564293171,74.39136084194841],[58.73313430259968,74.28661688442888],[58.19052413414265,74.08507879849138],[58.009348902209055,74.14886816616716],[57.67119887779499,74.18831213589372],[57.404734644396555,74.05159338589372],[57.79941848228718,73.92428930874529],[57.82281402061726,73.78055151577654],[57.330393824084055,73.48490484829607],[56.96043685386921,73.35708960171404]]],[[[60.93412307213093,68.81508215542497],[60.98595717857624,69.00259741421404],[60.36923507164265,69.46769293423357],[60.551714930041086,69.54342230435076],[60.84873488853718,69.71004065151872],[61.030039820177805,69.74060400601091],[61.30434707115437,69.73352392788591],[62.2812719673946,69.7051273214406],[62.85394957969929,69.61560400601091],[63.41231826256062,69.54873999233904],[63.92324355552937,69.45921667690935],[64.87299636314656,69.22766455288591],[65.35536483238484,69.18344458218279],[66.1254988045528,68.99715765591326],[66.58425429771687,68.88553961392107],[67.17168715904499,68.64709814663591],[67.64553669906512,68.4480727275933],[67.82653335045124,68.37205084438982],[68.21540358970906,68.20135077114763],[68.38463118980671,68.17933996792497],[68.48788741539265,68.22421606655779],[69.00261214683796,68.69536932583513],[69.10895064781452,68.83031042690935],[68.69183639000202,68.81454809780779],[68.51176742027546,68.83668097134294],[68.25765517662312,68.94111975308122],[68.09354690025593,69.13594397183122],[68.10592940758015,69.42932470913591],[67.77870467613484,69.55685003872576],[66.88444045494343,69.62308081265154],[66.79896834800984,69.74374731655779],[66.8280363411739,69.81937750454607],[66.9648542733028,69.95582159634294],[67.27720168541218,70.07055243130388],[67.38328841636921,70.13940008755388],[67.42175582359577,70.22343023892107],[67.39824202965046,70.59850653286638],[67.28530410240437,70.70580633755388],[66.7748136849239,70.73557623501482],[66.67020705650593,70.86613043423357],[66.81797316978718,71.10538061733904],[66.9796476692989,71.21384008999529],[67.15545180748249,71.22964819546404],[67.8225431771114,71.4166522848195],[68.31624892662312,71.63485296841326],[68.55076125572468,71.82196386929216],[68.81211379478718,72.09546240444841],[69.05668929527546,72.64471777554216],[69.34311202476765,72.83426245327654],[69.51156142662312,72.80304297085466],[70.21435836265827,72.73346289272966],[70.94033339927937,72.78995092983904],[71.66292098472859,72.83070715542497],[71.97577956627156,72.79976233120622],[72.45530227134968,72.82427557583513],[72.7139997811153,72.76958807583513],[72.85272506187702,72.64393194790544],[72.84480575035359,72.49460943813982],[72.65456679771687,72.11825903530779],[72.4983244271114,71.96181067104997],[71.89781478355671,71.58716162319841],[71.79755691002156,71.43180426235857],[72.13623336265827,71.27759131069841],[72.55498031090046,70.9772449361867],[72.67970565269734,70.823512636382],[72.7742033333614,70.45523413296404],[72.69588759849812,70.35557898159685],[72.43689254234577,70.18696936245622],[72.55148604820515,69.65626104946794],[72.52553084800984,69.06907995815935],[72.64349654625202,68.806911073882],[72.84616378258015,68.63523443813982],[73.30861190269734,68.5165515768117],[73.39412215660359,68.44205053921404],[73.39364913414265,68.38238867397966],[73.17524245689656,68.16592749233904],[72.98776534508015,67.79414709683122],[72.83769515465046,67.64564856167497],[72.48502639244343,67.43782385464372],[71.93047622154499,67.156276308257],[71.64714339683796,67.06732519741716],[71.39950087974812,66.94906958218279],[71.54405501793171,66.71412237759294],[71.34951308677937,66.66239508267107],[70.83993056724812,66.55140265103044],[70.12074569175984,66.7188220846242],[69.79152205894734,66.7549320089406],[69.35537246177937,66.73943670864763],[69.08476546715046,66.68753393765154],[69.17261031578327,66.5482898580617],[69.43512252281452,66.42423590298357],[69.76729873131062,66.32971533413591],[70.47356704185749,66.23597296353044],[70.98342421959187,66.2003894674367],[71.2595320076778,66.22281225796404],[71.79433730552937,66.15806158657732],[72.20881179283406,66.17345770474138],[72.42107680748249,66.3346668111867],[72.55741408775593,66.49599035854997],[73.16545394371296,66.64375647183122],[73.69016555259968,66.86506994839372],[73.81080916832234,66.99035223599138],[73.9845075936153,67.26336248989763],[74.35252669761921,67.40435370083513],[74.74171737144734,67.68622168179216],[74.77064803550984,67.84936865444841],[74.66936019371296,68.10174902554216],[74.39512923668171,68.34698828335466],[74.50497725914265,68.59347876187029],[74.61210921715046,68.63851507778826],[74.91630080650593,68.70638617153826],[75.53720382164265,68.77486761685076],[76.32775405357624,68.77634008999529],[76.66087630699421,68.67222174282732],[77.03982070396687,68.4637714254445],[77.10788253258015,68.11375006313982],[76.95493606041218,67.65331610317888],[77.09069350670124,67.52774389858904],[77.50477889488484,67.432399355132],[78.08904555748249,67.41131170864763],[78.47786239097859,67.478541933257],[78.53574660728718,67.61183508511247],[78.3045759529903,67.69286688442888],[77.94601729820515,67.77371557827654],[77.68886092613484,67.75840338345232],[77.48322585533406,67.802516542632],[77.51418593834187,67.97325476284685],[77.97751906822468,68.14512213345232],[78.00718215416218,68.25683935757341],[77.90906051109577,68.32369574185076],[77.83420089195515,68.4727054464406],[77.63582900474812,68.81619604702654],[77.40597823570515,68.9356189596242],[77.02994826744343,68.97991522427263],[76.53798964927937,69.0840564596242],[76.17751601646687,69.13594397183122],[75.59802535484577,69.21000250454607],[75.18864730308796,69.12659796353044],[74.90170577476765,69.0810047018117],[74.31795791099812,69.16254004116716],[73.91452315758015,69.15427740688982],[73.90792373131062,69.27452429409685],[73.65407851646687,69.75646551724138],[73.79099563072468,70.05221136685076],[74.1222257942989,70.36587866421404],[74.24957564781452,70.5729480611867],[74.18918899009968,70.67260321255388],[73.69797042320515,71.14139898892107],[73.2706632942989,71.372584902007],[73.21685317466999,71.45773657437029],[73.59136489341999,71.7068591939992],[74.13715651939656,71.75452765103044],[74.58655074547077,71.87217291470232],[74.9211531014278,72.02874334927263],[74.99873641441609,72.13043554897966],[75.0745954842403,72.42029150601091],[75.01610854576374,72.71876867886247],[75.11987594078327,72.68748053188982],[75.40757277916218,72.66441687222185],[75.6173429817989,72.62549170132341],[75.66617873619343,72.41353949185076],[75.58253768394734,72.17061956997576],[75.29658034752156,71.89686926479997],[75.22127059410359,71.64770849819841],[75.28428939293171,71.44608648892107],[75.45202926109577,71.32248266812029],[75.67058852623249,71.1991229879445],[76.29318526695515,71.13853033657732],[77.00164321373249,71.06264074917497],[77.73619368980671,71.02547796841326],[78.10473159263874,70.84130438442888],[78.24920943687702,70.83387335415544],[78.60852340172077,70.8499256002492],[78.37160018394734,71.25054510708513],[78.13690474937702,71.3739276754445],[77.28489974449421,71.41880377407732],[76.86612990806843,71.4490238058156],[76.60715011070515,71.518336855132],[76.33285811851765,71.71974524136247],[76.4566984505489,71.86785467739763],[77.07490066002156,71.8923831808156],[77.27492812584187,71.81488379116716],[77.78991988609577,71.77691229458513],[78.12636855552937,71.84759863491716],[78.08573440025593,72.17527350063982],[78.26955703209187,72.2147479879445],[78.64725783775593,72.2623782980031],[79.22255996177937,72.2712894308156],[79.7031584114864,72.17827948208513],[80.33872512291218,72.0076404439992],[80.82826522300984,71.76702459927263],[81.42526534508015,71.61268194790544],[81.67136672447468,71.57430609341326],[82.49135116050984,71.56809576626482],[82.81835463951374,71.64632757778826],[82.88012221763874,71.49126776333513],[82.52887252281452,71.32020147915544],[82.21532729576374,71.20361670132341],[82.10357192466999,70.85644110317888],[82.04561141441609,70.41893347378435],[82.19571975181843,70.3579822408742],[82.50152877281452,70.7111316549367],[82.67546370933796,70.84212835903826],[82.80373671959187,70.81927832241716],[83.07590774009968,70.58175238247576],[83.03633407066609,70.24492987271013],[83.37072280357624,70.33726080532732],[83.67697432945515,70.46026190396013],[83.6571150154903,70.598170839507],[83.5709333748653,70.65170630093279],[83.50470260093952,70.81292303677263],[83.16804793785359,71.18223150845232],[83.25261977623249,71.28285559292497],[83.56109145591999,71.62442358608904],[83.2024259896114,71.82590826626482],[82.8546476692989,71.94214972134294],[82.43625930259968,72.0505863058156],[82.32062056968952,72.22227820034685],[82.02602675865437,72.24522741909685],[81.58525374840046,72.35400732632341],[80.98231795738484,72.44697912808122],[80.84419539879109,72.58019598599138],[80.87170699547077,72.8399921285695],[80.8288679451778,73.01351507778826],[80.46401503990437,73.31357916470232],[80.50051406334187,73.42474707241716],[80.62013534019734,73.49647101040544],[80.83822921226765,73.55255468960466],[81.87746718834187,73.6022220480031],[83.02044204185749,73.61229284878435],[83.97656539390827,73.66978796597185],[84.61605361412312,73.74268683071794],[84.82945540855671,73.59973486538591],[85.0014982552364,73.57619055386247],[85.38118270347859,73.69632300015154],[85.85619643638874,73.82476385708513],[86.49205306480671,73.8738284933156],[86.75694564293171,73.7865711080617],[86.32635024498249,73.63435705776872],[86.12352279136921,73.4511218893117],[86.90497115562702,73.55588873501482],[87.1396818489864,73.6040531026906],[87.56962874840046,73.77212866421404],[87.69079116295124,73.90001257534685],[87.54062179039265,74.09967383022966],[87.39396956871296,74.1794925558156],[86.97762587974812,74.29900702114763],[86.81353286216999,74.43529089565935],[86.81261733482624,74.53988226528826],[86.95832351158406,74.78206213589372],[87.48745253990437,74.96091803188982],[87.92226699302937,75.0598865377492],[89.28468612144734,75.46612127896013],[89.68456557701374,75.5082050191945],[89.79632857750202,75.52443274136247],[90,75.55852850552263],[90,75.60154303188982],[91.6346769661739,75.65272863979997],[92.6705427498653,75.76261480923357],[93.59205916832234,75.88084753628435],[94.30955031822468,76.07406958218279],[94.69433883140827,76.18358191128435],[95.4876814217403,76.16833075161638],[95.96726516197468,76.1692386495656],[96.13936904381062,76.08590277310076],[95.9818220467403,75.90201147671404],[96.65822890709187,75.85330542202654],[97.11641219566609,75.87083014126482],[97.6837263436153,75.95521887417497],[98.28865340660359,76.05653723354997],[98.71624282310749,76.07403906460466],[99.15855697105671,75.99971350308122],[99.46723464439656,75.96692236538591],[99.7794294686153,76.05931433315935],[99.8334074349239,76.2100330221242],[99.77360824058796,76.2853504049367],[99.98323348472859,76.43696936245622],[100.40739730308796,76.47143896694841],[100.83031753013874,76.45540960903826],[101.38946059654499,76.62499579067888],[101.11151412437702,76.8528552877492],[101.16646102379109,77.0057636129445],[101.6904630989864,77.2025867330617],[102.38966659019734,77.37482031460466],[103.39330581138874,77.5577884542531],[103.94659713218952,77.59216650601091],[104.39374068687702,77.56721838589372],[105.0625105233028,77.5685077535695],[105.44954207847859,77.44913824673357],[105.46972945640827,77.32931860562029],[104.78229049156452,77.14876898403826],[104.4851408333614,76.99502905483904],[104.70460799644734,76.92750128384294],[105.52814773033406,76.98001440640154],[106.24293807457234,76.91346319790544],[107.16025832603718,76.94913061733904],[107.24013045738484,76.89837225552263],[107.07137587974812,76.77097662563982],[106.53744033287312,76.56722601528826],[106.40403274009968,76.4322772848195],[107.29075149009968,76.43394812222185],[107.66595748375202,76.44307287808122],[107.77148726890827,76.40122564907732],[108.24447158287312,76.64641913052263],[108.85952285240437,76.64754828091326],[109.6564054817989,76.69128759976091],[109.94024947593952,76.63273199673357],[110.54772475670124,76.64229925747576],[111.42728713463093,76.56807287808122],[112.0571623177364,76.45135840054216],[112.58854964683796,76.25924261685076],[112.82231429527546,76.0588870870656],[113.14887526939656,76.05948980923357],[113.53300765465046,76.0936542379445],[113.7230329842403,75.86883886929216],[113.11340621422077,75.49444922085466],[113.22163680504109,75.43680914517107],[113.62504867027546,75.27267035122576],[112.57712844322468,74.88621100063982],[112.11134627769734,74.78037603970232],[111.58661941002156,74.73096045132341],[110.05470565269734,74.253688417632],[108.69690230797077,73.8194080221242],[108.33986190269734,73.69124182339372],[107.26554397056843,73.52222784634294],[106.20830825279499,73.25850256558122],[105.2788191170528,72.7515369283742],[105.60022262047077,72.74426611538591],[106.08698562095906,72.8553958761281],[106.50154403160359,73.06131323452654],[107.24994185875202,73.13382300015154],[107.80428603599812,73.1427722799367],[108.74962905357624,73.26322516079607],[109.59518722008015,73.39159735317888],[109.99058822105671,73.43995245571794],[110.44228652427937,73.56786688442888],[110.40001967857624,73.74287756558122],[110.17844680259968,73.79822119351091],[110.16323378990437,73.83008917446794],[110.28963759849812,73.9420657980031],[110.55127242515827,74.03844793911638],[110.94413283775593,73.94327124233904],[111.21531203697468,73.76829870815935],[111.49485305259968,73.74487646694841],[111.76165297935749,73.65779455776872],[112.09338668297077,73.63455542202654],[112.47680190513874,73.65914496060076],[112.99697402427937,73.779567323882],[113.22158339927937,73.74810370083513],[113.30773452232624,73.61295660610857],[113.31173995445515,73.38266333218279],[113.54699233482624,73.20093115444841],[114.1866789192989,73.55099829312029],[114.9341154427364,73.56032141323747],[115.61149123619343,73.62520178433122],[116.67113784263874,73.61922796841326],[117.53464797447468,73.54927404995622],[117.91884902427937,73.53409155483904],[118.46038344810749,73.51922949429216],[118.33846572349812,73.18611487026872],[118.49779799888874,73.03624304409685],[119.41744521568562,72.96692999478044],[119.79856399009968,72.91246374722185],[120.11277297447468,72.88152655239763],[120.57851699302937,72.83511694546404],[121.69950393150593,72.9002185689992],[122.24328139732624,72.90912207241716],[122.88243392418171,72.75281103726091],[123.51475051353718,73.17200811978044],[123.44220260093952,73.33018835659685],[123.42497542808796,73.43322332974138],[123.40985396812702,73.48077734585466],[124.22215560386921,73.69691046353044],[124.45666793297077,73.70529516812029],[124.8176603646114,73.658229433257],[125.3346281380489,73.5240741598195],[125.71732619713093,73.39780005093279],[126.48701766441609,73.38340338345232],[127.0968351692989,73.41625555630388],[127.71956160972859,73.4015384542531],[128.31478408287313,73.20751532192888],[128.4988813729122,73.12594183560076],[128.52492812584188,72.9523425924367],[128.29104140709188,72.91247900601091],[128.17055800865438,72.89652594204607],[127.31350234459187,72.71388586636247],[126.2164411873653,72.38231238003435],[126.11130050133015,72.28037603970232],[126.22529891441609,72.24934729214372],[126.69000533531452,72.21892889614763],[127.12090590904499,72.21193274136247],[127.41754439781452,72.14218481655779],[127.71409896324421,72.01011236782732],[128.17013076256063,71.83187445278826],[128.43249038170126,71.75462683315935],[128.78353408287313,71.53804358120622],[129.3552046150997,71.1756854879445],[130.17171767662313,70.81534918423357],[130.7792768807247,70.67834051724138],[131.05480483482626,70.68650396938982],[131.41268447349813,70.86376532192888],[131.79166701744344,71.18792303677263],[132.28361037681844,71.66087683315935],[132.55375197838094,71.80897101040544],[132.6842604012325,71.80141028042497],[132.79061416099813,71.59201391812029],[133.1384077400997,71.45321234341326],[133.74390700767782,71.32284887905779],[134.24135878990438,71.26194342251482],[134.6229048104122,71.30131109829607],[135.51061538170126,71.51182135220232],[135.86063674400594,71.54344519253435],[136.22661879967,71.51315649624529],[136.76502517174032,71.40578039761247],[137.62967971275594,71.07541998501482],[137.77126601646688,71.0988269674367],[137.85494521568563,71.12980230923357],[138.0757856697872,71.24595221157732],[138.17544082115438,71.3620105611867],[138.11381057213094,71.38510473843279],[138.11939528892782,71.47020300503435],[138.44611648033407,71.61027105923357],[138.67487624595907,71.61844977017107],[138.89985183189657,71.50264319058122],[139.15876296470907,71.41796454067888],[139.74447158287313,71.40359839077654],[139.82569411705282,71.62836035366716],[139.73856643150594,71.83789404507341],[139.80597976158407,72.00147589321794],[139.84789565513876,72.23560675259294],[139.33877089927938,72.1643558370656],[139.04995253990438,72.16382177944841],[138.9693403572872,72.2105213033742],[139.1683149666622,72.34379156704607],[139.31179336021688,72.38319738979997],[139.75561049888876,72.42317541714372],[140.2150221199825,72.43185003872576],[140.58907607506063,72.49523504849138],[141.29397109459188,72.78707464810076],[141.40839675377157,72.78729590054216],[142.20023635338094,72.67872198696794],[142.9025221199825,72.617213808257],[143.8188276619747,72.53262671108904],[144.2674360604122,72.50207861538591],[144.56183913658407,72.45562323208513],[145.5999555916622,72.42622717495622],[144.82036879967,72.14334448452654],[145.20955947349813,72.1206775533742],[145.66462233970907,72.16052588101091],[145.81499770592,72.09839972134294],[145.67818740318563,71.92672308560076],[145.2614088387325,71.8403812276906],[144.88077834556844,71.72314795132341],[144.80126479576376,71.5911136495656],[145.10038283775594,71.57618292446794],[145.33378127525594,71.63085516567888],[145.74624160240438,71.69371374722185],[146.18606093834188,71.84209784146013],[146.91512587974813,72.20190008755388],[148.15946486900594,72.19639929409685],[148.69796279381063,72.1661868917531],[149.1044721932247,72.08892401333513],[149.53032973717,72.02736242886247],[149.6225385994747,71.94185980435076],[149.721980127795,71.89520605679216],[148.71085647056844,71.62939795132341],[148.96216872642782,71.56785925503435],[149.71541884849813,71.4376483785695],[150.6937055916622,71.34668310757341],[151.11947158287313,71.25476416226091],[151.4799604744747,71.08581122036638],[151.64484694908407,70.89377936001482],[151.89907363365438,70.73301275845232],[152.1340132088497,70.66443213101091],[152.79058364342,70.68098791714372],[153.40442946861532,70.72815283413591],[153.91649917076376,70.79046972866716],[155.04923537681844,70.9385486471242],[156.04317763756063,70.98655279751482],[157.3964186043575,70.927516542632],[158.07795241783407,70.86731299038591],[158.4086714119747,70.81418951626482],[158.93413833092,70.62346991177263],[159.22921279381063,70.54745062466326],[159.46557143638876,70.39498480435076],[159.6279096932247,70.21980627651872],[159.57267287681844,69.99896582241716],[159.44381240318563,69.76456030483904],[159.6729536385372,69.6519275533742],[160.01661208580282,69.62243231411638],[160.392390284045,69.61560400601091],[160.68160537193563,69.57847937222185],[160.67403701256063,69.27026709194841],[160.86234572838094,69.08311804409685],[161.17081740806844,69.15864904995622],[161.41610244224813,69.35423620815935],[161.96099379967,69.52816351528826],[162.11776259849813,69.55855902310076],[162.27485183189657,69.5362811910695],[163.03823378990438,69.54520758267107],[163.72240737388876,69.6744876730031],[164.0536909432247,69.66003759976091],[164.318171534045,69.46485479946794],[164.63646987388876,69.41282232876482],[165.33014968345907,69.40657385464372],[166.30924514244344,69.37832983608904],[166.70035842369344,69.43165930386247],[167.32007888267782,69.65857275601091],[167.503230127795,69.56856115933122],[167.9216108650997,69.32873877163591],[168.09997085045126,69.23150213833513],[168.59241774986532,69.11246069546404],[168.9860639900997,68.96339758511247],[169.1132154793575,68.784205995757],[169.3886061043575,68.71748694058122],[170.08889296959188,68.77854498501482],[170.83280471275594,68.9219470846242],[170.90487197349813,69.03432043667497],[170.79320815513876,69.18400152798357],[170.43130019615438,69.55891760464372],[170.05626967857626,69.61091955776872],[170.23629287193563,69.76195105190935],[170.45170119713094,70.0192142355031],[171.30224135826376,69.97523077603044],[171.84838393638876,69.93847998257341],[172.35924819420126,69.9092288839406],[172.90816787193563,69.8347659933156],[173.0082807869747,69.69170721646013],[173.6366529793575,69.76070746060076],[174.57445815513876,69.7850604879445],[175.61097243736532,69.77942999478044],[176.19217971275594,69.71265753384294],[176.54601577232626,69.62294348354997],[177.07915786217,69.53360327358904],[177.70499709556844,69.48964270229997],[178.04284194420126,69.40761145229997],[178.62885573814657,69.25851782437029],[178.96496108482626,69.22913702603044],[179.28148940513876,69.14725836392107],[180,68.91989477749529],[180,67.96313055630388],[180,66.96313055630388],[180,65.96313055630388],[180,65.38163336392107],[180,65.31103094692888],[180,65.05193670864763],[180,64.95347937222185],[179.30910781334188,64.78647192593279],[179.0159712166622,64.77292975063982],[178.72602370689657,64.60632666226091],[178.47384170006063,64.57721289272966],[178.00438979576376,64.54774054165544],[177.84412673424032,64.58320959683122],[177.42666152427938,64.6067386495656],[177.37353042076376,64.76135595913591],[177.25146010826376,64.8561054098195],[177.02625564049032,64.84421881313982],[177.13465407799032,64.9274402486867],[176.71245864342,64.78165777798357],[176.33170607994344,64.77292975063982],[176.18017104576376,64.8679920064992],[175.96505263756063,64.90365942593279],[176.15595534752157,64.6779285299367],[175.89977553795126,64.54742773647966],[176.0440473885372,64.50115545864763],[176.46778396080282,64.4089847433156],[176.753230127795,64.57114752407732],[176.9305219979122,64.5528827535695],[177.08159926842,64.51739843960466],[177.08158400963094,64.30297430630388],[177.19323256920126,64.2103534566945],[177.53472426842,64.08968695278826],[178.01113418052938,64.19211157437029],[177.8134107918575,64.0474353658742],[178.14725783775594,64.15663488979997],[178.17650893638876,64.0053211080617],[178.28776076744344,63.91291388149919],[178.37162307213094,63.749381624419115],[178.40261367271688,63.66409262295427],[178.07767775963094,63.42905005093279],[178.34437087486532,63.45795782681169],[178.50112441490438,63.380187593657396],[178.71395400474813,63.153731905180834],[178.93949416588094,63.08333548184099],[179.00428298424032,62.970199190337084],[178.93163588951376,62.765067659575365],[179.2876997322872,62.81507834072771],[179.23177627037313,62.63853796597185],[179.2421675057247,62.52569922085466],[179.0487623543575,62.3913951742238],[178.73766616295126,62.29927023525896],[178.45186904381063,62.31985434170427],[178.25026992271688,62.382873140532396],[177.69097426842,62.45226629849138],[177.29084304283407,62.48678549404802],[177.1348677010372,62.5499645101613],[177.19034865806844,62.67001303311052],[176.96834853599813,62.69078405972185],[176.83198073814657,62.676410280424975],[176.5805006356075,62.42905005093279],[176.54911330650594,62.3796878683156],[175.17263320396688,61.96908529873552],[174.65267470787313,61.89086493130388],[174.54230788658407,61.89065512295427],[174.34871962974813,61.79903372402849],[174.25043776939657,61.71468313809099],[173.92676833580282,61.61596258755388],[173.48090651939657,61.601100527007006],[173.342585596545,61.55182226772966],[173.12633803795126,61.36941488857927],[172.91828444908407,61.278129183012865],[172.49244216392782,61.263324342924975],[172.10816482017782,60.98328360195818],[172.00008681724813,60.85757406826677],[171.24840835045126,60.65417822476091],[171.07238295982626,60.45214422817888],[170.51969436119344,60.33994253750505],[170.33680251549032,60.27710302944841],[170.26842788170126,60.14513739224138],[170.2730512947872,60.01343115444841],[170.06013015220907,59.881801210600756],[169.87749770592,59.8745609151906],[169.61364272545126,60.01220282192888],[169.53161147545126,60.12989386196794],[169.45571425865438,60.29626806851091],[169.15412429283407,60.43464239712419],[168.6707563729122,60.45457800503435],[168.21090224693563,60.432860933501146],[167.68961623619344,60.35544928188982],[167.1039839119747,60.27102621670427],[166.86841872642782,60.17341574307146],[166.26851943443563,59.833278261382006],[166.02721694420126,59.70872076626482],[165.94497207115438,59.77061041470232],[166.203425440295,60.35263785000505],[165.95633986900594,60.31051596279802],[165.77999404381063,60.35411413784685],[165.4153852791622,60.11518820400896],[165.11359694908407,60.03144034023943],[164.9329634041622,59.96187552090349],[164.8815718025997,59.73413809414568],[164.58460524986532,59.66465338345232],[164.44190505455282,59.74018820400896],[164.3280592293575,59.96072729702654],[164.1105299324825,60.07820852871599],[163.64969924400594,59.79202231045427],[163.7668257088497,59.88375815029802],[163.51627639244344,59.85569342251482],[163.38868239830282,59.81406363125505],[163.10639480064657,59.57917364712419],[163.0429029793575,59.462001405913256],[163.09977248619344,59.35886725063982],[163.25451186607626,59.29037436123552],[162.83521560142782,59.055907808501146],[162.75344375084188,58.96646460171404],[162.9074049324825,58.891280733305834],[162.6159010262325,58.732963167387865],[162.22001174400594,58.48553045864763],[161.9384107918575,58.25918539639177],[161.80436232994344,58.1017223226613],[161.79993728111532,57.86273535366716],[161.98922255943563,57.71985205288591],[162.20365432213094,57.67936285610857],[162.8256635994747,57.700980745512865],[163.07837966392782,57.62649878140154],[163.12783339927938,57.55162390347185],[162.93203261802938,57.37424048062029],[162.59327224205282,57.169540010649584],[162.51240066002157,57.033492647368334],[162.61281875084188,56.802882753569506],[162.74430373619344,56.59970816250505],[163.09797194908407,56.55972632046404],[163.17226699302938,56.383815370757006],[163.1659956307247,56.106498323637865],[163.00907424400594,55.94406851406755],[162.77128127525594,55.91659506436052],[162.55463698814657,56.01072271938982],[162.54719069908407,56.10531576748552],[162.72187331627157,56.34234961147966],[162.52181533287313,56.34873541470232],[162.31757644127157,56.24010046597185],[161.86132338951376,55.86087378140154],[161.60943129967,55.55691488857927],[161.502741846545,55.287372194487475],[161.64737990806844,54.985091768462084],[161.93853286217,54.84510000820818],[162.00820449302938,54.73822363491716],[161.87586501549032,54.56412848110857],[161.56661513756063,54.42324026699724],[161.13636306236532,54.40906866665544],[160.83759597252157,54.448566042143725],[160.682917627795,54.4482799398488],[160.40430739830282,54.36758764858904],[160.02738479088094,54.15326651211443],[159.93114760826376,54.086356722075365],[159.69506362388876,53.85922583218279],[159.63321975181844,53.70584448452654],[159.68349746177938,53.579433046538256],[159.9047651619747,53.40018042202654],[159.92208388756063,53.300468050200365],[159.89686110924032,53.24057730313005],[159.59176162193563,53.133624635893725],[159.31981948326376,53.12647207852068],[158.78814223717,52.95936545010271],[158.4613600106075,52.82596167202654],[158.43166640709188,52.71308477993669],[158.46236709068563,52.58713873501482],[158.3895063729122,52.2026859151906],[158.25802138756063,52.01712378140154],[157.89777663658407,51.66602285977068],[157.20952895592,51.229003511626146],[156.8246412606075,51.00411947842302],[156.69637587974813,50.957748018462084],[156.56373122642782,51.234359346587084],[156.47469619224813,51.603820406157396],[156.36185744713094,51.914237581450365],[156.3332319588497,52.27155645962419],[156.17524245689657,52.60925634976091],[156.03809646080282,52.78148993130388],[155.94184401939657,53.193080507475756],[155.7107954354122,53.80493887539568],[155.70746901939657,54.06495245571794],[155.63807204674032,54.3184085714406],[155.630183252795,54.465350710112475],[155.58306411217,54.55207403774919],[155.46520522545126,54.91977270718279],[155.4534712166622,55.27581366177263],[155.50568679283407,55.63962133999529],[155.62757399986532,56.26791723843279],[155.70299819420126,56.36959799404802],[156.23583510826376,56.756827913481615],[156.55787185142782,56.94747122402849],[156.8146772713497,57.26057013149919],[156.87765029381063,57.36274298306169],[156.83948806236532,57.50565680142107],[156.77685073326376,57.58045538540544],[157.5111646981075,57.74545248623552],[157.96169570396688,57.88275869961443],[158.32625869224813,58.026820741850756],[159.10428908775594,58.424884401518725],[159.39269545982626,58.610351167876146],[159.5862837166622,58.80267675991716],[159.64911941002157,58.95374640103044],[160.45193007896688,59.35388907070818],[160.84424880455282,59.554244600493334],[161.53524306724813,59.9416881429738],[161.70084670494344,60.07350882168474],[161.81792739342,60.2679935323781],[162.38112929771688,60.46357306118669],[163.32929519127157,60.69494970913591],[163.4448042244747,60.89026602383318],[163.7926588387325,61.128192506987475],[163.83137038658407,61.23308905239763],[163.57572463463094,61.330470644194506],[163.94228652427938,61.73741491909685],[163.9258833260372,61.955001436430834],[164.00829604576376,62.1308971273488],[164.2772016854122,62.22288092251482],[165.0547895760372,62.25954397793474],[165.28571608970907,62.2881351339406],[165.06716445396688,62.435687624174975],[164.1376753182247,62.532653413969896],[163.81841567467,62.489738069731615],[163.34025100181844,62.411300264555834],[162.99024489830282,62.32608374233904],[163.00915053795126,62.17827948208513],[162.71056655357626,61.76318701382341],[162.76685622642782,61.67209967251482],[162.74877456138876,61.60898550625505],[162.4506178231075,61.559379183012865],[162.23524001549032,61.5099254476613],[161.53577712486532,61.1868167745656],[160.64498427818563,60.71775396938982],[160.11884597252157,60.563624941069506],[160.00710586021688,60.59125097866716],[160.07699111412313,60.7375865804738],[160.23559096763876,60.94700964565935],[159.81551650474813,60.98108252163591],[159.7435102791622,61.099635683257006],[159.8568678231075,61.30249746914568],[160.05623916099813,61.51285132046404],[160.1493482918575,61.66016729946794],[160.11825087974813,61.75127752896013],[159.9658003182247,61.765040956694506],[159.45463088463094,61.56075247402849],[159.2310591072872,61.546310030180834],[159.1064253182247,61.70729025479021],[158.84125808189657,61.78396948452654],[158.11835769127157,61.719474397856615],[157.52826980064657,61.66927298184099],[157.09798720787313,61.63339956875505],[156.82523635338094,61.56281241055193],[156.423152002795,61.40100439663591],[156.38117507408407,61.20508154507341],[156.4184370369747,61.121329866606615],[155.8507643074825,60.88296850796404],[155.6666822762325,60.778041444975756],[155.73389724205282,60.55536612148943],[155.15180495689657,60.39435156460466],[154.69332412193563,60.199019991118334],[154.3156538338497,59.98334845181169],[154.09215835045126,59.775878511626146],[153.9429731697872,59.56882818813982],[153.94446853111532,59.39667852993669],[154.18178847740438,59.30077704067888],[154.75280288170126,59.28121908779802],[154.87804702232626,59.15770300503435],[154.90589431236532,59.102767549712084],[154.38708022545126,59.03995092983904],[153.92443374107626,58.922347627837084],[153.45414260338094,58.94891699429216],[153.13988784263876,59.010123811919115],[152.9682417244747,58.99606665249529],[152.82833388756063,58.947738252837084],[152.504206690295,58.76871832485857],[152.19124892662313,58.9259410726613],[151.6906538338497,58.75345953579607],[151.35448745201376,58.691119753081225],[151.13540175865438,58.73182638760271],[151.00748732994344,58.79334219570818],[151.05617812584188,58.923812471587084],[151.3926802010372,58.97937353726091],[151.7833052010372,59.03504904385271],[151.85726455162313,59.055812441069506],[151.52360061119344,59.34394415493669],[151.14020827720907,59.43957098599138],[150.66341689537313,59.4318004476613],[150.27865127037313,59.36224707241716],[150.12006667564657,59.3894534933156],[149.72957900474813,59.595328890044115],[149.3803053231075,59.60845526333513],[149.04528335045126,59.58715399380388],[148.7284498543575,59.476337038237475],[148.74720290611532,59.29743155117693],[148.63029006431844,59.19402655239763],[148.41608718345907,59.09739264126482],[148.10282424400594,59.20679815884294],[147.91918471763876,59.261474214751146],[147.3522291512325,59.23288687344255],[146.99962905357626,59.19095953579607],[146.7064009041622,59.22479590054216],[146.3073530525997,59.28595312710466],[146.05396560142782,59.25107153530779],[146.02347854088094,59.19599493618669],[145.9569654793575,58.98285635586443],[145.65258315513876,58.97540625210466],[145.5127973885372,59.03694876309099],[145.49566176842,59.20875128384294],[145.40413955162313,59.32550390835466],[144.84569838951376,59.283195100981615],[144.38981154869344,59.309859834868334],[143.82409194420126,59.29501303311052],[143.30285170982626,59.2665286886281],[142.92681411217,59.27957113857927],[142.84585097740438,59.27252539272966],[142.3577680916622,59.140956484038256],[141.92383864830282,58.94089468594255],[141.59083083580282,58.727531038481615],[141.34955886314657,58.50086554165544],[140.99425795982626,58.39063223477068],[140.58739760826376,58.239310823637865],[140.49984267662313,58.17075689907732],[140.0287428231075,57.64412649746599],[139.29383376549032,57.33617743130388],[138.86675551842,57.12446554775896],[138.3459272713497,56.80420645352068],[137.60193923424032,56.240348421294115],[137.22909072349813,55.98272284146013],[136.52126601646688,55.5898929464406],[136.11939528892782,55.420646272856615],[135.26954177330282,55.02874334927263],[134.98522475670126,54.853934847075365],[134.8937330574825,54.71992453213396],[134.90200332115438,54.55941732998552],[135.09450820396688,54.432784639555834],[135.31255629967,54.413165651518725],[135.72582534263876,54.4072643148488],[136.19642165611532,54.47499807949724],[136.49160293052938,54.4554935323781],[136.34353164146688,53.88782843228044],[136.35065749595907,53.70121344204607],[136.48705581138876,53.65484198208513],[126.43676989997174,54.917240104841824],[118.10962183723511,56.89317354345729],[109.07678326070727,57.59886405724852],[93.97500626557478,56.89317354345729],[85.08330579180519,58.16341646828151],[77.03843393458506,61.974145242754204],[70.6872193104639,62.538697653787196],[61.881311869416805,59.851680200893746],[58.293141299587475,58.42450462459385],[55.465224704696695,58.13594170674786],[54.92163183184503,58.11297299381046],[54.72922992222013,58.878795922099926],[53.09660538220581,61.49099518612284],[51.26806589738977,63.25422968933831],[48.00281681736112,64.95215921095321],[44.052840265734446,66.04050024624529],[44.12211135338093,66.2671619283742],[44.383608850939524,66.61201819058122],[44.36195281456257,66.90596350308122],[44.21916488121296,67.08982428188982],[43.83810714195515,67.16285284634294],[43.703597101671946,67.26593359585466],[44.21583465050007,67.71826513882341],[44.26107314537312,67.8296390401906],[44.16874984215046,68.09702643032732],[43.8221655220821,68.3273197042531],[43.85324386070515,68.46920355435076],[44.012026819689524,68.49190863247576],[44.66781142662312,68.38859137173357],[45.57964232872273,68.44253882046404],[45.8634367317989,68.3833499776906],[46.16195205162312,68.10819586392107],[46.439368280871165,67.90793951626482],[46.6340666146114,67.7005115377492],[46.16411498497273,67.67742498989763],[45.46258071373249,67.6390643941945],[45.092505487902415,67.54207953091326],[44.87120727012898,67.31241949673357],[44.95714095543171,67.23135717983904],[45.38563445518757,67.09937628384294],[45.715350183947336,66.84962805386247],[46.07677749107624,66.76208075161638],[46.40205291221882,66.71860083218279],[46.972640070421946,66.77846106167497],[47.5711889595821,66.8163104879445],[47.706187281115305,66.89010962124529],[47.822127375109446,67.11129339810076],[47.952918085558665,67.37729223843279],[48.08066085289265,67.56245764370622],[48.63532165001179,67.65238531704607],[49.18562987755085,67.83882483120622],[49.63012221763874,67.93619116421404],[50.49589827965046,68.1534686910695],[51.13895705650593,68.26639898892107],[51.83080962608601,68.40938147183122],[52.244875940783274,68.54455908413591],[52.33738234947468,68.33572729702654],[52.4626684517696,68.29867132778826],[52.719729456408274,68.35138281460466],[52.93876937340046,68.47117956753435],[53.00575164268757,68.6805683004445],[53.17943480919148,68.75574835415544],[53.50243285606648,68.81625708218279],[53.889117273791086,68.78699835415544],[53.808394464953196,68.60726507778826],[53.78207686851765,68.33842047329607],[53.3959074349239,68.30042608853044],[53.3161840767696,68.2332034933156],[53.316844019396555,68.13638647671404],[53.62573913048054,68.04768713589372],[53.85399154136921,68.08530005093279],[54.37974837730671,68.16070898647966],[54.57595733116413,68.16109045620622],[54.64846709678913,68.07191809292497],[54.752295526964915,68.04978521938982],[54.87719634483601,68.1095462667531],[54.99598601768757,68.20653113003435],[55.1264982552364,68.40060766812029],[55.335391077502024,68.48309668179216],[55.72289184044148,68.53610571499529],[56.1951017708614,68.56686743374529],[56.54026320884968,68.55256994839372],[57.02422622154499,68.44890936489763],[57.363692316515696,68.45701941128435],[57.52586654136921,68.49463995571794],[57.95919707725788,68.7047611105031],[58.40928939293171,68.83285864468279],[58.77038100670124,68.8560062276906],[59.19904998253132,68.77440985317888],[59.34587386558796,68.69986303921404],[59.06195739219929,68.4974857198781],[59.119788202746165,68.393092714507],[59.217661890490305,68.34854467983904],[59.50186065147663,68.28942450161638],[59.762347254259836,68.297389589507],[59.892046961291086,68.4020038473195],[59.92537597130085,68.58127173062029],[60.07908919761921,68.61895331021013],[60.51208404014851,68.58985479946794],[60.75627425621296,68.67254980679216],[60.93412307213093,68.81508215542497]]]]}},{"type":"Feature","properties":{"name":"Raška","subject":"Raška","partOf":"Raška","borderPrecision":1,"color":"#8aa0a8"},"geometry":{"type":"MultiPolygon","coordinates":[[[[17.54798034141804,42.92011984463396],[17.304074229587826,43.076207478853945],[17.07508758018757,43.22274740811052],[16.99226287315632,43.32271536465349],[16.639813456042063,43.389735780913256],[16.71152022789265,43.771327577788256],[16.70147612999226,43.84666021938982],[16.865100977066206,44.24473664179024],[17.457542834540394,44.14599633221121],[17.75376376327749,44.39284710615879],[18.938647478225867,44.39284710615879],[19.785081820473508,44.93614220642296],[20.290670943833447,44.89965639339699],[20.313656921379664,44.90109301699363],[20.70533450832162,44.64230993317502],[20.99418346540108,44.70007972459091],[21.684909232330213,43.728040190767],[21.4889942875285,42.87907542995954],[20.70533450832162,42.81377044835897],[19.606965097887766,41.76153906460466],[19.45788672874714,41.79808386440935],[19.367713007433665,41.84637030239763],[19.338465723498118,41.86202200527849],[19.143036875231516,41.93209036465349],[19.13554480980183,41.99954184170427],[18.90989974449421,42.217792116362475],[18.528643640978586,42.35274466152849],[18.513588938219797,42.362140260893725],[18.24871161888386,42.52743872280779],[18.001368555529368,42.694457613188646],[17.646380457384836,42.86460074063005],[17.595679316027415,42.888900362212084],[17.54798034141804,42.92011984463396]]]]}},{"type":"Feature","properties":{"name":"Venice","subject":"Venice","partOf":"Venice","borderPrecision":1,"color":"#8b7fa6"},"geometry":{"type":"MultiPolygon","coordinates":[[[[13.36769584129597,45.69448813076677],[13.156165155871165,45.72652395840349],[13.104608568651926,45.58238562222185],[12.898650202257883,45.55837210293474],[12.448155436022532,45.394286714751146],[12.483212503893625,45.46231421108904],[12.279743227465403,45.40228994961443],[12.251417192919504,45.290282808501146],[12.180371317370188,45.27027853604021],[12.176189455492747,45.21429022427263],[11.970674173705593,45.43624164177947],[12.144820791307122,45.762766549782334],[12.645492316911515,45.91514484018367],[13.080858860915335,45.98044982178424],[13.36769584129597,45.69448813076677]]],[[[14.174608263476145,45.01038702603044],[14.188512835009348,44.94254644985857],[14.060400042040598,44.8947025167531],[13.991256746752512,44.783099733549975],[13.895102533800852,44.759181581694506],[13.672059092028391,45.05035742397966],[13.643589052660715,45.17908819790544],[13.526890787585032,45.454310976225756],[13.556276354296457,45.45960196133318],[13.749085459215891,45.49433096523943],[13.799984011156809,45.566371523100756],[13.995128603323355,45.45800996897966],[13.951591948922974,45.39270498737908],[13.799213658521637,45.30563167857832],[13.908055294522592,44.979106770575456],[14.174608263476145,45.01038702603044]]]]}},{"type":"Feature","properties":{"name":"Corsica","subject":"Corsica","partOf":"Corsica","borderPrecision":1,"color":"#8f9a74"},"geometry":{"type":"MultiPolygon","coordinates":[[[[9.432161364062082,42.79413565273943],[9.405494722826731,42.58059652920427],[9.458552393419993,42.556056581694506],[9.48671153496052,42.40637930508318],[9.452508959276926,42.048305116850756],[9.357456240160715,41.901210390288256],[9.304538759691965,41.57526739712419],[9.173024210436594,41.349906526762865],[9.038939508898508,41.369498811919115],[9.013268503649485,41.4576793539113],[8.82875255058552,41.49197729702654],[8.726921114428293,41.56056936855974],[8.854648622973215,41.653678499419115],[8.823254618151438,41.68797644253435],[8.626926455004465,41.73208960171404],[8.742449793322336,41.88159903164568],[8.692829164965403,41.91346319790544],[8.561865839464915,41.88159903164568],[8.537932428820383,41.947780214507006],[8.589588198168528,41.95759161587419],[8.668312105639231,42.028686128813646],[8.626454386217844,42.097343050200365],[8.51069835136677,42.13412436123552],[8.517246279223215,42.207702242094896],[8.62842181633259,42.261657320219896],[8.500446352465403,42.3597789632863],[8.609300646288645,42.48734625454607],[8.879002603991282,42.62476690884294],[9.000392946703684,42.63458975430193],[9.018427881701243,42.691039644438646],[9.149460825426829,42.71067007656755],[9.237692865832102,42.66403921719255],[9.280391726000559,42.72785528774919],[9.270520243151438,42.88251074429216],[9.30318931053425,42.9831920492238],[9.367051157458079,42.98810156460466],[9.41423896263386,42.90952643032732],[9.432161364062082,42.79413565273943]]]]}},{"type":"Feature","properties":{"name":"Papal States","subject":"Papal States","partOf":"Papal States","borderPrecision":1,"color":"#8aa0a8"},"geometry":{"type":"MultiPolygon","coordinates":[[[[12.697230371935618,43.93475683804216],[13.60087111900593,43.53480490322771],[13.731556925280344,43.37416037197771],[13.791634592516672,43.123344026762865],[13.91509059379841,42.87276419277849],[14.076401988771629,42.633776395633475],[13.995834610776512,42.61343160090928],[13.929417803955044,42.53041059238244],[13.82979259372284,42.56361899579318],[13.82979259372284,42.480597987266336],[13.763375786901367,42.46399378556097],[13.713563181785265,42.3975769787395],[13.630542173258428,42.53041059238244],[13.54752116473159,42.43078538215023],[13.414687551088651,42.36436857532876],[13.464500156204753,42.231534961685824],[13.414687551088651,42.19832655827509],[13.580729568142324,42.09870134804289],[13.580729568142324,42.048888742926785],[13.630542173258428,42.015680339516045],[13.630542173258428,41.93265933098921],[13.564125366436958,41.86624252416774],[13.597333769847694,41.799825717346266],[13.647146374963796,41.750013112230164],[13.647146374963796,41.799825717346266],[13.863000997133572,41.750013112230164],[13.863000997133572,41.7832215156409],[13.929417803955044,41.750013112230164],[13.879605198838942,41.66699210370333],[13.879605198838942,41.6337837002926],[13.929417803955044,41.6337837002926],[13.962626207365776,41.51755428835502],[13.962626207365776,41.46774168323892],[14.029043014187248,41.40132487641745],[13.995834610776512,41.351512271301345],[13.979230409071146,41.33490806959598],[13.81318839201747,41.31830386789061],[13.760507236067037,41.20669841656926],[13.498390230639231,41.301864229399584],[13.271446260912668,41.31423910732927],[12.976777109606516,41.3713756429738],[12.641516718371165,41.53109701748552],[12.394848856432688,41.72954901333513],[11.96343329857136,42.00474127407732],[11.960132972273152,42.00737273979235],[12.019934607837783,42.09870134804289],[12.003330406132417,42.248139163391194],[12.069747212953885,42.297951768507296],[12.053143011248519,42.53041059238244],[12.129717682642681,42.596046025006004],[12.16937242318609,42.63003580261464],[12.152768221480724,42.696452609436115],[12.185976624891458,42.912307231605894],[12.16937242318609,42.912307231605894],[12.152768221480724,43.0617450469542],[12.219185028302192,43.22778706400788],[12.30220603682903,43.27759966912398],[12.30220603682903,43.344016475945445],[12.697230371935618,43.93475683804216]]]]}},{"type":"Feature","properties":{"name":"Sicily","subject":"Sicily","partOf":"Sicily","borderPrecision":1,"color":"#b69578"},"geometry":{"type":"MultiPolygon","coordinates":[[[[14.076401988771629,42.633776395633475],[14.092769655688059,42.60952719326677],[14.404933008654368,42.35311087246599],[14.519309076769602,42.229701601225756],[14.719955477221262,42.1417613851613],[14.738527330858957,42.0471568929738],[14.922405275805247,41.97177084561052],[15.448605570299875,41.8567272054738],[16.012843164904368,41.904323183257006],[16.1874113411739,41.84086187954607],[16.198414835436594,41.74566992397966],[15.989146265490305,41.63464697476091],[15.873253855211985,41.50214346523943],[15.991044077379954,41.40614279385271],[16.42026809166218,41.2787242757863],[16.94596389244343,41.09381445522966],[17.319272074206125,40.929252229887865],[18.033919367296946,40.59665258999529],[18.059941324694407,40.513534151274584],[18.38361266563679,40.30775030728044],[18.522648844225657,40.09413107510271],[18.433678659899485,39.89840658779802],[18.364918741686594,39.746722780424975],[18.16013053367878,39.873134218413256],[18.017067942126047,39.947894655424975],[17.96774581383015,40.16689261074724],[17.849604639513743,40.243495546538256],[17.619149240954172,40.28783758755388],[17.401650461657297,40.29192694302263],[17.204171213610422,40.397941194731615],[17.242802652819407,40.49576147671404],[17.08408072899128,40.525111757475756],[16.948712381823313,40.48109015103044],[16.84413054893757,40.36313589688005],[16.727564844591868,40.18360479946794],[16.604413065417063,40.08990820522966],[16.623852762682688,39.96775396938982],[16.53500655601765,39.83156546230974],[16.532101664049875,39.69751318569841],[16.873986277086985,39.54365118618669],[17.149069818957102,39.4218021261281],[17.107419046862375,39.28047140713396],[17.120997461779368,39.08602102871599],[17.18071273277546,39.022208772856615],[17.094689402086985,38.915023409087084],[16.797699961169016,38.92585714932146],[16.61332992027546,38.82732733364763],[16.52220252464558,38.7250247823781],[16.57200149009968,38.457118593413256],[16.330693277819407,38.32074316616716],[16.052943262560618,37.93117483730974],[15.78523734520222,37.9097057210988],[15.710227045519602,37.94143637295427],[15.627475771410715,38.004211031157396],[15.62657741020466,38.2330814230031],[15.790868792040598,38.29639776821794],[15.933466944201243,38.539916597563646],[15.827300104601633,38.622733675200365],[15.989846262438547,38.73476370449724],[16.15220931480671,38.70126684780779],[16.21222594688679,38.777953706938646],[16.177208933336985,38.93099173184099],[16.082562479479563,39.01247366543474],[15.989552530749094,39.42835196133318],[15.824671778185618,39.660628877837084],[15.757021936877024,39.93362768765154],[15.666200670702707,40.09186133022966],[15.515924486620676,40.06594809170427],[15.432033571703684,39.988971315581225],[15.027263674242747,40.2121959554738],[14.898671183092844,40.24145849819841],[14.992320093615305,40.372218691069506],[14.951005014879954,40.551478944975756],[14.743317636950266,40.70481451626482],[14.334127459032786,40.59360464688005],[14.349769625170481,40.64252432461443],[14.494590792162668,40.72996100063982],[14.370310816271555,40.85147055264177],[14.239995989306223,40.8529430257863],[14.050873789294016,40.76751288052263],[13.941878351671946,40.99803503628435],[13.852500948412668,41.09095724697771],[13.797006639940989,41.193446718413256],[13.760507236067037,41.20669841656926],[13.81318839201747,41.31830386789061],[13.979230409071146,41.33490806959598],[13.995834610776512,41.351512271301345],[14.029043014187248,41.40132487641745],[13.962626207365776,41.46774168323892],[13.962626207365776,41.51755428835502],[13.929417803955044,41.6337837002926],[13.879605198838942,41.6337837002926],[13.879605198838942,41.66699210370333],[13.929417803955044,41.750013112230164],[13.863000997133572,41.7832215156409],[13.863000997133572,41.750013112230164],[13.647146374963796,41.799825717346266],[13.647146374963796,41.750013112230164],[13.597333769847694,41.799825717346266],[13.564125366436958,41.86624252416774],[13.630542173258428,41.93265933098921],[13.630542173258428,42.015680339516045],[13.580729568142324,42.048888742926785],[13.580729568142324,42.09870134804289],[13.414687551088651,42.19832655827509],[13.464500156204753,42.231534961685824],[13.414687551088651,42.36436857532876],[13.54752116473159,42.43078538215023],[13.630542173258428,42.53041059238244],[13.713563181785265,42.3975769787395],[13.763375786901367,42.46399378556097],[13.82979259372284,42.480597987266336],[13.82979259372284,42.56361899579318],[13.929417803955044,42.53041059238244],[13.995834610776512,42.61343160090928],[14.076401988771629,42.633776395633475]]],[[[14.942398104174387,36.7385631429738],[14.622022661669504,36.776141725737475],[14.215912851794016,37.04932364102068],[13.868404421313059,37.15695150967302],[13.011567148669016,37.524894319731615],[12.636879000170481,37.581500612456225],[12.532035860522043,37.638671480376146],[12.454147371752512,37.766009889799975],[12.516644510729563,37.91916998501482],[12.664325746996653,38.07249792690935],[12.782839807970774,38.11737784023943],[13.065952333910715,38.0669322835988],[13.322475466234934,38.220511995512865],[13.627963098986399,38.02980764980974],[13.809530291064036,37.966415010649584],[14.134472879870188,37.97345312710466],[14.765865358813059,38.05761297817888],[15.386741671068918,38.20554693813982],[15.453687700732004,38.16741522427263],[15.472892794115793,38.11005743618669],[15.422523531420481,38.05257376309099],[15.181032213671457,37.68228109951677],[15.112180742724192,37.4590335714406],[15.116248163683665,37.286944948393725],[15.301346811754954,37.0578990804738],[15.220631632311594,37.00037726040544],[15.027343782885325,36.745116792876146],[14.942398104174387,36.7385631429738]]]]}},{"type":"Feature","properties":{"name":"Hungary","subject":"Hungary","partOf":"Hungary","borderPrecision":1,"color":"#8f9a74"},"geometry":{"type":"MultiPolygon","coordinates":[[[[21.770678624203192,49.742980371796946],[21.770678624203192,49.59170527823286],[24.297108496353133,48.756523774011114],[27.170527686778343,47.97286399480424],[27.42832177808028,47.38362035754267],[27.627662557982354,46.927984289195074],[27.366442631580064,46.340239454789916],[26.517477870772616,45.81779960198533],[23.056313845942245,45.03413982277846],[22.664483956338806,44.64230993317502],[22.337959048335943,44.772919896376166],[22.07673912193365,44.4463949883733],[21.358384324327346,44.772919896376166],[20.99418346540108,44.70007972459091],[20.70533450832162,44.64230993317502],[20.313656921379664,44.90109301699363],[20.290670943833447,44.89965639339699],[19.785081820473508,44.93614220642296],[18.938647478225867,44.39284710615879],[17.75376376327749,44.39284710615879],[17.457542834540394,44.14599633221121],[16.865100977066206,44.24473664179024],[16.70147612999226,43.84666021938982],[16.71152022789265,43.771327577788256],[16.639813456042063,43.389735780913256],[16.54851058433796,43.46131476040544],[16.36674788902546,43.51302298184099],[16.05940726707722,43.43347891445818],[15.91283515404011,43.652247987944506],[15.494369067141948,43.88844455798436],[15.412318262560618,43.93475683804216],[15.14946845482136,44.239928804594896],[15.274405512316477,44.23661383267107],[15.548222574694407,44.22934683438005],[15.285944017870676,44.328918062407396],[14.989106211169016,44.54002722378435],[14.906961473925364,44.72332342739763],[14.945532831652415,44.92658957119646],[14.815391573412668,45.07786902065935],[14.524585756762278,45.2662845480031],[14.354488405688059,45.32289084072771],[14.526666474793355,45.78300406371435],[14.798469888441076,45.864545087808665],[14.880010912535393,45.48402030870186],[15.423617739830839,45.42965962597231],[15.46982432015095,45.73407944925776],[16.122152512905483,45.581869537615034],[16.209129605272757,45.73407944925776],[16.078663966721848,45.886289360900484],[16.209129605272757,46.147220638002295],[16.448316609282752,46.103732091818664],[16.535293701650023,46.364663368920475],[16.296106697640028,46.40815191510411],[16.513549428558203,46.62559464602229],[16.448316609282752,46.777804557665014],[16.448316609282752,46.930014469307736],[16.55703797474184,47.060480107858645],[16.55703797474184,47.190945746409554],[16.644015067109112,47.299667111868644],[16.55703797474184,47.495365569695004],[16.622270794017293,47.734552573704995],[16.796224978751837,47.843273939164085],[17.407782659459215,47.82152966607227],[17.46214334218876,48.06615273835522],[17.21752026990581,48.06615273835522],[17.190339928541036,48.446677517462035],[17.35342197672967,48.96310400339271],[17.869848462660343,48.80002195520407],[18.11447153494329,48.85438263793362],[18.11447153494329,48.99028434475748],[18.22319290040238,48.99028434475748],[18.25037324176715,49.18054673431089],[18.522176655414874,49.561071513417694],[18.926706865198327,49.62196029694568],[19.10823697747523,49.59170527823286],[19.13849199618805,49.71272535308413],[19.38053214589059,49.80349040922258],[19.562062258167497,49.71272535308413],[19.562062258167497,49.53119524080722],[19.713337351731585,49.53119524080722],[19.89486746400849,49.47068520338159],[20.015887538859765,49.80349040922258],[20.34869274470076,49.742980371796946],[20.530222856977666,49.80349040922258],[20.681497950541754,49.652215315658495],[20.89328308153148,49.742980371796946],[20.802518025393027,49.833745427935405],[20.89328308153148,49.833745427935405],[20.98404813766993,49.742980371796946],[21.13532323123402,49.833745427935405],[21.28659832479811,49.77323539050977],[21.316853343510925,49.86400044664822],[21.768063558826285,49.74367772256412],[21.770678624203192,49.742980371796946]]]]}},{"type":"Feature","properties":{"name":"France","subject":"France","partOf":"France","borderPrecision":1,"color":"#b47c6f"},"geometry":{"type":"MultiPolygon","coordinates":[[[[1.986621837110389,50.21967208746092],[1.986621837110389,50.08157438920864],[2.147735818404716,50.05855810616659],[2.400914931867229,50.196655804418874],[2.677110328371789,50.15062323833478],[2.907273158792256,49.94347669095636],[3.482680234843423,49.92046040791431],[3.82033001120957,50.039445521437685],[4.255215473045926,49.887235609794956],[5.36112920249578,49.69675577751063],[5.90925621463087,49.20085986849826],[5.903866258867552,49.19576772547515],[5.611623228513521,49.20968406025391],[5.722953906743628,48.95919003423617],[5.876033589310025,49.07052071246628],[6.001280602318896,48.90352469512112],[5.834284584973735,48.77827768211225],[6.015196937097659,48.65303066910338],[5.945615263203843,48.34687130397059],[6.237858293557874,48.29120596485553],[6.251774628336637,47.95721393016521],[6.098694945770239,48.026795604059025],[6.056945941433949,47.95721393016521],[5.959531597982606,47.985046599722736],[5.959531597982606,47.80413424759881],[5.820368250194973,47.734552573704995],[5.917782593646315,47.59538922591736],[5.792535580637445,47.51189121724478],[5.778619245858682,47.35881153467838],[5.736870241522391,47.233564521669514],[5.667288567628574,47.10831750866064],[5.793872737744618,46.997236946148426],[5.757015581792151,46.88666547829103],[5.646444113934752,46.84980832233856],[5.625539563292284,46.64907846096145],[5.739656949946519,46.59782978796446],[5.724926528799609,46.47998641878918],[5.645716162473713,46.45672279658608],[5.415587684714501,46.52417768222991],[5.268283473245402,46.31795178617317],[5.53343105388978,46.096995468969524],[5.53343105388978,46.008612942088064],[5.356666000126862,46.052804205528794],[5.356666000126862,45.87603915176587],[5.60708315962433,45.84657830947206],[5.823360340392609,45.39624171904667],[5.934538658234073,45.3221228404857],[5.946891804660902,45.26035710835155],[6.058070122502366,45.22329766907106],[6.033363829648708,45.33447598691252],[6.082776415356025,45.37153542619301],[6.144542147490172,45.3221228404857],[6.218661026051148,45.346829133339355],[6.268073611758465,45.3221228404857],[6.243367318904806,45.29741654763204],[6.280426758185294,45.1985913762174],[6.507319483263743,45.115707002837084],[6.665318045122874,44.954520784575365],[6.942603620989573,44.868651949126146],[7.003469976885569,44.719535433012865],[6.924694094164622,44.715018831450365],[6.782917532427561,44.54787405605974],[6.869778189165842,44.3491702901906],[6.786905761685297,44.29681168705886],[6.786905761685297,44.197986515644224],[6.836318347392615,44.11151449065642],[6.885730933099932,44.14857392993691],[6.93514351880725,44.136220783510076],[6.972202958087737,44.0621019049491],[6.996909250941396,44.04974875852227],[6.92279037238042,43.975629879961296],[6.959849811660908,43.91386414782715],[6.885730933099932,43.90151100140032],[6.92279037238042,43.81503897641252],[7.355150497319446,43.90151100140032],[7.397118601305735,43.76409491177263],[7.297616514666331,43.66730078335466],[6.923080000384104,43.44766577358904],[6.52301410148884,43.15085180874529],[6.331224951250803,43.111869417387865],[6.187778505785715,43.09228857632341],[5.828570398791086,43.02081640835466],[5.646554979784739,43.033317171294115],[5.434490236742747,43.103656374174975],[5.051816973192942,43.32809790249529],[4.909845861895334,43.366439424712084],[4.750594648821604,43.35325964565935],[4.646513971789133,43.32086523647966],[4.416764769060862,43.34614523525896],[4.078196081621897,43.487086855132006],[3.807468924029124,43.46722754116716],[3.478712830050242,43.31209524746599],[3.317868027193796,43.19595297451677],[3.067900213701975,42.944564424712084],[3.039267615416889,42.86919481996821],[2.948875128434636,42.882970675163364],[2.824998419760575,42.849753178372794],[2.701121711086515,42.73002220618929],[2.489624891399095,42.71892429041346],[2.48056074198392,42.68561863167925],[2.272085305434892,42.69006041846055],[2.102887849684956,42.61450685035179],[1.728236340524384,42.501004432498135],[1.731257723662776,42.54553979026787],[1.79168538643061,42.57892047388559],[1.755428788769909,42.596716202383234],[1.577167183604798,42.64785062076061],[1.45631185806913,42.61895371848023],[1.320455842331889,42.60500633270461],[1.307450088961374,42.63517340298357],[0.744199428065073,42.77189215298357],[0.584142002566111,42.77189215298357],[0.591923627360117,42.6283336507863],[0.347843679888499,42.63517340298357],[0.196265372736704,42.6078258382863],[0.179550382597697,42.66251715298357],[-0.165626824544418,42.64883764858904],[-0.203663793103445,42.70031317349138],[-0.216141254352081,42.7172008382863],[-0.409914609687078,42.785567842680834],[1.637846457178183,45.80104282308255],[1.637846457178183,46.03285851209982],[1.29012292365228,46.30331014928663],[0.362860167583204,46.30331014928663],[0.131044478565933,46.03285851209982],[-0.718946381164052,46.03285851209982],[-1.256056633488882,46.30683096523943],[-1.402668443219412,46.40393408413591],[-1.71072646667217,46.448791109282396],[-1.942478147046316,46.70579870815935],[-2.129660335080374,46.85084494229021],[-2.004645553128469,47.04250296230974],[-2.109477606312979,47.124042116362475],[-2.263749804990042,47.18288382168474],[-2.493711915509451,47.24692114468279],[-2.575529757355312,47.32396831567053],[-2.010361521016347,47.745650369834415],[-1.75196905427781,48.17821145459153],[-1.999109269065851,48.67695685862887],[-2.07596763649823,48.65615805240039],[-2.200072136315125,48.598983369783205],[-2.342885461243409,48.67414816470508],[-2.636378016861695,48.55200155825977],[-2.79053541699292,48.58958014102344],[-2.914459433945435,48.70678671450977],[-3.091225352677125,48.87155111880664],[-3.435057845505494,48.83645971866016],[-3.557670083435791,48.810077272371096],[-3.607873406800049,48.692950807527346],[-3.821306434067505,48.721149049714846],[-3.902217355164307,48.64596136660938],[-3.998872962387818,48.73053701968555],[-4.251477208527344,48.65191229434375],[-4.488299336823243,48.61226614566211],[-4.625704255493897,48.546668611482424],[-4.761963334473389,48.55200155825977],[-4.779634442695328,48.35477408049929],[-4.779634442822683,48.3547740804738],[-4.761963334576834,48.552001558501146],[-4.625704255597341,48.5466686117238],[-4.488299336926687,48.61226614590349],[-4.251477208630789,48.65191229458513],[-3.998872962491262,48.73053701992693],[-3.902217355267751,48.645961366850756],[-3.82130643417095,48.721149049956225],[-3.607873406903494,48.692950807768725],[-3.557670083539236,48.810077272612475],[-3.435057845608938,48.83645971890154],[-3.091225352780569,48.87155111904802],[-2.914459434048879,48.706786714751146],[-2.790535417096365,48.58958014126482],[-2.636378016965139,48.552001558501146],[-2.342885461346853,48.67414816494646],[-2.200072136418569,48.598983370024584],[-2.075967636601675,48.65615805264177],[-1.870566812054861,48.71174200649919],[-1.857612696187246,48.60836752529802],[-1.591356840626943,48.6375003683156],[-1.456587758557546,48.683551393706225],[-1.575547900693167,48.76814230557146],[-1.58841225196575,48.88095053311052],[-1.563408580319631,49.036239229399584],[-1.579779472844351,49.22901114102068],[-1.63899978687023,49.21960791226091],[-1.891543593899954,49.526351534087084],[-1.941284146802175,49.70930441494646],[-1.524247136609304,49.652770601469896],[-1.250969496266592,49.6998782980031],[-1.28866049339031,49.52097281094255],[-1.177143421666372,49.33254965420427],[-1.023191001908529,49.39845999355974],[-0.464948442475546,49.351378999907396],[-0.23936493013953,49.285487734038256],[-0.203663793103445,49.29181250210466],[0.032870042426836,49.333705507475756],[0.330848249895823,49.454955660063646],[0.090372207863581,49.51055487271013],[0.115054044230234,49.60227545376482],[0.18937284062649,49.68102606411638],[0.528559717638743,49.82580145474138],[0.868757519228708,49.90724905605974],[1.27451888035084,50.00430258389177],[1.416228327257883,50.10984381313982],[1.551989111407053,50.2288089620656],[1.528296861155283,50.57772787686052],[1.588920149309885,50.821883760649584],[1.796177011821849,50.92141446466973],[1.825507855816062,50.24268837050297],[1.986621837110389,50.21967208746092]]],[[[1.87611845443989,42.31398733730974],[1.860095295466206,42.38231619450383],[1.860095295516235,42.38231619449024],[1.876118454487378,42.31398733730698],[1.87611845443989,42.31398733730974]]],[[[1.364396247370493,42.40964087124529],[1.348705086215033,42.53948172207337],[1.348705086318237,42.53948172183399],[1.364396247448618,42.409640871213426],[1.364396247370493,42.40964087124529]]],[[[-2.465543475735389,47.49438437086202],[-2.465543475540894,47.49438437075977],[-2.576483931872982,47.324866853759],[-2.576483932034719,47.3248668539113],[-2.465543475735389,47.49438437086202]]],[[[-4.390935388053524,47.94184836004228],[-4.390935388001221,47.94184836001758],[-4.364373650999572,47.82931097623392],[-4.364373651044119,47.829310976225756],[-4.390935388053524,47.94184836004228]]],[[[-4.312866178052175,48.10133322354021],[-4.350984063553778,48.20456656070424],[-4.350984063538331,48.204566560701174],[-4.312866177948731,48.10133322329883],[-4.700306382545573,48.06380423160189],[-4.700306382672537,48.06380423184099],[-4.312866178052175,48.10133322354021]]],[[[-4.388901677624929,48.29843863125505],[-4.350201573972039,48.39050634950665],[-4.350201573761719,48.390506349519534],[-4.388901677521485,48.298438631013674],[-4.58796831595886,48.25149496658296],[-4.587968316571462,48.25149496670427],[-4.388901677624929,48.29843863125505]]]]}},{"type":"Feature","properties":{"name":"Granada","subject":"Granada","partOf":"Granada","borderPrecision":1,"color":"#739b91"},"geometry":{"type":"MultiPolygon","coordinates":[[[[-2.624331441418875,36.811297975737475],[-2.761496749417532,36.69013937588396],[-2.915331569211233,36.69013937588396],[-2.969792333142507,36.741149507719896],[-4.446585622327078,36.72201880093279],[-4.757303681866873,36.48610647793474],[-5.216736283795584,36.4095950948781],[-5.374227490918386,36.2374759542531],[-5.386749711529959,36.109984956938646],[-5.424260106580007,36.071742616850756],[-5.457090821759451,36.167358003813646],[-5.487933125989187,36.173724733549975],[-5.485486474530447,36.065368257719896],[-5.660587277905691,36.00800665493669],[-5.85001417686199,36.071742616850756],[-6.20446106483196,36.282096468169115],[-6.304971662060964,36.454223238188646],[-6.2888807921574,36.57217749233904],[-6.444025006787527,36.62318380947771],[-6.500485864178884,36.718829714018725],[-6.421713319318044,36.7921634542531],[-6.632153954999197,37.02175100918474],[-5.200716368831257,37.53294991479995],[-3.964366027405822,37.45567801846086],[-2.624331441418875,36.811297975737475]]]]}},{"type":"Feature","properties":{"name":"Castile","subject":"Castile","partOf":"Castile","borderPrecision":1,"color":"#b47c6f"},"geometry":{"type":"MultiPolygon","coordinates":[[[[-8.806055036084402,41.889178835112475],[-8.860485997693289,42.01453360195818],[-8.798570600049246,42.19453009243669],[-8.64406296302532,42.41974981899919],[-8.805045094983328,42.631557069975756],[-8.941723790662039,42.82419546719255],[-9.173123326794851,42.85590323086443],[-9.24685951759075,42.900775514799975],[-9.270803418652761,43.048690401274584],[-9.197466817395437,43.15821417446794],[-9.013589826123464,43.28085669155779],[-8.849216428296316,43.32624395962419],[-8.595722165601003,43.339618288237475],[-8.310413327710378,43.35304983730974],[-8.250697103039968,43.43042715664568],[-8.22022434760784,43.61720999355974],[-7.979528871075857,43.74005468960466],[-7.636274781720388,43.72141226406755],[-7.15130230476116,43.55494269009294],[-6.807975736157644,43.523421846587084],[-6.467573609845388,43.56272467251482],[-6.20804640342449,43.640521608549975],[-5.979656186597097,43.70537909146013],[-5.820451226727712,43.705688081938646],[-5.537417855756033,43.577453218657396],[-5.224896398083914,43.507247530180834],[-4.802335706250418,43.46944388027849],[-4.110216107861746,43.45151098843279],[-3.847605910794485,43.43916281338396],[-3.417000499264944,43.37565191860857],[-3.195965257184255,43.446883760649584],[-3.007205691830862,43.55027350063982],[-2.768362489239919,43.53787573452654],[-2.367384400861013,43.32624395962419],[-2.142923348755842,43.331471028881836],[-2.139749668076309,43.13575517039523],[-2.555770270080988,43.076323655823124],[-2.674633299225183,42.42257699553006],[-2.199181182648406,42.24428245181377],[-2.080318153504212,42.065987908097476],[-2.3180442117926,42.065987908097476],[-2.258612697220503,41.82826184980909],[-2.130006796834982,41.81657040431949],[-2.149258710407844,41.49306810762246],[-2.301403387712412,41.49306810762246],[-2.301403387712412,41.26485109166561],[-2.035150202429417,41.226814922339464],[-1.921041694450992,40.61823621312119],[-2.301403387712412,40.39001919716434],[-2.301403387712412,40.23787451985977],[-1.997114033103276,40.0857298425552],[-1.997114033103276,39.97162133457678],[-1.806933186472564,39.85751282659835],[-1.997114033103276,39.74340431861992],[-1.997114033103276,39.59125964131536],[-1.806933186472564,39.47715113333693],[-1.806933186472564,39.17286177872779],[-2.035150202429417,39.24893411738008],[-2.035150202429417,38.60231923883566],[-1.806933186472564,38.52624690018338],[-1.806933186472564,38.25999371490038],[-1.654788509167997,38.1839213762481],[-1.654788509167997,37.91766819096511],[-1.883005525124849,37.95570436029125],[-2.035150202429417,37.84159585231282],[-1.921041694450992,37.65141500568211],[-2.149258710407844,37.23301714309455],[-1.940475192563284,36.951598726469896],[-2.23879739333843,36.72839697476091],[-2.355097499387014,36.82405050869646],[-2.624331441418875,36.811297975737475],[-3.964366027405822,37.45567801846086],[-5.200716368831257,37.53294991479995],[-6.632153954999197,37.02175100918474],[-6.947954621808279,37.14931448574724],[-7.010098424451101,37.16525992031755],[-7.227823701398123,37.225856386382006],[-7.491503682629812,37.208156191069506],[-7.487998452679861,37.216353975493334],[-7.351443734662283,37.644435487944506],[-7.242514577405203,37.810897432524584],[-6.844775167004812,38.100211702544115],[-7.028099027173269,38.239581667143725],[-7.393876519696462,38.29498633022966],[-7.317340817944753,38.499625765044115],[-7.089424577252615,38.79450186367693],[-6.933383431927908,38.961349092680834],[-7.00687452842449,39.05031546230974],[-7.211435761944998,39.29820593472185],[-7.430998769299734,39.52051504727068],[-7.301257100598562,39.57871206875505],[-7.084203687207449,39.59907492275896],[-6.878323045270193,39.70239599819841],[-6.85867592384075,39.791923128325365],[-6.884172883527029,40.214034639555834],[-6.824864831464041,40.65656622524919],[-6.857170548932302,40.86157950039568],[-6.834448781506765,41.06053503628435],[-6.796627965466726,41.092826448637865],[-6.241148915784109,41.320479952055834],[-6.111537900464285,41.41746100063982],[-6.139497724072683,41.52643927212419],[-6.518426862256277,41.74909933682146],[-6.58607956458782,41.85792120571794],[-6.70870443870281,41.96004446621599],[-6.859518495099294,41.9849124776906],[-7.098435845868337,41.86795385952654],[-7.918560948865164,41.88916739102068],[-8.157261338727224,42.08703955288591],[-8.405047383801687,42.002135835844896],[-8.806055036084402,41.889178835112475]]]]}},{"type":"Feature","properties":{"name":"Mamluke Sultanate","subject":"Mamluke Sultanate","partOf":"Mamluke Sultanate","borderPrecision":1,"color":"#a88992"},"geometry":{"type":"MultiPolygon","coordinates":[[[[34.93554213951374,29.418094240385912],[34.76433471153523,29.24668654080095],[34.54894927452351,28.731626115996264],[34.398840937121165,28.095985017973803],[34.32201293419148,27.828979097563646],[34.24119857261921,27.75892027493181],[34.0580053658321,27.79031332607927],[33.85604384849812,28.024955354887865],[33.50405791710163,28.329183183867357],[33.33074096153523,28.551192842680834],[33.17847350548054,28.995608888823412],[32.94378188560749,29.19842108364763],[32.81360534141804,29.477700792509935],[32.73727706383015,29.693547807890795],[32.647959742052805,29.85220106716814],[32.43838027427937,29.775519930083178],[32.318491968615305,29.54019697781267],[32.59057525108601,28.93719633694353],[32.64934447716023,28.765781007964037],[32.934676203234446,28.37882574673357],[33.35421660850788,27.90954741116228],[33.566939386828196,27.36995085354509],[33.80406478355671,26.93206938381853],[33.928809198839915,26.56382330532732],[34.10422042320515,26.354524217802904],[34.514842066271555,25.573916994292162],[34.99740127037312,24.71719893093767],[35.189864191515696,24.39991911526384],[32.51417897995226,23.73314148844132],[30.818889214610206,23.659433237774273],[29.344724201269287,24.0279744911095],[27.428309683926102,27.197429269792465],[25.438186915915864,28.00822002712997],[21.679066131896533,28.081928277797015],[17.970530295354642,28.61240420414305],[17.957158121569407,30.768363558012865],[18.537213358385813,30.4137454855031],[18.88543416821034,30.221221391013703],[18.91502669761921,30.204860292632006],[19.1245394081905,30.19894369717302],[19.31879586702798,30.255372139440905],[19.32281592796589,30.25653990383806],[19.66391471336628,30.441501222807787],[19.981537851794016,30.721730791289232],[20.116768869860422,30.957103334624193],[20.11667922447468,31.07146795864763],[19.992096933825266,31.350774370390795],[19.94158271263386,31.611169420439623],[19.961470636828196,31.795470796782396],[20.068364176256907,32.037135683257006],[20.36572173546101,32.29824026699724],[20.515524897082102,32.387511812407396],[20.765051874621165,32.496032320219896],[21.05449775169636,32.630050264555834],[21.673419031603586,32.8155895101613],[22.21598914573933,32.79128988857927],[22.54312613914753,32.722072206694506],[22.922846827013743,32.55765875454607],[23.007332834704172,32.48158987637224],[23.026656183703196,32.25291021938982],[23.153338465197336,32.138812624174975],[23.28863624046589,32.13273199673357],[23.714034113390696,32.07642325039568],[23.74241927152661,32.064098049233976],[24.03440383384968,31.937314592558764],[24.236922296984446,31.92502363796892],[24.81585792015339,31.9071536886281],[24.95152572105671,31.818492494780443],[24.98223784874226,31.647012315947435],[25.10655311058308,31.513841234404467],[25.258229288561594,31.437919222075365],[25.50715545128132,31.444781862456225],[25.789500269396555,31.489841066557787],[26.143334421618235,31.490577303130053],[26.82399466942097,31.358560167509935],[27.088095697863352,31.306726061064623],[27.4387541146114,31.251824938017748],[27.763331446154368,31.182614885527514],[27.919449839098704,30.99868544216814],[28.099829706652415,30.999057375151537],[28.517182383044016,30.961799226958178],[28.966422113878977,30.784841142851732],[29.24884704063679,30.753661714751146],[29.35938170860554,30.81107100125017],[29.683102640612375,31.05317076321306],[30.099139246447336,31.231925569731615],[30.476056131823313,31.31528814907732],[30.8270597786739,31.43673666592302],[30.995955500109446,31.468850694853685],[31.15138152550007,31.443749986845873],[31.392270121081125,31.444261156279467],[31.717415842516672,31.38775213833513],[31.808123621447336,31.178281389433764],[32.07651046226765,31.013650499541185],[32.30937865684773,31.084018312651537],[32.59724334190632,30.963901125151537],[32.76873305748249,30.95155295010271],[33.02139190147663,31.132072054106615],[33.12956527183796,31.051686845976732],[33.25459960411335,31.026528917509935],[33.557601007921946,30.967715822417162],[33.70960906456257,30.99570997830095],[33.916968378527415,31.070052705962084],[34.146304163439524,31.20857962246599],[34.19527724693562,31.23814161892595],[34.50065902183796,31.621099077422045],[34.59913543175007,31.817897402007006],[34.681338343127024,32.045978151518725],[34.758502039416086,32.300719820219896],[34.84289077232624,32.670699678618334],[34.894969019396555,32.662833772856615],[34.956587824328196,32.704818330962084],[34.959082636339915,32.796657167632006],[34.97200683067585,32.938407503325365],[35.088973078234446,33.069259248930834],[35.13231185386921,33.23151739712419],[35.20838836143757,33.33358725186052],[35.356089624865305,33.63978155728044],[35.34855941246296,33.74446829434099],[35.42986586998249,33.74446829434099],[35.49185088585163,33.83082541104021],[35.52440169761921,33.9747691976613],[35.532080683214915,34.118705354887865],[35.7162084908321,34.312369905669115],[35.82100585411335,34.343776308257006],[35.873065027697336,34.422286592680834],[35.85191634605671,34.492946230132006],[35.7507543892696,34.74680670376482],[35.80885222862507,35.01379736538591],[35.841380152209055,35.04263266201677],[35.796431574328196,35.270717226225756],[35.60734084556843,35.41754492397966],[35.663958582384836,35.45949514980974],[35.680430445177805,35.52767141934099],[35.7331762642696,35.58536108608904],[35.69143203209187,35.68502005215349],[35.739504847033274,35.690265260893725],[35.85594466636921,35.83450277920427],[35.829051050646555,35.884784303862475],[35.71850493858601,36.09155615444841],[35.66494658897663,36.133529268462084],[35.70863250206257,36.21223410244646],[35.8141377527435,36.29849189880415],[38.372162177518426,35.14088777601609],[38.03644933743952,34.59718847372219],[37.211895121902344,33.56649570430072],[36.52476660895469,31.161545908983946],[36.593479460249455,29.78728888308865],[37.363535735251304,27.957371649593455],[37.420911989940144,27.834118954335942],[39.07421328931933,25.50213950445042],[40.179837049325016,24.0279744911095],[41.13804430799661,22.406392976434496],[41.81245652795076,21.71258711091823],[41.922550674907015,20.766511713616357],[40.81975844810749,19.68472059841814],[40.69382003258015,19.868707262236498],[40.336348566515696,20.096686922270678],[39.76407912681843,20.40679510708513],[39.526900324328196,20.692212663847826],[39.16673949669148,21.218801103789232],[39.13041213463093,21.650762163359545],[39.10333922813679,22.0001655447072],[39.1021948189571,22.400445543486498],[39.05560210655476,22.571889482695482],[38.91509536216999,22.87021406765642],[38.490122827990305,23.612683855254076],[38.329417261584055,23.83471830959978],[37.988421473009836,24.11356123562517],[37.78184798668171,24.214786134917162],[37.55722335289265,24.27148588772478],[37.41881087730671,24.398265443999193],[37.201453241808665,24.65831335659685],[37.26854232261921,24.969781480986498],[37.21826842735554,25.166631303984545],[37.00525573204304,25.534686647612475],[36.669295343859446,26.016835771757982],[36.329762091157946,26.40276266471046],[36.31222442100788,26.42269667263689],[35.831072840197336,27.095153413969896],[35.59481337974812,27.51398619290056],[35.43649581383015,27.72965582485857],[35.111590418322336,28.072061144072435],[34.87561706016804,28.0969730245656],[34.76388076256062,28.096747957426928],[34.798899683459055,28.230243288237475],[34.88559249351765,28.357480608183764],[35.025679621203196,28.948632799345873],[35.07210448692585,29.21136053677263],[35.09547332237507,29.342677675444506],[35.0733976692989,29.418868623930834],[34.98467925499226,29.46721991177263],[34.9542570442989,29.43680914517107],[34.93554213951374,29.418094240385912]]]]}},{"type":"Feature","properties":{"name":"Hafsid Caliphate","subject":"Hafsid Caliphate","partOf":"Hafsid Caliphate","borderPrecision":1,"color":"#8aa0a8"},"geometry":{"type":"MultiPolygon","coordinates":[[[[6.502893292137678,32.73261356640473],[5.681251390019595,32.815410169955875],[2.453117778055347,32.6686768239575],[-1.081275251404989,32.45392569180193],[-1.802211619772074,32.42724029347477],[-1.610150661961782,33.04845007534685],[-1.681131210820425,33.25781592007341],[-1.673919525639761,33.82995184536638],[-1.66398951102947,34.20505484219255],[-1.738150325314749,34.605094515044115],[-1.823284712331045,34.69997366543474],[-2.076577034489858,34.825675569731615],[-2.192973938481558,35.0542484151906],[-2.035251822964895,35.05456884976091],[-1.738327947156179,35.11883123989763],[-1.495096531407583,35.23390158291521],[-1.32910570193981,35.48890646572771],[-1.146667149560201,35.62936743374529],[-0.917491999165762,35.66803701992693],[-0.734306839005697,35.73846014614763],[-0.428770822183836,35.86006888027849],[-0.282988813416708,35.758475862700365],[-0.203663793103445,35.75072058315935],[-0.091654170946825,35.73976858730974],[0.01531081209923,35.803668581206225],[0.198671731455576,36.033309541899584],[0.474390897257578,36.22496374722185],[0.781242343886149,36.384852968413256],[1.057602915270579,36.46185644741716],[1.579693111880076,36.51388891812029],[2.29377416084553,36.540824495512865],[2.524363550646555,36.57315024014177],[2.809869083864939,36.71390112515154],[3.070006403429758,36.61885794277849],[3.32383778999592,36.65123327847185],[3.586873087389719,36.79195364590349],[3.741224560244333,36.83686789150896],[4.163919004900706,36.831351839262865],[4.394624266131174,36.83819159146013],[4.532551798327219,36.81298407192888],[4.632117304308665,36.794066988188646],[4.777191671831858,36.74338492031755],[5.144465002520334,36.66767843838396],[5.382732424242747,36.67453344937029],[5.7301621765926,36.75170477505388],[6.04739383171345,36.84155615444841],[6.322870287401926,37.09064825649919],[6.770537409289133,36.862147890288256],[6.923042807085764,36.81784018154802],[7.063241037829172,36.881854616362475],[7.204853090746653,36.99046667690935],[7.306981119616282,37.060782991606615],[7.544922861559641,37.04214438076677],[7.71904328773762,36.95327719326677],[7.792040857775461,36.83235891934099],[7.91317466209675,36.77524908657732],[8.145014795763743,36.813949190337084],[8.63670924614216,36.88525732632341],[8.865518602831614,36.96835287686052],[9.150280031664622,37.17287405605974],[9.416118654711497,37.27537878628435],[9.732199701769602,37.2823978292531],[10.021354708178293,37.200133882719896],[10.13273433159138,37.10474737759294],[10.158871683581125,36.99647482510271],[10.271508249743235,36.7545543539113],[10.392797502978098,36.716571413237475],[10.580582651598704,36.793422304350756],[10.843251261217844,36.99148901577654],[11.02375701378132,37.068324648100756],[11.039403948290598,36.90904577847185],[10.920062098009836,36.65393789883318],[10.633412394030344,36.42401465054216],[10.509244951708567,36.213553987700365],[10.511460337145579,36.08616980190935],[10.602607759936106,35.88894613857927],[10.830826792223704,35.679278932768725],[10.988951715929758,35.622298799712084],[11.125108751757395,35.24060782070818],[11.082800898058665,35.14503439541521],[10.839357408983957,34.80115469570818],[10.574025186999094,34.6481090414113],[10.11642173240925,34.2341686117238],[10.019480738146555,34.081473909575365],[10.148656877978098,33.87839850063982],[10.412600550158274,33.63112600918474],[10.650217089159739,33.49818380947771],[10.778140100939524,33.47303351040544],[10.956539186938059,33.575057588774584],[11.099118265612375,33.53722723599138],[11.208920511706125,33.25152166958513],[11.470686945421946,33.1440921651906],[12.117019686205637,32.87850149746599],[12.564756426317942,32.73963888760271],[12.798863443835032,32.73376806851091],[13.187125238878977,32.79175909634294],[13.458779367907297,32.77960928555193],[14.15702346275593,32.67937811489763],[14.43342784355427,32.46390875454607],[14.790810617907297,32.362994753081225],[15.009786638720286,32.3634410726613],[15.163704905016672,32.274806581694506],[15.24143508384968,32.17330130215349],[15.358129534228098,31.80502279873552],[15.533408197863352,31.551215730864428],[15.843325647814524,31.28500326748552],[16.013379129870188,31.228170000273607],[16.3183870644405,31.165261827666185],[16.78251937340046,31.128097139555834],[16.983780893786204,31.09674223538103],[17.42162993858601,30.99598654385271],[17.708979639513743,30.894923769194506],[17.957158121569407,30.768363558012865],[17.970530295354642,28.61240420414305],[17.001952545304682,28.750951383364868],[12.532702649482994,30.804904526976536],[7.892289991693662,32.592604485305216],[6.502893292137678,32.73261356640473]]]]}},{"type":"Feature","properties":{"name":"Trebizond","subject":"Trebizond","partOf":"Trebizond","borderPrecision":1,"color":"#b69578"},"geometry":{"type":"MultiPolygon","coordinates":[[[[37.252825769884836,41.02772101040544],[37.821841272814524,41.00963171597185],[38.31396392296101,40.92090185757341],[38.65118316124226,40.921569429594896],[39.13864425133015,41.04431875820818],[39.37017730186726,41.06399878140154],[39.66300490806843,41.00049551602068],[40.00671294639851,40.95632895107927],[40.36101439903523,40.96344336147966],[40.60989287803913,41.02802618618669],[41.29311660240437,41.28582342739763],[41.48396209190632,41.436542116362475],[40.761755490366085,40.56876775325952],[40.204431744294425,40.35977134848265],[38.81112237911529,40.150774943705784],[37.766140355230945,40.2901058802237],[37.252825769884836,41.02772101040544]]]]}},{"type":"Feature","properties":{"name":"Seljuk Caliphate","subject":"Seljuk Caliphate","partOf":"Seljuk Caliphate","borderPrecision":1,"color":"#b3a46e"},"geometry":{"type":"MultiPolygon","coordinates":[[[[35.89087584923054,36.77111395474138],[35.67174056480671,36.60578497524919],[35.56761458824421,36.58741720791521],[35.50617125938679,36.55855520840349],[35.54760268638874,36.54018362637224],[35.49458983848835,36.443099580962084],[35.41708281944538,36.43260534878435],[35.38869765709187,36.45359381313982],[35.35417846153523,36.414237581450365],[35.22052672813679,36.38800390835466],[35.07137206505085,36.4877086507863],[34.869910273058665,36.576922975737475],[34.66238311241413,36.64777334805193],[34.4851293892696,36.62678106899919],[34.103220972521555,36.38032492275896],[33.95171264122273,36.251578890044115],[33.95405486534382,36.15975912686052],[33.89098266075398,36.13877447720232],[33.83587554405476,36.10729559536638],[33.833697351916086,36.07057150479021],[33.753176722033274,36.14664038296404],[33.481699976427805,36.05428274746599],[33.171336206896555,35.97088202114763],[32.904116663439524,35.97669561978044],[32.64034179161335,36.00799902554216],[32.334979090197336,36.12836798306169],[31.902007135851633,36.4968639242238],[31.370690378649485,36.71234472866716],[30.905310663683665,36.794215761382006],[30.593590769274485,36.76173361416521],[30.5400667519405,36.64696081753435],[30.496651682360422,36.37298163052263],[30.47283271263386,36.18825491543474],[30.394862207873118,36.11804541226091],[30.27989295433308,36.11780508633318],[30.16613105247761,36.18761786099138],[29.661955866320383,36.07834585781755],[29.471932444079172,36.09069403286638],[29.298188242419016,36.17311819668474],[29.00225165794636,36.69479712124529],[30.59059712455841,37.78214902290126],[30.729928061076322,39.663116665893085],[31.983906489737542,39.663116665893085],[34.491863347059976,40.91709509455431],[34.66290954063679,41.87558325405779],[35.001868280871165,42.04316290493669],[35.09883025596882,41.80586203213396],[35.286074671252024,41.67147787686052],[35.41143706749226,41.626815401274584],[35.67785552452351,41.62093313809099],[35.95779326866413,41.68564566250505],[36.16136840294148,41.35250052090349],[36.38289550255085,41.23751791592302],[36.641245874865305,41.31498297329607],[36.81701186607624,41.28968390103044],[37.252825769884836,41.02772101040544],[37.766140355230945,40.2901058802237],[38.81112237911529,40.150774943705784],[40.204431744294425,40.35977134848265],[40.761755490366085,40.56876775325952],[41.48396209190632,41.436542116362475],[41.21175255866366,40.243789637859564],[39.14792153998637,38.62220812318456],[38.60968854741831,38.36804254336075],[36.49442451597273,37.36916786184477],[36.78925751864091,37.00062660850955],[35.89087584923054,36.77111395474138]]]]}},{"type":"Feature","properties":{"name":"Ilkhanate","subject":"Ilkhanate","partOf":"Ilkhanate","borderPrecision":1,"color":"#b3a46e"},"geometry":{"type":"MultiPolygon","coordinates":[[[[45.8608618111446,42.474147402007006],[47.39487912288488,42.58778552685864],[47.84404281090046,42.621059023100756],[47.969927820666086,42.59408529873552],[48.13178161094929,42.40525396938982],[48.2217016548946,42.27936895962419],[48.41952422569538,42.09053763027849],[48.50044921348835,41.92868383999529],[48.662303003771555,41.90171011563005],[48.683238062365305,41.83590658779802],[48.89249709556843,41.68698462124529],[48.99886992882038,41.51678808804216],[49.115881952746165,41.4316898214406],[49.24352935264851,41.29340323086443],[49.28607848594929,41.05938299771013],[49.34990218590046,40.95301016445818],[49.477549585802805,40.83600195522966],[49.60519698570515,40.76153906460466],[49.60519698570515,40.68707617397966],[49.80730346153523,40.58070334072771],[50.0200529427364,40.6019779073781],[50.190249475939524,40.570067964751146],[50.31789687584187,40.495605074126146],[50.42426970909382,40.410506807524584],[50.4668188423946,40.32540854092302],[50.4668188423946,40.26158484097185],[50.30725768516804,40.32540854092302],[50.12642577598835,40.34668310757341],[50.03068831871296,40.34668310757341],[49.913680109484446,40.32540854092302],[49.849856409533274,40.27222403164568],[49.66902068565632,40.24031027432146],[49.57328322838093,40.17648657437029],[49.55200866173054,40.091388307768725],[49.54137328575398,39.87864264126482],[49.48818496177937,39.76163061733904],[49.445635828478586,39.655257784087084],[49.403086695177805,39.48506125088396],[49.498824152453196,39.378688417632006],[49.48818496177937,39.29359015103044],[49.381812128527415,39.325500093657396],[49.33926299522663,39.282950960356615],[49.30735305259968,39.13402899380388],[49.27543929527546,39.017020784575365],[49.22225478599812,39.038295351225756],[49.179705652697336,39.14466818447771],[49.115881952746165,39.18721731777849],[49.041419062121165,39.14466818447771],[49.020144495470774,39.00638159390154],[49.05205825279499,38.9319225179738],[48.99886992882038,38.87873419399919],[48.945681604845774,38.83618506069841],[48.988230738146555,38.719176851469896],[48.824954065783274,38.30957754727068],[48.83150771568562,38.3063121664113],[48.809187921984446,37.98856695767107],[48.74478057335163,37.727016054350756],[48.837229761584055,37.51097448940935],[49.05953124473835,37.39755972500505],[49.475806269152415,37.291610323149584],[49.84801391075398,37.268214784819506],[50.038714441759836,37.22470434780779],[50.11132338951374,37.09775503750505],[50.25221160362507,36.89478644009294],[50.56095412681843,36.686427675444506],[51.41704085777546,36.45569189663591],[51.79552367637898,36.43234976406755],[51.993052515490305,36.45890387173357],[52.60216430137898,36.57688101406755],[53.139014276964915,36.64352758999529],[53.79965499351765,36.67903860684099],[53.98448852012898,36.781913362700365],[54.06743911216999,36.94152411099138],[54.008704218371165,37.34868963833513],[54.015112909777415,37.348327242094896],[53.98521712730671,37.517726503569506],[53.927752527697336,37.824218355376146],[53.87986281822468,38.025355898100756],[53.937327417834055,38.15944632168474],[53.937327417834055,38.331847749907396],[53.937327417834055,38.57129629727068],[53.98521712730671,38.657497011382006],[54.03310683677937,38.79158743496599],[54.07141784141804,38.89694555874529],[55.6424460095712,40.05030547985856],[56.76865970461873,41.37238242621869],[60.025647028105865,42.361594483468096],[61.10958765728921,41.187325468519475],[62.01287151494199,41.187325468519475],[62.103199900707274,40.37436999663197],[63.729110844482285,39.47108613897919],[64.63239470213507,38.838787438622234],[66.52929080320592,38.1161603525],[66.70994757473647,37.21287649484722],[67.34224627509343,37.21287649484722],[67.8842165896851,36.85156295178611],[69.82627688363858,31.757041994624394],[68.23649729416968,29.37237261042104],[67.74817373612484,28.39449734646444],[66.30008986900593,25.494687639433764],[65.76880172203327,25.309339128691576],[65.21567061851765,25.270059190947435],[64.85119155357624,25.20576437588396],[64.42497542808796,25.173116289336107],[64.23826125572468,25.210826479155443],[64.12006667564656,25.312226854521654],[64.05922225425984,25.401034914214037],[63.650332483752024,25.336646639067553],[63.40352538536335,25.164601885039232],[63.01806167076374,25.15743979092302],[62.44957259605671,25.16259916897478],[62.13830092857624,25.104774080473803],[61.8132658333614,25.053256593901537],[61.569964441759836,25.039571367461107],[61.34399321983601,25.026860796172045],[60.85827544639851,25.095714174467943],[60.7522306771114,25.18442877407732],[60.479590448839915,25.29820593472185],[60.29817870567585,25.323236070830248],[59.654585871203196,25.321876131255053],[59.30209258507038,25.340196214873217],[59.03145888756062,25.307866655547045],[58.81800750206257,25.478932939726732],[58.74442580650593,25.535960756499193],[58.36867812584187,25.54787977810564],[58.109637293322336,25.547322832304857],[57.900454554064524,25.540891252715014],[57.805090937121165,25.64833029385271],[57.464880976183665,25.704793535429857],[57.32798293541218,25.787087999541185],[57.254771265490305,25.793286882597826],[57.24507049034382,26.01846274014177],[57.112402948839915,26.076190553862475],[57.06634047935749,26.307468019682787],[56.93497756431843,26.464543901640795],[56.929087671740305,26.75186689968767],[56.79043105552937,26.97391279812517],[56.683550867541086,26.968356691557787],[56.66781905601765,27.04989584561052],[56.43094924400593,27.106566988188646],[56.067767176134836,27.112168871123217],[55.89973357628132,27.104804598051928],[55.8053198189571,27.005092226225756],[55.65757277916218,26.996945940215014],[55.42489913414265,26.963107668120287],[55.34008696983601,26.79935225125017],[55.098128351671946,26.73744162197771],[54.92553237388874,26.53802641506853],[54.75987533043171,26.41062506313982],[54.64605620811726,26.39131888027849],[54.064944300158274,26.70138319607439],[53.63393691490437,26.74793966885271],[53.380679163439524,26.9095893728322],[52.89083388756062,27.05232390042009],[52.77987197349812,27.18784865017595],[52.63377669761921,27.314601503569506],[52.41038802574421,27.580957018095873],[51.961550745470774,27.776948534209154],[51.698863062365305,27.814521394926928],[51.611304316027415,27.82704123135271],[51.350134882433665,28.03613432522478],[51.082259211046946,28.51201971646013],[50.796755823595774,29.01329382534685],[50.702456507189524,29.133781038481615],[50.704722437365305,29.400607668120287],[50.359839472277415,29.74293478604021],[50.13237288902546,30.06642874355974],[49.71784881065632,30.002053819853685],[49.51097396324421,30.020675264555834],[49.45236495445515,30.07772596951189],[49.321360620959055,30.102862917143725],[49.235083612902415,30.223380647856615],[49.22222808311726,30.47745855923357],[49.02017119835163,30.43257101650896],[48.945723566515696,30.387942873198412],[48.80132964561726,30.08272513027849],[48.713843378527415,29.99996145840349],[48.55364898155476,29.994622789580248],[48.51058486412312,29.993188463408373],[48.21184829185749,29.948093019682787],[48.028277430041086,29.973121248442553],[47.95715239952351,29.947564684111498],[47.911360773546946,29.890292726714037],[47.935923609240305,29.80140646572771],[47.99603179405476,29.490258775908373],[47.84490874717976,29.50315436001482],[47.61403945396687,29.272241197783373],[47.80355742882038,29.184920870024584],[47.99150756309773,29.277490221220873],[48.1290617317989,29.268191896635912],[48.44353393028523,28.4402347433156],[48.462683710558665,28.385850511748217],[48.58751204918171,28.093883119780443],[48.75173858116413,27.871879183012865],[48.83184340904499,27.57345350857439],[48.85502150963093,27.522691332060717],[49.13191131065632,27.53597220059099],[49.243506464464915,27.479030214507006],[49.151927027209055,27.372457109648607],[49.2391577095821,27.28848799343767],[49.321604761584055,27.161550127226732],[49.427317652209055,27.131045900542162],[49.532542261584055,27.009526811797045],[49.93138411949421,26.9341255056447],[50.12176421592976,26.737586580473803],[50.09017470787312,26.61149176235857],[49.983958277209055,26.59574469204607],[49.93417266319538,26.48306807156267],[50.07624724815632,26.311841570097826],[49.9919767708614,26.04484137173357],[49.93686202476765,25.955783449370287],[50.01140502403523,25.835229479033373],[50.14689162681843,25.535644136626146],[50.21432403038288,25.588124834257982],[50.38191894005085,25.461173616606615],[50.429209742052805,25.18402250881853],[50.61889556358601,24.870853029448412],[50.606543573839915,24.68021734829607],[50.70592025230671,24.559718691069506],[50.77828124473835,24.47092970486345],[50.907393488390696,24.433082185942553],[50.968333277209055,24.436244569975756],[50.96494582603718,24.712745271880053],[50.89617827842976,24.909551225859545],[50.8473234505489,25.265224062163256],[50.93111327598835,25.538573824126146],[51.01538756798054,25.588124834257982],[50.988955530627024,25.67209395046892],[51.06882766197468,25.945460878569506],[51.21702102134968,26.066470705229662],[51.35766509483601,26.02896078701677],[51.388796839220774,25.887261949736498],[51.50592711876179,25.845275484282396],[51.53446486900593,25.75584753628435],[51.586672815783274,25.60911902065935],[51.53905394981648,25.420184694487475],[51.55285552452351,25.10153158779802],[51.606150660021555,24.98728712673845],[51.558917078478586,24.815652452666185],[51.412005457384836,24.605685793120287],[51.287825617296946,24.410777651030443],[51.2914152474239,24.28136786099138],[51.45416930626179,24.218226991850756],[51.52285293052937,24.160663210112475],[51.60644057701374,24.202647768217943],[51.58590224693562,24.003221117216967],[50.85731587293009,23.88040675589211],[48.61717190595118,25.686974471197686],[44.08318025137882,30.33699169344677],[40.0291220249877,34.3910499198379],[38.372162177518426,35.14088777601609],[35.8141377527435,36.29849189880415],[35.81724074791218,36.30102881069841],[36.09526351402546,36.48246344204607],[36.10452178428913,36.56117209072771],[36.0824308724239,36.62153204556169],[35.95679381798054,36.74749334927263],[35.89087584923054,36.77111395474138],[36.78925751864091,37.00062660850955],[36.49442451597273,37.36916786184477],[38.60968854741831,38.36804254336075],[39.14792153998637,38.62220812318456],[41.21175255866366,40.243789637859564],[41.48396209190632,41.436542116362475],[44.454025308090785,42.03174258669762],[45.25983714902755,42.43851801493287],[45.47791961143757,42.54860647793474],[45.648116144640696,42.54860647793474],[45.80767730186726,42.53797110195818],[45.8608618111446,42.474147402007006]]]]}},{"type":"Feature","properties":{"name":"Georgia","subject":"Georgia","partOf":"Georgia","borderPrecision":1,"color":"#739b91"},"geometry":{"type":"MultiPolygon","coordinates":[[[[41.48396209190632,41.436542116362475],[41.52111342857624,41.46583517666521],[41.666113886339915,41.729152284819506],[41.68046859215046,41.79333838101091],[41.65183547447468,42.1206432210988],[41.502722773058665,42.608478151518725],[41.40974334190632,42.78824194546404],[41.12255385826374,43.019088350493334],[43.54586158676001,42.83470520250434],[45.25983714902755,42.43851801493287],[44.454025308090785,42.03174258669762],[41.48396209190632,41.436542116362475]]]]}},{"type":"Feature","properties":{"name":"Khanate of the Golden Horde","subject":"Mongol Empire","partOf":"Mongol Empire","borderPrecision":1,"color":"#8b7fa6"},"geometry":{"type":"MultiPolygon","coordinates":[[[[29.629511866076243,45.750358186919115],[29.500430140002024,45.523368440825365],[29.536093744738352,45.4521976339406],[29.615916285021555,45.4102054464406],[29.683211359484446,45.37478979702654],[29.710764917834055,45.25833471890154],[29.06437215319496,45.1647497859796],[28.402156507925586,45.35938606658693],[28.36834704302339,45.33088004715959],[28.01860651185924,45.3154810971337],[27.82357750278407,44.838224877976735],[28.084797429186366,44.577004951574445],[27.954187465985218,44.250480043571585],[26.45217288917204,44.250480043571585],[25.472598165163447,43.728040190767],[24.623633404356,43.98926011716929],[24.231803514752556,43.79334517236757],[23.513448717146257,44.054565098769864],[22.9257038827411,43.79334517236757],[22.9257038827411,44.18517506197101],[22.468569011537088,44.38109000677273],[22.664483956338806,44.64230993317502],[23.056313845942245,45.03413982277846],[26.517477870772616,45.81779960198533],[27.366442631580064,46.340239454789916],[27.627662557982354,46.927984289195074],[27.42832177808028,47.38362035754267],[29.456202042798395,48.36469388440768],[29.84803193240183,49.278963626815695],[34.680600570844234,48.56060882920939],[37.03157990846486,49.73609849801971],[38.1417645956746,49.60548853481856],[38.27237455887575,50.91158816683002],[38.79481441168033,51.04219813003117],[40.688658878096945,50.97689314843059],[43.62738305012273,52.21768779884148],[43.62738305012273,53.91561732045638],[43.10494319731815,54.69927709966325],[43.62738305012273,54.96049702606554],[45.325312571737626,54.89519204446497],[45.71714246134106,55.287021934068406],[45.58653249813992,57.31147636368617],[45.96480886560179,57.734515685377644],[54.92163183184503,58.11297299381046],[55.465224704696695,58.13594170674786],[58.293141299587475,58.42450462459385],[61.881311869416805,59.851680200893746],[70.6872193104639,62.538697653787196],[77.03843393458506,61.974145242754204],[85.08330579180519,58.16341646828151],[93.97500626557478,56.89317354345729],[90,50.07330645934762],[88.38876015840334,50.4008208165779],[85.67890858544497,50.310492430812616],[82.42708669789495,49.587865344690385],[79.17526481034493,49.40720857315983],[70.50373977687818,50.129835659282065],[63.54845407295173,45.25210282795702],[60.025647028105865,42.361594483468096],[56.76865970461873,41.37238242621869],[55.6424460095712,40.05030547985856],[54.07141784141804,38.89694555874529],[54.03310683677937,38.992721162993334],[53.91817382286335,39.050189577299975],[53.77450469444538,39.1363902914113],[53.67872527550007,39.251327120024584],[53.65957168052937,39.31837042446794],[53.58294585655476,39.31837042446794],[53.49674514244343,39.33752783413591],[53.33392241905476,39.38541754360857],[53.24772170494343,39.29921682949724],[53.20941070030476,39.40457113857927],[53.24772170494343,39.45246084805193],[53.31476500938679,39.56739767666521],[53.37223342369343,39.51950796719255],[53.544634851916086,39.538661562163256],[53.73619368980671,39.500350557524584],[53.79366210411335,39.4907718526906],[53.812815699084055,39.54824026699724],[53.669146570666086,39.64401968594255],[53.55421355675007,39.65359839077654],[53.5159025521114,39.77811010952654],[53.59252456138874,39.89304693813982],[53.688303980334055,39.979247652251146],[53.506323847277415,39.99840124722185],[53.362654718859446,39.96009024258318],[53.19025329063679,39.96009024258318],[53.04658416221882,39.99840124722185],[52.98911574791218,39.93135794277849],[52.912493738634836,40.046290956694506],[52.84545043419148,40.18038138027849],[52.84545043419148,40.33362921353044],[52.82629302452351,40.46771963711443],[52.90291503380085,40.56349905605974],[52.95080474327351,40.70716436978044],[52.96996215294148,40.822101198393725],[53.01785186241413,40.946612917143725],[53.056162867052805,41.05197104092302],[53.15194228599812,40.89872320767107],[53.180674585802805,40.84125479336443],[53.257300409777415,40.764632784087084],[53.43927672813679,40.802943788725756],[53.61168197105671,40.74547918911638],[53.65957168052937,40.81252249355974],[53.64999297569538,40.879569612700365],[53.69788268516804,40.879569612700365],[53.7649259896114,40.86999090786638],[53.79366210411335,40.72632177944841],[53.84155181358601,40.640121065337084],[53.97564223716999,40.64969977017107],[54.10973266075398,40.678432069975756],[54.22466567466999,40.72632177944841],[54.33002379844929,40.68801077480974],[54.41622451256062,40.65927847500505],[54.45453551719929,40.71674307461443],[54.387488398058665,40.802943788725756],[54.36833480308796,40.89872320767107],[54.45453551719929,40.91788061733904],[54.502425226671946,40.85083349819841],[54.60778335045124,40.81252249355974],[54.72271636436726,40.85083349819841],[54.81849578331257,40.879569612700365],[54.828074488146555,40.984923921782396],[54.751448664171946,41.13817175503435],[54.59820464561726,41.243529878813646],[54.35875609825398,41.38719519253435],[54.16719726036335,41.48297461147966],[54.138464960558665,41.62664373989763],[54.119307550890696,41.779891573149584],[54.02352813194538,41.85651358242693],[54.02352813194538,41.95229300137224],[54.02352813194538,42.04807242031755],[53.98521712730671,42.10553701992693],[53.73619368980671,42.13427313442888],[53.45843413780476,42.09596212979021],[53.26687529991413,42.086383424956225],[53.06574157188679,42.028915010649584],[52.97954085777546,41.904403291899584],[52.94122985313679,41.7703128683156],[52.998694452746165,41.68411215420427],[52.96996215294148,41.55960043545427],[52.931651148302805,41.37762030239763],[52.96038344810749,41.272262178618334],[52.96996215294148,41.13817175503435],[52.855025324328196,41.38719519253435],[52.692202600939524,41.53086432095232],[52.71136001060749,41.60749014492693],[52.68262389610554,41.693690859038256],[52.55927184532429,41.757838808257006],[52.600745233996165,41.93767889614763],[52.573767694933665,42.0186038839406],[52.51981643150593,42.072555147368334],[52.58275893638874,42.18944891567888],[52.672678980334055,42.27936895962419],[52.73562148521687,42.42324026699724],[52.75360778282429,42.55811651821794],[52.83453277061726,42.648036562163256],[52.76259902427937,42.755939089018725],[52.58275893638874,42.827872835356615],[52.37594893883015,42.800895296294115],[52.295020136339915,42.87283285732927],[52.16014388511921,42.84585531826677],[52.0702238411739,42.827872835356615],[51.980303797228586,42.90880163784685],[51.88139632652546,43.05266913052263],[51.737525019152415,43.178554140288256],[51.58466247032429,43.178554140288256],[51.422808680041086,43.16956289883318],[51.422808680041086,43.25948294277849],[51.458777460558665,43.385367952544115],[51.36885741661335,43.556212984282396],[51.26095488975788,43.61016424771013],[51.17103484581257,43.7180667745656],[50.99119857261921,44.077743135649584],[50.95522979210163,44.20362814541521],[50.70345977257038,44.25757940884294],[50.388743433459055,44.29354818936052],[50.32580092857624,44.36548193569841],[50.33479217003132,44.56330450649919],[50.40672591636921,44.61725576992693],[50.54160598228718,44.64423330898943],[50.72144225548054,44.635238252837084],[50.874304804308665,44.626247011382006],[51.0901098580196,44.56330450649919],[51.332888636095774,44.482379518706225],[51.41381743858601,44.51834448452654],[51.57567122886921,44.554313265044115],[51.4857511849239,44.626247011382006],[51.36885741661335,44.68019827480974],[51.18902114341999,44.77011831875505],[51.09910109947468,44.87802084561052],[51.21599486778523,45.039874635893725],[51.34188369224812,45.05785711880388],[51.37784865806843,45.17475088711443],[51.458777460558665,45.309630953032396],[51.5127287239864,45.37257345791521],[51.629622492296946,45.35459097500505],[51.77349379966999,45.390555940825365],[51.84542754600788,45.43551596279802],[51.99829009483601,45.38156469937029],[52.10619262169148,45.38156469937029],[52.60973647545124,45.39955099697771],[53.059329065783274,45.33660467739763],[53.284129175646555,45.32761343594255],[53.2121916146114,45.36358221646013],[53.059329065783274,45.45349844570818],[52.843524012072336,45.50745352383318],[52.83453277061726,45.64232977505388],[52.92445281456257,45.73224981899919],[53.050337824328196,45.831161104399584],[53.149249109728586,45.95704611416521],[53.20320037315632,46.1908336507863],[53.257151636584055,46.31672247524919],[53.185217890246165,46.424621187407396],[53.12227538536335,46.49655874844255],[53.16723159263874,46.5864749776906],[53.284129175646555,46.67639502163591],[53.23017791221882,46.730346285063646],[53.185217890246165,46.865226350981615],[53.02336409996296,46.91917761440935],[52.86151030967976,46.937160097319506],[52.55578521202351,46.98212011929216],[52.465865168078196,46.910182558257006],[52.37594893883015,46.87421759243669],[52.14215758751179,46.838248811919115],[51.935347589953196,46.89220007534685],[51.79147628258015,47.009093843657396],[51.6745825142696,47.036071382719896],[51.36885741661335,47.09002264614763],[51.117083582384836,47.06304510708513],[50.82035354088093,46.91917761440935],[50.63152221153523,46.910182558257006],[50.27184966514851,46.68538626309099],[49.9481420845821,46.559501253325365],[49.723345789416086,46.532523714262865],[49.53451446007038,46.54151877041521],[49.40862945030476,46.43361624355974],[49.31320479820515,46.352687441069506],[49.23778441856648,46.26276739712419],[49.05794433067585,46.13688238735857],[48.88709929893757,46.082931123930834],[48.833148035509836,46.082931123930834],[48.833148035509836,46.01998861904802],[48.833148035509836,45.92107733364763],[48.770205530627024,45.88510855313005],[48.63532927940632,45.975028597075365],[48.482466730578196,45.88510855313005],[48.30262664268757,45.768214784819506],[48.01488784263874,45.71426352139177],[47.871016535265696,45.67829855557146],[47.75412276695515,45.71426352139177],[47.67319777916218,45.75023230190935],[47.628237757189524,45.73224981899919],[47.60126403282429,45.66031225796404],[47.65521148155476,45.54341848965349],[47.55630401085163,45.45349844570818],[47.4753752083614,45.318622194487475],[47.39445022056843,45.17475088711443],[47.25057891319538,44.98592337246599],[47.169653925402415,44.860038362700365],[47.02578261802937,44.78810080166521],[46.87292006920124,44.68019827480974],[46.80997756431843,44.53633078213396],[46.84594634483601,44.446410738188646],[46.99880507896687,44.356490694243334],[47.142676386339915,44.33850821133318],[47.22360137413288,44.20362814541521],[47.33150771568562,44.18564566250505],[47.43940642784382,44.03278311367693],[47.56529525230671,43.84395559902849],[47.53831771324421,43.67311056729021],[47.49336150596882,43.583190523344896],[47.520335230334055,43.511256777007006],[47.56529525230671,43.60117300625505],[47.61025527427937,43.75403555508318],[47.6642065377071,43.85294684048357],[47.73614028404499,43.861938081938646],[47.67319777916218,43.664115511137865],[47.57428649376179,43.50226172085466],[47.60126403282429,43.3224254476613],[47.65521148155476,43.277465425688646],[47.58327773521687,43.1875491964406],[47.56529525230671,43.007709108549975],[47.73614028404499,42.899806581694506],[47.79009154747273,42.85484655972185],[47.84404281090046,42.621059023100756],[47.39487912288488,42.58778552685864],[45.8608618111446,42.474147402007006],[45.80767730186726,42.53797110195818],[45.648116144640696,42.54860647793474],[45.47791961143757,42.54860647793474],[45.25983714902755,42.43851801493287],[43.54586158676001,42.83470520250434],[41.12255385826374,43.019088350493334],[40.969336542589915,43.076659761626146],[40.55709365318562,43.14658697720232],[40.25161651085163,43.26818426724138],[40.09806350181843,43.37755163784685],[39.458689722521555,43.832931123930834],[38.92371276329304,44.21186026211443],[38.55609038780476,44.385097109038256],[38.27700332115437,44.42320593472185],[38.10918334434773,44.493774019438646],[37.880373987658274,44.71894796963396],[37.774050745470774,44.74454077358904],[37.62174514244343,44.67330893154802],[37.47389129112507,44.69235952969255],[37.31793883751179,44.92420920010271],[36.95986846397663,45.227355562407396],[37.22774795006062,45.31201895352068],[37.4609709114864,45.31247671719255],[37.661265406115305,45.345233522612475],[37.70609572838093,45.57840307827654],[37.867877039416086,45.79251440640154],[37.98994353721882,46.00666006680193],[38.22715285728718,46.02009161587419],[38.45897963951374,46.07891424771013],[38.2649145455196,46.31855734463396],[37.970171961291086,46.441283785063646],[37.757098230822336,46.60319098110857],[37.8665991158321,46.65535696621599],[38.031863245470774,46.66868170376482],[38.40109160850788,46.7213512289113],[38.72273925255085,46.877921663481615],[39.282359156115305,47.07403143521013],[39.194094690783274,47.24295004482927],[39.159853968127024,47.26889380093279],[38.80024627159382,47.22916754360857],[38.209727320177805,47.15045889492693],[37.85925200889851,47.103744112212084],[37.42214492271687,47.07688101406755],[37.19263366173054,46.89442022915544],[36.86455825279499,46.809291444975756],[36.35396865318562,46.77579840298357],[35.85055831383015,46.66439016934099],[35.624331507189524,46.52106054897966],[35.41610244224812,46.494689546782396],[35.21237472008015,46.63714178677263],[35.04636672447468,46.357650362212084],[34.906809839709055,46.27302130337419],[34.69234755943562,46.25312765713396],[34.49565413902546,46.27870138760271],[34.06421569298054,46.26487311001482],[33.83908370445515,46.193053804594896],[34.12725737999226,46.06389959927263],[35.00805190513874,45.61194571133318],[35.031897577746165,45.53427466030779],[34.9900122017696,45.45001562710466],[35.063418421252024,45.34009894009294],[35.31667617271687,45.32118185635271],[35.54621795128132,45.37989386196794],[35.8497648567989,45.4452281820363],[36.323164972765696,45.439696871001146],[36.52104857872273,45.38828619595232],[36.41513350914265,45.271571718413256],[36.36711409996296,45.161483370024584],[36.264754328234446,45.09658774014177],[36.00469878624226,45.04433401699724],[35.865454706652415,45.031119905669115],[35.59955504844929,45.10174139614763],[35.386660608752024,45.08192404385271],[35.06732085655476,44.86172445889177],[34.61416152427937,44.8414684164113],[34.37224105308796,44.75717505093279],[34.13495543907429,44.53749807949724],[34.01372435997273,44.49212225552263],[33.66015532921101,44.52365835781755],[33.39549544761921,44.600490175444506],[33.55937865684773,44.93613775845232],[33.516673120959055,45.12350805874529],[33.397872004015696,45.25268133755388],[33.013491663439524,45.38137014980974],[32.926287683947336,45.38767202969255],[32.64344695518757,45.380633913237475],[32.575301203234446,45.361083589751146],[32.50324157188679,45.44510229702654],[32.902258905871165,45.67258032437029],[33.19164946983601,45.78977545376482],[33.53945830772663,45.874713503081225],[33.638838800890696,45.92677267666521],[33.52794555137898,46.13406332607927],[33.33253386925007,46.16611059780779],[32.9729338021114,46.14594992275896],[32.51644423912312,46.12558325405779],[32.202166590197336,46.17036017056169],[32.11410430382038,46.215621553618334],[31.925940546496165,46.409930788237475],[32.188792261584055,46.59223898525896],[31.951270136339915,46.86462744351091],[31.78104690025593,46.701861940581225],[31.53773406456257,46.701381288725756],[31.087231668932688,46.6355357992238],[30.832856211169016,46.576591097075365],[30.52046111534382,46.25140722866716],[30.432847403352774,46.175749569852435],[30.06882193992878,45.86140020962419],[29.729748758776438,45.76999243374529],[29.629511866076243,45.750358186919115]]]]}},{"type":"Feature","properties":{"name":"Scotland","subject":"Scotland","partOf":"Scotland","borderPrecision":1,"color":"#8aa0a8"},"geometry":{"type":"MultiPolygon","coordinates":[[[[-3.152525153653372,54.838058077055834],[-3.308701720731008,54.88473471279802],[-3.576675858990896,54.924483858305834],[-3.907677379147756,54.78966864224138],[-4.121606317059744,54.762435518462084],[-4.460701909558523,54.86240347500505],[-4.500273671643484,54.77510794277849],[-4.599911656872976,54.68775519009294],[-4.902518239514578,54.734115205962084],[-5.111419168011892,54.79407461758318],[-5.066654172436941,54.94846686001482],[-4.909992661969412,55.110343538481615],[-4.638357129590261,55.42791327114763],[-4.770515409009207,55.488421999174975],[-4.907764401929128,55.663871370512865],[-4.895102468030203,55.77210577603044],[-4.758425202862966,55.81971319790544],[-4.623294320599783,55.90796240444841],[-4.710717168347585,56.13130911465349],[-4.848367181317556,56.097159944731615],[-5.134628739850271,55.89342840786638],[-5.333552804486501,55.87952002163591],[-5.570167508618582,55.75051840420427],[-5.633057561413992,55.93986090298357],[-5.497018781201589,56.177272402007006],[-5.300114598767507,56.42866095181169],[-5.270704236523855,56.544147096831225],[-5.458254781262625,56.632140718657396],[-5.546579804913748,56.65235098477068],[-5.644504037396658,56.5162845480031],[-5.821677175061453,56.400497041899584],[-6.043546166913259,56.47476538296404],[-5.908959832684744,56.73325689907732],[-5.665934529797781,56.93784292813005],[-5.625289407269705,56.99921377773943],[-5.726338830487478,57.25800665493669],[-5.561600652234304,57.29925879116716],[-5.460639920727957,57.38814505215349],[-5.762965646283376,57.619777284819506],[-5.568463769452322,57.777389131743334],[-5.229971375958669,57.7096439230031],[-5.055585351483572,57.75101812954607],[-5.345933404462087,58.09274252529802],[-4.907128301160085,58.168963991362475],[-5.11271473457073,58.39491995449724],[-4.925559487836111,58.566955171782396],[-4.50985189964031,58.40292700405779],[-4.138885226742971,58.444816194731615],[-3.830548015134084,58.50719030972185],[-3.440544810788381,58.528548799712084],[-3.165008988873709,58.522201143462084],[-3.028389659421194,58.405746065337084],[-3.166374650494802,58.27510794277849],[-3.943202701108206,57.958419405180834],[-4.15045568038677,57.83481558438005],[-4.24850460578655,57.63632925625505],[-4.14842554618572,57.55452688809099],[-3.795819249646414,57.541530214507006],[-3.400818553464163,57.57644613857927],[-3.092637029187429,57.577025972563646],[-2.853980508343923,57.543319307524584],[-2.1503629355595,57.571979128081225],[-1.944626775281179,57.4016605245656],[-2.107808676259268,57.21033056851091],[-2.203161802785147,57.064811311919115],[-2.158947673337209,57.0143199789113],[-2.41314050246929,56.71725424404802],[-2.514751401440847,56.66733893032732],[-2.667135921017874,56.471000276762865],[-2.980528798596609,56.35358389492693],[-3.152406898038137,56.336818300444506],[-2.949428287045706,56.25300558682146],[-2.720856156842459,56.17819174404802],[-2.77286025573467,56.1713138448781],[-2.89533945609783,56.085502229887865],[-3.169811215893972,56.06210669155779],[-3.293507066266287,55.9739147054738],[-3.894964662091482,55.98506888027849],[-3.713039603726614,55.884696565825365],[-3.577178683774221,55.884696565825365],[-3.355851378934133,55.8426891195363],[-3.161462274090994,55.84568365688982],[-2.927901473538626,55.94603308315935],[-2.742131438748586,55.95718725796404],[-2.540346112744558,55.884696565825365],[-2.245011058346975,55.810966097075365],[-3.152525153653372,54.838058077055834]]],[[[-5.698169675366628,55.3307262289113],[-5.755679574506033,55.47726782437029],[-5.688657250897634,55.62812002773943],[-5.517836537854421,55.668021761137865],[-5.482397046582449,55.44269903774919],[-5.620342221753347,55.329520784575365],[-5.698169675366628,55.3307262289113]]]]}},{"type":"Feature","properties":{"name":"English territory","subject":"English territory","partOf":"English territory","borderPrecision":1,"color":"#8f9a74"},"geometry":{"type":"MultiPolygon","coordinates":[[[[-0.409914609687078,42.785567842680834],[-0.468836572663534,42.7513919698781],[-0.586789485709417,42.765060030180834],[-0.611982133881796,42.73087652798357],[-0.840018358723867,42.90865286465349],[-0.907353666321981,42.88129767056169],[-1.397272315518606,43.031756960112475],[-1.447552409665334,42.983878694731615],[-1.515127864377249,42.99756201382341],[-1.557671156422842,43.04543264980974],[-1.465651360051382,43.15488775845232],[-1.491382804410208,43.209621034819506],[-1.702391829983938,43.19593771572771],[-1.914577808873403,43.30541571255388],[-1.746070232884634,43.360160433012865],[-1.561407771603811,43.52442511196794],[-1.314379182355154,44.55896338101091],[-1.135849919812429,44.60010107632341],[-1.230320539967764,44.73041113491716],[-1.331778016583669,44.61382635708513],[-1.27551409293865,45.12873037930193],[-1.175191727177847,45.50050314541521],[-1.123440351979482,45.43161734219255],[-0.90036418725704,45.293910585600756],[-0.814226654069174,45.12184103604021],[-0.728486028210867,45.018642030913256],[-0.854702380196798,45.3214488851613],[-1.138394918935049,45.58316382046404],[-1.247395124928701,45.6881481039113],[-1.236505594746816,45.80004461880388],[-1.075199690358389,46.01461752529802],[-1.165981498257864,46.183681093413256],[-1.256056633488882,46.30683096523943],[-0.718946381164052,46.03285851209982],[0.131044478565933,46.03285851209982],[0.362860167583204,46.30331014928663],[1.29012292365228,46.30331014928663],[1.637846457178183,46.03285851209982],[1.637846457178183,45.80104282308255],[-0.409914609687078,42.785567842680834]]],[[[-0.203663793103445,53.52328451748552],[0.081015858156931,53.38622625942888],[0.174518886311304,53.29305990811052],[0.267848494751703,53.12666281338396],[0.250867608292353,53.04005392666521],[0.005501198871386,52.786666475493334],[0.326831850512278,52.707477174956225],[0.504670116408121,52.84751089688005],[0.741839024527323,52.90119513149919],[1.012664350970041,52.88841589565935],[1.375926765902292,52.8092418539113],[1.585714611513865,52.650043092924975],[1.691691669924509,52.311420046049975],[1.656872066958201,52.211783968169115],[1.511889729006541,52.025756441313646],[1.031286153300059,51.81272085781755],[0.686218056185496,51.56038626309099],[0.254172805054438,51.453597627837084],[0.80425361107136,51.37826880093279],[1.030067357523691,51.35884817715349],[1.189365777476084,51.40547140713396],[1.364680680735361,51.352904878813646],[1.334964427454722,51.12069662686052],[0.886016640169871,50.981891237456225],[0.888346943362009,50.89267309780779],[0.672568890555155,50.93066748257341],[0.191810223562968,50.73128470059099],[-0.203663793103445,50.79532965298357],[-0.335705709354627,50.81671484585466],[-0.839040127293813,50.721801363188646],[-1.103359904782522,50.81671484585466],[-1.37251218845104,50.7662731039113],[-2.085358706013906,50.70282324429216],[-2.023685899274099,50.57001074429216],[-2.431994643704641,50.64588888760271],[-2.550505128400076,50.57001074429216],[-2.960618939892996,50.721801363188646],[-3.110884395138967,50.65736349697771],[-3.521466937558401,50.617431246001146],[-3.563183036343801,50.361434541899584],[-3.71503612090801,50.21933706875505],[-3.881743398205984,50.200397096831225],[-4.004238095776785,50.31406363125505],[-4.242629018323171,50.39146002407732],[-4.303295102612722,50.32354315396013],[-4.540565457837332,50.35795172329607],[-4.967033830182302,50.212245546538256],[-5.282338586346853,49.963824831206225],[-5.429218259351003,50.06785162563982],[-5.777813401715505,50.13411673184099],[-5.237766232983816,50.34629400845232],[-5.016647305981863,50.56051977749529],[-4.815270391003835,50.60416754360857],[-4.604564633862722,50.778747163969896],[-4.551536527173269,50.997157655913256],[-4.442557302014578,50.96866186733904],[-4.277284589307058,51.06367071743669],[-4.28099390556072,51.18723639126482],[-3.825231519238699,51.2347789632863],[-3.482996192471731,51.181109987456225],[-3.066043344037283,51.17773779507341],[-3.033148971097219,51.329894624907396],[-2.894663301007498,51.3938480245656],[-2.750154700772512,51.644027315337084],[-3.172751632230032,51.46690710659685],[-3.49911757995342,51.459655367094896],[-4.159330811993826,51.67681463833513],[-4.998957601086843,51.70170172329607],[-5.178603139416921,51.78747137661638],[-5.248757806317556,51.860213838774584],[-5.061464276807058,52.006434999663256],[-4.619082894818533,52.09351690884294],[-4.294657674329031,52.20032080288591],[-4.123608317868459,52.37326391812029],[-4.093874898450125,52.745509706694506],[-4.147546020047415,52.83189734097185],[-4.468318429486501,52.81130179043474],[-4.621350255505789,52.8309818136281],[-4.491883245007742,52.99097784634294],[-4.317542043225515,53.09120901699724],[-3.956724610821951,53.20515020962419],[-3.329535689847219,53.233016573149584],[-2.914475408093679,53.267142854887865],[-3.056740966336477,53.51361425991716],[-2.97954126884197,53.820853792387865],[-2.865320411221731,54.02827414150896],[-2.885938134686697,54.168666444975756],[-3.261474338071096,54.14118155117693],[-3.479265180127371,54.27460058804216],[-3.569233384625662,54.41502722378435],[-3.430405822293508,54.64308127041521],[-3.152525153653372,54.838058077055834],[-2.245011058346975,55.810966097075365],[-1.941995468632925,55.55607184048357],[-1.719010558621633,55.45374258633318],[-1.66597982932781,55.37958868618669],[-1.695988979832876,55.27250250454607],[-1.555618610875356,54.92161139126482],[-1.388892021672476,54.680480562407396],[-1.192056861417043,54.595355592924975],[-0.870595899121511,54.5471683370656],[-0.60480349947666,54.300162874419115],[-0.295500931040991,54.033168398100756],[-0.234880952806819,53.79938467617693],[-0.319215585188616,53.57891424771013],[-0.203663793103445,53.52328451748552]]],[[[-6.206393208997,53.95674856777849],[-6.343146768109548,53.93964346523943],[-6.443396058575857,53.899379335600756],[-6.334980454938162,53.78598364468279],[-6.172213521497,53.43919714565935],[-6.043061223523367,52.89308889980974],[-6.070682969586599,52.76660498257341],[-6.23211285163616,52.613334261137865],[-6.34089609672283,52.427062593657396],[-6.405971017377126,52.21443899746599],[-6.489150014416921,52.19435843105974],[-6.616821256177175,52.22066458340349],[-6.893897023694265,52.206649385649584],[-6.961679425732839,52.11120184536638],[-7.372407880322683,52.09211310024919],[-7.75064894248699,52.032706819731615],[-7.861649480359304,51.96809347744646],[-8.158813920514334,51.839644991118334],[-8.565231290356863,51.61545141812029],[-8.847757306592214,51.59982260342302],[-9.243309941785085,51.47262915249529],[-9.819109883801687,51.434554659087084],[-9.79524418403362,51.604632936674975],[-9.835420575635183,51.80326422329607],[-10.216907468335378,51.7583499776906],[-10.294031110303152,51.977626405913256],[-9.963774648205984,52.09211310024919],[-10.497328725354421,52.10165365811052],[-10.469237294690359,52.206649385649584],[-9.890640225903738,52.19443091030779],[-9.801606145398367,52.24108465786638],[-9.78400322486614,52.34070547695818],[-9.735718694226492,52.48028143521013],[-9.503988233105886,52.54054983730974],[-9.192634549634207,52.55445822354021],[-9.134288754956472,52.68089636440935],[-9.615690198437918,52.6366344320363],[-9.441564527051199,52.833278261382006],[-9.525756803052175,52.90455587979021],[-9.309349980847585,53.11526831265154],[-8.996998754040945,53.12044485684099],[-8.923582997815359,53.160575472075365],[-9.001670804517019,53.30037649746599],[-9.15815922309612,53.22069891567888],[-9.29735943366741,53.279803835112475],[-9.440665212170828,53.26620825405779],[-9.616703954236257,53.345878206450365],[-9.802919354932058,53.34535177822771],[-9.884814229504812,53.29739721890154],[-10.159825292126882,53.37412222500505],[-10.021073308484304,53.51185568447771],[-10.151425328747976,53.575641237456225],[-9.809599843518484,53.63241537686052],[-9.872389760510671,53.767718874174975],[-9.696483579175222,53.87342032070818],[-9.912850347058523,53.96955832119646],[-10.17853733588909,53.91187246914568],[-10.159675565259207,54.13307150479021],[-9.988787618176687,54.253715120512865],[-9.89197441627239,54.32558401699724],[-9.474293675915945,54.24130972500505],[-9.322905507580984,54.275069795805834],[-9.085844960705984,54.25818976040544],[-8.590084996716726,54.20284994717302],[-8.686731305615652,54.36411245938005],[-8.300579991833914,54.48934897061052],[-8.211479154126394,54.63391836758318],[-8.829358068005789,54.63391836758318],[-8.760042157666433,54.70142706509294],[-8.503739324109304,54.74964483853044],[-8.47625347663616,54.87985190029802],[-8.34538075019573,55.09528311367693],[-8.118318048016775,55.17663153286638],[-7.756225076215017,55.25272711392107],[-7.657281365887869,55.11682852383318],[-7.497830834882009,55.04973944302263],[-7.42751547385906,55.06380423184099],[-7.225492921368826,55.10419043179216],[-6.996823754803884,55.172023378569506],[-6.645197835461843,55.20642813320818],[-6.454310384289968,55.186549745757006],[-6.279264417187918,55.139693819243334],[-6.116521325604666,55.16022451992693],[-6.018187966840017,55.093001924712084],[-5.784886327283132,54.737418733794115],[-5.76368376304363,54.65699347134294],[-5.799925771252859,54.522887788969896],[-5.661512818829763,54.32224615688982],[-5.731388535992849,54.17486914272966],[-5.912154164807546,54.02737768765154],[-6.071708169476736,53.973590456206225],[-6.206393208997,53.95674856777849]]]]}},{"type":"Feature","properties":{"name":"Holy Roman Empire","subject":"Holy Roman Empire","partOf":"Holy Roman Empire","borderPrecision":1,"color":"#b47c6f"},"geometry":{"type":"MultiPolygon","coordinates":[[[[14.174167665941965,53.90676077480974],[14.205406221850168,53.81320532437029],[14.145425829394114,53.8264537679738],[14.068350824816477,53.84347494717302],[14.02871707390095,53.86548193569841],[13.827770266039622,53.82971914883318],[13.777402910692942,53.94862326260271],[13.778410944445383,54.04440649624529],[14.069946321947825,53.917769991118334],[14.174167665941965,53.90676077480974]]],[[[14.459070238573801,53.81871374722185],[14.333859476549875,53.82971914883318],[14.247895273669016,53.815963350493334],[14.227241548998606,53.909511171538256],[14.305262598498118,53.91501959438982],[14.424838098986399,53.91501959438982],[14.472936663134348,53.87677725430193],[14.459070238573801,53.81871374722185]]],[[[8.539542231066477,53.80068167324724],[8.585600878480877,53.79307781558178],[8.848478350146067,53.749679170805834],[9.125039133532297,53.79047735806169],[8.857097658617747,53.866988741118334],[8.818971666796457,53.969039522368334],[8.94634059379841,54.014972292143725],[8.832654032213938,54.06601675625505],[8.778787645800364,54.132403932768725],[8.853296312792551,54.16815527554216],[8.884012255175364,54.229449831206225],[8.961682962363703,54.27590912757962],[9.056175542623786,54.34859572777968],[9.136130802843853,54.29771510763964],[9.16520544292388,54.319521087699655],[9.216086063063923,54.29044644761963],[9.25969802318396,54.30498376765964],[9.29604132328399,54.2468344874996],[9.441414523684116,54.2468344874996],[9.448683183704123,54.188685207339546],[9.674011644324317,54.188685207339546],[9.739429584504371,54.27590912757962],[9.826653504744447,54.27590912757962],[9.884802784904497,54.2541031475196],[10.141728434069407,54.33675345059099],[10.212877306444895,54.37191732998552],[10.340239557726633,54.36231573696794],[10.44597438286091,54.29203375454607],[10.648594889147532,54.25897558804216],[11.038605722887766,54.313251100737475],[11.073005709154856,54.219630800444506],[11.041366610033762,54.15269812222185],[11.015887293322336,54.09665640469255],[10.716716799242747,53.96393164272966],[10.770921983372684,53.930865647944174],[10.858920130236399,53.87718542690935],[10.883711053577752,53.88237572131042],[10.893506027075915,53.88442642331155],[10.960404311878579,53.89843242818161],[11.151377710802805,53.938415132719896],[11.202488932116282,53.85678442593279],[11.407822641833079,53.8592906820363],[11.56501964042927,54.035384737212084],[12.041073832018625,54.09665640469255],[12.311884912951243,54.2019420492238],[12.462536566113506,54.2547861175406],[12.652518305285227,54.32142599697771],[12.764800104601633,54.27032812710466],[12.943138155443918,54.346984468657396],[13.02581122825886,54.265216432768725],[13.063765558703196,54.19368704434099],[13.349167856676829,54.06348761196794],[13.431016001208079,54.03024633999529],[13.667614969713938,54.084167085844896],[13.737782511217844,54.03028830166521],[13.76432612846638,53.87718542690935],[13.780499491198313,53.77517660732927],[13.850170168383372,53.72928961392107],[14.009740862353098,53.673209749419115],[14.176863703234446,53.68340643521013],[14.189576181872141,53.6247936117238],[14.280191454394114,53.61341818447771],[14.433155092699778,53.59421499844255],[14.537060770495188,53.538165651518725],[14.495303186877024,53.6247936117238],[14.56530097435261,53.69359930630388],[14.556940111620676,53.75988348599138],[14.482524904711497,53.8185306417531],[14.472936663134348,53.87677725430193],[14.467412027819407,53.91035040493669],[14.580244322217482,53.9290180912011],[14.885758432848704,53.97956427212419],[15.079682383044016,54.00251730557146],[15.31168940971638,54.071002565581225],[15.898360285265696,54.128402315337084],[16.114680323107493,54.19960745449724],[16.473248514635813,54.41503485317888],[16.975901636584055,54.549308382231615],[17.65761283348347,54.6854625570363],[17.746761135398433,54.4325082722837],[17.111405742429262,54.12995808515552],[16.99038566757799,54.19046812258115],[16.687835480449813,54.03919302901707],[16.808855555301083,53.85766291674016],[16.808855555301083,53.464347673473526],[16.657580461736995,53.85766291674016],[16.203755181044727,53.70638782317607],[16.41554031203445,53.52485771089917],[16.203755181044727,53.34332759862226],[16.053120673865045,52.71644728729599],[15.843905101217622,52.71029388810048],[15.815994658908938,52.57074167655705],[15.760173774291564,52.57074167655705],[15.764534780902293,52.265471213805796],[16.095099081995798,52.12417459961807],[16.505905904726767,52.00381081716186],[16.505905904726767,52.178251081591156],[16.854786433585346,51.916590684947224],[16.854786433585346,51.65493028830329],[17.20366696244392,51.61132022219597],[17.290887094658565,51.78576048662526],[17.552547491302498,51.65493028830329],[17.63976762351714,51.43687995776668],[18.14006119968632,50.987658935098196],[18.64603658024246,50.64451035817146],[18.745633522312637,50.266041978304784],[18.7690687689537,50.176988041068746],[18.796315226061594,49.71344717617693],[18.896451846485505,49.71272535308413],[18.926706865198327,49.62196029694568],[18.522176655414874,49.561071513417694],[18.25037324176715,49.18054673431089],[18.22319290040238,48.99028434475748],[18.11447153494329,48.99028434475748],[18.11447153494329,48.85438263793362],[17.869848462660343,48.80002195520407],[17.35342197672967,48.96310400339271],[17.190339928541036,48.446677517462035],[17.21752026990581,48.06615273835522],[17.46214334218876,48.06615273835522],[17.407782659459215,47.82152966607227],[16.796224978751837,47.843273939164085],[16.622270794017293,47.734552573704995],[16.55703797474184,47.495365569695004],[16.644015067109112,47.299667111868644],[16.55703797474184,47.190945746409554],[16.55703797474184,47.060480107858645],[16.448316609282752,46.930014469307736],[16.448316609282752,46.777804557665014],[16.513549428558203,46.62559464602229],[16.296106697640028,46.40815191510411],[16.535293701650023,46.364663368920475],[16.448316609282752,46.103732091818664],[16.209129605272757,46.147220638002295],[16.078663966721848,45.886289360900484],[16.209129605272757,45.73407944925776],[16.122152512905483,45.581869537615034],[15.46982432015095,45.73407944925776],[15.423617739830839,45.42965962597231],[14.880010912535393,45.48402030870186],[14.798469888441076,45.864545087808665],[14.526666474793355,45.78300406371435],[14.354488405688059,45.32289084072771],[14.238621744616282,45.06235464688005],[14.174608263476145,45.01038702603044],[13.908055294522592,44.979106770575456],[13.799213658521637,45.30563167857832],[13.951591948922974,45.39270498737908],[13.995128603323355,45.45800996897966],[13.799984011156809,45.566371523100756],[13.673180613024485,45.71450766201677],[13.564614328844797,45.72652395840349],[13.437729868395579,45.63843115444841],[13.36769584129597,45.69448813076677],[13.080858860915335,45.98044982178424],[12.645492316911515,45.91514484018367],[12.144820791307122,45.762766549782334],[11.970674173705593,45.43624164177947],[12.176189455492747,45.21429022427263],[12.312513384325754,45.17829474087419],[12.32213691185261,45.04236563320818],[12.408988031847727,44.98900946255388],[12.523090395434153,44.882751070219896],[12.476044687731516,44.78708609219255],[12.377765212618076,44.73152979906547],[12.273584398730051,44.67263754482927],[12.2807312340572,44.55012472744646],[12.345076593859446,44.30104025479021],[12.508117008049474,44.131458090135354],[12.697230371935618,43.93475683804216],[12.30220603682903,43.344016475945445],[12.30220603682903,43.27759966912398],[12.219185028302192,43.22778706400788],[12.152768221480724,43.0617450469542],[12.16937242318609,42.912307231605894],[12.185976624891458,42.912307231605894],[12.152768221480724,42.696452609436115],[12.16937242318609,42.63003580261464],[12.129717682642681,42.596046025006004],[12.053143011248519,42.53041059238244],[12.069747212953885,42.297951768507296],[12.003330406132417,42.248139163391194],[12.019934607837783,42.09870134804289],[11.960132972273152,42.00737273979235],[11.497365030749094,42.37635382290544],[11.104763063891184,42.54908331509294],[10.742755922777903,42.850509248930834],[10.487745317919504,43.23593863125505],[10.337910145780597,43.59620282818045],[10.292479547961008,43.705436311919115],[10.261382707897827,43.74523947500629],[10.155236147666242,43.8811043680133],[10.136747393114817,43.904769502837084],[9.909300837023508,44.11047705288591],[9.82549804887671,44.152548314494645],[9.69193557213093,44.21960028286638],[9.157044443590891,44.37323721523943],[8.896585497362864,44.437186800200365],[8.671724352343332,44.417403780180834],[8.18636039207722,44.12639959927263],[8.089567661774733,44.050829496605],[7.979526552660715,43.96491583462419],[7.689120325548899,43.88704641934099],[7.552810224993479,43.867450319487475],[7.467525371293709,43.81083423046961],[7.397118601305735,43.76409491177263],[7.355150497319446,43.90151100140032],[6.92279037238042,43.81503897641252],[6.885730933099932,43.90151100140032],[6.959849811660908,43.91386414782715],[6.92279037238042,43.975629879961296],[6.996909250941396,44.04974875852227],[6.972202958087737,44.0621019049491],[6.93514351880725,44.136220783510076],[6.885730933099932,44.14857392993691],[6.836318347392615,44.11151449065642],[6.786905761685297,44.197986515644224],[6.786905761685297,44.29681168705886],[6.869778189165842,44.3491702901906],[6.782917532427561,44.54787405605974],[6.924694094164622,44.715018831450365],[7.003469976885569,44.719535433012865],[6.942603620989573,44.868651949126146],[6.665318045122874,44.954520784575365],[6.507319483263743,45.115707002837084],[6.280426758185294,45.1985913762174],[6.243367318904806,45.29741654763204],[6.268073611758465,45.3221228404857],[6.218661026051148,45.346829133339355],[6.144542147490172,45.3221228404857],[6.082776415356025,45.37153542619301],[6.033363829648708,45.33447598691252],[6.058070122502366,45.22329766907106],[5.946891804660902,45.26035710835155],[5.934538658234073,45.3221228404857],[5.823360340392609,45.39624171904667],[5.60708315962433,45.84657830947206],[5.356666000126862,45.87603915176587],[5.356666000126862,46.052804205528794],[5.53343105388978,46.008612942088064],[5.53343105388978,46.096995468969524],[5.268283473245402,46.31795178617317],[5.415587684714501,46.52417768222991],[5.645716162473713,46.45672279658608],[5.724926528799609,46.47998641878918],[5.739656949946519,46.59782978796446],[5.625539563292284,46.64907846096145],[5.646444113934752,46.84980832233856],[5.757015581792151,46.88666547829103],[5.793872737744618,46.997236946148426],[5.667288567628574,47.10831750866064],[5.736870241522391,47.233564521669514],[5.778619245858682,47.35881153467838],[5.792535580637445,47.51189121724478],[5.917782593646315,47.59538922591736],[5.820368250194973,47.734552573704995],[5.959531597982606,47.80413424759881],[5.959531597982606,47.985046599722736],[6.056945941433949,47.95721393016521],[6.098694945770239,48.026795604059025],[6.251774628336637,47.95721393016521],[6.237858293557874,48.29120596485553],[5.945615263203843,48.34687130397059],[6.015196937097659,48.65303066910338],[5.834284584973735,48.77827768211225],[6.001280602318896,48.90352469512112],[5.876033589310025,49.07052071246628],[5.722953906743628,48.95919003423617],[5.611623228513521,49.20968406025391],[5.903866258867552,49.19576772547515],[5.90925621463087,49.20085986849826],[5.36112920249578,49.69675577751063],[4.255215473045926,49.887235609794956],[3.82033001120957,50.039445521437685],[3.482680234843423,49.92046040791431],[2.907273158792256,49.94347669095636],[2.677110328371789,50.15062323833478],[2.400914931867229,50.196655804418874],[2.147735818404716,50.05855810616659],[1.986621837110389,50.08157438920864],[1.986621837110389,50.21967208746092],[1.825507855816062,50.24268837050297],[1.796177011821849,50.92141446466973],[1.823555263979685,50.934562288481615],[2.030328068239939,51.00665625210466],[2.442595991595041,51.04803045864763],[2.522131952746165,51.09112127896013],[2.995262178881418,51.31347998257341],[3.213605198366892,51.353568636137865],[3.472019943697703,51.314391695219896],[3.681297096712839,51.32141836758318],[3.77504685829426,51.3877445089406],[3.74347594688679,51.46045263882341],[3.520320448382151,51.57913550015154],[3.878135714037668,51.79172857876482],[4.264411482317698,52.07089193936052],[4.387240442736399,52.230365358549975],[4.641012701494944,52.75569876309099],[4.718774351580393,52.8024173605031],[5.008403810961497,52.856193147856615],[5.17328551719929,52.74341925259294],[5.234628233416331,52.6228519308156],[5.108244451983225,52.53150137539568],[5.006087812884104,52.556884371001146],[5.035744223101389,52.33371695156755],[4.949828180773508,52.277946077544115],[5.473186525805247,52.17660482998552],[5.574368986590159,52.28301581021013],[5.756913218004954,52.33371695156755],[5.817143949969065,52.521361910063646],[5.611254724962961,52.53150137539568],[5.555709871752512,52.58732184048357],[5.546892675860178,52.678695284087084],[5.653440508349192,52.74977835293474],[5.57638266990925,52.759933077055834],[5.325746092303049,52.79040869351091],[5.358019384844553,52.93774756069841],[5.34275344322468,52.99631079312029],[5.33211997459675,53.01144751187029],[5.389523062212717,53.13857229824724],[5.647349867327463,53.22775992031755],[5.966306719286692,53.3350101339406],[6.260716471178782,53.321742616850756],[6.750721964342844,53.38986166592302],[6.86104539345051,53.26576193447771],[7.009059462054026,53.2454105245656],[7.043283495409739,53.16400488491716],[7.159938845141184,53.164001070219896],[7.189745459063303,53.2301402914113],[6.980709108813059,53.31665762539568],[7.037332090838206,53.51014670010271],[7.165639433367502,53.59167059536638],[7.332391771776926,53.60442694302263],[7.836380991442454,53.63209494229021],[7.875028892811025,53.63368572603227],[7.968539270861399,53.63753470059099],[8.011022600634348,53.565692506987475],[8.098732981188547,53.443934999663256],[8.029082331164133,53.37264975186052],[8.174986872179758,53.321742616850756],[8.24193385551716,53.35229071255388],[8.260771784289133,53.43884619351091],[8.189001116259348,53.53052099819841],[8.305650743944895,53.52543219204607],[8.501803431017649,53.449027620512865],[8.428657564623606,53.61204870815935],[8.516240577802122,53.76104174747834],[8.539542231066477,53.80068167324724]]]]}},{"type":"Feature","properties":{"name":"Guanches","subject":"Guanches","partOf":"Guanches","borderPrecision":1,"color":"#739b91"},"geometry":{"type":"MultiPolygon","coordinates":[[[[-14.50982440309849,28.050049749026638],[-14.147020770578637,28.391039461179965],[-13.808404046893443,29.04858821187777],[-13.518161140877563,29.42848330171172],[-13.421413505538938,29.090868332331816],[-13.784217138058787,28.87929453021188],[-13.880964773397412,28.19936673357924],[-14.50982440309849,28.050049749026638]]],[[[-15.574048391823386,28.178048475293522],[-15.404740029980792,28.19936673357924],[-15.211244759303536,27.900525135454227],[-15.574048391823386,27.729386561264484],[-15.912665115508583,27.900525135454227],[-15.574048391823386,28.178048475293522]]],[[[-17.291318919084016,28.284597224515256],[-16.880141468894855,28.327186915315913],[-16.081973477351177,28.539879155715276],[-16.22709493035912,28.36975954738149],[-16.638272380548287,28.050049749026638],[-17.339692736753328,28.028701784947305],[-17.291318919084016,28.284597224515256]]]]}},{"type":"Feature","properties":{"name":"Samis","subject":"Samis","partOf":"Samis","borderPrecision":1,"color":"#b69578"},"geometry":{"type":"MultiPolygon","coordinates":[[[[17.260903495737743,64.20605164855155],[17.731178695897224,64.55875804867117],[17.32975267452702,64.82637539625131],[18.53403073863764,66.43207948173215],[18.40022206484757,67.23493152447254],[18.95870688865925,68.29369696255388],[19.82121375511433,69.36973150845232],[20.157650980456125,69.747829042632],[20.28637603233601,69.78590735073747],[20.35831740806843,69.71038397427263],[20.27816489647175,69.58179052944841],[20.196503672106516,69.31769140835466],[20.552685770495188,69.52190741177263],[20.733939203722727,69.77918585415544],[21.102726969225657,69.81769140835466],[21.411963495714915,70.01541479702654],[21.60856154869343,69.96254309292497],[21.908072504503977,69.80404242153826],[22.16331008384968,70.09311255093279],[22.306448969347727,70.21561773892107],[22.745574030382883,70.1706043111867],[23.20360663841511,69.9427753316945],[23.29246810386921,70.01129492397966],[23.50840857933308,70.27907141323747],[23.827288660509836,70.47883947964372],[23.95485404442097,70.50205572720232],[24.207715067370188,70.47186621304216],[24.359614405138743,70.61029394741716],[24.570508036120188,70.7413822042531],[24.849038156969797,70.82660254116716],[25.38903144310261,70.90462835903826],[25.832055124743235,70.89776190396013],[25.23069289634968,70.55818518276872],[25.12242415855671,70.43524511929216],[25.074080500109446,70.14438208218279],[25.263024363024485,70.10654791470232],[25.574040445788157,70.3671375143117],[26.262717279894602,70.79074438687029],[26.606516870959055,70.9146228658742],[26.619105371935618,70.79908331509294],[26.617423090441477,70.39204748745622],[26.934350046618235,70.4692874776906],[27.131081614001047,70.5770755636281],[27.51601127098347,70.97030981655779],[27.9475431771114,71.01741369839372],[28.211159739001047,71.01790960903826],[28.308413538439524,70.94864996548357],[28.136439356310618,70.83272894497576],[27.98529151390339,70.71700628872576],[28.018929514391672,70.60945471401872],[27.8753996224239,70.42505987759294],[28.289725336535227,70.37221106167497],[28.388907465441477,70.57175024624529],[28.794812235338938,70.864772402007],[28.984337839586985,70.85741003628435],[29.74123099754597,70.60498388882341],[30.041438135607493,70.5441394674367],[30.46196082542683,70.53725012417497],[30.754202875597727,70.43041571255388],[30.798840555651438,70.30796393032732],[30.25187972496296,70.13114508267107],[29.7348966927364,70.1148944723195],[28.730080637438547,70.13592871304216],[28.817093882067454,70.09791906948747],[29.080019983752024,69.9612308370656],[29.555932077868235,69.8334003316945],[29.72857573936726,69.69756659146013],[30.05580619285847,69.72085913296404],[30.36129477928425,69.76681097622576],[30.73535827110554,69.75236090298357],[31.053782495959055,69.63959082241716],[31.331275019152415,69.66276129360857],[31.78220084617878,69.77701910610857],[32.07155898521687,69.8834949361867],[32.07601073692585,69.8153568136281],[32.190562281115305,69.64171179409685],[32.35172561119343,69.51367529507341],[32.59630874107624,69.42361792202654],[33.00963118980671,69.38669165249529],[33.28056624840046,69.34201391812029],[33.31560042808796,69.07128485317888],[33.628375086291086,69.21468695278826],[33.81804564903523,69.19247778530779],[34.30514815758015,69.1708255636281],[34.698889765246165,69.16405066128435],[34.93413833091999,69.149440370757],[35.43655303428913,69.15035589810076],[36.01827910850788,69.023707948882],[37.24586394737507,68.79349859829607],[37.68857863853718,68.62961157437029],[38.406443628771555,68.24269446011247],[38.66845229576374,68.14634283657732],[39.33470824669148,68.0359378683156],[39.91807082603718,67.9403797018117],[40.826052698595774,67.66004522915544],[40.973391565783274,67.5343738424367],[40.9508276314571,67.33465918179216],[41.01687148521687,67.20186194058122],[41.20882705162312,67.06946142788591],[41.25529769371296,66.93697699185076],[41.14697173546101,66.78226812954607],[40.83637908409382,66.56139715786638],[40.34514907310749,66.31864508267107],[39.977522882921946,66.20091589565935],[39.19002822349812,66.03870733853044],[38.78211120079304,66.00145300503435],[38.047869715197336,66.0073734151906],[37.42243102501179,66.0938220846242],[36.505225214464915,66.17248877163591],[35.771746668322336,66.25886877651872],[35.16772368858601,66.41150244351091],[34.15295318077351,66.62963446255388],[33.6512785286739,66.6801029073781],[33.43749144981648,66.70173987026872],[33.157725367052805,66.9144779073781],[32.990950617296946,66.987819277007],[32.64433959434773,67.04610022183122],[32.21943572471882,66.99374731655779],[32.3578214974239,66.92032965298357],[32.424727472765696,66.89102514858904],[32.75353911827351,66.64904364224138],[32.970862421496165,66.58338507290544],[33.469668421252024,66.31309851284685],[33.844214472277415,66.18213995571794],[34.258494410021555,66.10982855435076],[34.54369643638874,66.00083502407732],[34.726172480089915,65.79697760220232],[34.725588831408274,65.61499365444841],[34.60118773887898,65.48392828579607],[34.293414148791086,65.39624365444841],[30.603998127121553,64.93804540067741],[27.231594534992126,63.35447998456054],[23.130561750232246,63.78342849447229],[23.580285105211985,64.082057558257],[24.09403518150593,64.37656744595232],[24.47009375999714,64.635524355132],[24.931916269762766,64.81603582974138],[25.325089487536204,64.8023944723195],[25.351904901964915,64.93909796353044],[25.293414148791086,65.00389441128435],[25.132559809191477,65.07594641323747],[25.186125788195383,65.24265631313982],[25.251507791979563,65.41688879604997],[25.10361197899128,65.54012640591326],[24.59113982628132,65.58278235073747],[24.214800867541086,65.78590735073747],[23.947732004626047,65.7966800558156],[23.84408286522175,65.79847296353044],[23.40568831871296,65.72483404751482],[23.20402053306843,65.68075140591326],[22.798161539538157,65.85482367153826],[22.64555457542683,65.93478735562029],[22.489802393419993,65.88341864224138],[22.201569590075266,65.71528967495622],[21.957482370836985,65.44573553677263],[21.81872657249714,65.38013800259294],[21.522328409655344,65.37231024380388],[21.277346643908274,65.21227606411638],[21.42371276329304,65.10388525601091],[21.489449533922922,65.0171619283742],[21.32944205711628,64.89435156460466],[20.921193155749094,64.71382483120622],[21.064322504503977,64.59199865933122],[21.23704627464558,64.52054175015154],[21.385829004748118,64.38455542202654],[21.04889586876179,64.2191654073781],[20.873273399290948,64.03282247139006],[17.260903495737743,64.20605164855155]]]]}},{"type":"Feature","properties":{"name":"Byzantine Empire","subject":"Byzantine Empire","partOf":"Byzantine Empire","borderPrecision":1,"color":"#8aa0a8"},"geometry":{"type":"MultiPolygon","coordinates":[[[[25.872782270282734,36.35592882884054],[25.76635112135116,36.33755930622052],[25.713135546885383,36.34980613615219],[25.73594222165643,36.38653506822634],[25.789157796122215,36.40489303146257],[25.872782270282734,36.35592882884054]]],[[[25.492671024098556,36.42324665835019],[25.492671024098556,36.331435169041356],[25.386239875166982,36.319185450416924],[25.31781985085383,36.39877419215787],[25.3330243007012,36.45994089964729],[25.37103542531962,36.49661778527289],[25.492671024098556,36.42324665835019]]],[[[25.94880451951957,36.91107409621058],[26.024826768756405,36.95968659606273],[26.085644568145874,36.89891612690345],[25.956406744443257,36.84418129487496],[25.834771145664316,36.78331883149609],[25.751146671503797,36.78331883149609],[25.751146671503797,36.81375611186905],[25.857577820435367,36.83809722624421],[25.94880451951957,36.91107409621058]]],[[[24.588006258180208,36.86851272864293],[24.67923295726441,36.75896029963509],[24.46637065940127,36.649251177336765],[24.29912171108023,36.75286945753905],[24.42835953478285,36.79549519508755],[24.588006258180208,36.86851272864293]]],[[[24.876890805280183,36.679741640978875],[24.97571972928807,36.637051610171376],[24.94531082959334,36.56991946228899],[24.8236752308144,36.637051610171376],[24.8236752308144,36.661448812220584],[24.876890805280183,36.679741640978875]]],[[[25.196184252074893,36.673644514576154],[25.10495755299069,36.637051610171376],[25.05934420344859,36.618748636935905],[25.044139753601222,36.661448812220584],[25.16577535238016,36.74068632260297],[25.196184252074893,36.673644514576154]]],[[[25.29501317608278,36.807669623462985],[25.431853224709084,36.6980301207178],[25.386239875166982,36.637051610171376],[25.26460427638805,36.704125314038706],[25.241797601616994,36.75286945753905],[25.249399826540678,36.75896029963509],[25.29501317608278,36.807669623462985]]],[[[24.44356398463022,37.0992747162255],[24.42835953478285,37.20833853996449],[24.534790683714423,37.11746294371295],[24.44356398463022,37.0992747162255]]],[[[24.382746185240748,37.570746906161986],[24.261110586461815,37.540613155635555],[24.29912171108023,37.66107502189996],[24.39795063508812,37.667092994189616],[24.382746185240748,37.570746906161986]]],[[[24.3599395104697,37.30515202694268],[24.3599395104697,37.39580161737422],[24.39795063508812,37.46824245164144],[24.48917733417232,37.39580161737422],[24.3599395104697,37.30515202694268]]],[[[25.044139753601222,37.377680456560746],[24.84648190558545,37.36559724964213],[24.861686355432816,37.52855624381453],[24.94531082959334,37.51046722146939],[25.044139753601222,37.377680456560746]]],[[[25.27220650131173,37.56472113091166],[25.469864349327505,37.43806729073237],[25.31781985085383,37.40184103098311],[24.922504154822285,37.69116000393879],[24.65642628249336,37.901413077728705],[24.76285743142493,38.003319956303606],[25.27220650131173,37.56472113091166]]],[[[24.78566410619598,36.947536378182036],[24.67923295726441,36.90499535372954],[24.648824057569676,37.014338584785854],[24.71724408188283,37.050751425742014],[24.78566410619598,36.947536378182036]]],[[[25.31021762593015,37.00219709179456],[25.112559777914374,36.94146054239683],[24.937708604669652,36.95968659606273],[25.15057090253279,37.17200141281893],[25.31021762593015,37.19622810717101],[25.31021762593015,37.00219709179456]]],[[[25.60670439795381,37.12352471549815],[25.599102173030126,37.026478138264174],[25.545886598564337,36.95968659606273],[25.454659899480134,36.9232301280182],[25.36343320039593,37.00826808071462],[25.34062652562488,37.087146804747654],[25.378637650243302,37.11746294371295],[25.538284373640657,37.220447029530426],[25.60670439795381,37.12352471549815]]],[[[28.469845804674875,36.738307558257006],[28.266922983629954,36.71240957852068],[28.014189753039133,36.52716406460466],[27.911902460558665,36.69894369717302],[27.941855463488352,36.756339632231615],[28.05103972862507,36.83301504727068],[27.998808893664133,36.90936621304216],[27.553477320177805,36.91482504482927],[27.308110270006907,36.920707308012865],[27.26863006065632,37.04168280239763],[27.525639566881907,37.13141211147966],[27.492524179919016,37.2396732198781],[27.364632639391672,37.328631960112475],[27.16040709923054,37.36008032437029],[27.122561487658274,37.49385031338396],[27.14108565758015,37.64686545010271],[27.17978385399128,37.77442892666521],[27.139773401720774,37.889091097075365],[26.961377176745188,37.946105562407396],[26.679331812365305,38.104938112456225],[26.512320551378977,38.06634863491716],[26.393214258654368,38.104362093169115],[26.391598734362375,38.21912726040544],[26.468710932238352,38.44475897427263],[26.52741149376179,38.41824301357927],[26.74245170067097,38.27838858242693],[26.997431787951243,38.40005835171404],[26.81967452476765,38.52725180264177],[26.828822168810618,38.58296164150896],[26.695696863634836,38.640765749174975],[26.70947173546101,38.698573671538256],[26.966380152209055,38.76993139858904],[27.03491309593464,38.821097933012865],[27.004220041735422,38.884826265532396],[26.93680289696003,38.92456396694841],[26.785336527331125,38.940333925444506],[26.789847406847727,39.02442511196794],[26.870751413805735,39.055968843657396],[26.79713920067097,39.12955816860857],[26.707943949206125,39.182128511626146],[26.70405486534382,39.250472627837084],[26.602242502672922,39.255729280669115],[26.720158609850657,39.33724936123552],[26.853512796862375,39.46076925869646],[26.926152262194407,39.476546846587084],[26.95751861046101,39.54832800503435],[26.804265055163157,39.56715353604021],[26.54617789696003,39.51334723110857],[26.13897612999226,39.43973883267107],[26.064057383044016,39.45551260586443],[26.08488753746296,39.60400732632341],[26.141903910143625,39.660583101469896],[26.14070609520222,39.74998053188982],[26.127575907213938,39.878558717924975],[26.18600943992878,39.99719580288591],[26.320334467394602,39.99192389126482],[26.403052362902415,40.17649038906755],[26.481711420519602,40.187038027007006],[26.765282663805735,40.37694128628435],[26.99647429893757,40.371661745268725],[27.05612472008015,40.42969473477068],[27.271754297716868,40.45080908413591],[27.329234156115305,40.355834566313646],[27.449610743029368,40.30979498501482],[27.52599433372761,40.297137819487475],[27.763894114001047,40.28725393887224],[27.830164942248118,40.34528311367693],[27.799843821032297,40.403319917876146],[27.67928794334675,40.4613529073781],[27.807831797106516,40.50357016201677],[27.953805002672922,40.48773916836443],[28.006459269030344,40.45080908413591],[27.90821746300007,40.35055502529802],[28.003991159899485,40.36212881680193],[28.477719339831125,40.39510305996599],[28.756440195544016,40.37645300503435],[28.92675689171101,40.355834566313646],[29.052424463732493,40.33473166104021],[29.12228682945515,40.413871370512865],[29.083527597887766,40.45607718105974],[28.87321570823933,40.471908174712084],[28.777958902819407,40.524676881987475],[28.901621851427805,40.62010534878435],[29.525197061999094,40.68828924771013],[29.713147196276438,40.693561159331225],[29.882718119128,40.746356569487475],[29.68344596336628,40.7516361105031],[29.417172464831125,40.741073213774584],[29.320355448229563,40.741073213774584],[29.289643320544016,40.806686006743334],[29.01453307579304,40.97867163296404],[29.16120818565632,41.21636541958513],[29.577780756457102,41.153365694243334],[30.137623819811594,41.131835542876146],[30.256087336046946,41.18466528530779],[30.74480536888386,41.04032477017107],[31.217682871325266,41.05409201260271],[31.404126200182688,41.163539491850756],[31.38566688011433,41.28504141445818],[31.66638854454304,41.3948131429738],[31.871287378771555,41.49144323940935],[32.418982538683665,41.74916800137224],[32.687911066515696,41.845973573882006],[33.15546325157429,41.94960745449724],[33.55554107139851,41.982501589018725],[33.89665511558796,41.95108374233904],[34.30390075157429,41.89411886807146],[34.66290954063679,41.87558325405779],[34.491863347059976,40.91709509455431],[31.983906489737542,39.663116665893085],[30.729928061076322,39.663116665893085],[30.59059712455841,37.78214902290126],[29.00225165794636,36.69479712124529],[28.813527140124094,36.535155855376146],[28.469845804674875,36.738307558257006]]],[[[27.836163553698313,42.7355228292531],[27.654044184191477,42.68373831387224],[27.501950296862375,42.51634558315935],[27.494702372057688,42.40090139980974],[27.607871088488352,42.41677816982927],[27.72253325889851,42.316215120512865],[27.737710031969797,42.247001253325365],[27.913407358629954,42.07810171719255],[27.917952570421946,41.97767218228044],[28.026202234728586,41.882384859282396],[28.018178019030344,41.75320776577654],[28.06983855675007,41.62496908779802],[28.104397806628,41.59297140713396],[28.371457132799875,41.43312796230974],[28.74022201011921,41.324828706938646],[29.012368235094797,41.25483282681169],[29.081099543078196,41.20051153774919],[28.964453730089915,40.98923834438982],[28.82780745933796,40.914699159819506],[28.59615043113972,40.946986757475756],[28.17331412742878,41.05789526577654],[28.02636817405964,41.02620657559099],[27.93218329857136,40.95754965420427],[27.47416976402546,40.96283300991716],[27.313046488268625,40.78991278286638],[27.263756784899485,40.66717108364763],[26.888926538927805,40.524676881987475],[26.61357215355183,40.39804037686052],[26.513939890368235,40.281974397856615],[26.375863108141672,40.21340902920427],[26.255158457262766,40.081561647612475],[26.140885385973704,40.04465445156755],[26.214289698107493,40.16066702480974],[26.222796473009836,40.223956667143725],[26.194821390612375,40.30307348843279],[26.457545313341868,40.4349742757863],[26.55647757957722,40.498290621001146],[26.454838785631907,40.584308229643725],[26.418061289294016,40.57782324429216],[26.124041590197336,40.60284765835466],[26.02072432945515,40.66932257290544],[25.992875132067454,40.85245855923357],[25.635705027086985,40.87737616177263],[25.30111411522175,40.89594229336443],[25.046317133410227,40.95227392788591],[25.018929514391672,41.01714666958513],[24.812115702135813,40.93342169399919],[24.70066359947468,40.878341280180834],[24.519127878649485,40.873065553862475],[24.504952463610422,40.984069429594896],[24.35430243919636,40.97096212979021],[24.219058069689524,40.82968481655779],[24.025155100329172,40.74636038418474],[23.88595298240925,40.732894502837084],[23.748394999010813,40.80443152065935],[23.63469794700886,40.7727542745656],[23.632977518542063,40.71316870327654],[23.709055933459055,40.63003500576677],[23.785174402697336,40.477191530424975],[23.923703226549875,40.45080908413591],[24.295352015002024,40.17649038906755],[24.22063544700886,40.14484747524919],[24.054778131945383,40.260882936674975],[24.04777816246296,40.30835684414568],[23.923533472521555,40.34528311367693],[23.77477363060261,40.39276465054216],[23.72216895530964,40.34824331875505],[23.627234491808665,40.34528311367693],[23.65880111168171,40.28726156826677],[23.651745829088938,40.22922857876482],[23.80366424034382,40.15539129849138],[23.86865905235554,40.16067465420427],[23.920109781725657,40.05519827480974],[23.90661719749714,39.99719580288591],[23.796032938463938,39.986651979643725],[23.595772776110422,40.19231756802263],[23.442486795885813,40.255607210356615],[23.349078211291086,40.28197821255388],[23.291760477526438,40.28726156826677],[23.29313949058796,40.245055757719896],[23.259058985216868,40.22922857876482],[23.321034464342844,40.15539129849138],[23.366839441759836,40.107928835112475],[23.436467203600657,40.04465445156755],[23.5233488411739,40.01828726406755],[23.592185053332102,40.00246389980974],[23.63858512352253,39.96034201260271],[23.59689048240925,39.93405493374529],[23.374392542345774,39.95508917446794],[23.2605257363155,39.970870577055834],[23.276309046252024,40.04992254849138],[23.214777979357493,40.18176611538591],[23.1411409706905,40.26615484829607],[22.960160288317454,40.31470831509294],[22.748055490954172,40.482467256743334],[22.863902124865305,40.53522833462419],[22.87546256492878,40.59632452603044],[22.851946863634836,40.65133627529802],[22.769967112047922,40.66717108364763],[22.701254877550852,40.57744940396013],[22.49206641624714,40.498290621001146],[22.602265390856516,40.39723929043474],[22.48961738060261,40.23052557583513],[22.467362436754954,40.11848028774919],[22.525612864001047,40.064166628081225],[22.55512908409382,39.986651979643725],[22.695097956164133,39.83448370571794],[22.754473719103586,39.81834753628435],[22.813431772692454,39.602740846831225],[23.074168238146555,39.413451753813646],[23.23608497093464,39.20315893765154],[23.158499750597727,39.14007910366716],[23.051917108996165,39.10328634854021],[23.09980681846882,39.18738516445818],[23.045252832873118,39.27149923916521],[22.981301340563547,39.329330049712084],[22.91898635338093,39.34510382290544],[22.850853952868235,39.36613043423357],[22.720257791979563,39.2872691976613],[22.76605895469929,39.20278891201677],[22.834883722765696,39.16636236782732],[22.871062311632883,39.02434881802263],[22.7842130989864,38.940333925444506],[22.49049857567097,38.87685354824724],[22.602313074572336,38.8562389242238],[22.723288568957102,38.793170534331225],[22.89937308738972,38.766891084868334],[22.984231028063547,38.6670413839406],[23.099801096422922,38.67229803677263],[23.169491800768625,38.6670413839406],[23.190995249254954,38.610343538481615],[23.356156382067454,38.489501558501146],[23.493844065172922,38.48313101406755],[23.55576613853718,38.351764284331225],[23.682751688463938,38.34651144619646],[23.80394843529011,38.34651144619646],[23.960743936999094,38.20991476650896],[23.966990503771555,38.15213354702654],[23.88002494285847,38.115356050688646],[23.987299952013743,37.763427339751146],[23.918181452257883,37.68464239712419],[23.835513147814524,37.68464239712419],[23.73368361900593,37.85785635586443],[23.63414863060261,37.87897833462419],[23.540715250475657,38.00410040493669],[23.49570182274128,38.06807669277849],[23.41925719688679,38.06807669277849],[23.19584182213093,38.00503882046404],[22.980614695055735,37.95776709194841],[22.89805701683308,37.899989687163256],[23.039967569811594,37.85796698208513],[23.045392069323313,37.773578249174975],[23.04887488792683,37.642631136137865],[23.151383432848704,37.59012182827654],[23.22054770897175,37.601825319487475],[23.321707758410227,37.637382112700365],[23.312159571154368,37.54810675259294],[23.4181242317989,37.46934088345232],[23.184979471667063,37.427333437163256],[23.18579200218464,37.37482794399919],[23.10956481407429,37.34664114590349],[22.970976862414133,37.38532217617693],[23.025345835192454,37.479842745024584],[22.942069086535227,37.518390260893725],[22.7132902474239,37.54343374844255],[22.642317804796946,37.584865175444506],[22.638745340807688,37.49228628750505],[22.726239237292063,37.28850897427263],[22.813349756701243,37.212054811674975],[22.793108973009836,37.13855703945818],[22.88688758323933,37.0466800558156],[22.982552561266672,36.61475332852068],[22.673554453356516,36.75428351040544],[22.5244474739864,36.722125612456225],[22.390296015246165,36.524371706206225],[22.19140723655964,36.85523565884294],[21.98417190025593,37.02048071499529],[21.780915293200266,36.82254370327654],[21.5881681771114,36.98144110317888],[21.531443628771555,37.11514624233904],[21.62650016258503,37.306518160063646],[21.61370757530476,37.414847933012865],[21.51731399009968,37.535758577544115],[21.296347650988352,37.72654303188982],[21.22113135765339,37.828395448882006],[21.228430780871165,37.904906831938646],[21.440451654894602,38.17951544399919],[21.714499506457102,38.13544043179216],[21.905766520006907,38.26973684902849],[21.996687921984446,38.2507816183156],[22.747214350207102,37.95260580654802],[22.89865592430378,37.99755438442888],[23.116345438463938,38.157394014555834],[22.996743235094797,38.17934378262224],[22.875638041003,38.20460089321794],[22.33374122093464,38.42670782681169],[21.826472315294993,38.46395834561052],[21.661257776720774,38.438109956938646],[21.36445525596882,38.412005983549975],[21.17240432213093,38.347838960844896],[20.77183059166218,38.85093268032732],[20.89259818504597,38.895831667143725],[21.006508860094797,38.870544038969896],[21.104685816271555,38.92177542324724],[21.159516367419016,39.00482519741716],[21.007184061510813,39.11298712368669],[20.901148828966868,39.061732851225756],[20.677752527697336,39.08042486782732],[20.211808237536204,39.404925905424975],[20.12238219688679,39.551009737212084],[20.090828928454172,39.602531038481615],[20.028559717638743,39.813781343657396],[19.80364898155476,40.01696356411638],[19.36906722496296,40.260280214507006],[19.380225214464915,40.32358130093279],[19.483712229235422,40.295890413481615],[19.494483026964915,40.40271719570818],[19.339222940905344,40.588737093169115],[19.5272550911739,40.865890108305834],[19.445403131945383,40.964896761137865],[19.529950174792063,41.218444429594896],[19.41699126671101,41.3452525960988],[19.49891570518757,41.523620210844896],[19.61938384483601,41.55930288906755],[19.606965097887766,41.76153906460466],[20.70533450832162,42.81377044835897],[21.4889942875285,42.87907542995954],[24.297108496353133,42.030110669152094],[26.060342999568604,42.09541565075267],[26.582782852373185,41.83419572435038],[26.64808783397376,42.55255052195668],[27.887320551378977,43.0635257589406],[27.86990836571003,42.79987677212419],[27.836163553698313,42.7355228292531]]],[[[24.690066370470774,35.09244116421404],[24.324357065661204,35.207789980132006],[24.01319793175007,35.210414491850756],[23.785594019396555,35.26285132046404],[23.56772330711628,35.25498160000505],[23.513134989245188,35.275958620268725],[23.46688559959675,35.31790503140154],[23.52943900535847,35.569625459868334],[23.671465906603586,35.572249971587084],[23.66908744285847,35.61158331509294],[23.66513350914265,35.66665609951677],[23.69665625999714,35.69812353726091],[23.73367789696003,35.627318941313646],[23.742875132067454,35.561759554106615],[23.879452738268625,35.5524173605031],[23.956812891466868,35.52767141934099],[24.039004358752024,35.561759554106615],[24.03326323936726,35.59847220059099],[24.081856760485422,35.61158331509294],[24.15267661522175,35.5643802511281],[24.13581756065632,35.522426210600756],[24.091456446154368,35.519801698882006],[24.07332328270222,35.49620398159685],[24.113204035265696,35.485717378813646],[24.177744898302805,35.46998556729021],[24.219702753527415,35.449000917632006],[24.229603800280344,35.39131888027849],[24.388283762438547,35.37296637173357],[24.768567118151438,35.4280277120656],[24.997481379015696,35.421020113188646],[25.013600382311594,35.362479768950365],[25.10009101341511,35.34674795742693],[25.374018702013743,35.31790503140154],[25.511635813219797,35.294765077788256],[25.673207315905344,35.34936865444841],[25.7135343880489,35.327010713774584],[25.668467554552805,35.186820589262865],[25.741803202135813,35.13700445767107],[25.7889738411739,35.13700445767107],[25.93549254844929,35.21303518887224],[26.064152750475657,35.239249788481615],[26.09935286949421,35.21564825649919],[26.168826136095774,35.2471080648488],[26.273509058459055,35.3126598226613],[26.236044916613352,35.22876318569841],[26.242667231066477,35.14487417813005],[26.160485300524485,35.024283968169115],[25.89868071983601,35.04525717373552],[25.741736444933665,35.00885351772966],[25.590724024279368,35.016418062407396],[24.69346717308308,34.94047125454607],[24.71563819359089,35.03477057095232],[24.690066370470774,35.09244116421404]]],[[[23.014345698977706,38.961408842619434],[23.242412446688213,39.04411813294447],[23.409661395009252,38.943672845059965],[23.78977264119343,38.71863293758614],[24.131872762759194,38.65335708482884],[24.207895011996026,38.5523591317064],[24.291519486156545,38.19476089687233],[24.588006258180208,38.15292605377605],[24.527188458790736,37.967368965721576],[24.3143261609276,37.98534666287396],[24.192690562148663,38.15292605377605],[24.02544161382762,38.38569989188942],[23.660534817490806,38.40357465937644],[23.59971701810134,38.45717244335585],[23.63772814271976,38.52262680680808],[23.462876969475033,38.62366656002873],[23.120776847909273,38.86676557896794],[22.869903425427715,38.83716368115139],[23.014345698977706,38.961408842619434]]]]}},{"type":"Feature","properties":{"name":"Britany","subject":"Britany","partOf":"Britany","borderPrecision":1,"color":"#b69578"},"geometry":{"type":"MultiPolygon","coordinates":[[[[-1.999109269065851,48.67695685862887],[-1.75196905427781,48.17821145459153],[-2.010361521016347,47.745650369834415],[-2.575529757440609,47.32396831560688],[-2.576483931931275,47.324866853669924],[-2.465543475540894,47.49438437075977],[-2.613652196320313,47.572249971345705],[-2.842474189194458,47.49190481753711],[-3.062696423920411,47.60393866153125],[-3.433526244553345,47.71681173892383],[-3.711868014725464,47.79814871402149],[-3.858102050217408,47.79180868716602],[-3.954837766083497,47.90433844180469],[-4.364373650940674,47.82931097598438],[-4.390935388001221,47.94184836001758],[-4.510127511414307,47.99813040347461],[-4.675397363098877,48.01689489932422],[-4.700306382569092,48.06380423159961],[-4.312866177948731,48.10133322329883],[-4.350984063538331,48.204566560701174],[-4.587968316468018,48.25149496646289],[-4.388901677521485,48.298438631013674],[-4.350201573761719,48.390506349519534],[-4.473793950470704,48.382937990144534],[-4.592021432312745,48.392318330720705],[-4.779634442719239,48.354774080232424],[-4.761963334473389,48.55200155825977],[-4.625704255493897,48.546668611482424],[-4.488299336823243,48.61226614566211],[-4.251477208527344,48.65191229434375],[-3.998872962387818,48.73053701968555],[-3.902217355164307,48.64596136660938],[-3.821306434067505,48.721149049714846],[-3.607873406800049,48.692950807527346],[-3.557670083435791,48.810077272371096],[-3.435057845505494,48.83645971866016],[-3.091225352677125,48.87155111880664],[-2.914459433945435,48.70678671450977],[-2.79053541699292,48.58958014102344],[-2.636378016861695,48.55200155825977],[-2.342885461243409,48.67414816470508],[-2.200072136315125,48.598983369783205],[-2.07596763649823,48.65615805240039],[-1.999109269065851,48.67695685862887]]]]}},{"type":"Feature","properties":{"name":"Grand Duchy of Moscow","subject":"Grand Duchy of Moscow","partOf":"Grand Duchy of Moscow","borderPrecision":1,"color":"#8f9a74"},"geometry":{"type":"MultiPolygon","coordinates":[[[[37.79589884931856,56.23952795857335],[38.6767102590521,55.84593313880959],[37.83993941980523,55.323226464907194],[36.98114829531505,55.895352217783845],[37.79589884931856,56.23952795857335]]]]}},{"type":"Feature","properties":{"name":"Denmark","subject":"Denmark","partOf":"Denmark","borderPrecision":1,"color":"#8f9a74"},"geometry":{"type":"MultiPolygon","coordinates":[[[[24.029559168322336,59.23541601772966],[24.281945261461985,59.28414114590349],[24.34156707237507,59.368880830962084],[24.537568125231516,59.323409639555834],[24.57092383812214,59.374328218657396],[24.71381286094929,59.351832948882006],[24.75122168968464,59.44846304531755],[25.24829009483601,59.36179693813982],[25.448794397814524,59.49396093960466],[25.489993128283274,59.420043550688646],[25.721121820910227,59.45984228726091],[26.343258890612375,59.446647249419115],[26.861901316149485,59.371749483305834],[26.99901679466511,59.31772955532732],[27.265091928942454,59.33804281826677],[27.702038797838938,59.297504030424975],[27.663288210999713,58.95605697043894],[26.546285625628208,58.66271956910061],[26.458204484654857,59.11780840527421],[25.313149652001265,59.151698987422826],[24.52041938324108,58.708498299585365],[23.948000017243686,59.16888370404382],[24.032107386095774,59.17574270840349],[24.029559168322336,59.23541601772966]]],[[[10.401182207567942,57.505878053862475],[10.450728449328196,57.45803030605974],[10.462837252123606,57.24166067715349],[10.333290132982981,57.17146261807146],[10.256552729113352,57.005912386137865],[9.503004106982004,56.975062929350756],[9.333761248095286,57.02273901577654],[9.141241106493723,57.008712373930834],[9.078547510607493,57.036761842924975],[8.970880541308176,57.000297151762865],[8.847024950487864,56.98628195400896],[8.778081926806223,56.798480592924975],[8.665981325609934,56.700458131987475],[8.50712111900593,56.6472659933156],[8.470928225023997,56.596889101225756],[8.36822894523884,56.66685827847185],[8.183486971361887,56.798480592924975],[8.358873400194895,57.02273901577654],[8.534035715563547,57.140582643706225],[8.661300692065012,57.10409887905779],[8.95985892723347,57.13216360684099],[9.302420649035227,57.16584356899919],[9.448685678942454,57.22761496182146],[9.849259409411204,57.581786714751146],[10.289521250231516,57.671859346587084],[10.390136751635325,57.66059454556169],[10.479459795458567,57.75913199063005],[10.558055910570872,57.74505194302263],[10.401182207567942,57.505878053862475]]],[[[8.183429750902903,56.43146475430193],[8.308830294115793,56.479205690581225],[8.452236208422434,56.41160162563982],[8.674888643725168,56.357745729643725],[8.868578943712961,56.61611136074724],[9.002701792223704,56.657157503325365],[9.135852846606028,56.46041830654802],[9.311874422533762,56.481124483305834],[9.32206252525593,56.71893652554216],[9.370146784289133,56.88226660366716],[9.834623369677317,56.8899417745656],[10.216188463671457,56.84984930630388],[10.229683908922922,56.60512503262224],[10.313760790331614,56.469474397856615],[10.825824770434153,56.443290315825365],[10.88867572258259,56.36874731655779],[10.750668558581125,56.097282015044115],[10.496092829211008,56.03362616177263],[10.442480120165598,56.15090139980974],[10.293446573717844,56.137069307524584],[10.175156626208079,56.07587393398943],[10.22987845848347,55.950893007475756],[10.14714625786091,55.764892183501146],[10.007120165331614,55.73038824673357],[9.975747141344797,55.62034948940935],[9.690073046190989,55.60486563320818],[9.738321065656145,55.534428382081465],[9.749,55.54],[9.813,55.547],[9.824,55.547],[9.832,55.545],[9.835,55.54],[9.835,55.527],[9.838,55.522],[9.843,55.519],[9.856,55.512],[9.865,55.51],[9.883,55.506],[9.895,55.506],[9.905,55.506],[9.922,55.51],[9.936,55.515],[10,55.541],[10.074,55.557],[10.125,55.568],[10.149,55.574],[10.165,55.579],[10.178,55.584],[10.213,55.599],[10.29,55.615],[10.299,55.617],[10.31,55.617],[10.327,55.612],[10.399,55.589],[10.406,55.586],[10.485,55.532],[10.474,55.515],[10.452,55.482],[10.445,55.479],[10.428,55.468],[10.422,55.464],[10.416,55.453],[10.418,55.447],[10.42,55.442],[10.426,55.439],[10.437,55.438],[10.469,55.437],[10.479,55.438],[10.6,55.483],[10.606,55.486],[10.609,55.492],[10.614,55.519],[10.617,55.564],[10.613,55.592],[10.607,55.602],[10.603,55.607],[10.611,55.617],[10.614,55.619],[10.619,55.619],[10.627,55.617],[10.634,55.61],[10.658,55.59],[10.662,55.585],[10.744,55.497],[10.747,55.491],[10.745,55.482],[10.791,55.363],[10.828,55.307],[10.835,55.294],[10.834,55.29],[10.816,55.205],[10.812,55.186],[10.786,55.128],[10.783,55.122],[10.779,55.118],[10.74,55.067],[10.733,55.064],[10.726,55.062],[10.666,55.061],[10.627,55.061],[10.616,55.061],[10.599,55.058],[10.584,55.053],[10.529,55.029],[10.519,55.029],[10.498,55.029],[10.153,55.084],[10.135,55.117],[10.151,55.122],[10.154,55.127],[10.153,55.133],[10.15,55.137],[10.119,55.179],[10.108,55.186],[10.099,55.188],[10.006,55.193],[9.897,55.28],[9.897,55.286],[9.888,55.337],[9.887,55.342],[9.811,55.437],[9.768,55.467],[9.729,55.474],[9.704480526428771,55.483473432970705],[9.630183252794993,55.45940741177263],[9.543865236742747,55.35126455898943],[9.516561541064036,55.223067842680834],[9.517821344836008,55.128680788237475],[9.421020540697825,54.97648199673357],[9.495982202990305,54.938293062407396],[9.610262903673899,54.8800426351613],[9.864443811877024,54.72629126187029],[9.98668769310261,54.5924449789113],[9.97801021049763,54.49014624233904],[9.864808115465891,54.41139944668474],[10.064928087694895,54.43389471646013],[10.141728434069407,54.33675345059099],[9.884802784904497,54.2541031475196],[9.826653504744447,54.27590912757962],[9.739429584504371,54.27590912757962],[9.674011644324317,54.188685207339546],[9.448683183704123,54.188685207339546],[9.441414523684116,54.2468344874996],[9.29604132328399,54.2468344874996],[9.25969802318396,54.30498376765964],[9.216086063063923,54.29044644761963],[9.16520544292388,54.319521087699655],[9.136130802843853,54.29771510763964],[9.056175542623786,54.34859572777968],[8.961682962363703,54.27590912757962],[8.884012255175364,54.229449831206225],[8.580725702746165,54.19368704434099],[8.553946527941477,54.2754398214406],[8.852422747118723,54.331649385649584],[8.950601610644114,54.41855581875505],[8.742068323595774,54.60780295010271],[8.595986399157297,54.761352144438646],[8.616097483141672,54.88736303921404],[8.645074877245676,55.06904562588396],[8.559559854967844,55.356124483305834],[8.481338533861887,55.34923895474138],[8.318970713122141,55.48107489224138],[8.214038881762278,55.3985973226613],[8.034566912157786,55.47591360684099],[8.125073465807688,55.635829530913256],[8.320030245287668,55.76773413296404],[8.316974672777903,55.8489147054738],[8.116614374621165,56.09225805874529],[8.124479326708567,56.207477174956225],[8.183429750902903,56.43146475430193]]],[[[11.969614061815989,54.95418509121599],[11.907332453234446,55.021293245512865],[11.767222437365305,55.17599829312029],[11.584776911242258,55.16218145962419],[11.285398516161692,55.18856772061052],[11.230098757250559,55.33680685635271],[11.101924929125559,55.63367041226091],[11.296261820299875,55.67459448452654],[11.567736658556711,55.88477667446794],[11.728052172167551,55.661883913237475],[11.962490114672434,55.581264101225756],[12.052621874315989,55.70307882900896],[12.087997469408762,55.96697577114763],[12.237717661364329,55.98757132168474],[12.44404796074177,55.967650972563646],[12.469224962694895,55.710631929594896],[12.409100565417063,55.548331819731615],[12.344366106493723,55.50770529385271],[12.158434900744211,55.37909277554216],[12.429719004137766,55.24469336147966],[12.301355394823801,55.170280061919115],[12.076974901659739,54.994689546782396],[11.969614061815989,54.95418509121599]]],[[[11.723,54.651],[11.694,54.656],[11.641,54.662],[11.588,54.664],[11.579,54.663],[11.522,54.642],[11.473,54.623],[11.466,54.62],[11.461,54.619],[11.456,54.619],[11.451,54.621],[11.377,54.647],[11.35,54.659],[11.315,54.676],[11.278,54.7],[11.262,54.707],[11.246,54.712],[11.191,54.726],[11.144,54.737],[11.126,54.74],[11.099,54.742],[11.032,54.756],[11.026,54.759],[11.02,54.763],[10.995,54.783],[10.991,54.787],[10.99,54.791],[11.025,54.814],[11.014,54.89],[11.014,54.896],[11.027,54.91],[11.032,54.915],[11.042,54.923],[11.058,54.935],[11.071,54.941],[11.119,54.951],[11.136,54.954],[11.164,54.957],[11.193,54.957],[11.24,54.957],[11.276,54.95],[11.288,54.943],[11.331,54.919],[11.336,54.916],[11.34,54.911],[11.347,54.896],[11.351,54.892],[11.361,54.884],[11.393,54.868],[11.409,54.862],[11.514,54.83],[11.564,54.822],[11.643,54.878],[11.642,54.901],[11.642,54.904],[11.644,54.906],[11.649,54.907],[11.657,54.904],[11.709,54.875],[11.735,54.855],[11.845,54.77],[11.849,54.766],[11.862,54.746],[11.862,54.743],[11.858,54.689],[11.856,54.683],[11.844,54.669],[11.834,54.661],[11.785,54.64],[11.776,54.641],[11.736,54.645],[11.723,54.651]]],[[[12.055,54.775],[11.981,54.71],[11.97,54.699],[11.963,54.685],[11.961,54.676],[11.959,54.663],[11.96,54.648],[11.963,54.63],[11.968,54.609],[11.974,54.587],[11.979,54.576],[11.98,54.57],[11.979,54.567],[11.969,54.562],[11.964,54.562],[11.945,54.567],[11.929,54.573],[11.923,54.576],[11.872,54.651],[11.871,54.667],[11.878,54.688],[11.892,54.701],[11.899,54.719],[11.856,54.774],[11.802,54.839],[11.793,54.845],[11.782,54.849],[11.756,54.855],[11.752,54.859],[11.709,54.937],[11.713,54.942],[11.732,54.954],[11.742,54.959],[11.751,54.961],[11.767,54.962],[11.847,54.956],[11.851,54.955],[11.865,54.948],[11.997,54.904],[12.02,54.896],[12.038,54.892],[12.061,54.891],[12.079,54.894],[12.085,54.894],[12.096,54.892],[12.104,54.89],[12.111,54.887],[12.119,54.882],[12.137,54.869],[12.168,54.842],[12.169,54.839],[12.169,54.836],[12.167,54.834],[12.158,54.829],[12.12,54.806],[12.107,54.8],[12.089,54.794],[12.078,54.789],[12.072,54.786],[12.055,54.775]]],[[[14.82,55.261],[14.825,55.257],[14.839,55.251],[14.887,55.229],[14.997,55.187],[15.065,55.162],[15.074,55.16],[15.091,55.155],[15.123,55.149],[15.134,55.144],[15.141,55.139],[15.149,55.129],[15.15,55.089],[15.148,55.082],[15.107,55.026],[15.103,55.021],[15.077,55.001],[15.061,54.996],[15.052,54.995],[15.043,54.995],[14.942,55.013],[14.882,55.029],[14.747,55.065],[14.729,55.073],[14.68,55.1],[14.678,55.102],[14.699,55.215],[14.744,55.292],[14.746,55.296],[14.76,55.304],[14.764,55.306],[14.77,55.306],[14.799,55.282],[14.806,55.276],[14.813,55.269],[14.82,55.261]]],[[[13.679,54.542],[13.678,54.532],[13.675,54.526],[13.67,54.522],[13.667,54.521],[13.647,54.516],[13.641,54.513],[13.591,54.486],[13.585,54.483],[13.581,54.478],[13.578,54.472],[13.576,54.462],[13.577,54.46],[13.578,54.454],[13.584,54.442],[13.617,54.404],[13.621,54.402],[13.631,54.401],[13.646,54.401],[13.667,54.402],[13.676,54.401],[13.702,54.388],[13.707,54.384],[13.714,54.378],[13.731,54.355],[13.744,54.331],[13.731,54.276],[13.727,54.274],[13.715,54.272],[13.711,54.272],[13.696,54.281],[13.694,54.283],[13.696,54.284],[13.711,54.297],[13.713,54.321],[13.712,54.324],[13.689,54.348],[13.684,54.349],[13.508,54.343],[13.504,54.342],[13.469,54.328],[13.359,54.275],[13.357,54.273],[13.355,54.27],[13.357,54.26],[13.403,54.265],[13.408,54.265],[13.413,54.265],[13.42,54.261],[13.422,54.259],[13.426,54.252],[13.429,54.244],[13.429,54.238],[13.424,54.234],[13.398,54.222],[13.393,54.221],[13.319,54.249],[13.268,54.255],[13.257,54.256],[13.25,54.258],[13.156,54.306],[13.122,54.331],[13.118,54.334],[13.117,54.339],[13.118,54.343],[13.129,54.368],[13.131,54.371],[13.134,54.372],[13.142,54.374],[13.151,54.375],[13.157,54.375],[13.201,54.373],[13.217,54.37],[13.223,54.369],[13.236,54.372],[13.261,54.379],[13.265,54.38],[13.268,54.383],[13.239,54.411],[13.208,54.428],[13.165,54.434],[13.229,54.465],[13.232,54.486],[13.167,54.513],[13.147,54.546],[13.231,54.552],[13.256,54.551],[13.304,54.55],[13.338,54.566],[13.367,54.58],[13.378,54.558],[13.395,54.542],[13.42,54.522],[13.447,54.489],[13.484,54.484],[13.503,54.493],[13.517,54.513],[13.503,54.55],[13.459,54.551],[13.426,54.57],[13.384,54.578],[13.375,54.61],[13.355,54.604],[13.33,54.583],[13.311,54.573],[13.286,54.565],[13.282,54.564],[13.251,54.558],[13.246,54.558],[13.245,54.559],[13.225,54.634],[13.225,54.64],[13.226,54.643],[13.231,54.648],[13.245,54.657],[13.263,54.667],[13.279,54.671],[13.292,54.673],[13.364,54.679],[13.384,54.681],[13.424,54.683],[13.43,54.682],[13.438,54.68],[13.443,54.676],[13.444,54.673],[13.442,54.671],[13.429,54.66],[13.422,54.657],[13.397,54.652],[13.391,54.649],[13.386,54.645],[13.383,54.639],[13.391,54.607],[13.407,54.589],[13.433,54.578],[13.456,54.573],[13.482,54.575],[13.516,54.577],[13.593,54.585],[13.618,54.586],[13.634,54.586],[13.639,54.585],[13.647,54.583],[13.672,54.569],[13.677,54.565],[13.678,54.563],[13.679,54.542]]],[[[13.38089124559939,56.668232909389644],[13.432448474618765,56.52387266813539],[14.175412094711515,56.81280296483813],[14.48498026975016,56.68010333591191],[15.426993333232243,56.765740887137554],[16.063150608488804,56.39623928230259],[16.031445536120188,56.353072725493334],[15.770541223986399,56.03321035977068],[15.696229013903391,56.0609622823781],[15.497040781481516,56.16724356289568],[15.220801386339915,56.08036383267107],[14.652893099291575,56.12061651821794],[14.605230364306223,55.98078497524919],[14.49182799766804,56.01803930874529],[14.25892547081257,55.89928015347185],[14.126021418078196,55.666583620268725],[14.286350283129465,55.515494905669115],[14.117195162279856,55.34711416836443],[13.901111635668528,55.40515478726091],[13.823299440844309,55.42181738491716],[13.301851305468332,55.3006969320363],[12.80237201164509,55.35291250820818],[12.801919970019114,55.416766725737475],[12.887555155260813,55.45160635586443],[12.859313997729075,55.532916628081225],[12.985865625841868,55.666583620268725],[12.699014696581614,55.90509756680193],[12.51335719536091,56.12061651821794],[12.414413485033762,56.243041597563646],[12.652379068835032,56.295531831938646],[12.615435633166086,56.435607515532396],[12.804806742174875,56.40119894619646],[12.87157538841511,56.51151617642107],[12.812482381214837,56.58401885178842],[13.38089124559939,56.668232909389644]]]]}},{"type":"Feature","properties":{"name":"Sweden","subject":"Sweden","partOf":"Sweden","borderPrecision":1,"color":"#8b7fa6"},"geometry":{"type":"MultiPolygon","coordinates":[[[[18.784991297228586,63.13801153774919],[18.486624750597727,62.98124273892107],[18.3889494271114,62.85337408657732],[18.303191217882883,62.78942450161638],[17.9674406380489,62.774623476225756],[17.868168863756907,62.788619600493334],[17.936255487902415,62.54800375576677],[17.71811202476765,62.356734834868334],[17.290240320666086,62.4407230245656],[17.3873625130489,62.20076712246599],[17.49677184532429,62.088100038725756],[17.386973413927805,61.65843542690935],[17.162642511828196,61.62990530605974],[17.065176996691477,61.5383792745656],[17.150189432604563,61.19770773525896],[17.146208796007883,60.95282705898943],[17.31762793968464,60.753070436674975],[17.188498529894602,60.67429312344255],[17.604964289171946,60.637538515288256],[17.70645621727253,60.553580843169115],[17.930748972399485,60.59030874844255],[18.224387201769602,60.32296713467302],[18.416865381701243,60.181624971587084],[18.804085764391672,60.108398042876146],[18.893071207506907,59.92568930264177],[19.037323984606516,59.86324270840349],[19.04355147789265,59.71242483730974],[18.86789229820515,59.71242483730974],[18.639250788195383,59.56692846890154],[18.251421961291086,59.431937776762865],[18.03008368919636,59.35928305264177],[17.795283350451243,59.36447485562029],[17.72995284508015,59.41636236782732],[17.367983850939524,59.46826513882341],[17.07059768150593,59.54614981289568],[16.785538706286204,59.577315889555834],[16.724089655382883,59.530570589262865],[16.52320769737507,59.58251532192888],[16.407576593859446,59.44749792690935],[16.77647498558308,59.478656374174975],[16.999835047228586,59.35928305264177],[17.265778574450266,59.33853491421404],[17.358122858507883,59.245177828032396],[17.574921640856516,59.21407278652849],[17.58441260765339,59.27111395474138],[17.861731562121165,59.23999365444841],[17.97763541649128,59.328151308257006],[18.111378702624094,59.32297476406755],[18.328169855578196,59.3696666585988],[18.429560694201243,59.33334692593279],[18.441370996935618,59.40079077358904],[18.51546958397175,59.40079077358904],[18.61132720421101,59.33334692593279],[18.598195108874094,59.297042452055834],[18.273371729357493,59.286666475493334],[18.371960672838938,59.157069765288256],[18.015667948229563,59.03791006680193],[17.940136942370188,58.90848883267107],[17.76646521995808,58.87226828213396],[17.726422342760813,58.913661562163256],[17.745200190050852,58.986129366118334],[17.73910811851765,59.11042364712419],[17.623181375963938,59.10007055874529],[17.58218863914753,58.89296682949724],[17.35667518089558,58.7429691183156],[17.2453890175655,58.71711691494646],[17.082999262316477,58.748134218413256],[17.080731424792063,58.649928652007006],[16.442866358263743,58.63442190762224],[16.513194117052805,58.42811545010271],[16.744044336779368,58.311950288969896],[16.77354529808308,58.037902437407396],[16.724585566027415,57.88932379360857],[16.59776404808308,57.866454683501146],[16.459530863268625,57.89520605679216],[16.476531061632883,57.70212896938982],[16.6072054238155,57.66581305142107],[16.550478968127024,57.545150362212084],[16.65867904136921,57.442950807768725],[16.494158777697336,57.278922640044115],[16.39452460716511,57.07430227871599],[16.37617400596882,56.82242163296404],[16.063150608488804,56.39623928230259],[15.426993333232243,56.765740887137554],[14.48498026975016,56.68010333591191],[14.175412094711515,56.81280296483813],[13.432448474618765,56.52387266813539],[13.38089124559939,56.668232909389644],[12.812482381214837,56.58401885178842],[12.785859140856516,56.616683565337084],[12.657481226427805,56.610839449126146],[12.526032480700266,56.780395113188646],[12.288620981676829,56.87985571499529],[12.005142244799387,57.32520636196794],[11.876622232897532,57.32520636196794],[11.881114038927805,57.508964143950365],[11.766084703905832,57.67267950649919],[11.736376187990079,57.69820870971917],[12.487895457193446,58.56291949268917],[12.422772440417063,60.03877981777849],[12.435860666735422,60.27809866543474],[12.547958406908762,60.43387182827654],[12.431030306322825,60.625846468169115],[12.17403891990925,60.956405245024584],[12.5973816246822,61.02862127896013],[12.791736635668528,61.329948030669115],[13.154899574856213,62.024227120754574],[15.049652873144248,63.52575508701183],[16.66070930557667,63.75590600593075],[17.260903495737743,64.20605164855155],[20.873273399290948,64.03282247139006],[20.866480860216868,64.02561529751482],[20.700659784777415,63.81812628384294],[19.984885248644602,63.51726873989763],[19.67027572105671,63.388541780669115],[19.46501258323933,63.480704866606615],[19.31822493980671,63.44482763882341],[19.07592681358601,63.202498995024584],[18.784991297228586,63.13801153774919]]]]}},{"type":"Feature","properties":{"name":"Aragón","subject":"Aragón","partOf":"Aragón","borderPrecision":1,"color":"#8f9a74"},"geometry":{"type":"MultiPolygon","coordinates":[[[[-1.664297551499534,42.12541942266957],[-0.907353666321981,42.88129767056169],[-0.840018358723867,42.90865286465349],[-0.611982133881796,42.73087652798357],[-0.586789485709417,42.765060030180834],[-0.468836572663534,42.7513919698781],[-0.409914609687078,42.785567842680834],[-0.216141254352081,42.7172008382863],[-0.203663793103445,42.70031317349138],[-0.165626824544418,42.64883764858904],[0.179550382597697,42.66251715298357],[0.196265372736704,42.6078258382863],[0.347843679888499,42.63517340298357],[0.591923627360117,42.6283336507863],[0.584142002566111,42.77189215298357],[0.744199428065073,42.77189215298357],[1.307450088961374,42.63517340298357],[1.320455842331889,42.60500633270461],[1.320455842331295,42.60500633270455],[1.45631185806913,42.61895371848023],[1.577167183604798,42.64785062076061],[1.755428788769909,42.596716202383234],[1.79168538643061,42.57892047388559],[1.731257723662776,42.54553979026787],[1.728236340524384,42.501004432498135],[2.102887849684956,42.61450685035179],[2.272085305434892,42.69006041846055],[2.48056074198392,42.68561863167925],[2.489624891399095,42.71892429041346],[2.701121711086515,42.73002220618929],[2.824998419760575,42.849753178372794],[2.948875128434636,42.882970675163364],[3.039267615601351,42.8691948199401],[3.001891169158203,42.77080877871875],[3.045898947325927,42.53945501895313],[3.087081465331298,42.36864431949024],[3.087081465224882,42.36864431951921],[3.086528334124338,42.32911261196794],[3.086286100847971,42.12072332974138],[3.1565537781551,42.0757213460988],[3.128878864748728,41.8572269308156],[2.628259214861643,41.61954077358904],[2.200590166552317,41.44614752407732],[2.080724749071848,41.298488222319506],[1.609828624232065,41.2091556417531],[1.311244878275645,41.157252870757006],[0.879201921923411,41.02173575039568],[0.733751806719553,40.87495382900896],[0.709782037241709,40.785148225981615],[0.827125462992441,40.72742422695818],[0.78755644272114,40.656886659819506],[0.505141589148295,40.592757784087084],[0.237927588923228,40.240199648100756],[-0.160625037448156,39.8860240804738],[-0.203663793103445,39.799438081938646],[-0.284515862064112,39.636771761137865],[-0.39484843303417,39.43445929165544],[-0.235902842776525,39.062404237944506],[-0.203663793103445,39.012652956206225],[-0.165695284204233,38.95406302090349],[0.126115980847132,38.82135351772966],[0.172570082648051,38.73834570522966],[-0.107004006104219,38.59149893398943],[-0.203663793103445,38.54402884121599],[-0.435155329005468,38.43033941860857],[-0.564126816289175,38.21486624355974],[-0.664728876845587,38.176574312407396],[-0.87234356691097,37.75979956265154],[-0.802563574807394,37.61500509854021],[-0.918272283570516,37.57034262295427],[-1.364567962186086,37.548392854887865],[-1.62571248103832,37.4394908773488],[-1.816879835622061,37.29247625942888],[-1.940475192563284,36.951598726469896],[-2.149258710407844,37.23301714309455],[-1.921041694450992,37.65141500568211],[-2.035150202429417,37.84159585231282],[-1.883005525124849,37.95570436029125],[-1.654788509167997,37.91766819096511],[-1.654788509167997,38.1839213762481],[-1.806933186472564,38.25999371490038],[-1.806933186472564,38.52624690018338],[-2.035150202429417,38.60231923883566],[-2.035150202429417,39.24893411738008],[-1.806933186472564,39.17286177872779],[-1.806933186472564,39.47715113333693],[-1.997114033103276,39.59125964131536],[-1.997114033103276,39.74340431861992],[-1.806933186472564,39.85751282659835],[-1.997114033103276,39.97162133457678],[-1.997114033103276,40.0857298425552],[-2.301403387712412,40.23787451985977],[-2.301403387712412,40.39001919716434],[-1.921041694450992,40.61823621312119],[-2.035150202429417,41.226814922339464],[-2.301403387712412,41.26485109166561],[-2.301403387712412,41.49306810762246],[-2.149258710407844,41.49306810762246],[-2.130006796834982,41.81657040431949],[-1.604866036927435,41.76883033523699],[-1.664297551499534,42.12541942266957]]]]}}]}