{"type":"FeatureCollection","features":[{"type":"Feature","properties":{"name":"Cyprus","subject":"Cyprus","partOf":"Cyprus","borderPrecision":1,"color":"#739b91"},"geometry":{"type":"MultiPolygon","coordinates":[[[[33.78049758384968,35.20813711758318],[33.77266601036335,35.12928351040544],[33.92467406700398,34.95322760220232],[33.79195693443562,34.95737036343279],[33.7325773567989,34.908622347075365],[33.68582061241413,34.934867464262865],[33.53851226280476,34.94415625210466],[33.48393538902546,34.79579123135271],[33.131392511828196,34.6803356039113],[32.95861724327351,34.6593395101613],[32.91454604576374,34.635726534087084],[32.91451552818562,34.541259371001146],[32.81665709923054,34.53863867397966],[32.784136805041086,34.625228487212084],[32.60339263389851,34.61473425503435],[32.357180628283274,34.6803356039113],[32.27109054039265,34.71969565029802],[32.270979914171946,34.81415518398943],[32.19850066612507,34.861388765532396],[32.143721613390696,35.04254492397966],[32.18047622154499,35.058314882475756],[32.23445800255085,35.01363333340349],[32.30098632286335,35.016261659819506],[32.48311522911335,35.15294226284685],[32.59698394249226,35.15557440396013],[32.744952234728586,35.11427267666521],[32.779524836046946,35.15294226284685],[32.81907180259968,35.28174551602068],[32.79511168907429,35.36061056729021],[33.07747939537312,35.31861075039568],[33.37370971153523,35.30648001309099],[33.53904250572468,35.33169516201677],[33.90731719444538,35.436847292143725],[34.21733764122273,35.573566042143725],[34.45821288536335,35.64456137295427],[34.24465468834187,35.51184424038591],[34.04842666099812,35.40793188687029],[33.78049758384968,35.20813711758318]]]]}},{"type":"Feature","properties":{"name":"Sardinia","subject":"Sardinia","partOf":"Sardinia","borderPrecision":1,"color":"#b3a46e"},"geometry":{"type":"MultiPolygon","coordinates":[[[[8.819559130175364,38.976913057524584],[8.69609931419636,38.99581106777849],[8.582376512987864,39.06576880093279],[8.417174372179758,39.212203584868334],[8.374221834643137,39.307845674712084],[8.46503356407429,39.639937959868334],[8.508480104906809,39.94647558804216],[8.487975153429758,40.20879706021013],[8.42818931053425,40.46485479946794],[8.20155242393757,40.66299780483904],[8.159486803515207,40.78467520352068],[8.240707430346262,40.855338655669115],[8.405552896960032,40.86208304043474],[8.76607230613972,40.86280020352068],[8.91842368553425,40.94002493496599],[9.30620387504841,41.184447847563646],[9.590851816637766,40.902911745268725],[9.793739351732981,40.56368216152849],[9.787847551806223,40.441955171782396],[9.695723566515696,40.31368979092302],[9.630800280077707,40.09585531826677],[9.698009523852122,39.69349630947771],[9.648338350756418,39.457213960844896],[9.478920015795481,39.144157015044115],[9.296275171740305,39.23312338467302],[9.062541994555247,39.21989019985857],[8.998516115648997,39.175094209868334],[8.931367907030832,39.053702913481615],[8.819559130175364,38.976913057524584]]]]}},{"type":"Feature","properties":{"name":"Magyars","subject":"Magyars","partOf":"Magyars","borderPrecision":1,"color":"#8b7fa6"},"geometry":{"type":"MultiPolygon","coordinates":[[[[16.122152512905487,45.581869537615034],[16.209129605272764,45.73407944925776],[16.078663966721834,45.88628936090049],[16.209129605272764,46.147220638002295],[16.44831660928274,46.10373209181867],[16.53529370165002,46.364663368920475],[16.29610669764004,46.40815191510411],[16.513549428558193,46.62559464602229],[16.44831660928274,46.77780455766501],[16.44831660928274,46.930014469307736],[16.557037974741846,47.06048010785864],[16.557037974741846,47.190945746409554],[16.644015067109123,47.299667111868644],[16.557037974741846,47.495365569695],[16.48161604547856,48.19584933203984],[17.353421976729678,48.963104003392715],[17.869848462660357,48.80002195520407],[18.11447153494329,48.85438263793361],[18.11447153494329,48.99028434475747],[18.223192900402367,48.99028434475747],[18.25037324176715,49.180546734310894],[18.47847432057335,49.49988824463957],[18.522176655414867,49.56107151341769],[18.926706865198312,49.62196029694567],[19.108236977475215,49.591705278232865],[19.13849199618805,49.712725353084124],[19.380532145890598,49.803490409222576],[19.5620622581675,49.712725353084124],[19.5620622581675,49.53119524080722],[19.713337351731596,49.53119524080722],[19.8948674640085,49.47068520338159],[20.015887538859758,49.803490409222576],[20.348692744700756,49.742980371796946],[20.53022285697766,49.803490409222576],[20.681497950541754,49.652215315658495],[20.893283081531493,49.742980371796946],[20.802518025393013,49.83374542793541],[20.893283081531493,49.83374542793541],[20.984048137669916,49.742980371796946],[21.13532323123401,49.83374542793541],[21.286598324798106,49.77323539050977],[21.316853343510914,49.86400044664822],[21.768063558826285,49.743677722564115],[21.7706786242032,49.742980371796946],[21.7706786242032,49.591705278232865],[24.131951941103054,48.811120856545],[24.297108496353147,48.756523774011114],[27.17052768677833,47.97286399480424],[27.170654277631343,47.97257464428307],[27.391097542618823,47.46870432431173],[27.428321778080274,47.38362035754267],[27.52855253754984,47.154521478755115],[27.62766255798236,46.92798428919508],[27.61532130563534,46.90021647141428],[27.366442631580057,46.34023945478992],[26.517477870772623,45.81779960198533],[23.056313845942228,45.03413982277846],[22.6644839563388,44.64230993317503],[22.337959048335946,44.772919896376166],[22.07673912193364,44.4463949883733],[21.35838432432736,44.772919896376166],[20.994183465401093,44.70007972459091],[20.705334508321627,44.64230993317503],[20.31365692137966,44.90109301699363],[20.29067094383346,44.89965639339698],[19.785081820473508,44.93614220642296],[17.9489735543858,44.81277507539258],[17.82669376197687,45.13885452181643],[17.337574592341113,45.13885452181643],[16.80769549190238,44.935054867801526],[15.911678518060839,45.63098013641212],[16.122152512905487,45.581869537615034]]]]}},{"type":"Feature","properties":{"name":"Venice","subject":"Venice","partOf":"Venice","borderPrecision":1,"color":"#8b7fa6"},"geometry":{"type":"MultiPolygon","coordinates":[[[[13.36769584129597,45.69448813076677],[13.156165155871165,45.72652395840349],[13.104608568651926,45.58238562222185],[12.898650202257883,45.55837210293474],[12.448155436022532,45.394286714751146],[12.483212503893625,45.46231421108904],[12.279743227465403,45.40228994961443],[12.251417192919504,45.290282808501146],[12.180371317370188,45.27027853604021],[12.176189455492747,45.21429022427263],[11.970674173705603,45.436241641779475],[12.144820791307112,45.76276654978233],[12.6454923169115,45.91514484018367],[13.080858860915342,45.98044982178425],[13.36769584129597,45.69448813076677]]],[[[14.174608263476145,45.01038702603044],[14.188512835009348,44.94254644985857],[14.060400042040598,44.8947025167531],[13.991256746752512,44.783099733549975],[13.895102533800852,44.759181581694506],[13.672059092028391,45.05035742397966],[13.643589052660715,45.17908819790544],[13.526890787585032,45.454310976225756],[13.556276354296457,45.45960196133318],[13.749085459215891,45.49433096523943],[13.799984011156809,45.566371523100756],[13.995128603323352,45.45800996897967],[13.951591948922967,45.39270498737909],[13.799213658521651,45.30563167857832],[13.908055294522583,44.979106770575456],[14.174608263476145,45.01038702603044]]]]}},{"type":"Feature","properties":{"name":"Corsica","subject":"Corsica","partOf":"Corsica","borderPrecision":1,"color":"#8f9a74"},"geometry":{"type":"MultiPolygon","coordinates":[[[[9.432161364062082,42.79413565273943],[9.405494722826731,42.58059652920427],[9.458552393419993,42.556056581694506],[9.48671153496052,42.40637930508318],[9.452508959276926,42.048305116850756],[9.357456240160715,41.901210390288256],[9.304538759691965,41.57526739712419],[9.173024210436594,41.349906526762865],[9.038939508898508,41.369498811919115],[9.013268503649485,41.4576793539113],[8.82875255058552,41.49197729702654],[8.726921114428293,41.56056936855974],[8.854648622973215,41.653678499419115],[8.823254618151438,41.68797644253435],[8.626926455004465,41.73208960171404],[8.742449793322336,41.88159903164568],[8.692829164965403,41.91346319790544],[8.561865839464915,41.88159903164568],[8.537932428820383,41.947780214507006],[8.589588198168528,41.95759161587419],[8.668312105639231,42.028686128813646],[8.626454386217844,42.097343050200365],[8.51069835136677,42.13412436123552],[8.517246279223215,42.207702242094896],[8.62842181633259,42.261657320219896],[8.500446352465403,42.3597789632863],[8.609300646288645,42.48734625454607],[8.879002603991282,42.62476690884294],[9.000392946703684,42.63458975430193],[9.018427881701243,42.691039644438646],[9.149460825426829,42.71067007656755],[9.237692865832102,42.66403921719255],[9.280391726000559,42.72785528774919],[9.270520243151438,42.88251074429216],[9.30318931053425,42.9831920492238],[9.367051157458079,42.98810156460466],[9.41423896263386,42.90952643032732],[9.432161364062082,42.79413565273943]]]]}},{"type":"Feature","properties":{"name":"Hadramaut","subject":"Hadramaut","partOf":"Hadramaut","borderPrecision":1,"color":"#b3a46e"},"geometry":{"type":"MultiPolygon","coordinates":[[[[47.06392597669141,15.748244998241177],[47.837586523722635,16.42168231904352],[50.511135257684785,17.146712484185798],[51.81540992800966,18.124918486929445],[53.93854954569257,19.154590009908418],[56.72555910069305,19.154590009908418],[57.18620971153523,18.938108049590014],[56.90431121300007,18.81680067654314],[56.73888686607624,18.689376436430834],[56.608599695666086,18.466741167265795],[56.549361261828196,18.218829714018725],[56.4575529427364,18.09156187649431],[56.2575903267696,17.97677382107439],[56.01284316490437,17.93178518887224],[55.88154509971882,17.931510530669115],[55.70811751793171,17.95018347378435],[55.561072382433665,17.937171541411303],[55.38948729942585,17.8097415792531],[55.290408167345774,17.676099382597826],[55.23443511436726,17.44726141567888],[55.23563674400593,17.28843458767595],[55.19483855675007,17.148564897734545],[54.91061309288288,16.97005995388689],[54.756079706652415,16.95067175503435],[54.40687468956257,17.045220934111498],[54.08425811241413,17.01911886807146],[53.681250605089915,16.897540651518725],[53.33573440025593,16.763379656035326],[53.208453211291086,16.718633257109545],[53.02094939659382,16.653768144804857],[52.894324335558665,16.60995253201189],[52.65216735313679,16.488719545561693],[52.35659697960163,16.233945451933764],[52.23764327476765,16.10025557156267],[52.16285613487507,15.871372781950853],[52.135169062121165,15.687059961516283],[51.95041182945515,15.540526949126146],[51.599001747484536,15.378753642468041],[51.312563929064524,15.246890627104662],[50.29111770103718,14.958784662444017],[49.71286300133015,14.773288332182787],[49.33384993980671,14.632695757109545],[49.17317870567585,14.498915277678392],[48.96038726280476,14.21889742489519],[48.87929629770282,14.168719980766738],[47.06392597669141,15.748244998241177]]]]}},{"type":"Feature","properties":{"name":"Muscat","subject":"Muscat","partOf":"Muscat","borderPrecision":1,"color":"#b47c6f"},"geometry":{"type":"MultiPolygon","coordinates":[[[[59.837283167345774,22.279178224760912],[57.716495831359865,22.18933374757559],[55.554391932724585,23.519093212830995],[54.77081969688679,24.73348196621599],[55.09080031822468,25.02003630276384],[55.457198175890696,25.420184694487475],[55.53048613975788,25.37295492764177],[55.633460077746165,25.4531741964406],[56.01545623253132,25.771625124174975],[56.15673354576374,25.9664798605031],[56.29730895469929,26.15973051663103],[56.36705306480671,26.23611982937517],[56.40502837608601,25.861381136137865],[56.214846643908274,25.543342195708178],[56.16130736778523,25.47334440823259],[56.28163579109504,25.46239995693982],[56.36601928184773,25.454724870879076],[56.406260523302805,25.308688722807787],[56.40648177574421,25.07998427029314],[56.405257257921946,24.918748460966967],[56.40537551353718,24.8195072042531],[56.610796961291086,24.47688253994646],[56.79418853233601,24.26761397000017],[57.146197351916086,23.9824710714406],[57.396296877561824,23.83704082328193],[57.45101455162312,23.805223070341967],[57.90421584556843,23.571113191801928],[58.08071807335163,23.501605592924975],[58.20529464195515,23.495515428740404],[58.46465590904499,23.50877150173845],[58.62849334190632,23.4582954275197],[59.02163604210163,23.020764909941576],[59.25432113121296,22.72900541897478],[59.46142104576374,22.538865648466967],[59.82569030235554,22.37445219631853],[59.837283167345774,22.279178224760912]]]]}},{"type":"Feature","properties":{"name":"Chalukya Empire","subject":"Chalukya Empire","partOf":"Chalukya Empire","borderPrecision":1,"color":"#739b91"},"geometry":{"type":"MultiPolygon","coordinates":[[[[72.70661,21.50432],[75.41139,21.86814],[78.46621,21.50883],[80.97968,20.85983],[81.26855,19.82944],[81.36636,19.48058],[78.7369,17.832],[77.65417,16.50198],[77.71674,14.32803],[76.67473,13.28601],[75.43987,11.7498],[75.21094,12.10237],[74.96174,12.87696],[74.7776,13.52791],[74.73362,13.68336],[74.70299,13.75127],[74.42144,14.37545],[74.40151,14.41964],[74.37707,14.46192],[74.15313,14.8495],[74.03218,15.05883],[73.84143,15.39048],[73.57273,16.03793],[73.50805,16.24396],[73.49424,16.28796],[73.40929,16.55854],[73.39573,16.61641],[73.18471,17.51733],[73.06423,18.03172],[72.97611,18.53857],[72.85335,19.24468],[72.78251,19.94969],[72.75949,20.05765],[72.86444,20.31198],[73.10968,20.68732],[73.11286,20.82709],[72.93113,20.95376],[72.76573,21.15036],[72.71466,21.43612],[72.70661,21.50432]]]]}},{"type":"Feature","properties":{"name":"Buyid Emirate","subject":"Buyid Emirate","partOf":"Buyid Emirate","borderPrecision":1,"color":"#8f9a74"},"geometry":{"type":"MultiPolygon","coordinates":[[[[68.0721769661739,23.67518766995134],[68.04699996422077,23.764070116240404],[67.69232467125202,23.814155183989428],[67.48602584312702,23.928060136992357],[67.31589034508015,24.092885576445482],[67.2042341561153,24.588166795927904],[67.1535978646114,24.65159186001482],[66.99953750084187,24.714782320219896],[66.70171645591999,24.752278886992357],[66.65421584556843,24.783935152251146],[66.64811232994343,24.90462454434099],[66.70050338218952,25.114379488188646],[66.62050918052937,25.31748541470232],[66.43233016441609,25.488610826689623],[66.30008986900593,25.494687639433764],[65.76880172203327,25.309339128691576],[65.21567061851765,25.270059190947435],[64.85119155357624,25.20576437588396],[64.42497542808796,25.173116289336107],[64.23826125572468,25.210826479155443],[64.12006667564656,25.312226854521654],[64.05922225425984,25.401034914214037],[64.15758458069429,26.77241612690969],[63.60018266969418,28.0730205859099],[65.02465422002776,28.320754768576613],[67.37812895536148,30.11682759291024],[69.63591505614095,31.471499253377928],[71.40380942369548,32.53223587391065],[71.15607524102877,28.878156679576705],[70.28900560169531,27.577552220576486],[68.86453405136173,24.48087493724264],[68.0721769661739,23.67518766995134]]]]}},{"type":"Feature","properties":{"name":"Ghaznavid Emirate","subject":"Ghaznavid Emirate","partOf":"Ghaznavid Emirate","borderPrecision":1,"color":"#b3a46e"},"geometry":{"type":"MultiPolygon","coordinates":[[[[72.21038249693608,33.372102743188705],[71.40380942369548,32.53223587391065],[69.63591505614095,31.471499253377928],[67.37812895536148,30.11682759291024],[65.02465422002776,28.320754768576613],[63.60018266969418,28.0730205859099],[62.856980121694065,28.444621859909965],[61.927976936693895,29.745226318910184],[56.53975846369299,35.93858088557788],[55.61075527869285,35.93858088557788],[54.86755273069271,36.80565052491136],[54.92948627635941,39.15912526024509],[55.4868881873595,39.34492589724512],[63.12148843168218,39.80865414609036],[63.72911084448229,39.47108613897919],[64.63239470213507,38.838787438622234],[66.52929080320594,38.1161603525],[66.70994757473649,37.21287649484722],[67.34224627509344,37.21287649484722],[67.8842165896851,36.85156295178611],[72.21038249693608,33.372102743188705]]]]}},{"type":"Feature","properties":{"name":"Georgia","subject":"Georgia","partOf":"Georgia","borderPrecision":1,"color":"#739b91"},"geometry":{"type":"MultiPolygon","coordinates":[[[[44.78217985176953,41.30306486223932],[44.78217985176953,41.303064862239324],[44.811470027098224,41.34978827042802],[44.89118164269644,41.32922529206178],[44.78217985176953,41.30306486223932]]]]}},{"type":"Feature","properties":{"name":"Armenia","subject":"Armenia","partOf":"Armenia","borderPrecision":1,"color":"#b3a46e"},"geometry":{"type":"MultiPolygon","coordinates":[[[[44.02925967291415,41.122364019314034],[44.552020482529834,40.93591683267785],[44.78217985176953,41.30306486223932],[44.89118164269644,41.32922529206178],[45.43192609039387,41.45900395950916],[46.14827770245621,39.68919409441392],[46.82249098439725,38.34076753053185],[46.906767644639885,37.919384229318695],[46.82249098439725,37.6665542485908],[45.51620275063648,37.03447929677108],[44.841989468695445,36.781649316043186],[44.46274449760362,36.823787646164504],[42.01872135056733,38.13007587992527],[41.00740142765578,38.34076753053185],[41.808029699960755,38.67787417150237],[42.01872135056733,39.183534132958144],[42.31368966141655,39.984162405263135],[42.671128696774815,40.65932502760655],[42.69293463250837,40.70051401732549],[43.3250095843281,40.953343998053384],[44.02925967291415,41.122364019314034]]]]}},{"type":"Feature","properties":{"name":"Buwayhid Emirates","subject":"Buwayhid Emirates","partOf":"Buwayhid Emirates","borderPrecision":1,"color":"#b47c6f"},"geometry":{"type":"MultiPolygon","coordinates":[[[[44.46274449760362,36.823787646164504],[44.841989468695445,36.781649316043186],[45.51620275063648,37.03447929677108],[46.82249098439725,37.6665542485908],[46.906767644639885,37.919384229318695],[46.82249098439725,38.34076753053185],[46.14827770245621,39.68919409441392],[46.73821432415464,40.02630073538444],[46.858675192452104,40.447913774425594],[47.0624083250774,40.44136258094082],[47.128957805191554,39.66529065862557],[47.817469936058174,39.67297142072481],[47.93929559246406,39.6743304583401],[48.37319249040053,39.96656083940032],[48.53432623819076,40.06192194896629],[48.894476365867426,39.9539772076819],[48.95160023666674,39.803051034511626],[49.07455142970576,39.47820342190338],[49.40348784579458,39.48666585335106],[49.445635828478586,39.655257784087084],[49.403086695177805,39.48506125088396],[49.498824152453196,39.378688417632006],[49.48818496177937,39.29359015103044],[49.381812128527415,39.325500093657396],[49.33926299522663,39.282950960356615],[49.30735305259968,39.13402899380388],[49.27543929527546,39.017020784575365],[49.22225478599812,39.038295351225756],[49.179705652697336,39.14466818447771],[49.115881952746165,39.18721731777849],[49.041419062121165,39.14466818447771],[49.020144495470774,39.00638159390154],[49.05205825279499,38.9319225179738],[48.99886992882038,38.87873419399919],[48.945681604845774,38.83618506069841],[48.988230738146555,38.719176851469896],[48.824954065783274,38.30957754727068],[48.83150771568562,38.3063121664113],[48.809187921984446,37.98856695767107],[48.74478057335163,37.727016054350756],[48.837229761584055,37.51097448940935],[49.05953124473835,37.39755972500505],[49.475806269152415,37.291610323149584],[49.84801391075398,37.268214784819506],[50.038714441759836,37.22470434780779],[50.11132338951374,37.09775503750505],[50.25221160362507,36.89478644009294],[50.56095412681843,36.686427675444506],[51.41704085777546,36.45569189663591],[51.79552367637898,36.43234976406755],[51.993052515490305,36.45890387173357],[52.60216430137898,36.57688101406755],[53.139014276964915,36.64352758999529],[53.79965499351765,36.67903860684099],[53.98448852012898,36.781913362700365],[54.06743911216999,36.94152411099138],[54.86755273069271,36.80565052491136],[55.61075527869285,35.93858088557788],[56.53975846369299,35.93858088557788],[61.927976936693895,29.745226318910184],[62.856980121694065,28.444621859909965],[63.60018266969418,28.0730205859099],[64.15758458069429,26.77241612690969],[64.05922225425984,25.401034914214037],[63.650332483752024,25.336646639067553],[63.40352538536335,25.164601885039232],[63.01806167076374,25.15743979092302],[62.44957259605671,25.16259916897478],[62.13830092857624,25.104774080473803],[61.8132658333614,25.053256593901537],[61.569964441759836,25.039571367461107],[61.34399321983601,25.026860796172045],[60.85827544639851,25.095714174467943],[60.7522306771114,25.18442877407732],[60.479590448839915,25.29820593472185],[60.29817870567585,25.323236070830248],[59.654585871203196,25.321876131255053],[59.30209258507038,25.340196214873217],[59.03145888756062,25.307866655547045],[58.81800750206257,25.478932939726732],[58.74442580650593,25.535960756499193],[58.36867812584187,25.54787977810564],[58.109637293322336,25.547322832304857],[57.900454554064524,25.540891252715014],[57.805090937121165,25.64833029385271],[57.464880976183665,25.704793535429857],[57.32798293541218,25.787087999541185],[57.254771265490305,25.793286882597826],[57.24507049034382,26.01846274014177],[57.112402948839915,26.076190553862475],[57.06634047935749,26.307468019682787],[56.93497756431843,26.464543901640795],[56.929087671740305,26.75186689968767],[56.79043105552937,26.97391279812517],[56.683550867541086,26.968356691557787],[56.66781905601765,27.04989584561052],[56.43094924400593,27.106566988188646],[56.067767176134836,27.112168871123217],[55.89973357628132,27.104804598051928],[55.8053198189571,27.005092226225756],[55.65757277916218,26.996945940215014],[55.42489913414265,26.963107668120287],[55.34008696983601,26.79935225125017],[55.098128351671946,26.73744162197771],[54.92553237388874,26.53802641506853],[54.75987533043171,26.41062506313982],[54.64605620811726,26.39131888027849],[54.064944300158274,26.70138319607439],[53.63393691490437,26.74793966885271],[53.380679163439524,26.9095893728322],[52.89083388756062,27.05232390042009],[52.77987197349812,27.18784865017595],[52.63377669761921,27.314601503569506],[52.41038802574421,27.580957018095873],[51.961550745470774,27.776948534209154],[51.698863062365305,27.814521394926928],[51.611304316027415,27.82704123135271],[51.350134882433665,28.03613432522478],[51.082259211046946,28.51201971646013],[50.796755823595774,29.01329382534685],[50.702456507189524,29.133781038481615],[50.704722437365305,29.400607668120287],[50.359839472277415,29.74293478604021],[50.13237288902546,30.06642874355974],[49.71784881065632,30.002053819853685],[49.51097396324421,30.020675264555834],[49.45236495445515,30.07772596951189],[49.321360620959055,30.102862917143725],[49.235083612902415,30.223380647856615],[49.22222808311726,30.47745855923357],[49.02017119835163,30.43257101650896],[48.945723566515696,30.387942873198412],[48.80132964561726,30.08272513027849],[48.713843378527415,29.99996145840349],[48.55364898155476,29.994622789580248],[48.51058486412312,29.993188463408373],[48.21184829185749,29.948093019682787],[48.028277430041086,29.973121248442553],[47.95715239952351,29.947564684111498],[47.911360773546946,29.890292726714037],[47.935923609240305,29.80140646572771],[47.99603179405476,29.490258775908373],[47.84490874717976,29.50315436001482],[47.61403945396687,29.272241197783373],[47.80355742882038,29.184920870024584],[47.99150756309773,29.277490221220873],[48.1290617317989,29.268191896635912],[48.44353393028523,28.4402347433156],[48.462683710558665,28.385850511748217],[48.58751204918171,28.093883119780443],[48.75173858116413,27.871879183012865],[48.83184340904499,27.57345350857439],[48.85502150963093,27.522691332060717],[49.13191131065632,27.53597220059099],[49.243506464464915,27.479030214507006],[49.151927027209055,27.372457109648607],[49.2391577095821,27.28848799343767],[49.321604761584055,27.161550127226732],[49.427317652209055,27.131045900542162],[49.532542261584055,27.009526811797045],[49.93138411949421,26.9341255056447],[50.12176421592976,26.737586580473803],[50.09017470787312,26.61149176235857],[49.983958277209055,26.59574469204607],[49.93417266319538,26.48306807156267],[50.07624724815632,26.311841570097826],[49.9919767708614,26.04484137173357],[49.93686202476765,25.955783449370287],[50.01140502403523,25.835229479033373],[50.14689162681843,25.535644136626146],[50.21432403038288,25.588124834257982],[50.38191894005085,25.461173616606615],[50.429209742052805,25.18402250881853],[50.61889556358601,24.870853029448412],[50.606543573839915,24.68021734829607],[50.70592025230671,24.559718691069506],[50.77828124473835,24.47092970486345],[50.907393488390696,24.433082185942553],[50.968333277209055,24.436244569975756],[50.96494582603718,24.712745271880053],[50.89617827842976,24.909551225859545],[50.8473234505489,25.265224062163256],[50.93111327598835,25.538573824126146],[51.01538756798054,25.588124834257982],[50.988955530627024,25.67209395046892],[51.06882766197468,25.945460878569506],[51.21702102134968,26.066470705229662],[51.35766509483601,26.02896078701677],[51.388796839220774,25.887261949736498],[51.50592711876179,25.845275484282396],[51.53446486900593,25.75584753628435],[51.586672815783274,25.60911902065935],[51.53905394981648,25.420184694487475],[51.55285552452351,25.10153158779802],[51.606150660021555,24.98728712673845],[51.558917078478586,24.815652452666185],[51.412005457384836,24.605685793120287],[51.287825617296946,24.410777651030443],[51.2914152474239,24.28136786099138],[51.45416930626179,24.218226991850756],[51.52285293052937,24.160663210112475],[51.60644057701374,24.202647768217943],[51.58590224693562,24.003221117216967],[50.8573158729301,23.88040675589211],[48.617171905951196,25.686974471197686],[44.083180251378806,30.33699169344677],[40.0291220249877,34.3910499198379],[38.37216217751843,35.140887776016086],[37.026331897552225,35.74992757468766],[37.38350503722269,36.61309599555793],[37.59419668782927,37.16089428713502],[39.616836533652375,37.83510756907606],[41.00740142765578,38.34076753053185],[42.01872135056733,38.13007587992527],[44.46274449760362,36.823787646164504]]],[[[46.82249098439725,41.206173978781266],[46.73821432415464,41.71183394023706],[48.2217016548946,42.27936895962419],[48.41952422569538,42.09053763027849],[48.50044921348835,41.92868383999529],[48.662303003771555,41.90171011563005],[48.683238062365305,41.83590658779802],[48.89249709556843,41.68698462124529],[48.99886992882038,41.51678808804216],[49.115881952746165,41.4316898214406],[49.24352935264851,41.29340323086443],[49.28607848594929,41.05938299771013],[49.34990218590046,40.95301016445818],[49.477549585802805,40.83600195522966],[49.60519698570515,40.76153906460466],[49.60519698570515,40.68707617397966],[49.658504770637414,40.659019180286904],[49.54039779050493,40.50389966082933],[47.87792030044409,41.167676139826234],[47.849258060544926,41.17912009668831],[47.74498422898439,41.16268189439613],[46.84888488038016,41.02141670690091],[46.86118638407609,40.935306181029404],[47.13678715579323,40.80978525273251],[47.03109092267073,40.79496883421915],[46.87250876036927,40.856049546977154],[46.872508760369264,40.856049546977154],[46.82249098439725,41.206173978781266]]]]}},{"type":"Feature","properties":{"name":"Dutchy of Benevento","subject":"Dutchy of Benevento","partOf":"Dutchy of Benevento","borderPrecision":1,"color":"#739b91"},"geometry":{"type":"MultiPolygon","coordinates":[[[[14.922405275805247,41.97177084561052],[15.448605570299875,41.8567272054738],[15.597988364502797,41.079758988417325],[15.76654168498807,40.574099026961534],[15.666200670702707,40.09186133022966],[15.515924486620676,40.06594809170427],[15.432033571703684,39.988971315581225],[15.027263674242747,40.2121959554738],[14.898671183092844,40.24145849819841],[14.992320093615305,40.372218691069506],[14.951005014879954,40.551478944975756],[14.743317636950266,40.70481451626482],[14.334127459032786,40.59360464688005],[14.349769625170481,40.64252432461443],[14.494590792162668,40.72996100063982],[14.370310816271555,40.85147055264177],[14.239995989306223,40.8529430257863],[14.050873789294016,40.76751288052263],[13.941878351671946,40.99803503628435],[13.852500948412668,41.09095724697771],[13.797006639940989,41.193446718413256],[13.760507236067028,41.20669841656925],[13.498390230639231,41.301864229399584],[13.271446260912668,41.31423910732927],[13.252568909950426,41.66295347729633],[13.387411566338628,41.85173319623982],[14.43918428616665,41.87870172751745],[14.738527330858957,42.0471568929738],[14.922405275805247,41.97177084561052]]],[[[14.942398104174385,36.7385631429738],[15.027343782885321,36.745116792876146],[15.22063163231159,37.00037726040544],[15.30134681175495,37.0578990804738],[15.116248163683661,37.286944948393725],[15.112180742724188,37.4590335714406],[15.181032213671454,37.68228109951677],[15.422523531420477,38.05257376309099],[15.47289279411579,38.11005743618669],[15.453687700732,38.16741522427263],[15.386741671068917,38.20554693813982],[15.386741671068918,38.20554693813982],[15.453687700732004,38.16741522427263],[15.472892794115793,38.11005743618669],[15.422523531420481,38.05257376309099],[15.181032213671457,37.68228109951677],[15.112180742724192,37.4590335714406],[15.116248163683665,37.286944948393725],[15.301346811754954,37.0578990804738],[15.220631632311594,37.00037726040544],[15.027343782885325,36.745116792876146],[14.942398104174387,36.7385631429738],[14.942398104174385,36.7385631429738]]],[[[12.782839807970774,38.11737784023943],[12.782839807970772,38.11737784023943],[13.065952333910712,38.0669322835988],[12.782839807970774,38.11737784023943]]],[[[13.322475466234934,38.220511995512865],[13.627963098986399,38.02980764980974],[13.809530291064036,37.966415010649584],[13.809530291064032,37.966415010649584],[13.627963098986395,38.02980764980974],[13.322475466234932,38.220511995512865],[13.322475466234934,38.220511995512865]]]]}},{"type":"Feature","properties":{"name":"Fatimid Caliphate","subject":"Fatimid Caliphate","partOf":"Fatimid Caliphate","borderPrecision":1,"color":"#a88992"},"geometry":{"type":"MultiPolygon","coordinates":[[[[5.681251390019597,32.81541016995587],[2.453117778055358,32.6686768239575],[0.457803183031373,32.54744071220753],[0.87056254793761,33.07391500413463],[1.237401925164406,35.886350229540184],[1.579693111880076,36.51388891812029],[2.29377416084553,36.540824495512865],[2.524363550646555,36.57315024014177],[2.809869083864939,36.71390112515154],[3.070006403429758,36.61885794277849],[3.32383778999592,36.65123327847185],[3.586873087389719,36.79195364590349],[3.741224560244333,36.83686789150896],[4.163919004900706,36.831351839262865],[4.394624266131174,36.83819159146013],[4.532551798327219,36.81298407192888],[4.632117304308665,36.794066988188646],[4.777191671831858,36.74338492031755],[5.144465002520334,36.66767843838396],[5.382732424242747,36.67453344937029],[5.7301621765926,36.75170477505388],[6.04739383171345,36.84155615444841],[6.322870287401926,37.09064825649919],[6.770537409289133,36.862147890288256],[6.923042807085764,36.81784018154802],[7.063241037829172,36.881854616362475],[7.204853090746653,36.99046667690935],[7.306981119616282,37.060782991606615],[7.544922861559641,37.04214438076677],[7.71904328773762,36.95327719326677],[7.792040857775461,36.83235891934099],[7.91317466209675,36.77524908657732],[8.145014795763743,36.813949190337084],[8.63670924614216,36.88525732632341],[8.865518602831614,36.96835287686052],[9.150280031664622,37.17287405605974],[9.416118654711497,37.27537878628435],[9.732199701769602,37.2823978292531],[10.021354708178293,37.200133882719896],[10.13273433159138,37.10474737759294],[10.158871683581125,36.99647482510271],[10.271508249743235,36.7545543539113],[10.392797502978098,36.716571413237475],[10.580582651598704,36.793422304350756],[10.843251261217844,36.99148901577654],[11.02375701378132,37.068324648100756],[11.039403948290598,36.90904577847185],[10.920062098009836,36.65393789883318],[10.633412394030344,36.42401465054216],[10.509244951708567,36.213553987700365],[10.511460337145579,36.08616980190935],[10.602607759936106,35.88894613857927],[10.830826792223704,35.679278932768725],[10.988951715929758,35.622298799712084],[11.125108751757395,35.24060782070818],[11.082800898058665,35.14503439541521],[10.839357408983957,34.80115469570818],[10.574025186999094,34.6481090414113],[10.11642173240925,34.2341686117238],[10.019480738146555,34.081473909575365],[10.148656877978098,33.87839850063982],[10.412600550158274,33.63112600918474],[10.650217089159739,33.49818380947771],[10.778140100939524,33.47303351040544],[10.956539186938059,33.575057588774584],[11.099118265612375,33.53722723599138],[11.208920511706125,33.25152166958513],[11.470686945421946,33.1440921651906],[12.117019686205637,32.87850149746599],[12.564756426317942,32.73963888760271],[12.798863443835032,32.73376806851091],[13.187125238878977,32.79175909634294],[13.458779367907297,32.77960928555193],[14.15702346275593,32.67937811489763],[14.43342784355427,32.46390875454607],[14.790810617907297,32.362994753081225],[15.009786638720286,32.3634410726613],[15.163704905016672,32.274806581694506],[15.24143508384968,32.17330130215349],[15.358129534228098,31.80502279873552],[15.533408197863352,31.551215730864428],[15.843325647814524,31.28500326748552],[16.013379129870188,31.228170000273607],[16.3183870644405,31.165261827666185],[16.78251937340046,31.128097139555834],[16.983780893786204,31.09674223538103],[17.42162993858601,30.99598654385271],[17.708979639513743,30.894923769194506],[17.957158121569407,30.768363558012865],[18.537213358385813,30.4137454855031],[18.885434168210352,30.2212213910137],[18.91502669761921,30.204860292632006],[19.1245394081905,30.19894369717302],[19.318795867027987,30.255372139440908],[19.32281592796589,30.25653990383806],[19.66391471336628,30.441501222807787],[19.981537851794016,30.721730791289232],[20.116768869860422,30.957103334624193],[20.11667922447468,31.07146795864763],[19.992096933825266,31.350774370390795],[19.94158271263386,31.611169420439623],[19.961470636828196,31.795470796782396],[20.068364176256907,32.037135683257006],[20.36572173546101,32.29824026699724],[20.515524897082102,32.387511812407396],[20.765051874621165,32.496032320219896],[21.05449775169636,32.630050264555834],[21.673419031603586,32.8155895101613],[22.21598914573933,32.79128988857927],[22.54312613914753,32.722072206694506],[22.922846827013743,32.55765875454607],[23.007332834704172,32.48158987637224],[23.026656183703196,32.25291021938982],[23.153338465197336,32.138812624174975],[23.28863624046589,32.13273199673357],[23.714034113390696,32.07642325039568],[23.74241927152663,32.064098049233976],[24.03440383384968,31.937314592558764],[24.236922296984446,31.92502363796892],[24.81585792015339,31.9071536886281],[24.95152572105671,31.818492494780443],[24.98223784874226,31.647012315947435],[25.10655311058308,31.513841234404467],[25.258229288561594,31.437919222075365],[25.50715545128132,31.444781862456225],[25.789500269396555,31.489841066557787],[26.143334421618235,31.490577303130053],[26.82399466942097,31.358560167509935],[27.088095697863352,31.306726061064623],[27.4387541146114,31.251824938017748],[27.763331446154368,31.182614885527514],[27.919449839098704,30.99868544216814],[28.099829706652415,30.999057375151537],[28.517182383044016,30.961799226958178],[28.966422113878977,30.784841142851732],[29.24884704063679,30.753661714751146],[29.35938170860554,30.81107100125017],[29.683102640612375,31.05317076321306],[30.099139246447336,31.231925569731615],[30.476056131823313,31.31528814907732],[30.8270597786739,31.43673666592302],[30.995955500109446,31.468850694853685],[31.15138152550007,31.443749986845873],[31.392270121081125,31.444261156279467],[31.717415842516672,31.38775213833513],[31.808123621447336,31.178281389433764],[32.07651046226765,31.013650499541185],[32.30937865684773,31.084018312651537],[32.59724334190632,30.963901125151537],[32.76873305748249,30.95155295010271],[33.02139190147663,31.132072054106615],[33.12956527183796,31.051686845976732],[33.25459960411335,31.026528917509935],[33.557601007921946,30.967715822417162],[33.70960906456257,30.99570997830095],[33.916968378527415,31.070052705962084],[34.146304163439524,31.20857962246599],[34.19527724693562,31.23814161892595],[34.50065902183796,31.621099077422045],[34.59913543175007,31.817897402007006],[34.681338343127024,32.045978151518725],[34.758502039416086,32.300719820219896],[34.84289077232624,32.670699678618334],[34.894969019396555,32.662833772856615],[34.956587824328196,32.704818330962084],[34.959082636339915,32.796657167632006],[34.97200683067585,32.938407503325365],[35.088973078234446,33.069259248930834],[35.13231185386921,33.23151739712419],[35.20838836143757,33.33358725186052],[35.356089624865305,33.63978155728044],[35.34855941246296,33.74446829434099],[35.42986586998249,33.74446829434099],[35.49185088585163,33.83082541104021],[35.52440169761921,33.9747691976613],[35.532080683214915,34.118705354887865],[35.7162084908321,34.312369905669115],[35.82100585411335,34.343776308257006],[35.873065027697336,34.422286592680834],[35.85191634605671,34.492946230132006],[36.8778450757669,35.391084422039796],[37.026331897552225,35.74992757468766],[38.37216217751843,35.140887776016086],[38.03644933743952,34.597188473722184],[37.211895121902344,33.56649570430072],[36.52476660895469,31.161545908983946],[36.59347946024947,29.78728888308865],[37.36353573525129,27.957371649593455],[37.42091198994014,27.834118954335942],[39.07421328931933,25.50213950445042],[40.179837049325,24.027974491109504],[41.13804430799662,22.406392976434496],[41.81245652795077,21.71258711091823],[41.922550674907015,20.766511713616353],[40.81975844810749,19.68472059841814],[40.69382003258015,19.868707262236498],[40.336348566515696,20.096686922270678],[39.76407912681843,20.40679510708513],[39.526900324328196,20.692212663847826],[39.16673949669148,21.218801103789232],[39.13041213463093,21.650762163359545],[39.10333922813679,22.0001655447072],[39.1021948189571,22.400445543486498],[39.05560210655476,22.571889482695482],[38.91509536216999,22.87021406765642],[38.490122827990305,23.612683855254076],[38.329417261584055,23.83471830959978],[37.988421473009836,24.11356123562517],[37.78184798668171,24.214786134917162],[37.55722335289265,24.27148588772478],[37.41881087730671,24.398265443999193],[37.201453241808665,24.65831335659685],[37.26854232261921,24.969781480986498],[37.21826842735554,25.166631303984545],[37.00525573204304,25.534686647612475],[36.669295343859446,26.016835771757982],[36.329762091157946,26.40276266471046],[36.31222442100788,26.42269667263689],[35.831072840197336,27.095153413969896],[35.59481337974812,27.51398619290056],[35.43649581383015,27.72965582485857],[35.111590418322336,28.072061144072435],[34.87561706016804,28.0969730245656],[34.76388076256062,28.096747957426928],[34.798899683459055,28.230243288237475],[34.88559249351765,28.357480608183764],[35.025679621203196,28.948632799345873],[35.07210448692585,29.21136053677263],[35.09547332237507,29.342677675444506],[35.0733976692989,29.418868623930834],[34.98467925499226,29.46721991177263],[34.9542570442989,29.43680914517107],[34.93554213951374,29.418094240385912],[34.76433471153523,29.24668654080095],[34.54894927452351,28.731626115996264],[34.398840937121165,28.095985017973803],[34.32201293419148,27.828979097563646],[34.24119857261921,27.75892027493181],[34.0580053658321,27.79031332607927],[33.85604384849812,28.024955354887865],[33.50405791710163,28.329183183867357],[33.33074096153523,28.551192842680834],[33.17847350548054,28.995608888823412],[32.94378188560749,29.19842108364763],[32.81360534141804,29.477700792509935],[32.73727706383015,29.693547807890795],[32.647959742052805,29.85220106716814],[32.43838027427937,29.775519930083178],[32.318491968615305,29.54019697781267],[32.59057525108601,28.93719633694353],[32.64934447716023,28.765781007964037],[32.934676203234446,28.37882574673357],[33.35421660850788,27.90954741116228],[33.566939386828196,27.36995085354509],[33.80406478355671,26.93206938381853],[33.928809198839915,26.56382330532732],[34.10422042320515,26.354524217802904],[34.514842066271555,25.573916994292162],[34.99740127037312,24.71719893093767],[35.189864191515696,24.39991911526384],[32.51417897995226,23.73314148844132],[30.818889214610195,23.659433237774273],[29.3447242012693,24.027974491109504],[27.428309683926116,27.197429269792465],[25.438186915915864,28.008220027129966],[21.679066131896533,28.08192827779702],[17.970530295354635,28.612404204143047],[17.00195254530469,28.750951383364864],[12.532702649483,30.804904526976536],[7.892289991693659,32.592604485305216],[6.502893292137671,32.73261356640472],[5.681251390019597,32.81541016995587]]]]}},{"type":"Feature","properties":{"name":"Burgandy","subject":"Burgandy","partOf":"Burgandy","borderPrecision":1,"color":"#8f9a74"},"geometry":{"type":"MultiPolygon","coordinates":[[[[8.18636,44.1264],[8.08957,44.05083],[7.97953,43.96492],[7.68912,43.88705],[7.55281,43.86745],[7.46753,43.81083],[7.39712,43.76409],[7.35515,43.90151],[6.92279,43.81504],[6.88573,43.90151],[6.95985,43.91386],[6.92279,43.97563],[6.99691,44.04975],[6.9722,44.0621],[6.93514,44.13622],[6.88573,44.14857],[6.83632,44.11151],[6.78691,44.19799],[6.78691,44.29681],[6.86978,44.34917],[6.78292,44.54787],[6.92469,44.71502],[7.00347,44.71954],[6.9426,44.86865],[6.66532,44.95452],[6.50732,45.11571],[6.28043,45.19859],[6.24337,45.29742],[6.26807,45.32212],[6.21866,45.34683],[6.14454,45.32212],[6.08278,45.37154],[6.03336,45.33448],[6.05807,45.2233],[5.94689,45.26036],[5.93454,45.32212],[5.82336,45.39624],[5.60708,45.84658],[5.35667,45.87604],[5.35667,46.0528],[5.53343,46.00861],[5.53343,46.097],[5.26828,46.31795],[5.41559,46.52418],[5.64572,46.45672],[5.72493,46.47999],[5.73966,46.59783],[5.62554,46.64908],[5.64644,46.84981],[5.75702,46.88667],[5.79387,46.99724],[5.66729,47.10832],[5.73687,47.23356],[5.77862,47.35881],[5.79254,47.51189],[5.91778,47.59539],[5.82037,47.73455],[5.95953,47.80413],[5.95953,47.98505],[6.05695,47.95721],[6.09869,48.0268],[6.25177,47.95721],[6.78075,47.95129],[7.26987,47.46217],[7.81339,47.46217],[8.41115,47.46217],[8.47501,46.40849],[8.49267,46.11709],[7.51443,45.38341],[7.67747,44.73126],[8.28887,44.56822],[8.34279,44.22019],[8.18636,44.1264]],[[6.44864,46.47363],[6.39937,46.45869],[6.38479,46.4643],[6.34687,46.46095],[6.29127,46.42266],[6.27412,46.39014],[6.25891,46.3925],[6.24822,46.38606],[6.17135,46.29583],[6.1478,46.20674],[6.17222,46.21187],[6.19382,46.23842],[6.19913,46.26397],[6.23532,46.28911],[6.27785,46.35038],[6.30354,46.36605],[6.34353,46.37011],[6.36094,46.34786],[6.38925,46.34005],[6.41351,46.36003],[6.47732,46.37561],[6.4843,46.39338],[6.51488,46.40487],[6.54507,46.39479],[6.63677,46.40672],[6.72551,46.40831],[6.85691,46.38533],[6.86053,46.39567],[6.91868,46.39521],[6.93087,46.40835],[6.90091,46.43969],[6.8579,46.44947],[6.83204,46.46683],[6.7765,46.47344],[6.74266,46.48865],[6.72087,46.4856],[6.68944,46.50022],[6.59204,46.5177],[6.55879,46.5072],[6.51109,46.51589],[6.44864,46.47363]]]]}},{"type":"Feature","properties":{"name":"Croatia","subject":"Croatia","partOf":"Croatia","borderPrecision":1,"color":"#b47c6f"},"geometry":{"type":"MultiPolygon","coordinates":[[[[14.35449,45.32289],[14.52667,45.783],[14.79847,45.86455],[14.88001,45.48402],[15.42362,45.42966],[15.46982,45.73408],[15.91168,45.63098],[16.8077,44.93505],[16.81725,44.8202],[16.8651,44.24474],[16.70148,43.84666],[16.71152,43.77133],[16.63981,43.38974],[16.54851,43.46131],[16.36675,43.51302],[16.05941,43.43348],[15.91284,43.65225],[15.49437,43.88844],[15.41232,43.93476],[15.14947,44.23993],[15.27441,44.23661],[15.54822,44.22935],[15.28594,44.32892],[14.98911,44.54003],[14.90696,44.72332],[14.94553,44.92659],[14.81539,45.07787],[14.52459,45.26628],[14.35449,45.32289]]]]}},{"type":"Feature","properties":{"name":"Makkura","subject":"Makkura","partOf":"Makkura","borderPrecision":1,"color":"#8aa0a8"},"geometry":{"type":"MultiPolygon","coordinates":[[[[37.76123717735554,18.642554842192553],[37.89511991723812,18.56012241001322],[37.07907389023707,17.094748381529286],[35.32767061354657,15.42295434468835],[34.4519689752013,16.457874462732732],[33.81509505640476,16.776311422131002],[32.38212873911253,16.69670218228144],[31.665645580466432,16.617092942431867],[31.187990141369013,16.219046743184023],[30.789943942121184,15.50256358453791],[29.516196104528078,17.652013060476257],[29.27736838497937,18.84615165821978],[29.3447242012693,24.027974491109504],[30.818889214610195,23.659433237774273],[32.51417897995226,23.73314148844132],[35.189864191515696,24.39991911526384],[35.45345977257038,24.152688585478685],[35.65656951378132,23.994273744780443],[35.72469619224812,23.91181906338396],[35.61630156944538,23.835347734648607],[35.48792937706257,23.790595613676928],[35.468489679796946,23.720668398100756],[35.575850519640696,23.231660448271654],[35.689288172228586,23.021319948393725],[35.74630263756062,22.914340578276537],[36.1113615364864,22.64825590725603],[36.29022124717976,22.572381578642748],[36.47324660728718,22.337684236723803],[36.66042998741413,22.166537843901537],[36.800112757189524,21.91489943142595],[36.90349868248249,21.728648744780443],[37.12776854942585,21.227176271635912],[37.16502690169837,20.76426918196936],[37.25457290123249,19.651727281767748],[37.39818480919148,18.91500052090349],[37.47998717735554,18.819871507841967],[37.76123717735554,18.642554842192553]]]]}},{"type":"Feature","properties":{"name":"Celtic kingdoms","subject":"Celtic kingdoms","partOf":"Celtic kingdoms","borderPrecision":1,"color":"#8b7fa6"},"geometry":{"type":"MultiPolygon","coordinates":[[[[-2.750154700772512,51.644027315337084],[-3.172751632230032,51.46690710659685],[-3.49911757995342,51.459655367094896],[-4.159330811993826,51.67681463833513],[-4.998957601086843,51.70170172329607],[-5.178603139416921,51.78747137661638],[-5.248757806317556,51.860213838774584],[-5.061464276807058,52.006434999663256],[-4.619082894818533,52.09351690884294],[-4.294657674329031,52.20032080288591],[-4.123608317868459,52.37326391812029],[-4.093874898450125,52.745509706694506],[-4.147546020047415,52.83189734097185],[-4.468318429486501,52.81130179043474],[-4.621350255505789,52.8309818136281],[-4.491883245007742,52.99097784634294],[-4.317542043225515,53.09120901699724],[-3.956724610821951,53.20515020962419],[-3.329535689847219,53.233016573149584],[-2.914475408093679,53.267142854887865],[-2.750154700772512,51.644027315337084]]],[[[-7.42751547385906,55.06380423184099],[-7.225492921368826,55.10419043179216],[-6.996823754803884,55.172023378569506],[-6.645197835461843,55.20642813320818],[-6.454310384289968,55.186549745757006],[-6.279264417187918,55.139693819243334],[-6.116521325604666,55.16022451992693],[-6.018187966840017,55.093001924712084],[-5.784886327283132,54.737418733794115],[-5.76368376304363,54.65699347134294],[-5.799925771252859,54.522887788969896],[-5.661512818829763,54.32224615688982],[-5.731388535992849,54.17486914272966],[-5.912154164807546,54.02737768765154],[-6.071708169476736,53.973590456206225],[-6.206393208997,53.95674856777849],[-6.343146768109548,53.93964346523943],[-6.443396058575857,53.899379335600756],[-6.334980454938162,53.78598364468279],[-6.172213521497,53.43919714565935],[-6.043061223523367,52.89308889980974],[-6.070682969586599,52.76660498257341],[-6.23211285163616,52.613334261137865],[-6.34089609672283,52.427062593657396],[-6.405971017377126,52.21443899746599],[-6.489150014416921,52.19435843105974],[-6.616821256177175,52.22066458340349],[-6.893897023694265,52.206649385649584],[-6.961679425732839,52.11120184536638],[-7.372407880322683,52.09211310024919],[-7.75064894248699,52.032706819731615],[-7.861649480359304,51.96809347744646],[-8.158813920514334,51.839644991118334],[-8.565231290356863,51.61545141812029],[-8.847757306592214,51.59982260342302],[-9.243309941785085,51.47262915249529],[-9.819109883801687,51.434554659087084],[-9.79524418403362,51.604632936674975],[-9.835420575635183,51.80326422329607],[-10.216907468335378,51.7583499776906],[-10.294031110303152,51.977626405913256],[-9.963774648205984,52.09211310024919],[-10.497328725354421,52.10165365811052],[-10.469237294690359,52.206649385649584],[-9.890640225903738,52.19443091030779],[-9.801606145398367,52.24108465786638],[-9.78400322486614,52.34070547695818],[-9.735718694226492,52.48028143521013],[-9.503988233105886,52.54054983730974],[-9.192634549634207,52.55445822354021],[-9.134288754956472,52.68089636440935],[-9.615690198437918,52.6366344320363],[-9.441564527051199,52.833278261382006],[-9.525756803052175,52.90455587979021],[-9.309349980847585,53.11526831265154],[-8.996998754040945,53.12044485684099],[-8.923582997815359,53.160575472075365],[-9.001670804517019,53.30037649746599],[-9.15815922309612,53.22069891567888],[-9.29735943366741,53.279803835112475],[-9.440665212170828,53.26620825405779],[-9.616703954236257,53.345878206450365],[-9.802919354932058,53.34535177822771],[-9.884814229504812,53.29739721890154],[-10.159825292126882,53.37412222500505],[-10.021073308484304,53.51185568447771],[-10.151425328747976,53.575641237456225],[-9.809599843518484,53.63241537686052],[-9.872389760510671,53.767718874174975],[-9.696483579175222,53.87342032070818],[-9.912850347058523,53.96955832119646],[-10.17853733588909,53.91187246914568],[-10.159675565259207,54.13307150479021],[-9.988787618176687,54.253715120512865],[-9.89197441627239,54.32558401699724],[-9.474293675915945,54.24130972500505],[-9.322905507580984,54.275069795805834],[-9.085844960705984,54.25818976040544],[-8.590084996716726,54.20284994717302],[-8.686731305615652,54.36411245938005],[-8.300579991833914,54.48934897061052],[-8.211479154126394,54.63391836758318],[-8.829358068005789,54.63391836758318],[-8.760042157666433,54.70142706509294],[-8.503739324109304,54.74964483853044],[-8.47625347663616,54.87985190029802],[-8.34538075019573,55.09528311367693],[-8.118318048016775,55.17663153286638],[-7.756225076215017,55.25272711392107],[-7.657281365887869,55.11682852383318],[-7.497830834882009,55.04973944302263],[-7.42751547385906,55.06380423184099]]],[[[-5.698169675366628,55.3307262289113],[-5.755679574506033,55.47726782437029],[-5.688657250897634,55.62812002773943],[-5.517836537854421,55.668021761137865],[-5.482397046582449,55.44269903774919],[-5.620342221753347,55.329520784575365],[-5.698169675366628,55.3307262289113]]]]}},{"type":"Feature","properties":{"name":"England","subject":"England","partOf":"England","borderPrecision":1,"color":"#b69578"},"geometry":{"type":"MultiPolygon","coordinates":[[[[-0.203663793103445,53.52328451748552],[0.081015858156931,53.38622625942888],[0.174518886311304,53.29305990811052],[0.267848494751703,53.12666281338396],[0.250867608292353,53.04005392666521],[0.005501198871386,52.786666475493334],[0.326831850512278,52.707477174956225],[0.504670116408121,52.84751089688005],[0.741839024527323,52.90119513149919],[1.012664350970041,52.88841589565935],[1.375926765902292,52.8092418539113],[1.585714611513865,52.650043092924975],[1.691691669924509,52.311420046049975],[1.656872066958201,52.211783968169115],[1.511889729006541,52.025756441313646],[1.031286153300059,51.81272085781755],[0.686218056185496,51.56038626309099],[0.254172805054438,51.453597627837084],[0.80425361107136,51.37826880093279],[1.030067357523691,51.35884817715349],[1.189365777476084,51.40547140713396],[1.364680680735361,51.352904878813646],[1.334964427454722,51.12069662686052],[0.886016640169871,50.981891237456225],[0.888346943362009,50.89267309780779],[0.672568890555155,50.93066748257341],[0.191810223562968,50.73128470059099],[-0.203663793103445,50.79532965298357],[-0.335705709354627,50.81671484585466],[-0.839040127293813,50.721801363188646],[-1.103359904782522,50.81671484585466],[-1.37251218845104,50.7662731039113],[-2.085358706013906,50.70282324429216],[-2.023685899274099,50.57001074429216],[-2.431994643704641,50.64588888760271],[-2.550505128400076,50.57001074429216],[-2.960618939892996,50.721801363188646],[-3.110884395138967,50.65736349697771],[-3.521466937558401,50.617431246001146],[-3.563183036343801,50.361434541899584],[-3.71503612090801,50.21933706875505],[-3.881743398205984,50.200397096831225],[-4.004238095776785,50.31406363125505],[-4.242629018323171,50.39146002407732],[-4.303295102612722,50.32354315396013],[-4.540565457837332,50.35795172329607],[-4.967033830182302,50.212245546538256],[-5.282338586346853,49.963824831206225],[-5.429218259351003,50.06785162563982],[-5.777813401715505,50.13411673184099],[-5.237766232983816,50.34629400845232],[-5.016647305981863,50.56051977749529],[-4.815270391003835,50.60416754360857],[-4.604564633862722,50.778747163969896],[-4.551536527173269,50.997157655913256],[-4.442557302014578,50.96866186733904],[-4.277284589307058,51.06367071743669],[-4.28099390556072,51.18723639126482],[-3.825231519238699,51.2347789632863],[-3.482996192471731,51.181109987456225],[-3.066043344037283,51.17773779507341],[-3.033148971097219,51.329894624907396],[-2.894663301007498,51.3938480245656],[-2.750154700772512,51.644027315337084],[-2.914475408093679,53.267142854887865],[-3.056740966336477,53.51361425991716],[-2.97954126884197,53.820853792387865],[-2.865320411221731,54.02827414150896],[-2.885938134686697,54.168666444975756],[-1.896904541783826,54.33615232553669],[-2.064587801416323,55.30033106842362],[-1.941995468632925,55.55607184048357],[-1.719010558621633,55.45374258633318],[-1.66597982932781,55.37958868618669],[-1.695988979832876,55.27250250454607],[-1.555618610875356,54.92161139126482],[-1.388892021672476,54.680480562407396],[-1.192056861417043,54.595355592924975],[-0.870595899121511,54.5471683370656],[-0.60480349947666,54.300162874419115],[-0.295500931040991,54.033168398100756],[-0.234880952806819,53.79938467617693],[-0.319215585188616,53.57891424771013],[-0.203663793103445,53.52328451748552]]]]}},{"type":"Feature","properties":{"name":"Scotland","subject":"Scotland","partOf":"Scotland","borderPrecision":1,"color":"#8aa0a8"},"geometry":{"type":"MultiPolygon","coordinates":[[[[-2.885938134686697,54.168666444975756],[-3.261474338071096,54.14118155117693],[-3.479265180127371,54.27460058804216],[-3.569233384625662,54.41502722378435],[-3.430405822293508,54.64308127041521],[-3.152525153653372,54.838058077055834],[-3.308701720731008,54.88473471279802],[-3.576675858990896,54.924483858305834],[-3.907677379147756,54.78966864224138],[-4.121606317059744,54.762435518462084],[-4.621757510812088,56.348351441126795],[-4.915203215168972,56.93524284984056],[-4.831361585352724,57.773659148003105],[-4.15045568038677,57.83481558438005],[-4.24850460578655,57.63632925625505],[-4.14842554618572,57.55452688809099],[-3.795819249646414,57.541530214507006],[-3.400818553464163,57.57644613857927],[-3.092637029187429,57.577025972563646],[-2.853980508343923,57.543319307524584],[-2.1503629355595,57.571979128081225],[-1.944626775281179,57.4016605245656],[-2.107808676259268,57.21033056851091],[-2.203161802785147,57.064811311919115],[-2.158947673337209,57.0143199789113],[-2.41314050246929,56.71725424404802],[-2.514751401440847,56.66733893032732],[-2.667135921017874,56.471000276762865],[-2.980528798596609,56.35358389492693],[-3.152406898038137,56.336818300444506],[-2.949428287045706,56.25300558682146],[-2.720856156842459,56.17819174404802],[-2.77286025573467,56.1713138448781],[-2.89533945609783,56.085502229887865],[-3.169811215893972,56.06210669155779],[-3.293507066266287,55.9739147054738],[-3.894964662091482,55.98506888027849],[-3.713039603726614,55.884696565825365],[-3.577178683774221,55.884696565825365],[-3.355851378934133,55.8426891195363],[-3.161462274090994,55.84568365688982],[-2.927901473538626,55.94603308315935],[-2.742131438748586,55.95718725796404],[-2.540346112744558,55.884696565825365],[-2.245011058346975,55.810966097075365],[-1.941995468632925,55.55607184048357],[-2.064587801416323,55.30033106842362],[-1.896904541783826,54.33615232553669],[-2.885938134686697,54.168666444975756]]]]}},{"type":"Feature","properties":{"name":"Guanches","subject":"Guanches","partOf":"Guanches","borderPrecision":1,"color":"#739b91"},"geometry":{"type":"MultiPolygon","coordinates":[[[[-14.50982440309849,28.050049749026638],[-14.147020770578637,28.391039461179965],[-13.808404046893443,29.04858821187777],[-13.518161140877563,29.42848330171172],[-13.421413505538938,29.090868332331816],[-13.784217138058787,28.87929453021188],[-13.880964773397412,28.19936673357924],[-14.50982440309849,28.050049749026638]]],[[[-15.574048391823386,28.178048475293522],[-15.404740029980792,28.19936673357924],[-15.211244759303536,27.900525135454227],[-15.574048391823386,27.729386561264484],[-15.912665115508583,27.900525135454227],[-15.574048391823386,28.178048475293522]]],[[[-17.291318919084016,28.284597224515256],[-16.880141468894855,28.327186915315913],[-16.081973477351177,28.539879155715276],[-16.22709493035912,28.36975954738149],[-16.638272380548287,28.050049749026638],[-17.339692736753328,28.028701784947305],[-17.291318919084016,28.284597224515256]]]]}},{"type":"Feature","properties":{"name":"Sweden","subject":"Sweden","partOf":"Sweden","borderPrecision":1,"color":"#8b7fa6"},"geometry":{"type":"MultiPolygon","coordinates":[[[[19.334442,57.955826],[19.286663,57.937492],[19.277496,57.940277],[19.274441,57.945],[19.268055,57.948608],[19.256664,57.94944],[19.238052,57.946938],[19.170555,57.929443],[19.16277700000012,57.92694100000011],[19.150833,57.91861],[19.145832,57.913605],[19.1416660000001,57.907776],[19.139999,57.901665],[19.12611,57.839722],[19.09333,57.851944],[19.077774,57.85833],[19.073055,57.862495],[19.037498,57.896385],[19.034443,57.901108],[19.034443,57.912498],[19.03611,57.91861],[19.088886,57.970276000000126],[19.095833,57.97361],[19.104721,57.975273],[19.285831,57.976662],[19.296387,57.976662],[19.307499,57.974442],[19.332497,57.965271],[19.335552,57.960548],[19.334442,57.955826]]]]}},{"type":"Feature","properties":{"name":"Navarre","subject":"Navarre","partOf":"Navarre","borderPrecision":1,"color":"#a88992"},"geometry":{"type":"MultiPolygon","coordinates":[[[[-0.524120412124032,42.75779810968423],[-0.602910658888251,42.416071314630244],[-1.004394268999434,41.918819988381074],[-1.004394268999434,41.918819988381074],[-2.583406756168917,41.358525234869326],[-2.716581352055106,42.42514305123075],[-3.19584389294759,42.3979239039955],[-3.356120708930975,43.39527132213779],[-3.195965257184255,43.446883760649584],[-3.007205691830862,43.55027350063982],[-2.768362489239919,43.53787573452654],[-2.367384400861013,43.32624395962419],[-2.142923348755843,43.331471028881836],[-2.065644708173025,43.333270631987475],[-1.914577808873403,43.30541571255388],[-1.702391829983938,43.19593771572771],[-1.491382804410208,43.209621034819506],[-1.465651360051382,43.15488775845232],[-1.557671156422842,43.04543264980974],[-1.515127864377249,42.99756201382341],[-1.447552409665334,42.983878694731615],[-1.397272315518606,43.031756960112475],[-0.907353666321981,42.88129767056169],[-0.840018358723867,42.90865286465349],[-0.611982133881796,42.73087652798357],[-0.586789485709417,42.765060030180834],[-0.524120412124032,42.75779810968423]]]]}},{"type":"Feature","properties":{"name":"León","subject":"León","partOf":"León","borderPrecision":1,"color":"#8b7fa6"},"geometry":{"type":"MultiPolygon","coordinates":[[[[-8.851777997510183,41.407828890044115],[-8.854754415051687,41.5968509542531],[-8.92073532630657,41.767020784575365],[-8.806055036084402,41.889178835112475],[-8.860485997693289,42.01453360195818],[-8.798570600049246,42.19453009243669],[-8.64406296302532,42.41974981899919],[-8.805045094983328,42.631557069975756],[-8.941723790662039,42.82419546719255],[-9.173123326794851,42.85590323086443],[-9.24685951759075,42.900775514799975],[-9.270803418652761,43.048690401274584],[-9.197466817395437,43.15821417446794],[-9.013589826123464,43.28085669155779],[-8.849216428296316,43.32624395962419],[-8.595722165601003,43.339618288237475],[-8.310413327710378,43.35304983730974],[-8.250697103039968,43.43042715664568],[-8.22022434760784,43.61720999355974],[-7.979528871075857,43.74005468960466],[-7.636274781720388,43.72141226406755],[-7.15130230476116,43.55494269009294],[-6.807975736157644,43.523421846587084],[-6.467573609845388,43.56272467251482],[-6.20804640342449,43.640521608549975],[-5.979656186597097,43.70537909146013],[-5.820451226727712,43.705688081938646],[-5.537417855756033,43.577453218657396],[-5.224896398083914,43.507247530180834],[-5.086395964452465,43.49485683221599],[-4.444320770188968,40.89430799991886],[-5.569506518933096,40.736781995094674],[-6.82975303720589,40.62009250266202],[-7.770542782293958,40.53298234107979],[-7.770542782293958,40.940581649109575],[-8.694069829480398,40.992171846587084],[-8.851777997510183,41.407828890044115]]]]}},{"type":"Feature","properties":{"name":"Castilla","subject":"Castilla","partOf":"Castilla","borderPrecision":1,"color":"#a88992"},"geometry":{"type":"MultiPolygon","coordinates":[[[[-3.356120708930975,43.39527132213779],[-3.19584389294759,42.3979239039955],[-2.716581352055106,42.42514305123075],[-2.583406756168917,41.358525234869326],[-3.531509978784143,41.022101510715544],[-4.444320770188968,40.89430799991886],[-5.086395964452465,43.49485683221599],[-4.802335706250418,43.46944388027849],[-4.110216107861746,43.45151098843279],[-3.847605910794485,43.43916281338396],[-3.417000499264944,43.37565191860857],[-3.356120708930975,43.39527132213779]]]]}},{"type":"Feature","properties":{"name":"Kingdom of France","subject":"France","partOf":"Kingdom of France","borderPrecision":1,"color":"#b47c6f"},"geometry":{"type":"MultiPolygon","coordinates":[[[[-0.524120412124032,42.75779810968423],[-0.586789485709417,42.765060030180834],[-0.611982133881796,42.73087652798357],[-0.840018358723867,42.90865286465349],[-0.907353666321981,42.88129767056169],[-1.397272315518606,43.031756960112475],[-1.447552409665334,42.983878694731615],[-1.515127864377249,42.99756201382341],[-1.557671156422842,43.04543264980974],[-1.465651360051382,43.15488775845232],[-1.491382804410208,43.209621034819506],[-1.702391829983938,43.19593771572771],[-1.914577808873403,43.30541571255388],[-1.746070232884634,43.360160433012865],[-1.561407771603811,43.52442511196794],[-1.314379182355154,44.55896338101091],[-1.135849919812429,44.60010107632341],[-1.230320539967764,44.73041113491716],[-1.331778016583669,44.61382635708513],[-1.27551409293865,45.12873037930193],[-1.175191727177847,45.50050314541521],[-1.123440351979482,45.43161734219255],[-0.90036418725704,45.293910585600756],[-0.814226654069174,45.12184103604021],[-0.728486028210867,45.018642030913256],[-0.854702380196798,45.3214488851613],[-1.138394918935049,45.58316382046404],[-1.247395124928701,45.6881481039113],[-1.236505594746816,45.80004461880388],[-1.075199690358389,46.01461752529802],[-1.165981498257864,46.183681093413256],[-1.256056633488882,46.30683096523943],[-1.402668443219412,46.40393408413591],[-1.71072646667217,46.448791109282396],[-1.942478147046316,46.70579870815935],[-2.129660335080374,46.85084494229021],[-2.004645553128469,47.04250296230974],[-2.109477606312979,47.124042116362475],[-2.263749804990042,47.18288382168474],[-2.493711915509451,47.24692114468279],[-2.575529757355312,47.32396831567053],[-2.010361521016347,47.745650369834415],[-1.75196905427781,48.17821145459153],[-1.999109269065851,48.67695685862887],[-2.07596763649823,48.65615805240039],[-2.200072136315125,48.598983369783205],[-2.342885461243409,48.67414816470508],[-2.636378016861695,48.55200155825977],[-2.79053541699292,48.58958014102344],[-2.914459433945435,48.70678671450977],[-3.091225352677125,48.87155111880664],[-3.435057845505494,48.83645971866016],[-3.557670083435791,48.810077272371096],[-3.607873406800049,48.692950807527346],[-3.821306434067505,48.721149049714846],[-3.902217355164307,48.64596136660938],[-3.998872962387818,48.73053701968555],[-4.251477208527344,48.65191229434375],[-4.488299336823243,48.61226614566211],[-4.625704255493897,48.546668611482424],[-4.761963334473389,48.55200155825977],[-4.779634442695328,48.35477408049929],[-4.779634442822683,48.3547740804738],[-4.761963334576834,48.552001558501146],[-4.625704255597341,48.5466686117238],[-4.488299336926687,48.61226614590349],[-4.251477208630789,48.65191229458513],[-3.998872962491262,48.73053701992693],[-3.902217355267751,48.645961366850756],[-3.82130643417095,48.721149049956225],[-3.607873406903494,48.692950807768725],[-3.557670083539236,48.810077272612475],[-3.435057845608938,48.83645971890154],[-3.091225352780569,48.87155111904802],[-2.914459434048879,48.706786714751146],[-2.790535417096365,48.58958014126482],[-2.636378016965139,48.552001558501146],[-2.342885461346853,48.67414816494646],[-2.200072136418569,48.598983370024584],[-2.075967636601675,48.65615805264177],[-1.870566812054861,48.71174200649919],[-1.857612696187246,48.60836752529802],[-1.591356840626943,48.6375003683156],[-1.456587758557546,48.683551393706225],[-1.575547900693167,48.76814230557146],[-1.58841225196575,48.88095053311052],[-1.563408580319631,49.036239229399584],[-1.579779472844351,49.22901114102068],[-1.63899978687023,49.21960791226091],[-1.891543593899954,49.526351534087084],[-1.941284146802175,49.70930441494646],[-1.524247136609304,49.652770601469896],[-1.250969496266592,49.6998782980031],[-1.28866049339031,49.52097281094255],[-1.177143421666372,49.33254965420427],[-1.023191001908529,49.39845999355974],[-0.464948442475546,49.351378999907396],[-0.23936493013953,49.285487734038256],[-0.203663793103445,49.29181250210466],[0.032870042426836,49.333705507475756],[0.330848249895823,49.454955660063646],[0.090372207863581,49.51055487271013],[0.115054044230234,49.60227545376482],[0.18937284062649,49.68102606411638],[0.528559717638743,49.82580145474138],[0.868757519228708,49.90724905605974],[1.27451888035084,50.00430258389177],[1.416228327257883,50.10984381313982],[1.551989111407053,50.2288089620656],[1.528296861155283,50.57772787686052],[1.588920149309885,50.821883760649584],[1.796177011821854,50.92141446466974],[1.823555263979685,50.934562288481615],[2.030328068239939,51.00665625210466],[2.442595991595041,51.04803045864763],[2.522131952746165,51.09112127896013],[2.995262178881418,51.31347998257341],[3.213605198366892,51.353568636137865],[3.472019943697703,51.314391695219896],[3.681297096712839,51.32141836758318],[3.438438188525268,51.00828455744539],[3.820330011209577,50.039445521437685],[4.255215473045936,49.887235609794956],[5.361129202495775,49.69675577751063],[5.909256214630872,49.20085986849827],[5.903866258867552,49.19576772547515],[5.611623228513523,49.20968406025392],[5.722953906743626,48.95919003423617],[5.876033589310012,49.070520712466276],[6.001280602318886,48.90352469512112],[5.83428458497373,48.77827768211225],[6.015196937097656,48.65303066910337],[5.945615263203834,48.34687130397059],[6.237858293557863,48.29120596485552],[6.251774628336634,47.95721393016521],[6.098694945770248,48.02679560405903],[6.056945941433938,47.95721393016521],[5.959531597982604,47.985046599722736],[5.959531597982604,47.80413424759881],[5.82036825019496,47.734552573705],[5.917782593646322,47.59538922591736],[5.792535580637448,47.51189121724478],[5.778619245858678,47.35881153467838],[5.736870241522396,47.23356452166951],[5.667288567628574,47.10831750866063],[5.793872737744621,46.99723694614843],[5.757015581792146,46.886665478291036],[5.646444113934749,46.84980832233856],[5.625539563292293,46.64907846096145],[5.739656949946507,46.59782978796446],[5.7249265287996,46.47998641878918],[5.645716162473704,46.45672279658608],[5.415587684714509,46.52417768222992],[5.268283473245404,46.31795178617317],[5.533431053889771,46.096995468969524],[5.533431053889771,46.008612942088064],[5.35666600012685,46.05280420552879],[5.35666600012685,45.876039151765866],[5.607083159624338,45.84657830947205],[5.823360340392597,45.39624171904667],[5.934538658234075,45.32212284048569],[5.946891804660893,45.26035710835154],[6.058070122502372,45.22329766907106],[6.033363829648707,45.33447598691252],[6.082776415356037,45.37153542619302],[6.144542147490156,45.32212284048569],[6.218661026051151,45.346829133339355],[6.268073611758453,45.32212284048569],[6.243367318904816,45.29741654763204],[6.2804267581853,45.198591376217394],[6.507319483263743,45.115707002837084],[6.665318045122874,44.954520784575365],[6.942603620989573,44.868651949126146],[7.003469976885569,44.719535433012865],[6.924694094164622,44.715018831450365],[6.782917532427561,44.54787405605974],[6.869778189165842,44.3491702901906],[6.786905761685304,44.29681168705886],[6.786905761685304,44.19798651564423],[6.836318347392606,44.11151449065642],[6.885730933099936,44.1485739299369],[6.935143518807266,44.13622078351008],[6.972202958087749,44.0621019049491],[6.996909250941385,44.04974875852227],[6.922790372380419,43.9756298799613],[6.959849811660902,43.913864147827155],[6.885730933099936,43.90151100140032],[6.922790372380419,43.815038976412524],[7.355150497319457,43.90151100140032],[7.397118601305735,43.76409491177263],[7.297616514666331,43.66730078335466],[6.923080000384104,43.44766577358904],[6.52301410148884,43.15085180874529],[6.331224951250803,43.111869417387865],[6.187778505785715,43.09228857632341],[5.828570398791086,43.02081640835466],[5.646554979784739,43.033317171294115],[5.434490236742747,43.103656374174975],[5.051816973192942,43.32809790249529],[4.909845861895334,43.366439424712084],[4.750594648821604,43.35325964565935],[4.646513971789133,43.32086523647966],[4.416764769060862,43.34614523525896],[4.078196081621897,43.487086855132006],[3.807468924029124,43.46722754116716],[3.478712830050242,43.31209524746599],[3.317868027193796,43.19595297451677],[3.067900213701975,42.944564424712084],[3.001891169054758,42.77080877896013],[3.045898947222483,42.539455019194506],[3.087081465227854,42.368644319731615],[3.086528334124338,42.32911261196794],[3.086286100847971,42.12072332974138],[3.1565537781551,42.0757213460988],[3.128878864748728,41.8572269308156],[2.628259214861643,41.61954077358904],[2.200590166552317,41.44614752407732],[2.080724749071848,41.298488222319506],[1.609828624232065,41.2091556417531],[1.442095519139158,41.17999861944361],[1.033602271149519,41.8780600575781],[0.94167853178931,41.894281893935776],[1.366509726328981,42.408778868910595],[1.364396247370493,42.40964087124529],[1.348705086214792,42.539481722075365],[1.307450088961374,42.63517340298357],[0.744199428065073,42.77189215298357],[0.584142002566111,42.77189215298357],[0.591923627360117,42.6283336507863],[0.347843679888499,42.63517340298357],[0.196265372736704,42.6078258382863],[0.179550382597697,42.66251715298357],[-0.165626824544418,42.64883764858904],[-0.203663793103445,42.70031317349138],[-0.216141254352081,42.7172008382863],[-0.409914609687078,42.785567842680834],[-0.468836572663534,42.7513919698781],[-0.524120412124032,42.75779810968423]]],[[[-2.576483932034719,47.3248668539113],[-2.465543475735389,47.49438437086202],[-2.465543475540894,47.49438437075977],[-2.576483931872982,47.324866853759],[-2.576483932034719,47.3248668539113]]],[[[-4.364373651044119,47.829310976225756],[-4.390935388053524,47.94184836004228],[-4.390935388001221,47.94184836001758],[-4.364373650999572,47.82931097623392],[-4.364373651044119,47.829310976225756]]],[[[-4.700306382672537,48.06380423184099],[-4.312866178052175,48.10133322354021],[-4.350984063553778,48.20456656070424],[-4.350984063538331,48.204566560701174],[-4.312866177948731,48.10133322329883],[-4.700306382545573,48.06380423160189],[-4.700306382672537,48.06380423184099]]],[[[-4.587968316571462,48.25149496670427],[-4.388901677624929,48.29843863125505],[-4.350201573972039,48.39050634950665],[-4.350201573761719,48.390506349519534],[-4.388901677521485,48.298438631013674],[-4.58796831595886,48.25149496658296],[-4.587968316571462,48.25149496670427]]]]}},{"type":"Feature","properties":{"name":"Aragón","subject":"Aragón","partOf":"Aragón","borderPrecision":1,"color":"#8f9a74"},"geometry":{"type":"MultiPolygon","coordinates":[[[[-1.004394268999434,41.918819988381074],[-0.602910658888251,42.416071314630244],[-0.524120412124032,42.75779810968423],[-0.468836572663534,42.7513919698781],[-0.409914609687078,42.785567842680834],[-0.216141254352081,42.7172008382863],[-0.203663793103445,42.70031317349138],[-0.165626824544418,42.64883764858904],[0.179550382597697,42.66251715298357],[0.196265372736704,42.6078258382863],[0.347843679888499,42.63517340298357],[0.591923627360117,42.6283336507863],[0.584142002566111,42.77189215298357],[0.744199428065073,42.77189215298357],[1.307450088961374,42.63517340298357],[1.348705086214792,42.539481722075365],[1.364396247370493,42.40964087124529],[1.366509726328981,42.408778868910595],[0.94167853178931,41.894281893935776],[0.340683447498876,42.00033984998703],[-1.004394268999434,41.918819988381074]]]]}},{"type":"Feature","properties":{"name":"Caliphate of Córdoba","subject":"Caliphate of Córdoba","partOf":"Caliphate of Córdoba","borderPrecision":1,"color":"#8b7fa6"},"geometry":{"type":"MultiPolygon","coordinates":[[[[1.371944,38.830826],[1.36805500000014,38.851105],[1.361666000000127,38.86055],[1.3575,38.86499800000013],[1.352778,38.86833200000012],[1.346389,38.871109],[1.277222,38.879715],[1.270555,38.878052],[1.257500000000107,38.863609],[1.252500000000111,38.859161],[1.246111,38.860275],[1.2225,38.87416100000013],[1.211944,38.898331],[1.227778,38.948051000000135],[1.2425,38.968048],[1.29416700000013,39.03138700000011],[1.303611000000103,39.03860500000013],[1.329167,39.055275],[1.3625,39.072777],[1.472778,39.10527],[1.519722,39.118332],[1.545833,39.11805],[1.600555,39.096107],[1.605278,39.09166],[1.609167,39.081383],[1.615,39.028328],[1.531667,38.951942],[1.405833,38.845551000000114],[1.371944,38.830826]]],[[[1.588055,38.667221],[1.576111,38.655548000000124],[1.569444,38.65416],[1.556389,38.65416],[1.530555,38.65416],[1.524167,38.654716],[1.518055000000118,38.656944],[1.505278,38.669441],[1.494444,38.675552],[1.463055,38.685555],[1.456666,38.686943],[1.443889,38.6827770000001],[1.390278000000137,38.643326],[1.386389,38.64777400000014],[1.385556,38.658051000000114],[1.383611,38.683052],[1.383055,38.693886],[1.383055,38.715553],[1.383055,38.720551],[1.399167,38.737778],[1.445278,38.74110400000012],[1.573056,38.691383],[1.577778,38.6877750000001],[1.586667,38.672493],[1.588055,38.667221]]],[[[4.316944,39.846107],[4.313889,39.83194],[4.299999000000128,39.814163],[4.295278,39.810555000000136],[4.289166000000137,39.807495],[4.276388,39.806389],[4.263055000000122,39.808884],[4.256666,39.810555000000136],[4.238333,39.816109],[4.116388,39.86833200000012],[4.100833000000137,39.877777],[4.090833,39.88472],[4.088333,39.890549],[4.084722000000113,39.895554],[4.079721,39.899162],[4.041111,39.91555],[4.02861,39.919998],[3.984722,39.930275],[3.965555,39.933609],[3.938333,39.93249500000013],[3.924166000000127,39.929161],[3.911111,39.925827],[3.891111,39.92083],[3.884722,39.920273],[3.878055000000131,39.919998],[3.826666,39.922493],[3.796944,40.01722000000012],[3.831388,40.052773000000116],[3.83611100000013,40.056389],[3.868333,40.058052],[3.9375,40.058884],[4.122499000000118,40.05610700000011],[4.174444,40.050278000000105],[4.241388,39.993607],[4.273333,39.961388],[4.315555,39.878883],[4.316944,39.846107]]],[[[3.275,39.737778],[3.293333,39.745827],[3.323611,39.759438],[3.333333,39.766106],[3.343889,39.775833],[3.382778,39.773331],[3.439722,39.750275],[3.480278,39.721664],[3.479722,39.711105],[3.463611,39.661385],[3.4475,39.640274],[3.3775,39.552773],[3.371666,39.549164],[3.331944,39.526382000000126],[3.320278,39.520554],[3.30555500000014,39.50222],[3.288055,39.467499],[3.266944,39.412773],[3.241944000000103,39.36444100000011],[3.081944000000135,39.273048],[3.063611,39.263611],[3.056944,39.263054],[3.029166,39.283051],[2.985555,39.31860400000011],[2.829722,39.353333000000134],[2.799444,39.36055],[2.786389,39.364716],[2.781389,39.369164000000126],[2.755278,39.392494],[2.745555,39.40638700000011],[2.743055,39.411659],[2.727777,39.473053],[2.741666000000123,39.49082900000013],[2.746388,39.49472],[2.752778,39.496666],[2.754722,39.502495],[2.753611,39.5075],[2.745000000000118,39.515831],[2.736389,39.523888],[2.731667,39.527496],[2.694444,39.551941],[2.675278,39.559441],[2.6625,39.563606],[2.656111,39.56443800000011],[2.546389,39.524719],[2.542500000000132,39.520271],[2.436944,39.52166],[2.389166,39.524994],[2.364166,39.555832],[2.386111000000142,39.612778],[2.538611,39.700272],[2.683888,39.793884000000105],[2.777778,39.844719],[2.987778,39.91111],[3.071389,39.921944],[3.096944,39.911385],[3.091944,39.901382000000126],[3.088889000000108,39.89138800000012],[3.089444,39.885826],[3.124444,39.812218],[3.134722,39.792221],[3.138333,39.787498],[3.151944000000128,39.775833],[3.180833,39.75999500000012],[3.241389,39.736107],[3.247777,39.734718],[3.260833,39.733604],[3.275,39.737778]]],[[[-9.62504383613323,30.406100832182787],[-9.602674451367605,30.183719240385912],[-9.662592854993093,29.95481642361345],[-9.869588819043386,29.642983995634935],[-10.339312520520437,29.14631613369646],[-10.856226888196218,28.751227937895678],[-11.372664418713796,28.368856035429857],[-11.576458898083914,28.228616319853685],[-12.090624776379812,28.024177156645678],[-12.67411896278118,27.895850740630053],[-12.866208997266043,27.857324205595873],[-13.060138669507253,27.67262228604021],[-13.12364002753948,27.546344362456225],[-13.316015210644949,27.163680635649584],[-13.466317143933523,26.813827120024584],[-13.628725018994558,26.591056429106615],[-14.005799260632742,26.361482225615404],[-14.18776413490032,26.272128664214037],[-14.367254224316824,26.119227968413256],[-14.631950163595388,25.68205080405753],[-14.631950163595391,25.68205080405753],[-14.367254224316827,26.119227968413256],[-14.187764134900323,26.272128664214037],[-14.005799260632745,26.361482225615404],[-13.628725018994562,26.591056429106615],[-13.466317143933527,26.813827120024584],[-13.316015210644952,27.163680635649584],[-13.123640027539484,27.546344362456225],[-13.060138669507257,27.67262228604021],[-12.866208997266046,27.857324205595873],[-12.674118962781183,27.895850740630053],[-12.090624776379816,28.024177156645678],[-11.576458898083917,28.228616319853685],[-11.3726644187138,28.368856035429857],[-10.856226888196222,28.751227937895678],[-10.33931252052044,29.14631613369646],[-9.86958881904339,29.642983995634935],[-9.662592854993097,29.95481642361345],[-9.602674451367609,30.183719240385912],[-9.625043836133234,30.406100832182787],[-9.817042317883722,30.755221925932787],[-9.857763257519952,31.06018980618181],[-9.81326672126507,31.289060198027514],[-9.635323491589777,31.575402818877123],[-9.317557302014581,31.963718019682787],[-9.222252812878839,32.25624807949724],[-9.25076672126507,32.4214244710988],[-9.21868607093548,32.5803600179738],[-8.640263524548761,33.12173422451677],[-8.314414945142023,33.33848150845232],[-7.902406182782403,33.48548849697771],[-7.332620587842218,33.69637259121599],[-7.004007783429376,33.874984346587084],[-6.75297447730755,34.123351656157396],[-6.511472192303888,34.45429953213396],[-6.472049931221476,34.530940245135376],[-6.302049127118341,34.86143835659685],[-5.928758588330499,35.72785910244646],[-5.807887044446222,35.78541525479021],[-5.565000024335138,35.8623424398488],[-5.47935911704754,35.80520590420427],[-5.171789613263361,35.42376288052263],[-5.109631505505792,35.37931402798357],[-4.59297749091839,35.15118750210466],[-4.295350995557062,35.151786409575365],[-4.027887788312189,35.13323553677263],[-3.440804210202447,35.166278444487475],[-3.205772367017023,35.268607698637865],[-3.009028163449518,35.389979921538256],[-2.829877105252496,35.14205893154802],[-2.714807000653497,35.097743593413256],[-2.355662789838068,35.05391653652849],[-2.325944383435433,35.053977160872904],[-2.192973938481561,35.0542484151906],[-2.035251822964899,35.05456884976091],[-1.738327947156183,35.11883123989763],[-1.495096531407587,35.23390158291521],[-1.329105701939813,35.48890646572771],[-1.146667149560205,35.62936743374529],[-0.917491999165765,35.66803701992693],[-0.734306839005701,35.73846014614763],[-0.428770822183839,35.86006888027849],[-0.282988813416711,35.758475862700365],[-0.203663793103448,35.75072058315935],[-0.091654170946828,35.73976858730974],[0.015310812099226,35.803668581206225],[0.198671731455573,36.033309541899584],[0.474390897257575,36.22496374722185],[0.781242343886145,36.384852968413256],[1.057602915270575,36.46185644741716],[1.579693111880072,36.51388891812029],[1.237401925164406,35.886350229540184],[0.870562547937594,33.07391500413463],[0.45780318303137,32.54744071220754],[-1.081275251404993,32.45392569180193],[-1.496153727540768,32.438569000311766],[-1.802211619772081,32.42724029347477],[-2.320768867189772,32.29326368670276],[-4.772797416149867,31.65974739446365],[-4.772797416149872,31.659747394463647],[-9.62504383613323,30.406100832182787]]],[[[-2.915331569211233,36.69013937588396],[-2.969792333142507,36.741149507719896],[-4.446585622327078,36.72201880093279],[-4.757303681866873,36.48610647793474],[-5.216736283795584,36.4095950948781],[-5.374227490918386,36.2374759542531],[-5.386749711529959,36.109984956938646],[-5.424260106580007,36.071742616850756],[-5.457090821759451,36.167358003813646],[-5.487933125989187,36.173724733549975],[-5.485486474530447,36.065368257719896],[-5.660587277905691,36.00800665493669],[-5.85001417686199,36.071742616850756],[-6.20446106483196,36.282096468169115],[-6.304971662060964,36.454223238188646],[-6.2888807921574,36.57217749233904],[-6.444025006787527,36.62318380947771],[-6.500485864178884,36.718829714018725],[-6.421713319318044,36.7921634542531],[-6.632153954999197,37.02175100918474],[-6.947954621808279,37.14931448574724],[-7.010098424451101,37.16525992031755],[-7.227823701398123,37.225856386382006],[-7.491503682629812,37.208156191069506],[-7.603436437146414,37.16297873135271],[-7.83604237128948,37.032252870757006],[-8.033637967602957,37.008788667876146],[-8.280239072339285,37.088580690581225],[-8.541073766247976,37.088580690581225],[-8.66705986549114,37.12144049282732],[-8.990849462048757,36.990008913237475],[-9.016643491284597,37.06980093594255],[-8.84151169349407,37.525146089751146],[-8.851028409497488,37.910182558257006],[-8.93278595496868,37.9618411886281],[-8.822993245618093,38.206073366362475],[-8.847303357617605,38.384566866118334],[-8.78892036964153,38.43598135586443],[-8.853651967541921,38.49964102383318],[-9.022322621838796,38.46102102871599],[-9.236570325391043,38.41744955654802],[-9.285158124463308,38.61946829434099],[-9.069152799145925,38.64295920010271],[-8.941892591016043,38.74191626187029],[-8.960826840893972,38.81846197720232],[-9.04084965278362,38.92018087979021],[-9.175754514233816,38.732230745512865],[-9.361637082593191,38.67114599819841],[-9.522397008435476,38.68993719692888],[-9.54900738288616,38.77451666470232],[-9.459762540356863,38.95307882900896],[-9.397706952588308,39.23036154385271],[-9.415269818799246,39.36667593594255],[-9.299269643323171,39.41773565884294],[-9.117922750012625,39.644034944731615],[-8.915585484997976,40.138148866850756],[-8.969669309155691,40.19001730557146],[-8.694069829480398,40.992171846587084],[-7.770542782293958,40.940581649109575],[-7.770542782293958,40.53298234107979],[-6.82975303720589,40.62009250266202],[-5.569506518933096,40.736781995094674],[-4.444320770188968,40.89430799991886],[-3.531509978784143,41.022101510715544],[-2.583406756168917,41.358525234869326],[-1.004394268999434,41.918819988381074],[0.340683447498876,42.00033984998703],[0.94167853178931,41.894281893935776],[1.033602271149519,41.8780600575781],[1.442095519139158,41.17999861944361],[1.311244878275645,41.157252870757006],[0.879201921923411,41.02173575039568],[0.733751806719553,40.87495382900896],[0.709782037241709,40.785148225981615],[0.827125462992441,40.72742422695818],[0.78755644272114,40.656886659819506],[0.505141589148295,40.592757784087084],[0.237927588923228,40.240199648100756],[-0.160625037448156,39.8860240804738],[-0.203663793103445,39.799438081938646],[-0.284515862064112,39.636771761137865],[-0.39484843303417,39.43445929165544],[-0.235902842776525,39.062404237944506],[-0.203663793103445,39.012652956206225],[-0.165695284204233,38.95406302090349],[0.126115980847132,38.82135351772966],[0.172570082648051,38.73834570522966],[-0.107004006104219,38.59149893398943],[-0.203663793103445,38.54402884121599],[-0.435155329005468,38.43033941860857],[-0.564126816289175,38.21486624355974],[-0.664728876845587,38.176574312407396],[-0.87234356691097,37.75979956265154],[-0.802563574807394,37.61500509854021],[-0.918272283570516,37.57034262295427],[-1.364567962186086,37.548392854887865],[-1.62571248103832,37.4394908773488],[-1.816879835622061,37.29247625942888],[-1.940475192563284,36.951598726469896],[-2.23879739333843,36.72839697476091],[-2.355097499387014,36.82405050869646],[-2.624331441418875,36.811297975737475],[-2.761496749417532,36.69013937588396],[-2.915331569211233,36.69013937588396]]]]}},{"type":"Feature","properties":{"name":"Paleo-Siberian hunter-gatherers","subject":"Paleo-Siberian hunter-gatherers","partOf":"Paleo-Siberian hunter-gatherers","borderPrecision":1,"color":"#b69578"},"geometry":{"type":"MultiPolygon","coordinates":[[[[105.40307092131953,72.748726095192],[105.60022262047077,72.74426611538591],[106.08698562095906,72.8553958761281],[106.50154403160359,73.06131323452654],[107.24994185875202,73.13382300015154],[107.80428603599812,73.1427722799367],[108.74962905357624,73.26322516079607],[109.59518722008015,73.39159735317888],[109.99058822105671,73.43995245571794],[110.44228652427937,73.56786688442888],[110.40001967857624,73.74287756558122],[110.17844680259968,73.79822119351091],[110.16323378990437,73.83008917446794],[110.28963759849812,73.9420657980031],[110.55127242515827,74.03844793911638],[110.94413283775593,73.94327124233904],[111.21531203697468,73.76829870815935],[111.49485305259968,73.74487646694841],[111.76165297935749,73.65779455776872],[112.09338668297077,73.63455542202654],[112.47680190513874,73.65914496060076],[112.99697402427937,73.779567323882],[113.22158339927937,73.74810370083513],[113.30773452232624,73.61295660610857],[113.31173995445515,73.38266333218279],[113.54699233482624,73.20093115444841],[114.1866789192989,73.55099829312029],[114.9341154427364,73.56032141323747],[115.61149123619343,73.62520178433122],[116.67113784263874,73.61922796841326],[117.53464797447468,73.54927404995622],[117.91884902427937,73.53409155483904],[118.46038344810749,73.51922949429216],[118.33846572349812,73.18611487026872],[118.49779799888874,73.03624304409685],[119.41744521568562,72.96692999478044],[119.79856399009968,72.91246374722185],[120.11277297447468,72.88152655239763],[120.57851699302937,72.83511694546404],[121.69950393150593,72.9002185689992],[122.24328139732624,72.90912207241716],[122.88243392418171,72.75281103726091],[123.51475051353718,73.17200811978044],[123.44220260093952,73.33018835659685],[123.42497542808796,73.43322332974138],[123.40985396812702,73.48077734585466],[123.5007008987776,73.50494943844788],[124.54383390453704,71.58610355723228],[130.86731605142418,69.90104204211539],[155.89216029229675,68.16901029658281],[168.13549806605704,67.45778023799447],[171.76813674618367,65.85917681241212],[172.4408476128738,63.07842210456581],[169.48091979943723,61.192640399715565],[170.34409823134902,60.27960975244485],[170.3368025154903,60.27710302944841],[170.26842788170123,60.14513739224138],[170.27305129478717,60.01343115444841],[170.06013015220904,59.881801210600756],[169.87749770591998,59.8745609151906],[169.61364272545123,60.01220282192888],[169.53161147545123,60.12989386196794],[169.45571425865435,60.29626806851091],[169.15412429283404,60.43464239712419],[168.67075637291217,60.45457800503435],[168.2109022469356,60.432860933501146],[167.68961623619342,60.35544928188982],[167.10398391197467,60.27102621670427],[166.8684187264278,60.17341574307146],[166.2685194344356,59.833278261382006],[166.02721694420123,59.70872076626482],[165.94497207115435,59.77061041470232],[166.20342544029498,60.35263785000505],[165.95633986900592,60.31051596279802],[165.7799940438106,60.35411413784685],[165.41538527916217,60.11518820400896],[165.11359694908404,60.03144034023943],[164.93296340416217,59.96187552090349],[164.88157180259967,59.73413809414568],[164.5846052498653,59.66465338345232],[164.4419050545528,59.74018820400896],[164.32805922935748,59.96072729702654],[164.11052993248248,60.07820852871599],[163.64969924400592,59.79202231045427],[163.76682570884967,59.88375815029802],[163.51627639244342,59.85569342251482],[163.3886823983028,59.81406363125505],[163.10639480064654,59.57917364712419],[163.04290297935748,59.462001405913256],[163.09977248619342,59.35886725063982],[163.25451186607623,59.29037436123552],[162.8352156014278,59.055907808501146],[162.75344375084185,58.96646460171404],[162.90740493248248,58.891280733305834],[162.61590102623248,58.732963167387865],[162.22001174400592,58.48553045864763],[161.93841079185748,58.25918539639177],[161.80436232994342,58.1017223226613],[161.7999372811153,57.86273535366716],[161.9892225594356,57.71985205288591],[162.20365432213092,57.67936285610857],[162.82566359947467,57.700980745512865],[163.0783796639278,57.62649878140154],[163.12783339927935,57.55162390347185],[162.93203261802935,57.37424048062029],[162.5932722420528,57.169540010649584],[162.51240066002154,57.033492647368334],[162.61281875084185,56.802882753569506],[162.74430373619342,56.59970816250505],[163.09797194908404,56.55972632046404],[163.17226699302935,56.383815370757006],[163.16599563072467,56.106498323637865],[163.00907424400592,55.94406851406755],[162.77128127525592,55.91659506436052],[162.55463698814654,56.01072271938982],[162.54719069908404,56.10531576748552],[162.72187331627154,56.34234961147966],[162.5218153328731,56.34873541470232],[162.31757644127154,56.24010046597185],[161.86132338951373,55.86087378140154],[161.60943129966998,55.55691488857927],[161.50274184654498,55.287372194487475],[161.64737990806842,54.985091768462084],[161.93853286216998,54.84510000820818],[162.00820449302935,54.73822363491716],[161.8758650154903,54.56412848110857],[161.5666151375606,54.42324026699724],[161.1363630623653,54.40906866665544],[160.83759597252154,54.448566042143725],[160.68291762779498,54.4482799398488],[160.4043073983028,54.36758764858904],[160.02738479088092,54.15326651211443],[159.93114760826373,54.086356722075365],[159.69506362388873,53.85922583218279],[159.63321975181842,53.70584448452654],[159.68349746177935,53.579433046538256],[159.90476516197467,53.40018042202654],[159.9220838875606,53.300468050200365],[159.8968611092403,53.24057730313005],[159.5917616219356,53.133624635893725],[159.31981948326373,53.12647207852068],[158.78814223716998,52.95936545010271],[158.46136001060748,52.82596167202654],[158.43166640709185,52.71308477993669],[158.4623670906856,52.58713873501482],[158.38950637291217,52.2026859151906],[158.2580213875606,52.01712378140154],[157.89777663658404,51.66602285977068],[157.20952895591998,51.229003511626146],[156.82464126060748,51.00411947842302],[156.6963758797481,50.957748018462084],[156.5637312264278,51.234359346587084],[156.4746961922481,51.603820406157396],[156.36185744713092,51.914237581450365],[156.33323195884967,52.27155645962419],[156.17524245689654,52.60925634976091],[156.0380964608028,52.78148993130388],[155.94184401939654,53.193080507475756],[155.71079543541217,53.80493887539568],[155.70746901939654,54.06495245571794],[155.6380720467403,54.3184085714406],[155.63018325279498,54.465350710112475],[155.58306411216998,54.55207403774919],[155.46520522545123,54.91977270718279],[155.45347121666217,55.27581366177263],[155.50568679283404,55.63962133999529],[155.6275739998653,56.26791723843279],[155.70299819420123,56.36959799404802],[156.23583510826373,56.756827913481615],[156.5578718514278,56.94747122402849],[156.81467727134967,57.26057013149919],[156.8776502938106,57.36274298306169],[156.8394880623653,57.50565680142107],[156.77685073326373,57.58045538540544],[157.51116469810748,57.74545248623552],[157.96169570396685,57.88275869961443],[158.3262586922481,58.026820741850756],[159.10428908775592,58.424884401518725],[159.39269545982623,58.610351167876146],[159.58628371666217,58.80267675991716],[159.64911941002154,58.95374640103044],[160.45193007896685,59.35388907070818],[160.8442488045528,59.554244600493334],[161.5352430672481,59.9416881429738],[161.70084670494342,60.07350882168474],[161.81792739341998,60.2679935323781],[162.38112929771685,60.46357306118669],[163.32929519127154,60.69494970913591],[163.44480422447467,60.89026602383318],[163.79265883873248,61.128192506987475],[163.83137038658404,61.23308905239763],[163.57572463463092,61.330470644194506],[163.94228652427935,61.73741491909685],[163.92588332603717,61.955001436430834],[164.00829604576373,62.1308971273488],[164.27720168541217,62.22288092251482],[165.05478957603717,62.25954397793474],[165.28571608970904,62.2881351339406],[165.06716445396685,62.435687624174975],[164.13767531822467,62.532653413969896],[163.81841567466998,62.489738069731615],[163.34025100181842,62.411300264555834],[162.9902448983028,62.32608374233904],[163.00915053795123,62.17827948208513],[162.71056655357623,61.76318701382341],[162.7668562264278,61.67209967251482],[162.74877456138873,61.60898550625505],[162.45061782310748,61.559379183012865],[162.2352400154903,61.5099254476613],[161.5357771248653,61.1868167745656],[160.6449842781856,60.71775396938982],[160.11884597252154,60.563624941069506],[160.00710586021685,60.59125097866716],[160.0769911141231,60.7375865804738],[160.23559096763873,60.94700964565935],[159.8155165047481,60.98108252163591],[159.74351027916217,61.099635683257006],[159.85686782310748,61.30249746914568],[160.0562391609981,61.51285132046404],[160.14934829185748,61.66016729946794],[160.1182508797481,61.75127752896013],[159.96580031822467,61.765040956694506],[159.45463088463092,61.56075247402849],[159.23105910728717,61.546310030180834],[159.10642531822467,61.70729025479021],[158.84125808189654,61.78396948452654],[158.11835769127154,61.719474397856615],[157.52826980064654,61.66927298184099],[157.0979872078731,61.63339956875505],[156.82523635338092,61.56281241055193],[156.42315200279498,61.40100439663591],[156.38117507408404,61.20508154507341],[156.41843703697467,61.121329866606615],[155.85076430748248,60.88296850796404],[155.66668227623248,60.778041444975756],[155.7338972420528,60.55536612148943],[155.15180495689654,60.39435156460466],[154.6933241219356,60.199019991118334],[154.31565383384967,59.98334845181169],[154.09215835045123,59.775878511626146],[153.94297316978717,59.56882818813982],[153.9444685311153,59.39667852993669],[154.18178847740435,59.30077704067888],[154.75280288170123,59.28121908779802],[154.87804702232623,59.15770300503435],[154.9058943123653,59.102767549712084],[154.38708022545123,59.03995092983904],[153.92443374107623,58.922347627837084],[153.45414260338092,58.94891699429216],[153.13988784263873,59.010123811919115],[152.96824172447467,58.99606665249529],[152.8283338875606,58.947738252837084],[152.50420669029498,58.76871832485857],[152.1912489266231,58.9259410726613],[151.69065383384967,58.75345953579607],[151.35448745201373,58.691119753081225],[151.13540175865435,58.73182638760271],[151.00748732994342,58.79334219570818],[151.05617812584185,58.923812471587084],[151.39268020103717,58.97937353726091],[151.78330520103717,59.03504904385271],[151.8572645516231,59.055812441069506],[151.52360061119342,59.34394415493669],[151.14020827720904,59.43957098599138],[150.6634168953731,59.4318004476613],[150.2786512703731,59.36224707241716],[150.12006667564654,59.3894534933156],[149.7295790047481,59.595328890044115],[149.38030532310748,59.60845526333513],[149.04528335045123,59.58715399380388],[148.72844985435748,59.476337038237475],[148.7472029061153,59.29743155117693],[148.63029006431842,59.19402655239763],[148.41608718345904,59.09739264126482],[148.10282424400592,59.20679815884294],[147.91918471763873,59.261474214751146],[147.35222915123248,59.23288687344255],[146.99962905357623,59.19095953579607],[146.70640090416217,59.22479590054216],[146.30735305259967,59.28595312710466],[146.0539656014278,59.25107153530779],[146.02347854088092,59.19599493618669],[145.95696547935748,58.98285635586443],[145.65258315513873,58.97540625210466],[145.51279738853717,59.03694876309099],[145.49566176841998,59.20875128384294],[145.4041395516231,59.32550390835466],[144.84569838951373,59.283195100981615],[144.38981154869342,59.309859834868334],[143.82409194420123,59.29501303311052],[143.30285170982623,59.2665286886281],[142.92681411216998,59.27957113857927],[142.84585097740435,59.27252539272966],[142.35776809166217,59.140956484038256],[142.72148001084966,59.23899962729002],[137.17796706332177,61.33433849362306],[127.80939535096982,61.80384030510338],[116.96157547350965,59.88266776324234],[115.20548227520561,57.386117039726635],[114.0159088408366,59.54672904426065],[107.9615110406255,59.8183896994711],[99.48535412032993,55.65854236961009],[99.53745541241915,55.2811223478262],[98.38454408182852,55.51880503133128],[93.70004066679506,56.48455609390737],[78.36223290626025,56.41019430623805],[65.31164209247186,55.04663307077481],[59.189973205591734,56.41019430623805],[59.09429166962169,56.4318399506882],[62.80579411405116,56.95520024672745],[75.85638492783956,61.42677903286463],[98.45947004862771,69.79094730127832],[105.40307092131953,72.748726095192]]]]}},{"type":"Feature","properties":{"name":"Karelians","subject":"Karelians","partOf":"Karelians","borderPrecision":1,"color":"#8aa0a8"},"geometry":{"type":"MultiPolygon","coordinates":[[[[32.50469510305382,61.10369722772446],[32.367066425,61.1664983],[32.061015675,61.2531171],[31.83156545,61.345486175],[31.67871575,61.443605525],[31.621319825,61.466981825],[31.659377675,61.415615075],[31.661105,61.394661875],[31.6265018,61.404122225],[31.5915486,61.4235049],[31.5562454,61.4528099],[31.546214625,61.477445975],[31.561456275,61.497413125],[31.528937825,61.5389463],[31.448659275,61.6020455],[31.37901505,61.6214813],[31.32000515,61.5972537],[31.259987225,61.6057416],[31.198961275,61.646945],[31.163884675,61.662696175],[31.154757425,61.652995125],[31.15774155,61.636011475],[31.17283705,61.611745225],[31.1625367,61.598926825],[31.1268405,61.597556275],[31.10597425,61.619680525],[31.09993795,61.665299575],[31.01378205,61.712378025],[30.84750655,61.760915875],[30.737198675,61.754910525],[30.682858425,61.694361975],[30.671829175,61.651660075],[30.704110925,61.626804825],[30.674480575,61.60772995],[30.582938125,61.59443545],[30.562708225,61.5777445],[30.613790875,61.5576571],[30.581713675,61.54590725],[30.466476625,61.54249495],[30.423590125,61.52509375],[30.453054175,61.49370365],[30.403510925,61.490072325],[30.274960375,61.514199775],[30.22028495,61.50006995],[30.227236874468524,61.48110136391141],[29.018890834539626,61.77074313018303],[21.225993499342607,62.4179537846397],[21.200139078600653,62.43518408413591],[21.03372863243366,62.47729834194841],[21.061806711657294,62.61173590298357],[21.19480613182331,62.76068457241716],[21.48128417442585,62.888812624174975],[21.545966181261786,62.974059663969896],[21.494656595690497,63.123031221587084],[21.666478189928778,63.1873050558156],[21.95132354210163,63.13101538296404],[22.075043711169013,63.1028209554738],[22.292357477648505,63.20269354458513],[22.42877486656452,63.39496573086443],[22.475831064684638,63.601615511137865],[22.569018396837958,63.723014436919115],[22.704222712023505,63.58064230557146],[22.82553008507038,63.58087881680193],[23.130561750232243,63.78342849447229],[27.231594534992126,63.35447998456054],[30.603998127121553,64.93804540067741],[34.293414148791086,65.39624365444841],[34.332015070421946,65.3455081808156],[34.425662073595774,65.10652502651872],[34.772864374621165,64.68222387905779],[34.814768824084055,64.45981939907732],[34.88461211632038,64.3667713033742],[35.081763300402415,64.28833349819841],[35.62327102134968,64.2535663473195],[35.81679017081891,64.22566772716998],[32.50469510305382,61.10369722772446]]]]}},{"type":"Feature","properties":{"name":"Arctic marine mammal hunters","subject":"Arctic marine mammal hunters","partOf":"Arctic marine mammal hunters","borderPrecision":1,"color":"#8b7fa6"},"geometry":{"type":"MultiPolygon","coordinates":[[[[-78.58926865150188,54.92203100796404],[-78.30785843421673,55.04375799771013],[-77.51691910316204,55.47071417446794],[-77.23383804847454,55.60653647061052],[-76.76447006751751,56.02744253750505],[-76.56940170814251,56.272121034819506],[-76.46291061927532,56.57139166470232],[-76.46228683413294,56.57751271564082],[-62.50972764527455,57.9717281924346],[-62.49481293250774,57.95677527065935],[-62.34917542030071,57.90222509976091],[-62.01471802283977,57.841212831694506],[-61.888112035290945,57.72504385586443],[-61.828446355359304,57.55411871548357],[-61.99918457557415,57.512775026518725],[-62.186017003552664,57.437240205962084],[-62.00141235877727,57.294147096831225],[-61.82238098670696,57.19208105679216],[-61.476098027722585,57.104064546782396],[-61.350628819958914,57.001998506743334],[-61.33525177528118,56.811263643462084],[-61.36063477088665,56.77717169399919],[-61.544598546521414,56.72915991421404],[-61.84880920936321,56.74220236416521],[-62.1840600638554,56.79603537197771],[-62.326432195203054,56.768512331206225],[-62.28564545203899,56.69371374722185],[-62.16278931190227,56.61230047817888],[-62.07783981849407,56.50366934414568],[-61.92769333411907,56.27295645352068],[-61.743023839490164,56.171493135649584],[-61.45779892493938,56.15847738857927],[-61.24986359168743,56.07745703335466],[-60.87275406409954,55.8545299398488],[-60.46834274818157,55.65896566982927],[-60.357628789441335,55.510375581938646],[-60.373307195203054,55.42248114224138],[-60.57453247596477,55.07102545376482],[-60.34573837806438,55.04450186367693],[-60.04724213172649,55.11924322720232],[-59.69376083900188,55.15365942593279],[-59.33820053626751,55.08015402432146],[-59.079754796521414,54.99299200649919],[-58.557171788708914,54.772323213774584],[-58.11545273353313,54.71277960415544],[-57.43287369300579,54.579913698393725],[-57.51535126258587,54.46576651211443],[-57.83856674720501,54.37130697842302],[-58.16992279578899,54.27685888882341],[-58.46811005164837,54.256217561919115],[-58.84362122108196,54.14833792324724],[-59.106163945691335,53.96711691494646],[-59.398724523083914,53.86623343105974],[-59.862973180310476,53.838580690581225],[-59.991532292859304,53.804923616606615],[-60.13723846961712,53.684318147856615],[-60.12421127845501,53.51734503384294],[-60.221656217027494,53.32492080384565],[-62.593886961730774,54.56997808041503],[-62.88947585561168,54.72511691082654],[-65.64317158321862,55.262874161982396],[-71.0333844968322,55.19604828321671],[-74.19720512004018,52.927225836668605],[-78.74176950876009,52.74413883037645],[-78.8420304923222,53.0342288839406],[-78.84399124671673,53.28100927944841],[-78.93640610267376,53.54791983242693],[-79.03455826331829,53.74155005093279],[-78.75791641761516,53.74876745815935],[-78.80141922523235,53.96274145718279],[-78.93461319495891,54.07629736538591],[-79.23003860999798,54.14938315029802],[-79.39867874671673,54.276351534087084],[-79.54511734534954,54.69186361904802],[-78.98181625892376,54.813800417143725],[-78.58926865150188,54.92203100796404]]],[[[-122.99113937904094,71.15299566860857],[-123.46767136146282,71.19864233608904],[-123.6304597525761,71.40821417446794],[-123.87772842933391,71.61818274136247],[-124.07214066077923,71.73496588345232],[-124.57726761390423,71.89828070278826],[-125.18922897865032,71.92847784634294],[-125.61702438880657,71.9903827535695],[-125.82783218909954,72.07625158901872],[-125.90372940589641,72.15463598843279],[-125.66236588050579,72.20223578091326],[-125.39703842689251,72.33649023647966],[-125.1806535391972,72.43140753384294],[-125.14468857337688,72.60512121792497],[-125.34129044105266,72.96895941372576],[-125.0927400260136,72.96944006558122],[-124.88213058997844,73.0492435323781],[-124.74393936683391,73.21648748989763],[-124.24723526527141,73.45660742397966],[-124.01027390052532,73.72098883267107],[-124.06482407142376,73.86521490688982],[-124.18706985999798,73.93727453823747],[-124.74035355140423,74.24206884976091],[-124.90926071693157,74.44366034146013],[-124.51832291175579,74.4443851339406],[-124.14805313636516,74.46935614224138],[-123.49339005042766,74.44630011196794],[-123.14841770273145,74.44057077628655],[-121.65451446815976,73.99457995121038],[-119.25235436535371,73.55256742458035],[-117.685761580263,73.21545873829851],[-118.10413071204876,73.11756476040544],[-118.58500381995891,72.97368963833513],[-119.30700394202923,72.6476322042531],[-119.76836868812298,72.39426764126482],[-120.0154924063847,72.35442694302263],[-120.45359512855266,72.2985111105031],[-120.42398544837688,71.88257940884294],[-120.54559799720501,71.65563543911638],[-120.8434953360722,71.53027685757341],[-121.39040085365032,71.47469671841326],[-121.93623062659954,71.50484045620622],[-122.17036911536907,71.28651007290544],[-122.57442184974407,71.14598425503435],[-122.99113937904094,71.15299566860857]]],[[[-41.10417267371868,64.0885501730031],[-40.89255234290813,64.03168066616716],[-40.691220250622976,63.931869112212084],[-40.51624771644329,63.782069765288256],[-40.51624771653382,63.78206976521294],[-40.691220250519535,63.931869111970705],[-40.89255234280469,64.03168066592579],[-41.10417267361524,64.08855017276173],[-41.484120335968754,64.2741886004961],[-41.4841203356568,64.27418860053452],[-41.10417267371868,64.0885501730031]]],[[[-41.223019567029226,63.30993231411638],[-41.22301956703556,63.30993231402599],[-41.37823959866407,63.52343710513477],[-41.37823959860122,63.523437105147416],[-41.223019567029226,63.30993231411638]]],[[[-41.789105382458914,62.84676321621599],[-41.78910538246961,62.84676321617914],[-41.90392395535352,63.05252417178516],[-41.90392395536651,63.05252417186445],[-41.789105382458914,62.84676321621599]]],[[[-42.91909882117962,62.461906038481615],[-42.420365300671804,62.28601416226091],[-42.27136322547649,62.19441946621599],[-42.27136322548921,62.194419466046014],[-42.42036530056836,62.286014162019534],[-42.919098821076176,62.46190603824024],[-43.22596832791211,62.68092306704883],[-43.22596832768264,62.680923067052596],[-42.91909882117962,62.461906038481615]]],[[[-42.817120519177664,61.02562292690935],[-42.81712051918131,61.02562292679738],[-43.03725906887891,61.29165991397266],[-43.03725906877628,61.291659913965],[-42.817120519177664,61.02562292690935]]],[[[-42.75409027625774,60.69687231655779],[-42.75409027627035,60.69687231648925],[-42.8244142202461,60.801612459138674],[-42.82441422024338,60.80161245922195],[-42.75409027625774,60.69687231655779]]],[[[-43.15411850501751,60.30526693936052],[-42.96204468299602,60.03407248135271],[-42.96204468301419,60.03407248128303],[-43.15411850491407,60.30526693911914],[-43.49708649197461,60.47896917910938],[-43.497086491664206,60.47896917914115],[-43.15411850501751,60.30526693936052]]],[[[-39.69494684817376,65.18696970170159],[-39.68630692054485,65.1705585348195],[-39.68630692055211,65.1705585347884],[-39.69494684819829,65.18696970170329],[-39.69494684817376,65.18696970170159]]],[[[-40.827748265759695,64.89353521938982],[-40.4836206107304,64.68540533657732],[-40.350705113904226,64.52752264614763],[-40.3507051139094,64.52752264603527],[-40.48362061062696,64.68540533633595],[-40.827748265656254,64.89353521914845],[-41.060334172638676,65.0374942645586],[-41.06033417230478,65.03749426452929],[-40.827748265759695,64.89353521938982]]],[[[-49.14827438880657,61.77232702847185],[-49.11644455483647,62.10383185010049],[-49.116444554718754,62.103831850007815],[-49.148274388695974,61.77232702830497],[-49.14827438880657,61.77232702847185]]],[[[-50.15892883826946,62.462428652007006],[-50.095936742322195,62.66799124355974],[-49.889325109021414,62.84574469204607],[-49.857483830998824,62.96654471015333],[-49.8574838308418,62.96654471011524],[-49.88932510891797,62.84574469180469],[-50.095936742218754,62.66799124331836],[-50.158928838152896,62.462428651808466],[-50.15892883826946,62.462428652007006]]],[[[-50.59093567420696,63.14998587246599],[-50.616742101189125,63.4348064288882],[-50.61674210110547,63.43480642886524],[-50.590935674119066,63.14998587239622],[-50.59093567420696,63.14998587246599]]],[[[-51.365765538708914,63.726012788969896],[-51.35501572181438,63.81178244229021],[-51.26595017005657,63.92637213345232],[-50.98794647742962,64.09154089565935],[-50.439015355603445,64.2430911886281],[-50.2569245963261,64.37973364468279],[-50.04263397742962,64.4375720846242],[-50.01991364053109,64.61005743606879],[-50.01991364041211,64.61005743594532],[-50.042633977326176,64.43757208438282],[-50.25692459622266,64.37973364444142],[-50.439015355500004,64.24309118838673],[-50.987946477326176,64.09154089541798],[-51.26595016995313,63.92637213321094],[-51.35501572171094,63.81178244204883],[-51.36576553858967,63.7260127888546],[-51.365765538708914,63.726012788969896]]],[[[-51.95738312293743,64.37656744595232],[-51.940175023572195,64.65683325405779],[-51.99165436316861,65.00974615686789],[-51.99165436306836,65.00974615664845],[-51.940175023468754,64.65683325381642],[-51.95738312282562,64.37656744584733],[-51.95738312293743,64.37656744595232]]],[[[-52.084332433240164,65.21262701626482],[-52.0777330069747,65.37242468462348],[-52.07773300686719,65.37242468448048],[-52.084332433136154,65.21262701603713],[-52.084332433240164,65.21262701626482]]],[[[-53.10253998328899,65.87324865933122],[-53.10843369056438,66.03403814907732],[-52.72966095496868,66.27637823696794],[-52.61050125724438,66.26797827364275],[-52.61050125637891,66.26797827334767],[-52.72966095486524,66.27637823672657],[-53.10843369046094,66.03403814883595],[-53.10253998319148,65.87324865925153],[-53.10253998328899,65.87324865933122]]],[[[-53.34805389930462,66.32427557583513],[-53.39427277137493,66.45181616421404],[-53.22169968177532,66.53085669155779],[-52.916851964490164,66.54446753140154],[-52.65323730994915,66.56776770229997],[-52.448048558728445,66.60731085415544],[-52.303170171389,66.90946539493805],[-52.30317017117383,66.9094653949297],[-52.448048558625004,66.60731085391407],[-52.65323730984571,66.5677677020586],[-52.91685196438672,66.54446753116017],[-53.22169968167188,66.53085669131642],[-53.39427277127149,66.45181616397267],[-53.348053899288985,66.32427557583605],[-53.34805389930462,66.32427557583513]]],[[[-53.4495629935429,67.08444555874529],[-53.34943100501751,67.2102542745656],[-53.25116440345501,67.2139392721242],[-53.170311894910085,67.28580816860857],[-52.97809692939004,67.31033667198822],[-52.97809692898633,67.31033667178517],[-53.170311894806645,67.2858081683672],[-53.25116440335157,67.21393927188282],[-53.34943100491407,67.21025427432423],[-53.44956299341718,67.08444555853191],[-53.4495629935429,67.08444555874529]]],[[[-53.494122472302664,67.47349890347185],[-53.46844574500774,67.55819281216326],[-53.43576141883587,67.61761816616716],[-53.31903549720501,67.6178470480031],[-53.18010803748821,67.6626468526906],[-52.80789658118938,67.77477606411638],[-52.25998398353313,67.73864325161638],[-51.87598511268352,67.66508062954607],[-51.52680298377727,67.65088232632341],[-51.3565339713261,67.59181555386247],[-50.93936249305462,67.52581366177263],[-50.53911897259659,67.48805571153352],[-50.53911897190013,67.4880557112362],[-50.939362492951176,67.52581366153126],[-51.35653397122266,67.5918155536211],[-51.52680298367383,67.65088232608204],[-51.87598511258008,67.6650806293047],[-52.25998398342969,67.73864325137501],[-52.80789658108594,67.77477606387501],[-53.18010803738477,67.66264685244923],[-53.31903549710157,67.61784704776173],[-53.435761418732426,67.61761816592579],[-53.4684457449043,67.55819281192188],[-53.494122472170865,67.473498903324],[-53.494122472302664,67.47349890347185]]],[[[-47.82239243079876,60.778190218169115],[-47.8693551687786,60.93902548408627],[-47.869355168732426,60.93902548404102],[-47.82239243075323,60.77819021812609],[-47.82239243079876,60.778190218169115]]],[[[-160.94391342689252,64.52476843472185],[-160.7896623282597,64.64031561489763],[-160.90219589759565,64.81319006558122],[-161.12569138099408,64.9282947408742],[-161.29062363197065,64.96410711880388],[-162.13664719154096,64.78921850796404],[-162.5615129141972,64.60096319790544],[-162.80194565345502,64.47088202114763],[-163.02521225501752,64.44165381069841],[-163.88339706947065,64.59127386685076],[-164.26511093665815,64.60499914761247],[-164.59991928626752,64.61876257534685],[-165.17119308997846,64.54565008755388],[-165.74068161536908,64.5589862691945],[-166.34773727943158,64.63710363979997],[-166.58603378822065,64.73040350552263],[-166.66852280189252,65.0846210348195],[-166.6037950186894,65.15014990444841],[-166.31743332435346,65.16522558804216],[-165.86377426673627,65.16608008022966],[-165.66328903724408,65.2464862691945],[-166.1386613516972,65.35480078335466],[-166.9990586905644,65.49169500942888],[-167.60156723548627,65.6000018941945],[-168.1797990470097,65.69388922329607],[-168.0813340811894,65.74522741909685],[-167.73000046302533,65.8629642355031],[-167.02422043372846,65.95946844692888],[-166.42819687415815,66.10719641323747],[-165.99724289466596,66.2034183370656],[-165.52136704017377,66.36595495815935],[-165.09273239661908,66.46976050015154],[-164.46313950111127,66.59615667935076],[-163.78244492103315,66.53848608608904],[-163.85339829017377,66.30294378872576],[-163.84308334876752,66.17811163540544],[-163.37004562904096,66.10560186978044],[-162.75850388099408,66.06275519009294],[-162.27507492591596,66.07097967739763],[-161.97949692298627,66.1155506002492],[-161.6268205313847,66.22629126187029],[-161.37917038490033,66.35901220913591],[-161.26143356849408,66.39603003140154],[-160.9229631095097,66.36724432583513],[-160.58469101478315,66.316432558257],[-160.1252336173222,66.33931311245622],[-160.03540512611127,66.48662909146013],[-160.03227707435346,66.56761511440935],[-160.34265610267377,66.59653051968279],[-161.2183732657597,66.72757300015154],[-161.79561325599408,66.74863012905779],[-161.93573471595502,67.08837469692888],[-162.5987443595097,67.16118963833513],[-163.03088852454877,67.17517431851091],[-163.73874374915815,67.21832617397966],[-163.82597824622846,67.44821508999529],[-164.04396530677533,67.5890384542531],[-164.51266953040815,67.796657167632],[-164.74297043372846,67.86329229946794],[-165.93999191810346,68.1598163473195],[-166.84352585365033,68.40520819302263],[-166.70106979896283,68.480495058257],[-166.33539291908002,68.66138037319841],[-166.29680344154096,68.87961920376482],[-165.33554550697065,68.90401800747576],[-164.89020248939252,68.93497046108904],[-164.06718918372846,69.06467779751482],[-163.71423813392377,69.22388800259294],[-163.5107316641972,69.50418432827654],[-163.15620895911908,69.7627673971242],[-162.87912460853315,69.99906500454607],[-162.51103683997846,70.18374975796404],[-162.1772355704472,70.28422125454607],[-161.69739243079877,70.33124121304216],[-161.18759628822065,70.4398914205617],[-160.71655746986127,70.45616491909685],[-159.90466782142377,70.42692144985857],[-159.83911606361127,70.51173742886247],[-159.9095811515019,70.60412939663591],[-160.24831100990033,70.76563604946794],[-160.24033066322065,70.85846289272966],[-159.36935898353315,70.89876135464372],[-158.85516830970502,70.88426550503435],[-158.4168595938847,70.90831335659685],[-157.81194016029096,70.97140081997576],[-157.31787582923627,71.1584964620656],[-156.90474411536908,71.34585913296404],[-156.47401901771283,71.3544422018117],[-156.34712692786908,71.33133276577654],[-156.04321762611127,71.22303351040544],[-155.97292038490033,71.14548071499529],[-156.14545151283002,71.08307226772966],[-156.1379747061894,70.92808111782732],[-155.66579147865033,70.86703070278826],[-155.47481247474408,70.85190161343279],[-155.23369308997846,70.98398169155779],[-155.09985825111127,71.07726629849138],[-154.4612931876347,70.99315985317888],[-153.77106186439252,70.97122534390154],[-153.29306503822065,70.9489017355031],[-152.97116562415815,70.9340091573781],[-152.65120407630658,70.8185306417531],[-152.48952194740033,70.69520147915544],[-152.1371202140019,70.53390081997576],[-151.91501328040815,70.4957767355031],[-151.72560593177533,70.53467138882341],[-151.1442002921269,70.48183020229997],[-150.63855454017377,70.47509344692888],[-149.9385118155644,70.49947699185076],[-149.28632065345502,70.5392337667531],[-148.74062058021283,70.4940448629445],[-148.12077805091596,70.37976416226091],[-147.7235459952519,70.32667120571794],[-146.18263718177533,70.26810034390154],[-145.60702988197065,70.19242437954607],[-145.27254196693158,70.1163822042531],[-144.3603410391972,70.13342627163591],[-143.30757614661908,70.19675024624529],[-142.8024797110722,70.09034308071794],[-141.7039689688847,69.73443945522966],[-141.16135117103315,69.59894140835466],[-141.05925461341596,69.59546240444841],[-140.73939987708783,69.58456762905779],[-140.33456894447065,69.6232410299367],[-139.90065475990033,69.57098730679216],[-138.99545761634565,69.36829718228044],[-138.27507492591596,69.13548620815935],[-137.72852036048627,69.01584204312029],[-137.2608537345097,68.96400030728044],[-136.93156906654096,68.94952734585466],[-136.20306870033002,68.87561377163591],[-135.80328842689252,68.77105291958513],[-135.61018845130658,68.70377691860857],[-135.49577805091596,68.71902807827654],[-135.69887253333783,68.98949774380388],[-135.85951706458783,69.07965429897966],[-136.01494308997846,69.14723547573747],[-136.04396530677533,69.3359866964406],[-135.4391984610722,69.52628668423357],[-135.10397812415815,69.49662359829607],[-134.84383102943158,69.5273929464406],[-134.77597519447065,69.57298620815935],[-133.99483200599408,69.5062518941945],[-133.64763351966596,69.50691565151872],[-133.14131638099408,69.67456396694841],[-133.00215622474408,69.75827368374529],[-132.8031358390019,69.75862463589372],[-132.50795456458783,69.85788305874529],[-132.16646286536908,69.88893469448747],[-131.77655502845502,69.9276386129445],[-131.44623276283002,69.96627386685076],[-131.2355088858769,70.07374914761247],[-131.05905624915815,70.15834387417497],[-130.71191879798627,70.2050052511281],[-130.24182602454877,70.20590551968279],[-129.8494767813847,70.15069159146013],[-130.0497941641972,69.96887549038591],[-130.20801254798627,69.91536291714372],[-130.70325180579877,69.85365637417497],[-131.1946153311894,69.68578680630388],[-131.7543840079472,69.60890539761247],[-132.3032121329472,69.48670538540544],[-132.61789413978315,69.25174292202654],[-133.41318222572065,69.13702734585466],[-133.71957871009565,68.9178729879445],[-133.33893295814252,68.79822119351091],[-132.69037338783002,68.46158941860857],[-132.7889756827519,68.7090564596242],[-132.71330734779096,68.8670917379445],[-132.1749620108769,68.98101385708513],[-131.9994249015019,69.08687933560076],[-131.67297836829877,69.27615698452654],[-130.89580246497846,69.30025824185076],[-130.46362778236127,69.4674335348195],[-129.94267746497846,69.64258917446794],[-129.01314255286908,69.72018011685076],[-128.72375961829877,69.87253912563982],[-128.30908676673627,69.99500616665544],[-127.93980118324016,70.07992132778826],[-127.72553726722454,70.18759497280779],[-127.80552383949016,70.31023748989763],[-128.121151891248,70.48648413296404],[-128.41585251380658,70.686305605132],[-128.01105972816205,70.6407962667531],[-127.66734024574016,70.51815374966326],[-127.35170456458782,70.38026007290544],[-127.16631790687298,70.23468359585466],[-126.99711319495891,70.0204349386281],[-126.79519363929485,69.78502234097185],[-126.61845871497844,69.6791492330617],[-126.0578508048222,69.4605213033742],[-125.97399612952923,69.43039282437029],[-125.45461746741985,69.33309515591326],[-125.27735611488079,69.34096106167497],[-125.1877107291386,69.40919836636247],[-125.41768356849407,69.69653662319841],[-125.38623520423626,69.81800421353044],[-125.13956924964641,69.83365210171404],[-124.98927780677532,69.8947025167531],[-124.70693680335735,69.94081457729997],[-124.5343904166386,69.7816425191945],[-124.50809952308391,69.59213598843279],[-124.60000320960735,69.46324499722185],[-124.22530075599407,69.40343054409685],[-123.80283829261516,69.43445929165544],[-123.29193588783001,69.63985022183122],[-123.05067917396282,69.86033209438982],[-122.83527847816204,69.89112433071794],[-122.32606216956829,69.88448675747576],[-121.63505264808391,69.76427801724138],[-120.84985825111126,69.56864508267107],[-120.22155472327923,69.41844519253435],[-119.97896171213529,69.37805753048482],[-120.4025902968914,67.94746792457464],[-110.86015901801942,65.94354545380173],[-97.36110989181023,65.12429440026054],[-87.82447739136254,64.34703526339813],[-87.43523117591594,64.568873964507],[-87.9917878775761,64.25168188687029],[-88.3770646720097,64.0573230611867],[-88.7044572501347,63.985065065581225],[-89.07741257240032,63.96287115688982],[-89.49484726478313,64.01940497036638],[-89.97269150306438,64.19054754849138],[-89.99451157142376,64.03280218716326],[-90.00580307533001,63.9038577901906],[-89.86152359534954,63.6466556417531],[-89.87039658118938,63.57521780605974],[-90.20366379310344,63.56135138149919],[-90.22967239906048,63.56026419277849],[-90.8438615470097,63.609088503081225],[-91.5861711173222,63.793544374663256],[-91.98384567786907,63.82856329556169],[-93.31687637855266,63.97362097378435],[-92.3510408072636,63.58483465786638],[-91.64173599769329,63.51474722500505],[-91.02674576331829,63.39461477871599],[-90.77393814613079,63.302386842924975],[-90.62544724036907,63.181544862944506],[-90.6305818228886,63.09612616177263],[-90.9196443228886,62.94618948574724],[-91.41749283363079,62.852889620024584],[-92.06037613441204,62.88721426602068],[-92.29017349769329,62.9152103292531],[-92.45530411292766,62.7941051351613],[-91.8908586173222,62.6035533773488],[-92.10219284583782,62.411822878081225],[-92.5791902213261,62.269340120512865],[-93.23328873206829,61.971297823149584],[-93.42261978675579,61.858031831938646],[-93.3245744376347,61.54114111538591],[-93.46560379554485,61.435348116118334],[-93.87430283118938,61.343192659575365],[-94.01383682777141,61.21648748989763],[-94.25195023109173,60.92843588467302],[-94.37603470374798,60.79513510342302],[-94.48430344154094,60.49420889492693],[-94.60756393958782,60.24970587368669],[-94.75318619300579,59.94999273892107],[-94.72808548499798,59.762904726225756],[-94.80027481605266,59.513549410063646],[-94.74500748206829,59.119803987700365],[-94.68383499671673,58.87849386807146],[-94.41486069251751,58.71365316982927],[-94.30231186439251,58.70698507900896],[-94.18649765540813,58.66588934536638],[-93.88757034827923,58.65957983608904],[-93.36378952552532,58.701869569975756],[-93.23948380042766,58.68147238369646],[-93.07417770911907,58.55101355190935],[-92.88842484046673,58.207694612700365],[-92.52271744300579,57.687274538237475],[-92.42361923743938,57.386466585356615],[-92.48305222083782,56.97671469326677],[-92.40409578747519,56.97508393725052],[-92.71141469288669,56.83125797836517],[-93.82461083808953,56.86329884105465],[-102.14428729171048,57.21394132630312],[-111.28421353653351,58.55314202309659],[-114.56521270134176,60.59956315497872],[-118.19565657401094,62.711419272008236],[-118.19774749095093,62.712635573894396],[-124.93551363296793,64.83463268032534],[-132.43494029538678,62.496969371290604],[-139.52424206220468,62.41569007667785],[-140.05179264318338,62.49514157669758],[-144.68009789261768,63.19218524961806],[-150.1289000770314,63.324002732781025],[-160.9394989447178,63.98492305338062],[-161.00630661536908,64.15789373989763],[-161.37294479896283,64.46636541958513],[-161.3609971671269,64.50956305142107],[-160.94391342689252,64.52476843472185]]],[[[-89.7355851798222,68.53431280728044],[-90,68.36909826870622],[-90,68.37464344694608],[-89.7355851798222,68.53431280728044]]],[[[-69.04484268714641,76.29375799771013],[-68.35297104408001,76.54862555142107],[-68.1443986563847,76.59984930630388],[-68.18594070950977,76.70160254092814],[-68.18594070950391,76.70160254092579],[-68.14439865628125,76.59984930606251],[-68.35297104397657,76.5486255511797],[-69.04484268664832,76.29375799761414],[-69.04484268714641,76.29375799771013]]],[[[-71.44827744056438,77.12186010952654],[-71.18388077308391,77.25953253384294],[-70.61842056800579,77.27779730435076],[-69.25207230140423,77.21171148892107],[-68.34064194251751,77.19630774136247],[-67.73630234290813,77.18888434048357],[-66.7837800650761,77.2593265401906],[-66.30934616615032,77.35474737759294],[-66.17778488685344,77.39800604458513],[-66.15340897135454,77.55317267038065],[-66.15340897122266,77.55317267032032],[-66.17778488675,77.39800604434376],[-66.30934616604688,77.35474737735157],[-66.78378006497266,77.25932653994923],[-67.73630234280469,77.1888843402422],[-68.34064194241407,77.1963077411211],[-69.25207230130079,77.2117114886797],[-70.61842056790235,77.27779730410938],[-71.18388077298047,77.25953253360157],[-71.44827744017556,77.12186010943377],[-71.44827744056438,77.12186010952654]]],[[[-72.5253801016972,78.16613348599138],[-72.5452775626347,78.3235355245656],[-72.38322922279094,78.52572973843279],[-72.0187654166386,78.57922705288591],[-71.46276566077923,78.62432440396013],[-70.78020187904094,78.68733557339372],[-69.84684464027141,78.75975378628435],[-69.26627060462688,78.7961917745656],[-68.83852860023235,78.97410925503435],[-68.34851547767376,79.0904804098195],[-67.96912857581829,79.12678869839372],[-66.85430618812298,79.12891729946794],[-66.35871597816204,79.1743656026906],[-65.48489090491985,79.15823706265154],[-65.30409714271282,79.22092016812029],[-65.16448685218548,79.3103748189992],[-64.89053818275188,79.3823734151906],[-64.79951187659954,79.67840155239763],[-64.67545792152141,79.90390356655779],[-64.62318131038467,79.949214540513],[-64.62318131008985,79.94921454043751],[-64.67545792141797,79.90390356631642],[-64.7995118764961,79.67840155215626],[-64.89053818264844,79.38237341494923],[-65.16448685208204,79.31037481875782],[-65.30409714260938,79.22092016787892],[-65.48489090481641,79.15823706241017],[-66.3587159780586,79.17436560244923],[-66.85430618801954,79.12891729922657],[-67.96912857571485,79.12678869815235],[-68.34851547757032,79.09048040957813],[-68.83852860012891,78.97410925479298],[-69.26627060452344,78.79619177432423],[-69.84684464016797,78.75975378604298],[-70.7802018789375,78.68733557315235],[-71.46276566067579,78.62432440371876],[-72.01876541653516,78.57922705264454],[-72.3832292226875,78.52572973819142],[-72.54527756253125,78.32353552432423],[-72.52538010162098,78.16613348596546],[-72.5253801016972,78.16613348599138]]],[[[-67.41029068519329,80.2107425558156],[-67.14280411292766,80.56214483853044],[-66.52167984534954,80.71127661343279],[-65.24133774329876,80.87276800747576],[-64.60832687904094,80.9739490377492],[-63.72541138221477,81.08617743130388],[-62.81141255638844,81.15595684596342],[-62.81141255643579,81.15595684571052],[-63.72541138211133,81.08617743106251],[-64.6083268789375,80.97394903750782],[-65.24133774319532,80.87276800723438],[-66.5216798452461,80.71127661319142],[-67.14280411282422,80.56214483828907],[-67.41029068496067,80.21074255574393],[-67.41029068519329,80.2107425558156]]],[[[-90,74.62996252651872],[-89.69807907630657,74.61462744351091],[-90.15305801917766,74.62996252651872],[-90.20365616370891,74.64215429897966],[-90.52029892493938,74.71844061489763],[-91.05400558997844,74.97726782437029],[-90,74.71844061489763],[-90,74.64215429897966],[-90,74.62996252651872]]],[[[-90.05632831416011,75.95130924483698],[-90.41722050141492,75.95886416115277],[-90.20364853431438,75.96699865933122],[-90.18295761634563,75.96777685757341],[-90.05632831416011,75.95130924483698]]],[[[-53.61670013953899,70.15783270474138],[-53.037491765515554,70.03655584927263],[-52.701188054578054,69.91539343472185],[-52.433556523816335,69.870387636382],[-52.08398529578899,69.772487245757],[-51.81285187293743,69.62156256313982],[-51.81285187303099,69.62156256300811],[-52.08398529568555,69.77248724551563],[-52.433556523712895,69.87038763614063],[-52.70118805447461,69.91539343448048],[-53.03749176541211,70.03655584903126],[-53.61670013943555,70.15783270450001],[-54.13745972195508,70.18746527285938],[-54.42833801785352,70.24819525332813],[-54.59369751492383,70.24023779483204],[-54.72269150296094,70.08692511172657],[-54.68687531034951,69.70702704060214],[-54.68687531043743,69.70702704067888],[-54.72269150306438,70.08692511196794],[-54.59369751502727,70.24023779507341],[-54.42833801795696,70.2481952535695],[-54.13745972205852,70.18746527310076],[-53.61670013953899,70.15783270474138]]],[[[-57.2630395560429,54.02418097134294],[-57.105824437634695,53.870631777007006],[-57.285199132458914,53.66976126309099],[-57.268944707410085,53.616324983794115],[-57.13083359290813,53.48302801724138],[-56.85379883338665,53.58374365444841],[-56.64929291297649,53.65759619351091],[-56.35446259071087,53.57132300015154],[-56.12695583342671,53.46584387832734],[-58.78822689960135,52.57259027862411],[-60.1714630701033,53.29857710058178],[-59.71703430701946,53.4313121664113],[-59.47287079383587,53.471854768950365],[-59.18075653602337,53.51914175625505],[-58.64011093665813,53.867675386626146],[-58.07691666175579,54.08285864468279],[-57.56114288856243,54.13071020718279],[-57.2630395560429,54.02418097134294]]],[[[123.5007008987776,73.50494943844788],[124.22215560386921,73.69691046353044],[124.45666793297077,73.70529516812029],[124.8176603646114,73.658229433257],[125.3346281380489,73.5240741598195],[125.71732619713093,73.39780005093279],[126.48701766441609,73.38340338345232],[127.0968351692989,73.41625555630388],[127.71956160972859,73.4015384542531],[128.3147840828731,73.20751532192888],[128.49888137291217,73.12594183560076],[128.52492812584185,72.9523425924367],[128.29104140709185,72.91247900601091],[128.17055800865435,72.89652594204607],[127.31350234459187,72.71388586636247],[126.2164411873653,72.38231238003435],[126.11130050133015,72.28037603970232],[126.22529891441609,72.24934729214372],[126.69000533531452,72.21892889614763],[127.12090590904499,72.21193274136247],[127.41754439781452,72.14218481655779],[127.71409896324421,72.01011236782732],[128.1701307625606,71.83187445278826],[128.43249038170123,71.75462683315935],[128.7835340828731,71.53804358120622],[129.35520461509967,71.1756854879445],[130.1717176766231,70.81534918423357],[130.77927688072467,70.67834051724138],[131.05480483482623,70.68650396938982],[131.4126844734981,70.86376532192888],[131.79166701744342,71.18792303677263],[132.28361037681842,71.66087683315935],[132.55375197838092,71.80897101040544],[132.68426040123248,71.80141028042497],[132.7906141609981,71.59201391812029],[133.13840774009967,71.45321234341326],[133.7439070076778,71.32284887905779],[134.24135878990435,71.26194342251482],[134.62290481041217,71.30131109829607],[135.51061538170123,71.51182135220232],[135.86063674400592,71.54344519253435],[136.22661879966998,71.51315649624529],[136.7650251717403,71.40578039761247],[137.62967971275592,71.07541998501482],[137.77126601646685,71.0988269674367],[137.8549452156856,71.12980230923357],[138.07578566978717,71.24595221157732],[138.17544082115435,71.3620105611867],[138.11381057213092,71.38510473843279],[138.1193952889278,71.47020300503435],[138.44611648033404,71.61027105923357],[138.67487624595904,71.61844977017107],[138.89985183189654,71.50264319058122],[139.15876296470904,71.41796454067888],[139.7444715828731,71.40359839077654],[139.8256941170528,71.62836035366716],[139.73856643150592,71.83789404507341],[139.80597976158404,72.00147589321794],[139.84789565513873,72.23560675259294],[139.33877089927935,72.1643558370656],[139.04995253990435,72.16382177944841],[138.96934035728717,72.2105213033742],[139.16831496666217,72.34379156704607],[139.31179336021685,72.38319738979997],[139.75561049888873,72.42317541714372],[140.21502211998248,72.43185003872576],[140.5890760750606,72.49523504849138],[141.29397109459185,72.78707464810076],[141.40839675377154,72.78729590054216],[142.20023635338092,72.67872198696794],[142.90252211998248,72.617213808257],[143.81882766197467,72.53262671108904],[144.26743606041217,72.50207861538591],[144.56183913658404,72.45562323208513],[145.59995559166217,72.42622717495622],[144.82036879966998,72.14334448452654],[145.2095594734981,72.1206775533742],[145.66462233970904,72.16052588101091],[145.81499770591998,72.09839972134294],[145.6781874031856,71.92672308560076],[145.26140883873248,71.8403812276906],[144.88077834556842,71.72314795132341],[144.80126479576373,71.5911136495656],[145.10038283775592,71.57618292446794],[145.33378127525592,71.63085516567888],[145.74624160240435,71.69371374722185],[146.18606093834185,71.84209784146013],[146.9151258797481,72.20190008755388],[148.15946486900592,72.19639929409685],[148.6979627938106,72.1661868917531],[149.10447219322467,72.08892401333513],[149.53032973716998,72.02736242886247],[149.62253859947467,71.94185980435076],[149.72198012779498,71.89520605679216],[148.71085647056842,71.62939795132341],[148.9621687264278,71.56785925503435],[149.7154188484981,71.4376483785695],[150.69370559166217,71.34668310757341],[151.1194715828731,71.25476416226091],[151.47996047447467,71.08581122036638],[151.64484694908404,70.89377936001482],[151.89907363365435,70.73301275845232],[152.13401320884967,70.66443213101091],[152.79058364341998,70.68098791714372],[153.4044294686153,70.72815283413591],[153.91649917076373,70.79046972866716],[155.04923537681842,70.9385486471242],[156.0431776375606,70.98655279751482],[157.39641860435748,70.927516542632],[158.07795241783404,70.86731299038591],[158.40867141197467,70.81418951626482],[158.93413833091998,70.62346991177263],[159.2292127938106,70.54745062466326],[159.46557143638873,70.39498480435076],[159.62790969322467,70.21980627651872],[159.57267287681842,69.99896582241716],[159.4438124031856,69.76456030483904],[159.67295363853717,69.6519275533742],[160.0166120858028,69.62243231411638],[160.39239028404498,69.61560400601091],[160.6816053719356,69.57847937222185],[160.6740370125606,69.27026709194841],[160.86234572838092,69.08311804409685],[161.17081740806842,69.15864904995622],[161.4161024422481,69.35423620815935],[161.96099379966998,69.52816351528826],[162.1177625984981,69.55855902310076],[162.27485183189654,69.5362811910695],[163.03823378990435,69.54520758267107],[163.72240737388873,69.6744876730031],[164.05369094322467,69.66003759976091],[164.31817153404498,69.46485479946794],[164.63646987388873,69.41282232876482],[165.33014968345904,69.40657385464372],[166.30924514244342,69.37832983608904],[166.70035842369342,69.43165930386247],[167.3200788826778,69.65857275601091],[167.50323012779498,69.56856115933122],[167.92161086509967,69.32873877163591],[168.09997085045123,69.23150213833513],[168.5924177498653,69.11246069546404],[168.98606399009967,68.96339758511247],[169.11321547935748,68.784205995757],[169.38860610435748,68.71748694058122],[170.08889296959185,68.77854498501482],[170.83280471275592,68.9219470846242],[170.9048719734981,69.03432043667497],[170.79320815513873,69.18400152798357],[170.43130019615435,69.55891760464372],[170.05626967857623,69.61091955776872],[170.2362928719356,69.76195105190935],[170.45170119713092,70.0192142355031],[171.30224135826373,69.97523077603044],[171.84838393638873,69.93847998257341],[172.35924819420123,69.9092288839406],[172.9081678719356,69.8347659933156],[173.00828078697467,69.69170721646013],[173.63665297935748,69.76070746060076],[174.57445815513873,69.7850604879445],[175.6109724373653,69.77942999478044],[176.19217971275592,69.71265753384294],[176.54601577232623,69.62294348354997],[177.07915786216998,69.53360327358904],[177.70499709556842,69.48964270229997],[178.04284194420123,69.40761145229997],[178.62885573814654,69.25851782437029],[178.96496108482623,69.22913702603044],[179.28148940513873,69.14725836392107],[180,68.91989477749529],[180,67.96313055630388],[180,66.96313055630388],[180,65.96313055630388],[180,65.38163336392107],[180,65.31103094692888],[180,65.05193670864763],[180,64.95347937222185],[179.30910781334185,64.78647192593279],[179.01597121666217,64.77292975063982],[178.72602370689654,64.60632666226091],[178.4738417000606,64.57721289272966],[178.00438979576373,64.54774054165544],[177.8441267342403,64.58320959683122],[177.42666152427935,64.6067386495656],[177.37353042076373,64.76135595913591],[177.25146010826373,64.8561054098195],[177.0262556404903,64.84421881313982],[177.1346540779903,64.9274402486867],[176.71245864341998,64.78165777798357],[176.33170607994342,64.77292975063982],[176.18017104576373,64.8679920064992],[175.9650526375606,64.90365942593279],[176.15595534752154,64.6779285299367],[175.89977553795123,64.54742773647966],[176.04404738853717,64.50115545864763],[176.4677839608028,64.4089847433156],[176.75323012779498,64.57114752407732],[176.93052199791217,64.5528827535695],[177.08159926841998,64.51739843960466],[177.08158400963092,64.30297430630388],[177.19323256920123,64.2103534566945],[177.53472426841998,64.08968695278826],[178.01113418052935,64.19211157437029],[177.81341079185748,64.0474353658742],[178.14725783775592,64.15663488979997],[178.17650893638873,64.0053211080617],[178.28776076744342,63.91291388149919],[178.37162307213092,63.749381624419115],[178.40261367271685,63.66409262295427],[178.07767775963092,63.42905005093279],[178.3443708748653,63.45795782681169],[178.50112441490435,63.380187593657396],[178.7139540047481,63.153731905180834],[178.93949416588092,63.08333548184099],[179.0042829842403,62.970199190337084],[178.93163588951373,62.765067659575365],[179.28769973228717,62.81507834072771],[179.2317762703731,62.63853796597185],[179.24216750572467,62.52569922085466],[179.04876235435748,62.3913951742238],[178.73766616295123,62.29927023525896],[178.4518690438106,62.31985434170427],[178.25026992271685,62.382873140532396],[177.69097426841998,62.45226629849138],[177.29084304283404,62.48678549404802],[177.13486770103717,62.5499645101613],[177.19034865806842,62.67001303311052],[176.9683485359981,62.69078405972185],[176.83198073814654,62.676410280424975],[176.58050063560748,62.42905005093279],[176.54911330650592,62.3796878683156],[175.17263320396685,61.96908529873552],[174.6526747078731,61.89086493130388],[174.54230788658404,61.89065512295427],[174.3487196297481,61.79903372402849],[174.25043776939654,61.71468313809099],[173.9267683358028,61.61596258755388],[173.48090651939654,61.601100527007006],[173.34258559654498,61.55182226772966],[173.12633803795123,61.36941488857927],[172.91828444908404,61.278129183012865],[172.4924421639278,61.263324342924975],[172.1081648201778,60.98328360195818],[172.0000868172481,60.85757406826677],[171.24840835045123,60.65417822476091],[171.07238295982623,60.45214422817888],[170.51969436119342,60.33994253750505],[170.34409823134902,60.27960975244485],[169.48091979943723,61.192640399715565],[172.4408476128738,63.07842210456581],[171.76813674618367,65.85917681241212],[168.13549806605704,67.45778023799447],[155.89216029229675,68.16901029658281],[130.86731605142418,69.90104204211539],[124.54383390453704,71.58610355723228],[123.5007008987776,73.50494943844788]]],[[[-170.6126603751347,66.03776129360857],[-170.97617050697065,65.67843969937029],[-171.6685685782597,65.88923987026872],[-171.6064805655644,65.80885656948747],[-171.40962692786908,65.70685156460466],[-171.2003068595097,65.56117590542497],[-171.73003098060346,65.61127050991716],[-172.1836290030644,65.58850439663591],[-172.72432419349408,65.76287420864763],[-173.04314133216596,65.80616339321794],[-172.98259445716596,65.74776037808122],[-172.85268112708783,65.63107641812029],[-172.8146867423222,65.63114508267107],[-172.56233688880658,65.51480444546404],[-172.47015854408002,65.37645300503435],[-172.41122910072065,65.17272528286638],[-172.4365586905644,65.020045839507],[-172.8027238516972,64.99756201382341],[-173.16508957435346,64.96792944546404],[-173.2504014640019,64.89551123257341],[-173.02515121986127,64.50645788784685],[-173.0770158438847,64.3839832174367],[-173.54488083411908,64.4190936910695],[-173.72377487708783,64.38278540249529],[-174.26068588783002,64.46094092007341],[-174.37944504310346,64.6192127096242],[-175.18715378333783,64.84854467983904],[-175.30087753822065,64.72565039272966],[-175.8273820548222,64.93402441616716],[-175.95168015052533,65.0061756002492],[-176.07092758704877,65.18765600796404],[-175.99268051673627,65.2678714620656],[-176.13722702552533,65.45704229946794],[-176.52850815345502,65.60957678433122],[-176.7827500968144,65.63828619595232],[-177.12561508704877,65.62305029507341],[-177.51186081458783,65.52012213345232],[-178.11627670814252,65.4824939596242],[-178.65353867103315,65.5398670064992],[-178.6272325186894,65.68596991177263],[-178.69694992591596,65.83212622280779],[-178.9750871329472,66.05139502163591],[-179.3785752921269,65.99599035854997],[-179.58118149329877,65.81180151577654],[-180,65.2592273580617],[-180,65.31103094692888],[-180,65.381618105132],[-180,65.96313055630388],[-180,66.96313055630388],[-180,67.96313055630388],[-180,68.91692694302263],[-178.89124008704877,68.64245184536638],[-178.1291856436894,68.37364538784685],[-177.7093858390019,68.29199560757341],[-175.9905900626347,67.84674414272966],[-175.51398178626752,67.66881140347185],[-175.4221543936894,67.60198553677263],[-175.38904282142377,67.50534399624529],[-175.18892380286908,67.31261023159685],[-175.00623032142377,66.95733221646013],[-175.10054489661908,66.76504858608904],[-174.6351670890019,66.40478857632341],[-174.19333359290815,66.28795965786638],[-174.2020158438847,66.36881598110857],[-174.0682725577519,66.43529089565935],[-174.09120651771283,66.5235858785695],[-174.37830063392377,66.699977480132],[-174.37114426185346,66.94374426479997],[-174.33661362220502,67.07699926968279],[-173.87494370033002,67.1593280660695],[-173.43222519447065,67.03428228970232],[-173.17439743568158,66.99037512417497],[-172.82922836829877,66.96141394253435],[-172.3779649405644,67.01405676479997],[-171.9579972891972,66.95566900845232],[-171.5396623282597,66.76436194058122],[-171.22723862220502,66.60267218228044],[-170.4731340079472,66.29494055386247],[-170.32910629798627,66.25848730679216],[-170.06616684486127,66.1781726705617],[-169.87270065833783,66.08316382046404],[-169.8324327140019,66.0245624410695],[-169.98691269447065,66.00963934536638],[-170.44873520423627,66.05273779507341],[-170.6126603751347,66.03776129360857]]]]}},{"type":"Feature","properties":{"name":"Britany","subject":"Britany","partOf":"Britany","borderPrecision":1,"color":"#b69578"},"geometry":{"type":"MultiPolygon","coordinates":[[[[-1.999109269065851,48.67695685862887],[-1.75196905427781,48.17821145459153],[-2.010361521016347,47.745650369834415],[-2.575529757440609,47.32396831560688],[-2.576483931931275,47.324866853669924],[-2.465543475540894,47.49438437075977],[-2.613652196320313,47.572249971345705],[-2.842474189194458,47.49190481753711],[-3.062696423920411,47.60393866153125],[-3.433526244553345,47.71681173892383],[-3.711868014725464,47.79814871402149],[-3.858102050217408,47.79180868716602],[-3.954837766083497,47.90433844180469],[-4.364373650940674,47.82931097598438],[-4.390935388001221,47.94184836001758],[-4.510127511414307,47.99813040347461],[-4.675397363098877,48.01689489932422],[-4.700306382569092,48.06380423159961],[-4.312866177948731,48.10133322329883],[-4.350984063538331,48.204566560701174],[-4.587968316468018,48.25149496646289],[-4.388901677521485,48.298438631013674],[-4.350201573761719,48.390506349519534],[-4.473793950470704,48.382937990144534],[-4.592021432312745,48.392318330720705],[-4.779634442719239,48.354774080232424],[-4.761963334473389,48.55200155825977],[-4.625704255493897,48.546668611482424],[-4.488299336823243,48.61226614566211],[-4.251477208527344,48.65191229434375],[-3.998872962387818,48.73053701968555],[-3.902217355164307,48.64596136660938],[-3.821306434067505,48.721149049714846],[-3.607873406800049,48.692950807527346],[-3.557670083435791,48.810077272371096],[-3.435057845505494,48.83645971866016],[-3.091225352677125,48.87155111880664],[-2.914459433945435,48.70678671450977],[-2.79053541699292,48.58958014102344],[-2.636378016861695,48.55200155825977],[-2.342885461243409,48.67414816470508],[-2.200072136315125,48.598983369783205],[-2.07596763649823,48.65615805240039],[-1.999109269065851,48.67695685862887]]]]}},{"type":"Feature","properties":{"name":"Emirate of Sicily","subject":"Emirate of Sicily","partOf":"Emirate of Sicily","borderPrecision":1,"color":"#b47c6f"},"geometry":{"type":"MultiPolygon","coordinates":[[[[12.51664451072956,37.91916998501482],[12.66432574699665,38.07249792690935],[12.78283980797077,38.11737784023943],[13.065952333910712,38.0669322835988],[13.32247546623493,38.220511995512865],[13.627963098986395,38.02980764980974],[13.809530291064032,37.966415010649584],[14.134472879870184,37.97345312710466],[14.765865358813056,38.05761297817888],[15.386741671068915,38.20554693813982],[15.453687700732,38.16741522427263],[15.47289279411579,38.11005743618669],[15.422523531420477,38.05257376309099],[15.181032213671454,37.68228109951677],[15.112180742724188,37.4590335714406],[15.116248163683661,37.286944948393725],[15.30134681175495,37.0578990804738],[15.22063163231159,37.00037726040544],[15.027343782885321,36.745116792876146],[14.942398104174384,36.7385631429738],[14.6220226616695,36.776141725737475],[14.215912851794013,37.04932364102068],[13.868404421313056,37.15695150967302],[13.011567148669013,37.524894319731615],[12.636879000170477,37.581500612456225],[12.53203586052204,37.638671480376146],[12.454147371752509,37.766009889799975],[12.51664451072956,37.91916998501482]]]]}},{"type":"Feature","properties":{"name":"Suomi","subject":"Suom","partOf":"Suomi","borderPrecision":1,"color":"#8aa0a8"},"geometry":{"type":"MultiPolygon","coordinates":[[[[30.040464598661448,61.12303217968336],[28.53752375822092,60.57446140152255],[28.521508249743235,60.62326391812029],[28.431775125963938,60.60346945400896],[28.011437448961985,60.51073034878435],[27.47361854027058,60.426078401762865],[27.406220468981516,60.34481772061052],[27.17848113487507,60.44239386196794],[26.94557097862507,60.37631186123552],[26.92230895469929,60.31612356777849],[26.613076242907297,60.347831331450365],[26.525876078112375,60.396468721587084],[26.551638636095774,60.570697389799975],[26.442835840685618,60.33334311123552],[26.32271293113972,60.27024038906755],[26.037745508654368,60.24929770107927],[25.890101465685618,60.23583563442888],[25.845532450182688,60.11548193569841],[25.580544504626047,60.26233633633318],[25.449894937975657,60.13839682217302],[25.145791086657297,60.10974844570818],[24.99298003624226,60.02957113857927],[24.96947005699421,60.08683355923357],[24.74298003624226,60.03823050137224],[24.51595786522175,59.98949774380388],[24.421050104601633,59.869750581938646],[24.28135779808308,59.9381481039113],[23.978947672350657,59.881148897368334],[23.96111396263386,59.932452760893725],[23.664656671984446,59.83555182095232],[23.418854746325266,59.82984884854021],[23.201441797716868,59.81845816250505],[22.982125315172922,59.932452760893725],[22.882000956042063,60.05556448574724],[23.005200418932688,60.208758913237475],[22.624615702135813,60.201102815825365],[22.392066034777415,60.121200166899584],[22.42146781395222,60.29318579312029],[22.220654520495188,60.25876959438982],[21.930953058703196,60.38077124233904],[21.746808084948313,60.40827139492693],[21.560151133044016,60.51248510952654],[21.44317725609089,60.693648897368334],[21.427256617052805,61.01509817715349],[21.498307260973704,61.183272920805834],[21.520789179308665,61.379569612700365],[21.561005625231516,61.48492010708513],[21.405217203600657,61.70243414517107],[21.211199793322336,61.87091406460466],[21.346440348131907,62.167132936674975],[21.337555918200266,62.34360464688005],[21.225993499342607,62.4179537846397],[29.018890834539626,61.77074313018303],[30.227236874468524,61.48110136391141],[30.23948465,61.44768285],[30.222054475,61.4064411],[30.167994425,61.3763447],[30.1734486,61.3471283],[30.238417,61.3187919],[30.223065075,61.29778645],[30.127392825,61.28411195],[30.079318625,61.264480225],[30.078842475,61.238891275],[30.041871025,61.2447359],[29.968404275,61.2820141],[29.921018675,61.2993392],[29.899714225,61.2967112],[29.891610675,61.290743025],[29.896708025,61.281434675],[29.89374235,61.27789105],[29.88271365,61.28011215],[29.883898725,61.273648725],[29.897297575,61.258500775],[29.8837271,61.25400205],[29.8431873,61.26015255],[29.822824525,61.26275375],[29.822638775,61.26180565],[29.8241881,61.26015825],[29.8274725,61.25781155],[29.828236275,61.256140275],[29.826479425,61.255144425],[29.8495072,61.249969075],[29.8973196,61.240614225],[29.903648275,61.2336385],[29.868493225,61.2290419],[29.866598575,61.2172272],[29.897964325,61.1981944],[29.882027975,61.196681775],[29.818789525,61.212689325],[29.879162325,61.185224375],[30.040464598661448,61.12303217968336]]]]}},{"type":"Feature","properties":{"name":"Chuds","subject":"Chuds","partOf":"Chuds","borderPrecision":1,"color":"#a88992"},"geometry":{"type":"MultiPolygon","coordinates":[[[[30.040464598661448,61.12303217968336],[30.063146375,61.114286925],[30.249019425,61.0121192],[30.436781475,60.8787212],[30.52508015,60.76437455],[30.51716449182315,60.696811156387966],[30.51391545,60.66907925],[30.550767675,60.610758075],[30.635636825,60.589411025],[30.74843195,60.483683475],[30.88915305,60.293575425],[30.982223425,60.1929825],[31.006570010003042,60.18704439613204],[29.995443754341427,59.94159990566773],[29.95287421654011,59.98558386440935],[29.68729690025593,60.131000124174975],[29.51074317405964,60.14456518765154],[28.96897986839558,60.10878714199724],[28.691634211046946,60.14997824307146],[28.63737795969813,60.171480268002526],[28.56939795921589,60.19842108364763],[28.435231241686594,60.33733709927263],[28.551247629626047,60.5326419698781],[28.53752375822092,60.57446140152255],[30.040464598661448,61.12303217968336]]]]}},{"type":"Feature","properties":{"name":"Finno-Ugric taiga hunter-gatherers","subject":"Finno-Ugric taiga hunter-gatherers","partOf":"Finno-Ugric taiga hunter-gatherers","borderPrecision":1,"color":"#a88992"},"geometry":{"type":"MultiPolygon","coordinates":[[[[35.29283191796468,61.41979295293436],[32.6294669702271,60.96228932119715],[32.569343175,61.021163175],[32.536508925,61.089180325],[32.50469510305382,61.10369722772446],[35.81679017081891,64.22566772716998],[36.01547149132038,64.19702490444841],[36.23997024009968,63.91862066860857],[36.42062285850788,63.87610205288591],[36.98754027794148,63.841483675200365],[37.24650863121296,63.784877382475756],[37.410540613634836,63.749496065337084],[37.59146026085163,63.806937776762865],[37.94491866539265,63.850394808012865],[38.054080042345774,63.98631628628435],[38.05385878990437,64.12927588101091],[37.87985518883015,64.30789526577654],[37.668128046496165,64.3433109151906],[37.46328643272663,64.29996069546404],[37.26195052574421,64.3138919698781],[36.996741327746165,64.40655859585466],[36.56850722740437,64.7645755636281],[36.88390639732624,65.0676990377492],[37.10194304893757,65.06812628384294],[37.60409453819538,64.85277136440935],[38.25292113731648,64.70306738491716],[39.19344237755085,64.5110355245656],[39.62159636925007,64.47596319790544],[39.99705031822468,64.54121740933122],[40.32217315147663,64.46293219204607],[40.43979171226765,64.56356390591326],[40.46206191490437,64.75027807827654],[40.365950617296946,64.85792883511247],[39.979388269884836,65.15314062710466],[39.823103937609446,65.43561133022966],[39.9513273567989,65.58116491909685],[40.036868128283274,65.60313757534685],[40.681407007677805,65.79355963345232],[41.35424712608601,65.95517309780779],[41.62328246544148,66.06516607876482],[42.1334448189571,66.3878894674367],[42.21078780601765,66.41000708218279],[42.41852477501179,66.38109930630388],[43.241431269152415,66.25089605923357],[43.87621978233601,66.01096686001482],[44.02943328331257,66.01124914761247],[44.052840265734446,66.04050024624529],[44.12211135338093,66.2671619283742],[44.383608850939524,66.61201819058122],[44.36195281456257,66.90596350308122],[44.21916488121296,67.08982428188982],[43.83810714195515,67.16285284634294],[43.703597101671946,67.26593359585466],[44.21583465050007,67.71826513882341],[44.26107314537312,67.8296390401906],[44.16874984215046,68.09702643032732],[43.8221655220821,68.3273197042531],[43.85324386070515,68.46920355435076],[44.012026819689524,68.49190863247576],[44.66781142662312,68.38859137173357],[45.57964232872273,68.44253882046404],[45.8634367317989,68.3833499776906],[46.16195205162312,68.10819586392107],[46.439368280871165,67.90793951626482],[46.6340666146114,67.7005115377492],[46.16411498497273,67.67742498989763],[45.46258071373249,67.6390643941945],[45.092505487902415,67.54207953091326],[44.87120727012898,67.31241949673357],[44.95714095543171,67.23135717983904],[45.38563445518757,67.09937628384294],[45.715350183947336,66.84962805386247],[46.07677749107624,66.76208075161638],[46.40205291221882,66.71860083218279],[46.972640070421946,66.77846106167497],[47.5711889595821,66.8163104879445],[47.706187281115305,66.89010962124529],[47.822127375109446,67.11129339810076],[47.952918085558665,67.37729223843279],[48.08066085289265,67.56245764370622],[48.63532165001179,67.65238531704607],[49.18562987755085,67.83882483120622],[49.63012221763874,67.93619116421404],[50.49589827965046,68.1534686910695],[51.13895705650593,68.26639898892107],[51.83080962608601,68.40938147183122],[52.244875940783274,68.54455908413591],[52.33738234947468,68.33572729702654],[52.4626684517696,68.29867132778826],[52.719729456408274,68.35138281460466],[52.93876937340046,68.47117956753435],[53.00575164268757,68.6805683004445],[53.17943480919148,68.75574835415544],[53.50243285606648,68.81625708218279],[53.889117273791086,68.78699835415544],[53.808394464953196,68.60726507778826],[53.78207686851765,68.33842047329607],[53.3959074349239,68.30042608853044],[53.3161840767696,68.2332034933156],[53.316844019396555,68.13638647671404],[53.62573913048054,68.04768713589372],[53.85399154136921,68.08530005093279],[54.37974837730671,68.16070898647966],[54.57595733116413,68.16109045620622],[54.64846709678913,68.07191809292497],[54.752295526964915,68.04978521938982],[54.87719634483601,68.1095462667531],[54.99598601768757,68.20653113003435],[55.1264982552364,68.40060766812029],[55.335391077502024,68.48309668179216],[55.72289184044148,68.53610571499529],[56.1951017708614,68.56686743374529],[56.54026320884968,68.55256994839372],[57.02422622154499,68.44890936489763],[57.363692316515696,68.45701941128435],[57.52586654136921,68.49463995571794],[57.95919707725788,68.7047611105031],[58.40928939293171,68.83285864468279],[58.77038100670124,68.8560062276906],[59.19904998253132,68.77440985317888],[59.34587386558796,68.69986303921404],[59.06195739219929,68.4974857198781],[59.119788202746165,68.393092714507],[59.217661890490305,68.34854467983904],[59.50186065147663,68.28942450161638],[59.762347254259836,68.297389589507],[59.892046961291086,68.4020038473195],[59.92537597130085,68.58127173062029],[60.07908919761921,68.61895331021013],[60.51208404014851,68.58985479946794],[60.75627425621296,68.67254980679216],[60.93412307213093,68.81508215542497],[60.98595717857624,69.00259741421404],[60.36923507164265,69.46769293423357],[60.551714930041086,69.54342230435076],[60.84873488853718,69.71004065151872],[61.030039820177805,69.74060400601091],[61.30434707115437,69.73352392788591],[62.2812719673946,69.7051273214406],[62.85394957969929,69.61560400601091],[63.41231826256062,69.54873999233904],[63.92324355552937,69.45921667690935],[64.87299636314656,69.22766455288591],[65.35536483238484,69.18344458218279],[66.1254988045528,68.99715765591326],[66.58425429771687,68.88553961392107],[67.17168715904499,68.64709814663591],[67.64553669906512,68.4480727275933],[67.82653335045124,68.37205084438982],[68.21540358970906,68.20135077114763],[68.38463118980671,68.17933996792497],[68.48788741539265,68.22421606655779],[69.00261214683796,68.69536932583513],[69.10895064781452,68.83031042690935],[68.69183639000202,68.81454809780779],[68.51176742027546,68.83668097134294],[68.25765517662312,68.94111975308122],[68.09354690025593,69.13594397183122],[68.10592940758015,69.42932470913591],[67.77870467613484,69.55685003872576],[66.88444045494343,69.62308081265154],[66.79896834800984,69.74374731655779],[66.8280363411739,69.81937750454607],[66.9648542733028,69.95582159634294],[67.27720168541218,70.07055243130388],[67.38328841636921,70.13940008755388],[67.42175582359577,70.22343023892107],[67.39824202965046,70.59850653286638],[67.28530410240437,70.70580633755388],[66.7748136849239,70.73557623501482],[66.67020705650593,70.86613043423357],[66.81797316978718,71.10538061733904],[66.9796476692989,71.21384008999529],[67.15545180748249,71.22964819546404],[67.8225431771114,71.4166522848195],[68.31624892662312,71.63485296841326],[68.55076125572468,71.82196386929216],[68.81211379478718,72.09546240444841],[69.05668929527546,72.64471777554216],[69.34311202476765,72.83426245327654],[69.51156142662312,72.80304297085466],[70.21435836265827,72.73346289272966],[70.94033339927937,72.78995092983904],[71.66292098472859,72.83070715542497],[71.97577956627156,72.79976233120622],[72.45530227134968,72.82427557583513],[72.7139997811153,72.76958807583513],[72.85272506187702,72.64393194790544],[72.84480575035359,72.49460943813982],[72.65456679771687,72.11825903530779],[72.4983244271114,71.96181067104997],[71.89781478355671,71.58716162319841],[71.79755691002156,71.43180426235857],[72.13623336265827,71.27759131069841],[72.55498031090046,70.9772449361867],[72.67970565269734,70.823512636382],[72.7742033333614,70.45523413296404],[72.69588759849812,70.35557898159685],[72.43689254234577,70.18696936245622],[72.55148604820515,69.65626104946794],[72.52553084800984,69.06907995815935],[72.64349654625202,68.806911073882],[72.84616378258015,68.63523443813982],[73.30861190269734,68.5165515768117],[73.39412215660359,68.44205053921404],[73.39364913414265,68.38238867397966],[73.17524245689656,68.16592749233904],[72.98776534508015,67.79414709683122],[72.83769515465046,67.64564856167497],[72.48502639244343,67.43782385464372],[71.93047622154499,67.156276308257],[71.64714339683796,67.06732519741716],[71.39950087974812,66.94906958218279],[71.54405501793171,66.71412237759294],[71.34951308677937,66.66239508267107],[70.83993056724812,66.55140265103044],[70.12074569175984,66.7188220846242],[69.79152205894734,66.7549320089406],[69.35537246177937,66.73943670864763],[69.08476546715046,66.68753393765154],[69.17261031578327,66.5482898580617],[69.43512252281452,66.42423590298357],[69.76729873131062,66.32971533413591],[70.47356704185749,66.23597296353044],[70.98342421959187,66.2003894674367],[71.2595320076778,66.22281225796404],[71.79433730552937,66.15806158657732],[72.20881179283406,66.17345770474138],[72.42107680748249,66.3346668111867],[72.55741408775593,66.49599035854997],[73.16545394371296,66.64375647183122],[73.69016555259968,66.86506994839372],[73.81080916832234,66.99035223599138],[73.9845075936153,67.26336248989763],[74.35252669761921,67.40435370083513],[74.74171737144734,67.68622168179216],[74.77064803550984,67.84936865444841],[74.66936019371296,68.10174902554216],[74.39512923668171,68.34698828335466],[74.50497725914265,68.59347876187029],[74.61210921715046,68.63851507778826],[74.91630080650593,68.70638617153826],[75.53720382164265,68.77486761685076],[76.32775405357624,68.77634008999529],[76.66087630699421,68.67222174282732],[77.03982070396687,68.4637714254445],[77.10788253258015,68.11375006313982],[76.95493606041218,67.65331610317888],[77.09069350670124,67.52774389858904],[77.50477889488484,67.432399355132],[78.08904555748249,67.41131170864763],[78.47786239097859,67.478541933257],[78.53574660728718,67.61183508511247],[78.3045759529903,67.69286688442888],[77.94601729820515,67.77371557827654],[77.68886092613484,67.75840338345232],[77.48322585533406,67.802516542632],[77.51418593834187,67.97325476284685],[77.97751906822468,68.14512213345232],[78.00718215416218,68.25683935757341],[77.90906051109577,68.32369574185076],[77.83420089195515,68.4727054464406],[77.63582900474812,68.81619604702654],[77.40597823570515,68.9356189596242],[77.02994826744343,68.97991522427263],[76.53798964927937,69.0840564596242],[76.17751601646687,69.13594397183122],[75.59802535484577,69.21000250454607],[75.18864730308796,69.12659796353044],[74.90170577476765,69.0810047018117],[74.31795791099812,69.16254004116716],[73.91452315758015,69.15427740688982],[73.90792373131062,69.27452429409685],[73.65407851646687,69.75646551724138],[73.79099563072468,70.05221136685076],[74.1222257942989,70.36587866421404],[74.24957564781452,70.5729480611867],[74.18918899009968,70.67260321255388],[73.69797042320515,71.14139898892107],[73.2706632942989,71.372584902007],[73.21685317466999,71.45773657437029],[73.59136489341999,71.7068591939992],[74.13715651939656,71.75452765103044],[74.58655074547077,71.87217291470232],[74.9211531014278,72.02874334927263],[74.99873641441609,72.13043554897966],[75.0745954842403,72.42029150601091],[75.01610854576374,72.71876867886247],[75.11987594078327,72.68748053188982],[75.40757277916218,72.66441687222185],[75.6173429817989,72.62549170132341],[75.66617873619343,72.41353949185076],[75.58253768394734,72.17061956997576],[75.29658034752156,71.89686926479997],[75.22127059410359,71.64770849819841],[75.28428939293171,71.44608648892107],[75.45202926109577,71.32248266812029],[75.67058852623249,71.1991229879445],[76.29318526695515,71.13853033657732],[77.00164321373249,71.06264074917497],[77.73619368980671,71.02547796841326],[78.10473159263874,70.84130438442888],[78.24920943687702,70.83387335415544],[78.60852340172077,70.8499256002492],[78.37160018394734,71.25054510708513],[78.13690474937702,71.3739276754445],[77.28489974449421,71.41880377407732],[76.86612990806843,71.4490238058156],[76.60715011070515,71.518336855132],[76.33285811851765,71.71974524136247],[76.4566984505489,71.86785467739763],[77.07490066002156,71.8923831808156],[77.27492812584187,71.81488379116716],[77.78991988609577,71.77691229458513],[78.12636855552937,71.84759863491716],[78.08573440025593,72.17527350063982],[78.26955703209187,72.2147479879445],[78.64725783775593,72.2623782980031],[79.22255996177937,72.2712894308156],[79.7031584114864,72.17827948208513],[80.33872512291218,72.0076404439992],[80.82826522300984,71.76702459927263],[81.42526534508015,71.61268194790544],[81.67136672447468,71.57430609341326],[82.49135116050984,71.56809576626482],[82.81835463951374,71.64632757778826],[82.88012221763874,71.49126776333513],[82.52887252281452,71.32020147915544],[82.21532729576374,71.20361670132341],[82.10357192466999,70.85644110317888],[82.04561141441609,70.41893347378435],[82.19571975181843,70.3579822408742],[82.50152877281452,70.7111316549367],[82.67546370933796,70.84212835903826],[82.80373671959187,70.81927832241716],[83.07590774009968,70.58175238247576],[83.03633407066609,70.24492987271013],[83.37072280357624,70.33726080532732],[83.67697432945515,70.46026190396013],[83.6571150154903,70.598170839507],[83.5709333748653,70.65170630093279],[83.50470260093952,70.81292303677263],[83.16804793785359,71.18223150845232],[83.25261977623249,71.28285559292497],[83.56109145591999,71.62442358608904],[83.2024259896114,71.82590826626482],[82.8546476692989,71.94214972134294],[82.43625930259968,72.0505863058156],[82.32062056968952,72.22227820034685],[82.02602675865437,72.24522741909685],[81.58525374840046,72.35400732632341],[80.98231795738484,72.44697912808122],[80.84419539879109,72.58019598599138],[80.87170699547077,72.8399921285695],[80.8288679451778,73.01351507778826],[80.46401503990437,73.31357916470232],[80.50051406334187,73.42474707241716],[80.62013534019734,73.49647101040544],[80.83822921226765,73.55255468960466],[81.87746718834187,73.6022220480031],[83.02044204185749,73.61229284878435],[83.97656539390827,73.66978796597185],[84.61605361412312,73.74268683071794],[84.82945540855671,73.59973486538591],[85.0014982552364,73.57619055386247],[85.38118270347859,73.69632300015154],[85.85619643638874,73.82476385708513],[86.49205306480671,73.8738284933156],[86.75694564293171,73.7865711080617],[86.32635024498249,73.63435705776872],[86.12352279136921,73.4511218893117],[86.90497115562702,73.55588873501482],[87.1396818489864,73.6040531026906],[87.56962874840046,73.77212866421404],[87.69079116295124,73.90001257534685],[87.54062179039265,74.09967383022966],[87.39396956871296,74.1794925558156],[86.97762587974812,74.29900702114763],[86.81353286216999,74.43529089565935],[86.81261733482624,74.53988226528826],[86.95832351158406,74.78206213589372],[87.48745253990437,74.96091803188982],[87.92226699302937,75.0598865377492],[89.28468612144734,75.46612127896013],[89.68456557701374,75.5082050191945],[89.79632857750202,75.52443274136247],[90.03131392906452,75.55852850552263],[90.88617232750202,75.60154303188982],[91.6346769661739,75.65272863979997],[92.6705427498653,75.76261480923357],[93.59205916832234,75.88084753628435],[94.30955031822468,76.07406958218279],[94.69433883140827,76.18358191128435],[95.4876814217403,76.16833075161638],[95.96726516197468,76.1692386495656],[96.13936904381062,76.08590277310076],[95.9818220467403,75.90201147671404],[96.65822890709187,75.85330542202654],[97.11641219566609,75.87083014126482],[97.6837263436153,75.95521887417497],[98.28865340660359,76.05653723354997],[98.71624282310749,76.07403906460466],[99.15855697105671,75.99971350308122],[99.46723464439656,75.96692236538591],[99.7794294686153,76.05931433315935],[99.8334074349239,76.2100330221242],[99.77360824058796,76.2853504049367],[99.98323348472859,76.43696936245622],[100.40739730308796,76.47143896694841],[100.83031753013874,76.45540960903826],[101.38946059654499,76.62499579067888],[101.11151412437702,76.8528552877492],[101.16646102379109,77.0057636129445],[101.6904630989864,77.2025867330617],[102.38966659019734,77.37482031460466],[103.39330581138874,77.5577884542531],[103.94659713218952,77.59216650601091],[104.39374068687702,77.56721838589372],[105.0625105233028,77.5685077535695],[105.44954207847859,77.44913824673357],[105.46972945640827,77.32931860562029],[104.78229049156452,77.14876898403826],[104.4851408333614,76.99502905483904],[104.70460799644734,76.92750128384294],[105.52814773033406,76.98001440640154],[106.24293807457234,76.91346319790544],[107.16025832603718,76.94913061733904],[107.24013045738484,76.89837225552263],[107.07137587974812,76.77097662563982],[106.53744033287312,76.56722601528826],[106.40403274009968,76.4322772848195],[107.29075149009968,76.43394812222185],[107.66595748375202,76.44307287808122],[107.77148726890827,76.40122564907732],[108.24447158287312,76.64641913052263],[108.85952285240437,76.64754828091326],[109.6564054817989,76.69128759976091],[109.94024947593952,76.63273199673357],[110.54772475670124,76.64229925747576],[111.42728713463093,76.56807287808122],[112.0571623177364,76.45135840054216],[112.58854964683796,76.25924261685076],[112.82231429527546,76.0588870870656],[113.14887526939656,76.05948980923357],[113.53300765465046,76.0936542379445],[113.7230329842403,75.86883886929216],[113.11340621422077,75.49444922085466],[113.22163680504109,75.43680914517107],[113.62504867027546,75.27267035122576],[112.57712844322468,74.88621100063982],[112.11134627769734,74.78037603970232],[111.58661941002156,74.73096045132341],[110.05470565269734,74.253688417632],[108.69690230797077,73.8194080221242],[108.33986190269734,73.69124182339372],[107.26554397056843,73.52222784634294],[106.20830825279499,73.25850256558122],[105.2788191170528,72.7515369283742],[105.40307092131953,72.748726095192],[98.45947004862771,69.79094730127832],[75.85638492783956,61.42677903286463],[62.80579411405116,56.95520024672745],[59.09429166962169,56.4318399506882],[55.97738780705348,57.13696442544153],[55.70905991815804,57.19766715162802],[53.92448387264525,57.601384527021416],[53.97646398874319,57.7086220534561],[48.60792522187434,57.7086220534561],[44.45045665485198,58.93642459737193],[41.23911572686134,59.88481241972218],[36.407411096494556,61.31173342729653],[36.4287516,61.3245377],[36.45560855,61.36201385],[36.45125265,61.40212435],[36.398634425,61.43772225],[36.297753875,61.46880755],[36.190796775,61.531443425],[36.077763125,61.625629875],[36.017066075,61.7005272],[36.008705625,61.7561354],[35.9614746,61.800050175],[35.875373,61.832271525],[35.851409725,61.8676444],[35.889584775,61.9061688],[35.8500584,61.954331025],[35.7328306,62.012131075],[35.723349425,62.133787175],[35.821614875,62.319299325],[35.839178,62.444236725],[35.7760388,62.508599375],[35.693981975,62.545226325],[35.593007525,62.554117575],[35.5478941,62.575332],[35.5586417,62.6088696],[35.5428703,62.62127685],[35.5005799,62.61255375],[35.49898265,62.589192525],[35.53807855,62.551193175],[35.52405865,62.5513289],[35.45692295,62.5895997],[35.421574125,62.62079125],[35.418012175,62.64490355],[35.1728824,62.7167374],[34.6861848,62.8362928],[34.601542325,62.757289025],[34.918954975,62.479726075],[35.05341145,62.37538465],[35.00491175,62.44426475],[34.94117575,62.511735575],[34.86220345,62.577797125],[34.865199475,62.6067043],[34.950163825,62.5984571],[34.982048575,62.607232975],[34.960853725,62.633031925],[35.0463156,62.60909925],[35.2384342,62.53543495],[35.34390505,62.5132468],[35.36272815,62.5425348],[35.430546475,62.476321125],[35.547360025,62.314605775],[35.547754625,62.206264],[35.431730275,62.1512958],[35.2852602,62.155273625],[35.1083444,62.218197475],[35.069239825,62.199451875],[35.167946475,62.099036825],[35.204042975,62.0360778],[35.177529325,62.0105748],[35.101960075,62.03300845],[34.977335225,62.10337875],[34.8924869,62.168823275],[34.8474151,62.229342025],[34.839756075,62.249937625],[34.869509825,62.230610075],[34.867979625,62.2531556],[34.835165475,62.3175742],[34.81482225,62.3509989],[34.80694995,62.3534297],[34.813270575,62.339793675],[34.833784125,62.310090825],[34.84140595,62.2864805],[34.83613605,62.2689627],[34.829828225,62.261839],[34.822482475,62.2651094],[34.817970675,62.2685417],[34.816292825,62.2721359],[34.819154,62.28386585],[34.8265542,62.30373155],[34.799128225,62.3458733],[34.736876075,62.4102911],[34.639498475,62.4836275],[34.506995425,62.5658825],[34.53319595,62.5119573],[34.71810005,62.3218519],[34.71279465,62.28922365],[34.51727975,62.41407255],[34.487540425,62.4168584],[34.623576675,62.2975812],[34.7008853,62.219335525],[34.7194663,62.182121375],[34.68243975,62.1822338],[34.58980565,62.2196728],[34.59244025,62.184039125],[34.69034355,62.075332775],[34.729749225,62.022006325],[34.710657275,62.024059775],[34.68065075,62.036654575],[34.63972965,62.059790725],[34.5430863,62.0921589],[34.3907207,62.1337591],[34.295122075,62.16668435],[34.256290425,62.19093465],[34.249073275,62.1766452],[34.273470625,62.123816],[34.371894275,62.046970375],[34.544344225,61.946108325],[34.59772085,61.897351175],[34.53202415,61.900698925],[34.505403225,61.89783145],[34.517858075,61.88874875],[34.547350325,61.877369225],[34.593879975,61.863692875],[34.59779065,61.85876925],[34.55908235,61.86259835],[34.54765545,61.846185325],[34.56350995,61.809530175],[34.507520175,61.80250945],[34.379686125,61.82512315],[34.414152525,61.771153325],[34.610919375,61.640599975],[34.903805875,61.523482825],[35.292812025,61.419801875],[35.29283191796468,61.41979295293436]]]]}},{"type":"Feature","properties":{"name":"Kurs","subject":"Kurs","partOf":"Kurs","borderPrecision":1,"color":"#b47c6f"},"geometry":{"type":"MultiPolygon","coordinates":[[[[23.525993247131186,56.884039834294704],[22.631141834904707,56.276146827063236],[20.919519468945918,56.13669941147423],[20.949046167834055,56.473189912993334],[20.964827570421946,56.60902365322771],[21.022051844103586,56.6838756429738],[21.324379953844797,56.854415498930834],[21.339747461779368,57.17707022305193],[21.45958808372761,57.24960669155779],[21.57951453636433,57.37260016079607],[21.677331003649485,57.46365698452654],[21.810254129870188,57.4753795492238],[22.285403284533274,57.56504019375505],[22.359927210314524,57.58566626187029],[22.432965311510813,57.615558229643725],[22.563637766344797,57.615558229643725],[22.58542159508015,57.508651338774584],[22.881373438341868,57.3341441976613],[23.07088950584675,57.261317812163256],[23.174664530260813,57.04849203701677],[23.215449366076243,56.98066671963396],[23.41446975181843,56.892413698393725],[23.525993247131186,56.884039834294704]]]]}},{"type":"Feature","properties":{"name":"Pomerania","subject":"Pomerania","partOf":"Pomerania","borderPrecision":1,"color":"#8aa0a8"},"geometry":{"type":"MultiPolygon","coordinates":[[[[13.43473455620156,54.0310937961782],[13.569641371810796,53.22034592673583],[13.60711570693274,52.31603148843025],[13.587660958467055,52.312602343140725],[11.671944210727034,52.3533622739437],[11.549664418318102,52.638681789564544],[11.753464072332989,52.842481443579445],[10.571426079046589,53.046281097594346],[10.204586701819792,53.69843999044201],[10.141728434069407,54.33675345059099],[10.212877306444895,54.37191732998552],[10.340239557726633,54.36231573696794],[10.44597438286091,54.29203375454607],[10.648594889147532,54.25897558804216],[11.038605722887766,54.313251100737475],[11.073005709154856,54.219630800444506],[11.041366610033762,54.15269812222185],[11.015887293322336,54.09665640469255],[10.716716799242747,53.96393164272966],[10.770921983372673,53.930865647944174],[10.858920130236399,53.87718542690935],[10.883711053577755,53.88237572131041],[10.893506027075901,53.88442642331155],[10.960404311878577,53.89843242818161],[11.151377710802805,53.938415132719896],[11.202488932116282,53.85678442593279],[11.407822641833079,53.8592906820363],[11.56501964042927,54.035384737212084],[12.041073832018625,54.09665640469255],[12.311884912951243,54.2019420492238],[12.462536566113513,54.25478611754059],[12.652518305285227,54.32142599697771],[12.764800104601633,54.27032812710466],[12.943138155443918,54.346984468657396],[13.02581122825886,54.265216432768725],[13.063765558703196,54.19368704434099],[13.349167856676829,54.06348761196794],[13.431016001208079,54.03024633999529],[13.43473455620156,54.0310937961782]]]]}},{"type":"Feature","properties":{"name":"Kimek-Kipchak khaganate","subject":"Kimek-Kipchak khaganate","partOf":"Kimek-Kipchak khaganate","borderPrecision":1,"color":"#b47c6f"},"geometry":{"type":"MultiPolygon","coordinates":[[[[99.86873506800536,48.608881273167626],[79.13369566776612,46.64976100650964],[74.83788219041568,46.3889390564459],[73.57440763825377,45.86353774491871],[69.6576365265519,42.79156925207047],[61.634183704881025,47.20904720790691],[61.95933869049523,48.88136314819538],[55.754296579451,51.08424778868504],[55.06188193288802,51.14984849060609],[55.70905991815804,57.19766715162802],[55.97738780705348,57.13696442544153],[59.09429166962169,56.4318399506882],[59.189973205591734,56.41019430623805],[65.31164209247186,55.04663307077481],[78.36223290626025,56.41019430623805],[93.70004066679506,56.48455609390737],[98.38454408182852,55.51880503133128],[99.86873506800536,48.608881273167626]]]]}},{"type":"Feature","properties":{"name":"Byzantine Empire","subject":"Byzantine Empire","partOf":"Byzantine Empire","borderPrecision":1,"color":"#8aa0a8"},"geometry":{"type":"MultiPolygon","coordinates":[[[[27.72253325889851,42.316215120512865],[27.737710031969797,42.247001253325365],[27.913407358629954,42.07810171719255],[27.917952570421946,41.97767218228044],[28.026202234728586,41.882384859282396],[28.018178019030344,41.75320776577654],[28.06983855675007,41.62496908779802],[28.104397806628,41.59297140713396],[28.371457132799875,41.43312796230974],[28.74022201011921,41.324828706938646],[29.012368235094797,41.25483282681169],[29.081099543078196,41.20051153774919],[28.964453730089915,40.98923834438982],[28.82780745933796,40.914699159819506],[28.59615043113972,40.946986757475756],[28.17331412742878,41.05789526577654],[28.02636817405964,41.02620657559099],[27.93218329857136,40.95754965420427],[27.47416976402546,40.96283300991716],[27.313046488268625,40.78991278286638],[27.263756784899485,40.66717108364763],[26.888926538927805,40.524676881987475],[26.61357215355183,40.39804037686052],[26.513939890368235,40.281974397856615],[26.375863108141672,40.21340902920427],[26.255158457262766,40.081561647612475],[26.140885385973704,40.04465445156755],[26.214289698107493,40.16066702480974],[26.222796473009836,40.223956667143725],[26.194821390612375,40.30307348843279],[26.457545313341868,40.4349742757863],[26.55647757957722,40.498290621001146],[26.454838785631907,40.584308229643725],[26.418061289294016,40.57782324429216],[26.124041590197336,40.60284765835466],[26.02072432945515,40.66932257290544],[25.992875132067454,40.85245855923357],[25.635705027086985,40.87737616177263],[25.30111411522175,40.89594229336443],[25.046317133410227,40.95227392788591],[25.018929514391672,41.01714666958513],[24.812115702135813,40.93342169399919],[24.70066359947468,40.878341280180834],[24.519127878649485,40.873065553862475],[24.504952463610422,40.984069429594896],[24.35430243919636,40.97096212979021],[24.219058069689524,40.82968481655779],[24.025155100329172,40.74636038418474],[23.88595298240925,40.732894502837084],[23.748394999010813,40.80443152065935],[23.63469794700886,40.7727542745656],[23.632977518542063,40.71316870327654],[23.709055933459055,40.63003500576677],[23.785174402697336,40.477191530424975],[23.923703226549875,40.45080908413591],[24.295352015002024,40.17649038906755],[24.22063544700886,40.14484747524919],[24.054778131945383,40.260882936674975],[24.04777816246296,40.30835684414568],[23.923533472521555,40.34528311367693],[23.77477363060261,40.39276465054216],[23.72216895530964,40.34824331875505],[23.627234491808665,40.34528311367693],[23.65880111168171,40.28726156826677],[23.651745829088938,40.22922857876482],[23.80366424034382,40.15539129849138],[23.86865905235554,40.16067465420427],[23.920109781725657,40.05519827480974],[23.90661719749714,39.99719580288591],[23.796032938463938,39.986651979643725],[23.595772776110422,40.19231756802263],[23.442486795885813,40.255607210356615],[23.349078211291086,40.28197821255388],[23.291760477526438,40.28726156826677],[23.29313949058796,40.245055757719896],[23.259058985216868,40.22922857876482],[23.321034464342844,40.15539129849138],[23.366839441759836,40.107928835112475],[23.436467203600657,40.04465445156755],[23.5233488411739,40.01828726406755],[23.592185053332102,40.00246389980974],[23.63858512352253,39.96034201260271],[23.59689048240925,39.93405493374529],[23.374392542345774,39.95508917446794],[23.2605257363155,39.970870577055834],[23.276309046252024,40.04992254849138],[23.214777979357493,40.18176611538591],[23.1411409706905,40.26615484829607],[22.960160288317454,40.31470831509294],[22.748055490954172,40.482467256743334],[22.863902124865305,40.53522833462419],[22.87546256492878,40.59632452603044],[22.851946863634836,40.65133627529802],[22.769967112047922,40.66717108364763],[22.701254877550852,40.57744940396013],[22.49206641624714,40.498290621001146],[23.26716444658213,42.048940581207574],[23.730686077916616,42.175355571571515],[27.494702372057688,42.40090139980974],[27.607871088488352,42.41677816982927],[27.72253325889851,42.316215120512865]]],[[[28.469845804674875,36.738307558257006],[28.266922983629954,36.71240957852068],[28.014189753039133,36.52716406460466],[27.911902460558665,36.69894369717302],[27.941855463488352,36.756339632231615],[28.05103972862507,36.83301504727068],[27.998808893664133,36.90936621304216],[27.553477320177805,36.91482504482927],[27.308110270006907,36.920707308012865],[27.26863006065632,37.04168280239763],[27.525639566881907,37.13141211147966],[27.492524179919016,37.2396732198781],[27.364632639391672,37.328631960112475],[27.16040709923054,37.36008032437029],[27.122561487658274,37.49385031338396],[27.14108565758015,37.64686545010271],[27.17978385399128,37.77442892666521],[27.139773401720774,37.889091097075365],[26.961377176745188,37.946105562407396],[26.679331812365305,38.104938112456225],[26.512320551378977,38.06634863491716],[26.393214258654368,38.104362093169115],[26.391598734362375,38.21912726040544],[26.468710932238352,38.44475897427263],[26.52741149376179,38.41824301357927],[26.74245170067097,38.27838858242693],[26.997431787951243,38.40005835171404],[26.81967452476765,38.52725180264177],[26.828822168810618,38.58296164150896],[26.695696863634836,38.640765749174975],[26.70947173546101,38.698573671538256],[26.966380152209055,38.76993139858904],[27.03491309593464,38.821097933012865],[27.004220041735422,38.884826265532396],[26.93680289696003,38.92456396694841],[26.785336527331125,38.940333925444506],[26.789847406847727,39.02442511196794],[26.870751413805735,39.055968843657396],[26.79713920067097,39.12955816860857],[26.707943949206125,39.182128511626146],[26.70405486534382,39.250472627837084],[26.602242502672922,39.255729280669115],[26.720158609850657,39.33724936123552],[26.853512796862375,39.46076925869646],[26.926152262194407,39.476546846587084],[26.95751861046101,39.54832800503435],[26.804265055163157,39.56715353604021],[26.54617789696003,39.51334723110857],[26.13897612999226,39.43973883267107],[26.064057383044016,39.45551260586443],[26.08488753746296,39.60400732632341],[26.141903910143625,39.660583101469896],[26.14070609520222,39.74998053188982],[26.127575907213938,39.878558717924975],[26.18600943992878,39.99719580288591],[26.320334467394602,39.99192389126482],[26.403052362902415,40.17649038906755],[26.481711420519602,40.187038027007006],[26.765282663805735,40.37694128628435],[26.99647429893757,40.371661745268725],[27.05612472008015,40.42969473477068],[27.271754297716868,40.45080908413591],[27.329234156115305,40.355834566313646],[27.449610743029368,40.30979498501482],[27.52599433372761,40.297137819487475],[27.763894114001047,40.28725393887224],[27.830164942248118,40.34528311367693],[27.799843821032297,40.403319917876146],[27.67928794334675,40.4613529073781],[27.807831797106516,40.50357016201677],[27.953805002672922,40.48773916836443],[28.006459269030344,40.45080908413591],[27.90821746300007,40.35055502529802],[28.003991159899485,40.36212881680193],[28.477719339831125,40.39510305996599],[28.756440195544016,40.37645300503435],[28.92675689171101,40.355834566313646],[29.052424463732493,40.33473166104021],[29.12228682945515,40.413871370512865],[29.083527597887766,40.45607718105974],[28.87321570823933,40.471908174712084],[28.777958902819407,40.524676881987475],[28.901621851427805,40.62010534878435],[29.525197061999094,40.68828924771013],[29.713147196276438,40.693561159331225],[29.882718119128,40.746356569487475],[29.68344596336628,40.7516361105031],[29.417172464831125,40.741073213774584],[29.320355448229563,40.741073213774584],[29.289643320544016,40.806686006743334],[29.01453307579304,40.97867163296404],[29.16120818565632,41.21636541958513],[29.577780756457102,41.153365694243334],[30.137623819811594,41.131835542876146],[30.256087336046946,41.18466528530779],[30.74480536888386,41.04032477017107],[31.217682871325266,41.05409201260271],[31.404126200182688,41.163539491850756],[31.38566688011433,41.28504141445818],[31.66638854454304,41.3948131429738],[31.871287378771555,41.49144323940935],[32.418982538683665,41.74916800137224],[32.687911066515696,41.845973573882006],[33.15546325157429,41.94960745449724],[33.55554107139851,41.982501589018725],[33.89665511558796,41.95108374233904],[34.30390075157429,41.89411886807146],[34.66290954063679,41.87558325405779],[35.001868280871165,42.04316290493669],[35.09883025596882,41.80586203213396],[35.286074671252024,41.67147787686052],[35.41143706749226,41.626815401274584],[35.67785552452351,41.62093313809099],[35.95779326866413,41.68564566250505],[36.16136840294148,41.35250052090349],[36.38289550255085,41.23751791592302],[36.641245874865305,41.31498297329607],[36.81701186607624,41.28968390103044],[37.252825769884836,41.02772101040544],[37.821841272814524,41.00963171597185],[38.31396392296101,40.92090185757341],[38.65118316124226,40.921569429594896],[39.13864425133015,41.04431875820818],[39.37017730186726,41.06399878140154],[39.66300490806843,41.00049551602068],[40.00671294639851,40.95632895107927],[40.36101439903523,40.96344336147966],[40.60989287803913,41.02802618618669],[41.29311660240437,41.28582342739763],[41.48396209190632,41.436542116362475],[41.51625822046989,41.46200694552765],[42.671128696774815,40.65932502760655],[42.31368966141655,39.984162405263135],[42.01872135056733,39.183534132958144],[41.808029699960755,38.67787417150237],[41.00740142765578,38.34076753053185],[39.616836533652375,37.83510756907606],[37.59419668782927,37.16089428713502],[37.38350503722269,36.61309599555793],[37.026331897552225,35.74992757468766],[36.8778450757669,35.391084422039796],[35.85191634605671,34.492946230132006],[35.7507543892696,34.74680670376482],[35.80885222862507,35.01379736538591],[35.841380152209055,35.04263266201677],[35.796431574328196,35.270717226225756],[35.60734084556843,35.41754492397966],[35.663958582384836,35.45949514980974],[35.680430445177805,35.52767141934099],[35.7331762642696,35.58536108608904],[35.69143203209187,35.68502005215349],[35.739504847033274,35.690265260893725],[35.85594466636921,35.83450277920427],[35.829051050646555,35.884784303862475],[35.71850493858601,36.09155615444841],[35.66494658897663,36.133529268462084],[35.70863250206257,36.21223410244646],[35.81413775274349,36.298491898804144],[35.81724074791218,36.30102881069841],[36.09526351402546,36.48246344204607],[36.10452178428913,36.56117209072771],[36.0824308724239,36.62153204556169],[35.95679381798054,36.74749334927263],[35.89087584923054,36.77111395474138],[35.67174056480671,36.60578497524919],[35.56761458824421,36.58741720791521],[35.50617125938679,36.55855520840349],[35.54760268638874,36.54018362637224],[35.49458983848835,36.443099580962084],[35.41708281944538,36.43260534878435],[35.38869765709187,36.45359381313982],[35.35417846153523,36.414237581450365],[35.22052672813679,36.38800390835466],[35.07137206505085,36.4877086507863],[34.869910273058665,36.576922975737475],[34.66238311241413,36.64777334805193],[34.4851293892696,36.62678106899919],[34.103220972521555,36.38032492275896],[33.95171264122273,36.251578890044115],[33.95405486534382,36.15975912686052],[33.89098266075398,36.13877447720232],[33.83587554405476,36.10729559536638],[33.833697351916086,36.07057150479021],[33.753176722033274,36.14664038296404],[33.481699976427805,36.05428274746599],[33.171336206896555,35.97088202114763],[32.904116663439524,35.97669561978044],[32.64034179161335,36.00799902554216],[32.334979090197336,36.12836798306169],[31.902007135851633,36.4968639242238],[31.370690378649485,36.71234472866716],[30.905310663683665,36.794215761382006],[30.593590769274485,36.76173361416521],[30.5400667519405,36.64696081753435],[30.496651682360422,36.37298163052263],[30.47283271263386,36.18825491543474],[30.394862207873118,36.11804541226091],[30.27989295433308,36.11780508633318],[30.16613105247761,36.18761786099138],[29.661955866320383,36.07834585781755],[29.471932444079172,36.09069403286638],[29.298188242419016,36.17311819668474],[29.00225165794636,36.69479712124529],[28.813527140124094,36.535155855376146],[28.469845804674875,36.738307558257006]]],[[[24.690066370470774,35.09244116421404],[24.324357065661204,35.207789980132006],[24.01319793175007,35.210414491850756],[23.785594019396555,35.26285132046404],[23.56772330711628,35.25498160000505],[23.513134989245188,35.275958620268725],[23.46688559959675,35.31790503140154],[23.52943900535847,35.569625459868334],[23.671465906603586,35.572249971587084],[23.66908744285847,35.61158331509294],[23.66513350914265,35.66665609951677],[23.69665625999714,35.69812353726091],[23.73367789696003,35.627318941313646],[23.742875132067454,35.561759554106615],[23.879452738268625,35.5524173605031],[23.956812891466868,35.52767141934099],[24.039004358752024,35.561759554106615],[24.03326323936726,35.59847220059099],[24.081856760485422,35.61158331509294],[24.15267661522175,35.5643802511281],[24.13581756065632,35.522426210600756],[24.091456446154368,35.519801698882006],[24.07332328270222,35.49620398159685],[24.113204035265696,35.485717378813646],[24.177744898302805,35.46998556729021],[24.219702753527415,35.449000917632006],[24.229603800280344,35.39131888027849],[24.388283762438547,35.37296637173357],[24.768567118151438,35.4280277120656],[24.997481379015696,35.421020113188646],[25.013600382311594,35.362479768950365],[25.10009101341511,35.34674795742693],[25.374018702013743,35.31790503140154],[25.511635813219797,35.294765077788256],[25.673207315905344,35.34936865444841],[25.7135343880489,35.327010713774584],[25.668467554552805,35.186820589262865],[25.741803202135813,35.13700445767107],[25.7889738411739,35.13700445767107],[25.93549254844929,35.21303518887224],[26.064152750475657,35.239249788481615],[26.09935286949421,35.21564825649919],[26.168826136095774,35.2471080648488],[26.273509058459055,35.3126598226613],[26.236044916613352,35.22876318569841],[26.242667231066477,35.14487417813005],[26.160485300524485,35.024283968169115],[25.89868071983601,35.04525717373552],[25.741736444933665,35.00885351772966],[25.590724024279368,35.016418062407396],[24.69346717308308,34.94047125454607],[24.71563819359089,35.03477057095232],[24.690066370470774,35.09244116421404]]],[[[22.813431772692454,39.602740846831225],[23.074168238146555,39.413451753813646],[23.23608497093464,39.20315893765154],[23.158499750597727,39.14007910366716],[23.051917108996165,39.10328634854021],[23.09980681846882,39.18738516445818],[23.045252832873118,39.27149923916521],[22.981301340563547,39.329330049712084],[22.91898635338093,39.34510382290544],[22.850853952868235,39.36613043423357],[22.720257791979563,39.2872691976613],[22.76605895469929,39.20278891201677],[22.834883722765696,39.16636236782732],[22.871062311632883,39.02434881802263],[22.7842130989864,38.940333925444506],[22.49049857567097,38.87685354824724],[22.602313074572336,38.8562389242238],[22.723288568957102,38.793170534331225],[22.89937308738972,38.766891084868334],[22.984231028063547,38.6670413839406],[23.099801096422922,38.67229803677263],[23.169491800768625,38.6670413839406],[23.190995249254954,38.610343538481615],[23.356156382067454,38.489501558501146],[23.493844065172922,38.48313101406755],[23.55576613853718,38.351764284331225],[23.682751688463938,38.34651144619646],[23.80394843529011,38.34651144619646],[23.960743936999094,38.20991476650896],[23.966990503771555,38.15213354702654],[23.88002494285847,38.115356050688646],[23.987299952013743,37.763427339751146],[23.918181452257883,37.68464239712419],[23.835513147814524,37.68464239712419],[23.73368361900593,37.85785635586443],[23.63414863060261,37.87897833462419],[23.540715250475657,38.00410040493669],[23.49570182274128,38.06807669277849],[23.41925719688679,38.06807669277849],[23.19584182213093,38.00503882046404],[22.980614695055735,37.95776709194841],[22.89805701683308,37.899989687163256],[23.039967569811594,37.85796698208513],[23.045392069323313,37.773578249174975],[23.04887488792683,37.642631136137865],[23.151383432848704,37.59012182827654],[23.22054770897175,37.601825319487475],[23.321707758410227,37.637382112700365],[23.312159571154368,37.54810675259294],[23.4181242317989,37.46934088345232],[23.184979471667063,37.427333437163256],[23.18579200218464,37.37482794399919],[23.10956481407429,37.34664114590349],[22.970976862414133,37.38532217617693],[23.025345835192454,37.479842745024584],[22.942069086535227,37.518390260893725],[22.7132902474239,37.54343374844255],[22.642317804796946,37.584865175444506],[22.638745340807688,37.49228628750505],[22.726239237292063,37.28850897427263],[22.813349756701243,37.212054811674975],[22.793108973009836,37.13855703945818],[22.88688758323933,37.0466800558156],[22.982552561266672,36.61475332852068],[22.673554453356516,36.75428351040544],[22.5244474739864,36.722125612456225],[22.390296015246165,36.524371706206225],[22.19140723655964,36.85523565884294],[21.98417190025593,37.02048071499529],[21.780915293200266,36.82254370327654],[21.5881681771114,36.98144110317888],[21.531443628771555,37.11514624233904],[21.62650016258503,37.306518160063646],[21.61370757530476,37.414847933012865],[21.51731399009968,37.535758577544115],[21.296347650988352,37.72654303188982],[21.22113135765339,37.828395448882006],[21.228430780871165,37.904906831938646],[21.440451654894602,38.17951544399919],[21.714499506457102,38.13544043179216],[21.905766520006907,38.26973684902849],[21.996687921984446,38.2507816183156],[22.747214350207102,37.95260580654802],[22.89865592430378,37.99755438442888],[23.116345438463938,38.157394014555834],[22.996743235094797,38.17934378262224],[22.875638041003,38.20460089321794],[22.33374122093464,38.42670782681169],[21.826472315294993,38.46395834561052],[21.661257776720774,38.438109956938646],[21.36445525596882,38.412005983549975],[21.17240432213093,38.347838960844896],[20.77183059166218,38.85093268032732],[20.89259818504597,38.895831667143725],[21.006508860094797,38.870544038969896],[21.104685816271555,38.92177542324724],[21.159516367419016,39.00482519741716],[21.007184061510813,39.11298712368669],[20.901148828966868,39.061732851225756],[20.677752527697336,39.08042486782732],[20.211808237536204,39.404925905424975],[20.12238219688679,39.551009737212084],[20.090828928454172,39.602531038481615],[21.58163124172954,39.68919409441392],[22.695097956164133,39.83448370571794],[22.754473719103586,39.81834753628435],[22.813431772692454,39.602740846831225]]],[[[16.1874113411739,41.84086187954607],[16.198414835436594,41.74566992397966],[15.989146265490305,41.63464697476091],[15.873253855211985,41.50214346523943],[15.991044077379954,41.40614279385271],[16.42026809166218,41.2787242757863],[16.94596389244343,41.09381445522966],[17.319272074206125,40.929252229887865],[18.033919367296946,40.59665258999529],[18.059941324694407,40.513534151274584],[18.38361266563679,40.30775030728044],[18.522648844225657,40.09413107510271],[18.433678659899485,39.89840658779802],[18.364918741686594,39.746722780424975],[18.16013053367878,39.873134218413256],[18.017067942126047,39.947894655424975],[17.96774581383015,40.16689261074724],[17.849604639513743,40.243495546538256],[17.619149240954172,40.28783758755388],[17.401650461657297,40.29192694302263],[17.204171213610422,40.397941194731615],[17.242802652819407,40.49576147671404],[17.08408072899128,40.525111757475756],[16.948712381823313,40.48109015103044],[16.84413054893757,40.36313589688005],[16.727564844591868,40.18360479946794],[16.604413065417063,40.08990820522966],[16.623852762682688,39.96775396938982],[16.53500655601765,39.83156546230974],[16.532101664049875,39.69751318569841],[16.873986277086985,39.54365118618669],[17.149069818957102,39.4218021261281],[17.107419046862375,39.28047140713396],[17.120997461779368,39.08602102871599],[17.18071273277546,39.022208772856615],[17.094689402086985,38.915023409087084],[16.797699961169016,38.92585714932146],[16.61332992027546,38.82732733364763],[16.52220252464558,38.7250247823781],[16.57200149009968,38.457118593413256],[16.330693277819407,38.32074316616716],[16.052943262560618,37.93117483730974],[15.78523734520222,37.9097057210988],[15.710227045519602,37.94143637295427],[15.627475771410715,38.004211031157396],[15.62657741020466,38.2330814230031],[15.790868792040598,38.29639776821794],[15.933466944201243,38.539916597563646],[15.827300104601633,38.622733675200365],[15.989846262438547,38.73476370449724],[16.15220931480671,38.70126684780779],[16.21222594688679,38.777953706938646],[16.177208933336985,38.93099173184099],[16.082562479479563,39.01247366543474],[15.989552530749094,39.42835196133318],[15.824671778185618,39.660628877837084],[15.757021936877024,39.93362768765154],[15.666200670702707,40.09186133022966],[15.76654168498807,40.574099026961534],[15.597988364502797,41.079758988417325],[15.448605570299875,41.8567272054738],[16.012843164904368,41.904323183257006],[16.1874113411739,41.84086187954607]]],[[[35.59955504844929,45.10174139614763],[35.386660608752024,45.08192404385271],[35.06732085655476,44.86172445889177],[34.61416152427937,44.8414684164113],[34.37224105308796,44.75717505093279],[34.331940000000145,44.543610000000115],[33.955544,44.38110400000011],[33.62387100000012,44.452209],[33.39549544761921,44.600490175444506],[33.55443600000012,44.623604],[33.527960997776255,44.87179156105513],[35.041974121967556,45.372209112081855],[35.063418421252024,45.34009894009294],[35.17767841461533,45.33156429169576],[35.2763671875,45.302148437499994],[35.399023437500006,45.25537109375],[35.4390625,45.275439453124996],[35.42617187500002,45.294970703124996],[35.35848902795352,45.331876713762966],[35.54621795128132,45.37989386196794],[35.6625610823021,45.404935129797394],[35.711777464561195,45.071935738086694],[35.59955504844929,45.10174139614763]]]]}},{"type":"Feature","properties":{"name":"Volga Bulgars","subject":"Volga Bulgars","partOf":"Bulgars","borderPrecision":1,"color":"#b69578"},"geometry":{"type":"MultiPolygon","coordinates":[[[[41.23911572686134,59.88481241972218],[44.45045665485198,58.93642459737193],[48.60792522187434,57.7086220534561],[53.97646398874319,57.7086220534561],[53.92448387264525,57.601384527021416],[55.70905991815804,57.19766715162802],[55.06188193288802,51.14984849060609],[50.86510099928831,51.5474596278338],[45.40194318408457,52.06504975849007],[44.82601345850744,52.11961445385375],[40.02833937701965,52.47757448840467],[42.17080041598191,56.39902282214345],[41.23911572686134,59.88481241972218]],[[48.46806640625002,54.1244140625],[48.56679687500002,54.097509765625],[48.661230468750006,54.037890625],[48.81337890625002,53.938671875],[48.8828125,53.86591796875],[48.903125,53.8275390625],[48.87675781250002,53.754296875],[48.86542968750001,53.64765625],[48.95585937500002,53.5353515625],[49.0087890625,53.45966796875],[48.99189453125001,53.439794921875],[49.1064453125,53.40498046875],[49.20498046875002,53.367578125],[49.20585937500002,53.337548828125],[49.13652343750002,53.308935546875],[48.9248046875,53.309033203125],[48.759375,53.323779296874996],[48.80078125,53.280566406249996],[49.09414062500002,53.269580078124996],[49.22988281250002,53.284228515624996],[49.25771484375002,53.352099609374996],[49.31611328125001,53.40224609375],[49.494726562500006,53.435986328125],[49.85185546875002,53.426025390625],[49.90478515625,53.45673828125],[49.88164062500002,53.485595703125],[49.56083984375002,53.498779296875],[49.246679687500006,53.502099609375],[49.08671875000002,53.534033203125],[49.06298828125,53.606591796875],[49.071875,53.71328125],[49.09111328125002,53.7939453125],[49.12675781250002,53.824755859374996],[49.18984375000002,53.807421875],[49.279296875,53.728125],[49.31035156250002,53.722314453125],[49.34453125000002,53.6982421875],[49.36894531250002,53.69482421875],[49.37177734375001,53.73046875],[49.350683593750006,53.770166015625],[49.32021484375002,53.791308593749996],[49.26972656250001,53.818017578125],[49.21914062500002,53.87802734375],[49.217871093750006,53.934423828125],[49.30878906250001,53.973046875],[49.44121093750002,54.0376953125],[49.53681640625001,54.12666015625],[49.66640625000002,54.159375],[49.7421875,54.190722656249996],[49.72734375000002,54.22509765625],[49.56328125000002,54.179443359375],[49.39531250000002,54.119775390625],[49.27519531250002,54.070703125],[49.02031250000002,54.015185546874996],[48.84765625,54.04541015625],[48.80888671875002,54.098681640624996],[48.79804687500001,54.130810546875],[48.755859375,54.150341796875],[48.65898437500002,54.1708984375],[48.549414062500006,54.240527343749996],[48.49941406250002,54.334375],[48.52958984375002,54.39423828125],[48.63125,54.435009765625],[48.78652343750002,54.44736328125],[48.86406250000002,54.462255859375],[48.86298828125001,54.5009765625],[48.89501953125,54.527978515625],[48.908789062500006,54.549560546875],[48.8955078125,54.58154296875],[48.94257812500001,54.616552734375],[48.97314453125,54.6412109375],[48.97607421875,54.666943359375],[48.986328125,54.72763671875],[49.080664062500006,54.775732421875],[49.09785156250001,54.80048828125],[49.0302734375,54.80869140625],[48.969335937500006,54.828125],[48.93984375000002,54.901660156249996],[49.00849609375001,54.970068359375],[49.13642578125001,54.997851562499996],[49.22441406250002,55.02333984375],[49.31972656250002,55.01376953125],[49.39609375,55.016064453125],[49.44550781250001,55.051611328125],[49.4521484375,55.0736328125],[49.46074218750002,55.114111328125],[49.52324218750002,55.13388671875],[49.692480468750006,55.190722656249996],[49.81074218750001,55.24365234375],[49.89199218750002,55.293701171875],[50.734472656250006,55.407080078125],[50.76357421875002,55.428857421875],[50.87714843750001,55.45205078125],[51.07109375000002,55.4150390625],[51.12978515625002,55.393017578125],[51.18427734375001,55.357421875],[51.21875,55.400146484375],[51.19843750000001,55.441162109375],[51.17421875000002,55.4634765625],[51.20585937500002,55.488720703125],[51.41044921875002,55.441015625],[51.52373046875002,55.50302734375],[51.55019531250002,55.558398437499996],[51.61503906250002,55.565380859375],[51.714453125,55.592822265624996],[51.72773437500001,55.643017578125],[51.74843750000002,55.67529296875],[51.79960937500002,55.683935546875],[51.885839843750006,55.670849609375],[51.9365234375,55.699072265625],[51.87470703125001,55.70361328125],[51.76347656250002,55.720458984375],[51.63496093750001,55.6458984375],[51.521484375,55.63232421875],[51.46083984375002,55.700976562499996],[51.47158203125002,55.79501953125],[51.48027343750002,55.83271484375],[51.44814453125002,55.812304687499996],[51.413671875,55.774462890624996],[51.398046875,55.684912109375],[51.46660156250002,55.58984375],[51.46914062500002,55.511279296874996],[51.41386718750002,55.494384765625],[51.35341796875002,55.495556640625],[51.3310546875,55.49892578125],[51.254980468750006,55.526171875],[51.12578125000002,55.501123046875],[50.83388671875002,55.479541015624996],[50.67519531250002,55.450634765625],[50.4814453125,55.4599609375],[50.37910156250001,55.430517578125],[50.22480468750001,55.438427734375],[50.08955078125001,55.46279296875],[49.99990234375002,55.4150390625],[49.78828125000001,55.38349609375],[49.58281250000002,55.390234375],[49.45488281250002,55.403613281249996],[49.37128906250001,55.464794921875],[49.36767578125,55.524267578125],[49.36738281250001,55.544384765625],[49.32900390625002,55.5177734375],[49.33193359375002,55.4515625],[49.328125,55.37890625],[49.358007812500006,55.3390625],[49.303320312500006,55.323388671875],[49.233496093750006,55.337939453124996],[49.18886718750002,55.381201171875],[49.11953125000002,55.475927734375],[49.05898437500002,55.482666015625],[49.04765625000002,55.442822265625],[49.103515625,55.352880859375],[49.17226562500002,55.29267578125],[49.15947265625002,55.1630859375],[48.97685546875002,55.073974609375],[48.859472656250006,55.01162109375],[48.86376953125,54.87080078125],[48.83154296875,54.803662109375],[48.808203125,54.73291015625],[48.7451171875,54.675048828125],[48.55146484375001,54.652197265625],[48.41582031250002,54.59716796875],[48.40458984375002,54.452490234375],[48.39873046875002,54.336669921875],[48.378027343750006,54.23115234375],[48.387304687500006,54.16796875],[48.46806640625002,54.1244140625]]]]}},{"type":"Feature","properties":{"name":"Duchy of Swabia","subject":"Holy Roman Empire","partOf":"Holy Roman Empire","borderPrecision":1,"color":"#b47c6f"},"geometry":{"type":"MultiPolygon","coordinates":[[[[7.81339,47.46217],[8.51039,48.72064],[9.99117,48.81617],[10.65991,47.69365],[10.06282,46.47558],[8.47501,46.40849],[8.41115,47.46217],[7.81339,47.46217]],[[9.09632,47.66604],[9.17793,47.66433],[9.19123,47.64805],[9.30006,47.61073],[9.3824,47.57123],[9.38681,47.54431],[9.43744,47.51895],[9.43576,47.50652],[9.46622,47.49633],[9.48189,47.48171],[9.52988,47.48141],[9.561,47.50049],[9.59838,47.48729],[9.64135,47.50711],[9.64783,47.48811],[9.66583,47.49599],[9.67807,47.48883],[9.69925,47.50628],[9.74281,47.50464],[9.75237,47.51077],[9.71242,47.55062],[9.68034,47.54266],[9.68024,47.55631],[9.65315,47.55618],[9.62819,47.5704],[9.60671,47.57248],[9.60088,47.58531],[9.56336,47.58475],[9.53393,47.59678],[9.50226,47.64637],[9.48817,47.65151],[9.46608,47.64798],[9.42118,47.66595],[9.34763,47.66092],[9.2878,47.68377],[9.23725,47.71148],[9.22578,47.73935],[9.13238,47.77234],[9.1057,47.79245],[9.04297,47.81762],[9.03061,47.80499],[9.06687,47.77953],[9.17365,47.73444],[9.1798,47.70459],[9.20132,47.70741],[9.18805,47.69931],[9.21148,47.68279],[9.21788,47.66631],[9.12427,47.6707],[9.11252,47.68572],[9.08139,47.68321],[9.04332,47.69346],[9.04818,47.70827],[9.08447,47.68972],[9.10902,47.69016],[9.10092,47.70242],[8.98718,47.74341],[9.01402,47.71961],[8.95924,47.73739],[8.93997,47.72618],[8.9943,47.70671],[9.00635,47.69476],[8.99459,47.68441],[8.93573,47.659],[8.89425,47.65198],[8.85976,47.6572],[8.90653,47.6447],[8.96097,47.65681],[8.9835,47.66998],[9.06571,47.67422],[9.09017,47.673],[9.09632,47.66604]]]]}},{"type":"Feature","properties":{"name":"Poland","subject":"Poland","partOf":"Poland","borderPrecision":1,"color":"#8f9a74"},"geometry":{"type":"MultiPolygon","coordinates":[[[[14.679755978926874,50.90924066074824],[14.728939020950449,51.130564349854325],[14.134137326119102,52.408925709401345],[13.60711570693274,52.31603148843025],[13.569641371810796,53.22034592673583],[13.43473455620156,54.0310937961782],[13.667614969713938,54.084167085844896],[13.737782511217844,54.03028830166521],[13.76432612846638,53.87718542690935],[13.780499491198313,53.77517660732927],[13.850170168383372,53.72928961392107],[14.009740862353098,53.673209749419115],[14.176863703234446,53.68340643521013],[14.189576181872141,53.6247936117238],[14.280191454394114,53.61341818447771],[14.378188430920938,53.60111556019411],[14.433155092699778,53.59421499844255],[14.537060770495188,53.538165651518725],[14.495303186877024,53.6247936117238],[14.56530097435261,53.69359930630388],[14.556940111620676,53.75988348599138],[14.482524904711497,53.8185306417531],[14.472936663134348,53.87677725430193],[14.467412027819407,53.91035040493669],[14.580244322217496,53.9290180912011],[14.885758432848704,53.97956427212419],[15.079682383044016,54.00251730557146],[15.31168940971638,54.071002565581225],[15.898360285265696,54.128402315337084],[16.114680323107493,54.19960745449724],[16.473248514635813,54.41503485317888],[16.975901636584055,54.549308382231615],[17.65761283348347,54.6854625570363],[18.279448542101633,54.724120699126146],[18.759530100329172,54.5364147054738],[18.36291602562214,54.66889151211443],[18.338496241076243,54.602645479399584],[18.453806910021555,54.52537878628435],[18.51315597008015,54.315780245024584],[18.673077616198313,54.25514181729021],[18.684934699163804,54.25402242200741],[18.964976343615305,54.227584444243334],[19.117781112019074,54.253722181331696],[19.431387729364744,53.38343235164721],[19.5649825168084,53.459772230186445],[20.07830405901042,53.66510084706724],[20.07830405901042,53.511104384406636],[20.386296984331622,53.511104384406636],[20.42824509866496,53.778147713556336],[20.709395381809642,53.75806555047458],[20.809806197218464,53.63757257198401],[21.104947143414464,53.81909730972785],[21.46427222295587,53.81909730972785],[24.169444165923593,54.280238884479104],[24.348282690453473,51.90500303511092],[24.306529618417844,51.77974381900401],[24.144483036438615,51.293604073066234],[24.131951941103054,48.811120856545],[21.7706786242032,49.591705278232865],[21.7706786242032,49.742980371796946],[21.768063558826285,49.743677722564115],[21.316853343510914,49.86400044664822],[21.286598324798106,49.77323539050977],[21.13532323123401,49.83374542793541],[20.984048137669916,49.742980371796946],[20.893283081531493,49.83374542793541],[20.802518025393013,49.83374542793541],[20.893283081531493,49.742980371796946],[20.681497950541754,49.652215315658495],[20.53022285697766,49.803490409222576],[20.348692744700756,49.742980371796946],[20.015887538859758,49.803490409222576],[19.8948674640085,49.47068520338159],[19.713337351731596,49.53119524080722],[19.5620622581675,49.53119524080722],[19.5620622581675,49.712725353084124],[19.380532145890598,49.803490409222576],[19.13849199618805,49.712725353084124],[19.108236977475215,49.591705278232865],[18.926706865198312,49.62196029694567],[18.522176655414867,49.56107151341769],[18.47847432057335,49.49988824463957],[14.679755978926874,50.90924066074824]]],[[[14.174167665941965,53.90676077480974],[14.205406221850168,53.81320532437029],[14.145425829394114,53.8264537679738],[14.068350824816477,53.84347494717302],[14.02871707390095,53.86548193569841],[13.827770266039622,53.82971914883318],[13.777402910692942,53.94862326260271],[13.778410944445383,54.04440649624529],[14.069946321947825,53.917769991118334],[14.174167665941965,53.90676077480974]]],[[[14.227241548998606,53.909511171538256],[14.305262598498118,53.91501959438982],[14.424838098986399,53.91501959438982],[14.472936663134348,53.87677725430193],[14.459070238573801,53.81871374722185],[14.333859476549875,53.82971914883318],[14.247895273669016,53.815963350493334],[14.227241548998606,53.909511171538256]]]]}},{"type":"Feature","properties":{"name":"Prussians","subject":"Prussians","partOf":"Prussians","borderPrecision":1,"color":"#8aa0a8"},"geometry":{"type":"MultiPolygon","coordinates":[[[[21.031875840944984,55.61430821955151],[25.197573127585738,54.83114502075262],[24.169444165923593,54.280238884479104],[21.46427222295587,53.81909730972785],[21.104947143414464,53.81909730972785],[20.809806197218464,53.63757257198401],[20.709395381809642,53.75806555047458],[20.42824509866496,53.778147713556336],[20.386296984331622,53.511104384406636],[20.07830405901042,53.511104384406636],[20.07830405901042,53.66510084706724],[19.5649825168084,53.459772230186445],[19.431387729364744,53.38343235164721],[19.117781112019074,54.253722181331696],[19.25500396202351,54.27719458218279],[19.733597788317454,54.461173616606615],[19.757716211779368,54.45917471523943],[19.317608866198313,54.27167852993669],[19.23206237266804,54.222072206694506],[19.230307611925852,54.16696890469255],[19.32809928367878,54.16145285244646],[19.45682242821003,54.21656378384294],[19.570403223141696,54.25508398136884],[19.733119043810618,54.310268007475756],[19.914581807227407,54.39466250885789],[19.97753814171101,54.423942171294115],[20.18864539573933,54.52197607632341],[20.326712641222727,54.56400641079607],[20.194232019884836,54.57504614468279],[20.00570395897175,54.54745825405779],[19.938118967516672,54.608172975737475],[19.88181022117878,54.52537878628435],[19.833247217638743,54.53089865322771],[19.863169702990305,54.75173147793474],[19.942570719225657,54.84985693569841],[20.127097162707102,54.845641695219896],[20.797150644762766,54.817977510649584],[20.98520377586628,54.81164129849138],[21.13734343956257,54.845458589751146],[21.19194320152546,54.959579073149584],[21.113345179064524,55.08924444790544],[21.223853144152415,55.111449800688646],[21.19312194298054,55.16635092373552],[21.162322077257883,55.22138174648943],[21.143034967882883,55.25583990688982],[21.200932535631907,55.26139410610857],[21.21629622886921,55.3436656820363],[21.031875840944984,55.61430821955151]]]]}},{"type":"Feature","properties":{"name":"Baltic Tribes","subject":"Baltic Tribes","partOf":"Baltic Tribes","borderPrecision":1,"color":"#8b7fa6"},"geometry":{"type":"MultiPolygon","coordinates":[[[[21.018450769884836,55.63400992031755],[21.014815363390696,55.69705542202654],[20.99595740745808,56.024127565581225],[20.94544890831257,56.06995733853044],[20.916007074816477,56.096671663481615],[20.919519468945918,56.13669941147423],[22.631141834904707,56.276146827063236],[23.525993247131186,56.884039834294704],[23.767813715441477,56.8658824789113],[24.158383402331125,56.97548636074724],[24.266305002672922,57.03014715786638],[24.346499475939524,57.159720979887865],[24.322939905627024,57.33689077969255],[24.23618606041218,57.72816046353044],[24.325442347033274,57.83747061367693],[24.34564879844929,57.86221655483904],[24.415644678576243,57.94793280239763],[24.41440108726765,58.105887972075365],[24.48870072845212,58.20262733310452],[24.49678519676472,58.213153444487475],[24.331091913683665,58.30793341274919],[24.05835059593464,58.111529909331225],[23.90806868980671,58.22444876309099],[23.670859369738352,58.24138983364763],[23.69046500633503,58.665484987456225],[23.511870417101633,58.58087500210466],[23.36081984947468,58.767421327788256],[23.43197921226765,58.8580814230031],[23.337885889513743,58.97239264126482],[23.456978830797922,59.005492769438646],[23.41575721214558,59.11896475430193],[23.57018378685261,59.13807257290544],[24.032107386095774,59.17574270840349],[24.029559168322336,59.23541601772966],[24.281945261461985,59.28414114590349],[24.34156707237507,59.368880830962084],[24.537568125231516,59.323409639555834],[24.57092383812214,59.374328218657396],[24.71381286094929,59.351832948882006],[24.75122168968464,59.44846304531755],[25.24829009483601,59.36179693813982],[25.448794397814524,59.49396093960466],[25.489993128283274,59.420043550688646],[25.721121820910227,59.45984228726091],[26.343258890612375,59.446647249419115],[26.861901316149485,59.371749483305834],[26.99901679466511,59.31772955532732],[27.265091928942454,59.33804281826677],[27.524574479228292,59.3139687058209],[27.57017734727372,58.998974119472024],[27.523730468750017,59.00693359375],[27.298144531250017,58.994921875],[27.107324218750023,58.95419921875],[26.97412109375,58.88427734375],[26.96640625,58.805566406249994],[27.15673828125,58.64794921875],[27.236621093750017,58.45224609375],[27.32392578125001,58.401904296875],[27.42548828125001,58.303076171875],[27.47265625,58.216748046875],[27.4970703125,58.184130859375],[27.623828125000017,58.0142578125],[27.678320312500006,58.018505859375],[27.713273038097707,58.01056330516736],[27.95932683246563,56.31098570186206],[25.197573127585738,54.83114502075262],[21.031875840944984,55.61430821955151],[21.018450769884836,55.63400992031755]]]]}},{"type":"Feature","properties":{"name":"Samis","subject":"Samis","partOf":"Samis","borderPrecision":1,"color":"#b69578"},"geometry":{"type":"MultiPolygon","coordinates":[[[[20.157650980456125,69.747829042632],[20.28637603233601,69.78590735073747],[20.35831740806843,69.71038397427263],[20.27816489647175,69.58179052944841],[20.196503672106516,69.31769140835466],[20.552685770495188,69.52190741177263],[20.733939203722727,69.77918585415544],[21.102726969225657,69.81769140835466],[21.411963495714915,70.01541479702654],[21.60856154869343,69.96254309292497],[21.908072504503977,69.80404242153826],[22.16331008384968,70.09311255093279],[22.306448969347727,70.21561773892107],[22.745574030382883,70.1706043111867],[23.20360663841511,69.9427753316945],[23.29246810386921,70.01129492397966],[23.50840857933308,70.27907141323747],[23.827288660509836,70.47883947964372],[23.95485404442097,70.50205572720232],[24.207715067370188,70.47186621304216],[24.359614405138743,70.61029394741716],[24.570508036120188,70.7413822042531],[24.849038156969797,70.82660254116716],[25.38903144310261,70.90462835903826],[25.832055124743235,70.89776190396013],[25.23069289634968,70.55818518276872],[25.12242415855671,70.43524511929216],[25.074080500109446,70.14438208218279],[25.263024363024485,70.10654791470232],[25.574040445788157,70.3671375143117],[26.262717279894602,70.79074438687029],[26.606516870959055,70.9146228658742],[26.619105371935618,70.79908331509294],[26.617423090441477,70.39204748745622],[26.934350046618235,70.4692874776906],[27.131081614001047,70.5770755636281],[27.51601127098347,70.97030981655779],[27.9475431771114,71.01741369839372],[28.211159739001047,71.01790960903826],[28.308413538439524,70.94864996548357],[28.136439356310618,70.83272894497576],[27.98529151390339,70.71700628872576],[28.018929514391672,70.60945471401872],[27.8753996224239,70.42505987759294],[28.289725336535227,70.37221106167497],[28.388907465441477,70.57175024624529],[28.794812235338938,70.864772402007],[28.984337839586985,70.85741003628435],[29.74123099754597,70.60498388882341],[30.041438135607493,70.5441394674367],[30.46196082542683,70.53725012417497],[30.754202875597727,70.43041571255388],[30.798840555651438,70.30796393032732],[30.25187972496296,70.13114508267107],[29.7348966927364,70.1148944723195],[28.730080637438547,70.13592871304216],[28.817093882067454,70.09791906948747],[29.080019983752024,69.9612308370656],[29.555932077868235,69.8334003316945],[29.72857573936726,69.69756659146013],[30.05580619285847,69.72085913296404],[30.36129477928425,69.76681097622576],[30.73535827110554,69.75236090298357],[31.053782495959055,69.63959082241716],[31.331275019152415,69.66276129360857],[31.78220084617878,69.77701910610857],[32.07155898521687,69.8834949361867],[32.07601073692585,69.8153568136281],[32.190562281115305,69.64171179409685],[32.35172561119343,69.51367529507341],[32.59630874107624,69.42361792202654],[33.00963118980671,69.38669165249529],[33.28056624840046,69.34201391812029],[33.31560042808796,69.07128485317888],[33.628375086291086,69.21468695278826],[33.81804564903523,69.19247778530779],[34.30514815758015,69.1708255636281],[34.698889765246165,69.16405066128435],[34.93413833091999,69.149440370757],[35.43655303428913,69.15035589810076],[36.01827910850788,69.023707948882],[37.24586394737507,68.79349859829607],[37.68857863853718,68.62961157437029],[38.406443628771555,68.24269446011247],[38.66845229576374,68.14634283657732],[39.33470824669148,68.0359378683156],[39.91807082603718,67.9403797018117],[40.826052698595774,67.66004522915544],[40.973391565783274,67.5343738424367],[40.9508276314571,67.33465918179216],[41.01687148521687,67.20186194058122],[41.20882705162312,67.06946142788591],[41.25529769371296,66.93697699185076],[41.14697173546101,66.78226812954607],[40.83637908409382,66.56139715786638],[40.34514907310749,66.31864508267107],[39.977522882921946,66.20091589565935],[39.19002822349812,66.03870733853044],[38.78211120079304,66.00145300503435],[38.047869715197336,66.0073734151906],[37.42243102501179,66.0938220846242],[36.505225214464915,66.17248877163591],[35.771746668322336,66.25886877651872],[35.16772368858601,66.41150244351091],[34.15295318077351,66.62963446255388],[33.6512785286739,66.6801029073781],[33.43749144981648,66.70173987026872],[33.157725367052805,66.9144779073781],[32.990950617296946,66.987819277007],[32.64433959434773,67.04610022183122],[32.21943572471882,66.99374731655779],[32.3578214974239,66.92032965298357],[32.424727472765696,66.89102514858904],[32.75353911827351,66.64904364224138],[32.970862421496165,66.58338507290544],[33.469668421252024,66.31309851284685],[33.844214472277415,66.18213995571794],[34.258494410021555,66.10982855435076],[34.54369643638874,66.00083502407732],[34.726172480089915,65.79697760220232],[34.725588831408274,65.61499365444841],[34.60118773887898,65.48392828579607],[34.293414148791086,65.39624365444841],[30.603998127121553,64.93804540067741],[27.231594534992126,63.35447998456054],[23.130561750232246,63.78342849447229],[23.580285105211985,64.082057558257],[24.09403518150593,64.37656744595232],[24.47009375999714,64.635524355132],[24.931916269762766,64.81603582974138],[25.325089487536204,64.8023944723195],[25.351904901964915,64.93909796353044],[25.293414148791086,65.00389441128435],[25.132559809191477,65.07594641323747],[25.186125788195383,65.24265631313982],[25.251507791979563,65.41688879604997],[25.10361197899128,65.54012640591326],[24.59113982628132,65.58278235073747],[24.214800867541086,65.78590735073747],[23.947732004626047,65.7966800558156],[23.84408286522175,65.79847296353044],[23.40568831871296,65.72483404751482],[23.20402053306843,65.68075140591326],[22.798161539538157,65.85482367153826],[22.64555457542683,65.93478735562029],[22.489802393419993,65.88341864224138],[22.201569590075266,65.71528967495622],[21.957482370836985,65.44573553677263],[21.81872657249714,65.38013800259294],[21.522328409655344,65.37231024380388],[21.277346643908274,65.21227606411638],[21.42371276329304,65.10388525601091],[21.489449533922922,65.0171619283742],[21.32944205711628,64.89435156460466],[20.921193155749094,64.71382483120622],[21.064322504503977,64.59199865933122],[21.23704627464558,64.52054175015154],[21.385829004748118,64.38455542202654],[21.04889586876179,64.2191654073781],[20.873273399290948,64.03282247139006],[20.873273399290937,64.03282247139006],[20.866480860216868,64.02561529751482],[20.700659784777415,63.81812628384294],[19.984885248644602,63.51726873989763],[19.67027572105671,63.388541780669115],[19.46501258323933,63.480704866606615],[19.31822493980671,63.44482763882341],[19.07592681358601,63.202498995024584],[18.784991297228586,63.13801153774919],[18.486624750597727,62.98124273892107],[18.3889494271114,62.85337408657732],[18.303191217882883,62.78942450161638],[17.9674406380489,62.774623476225756],[17.868168863756907,62.788619600493334],[16.193076194139465,62.755664903942204],[14.34372061271587,62.94812856407893],[14.536054902202025,63.09760264133526],[17.009382981781513,67.24776331723984],[19.579979929430735,69.1810565816945],[19.82121375511433,69.36973150845232],[20.157650980456125,69.747829042632]]]]}},{"type":"Feature","properties":{"name":"Kyivan Rus","subject":"Kyivan Rus","partOf":"Rus","borderPrecision":1,"color":"#8aa0a8"},"geometry":{"type":"MultiPolygon","coordinates":[[[[41.56336471754116,47.90269838021419],[42.20738235012229,48.23741060162015],[42.73213745815135,47.93466954301784],[42.63672743850969,47.323836767189114],[41.61106972736198,47.34000280554647],[41.56336471754116,47.90269838021419]]],[[[37.713326,45.296097],[37.701378,45.558594],[37.637321,45.578823],[37.645821,45.449425],[37.603325,45.414986],[37.584579137197416,45.53072294942722],[37.606659,45.655266],[37.663483,45.618603],[37.705826000000116,45.621933],[37.66360500000013,45.656937],[37.89264357824038,45.83596323886442],[38.49735216470168,45.2392414658813],[38.26882228939438,44.42664604807006],[38.219704,44.383606],[37.98816784396294,44.59409810343682],[37.852776,44.699715],[37.78804800000012,44.724991],[37.823875,44.66331500000012],[37.813881,44.636101],[37.488319,44.66943400000012],[37.35395701904569,44.787327414560025],[37.296387,44.871651],[37.276375,44.931107000000104],[37.156280917772776,45.00321182291457],[36.962723068609726,45.061419837118734],[36.83093900109445,45.09340901031],[36.710815,45.099709],[36.621651,45.129433],[36.576096,45.19249],[36.7286,45.203316],[36.960541,45.274994],[36.96888,45.307487],[36.779709,45.38472000000011],[36.66943400000014,45.326096],[36.756943,45.416656],[36.896378,45.42360700000011],[37.057442867136324,45.36604065190876],[37.094147,45.340546],[37.077209,45.236382],[37.314713,45.269981000000136],[37.216385,45.298607],[37.397774,45.316376],[37.523041,45.362488],[37.58416,45.338326],[37.713326,45.296097]]],[[[36.549431,45.33887500000012],[36.497208,45.34137],[36.43277,45.275269],[36.404709,45.151932],[36.456940000000145,45.081100000000106],[36.23333,45.006104],[36.128593,45.021103],[36.004166000000104,45.004715],[35.834717000000126,44.991096],[35.788879,45.050545],[35.71888,45.08416],[35.68859900000012,45.326096],[35.863045,45.404427],[35.93277,45.37027],[36.035553,45.371368],[36.070824,45.428596],[36.149994000000106,45.461098],[36.290833,45.465271],[36.48526800000013,45.441376],[36.60582,45.419159],[36.636375,45.379715],[36.616936,45.331383],[36.549431,45.33887500000012]]],[[[27.170654277631343,47.97257464428307],[27.17052768677833,47.97286399480424],[24.297108496353147,48.756523774011114],[24.131951941103054,48.811120856545],[24.144483036438615,51.293604073066234],[24.306529618417844,51.77974381900401],[24.348282690453473,51.90500303511092],[24.169444165923593,54.280238884479104],[25.197573127585738,54.83114502075262],[27.95932683246563,56.31098570186206],[27.713273038097707,58.01056330516736],[27.802734375,57.990234375],[27.881640625000017,57.93701171875],[27.875390625000023,57.92041015625],[27.910937500000017,57.895751953125],[27.992089843750023,57.868115234375],[28.10175781250001,57.8599609375],[28.169238281250017,57.914501953125],[28.149218750000017,57.974658203124996],[28.096972656250017,58.04443359375],[27.973046875000023,58.1326171875],[27.865136718750023,58.173486328124994],[27.71435546875,58.1642578125],[27.690733297582547,58.16625299189741],[27.591796875,58.174609375],[27.56855468750001,58.214794921875],[27.561328125000017,58.257421875],[27.58271484375001,58.306396484375],[27.66187142737159,58.36561178791214],[27.747851562500017,58.429931640625],[27.798144531250017,58.446826171875],[27.82050781250001,58.484912109375],[27.81367187500001,58.571337890625],[27.748437500000023,58.912060546875],[27.683007812500023,58.979638671874994],[27.57017734727372,58.998974119472024],[27.524574479228292,59.3139687058209],[27.702038797838938,59.297504030424975],[27.893597635729563,59.34611090298357],[28.015851053698313,59.454154573637865],[28.013093027575266,59.45822104092302],[27.973393473131907,59.51671179409685],[27.896657022936594,59.53378256436052],[27.941687616808665,59.64759787197771],[28.094189676745188,59.66467627163591],[28.163104090197336,59.590682588774584],[28.26633742759968,59.56222876187029],[28.350983652575266,59.60206183071794],[28.309100183947336,59.66440161343279],[28.4443636269405,59.73374136563005],[28.662732157213938,59.644340120512865],[28.79593375633503,59.67222174282732],[28.936268839342844,59.824550234038256],[29.076066050036204,59.907794557768725],[29.41362861107136,59.860030733305834],[29.765452417834055,59.7362438070363],[29.963156733019602,59.736617647368334],[30.126639399035227,59.80604513760271],[29.995443754341427,59.94159990566773],[31.006570010003042,60.18704439613204],[31.027643075,60.1819047],[31.066032675,60.1405502],[31.097392225,60.068919],[31.09204315,60.013918525],[31.04998545,59.975548775],[31.0441369,59.948550075],[31.0744975,59.932922425],[31.1989939,59.92479945],[31.4176261,59.92418115],[31.53558965,59.9400322],[31.55288455,59.9723526],[31.5394735,60.011245275],[31.4953565,60.056710225],[31.534506025,60.120701025],[31.656922075,60.203217675],[31.823859475,60.23559535],[32.035318225,60.21783405],[32.165823775,60.1867908],[32.215376125,60.1424656],[32.319977525,60.134577525],[32.479627975,60.163126575],[32.577737825,60.194444025],[32.614307075,60.228529875],[32.620910675,60.272259425],[32.597548625,60.325632675],[32.612413425,60.3629589],[32.665505075,60.3842381],[32.6649854,60.4239733],[32.6108544,60.4821645],[32.647538975,60.513207675],[32.775039125,60.517102825],[32.85038975,60.524139425],[32.87359085,60.534317475],[32.891572375,60.54384825],[32.904334325,60.55273175],[32.923458475,60.5757318],[32.948944825,60.6128484],[32.92643305,60.651073275],[32.85592315,60.690406425],[32.8178492,60.742530475],[32.8122112,60.807445425],[32.75409279819756,60.875997992882404],[32.753484225,60.876715825],[32.641668275,60.950341675],[32.6294669702271,60.96228932119715],[35.29283191796468,61.41979295293436],[35.5394512,61.309183325],[35.6437234,61.191627175],[35.66472105,61.098941],[35.60244415,61.0311248],[35.54780955,60.997981975],[35.50081725,60.999512525],[35.497628125,60.9773893],[35.538242175,60.9316123],[35.67165525,60.922281375],[35.89786735,60.949396525],[36.0332438,60.992912925],[36.0777846,61.052830575],[36.184818325,61.11158255],[36.354344975,61.16916885],[36.41474295,61.21654025],[36.36601225,61.25369675],[36.3706818,61.2896959],[36.407411096494556,61.31173342729653],[41.23911572686134,59.88481241972218],[42.17080041598191,56.39902282214345],[40.02833937701965,52.47757448840467],[39.765641208516065,52.497174703816725],[39.3019845997576,51.709020503380565],[32.92443605530745,49.355410882130734],[32.86064453125002,49.4078125],[32.75390625,49.48476562499999],[32.712011718750006,49.559375],[32.664648437500006,49.537011718749994],[32.65947265625002,49.464404296874996],[32.68242187500002,49.4009765625],[32.6318359375,49.3818359375],[32.46142578125,49.426074218749996],[32.35,49.469091796875],[32.18359375,49.520947265625],[32.11445312500001,49.541308593749996],[31.955371093750017,49.569677734375],[31.887988281250017,49.554443359375],[31.900488281250006,49.51279296875],[32.17011718750001,49.40439453125],[32.293554687500006,49.34619140625],[32.408203125,49.301708984375],[32.56830001089598,49.223980252515204],[30.44499980711248,48.44038452547438],[30.463032217795018,48.395653155352505],[29.879924963897498,48.32072246596741],[27.170654277631343,47.97257464428307]],[[38.69169921875002,58.20703125],[38.77949218750001,58.134765625],[38.80517578125,58.121972656249994],[38.81875,58.134814453125],[38.812109375,58.250732421875],[38.83046875000002,58.295556640624994],[38.87089843750002,58.3310546875],[39.00527343750002,58.358056640624994],[39.00039062500002,58.386767578125],[38.9703125,58.440820312499994],[39.00371093750002,58.475634765625],[38.9892578125,58.49560546875],[38.75283203125002,58.546923828125],[38.609960937500006,58.636572265625],[38.42734375,58.747021484375],[38.11943359375002,58.95458984375],[38.046972656250006,58.994189453125],[37.919921875,59.04208984375],[37.85771484375002,59.075146484375],[37.86640625000001,59.094091796875],[37.91015625,59.102734375],[38.170507812500006,59.0650390625],[38.23945312500001,59.0626953125],[38.33154296875,59.092578125],[38.407324218750006,59.152294921875],[38.414648437500006,59.1734375],[38.294042968750006,59.161328125],[38.18291015625002,59.203076171875],[38.14326171875001,59.209765625],[38.1240234375,59.202880859375],[38.176367187500006,59.1482421875],[38.18046875000002,59.13212890625],[38.1796875,59.113330078125],[38.159375,59.1015625],[38.1162109375,59.102587890625],[38.02724609375002,59.128076171874994],[38.007421875,59.14375],[38.0015625,59.159765625],[37.9873046875,59.1767578125],[37.940039062500006,59.174072265625],[37.842871093750006,59.1552734375],[37.64492187500002,59.156787109375],[37.64003906250002,59.1376953125],[37.67626953125,59.10234375],[37.69560546875002,59.06396484375],[37.67324218750002,59.0251953125],[37.60888671875,58.98896484375],[37.499121093750006,58.944189453125],[37.484375,58.927197265625],[37.4658203125,58.874560546875],[37.471289062500006,58.857080078124994],[37.50136718750002,58.844775390625],[37.58125,58.89882812499999],[37.64238281250002,58.918896484375],[37.71367187500002,58.927734375],[37.77724609375002,58.926220703125],[37.82832031250001,58.9140625],[37.86943359375002,58.8970703125],[37.917578125,58.858251953125],[37.99589843750002,58.861669921875],[38.02392578125,58.7458984375],[37.96132812500002,58.743603515625],[37.94169921875002,58.735498046874994],[37.9453125,58.7203125],[37.98417968750002,58.6923828125],[37.98769531250002,58.672216796875],[38.09550781250002,58.63447265625],[38.103125,58.619482421875],[38.073828125,58.591552734375],[38.07392578125001,58.541943359375],[37.99492187500002,58.550439453124994],[37.76777343750001,58.617626953125],[37.71484375,58.617529296875],[37.63232421875,58.63623046875],[37.62089843750002,58.626220703125],[37.666601562500006,58.5724609375],[37.6611328125,58.557470703125],[37.60869140625002,58.5453125],[37.56464843750001,58.55283203125],[37.537695312500006,58.612695312499994],[37.45917968750001,58.633935546874994],[37.41035156250001,58.669970703125],[37.41035156250001,58.6890625],[37.4228515625,58.7265625],[37.37226562500001,58.7314453125],[37.30791015625002,58.760009765625],[37.15078125000002,58.84873046875],[37.16923828125002,58.725634765625],[37.15458984375002,58.70654296875],[37.1552734375,58.694970703124994],[37.31679687500002,58.657421875],[37.41689453125002,58.6130859375],[37.50712890625002,58.5353515625],[37.89716796875001,58.291796875],[37.94404296875001,58.30087890625],[38.14873046875002,58.2486328125],[38.22050781250002,58.2373046875],[38.2509765625,58.19873046875],[38.249609375,58.102685546874994],[38.25917968750002,58.0708984375],[38.28105468750002,58.053857421874994],[38.31015625,58.040576171875],[38.369238281250006,58.031591796875],[38.41533203125002,58.015576171875],[38.437109375,58.017529296875],[38.43691406250002,58.03564453125],[38.35703125,58.10009765625],[38.38310546875002,58.121875],[38.61171875000002,58.113134765625],[38.68095703125002,58.108203125],[38.70400390625002,58.113134765625],[38.69794921875001,58.132958984374994],[38.619238281250006,58.20126953125],[38.63828125,58.2203125],[38.69169921875002,58.20703125]],[[31.64697265625,58.3083984375],[31.64570312500001,58.351416015625],[31.653417968750006,58.36875],[31.637109375000023,58.38798828125],[31.518164062500006,58.37255859375],[31.5107421875,58.3888671875],[31.43017578125,58.416552734375],[31.374316406250017,58.429248046875],[31.29833984375,58.4765625],[31.25166015625001,58.425439453124994],[31.170214843750017,58.35947265625],[31.079980468750023,58.331591796875],[31.019433593750023,58.319726562499994],[30.954882812500017,58.284375],[30.85703125,58.239111328125],[30.87617187500001,58.214111328125],[31.15625,58.171337890625],[31.39404296875,58.141992187499994],[31.44648437500001,58.205908203125],[31.53095703125001,58.23017578125],[31.63056640625001,58.207275390625],[31.688281250000017,58.202294921874994],[31.64697265625,58.3083984375]]]]}},{"type":"Feature","properties":{"name":"Sweden","subject":"Sweden","partOf":"Sweden","borderPrecision":1,"color":"#8b7fa6"},"geometry":{"type":"MultiPolygon","coordinates":[[[[11.766084703905832,57.67267950649919],[11.736376187990075,57.69820870971917],[12.487895457193432,58.56291949268916],[12.422772440417063,60.03877981777849],[12.435860666735422,60.27809866543474],[12.547958406908762,60.43387182827654],[12.431030306322825,60.625846468169115],[12.17403891990925,60.956405245024584],[12.5973816246822,61.02862127896013],[12.791736635668528,61.329948030669115],[13.154899574856202,62.024227120754574],[14.34372061271587,62.94812856407893],[16.193076194139465,62.755664903942204],[17.868168863756907,62.788619600493334],[17.936255487902415,62.54800375576677],[17.71811202476765,62.356734834868334],[17.290240320666086,62.4407230245656],[17.3873625130489,62.20076712246599],[17.49677184532429,62.088100038725756],[17.386973413927805,61.65843542690935],[17.162642511828196,61.62990530605974],[17.065176996691477,61.5383792745656],[17.150189432604563,61.19770773525896],[17.146208796007883,60.95282705898943],[17.31762793968464,60.753070436674975],[17.188498529894602,60.67429312344255],[17.604964289171946,60.637538515288256],[17.70645621727253,60.553580843169115],[17.930748972399485,60.59030874844255],[18.224387201769602,60.32296713467302],[18.416865381701243,60.181624971587084],[18.804085764391672,60.108398042876146],[18.893071207506907,59.92568930264177],[19.037323984606516,59.86324270840349],[19.04355147789265,59.71242483730974],[18.86789229820515,59.71242483730974],[18.639250788195383,59.56692846890154],[18.251421961291086,59.431937776762865],[18.03008368919636,59.35928305264177],[17.795283350451243,59.36447485562029],[17.72995284508015,59.41636236782732],[17.367983850939524,59.46826513882341],[17.07059768150593,59.54614981289568],[16.785538706286204,59.577315889555834],[16.724089655382883,59.530570589262865],[16.52320769737507,59.58251532192888],[16.407576593859446,59.44749792690935],[16.77647498558308,59.478656374174975],[16.999835047228586,59.35928305264177],[17.265778574450266,59.33853491421404],[17.358122858507883,59.245177828032396],[17.574921640856516,59.21407278652849],[17.58441260765339,59.27111395474138],[17.861731562121165,59.23999365444841],[17.97763541649128,59.328151308257006],[18.111378702624094,59.32297476406755],[18.328169855578196,59.3696666585988],[18.429560694201243,59.33334692593279],[18.441370996935618,59.40079077358904],[18.51546958397175,59.40079077358904],[18.61132720421101,59.33334692593279],[18.598195108874094,59.297042452055834],[18.273371729357493,59.286666475493334],[18.371960672838938,59.157069765288256],[18.015667948229563,59.03791006680193],[17.940136942370188,58.90848883267107],[17.76646521995808,58.87226828213396],[17.726422342760813,58.913661562163256],[17.745200190050852,58.986129366118334],[17.73910811851765,59.11042364712419],[17.623181375963938,59.10007055874529],[17.58218863914753,58.89296682949724],[17.35667518089558,58.7429691183156],[17.2453890175655,58.71711691494646],[17.082999262316477,58.748134218413256],[17.080731424792063,58.649928652007006],[16.442866358263743,58.63442190762224],[16.513194117052805,58.42811545010271],[16.744044336779368,58.311950288969896],[16.77354529808308,58.037902437407396],[16.724585566027415,57.88932379360857],[16.59776404808308,57.866454683501146],[16.459530863268625,57.89520605679216],[16.476531061632883,57.70212896938982],[16.6072054238155,57.66581305142107],[16.550478968127024,57.545150362212084],[16.65867904136921,57.442950807768725],[16.494158777697336,57.278922640044115],[16.39452460716511,57.07430227871599],[16.37617400596882,56.82242163296404],[16.06315060848881,56.39623928230259],[15.426993333232232,56.765740887137554],[14.484980269750153,56.68010333591191],[14.175412094711518,56.81280296483813],[13.432448474618766,56.5238726681354],[13.226069691259667,57.10173326154086],[12.895863637885114,56.977905991525404],[12.730760611197823,57.43193931491541],[12.524381827838752,57.3906635582436],[12.318003044479624,57.67959385494633],[11.876622232897532,57.32520636196794],[11.881114038927805,57.508964143950365],[11.766084703905832,57.67267950649919]]],[[[18.147778,56.911942],[18.140274,56.914993],[18.142498,56.920273],[18.158333,56.94166600000011],[18.209164,56.989166],[18.256664,57.032219],[18.254444,57.079163],[18.173332,57.141937],[18.148331,57.235275000000115],[18.158054,57.315826],[18.142498,57.409439],[18.115276000000108,57.480827],[18.110275,57.496109],[18.109997,57.513054000000125],[18.111385,57.51944],[18.119164,57.531105],[18.138611,57.551109],[18.179165,57.588333],[18.191441,57.596138],[18.211941000000138,57.605827],[18.227776,57.611382000000106],[18.242222,57.61749300000014],[18.249165,57.62082700000013],[18.276108,57.634163000000115],[18.29472,57.645828],[18.338886,57.681664],[18.355831000000137,57.69583100000011],[18.381943,57.718605],[18.401665,57.738609],[18.41972,57.760277],[18.456387,57.802773],[18.461388,57.8077770000001],[18.46722,57.811943],[18.48111,57.818604],[18.681942,57.913605],[18.689999,57.916107],[18.71611,57.921104],[18.724998,57.922775],[18.881943,57.919716],[18.902496,57.918327],[18.914165,57.917496],[19.004719,57.908607],[19.006107,57.90361],[19.003887000000134,57.898888],[19.033333,57.826942],[18.929443,57.739716],[18.848888,57.721107],[18.809166,57.703606],[18.793331,57.659164],[18.75972,57.508049],[18.768055,57.472221],[18.769444,57.467216],[18.78833,57.448326],[18.71444300000013,57.246941000000106],[18.711941,57.241661],[18.658054,57.220833],[18.551941,57.182777],[18.514721000000122,57.169441],[18.498333,57.165276],[18.455555,57.156944],[18.439442,57.152771],[18.417221,57.144165],[18.397221,57.134163],[18.391388,57.12999700000012],[18.386665,57.124992],[18.345554,57.07972],[18.341389,57.073883],[18.339165,57.06860400000011],[18.335552,57.023331],[18.335831,57.017494],[18.34333,57.014442],[18.346664,56.998604000000114],[18.302498,56.937492],[18.294998000000135,56.934715],[18.215553,56.913055],[18.206108,56.911942],[18.168888,56.909996],[18.147778,56.911942]]],[[[16.571941,56.371666],[16.575275,56.367218],[16.575554,56.361382],[16.571663,56.354996],[16.553055,56.32638500000013],[16.496109,56.24082900000013],[16.486385,56.231384000000105],[16.47361,56.224442],[16.437222,56.21138800000011],[16.429722,56.20888500000012],[16.420830000000137,56.211105],[16.416111000000114,56.215271],[16.410831,56.224998],[16.403332,56.274162],[16.3916660000001,56.464996],[16.393330000000105,56.529160000000104],[16.395832,56.535828],[16.420277,56.58638800000011],[16.5425,56.776382],[16.611942,56.868332],[16.616665,56.873604],[16.629166,56.879166],[16.644997,56.883606],[16.749443,56.93972],[16.848053000000107,57.064163],[16.899998,57.13499500000012],[16.959442,57.22361],[16.963055,57.229439],[16.965553000000114,57.241661],[16.960278,57.256943],[16.959164,57.274162],[16.960552,57.280273],[16.96611,57.29361],[16.973331,57.305275],[16.982777,57.31555200000014],[16.993053,57.324715],[17.00999800000011,57.337494],[17.022221,57.344994],[17.035553000000107,57.35194400000012],[17.056664,57.359161],[17.09861,57.350555],[17.105553,57.348328],[17.124165,57.32083100000011],[17.050552,57.186661],[17.008888,57.131943],[16.961109000000135,57.075272],[16.926666,57.038055],[16.880276,56.929718],[16.848331,56.843887],[16.84111000000013,56.832222],[16.836666,56.826942],[16.828053,56.825272],[16.816944,56.825829],[16.808331000000123,56.824165],[16.785,56.809998],[16.779442,56.805832],[16.77027500000014,56.79583],[16.72666500000014,56.702217],[16.635555,56.51888300000013],[16.576664,56.406944],[16.57055300000013,56.394440000000145],[16.569443,56.388054],[16.570274,56.37693800000011],[16.571941,56.371666]]]]}},{"type":"Feature","properties":{"name":"Kingdom of Georgia","subject":"Kingdom of Georgia","partOf":"Kingdom of Georgia","borderPrecision":1,"color":"#8f9a74"},"geometry":{"type":"MultiPolygon","coordinates":[[[[43.3250095843281,40.953343998053384],[42.69293463250837,40.70051401732549],[42.671128696774815,40.65932502760655],[41.51625822046989,41.46200694552765],[41.52111342857624,41.46583517666521],[41.666113886339915,41.729152284819506],[41.68046859215046,41.79333838101091],[41.65183547447468,42.1206432210988],[41.502722773058665,42.608478151518725],[41.40974334190632,42.78824194546404],[41.12255385826374,43.019088350493334],[40.969336542589915,43.076659761626146],[40.55709365318562,43.14658697720232],[40.25161651085163,43.26818426724138],[40.09806350181843,43.37755163784685],[39.73794734672187,43.634036209076456],[41.39004381416987,43.334450124362114],[42.47840255284036,43.13324743801728],[43.05769549232488,43.02615471990554],[43.625385457420876,42.81632317923894],[45.25983714902755,42.43851801493287],[45.294014411002905,42.36979009690512],[45.97921541387585,42.42427711087371],[46.221537046188466,42.22817509322473],[45.868432358323204,42.06288054044997],[45.83234056748051,41.69510579310613],[45.51495486304371,41.70809027745868],[45.43192609039387,41.45900395950916],[44.89118164269644,41.32922529206178],[44.811470027098224,41.34978827042802],[44.78217985176953,41.303064862239324],[44.552020482529834,40.93591683267785],[44.02925967291415,41.122364019314034],[43.3250095843281,40.953343998053384]]]]}},{"type":"Feature","properties":{"name":"Arran","subject":"Arran","partOf":"Arran","borderPrecision":1,"color":"#739b91"},"geometry":{"type":"MultiPolygon","coordinates":[[[[46.475207029952394,40.77718476629018],[46.42431625104156,40.93411255876109],[46.534241180111515,40.942762035808705],[46.53001248416406,40.93115509819276],[46.8157837811249,40.87789817177294],[46.87250876036927,40.856049546977154],[46.87380490864932,40.84697650901682],[48.0802239032941,40.07090963817697],[48.33869606912334,39.946145395372234],[48.37319249040053,39.96656083940032],[47.93929559246406,39.6743304583401],[47.817469936058174,39.67297142072481],[47.128957805191554,39.66529065862557],[47.0624083250774,40.44136258094082],[46.858675192452104,40.447913774425594],[46.78446637871823,40.45030001514541],[46.49478040645655,40.59313729303555],[46.475207029952394,40.77718476629018]]]]}},{"type":"Feature","properties":{"name":"Shirvan","subject":"Shirvan","partOf":"Shirvan","borderPrecision":1,"color":"#b3a46e"},"geometry":{"type":"MultiPolygon","coordinates":[[[[47.849258060544926,41.17912009668831],[47.87792030044409,41.167676139826234],[49.54039779050493,40.50389966082933],[49.658504770637414,40.659019180286904],[49.80730346153523,40.58070334072771],[50.0200529427364,40.6019779073781],[50.190249475939524,40.570067964751146],[50.31789687584187,40.495605074126146],[50.42426970909382,40.410506807524584],[50.4668188423946,40.32540854092302],[50.4668188423946,40.26158484097185],[50.30725768516804,40.32540854092302],[50.12642577598835,40.34668310757341],[50.03068831871296,40.34668310757341],[49.913680109484446,40.32540854092302],[49.849856409533274,40.27222403164568],[49.66902068565632,40.24031027432146],[49.57328322838093,40.17648657437029],[49.55200866173054,40.091388307768725],[49.54137328575398,39.87864264126482],[49.48818496177937,39.76163061733904],[49.445635828478586,39.655257784087084],[49.40348784579458,39.48666585335106],[49.07455142970576,39.47820342190338],[48.95160023666674,39.803051034511626],[48.894476365867426,39.9539772076819],[48.53432623819076,40.06192194896629],[48.37319249040053,39.96656083940032],[48.33869606912334,39.946145395372234],[48.0802239032941,40.07090963817697],[46.87380490864932,40.84697650901682],[46.87250876036927,40.856049546977154],[47.03109092267073,40.79496883421915],[47.13678715579323,40.80978525273251],[46.86118638407609,40.935306181029404],[46.84888488038016,41.02141670690091],[47.74498422898439,41.16268189439613],[47.849258060544926,41.17912009668831]]]]}},{"type":"Feature","properties":{"name":"Alans","subject":"Alans","partOf":null,"borderPrecision":1,"color":"#b47c6f"},"geometry":{"type":"MultiPolygon","coordinates":[[[[29.879924963897498,48.32072246596741],[29.637080086823826,47.29634127356918],[28.931750446802884,47.15814547755882],[27.61532130563534,46.90021647141428],[27.62766255798236,46.92798428919508],[27.52855253754984,47.154521478755115],[27.428321778080274,47.38362035754267],[27.391097542618823,47.46870432431173],[27.170654277631343,47.97257464428307],[29.879924963897498,48.32072246596741]]],[[[45.97921541387585,42.42427711087371],[45.294014411002905,42.36979009690512],[45.25983714902755,42.43851801493287],[43.625385457420876,42.81632317923894],[43.05769549232488,43.02615471990554],[42.47840255284036,43.13324743801728],[42.40003004178486,44.30604478525667],[46.06416612336488,43.968912347501686],[47.09913950026506,42.964233332008874],[45.93889651373822,42.45690571935129],[45.97921541387585,42.42427711087371]]]]}},{"type":"Feature","properties":{"name":"Khazars","subject":"Khazars","partOf":"Khazars","borderPrecision":1,"color":"#8b7fa6"},"geometry":{"type":"MultiPolygon","coordinates":[[[[39.20202990719807,47.22776380063948],[41.84685680157885,48.475061922671415],[45.088147460011804,48.121776437819385],[48.05073030182457,45.720984012187955],[48.01488784263874,45.71426352139177],[47.871016535265696,45.67829855557146],[47.75412276695515,45.71426352139177],[47.67319777916218,45.75023230190935],[47.628237757189524,45.73224981899919],[47.60126403282429,45.66031225796404],[47.65521148155476,45.54341848965349],[47.55630401085163,45.45349844570818],[47.4753752083614,45.318622194487475],[47.39445022056843,45.17475088711443],[47.25057891319538,44.98592337246599],[47.169653925402415,44.860038362700365],[47.02578261802937,44.78810080166521],[46.87292006920124,44.68019827480974],[46.80997756431843,44.53633078213396],[46.84594634483601,44.446410738188646],[46.99880507896687,44.356490694243334],[47.142676386339915,44.33850821133318],[47.22360137413288,44.20362814541521],[47.33150771568562,44.18564566250505],[47.43940642784382,44.03278311367693],[47.56529525230671,43.84395559902849],[47.53831771324421,43.67311056729021],[47.49336150596882,43.583190523344896],[47.520335230334055,43.511256777007006],[47.56529525230671,43.60117300625505],[47.61025527427937,43.75403555508318],[47.6642065377071,43.85294684048357],[47.73614028404499,43.861938081938646],[47.67319777916218,43.664115511137865],[47.57428649376179,43.50226172085466],[47.60126403282429,43.3224254476613],[47.65521148155476,43.277465425688646],[47.58327773521687,43.1875491964406],[47.56529525230671,43.007709108549975],[47.73614028404499,42.899806581694506],[47.79009154747273,42.85484655972185],[47.84404281090046,42.621059023100756],[47.969927820666086,42.59408529873552],[48.13178161094929,42.40525396938982],[48.2217016548946,42.27936895962419],[46.73821432415464,41.71183394023706],[46.82249098439725,41.206173978781266],[46.872508760369264,40.856049546977154],[46.8157837811249,40.87789817177294],[46.53001248416406,40.93115509819276],[46.534241180111515,40.942762035808705],[46.42431625104156,40.93411255876109],[46.475207029952394,40.77718476629018],[46.49478040645655,40.59313729303555],[46.78446637871823,40.45030001514541],[46.858675192452104,40.447913774425594],[46.73821432415464,40.02630073538444],[46.14827770245621,39.68919409441392],[45.43192609039387,41.45900395950916],[45.51495486304371,41.70809027745868],[45.83234056748051,41.69510579310613],[45.868432358323204,42.06288054044997],[46.221537046188466,42.22817509322473],[45.97921541387585,42.42427711087371],[45.93889651373822,42.45690571935129],[47.09913950026506,42.964233332008874],[46.06416612336488,43.968912347501686],[42.40003004178486,44.30604478525667],[42.47840255284036,43.13324743801728],[41.39004381416987,43.334450124362114],[39.737947346721874,43.634036209076456],[39.458689722521555,43.832931123930834],[38.92371276329304,44.21186026211443],[38.55609038780476,44.385097109038256],[38.27700332115437,44.42320593472185],[38.26882228939438,44.42664604807007],[38.49735216470168,45.23924146588129],[37.89264357824039,45.835963238864416],[37.98994353721882,46.00666006680193],[38.148963291322005,46.021691372865746],[38.225548,46.136101],[38.45897963951374,46.07891424771013],[38.2649145455196,46.31855734463396],[37.970171961291086,46.441283785063646],[37.757098230822336,46.60319098110857],[37.8665991158321,46.65535696621599],[38.031863245470774,46.66868170376482],[38.40109160850788,46.7213512289113],[38.72273925255085,46.877921663481615],[39.282359156115305,47.07403143521013],[39.20202990719807,47.22776380063948]],[[41.56336471754116,47.90269838021419],[41.61106972736198,47.34000280554647],[42.63672743850969,47.323836767189114],[42.73213745815135,47.93466954301784],[42.20738235012229,48.23741060162015],[41.56336471754116,47.90269838021419]]]]}},{"type":"Feature","properties":{"name":"Serbia","subject":"Serbia","partOf":"Serbia","borderPrecision":1,"color":"#8f9a74"},"geometry":{"type":"MultiPolygon","coordinates":[[[[16.81725,44.8202],[18.88873,44.47077],[18.89974,42.48164],[19.87964,42.13967],[19.52026,41.78279],[19.45789,41.79808],[19.36771,41.84637],[19.33847,41.86202],[19.14304,41.93209],[19.13554,41.99954],[18.9099,42.21779],[18.52864,42.35274],[18.51359,42.36214],[18.24871,42.52744],[18.00137,42.69446],[17.64638,42.8646],[17.59568,42.8889],[17.54798,42.92012],[17.30407,43.07621],[17.07509,43.22275],[16.99226,43.32272],[16.63981,43.38974],[16.71152,43.77133],[16.70148,43.84666],[16.8651,44.24474],[16.81725,44.8202]]]]}},{"type":"Feature","properties":{"name":"Peshemegs","subject":"Peshemegs","partOf":"Peshemegs","borderPrecision":1,"color":"#a88992"},"geometry":{"type":"MultiPolygon","coordinates":[[[[61.23913333123519,45.17724986112193],[61.174589416177575,45.18756344758733],[61.02060345513286,45.48730774453474],[61.040345245010386,45.73863843187627],[60.99888748626755,45.92159094381482],[61.0344227080471,46.01489825533447],[60.99888748626755,46.077928785099836],[61.11931240452051,46.103942147040485],[61.158795984275535,46.18327546866901],[61.21802135390813,46.221533398390704],[61.26935000758971,46.251574511149656],[61.28909179746724,46.29524131783685],[61.36805895697736,46.35522636912424],[61.50034390503692,46.52069106813709],[61.23913333123519,45.17724986112193]]],[[[59.28530012489797,45.27515277351341],[59.44718280189373,45.18756344758731],[59.461002054807985,45.05522905711862],[59.237919829191895,44.79664436075891],[59.04642446737987,44.95472904529073],[59.133288342841006,45.19451991285216],[59.28530012489797,45.27515277351341]]],[[[59.776870692848455,45.70142426027984],[59.9012439690769,45.695908941637335],[60.06707500404815,45.71383173817757],[60.11445529975422,45.68901402831039],[60.01772052935433,45.65866631123701],[59.91308904300342,45.59792150566706],[59.792664124750495,45.58963302260518],[59.763051439934195,45.63244367542048],[59.776870692848455,45.70142426027984]]]]}},{"type":"Feature","properties":{"name":"Holy Roman Empire","subject":"Holy Roman Empire","partOf":"Holy Roman Empire","borderPrecision":1,"color":"#b47c6f"},"geometry":{"type":"MultiPolygon","coordinates":[[[[8.47501,46.40849],[10.06282,46.47558],[10.65991,47.69365],[9.99117,48.81617],[8.51039,48.72064],[7.81339,47.46217],[7.26987,47.46217],[6.78075,47.95129],[6.25177,47.95721],[6.23786,48.29121],[5.94562,48.34687],[6.0152,48.65303],[5.83428,48.77828],[6.00128,48.90352],[5.87603,49.07052],[5.72295,48.95919],[5.61162,49.20968],[5.90387,49.19577],[5.90926,49.20086],[5.36113,49.69676],[4.25522,49.88724],[3.82033,50.03945],[3.43844,51.00828],[3.6813,51.32142],[3.77505,51.38774],[3.74348,51.46045],[3.52032,51.57914],[3.87814,51.79173],[4.26441,52.07089],[4.38724,52.23037],[4.64101,52.7557],[4.71877,52.80242],[5.0084,52.85619],[5.17329,52.74342],[5.23463,52.62285],[5.10824,52.5315],[5.00609,52.55688],[5.03574,52.33372],[4.94983,52.27795],[5.47319,52.1766],[5.57437,52.28302],[5.75691,52.33372],[5.81714,52.52136],[5.61125,52.5315],[5.55571,52.58732],[5.54689,52.6787],[5.65344,52.74978],[5.57638,52.75993],[5.32575,52.79041],[5.35802,52.93775],[5.34275,52.99631],[5.33212,53.01145],[5.38952,53.13857],[5.64735,53.22776],[5.96631,53.33501],[6.26072,53.32174],[6.75072,53.38986],[6.86105,53.26576],[7.00906,53.24541],[7.04328,53.164],[7.15994,53.164],[7.18975,53.23014],[6.98071,53.31666],[7.03733,53.51015],[7.16564,53.59167],[7.33239,53.60443],[7.83638,53.63209],[7.87503,53.63369],[7.96854,53.63753],[8.01102,53.56569],[8.09873,53.44393],[8.02908,53.37265],[8.17499,53.32174],[8.24193,53.35229],[8.26077,53.43885],[8.189,53.53052],[8.30565,53.52543],[8.5018,53.44903],[8.42866,53.61205],[8.51624,53.76104],[8.53954,53.80068],[8.5856,53.79308],[8.84848,53.74968],[9.12504,53.79048],[8.8571,53.86699],[8.81897,53.96904],[8.94634,54.01497],[8.83265,54.06602],[8.77879,54.1324],[8.8533,54.16816],[8.88401,54.22945],[8.96168,54.27591],[9.05618,54.3486],[9.13613,54.29772],[9.16521,54.31952],[9.21609,54.29045],[9.2597,54.30498],[9.29604,54.24683],[9.44141,54.24683],[9.44868,54.18869],[9.67401,54.18869],[9.73943,54.27591],[9.82665,54.27591],[9.8848,54.2541],[10.14173,54.33675],[10.20459,53.69844],[10.57143,53.04628],[11.75346,52.84248],[11.54966,52.63868],[11.67194,52.35336],[13.58766,52.3126],[13.60712,52.31603],[14.13414,52.40893],[14.72894,51.13056],[14.67976,50.90924],[18.47847,49.49989],[18.25037,49.18055],[18.22319,48.99028],[18.11447,48.99028],[18.11447,48.85438],[17.86985,48.80002],[17.35342,48.9631],[16.48162,48.19585],[16.55704,47.49537],[16.64402,47.29967],[16.55704,47.19095],[16.55704,47.06048],[16.44832,46.93001],[16.44832,46.7778],[16.51355,46.62559],[16.29611,46.40815],[16.53529,46.36466],[16.44832,46.10373],[16.20913,46.14722],[16.07866,45.88629],[16.20913,45.73408],[16.12215,45.58187],[15.91168,45.63098],[15.46982,45.73408],[15.42362,45.42966],[14.88001,45.48402],[14.79847,45.86455],[14.52667,45.783],[14.35449,45.32289],[14.23862,45.06235],[14.17461,45.01039],[13.90806,44.97911],[13.79921,45.30563],[13.95159,45.3927],[13.99513,45.45801],[13.79998,45.56637],[13.67318,45.71451],[13.56461,45.72652],[13.43773,45.63843],[13.3677,45.69449],[13.08086,45.98045],[12.64549,45.91514],[12.14482,45.76277],[11.97067,45.43624],[12.17619,45.21429],[12.31251,45.17829],[12.32214,45.04237],[12.40899,44.98901],[12.52309,44.88275],[12.47604,44.78709],[12.37777,44.73153],[12.27358,44.67264],[12.28073,44.55012],[12.34508,44.30104],[12.50812,44.13146],[12.69723,43.93476],[13.60087,43.5348],[13.73156,43.37416],[13.79163,43.12334],[13.91509,42.87276],[14.0764,42.63378],[14.09277,42.60953],[14.40493,42.35311],[14.51931,42.2297],[14.71996,42.14176],[14.73853,42.04716],[14.43918,41.8787],[13.38741,41.85173],[13.25257,41.66295],[13.27145,41.31424],[12.97678,41.37138],[12.64152,41.5311],[12.39485,41.72955],[11.96343,42.00474],[11.96013,42.00737],[11.49737,42.37635],[11.10476,42.54908],[10.74276,42.85051],[10.48775,43.23594],[10.33791,43.5962],[10.29248,43.70544],[10.26138,43.74524],[10.15524,43.8811],[10.13675,43.90477],[9.9093,44.11048],[9.8255,44.15255],[9.69194,44.2196],[9.15704,44.37324],[8.89659,44.43719],[8.67172,44.4174],[8.34279,44.22019],[8.28887,44.56822],[7.67747,44.73126],[7.51443,45.38341],[8.49267,46.11709],[8.47501,46.40849]]]]}},{"type":"Feature","properties":{"name":"Bulgar Khanate","subject":"Bulgar Khanate","partOf":"Bulgar Khanate","borderPrecision":1,"color":"#a88992"},"geometry":{"type":"MultiPolygon","coordinates":[[[[29.94108,46.54453],[30.30607,46.31583],[30.44365,46.18508],[30.43285,46.17575],[30.27009,46.0352],[30.06882,45.8614],[29.72975,45.76999],[29.62951,45.75036],[29.50043,45.52337],[29.53609,45.4522],[29.61592,45.41021],[29.68321,45.37479],[29.71076,45.25833],[29.57896,45.0575],[29.45752,44.91515],[29.26158,44.89542],[29.08975,44.87573],[28.91824,44.76575],[28.68625,44.48805],[28.57311,44.19782],[28.52989,43.84347],[28.51011,43.74308],[28.48054,43.59228],[28.44569,43.47636],[28.3281,43.43753],[28.18706,43.45012],[28.03464,43.3919],[27.88732,43.06353],[27.86991,42.79988],[27.83616,42.73552],[27.65404,42.68374],[27.50195,42.51635],[27.4947,42.4009],[23.73069,42.17536],[23.26716,42.04894],[22.49207,40.49829],[22.60227,40.39724],[22.48962,40.23053],[22.46736,40.11848],[22.52561,40.06417],[22.55513,39.98665],[22.6951,39.83448],[21.58163,39.68919],[20.09083,39.60253],[20.02856,39.81378],[19.80365,40.01696],[19.36907,40.26028],[19.38023,40.32358],[19.48371,40.29589],[19.49448,40.40272],[19.33922,40.58874],[19.52726,40.86589],[19.4454,40.9649],[19.52995,41.21844],[19.41699,41.34525],[19.49892,41.52362],[19.61938,41.5593],[19.60697,41.76154],[19.52026,41.78279],[19.87964,42.13967],[18.89974,42.48164],[18.88873,44.47077],[16.81725,44.8202],[16.8077,44.93505],[17.33757,45.13885],[17.82669,45.13885],[17.94897,44.81278],[19.78508,44.93614],[20.29067,44.89966],[20.31366,44.90109],[20.70533,44.64231],[20.99418,44.70008],[21.35838,44.77292],[22.07674,44.44639],[22.33796,44.77292],[22.66448,44.64231],[23.05631,45.03414],[26.51748,45.8178],[27.36644,46.34024],[27.61532,46.90022],[28.93175,47.15815],[29.57919,46.6149],[29.94108,46.54453]]]]}},{"type":"Feature","properties":{"name":"Icelandic Commonwealth","subject":"Icelandic Commonwealth","partOf":"Icelandic Commonwealth","borderPrecision":1,"color":"#8aa0a8"},"geometry":{"type":"MultiPolygon","coordinates":[[[[-24.21885,65.53374],[-24.16154,65.60662],[-23.97264,65.68711],[-23.57052,65.68057],[-23.26697,65.72486],[-23.42614,65.82667],[-23.60829,65.97963],[-23.46557,66.13343],[-23.3411,66.13366],[-22.91092,65.94441],[-22.6093,65.92308],[-22.47414,65.99638],[-22.56006,66.11319],[-22.84109,66.28104],[-22.67637,66.39131],[-22.20982,66.28955],[-21.77907,66.25373],[-21.44325,66.12992],[-21.24249,65.88182],[-21.29617,65.69941],[-21.49472,65.56797],[-21.07972,65.20545],[-20.83062,65.3656],[-20.67248,65.42405],[-20.38893,65.47545],[-20.16845,65.5559],[-20.14128,65.65057],[-20.21739,66.0006],[-19.97331,66.11073],[-19.74766,65.90653],[-19.55601,65.76826],[-19.336,65.67393],[-19.23918,65.66684],[-19.15589,65.72528],[-19.27453,65.9293],[-19.16544,66.00257],[-19.04412,66.01741],[-18.6763,66.0912],[-18.36903,65.8945],[-18.12793,65.78553],[-17.88377,65.75682],[-17.86104,65.83709],[-18.02248,66.07779],[-17.56967,66.01287],[-16.92214,65.97755],[-16.56799,66.02935],[-16.37569,66.13209],[-16.38522,66.45442],[-15.85989,66.41872],[-15.57399,66.20677],[-15.07075,66.06139],[-14.76334,66.05466],[-14.64068,65.94529],[-14.75407,65.69707],[-14.40011,65.56669],[-13.6469,65.49534],[-13.58979,65.43004],[-13.52557,65.18335],[-13.55737,65.00939],[-13.62584,64.89389],[-13.69419,64.77863],[-13.89342,64.72071],[-14.26032,64.71283],[-14.34812,64.66954],[-14.3659,64.47556],[-14.59754,64.26713],[-14.8212,64.19503],[-15.07681,64.2089],[-15.26654,64.28021],[-15.63414,64.05748],[-15.8765,63.99266],[-16.53384,63.78413],[-16.91754,63.73341],[-17.24438,63.73283],[-17.59146,63.68934],[-17.9441,63.42484],[-18.15692,63.36746],[-18.64186,63.32382],[-18.96079,63.33746],[-19.55309,63.41468],[-19.82675,63.4783],[-20.40395,63.69834],[-20.87988,63.74029],[-21.07912,63.71134],[-21.54751,63.71762],[-22.37291,63.77319],[-22.50659,63.86582],[-22.31134,63.95198],[-21.80411,64.11036],[-21.48847,64.37614],[-21.85671,64.38262],[-22.08618,64.43959],[-22.27861,64.6188],[-22.39242,64.6617],[-22.55359,64.62545],[-23.25753,64.57384],[-23.50831,64.55902],[-23.67458,64.65931],[-23.61117,64.7457],[-23.43667,64.80359],[-23.13565,64.84734],[-22.77842,64.8552],[-22.45029,64.90623],[-21.97829,64.95034],[-21.80916,65.03736],[-21.72895,65.18245],[-21.79376,65.29845],[-21.9548,65.37805],[-22.14649,65.38492],[-22.36159,65.44995],[-22.81372,65.4709],[-23.18324,65.42659],[-23.37423,65.35359],[-23.67845,65.3167],[-24.14689,65.43932],[-24.21885,65.53374]]]]}},{"type":"Feature","properties":{"name":"Denmark-Norway","subject":"Denmark-Norway","partOf":null,"borderPrecision":1,"color":"#b69578"},"geometry":{"type":"MultiPolygon","coordinates":[[[[12.73076,57.43194],[12.89586,56.97791],[13.22607,57.10173],[13.43245,56.52387],[14.17541,56.8128],[14.48498,56.6801],[15.42699,56.76574],[16.06315,56.39624],[16.03145,56.35307],[15.77054,56.03321],[15.69623,56.06096],[15.49704,56.16724],[15.2208,56.08036],[14.65289,56.12062],[14.60523,55.98078],[14.49183,56.01804],[14.25893,55.89928],[14.12602,55.66658],[14.28635,55.51549],[14.1172,55.34711],[13.90111,55.40515],[13.8233,55.42182],[13.30185,55.3007],[12.80237,55.35291],[12.80192,55.41677],[12.88756,55.45161],[12.85931,55.53292],[12.98587,55.66658],[12.69901,55.9051],[12.59825,56.02207],[12.58014,56.00465],[12.5543,55.97402],[12.52847,55.93764],[12.53673,55.86562],[12.5791,55.75798],[12.49792,55.64777],[12.29319,55.535],[12.25854,55.43055],[12.39396,55.33444],[12.35,55.25514],[12.12667,55.19264],[12.05653,55.15034],[12.13958,55.12826],[12.17875,55.08763],[12.17403,55.02847],[12.14673,54.99132],[12.09687,54.97618],[11.9866,54.99159],[11.8159,55.03757],[11.74736,55.08437],[11.78097,55.13201],[11.78104,55.16777],[11.74757,55.19166],[11.60979,55.20263],[11.36771,55.20069],[11.20729,55.31548],[11.12854,55.54701],[11.03528,55.6802],[10.9275,55.71507],[10.95799,55.72409],[11.12674,55.70729],[11.28493,55.74097],[11.43257,55.82513],[11.44812,55.89833],[11.3316,55.96055],[11.39597,55.98493],[11.64125,55.97146],[11.74055,55.92708],[11.69389,55.8518],[11.70153,55.77604],[11.76347,55.69978],[11.82437,55.72867],[11.88423,55.8627],[11.94986,55.88284],[12.02125,55.78909],[12.02667,55.72],[11.96611,55.67555],[11.96618,55.65333],[12.02687,55.65333],[12.06639,55.66777],[12.08472,55.69666],[12.08035,55.76437],[12.05326,55.8709],[11.99465,55.93479],[11.90451,55.95604],[11.96722,56.00722],[12.18278,56.08833],[12.37264,56.10715],[12.53681,56.06368],[12.58137,56.04166],[12.51336,56.12062],[12.41441,56.24304],[12.65238,56.29553],[12.61544,56.43561],[12.80481,56.4012],[12.87158,56.51152],[12.78586,56.61668],[12.65748,56.61084],[12.52603,56.7804],[12.28862,56.87986],[12.00514,57.32521],[11.87662,57.32521],[12.318,57.67959],[12.52438,57.39066],[12.73076,57.43194]]],[[[8.63104,55.10069],[8.5409,55.07375],[8.48611,55.07618],[8.46667,55.10798],[8.46931,55.14229],[8.49403,55.17909],[8.55201,55.18222],[8.64326,55.15166],[8.67264,55.20916],[8.64014,55.35472],[8.54479,55.45896],[8.3866,55.52187],[8.29486,55.53777],[8.26958,55.50666],[8.21451,55.50555],[8.12965,55.53444],[8.1118,55.59742],[8.16097,55.69451],[8.17097,55.80367],[8.14181,55.92493],[8.14201,55.94166],[8.1716,55.85389],[8.2391,55.83187],[8.34451,55.87562],[8.36167,55.94382],[8.29055,56.03645],[8.22562,56.08979],[8.16687,56.10382],[8.13021,56.08757],[8.11562,56.04104],[8.12257,56.17666],[8.15104,56.49444],[8.17924,56.66736],[8.20715,56.69541],[8.22826,56.68333],[8.24257,56.63111],[8.36937,56.5743],[8.60868,56.51291],[8.73736,56.50277],[8.75542,56.54388],[8.74361,56.57833],[8.70194,56.60611],[8.74896,56.66618],[8.88465,56.75854],[8.98327,56.8054],[9.0448,56.80677],[9.0948,56.78156],[9.13327,56.72978],[9.12903,56.66965],[9.08208,56.60118],[9.1125,56.5827],[9.22028,56.61423],[9.28604,56.60389],[9.30979,56.55166],[9.33535,56.53541],[9.36271,56.55513],[9.3584,56.59875],[9.32243,56.66625],[9.26986,56.69451],[9.20069,56.68354],[9.16913,56.73755],[9.17518,56.85654],[9.21101,56.93751],[9.27663,56.98046],[9.47565,57.01939],[9.80807,57.05428],[10.05868,57.04913],[10.22749,57.00391],[10.31024,56.92299],[10.30693,56.80637],[10.19555,56.72361],[9.97611,56.67472],[9.98444,56.66153],[10.22055,56.68402],[10.34486,56.68118],[10.35736,56.65298],[10.32743,56.61743],[10.25507,56.57451],[10.21111,56.53194],[10.19555,56.48972],[10.218,56.49599],[10.27844,56.55077],[10.42824,56.56716],[10.66737,56.54516],[10.83042,56.51187],[10.91736,56.46729],[10.95097,56.41965],[10.93125,56.36895],[10.87729,56.29868],[10.7891,56.20882],[10.71153,56.17882],[10.64458,56.20868],[10.59479,56.19243],[10.56215,56.13007],[10.49764,56.12298],[10.40125,56.17118],[10.39187,56.21271],[10.46951,56.24757],[10.48139,56.27146],[10.4275,56.28437],[10.35444,56.25465],[10.26222,56.18229],[10.23201,56.1143],[10.26382,56.05069],[10.25708,55.97117],[10.2118,55.87576],[10.10826,55.83263],[9.94646,55.8418],[9.91132,55.8384],[10.00285,55.82242],[10.03465,55.78708],[10.00674,55.73235],[9.88208,55.7052],[9.66069,55.70562],[9.61729,55.68055],[9.75187,55.63],[9.76146,55.55896],[9.64604,55.46743],[9.6134,55.36548],[9.66354,55.25312],[9.63125,55.17867],[9.51653,55.14215],[9.52625,55.09027],[9.66042,55.02305],[9.72993,54.94902],[9.73479,54.86819],[9.70805,54.83465],[9.67079,54.84343],[9.86444,54.72629],[9.98669,54.59244],[9.97801,54.49015],[9.86481,54.4114],[10.06493,54.43389],[10.14173,54.33675],[9.8848,54.2541],[9.82665,54.27591],[9.73943,54.27591],[9.67401,54.18869],[9.44868,54.18869],[9.44141,54.24683],[9.29604,54.24683],[9.2597,54.30498],[9.21609,54.29045],[9.16521,54.31952],[9.13613,54.29772],[9.05618,54.3486],[8.96168,54.27591],[8.88401,54.22945],[8.58073,54.19369],[8.55395,54.27544],[8.85242,54.33165],[8.9506,54.41856],[8.74207,54.6078],[8.59599,54.76135],[8.6161,54.88736],[8.64507,55.06905],[8.63721,55.09546],[8.63104,55.10069]],[[9.61026,54.88004],[9.61844,54.87509],[9.61472,54.91006],[9.56707,54.90206],[9.61026,54.88004]]],[[[-26.32942,71.1324],[-27.08438,71.08457],[-27.60605,71.06816],[-27.91617,70.99799],[-28.08353,70.89728],[-28.22178,70.62734],[-28.38448,70.458],[-27.91197,70.28249],[-27.47494,70.20676],[-26.52261,70.17791],[-26.25201,70.17839],[-25.45329,70.2871],[-24.58473,70.30403],[-24.19523,70.24349],[-23.77526,70.14481],[-23.58745,70.084],[-23.45946,70.09188],[-23.00889,70.09273],[-22.43398,70.07852],[-22.15753,70.05611],[-22.73233,69.77407],[-23.44435,69.56848],[-24.33329,69.33282],[-24.58354,69.33987],[-24.89656,69.39209],[-25.32438,69.08993],[-25.80157,68.86359],[-26.36214,68.66003],[-26.86867,68.52671],[-26.96362,68.5017],[-27.95906,68.47739],[-28.19534,68.41712],[-28.42121,68.41671],[-28.86312,68.32621],[-29.16214,68.25098],[-29.3997,68.22813],[-29.82539,68.41408],[-29.99449,68.39135],[-30.30504,67.98049],[-30.73649,67.92757],[-31.02031,67.95681],[-31.35468,68.04556],[-31.63458,68.25382],[-32.01875,68.44738],[-32.3099,68.5441],[-32.35907,68.54401],[-32.35547,68.45423],[-32.03718,67.9847],[-32.12384,67.87289],[-32.26754,67.8652],[-32.57805,67.75312],[-32.95602,67.64103],[-33.21397,67.46998],[-33.6642,67.06237],[-33.96005,66.76694],[-34.43306,66.38395],[-34.78231,66.26603],[-35.24768,66.2285],[-35.70801,66.35224],[-35.77449,66.10308],[-35.9719,65.84693],[-36.32438,65.72229],[-36.77053,65.76519],[-37.0479,65.74279],[-37.57888,65.54509],[-37.15478,66.32019],[-37.20937,66.31276],[-37.56726,66.31942],[-38.04185,66.39922],[-37.92492,66.20884],[-37.93667,66.00396],[-38.1103,65.82104],[-38.46742,65.64538],[-38.98941,65.57157],[-39.42712,65.57074],[-39.99202,65.53331],[-39.78177,65.35188],[-39.68631,65.17056],[-39.72692,64.99654],[-39.89782,64.95292],[-40.04237,64.98147],[-40.25372,64.96666],[-41.06033,65.03749],[-40.82775,64.89354],[-40.48362,64.68541],[-40.35071,64.52752],[-40.35533,64.42695],[-40.47242,64.3478],[-41.01111,64.33243],[-41.48412,64.27419],[-41.10417,64.08855],[-40.89255,64.03168],[-40.69122,63.93187],[-40.51625,63.78207],[-40.7657,63.57453],[-40.89391,63.52437],[-41.16342,63.56666],[-41.37824,63.52344],[-41.22302,63.30993],[-41.22701,63.25296],[-41.43447,63.0392],[-41.6531,63.09566],[-41.91557,63.12361],[-41.90392,63.05252],[-41.78911,62.84676],[-41.83441,62.69062],[-41.96373,62.69039],[-42.25886,62.73239],[-42.29884,62.7394],[-42.73953,62.68891],[-43.22597,62.68092],[-42.9191,62.46191],[-42.42037,62.28601],[-42.27136,62.19442],[-42.3062,61.72888],[-42.47826,61.30676],[-42.67033,61.26429],[-43.03726,61.29166],[-42.81712,61.02562],[-42.82441,60.80161],[-42.75409,60.69687],[-42.78493,60.52916],[-42.92721,60.50099],[-43.14993,60.51451],[-43.49709,60.47897],[-43.15412,60.30527],[-42.96204,60.03407],[-43.01451,59.83288],[-43.14357,59.81878],[-43.57878,59.93569],[-44.05227,60.16422],[-44.27614,60.03159],[-44.46744,59.76092],[-44.75314,60.03066],[-44.68222,60.28845],[-44.85624,60.37873],[-45.36201,60.46149],[-45.62171,60.6006],[-45.60407,60.68451],[-45.48993,60.79657],[-45.46025,60.89458],[-45.60648,61.02037],[-45.7709,61.10412],[-46.07187,60.94245],[-46.19585,60.9352],[-46.33109,60.87194],[-46.53103,60.89256],[-46.97205,60.86374],[-47.15937,60.85638],[-47.4162,60.723],[-47.63048,60.59681],[-47.82239,60.77819],[-47.86936,60.93903],[-47.96923,61.03691],[-48.20002,61.14163],[-48.56791,61.24614],[-48.91546,61.42104],[-49.14827,61.77233],[-49.11644,62.10383],[-49.20595,62.1743],[-49.4013,62.21632],[-49.61146,62.19474],[-50.04793,62.31408],[-50.09668,62.35641],[-50.15893,62.46243],[-50.09594,62.66799],[-49.88933,62.84574],[-49.85748,62.96654],[-49.97368,62.99473],[-50.22173,63.00849],[-50.46582,63.05067],[-50.59094,63.14999],[-50.61674,63.43481],[-50.82309,63.49146],[-51.10052,63.46954],[-51.36577,63.72601],[-51.35502,63.81178],[-51.26595,63.92637],[-50.98795,64.09154],[-50.43902,64.24309],[-50.25692,64.37973],[-50.04263,64.43757],[-50.01991,64.61006],[-50.14448,64.73932],[-50.3574,64.69574],[-50.77184,64.65901],[-50.99375,64.61543],[-51.27966,64.42807],[-51.5214,64.37019],[-51.80485,64.23334],[-51.95738,64.37657],[-51.94018,64.65683],[-51.99165,65.00975],[-52.08433,65.21263],[-52.07773,65.37242],[-52.18694,65.5177],[-52.41381,65.48089],[-52.53601,65.49522],[-52.83536,65.65489],[-53.10254,65.87325],[-53.10843,66.03404],[-52.72966,66.27638],[-52.6105,66.26798],[-52.86044,66.3532],[-53.34805,66.32428],[-53.39427,66.45182],[-53.2217,66.53086],[-52.91685,66.54447],[-52.65324,66.56777],[-52.44805,66.60731],[-52.30317,66.90947],[-52.84683,66.93058],[-53.1042,66.90795],[-53.26726,66.92242],[-53.39742,66.99594],[-53.44956,67.08445],[-53.34943,67.21025],[-53.25116,67.21394],[-53.17031,67.28581],[-52.9781,67.31034],[-53.14671,67.39515],[-53.39496,67.36226],[-53.49412,67.4735],[-53.46845,67.55819],[-53.43576,67.61762],[-53.31904,67.61785],[-53.18011,67.66265],[-52.8079,67.77478],[-52.25998,67.73864],[-51.87599,67.66508],[-51.5268,67.65088],[-51.35653,67.59182],[-50.93936,67.52581],[-50.47709,67.4822],[-50.49111,67.64538],[-50.35671,67.89093],[-50.49096,67.97258],[-50.94994,68.09095],[-51.56045,68.23159],[-51.96674,68.30552],[-52.68337,68.45372],[-52.84246,68.50581],[-52.69119,68.66341],[-52.33688,68.66409],[-51.67873,68.5005],[-51.21373,68.47892],[-51.00517,68.50922],[-50.95377,68.53929],[-50.91385,68.80928],[-50.87436,68.94456],[-50.60661,68.96009],[-50.36877,68.90792],[-50.26649,68.95323],[-50.27879,69.11117],[-50.36649,69.19387],[-50.76742,69.33637],[-50.6944,69.53288],[-50.45657,69.73762],[-50.57263,69.86625],[-51.1171,69.9411],[-51.63652,69.94015],[-52.16677,70.06876],[-52.90913,70.28939],[-53.25991,70.33473],[-53.66633,70.35698],[-54.00849,70.50991],[-54.37353,70.7247],[-54.30319,70.74025],[-54.15799,70.80992],[-53.88546,70.81043],[-53.62814,70.81865],[-52.68983,70.68165],[-52.36748,70.66686],[-51.80567,70.52941],[-51.15284,70.32333],[-50.82446,70.2473],[-50.79947,70.38536],[-50.93915,70.57715],[-51.32637,70.82296],[-51.40384,71.02362],[-51.67537,71.22444],[-51.89342,71.2473],[-52.19804,71.35537],[-52.03564,71.48001],[-51.79139,71.54271],[-51.72012,71.58956],[-52.03681,71.69805],[-52.53196,71.70492],[-52.81338,71.74341],[-53.32285,71.89084],[-53.71872,71.61698],[-53.86457,71.54662],[-53.98821,71.41414],[-54.38158,71.30471],[-55.0124,71.33458],[-55.47655,71.48912],[-55.6143,71.59785],[-55.62637,71.73035],[-55.42961,71.87128],[-55.29757,72.1612],[-55.36609,72.72777],[-55.10402,72.75198],[-54.79314,72.66568],[-54.62607,72.72126],[-54.55815,72.87158],[-54.73041,73.0376],[-55.14999,73.28299],[-55.35346,73.34626],[-55.77934,73.70446],[-56.18216,74.12062],[-56.67945,74.70058],[-56.9394,74.91902],[-57.7743,75.08953],[-58.07463,75.20452],[-58.20533,75.29522],[-58.22853,75.61058],[-58.63566,75.79326],[-59.0683,75.84255],[-59.78349,75.91648],[-60.65109,76.10771],[-61.5075,76.25751],[-62.46763,76.33999],[-62.91621,76.36447],[-63.65077,76.37994],[-64.0038,76.29493],[-64.47336,76.25186],[-64.83592,76.16703],[-65.47452,76.0986],[-66.02684,76.17317],[-66.68392,76.30668],[-66.54038,75.97068],[-66.56342,75.92874],[-67.03666,75.93624],[-67.61905,76.01897],[-69.04484,76.29376],[-68.35297,76.54863],[-68.1444,76.59985],[-68.18594,76.7016],[-68.37634,76.77777],[-68.85624,76.78536],[-69.85101,76.79199],[-70.21667,76.82533],[-70.49995,76.83332],[-71.05699,77.0285],[-71.44828,77.12186],[-71.18388,77.25953],[-70.61842,77.2778],[-69.25207,77.21171],[-68.34064,77.19631],[-67.7363,77.18888],[-66.78378,77.25933],[-66.30935,77.35475],[-66.17778,77.39801],[-66.15341,77.55317],[-66.4356,77.68225],[-66.80472,77.77682],[-67.35228,77.70645],[-67.85181,77.59309],[-68.44124,77.58334],[-68.95322,77.63423],[-69.29207,77.59899],[-69.68752,77.55508],[-69.99364,77.58039],[-70.37952,77.6661],[-70.67804,77.83014],[-71.04521,77.91627],[-71.343,77.9418],[-71.66947,77.91511],[-71.88843,77.94944],[-72.52538,78.16613],[-72.54528,78.32354],[-72.38323,78.52573],[-72.01877,78.57923],[-71.46277,78.62432],[-70.7802,78.68734],[-69.84684,78.75975],[-69.26627,78.79619],[-68.83853,78.97411],[-68.34852,79.09048],[-67.96913,79.12679],[-66.85431,79.12892],[-66.35872,79.17437],[-65.48489,79.15824],[-65.3041,79.22092],[-65.16449,79.31037],[-64.89054,79.38237],[-64.79951,79.6784],[-64.67546,79.9039],[-64.62318,79.94921],[-65.02372,80.05177],[-65.89964,80.06921],[-66.41941,79.98193],[-66.85122,80.03851],[-67.41029,80.21074],[-67.1428,80.56214],[-66.52168,80.71128],[-65.24134,80.87277],[-64.60833,80.97395],[-63.72541,81.08618],[-62.77485,81.15875],[-62.25127,81.11947],[-61.70533,81.15087],[-61.11181,81.18245],[-60.95673,81.26373],[-60.95171,81.36545],[-61.11219,81.70417],[-61.12241,81.79757],[-60.88732,81.86061],[-60.03867,81.88332],[-59.35192,81.79097],[-58.38867,81.60662],[-57.80527,81.50505],[-57.4442,81.42388],[-57.07404,81.54768],[-57.81964,81.78383],[-58.13328,82.01318],[-58.0578,82.03437],[-57.06814,82.08921],[-56.54334,82.14315],[-55.70923,82.24037],[-54.5752,82.32806],[-54.2467,82.29678],[-53.76793,82.24458],[-53.66355,81.46256],[-53.2527,81.53523],[-53.01039,81.68004],[-52.81596,82.13006],[-52.36427,82.12047],[-51.46234,81.97499],[-50.62613,81.78882],[-49.93803,81.67624],[-49.84602,81.8113],[-50.13585,81.94644],[-50.50305,82.188],[-50.90543,82.36811],[-50.77244,82.49712],[-50.43855,82.48709],[-49.64759,82.47806],[-49.13649,82.38263],[-47.89702,82.21481],[-47.31917,82.08914],[-46.37026,81.94403],[-45.52522,81.82054],[-44.68298,81.72887],[-44.3228,81.82313],[-43.95536,82.4905],[-44.10205,82.57641],[-44.68353,82.72696],[-45.21286,82.96671],[-44.89414,83.07787],[-43.81247,83.0803],[-42.47936,83.22789],[-41.8811,83.26276],[-41.19401,83.18617],[-40.19462,82.96682],[-39.48936,82.89145],[-38.58717,82.82772],[-38.45208,83.17001],[-38.5872,83.38235],[-37.39665,83.47525],[-36.48712,83.51128],[-35.32197,83.46865],[-34.42694,83.40297],[-33.5784,83.48394],[-32.51317,83.577],[-31.59369,83.57907],[-30.75719,83.47898],[-29.93602,83.50347],[-29.34404,83.47089],[-29.06532,83.42636],[-28.81772,83.47206],[-27.94194,83.40635],[-27.17375,83.38556],[-26.42075,83.34231],[-25.32359,82.99988],[-24.70792,82.89127],[-24.10259,82.92551],[-23.5996,82.84991],[-22.43236,82.74334],[-22.23187,82.55961],[-22.36884,82.50545],[-22.59,82.41913],[-23.34741,82.35327],[-24.38367,82.29774],[-24.90226,82.24345],[-25.4572,82.221],[-26.11838,82.25144],[-27.39237,82.28057],[-28.39144,82.31036],[-29.01637,82.23453],[-29.74276,82.22236],[-30.61268,82.20987],[-31.13468,82.19813],[-31.8031,82.12262],[-32.00285,82.06948],[-32.59805,81.97361],[-32.74867,81.76472],[-32.41453,81.65156],[-31.26651,81.77827],[-30.65127,81.81073],[-28.8907,81.7937],[-27.89046,81.84789],[-26.84168,81.85014],[-26.39327,81.86151],[-25.97467,81.83115],[-25.17848,81.63601],[-24.87664,81.59542],[-24.38728,81.67902],[-23.63882,81.7738],[-22.94759,81.90018],[-22.06357,81.96482],[-21.79793,81.75697],[-22.05288,81.53975],[-23.0953,81.25214],[-23.53286,81.09988],[-24.10957,80.76941],[-24.05537,80.63131],[-23.91174,80.56284],[-23.55328,80.60285],[-23.33885,80.62296],[-22.61189,80.87178],[-21.81727,81.11351],[-21.18166,81.28658],[-20.41409,81.43066],[-20.0654,81.52346],[-19.31736,81.59699],[-18.58938,81.54715],[-17.96345,81.51766],[-17.28974,81.6528],[-16.97343,81.7984],[-16.46541,81.90362],[-15.49879,81.90569],[-14.74626,81.85518],[-14.25251,81.83541],[-13.71397,81.77422],[-13.20332,81.67179],[-12.70513,81.6213],[-12.56311,81.5086],[-12.64447,81.38584],[-13.53097,81.27225],[-14.20195,81.21013],[-14.76216,80.98786],[-15.01256,80.85772],[-15.73444,80.69778],[-16.4409,80.451],[-16.91961,80.41104],[-17.33272,80.42968],[-18.04922,80.40872],[-19.04502,80.42616],[-19.7158,80.33725],[-20.04475,80.23966],[-20.26743,79.99887],[-20.19295,79.85377],[-19.31592,79.99121],[-18.60461,80.01178],[-17.7692,79.96663],[-17.7677,79.77738],[-18.10225,79.66893],[-19.17675,79.61304],[-19.38537,79.54992],[-19.48135,79.46026],[-19.55149,79.19265],[-19.76319,78.87306],[-20.06821,78.80182],[-20.54498,78.83622],[-20.87883,78.81792],[-21.25575,78.41264],[-21.69997,77.92347],[-21.76764,77.76732],[-21.56354,77.62942],[-21.38201,77.58661],[-21.11118,77.80319],[-20.77668,77.96862],[-20.39134,77.98673],[-19.33582,77.86724],[-19.17731,77.82422],[-19.05922,77.69464],[-19.08566,77.59961],[-19.64085,77.63309],[-19.94372,77.64113],[-20.17426,77.59754],[-20.23514,77.51124],[-20.10495,77.38247],[-19.31473,77.29812],[-19.0644,77.2386],[-18.25338,77.30014],[-18.0164,77.20634],[-17.92005,77.06114],[-17.942,76.86508],[-18.057,76.80533],[-18.88286,76.8888],[-19.62663,76.91295],[-19.9779,76.94633],[-20.56062,76.91118],[-21.18268,76.69748],[-21.55299,76.75621],[-21.77329,76.82379],[-22.25017,76.80584],[-22.37768,76.6359],[-21.75097,76.36663],[-21.21704,76.26656],[-20.63283,76.20877],[-19.88352,76.17658],[-19.57024,76.11],[-19.32224,75.89274],[-19.19981,75.69278],[-19.19355,75.44354],[-19.38885,75.2611],[-19.5616,75.22774],[-20.14297,75.30927],[-20.51184,75.3582],[-20.67922,75.30824],[-20.66885,75.06076],[-20.61583,74.95429],[-20.424,74.88161],[-20.146,74.84162],[-19.82055,74.74501],[-19.40924,74.68106],[-19.07091,74.60894],[-18.89868,74.43975],[-19.05102,74.33469],[-19.42509,74.26963],[-19.71624,74.21279],[-20.50225,74.2274],[-21.03151,74.26663],[-21.76226,74.30548],[-22.0288,74.10398],[-21.78091,74.01619],[-21.15254,73.99332],[-20.67937,73.92206],[-20.35364,73.81059],[-20.31381,73.6668],[-20.32959,73.41964],[-20.38808,73.42206],[-20.87955,73.4425],[-21.4405,73.39368],[-21.70852,73.27388],[-22.26917,73.2649],[-22.82031,73.32747],[-23.49375,73.5093],[-23.90861,73.72403],[-24.07642,73.75567],[-24.56888,73.62693],[-25.00992,73.47462],[-25.498,73.43389],[-25.76293,73.35379],[-26.41564,73.3685],[-26.82663,73.40752],[-27.26281,73.34303],[-27.44056,73.28703],[-27.51887,73.15984],[-27.51637,73.09635],[-27.35716,72.85914],[-27.03772,72.74911],[-26.46006,72.7265],[-25.77823,72.60949],[-25.07296,72.63445],[-24.47776,72.39154],[-24.13653,72.29007],[-23.91961,72.18849],[-23.38126,72.04068],[-22.8178,71.86973],[-22.64851,71.74521],[-22.43088,71.34116],[-22.02971,71.43508],[-21.90443,71.49749],[-21.72596,71.40459],[-21.59176,71.21096],[-21.56006,71.05625],[-21.47082,70.53234],[-21.54713,70.44007],[-21.71385,70.38607],[-21.95734,70.43162],[-22.20321,70.4849],[-22.6157,70.4841],[-23.0842,70.46792],[-23.75374,70.58956],[-24.04017,70.77375],[-24.22702,71.05899],[-24.38637,71.18251],[-24.913,71.43744],[-25.29125,71.5689],[-25.62764,71.63057],[-26.12018,71.66857],[-26.35451,71.60583],[-26.78748,71.55832],[-25.84955,71.4357],[-25.6949,71.27301],[-26.08601,71.1948],[-26.32942,71.1324]]],[[[14.84507,55.25632],[15.04243,55.17785],[15.11875,55.10271],[15.07403,55.0309],[14.95868,55.02118],[14.77271,55.07354],[14.69639,55.14868],[14.72972,55.2466],[14.84507,55.25632]]],[[[8.54437,56.77402],[8.61479,56.85097],[8.71868,56.89673],[8.85604,56.91132],[8.88528,56.86201],[8.80639,56.74881],[8.7025,56.70305],[8.57361,56.72472],[8.54437,56.77402]]],[[[11.64819,56.72249],[11.64847,56.72083],[11.62792,56.7077],[11.58653,56.68312],[11.55021,56.68007],[11.51896,56.69854],[11.53951,56.71166],[11.61187,56.71944],[11.64819,56.72249]]],[[[10.59229,55.76395],[10.5491,55.76521],[10.52653,55.81972],[10.52458,55.9275],[10.55035,55.95243],[10.60382,55.89451],[10.62639,55.84],[10.61805,55.78889],[10.59229,55.76395]]],[[[8.5641,56.6084],[8.47632,56.61368],[8.31896,56.67604],[8.24625,56.73861],[8.25819,56.80138],[8.35243,56.90499],[8.52896,57.04944],[8.81042,57.12903],[9.1968,57.14375],[9.52993,57.25923],[9.80979,57.47549],[10.12378,57.62177],[10.47189,57.6981],[10.59259,57.70025],[10.48586,57.62823],[10.45993,57.50166],[10.51479,57.32055],[10.49082,57.17041],[10.38802,57.05125],[10.25413,57.01625],[10.08915,57.06541],[9.81597,57.06638],[9.43458,57.01916],[9.2118,57.00986],[9.14763,57.03847],[9.00437,57.0259],[8.78201,56.97215],[8.60707,56.87849],[8.47956,56.74491],[8.45969,56.68012],[8.54749,56.68411],[8.58229,56.6602],[8.5641,56.6084]]],[[[11.14625,57.28895],[11.04708,57.2452],[10.96173,57.23326],[10.89021,57.25312],[10.89729,57.27736],[10.98299,57.30597],[11.06833,57.31791],[11.15333,57.31319],[11.14625,57.28895]]],[[[10.43882,54.85833],[10.43479,54.84722],[10.38667,54.85728],[10.29444,54.88853],[10.23229,54.92152],[10.20021,54.95625],[10.24833,54.94618],[10.37667,54.89132],[10.43882,54.85833]]],[[[11.0004,54.82182],[11.02143,54.88375],[11.06507,54.92521],[11.13132,54.94618],[11.2518,54.92493],[11.42653,54.86146],[11.54965,54.84826],[11.62118,54.88534],[11.70507,54.86937],[11.80132,54.80034],[11.80251,54.79903],[11.77257,54.84291],[11.79097,54.92562],[11.95569,54.90354],[12.0709,54.87916],[12.1366,54.8525],[12.11951,54.80423],[12.01965,54.73437],[11.9684,54.665],[11.96576,54.59611],[11.90048,54.65541],[11.85271,54.72544],[11.85444,54.70395],[11.75597,54.66735],[11.55569,54.63541],[11.33914,54.66229],[11.10631,54.748],[11.0004,54.82182]]],[[[10.68021,54.86993],[10.74875,54.97173],[10.88236,55.09798],[10.90111,55.06514],[10.805,54.87319],[10.73646,54.77139],[10.69548,54.75972],[10.67674,54.79256],[10.68021,54.86993]]],[[[9.83285,54.95944],[9.81021,54.99388],[9.7568,55.02069],[9.67264,55.03986],[9.67104,55.05583],[9.75201,55.06861],[9.83736,55.05847],[9.92708,55.02542],[9.99673,54.97534],[10.04632,54.90825],[9.99979,54.88256],[9.85715,54.89826],[9.77951,54.92486],[9.76687,54.96236],[9.78146,54.97139],[9.82326,54.95194],[9.83285,54.95944]]],[[[10.63056,54.96006],[10.59854,54.9502],[10.56562,54.95007],[10.53653,54.96409],[10.51125,54.99229],[10.53194,55.01562],[10.59861,55.03409],[10.64326,55.02986],[10.6659,55.00291],[10.66167,54.97965],[10.63056,54.96006]]],[[[12.46403,54.94319],[12.27708,54.90125],[12.16667,54.88624],[12.13278,54.89819],[12.16486,54.93694],[12.26292,55.00249],[12.37333,55.01749],[12.49611,54.98194],[12.46403,54.94319]]],[[[12.60423,55.56118],[12.56257,55.56597],[12.52882,55.59513],[12.53549,55.63132],[12.58257,55.67451],[12.62424,55.66972],[12.66048,55.61694],[12.65382,55.58076],[12.60423,55.56118]]],[[[10.41153,55.04277],[10.23903,55.07055],[10.03347,55.18812],[9.79486,55.39548],[9.8341,55.52861],[10.15118,55.5875],[10.35347,55.59583],[10.44097,55.55361],[10.46757,55.51256],[10.43326,55.4727],[10.43174,55.44909],[10.46299,55.44173],[10.51049,55.45013],[10.57424,55.4743],[10.60937,55.51958],[10.6159,55.58597],[10.65069,55.58493],[10.71375,55.51645],[10.76764,55.43513],[10.81236,55.34097],[10.82173,55.25104],[10.79576,55.16534],[10.71153,55.09909],[10.56903,55.05229],[10.41153,55.04277]]],[[[8.43382,55.43423],[8.45965,55.40333],[8.46229,55.35722],[8.44847,55.34548],[8.41819,55.36812],[8.39236,55.39902],[8.37097,55.43819],[8.38479,55.44992],[8.43382,55.43423]]],[[[-54.5744,69.60885],[-54.68688,69.70703],[-54.72269,70.08693],[-54.5937,70.24024],[-54.42834,70.2482],[-54.13746,70.18747],[-53.6167,70.15783],[-53.03749,70.03656],[-52.70119,69.91539],[-52.43356,69.87039],[-52.08399,69.77249],[-51.81285,69.62156],[-51.87741,69.53068],[-51.92794,69.51549],[-52.1726,69.49234],[-52.52108,69.47657],[-52.86744,69.39284],[-53.32171,69.32408],[-53.5515,69.27842],[-53.80711,69.33827],[-54.12526,69.48116],[-54.4859,69.56363],[-54.5744,69.60885]]],[[[-23.58541,72.44039],[-23.65702,72.47171],[-23.79843,72.66046],[-23.13101,72.6775],[-22.72944,72.61519],[-22.25054,72.49795],[-21.88207,72.36496],[-21.80948,72.1454],[-21.90615,72.05123],[-22.1457,72.02732],[-22.83276,72.26895],[-23.26489,72.37024],[-23.58541,72.44039]]],[[[11.11205,59.16511],[10.82919,59.10584],[10.76894,59.11769],[10.65681,59.2244],[10.54927,59.37863],[10.63356,59.44985],[10.56974,59.5805],[10.40706,59.49735],[10.37863,59.36675],[10.42959,59.25997],[10.36334,59.21254],[10.21107,59.07029],[10.17234,58.98737],[9.93762,58.94],[9.69758,58.99922],[9.3462,58.84531],[9.37162,58.78615],[9.14589,58.65607],[8.92173,58.53789],[8.17524,58.17205],[8.15375,58.08955],[8.0302,58.06598],[7.90843,58.06598],[6.95864,57.97174],[6.87418,58.07775],[6.72566,58.13669],[6.64366,58.04241],[6.47912,58.08955],[6.65171,58.17205],[6.23133,58.27818],[5.87384,58.4316],[5.61548,58.45522],[5.39974,58.71518],[5.531,58.88081],[5.47465,58.97553],[5.62749,58.96368],[5.66579,58.82165],[5.79366,58.91632],[6.09355,58.79798],[5.98371,58.88672],[6.04116,58.95184],[6.26615,58.99329],[6.05055,58.98144],[5.9404,58.93408],[5.8223,59.01698],[5.77186,59.07622],[6.03258,59.20067],[6.23753,59.28369],[6.0203,59.25404],[5.8775,59.31335],[6.07625,59.42017],[6.11343,59.52705],[5.81591,59.31335],[5.7995,59.43204],[5.68047,59.50923],[5.68291,59.41423],[5.71715,59.33707],[5.52852,59.2659],[5.34384,59.2659],[5.35033,59.39049],[5.28259,59.27183],[5.17665,59.30741],[5.0866,59.50923],[5.38263,59.71127],[5.41856,59.51517],[5.44931,59.65776],[5.64617,59.58645],[5.74112,59.62804],[5.66655,59.6756],[5.9699,59.71127],[6.18539,59.82426],[5.9105,59.75289],[5.69405,59.75289],[5.54334,59.82426],[5.63173,59.88377],[5.80576,59.94925],[5.89406,60.16126],[5.52462,60.16753],[5.27905,60.12534],[5.09623,60.26413],[5.26178,60.32713],[5.55114,60.50889],[5.45583,60.59241],[5.25523,60.56414],[5.07547,60.59169],[4.98038,60.68924],[5.10853,60.90611],[5.38705,61.02558],[5.11961,61.1371],[5.01831,61.30514],[5.14095,61.38956],[5.10115,61.69859],[5.14898,61.74088],[5.41603,61.76954],[5.59242,61.7897],[5.79709,61.76991],[5.8339,61.81941],[5.71947,61.87955],[5.52818,61.93255],[5.42569,62.00926],[5.46967,62.0937],[5.56459,62.1503],[5.82363,62.17902],[6.05349,62.3348],[6.30839,62.28583],[6.53251,62.3357],[6.61296,62.58334],[6.98868,62.54157],[7.28926,62.48556],[7.54674,62.59925],[7.10156,62.70464],[6.98186,62.84614],[7.08818,62.9102],[7.60649,62.90406],[7.98916,62.94027],[8.23129,62.84141],[8.25797,63.05432],[8.47229,63.17552],[8.6059,63.3251],[8.9572,63.40404],[9.15422,63.31902],[9.21607,63.28356],[9.4409,63.49752],[9.83211,63.68362],[9.87006,63.87643],[10.06616,64.05551],[10.73985,64.38617],[10.8906,64.47251],[10.99662,64.49424],[11.2135,64.41574],[11.36406,64.41602],[11.50772,64.51672],[11.40654,64.61704],[11.46994,64.67464],[11.68973,64.77565],[11.89557,64.91273],[12.11214,65.12992],[12.22221,65.10115],[12.52645,65.10895],[12.49617,65.38447],[12.28409,65.43489],[12.47922,65.61703],[12.70906,65.90888],[13.08739,65.88041],[13.1088,66.03374],[13.15191,66.13613],[13.58101,66.18811],[13.4028,66.34882],[13.2554,66.39254],[13.16865,66.45834],[13.24208,66.56853],[13.38319,66.67895],[13.59203,66.65732],[13.99165,66.68746],[13.74719,66.9224],[13.85907,66.95945],[14.05474,66.97456],[14.37308,67.0931],[14.63927,67.12311],[14.77766,67.21653],[14.61647,67.24527],[14.56921,67.32934],[14.69915,67.37439],[14.97616,67.52294],[15.22666,67.50856],[15.3845,67.46444],[15.57994,67.58332],[15.74567,67.59729],[15.76182,67.67629],[15.57224,67.8207],[15.85421,67.92524],[15.91974,68.04897],[16.07106,68.04467],[16.23273,67.91109],[16.41161,67.87425],[16.64855,68.04575],[16.5219,68.3409],[16.71914,68.31136],[17.03327,68.33763],[17.12642,68.41608],[16.85476,68.55778],[17.03973,68.65853],[17.40691,68.77154],[17.44891,68.887],[17.56586,68.97437],[17.89471,69.03508],[17.92815,69.00508],[18.05155,69.02786],[18.09735,69.058],[18.31905,69.35938],[18.55324,69.24688],[18.98485,69.31544],[19.17016,69.25553],[19.28917,69.21059],[19.57998,69.18106],[17.00938,67.24776],[14.53605,63.0976],[14.34372,62.94813],[13.1549,62.02423],[12.79174,61.32995],[12.59738,61.02862],[12.17404,60.95641],[12.43103,60.62585],[12.54796,60.43387],[12.43586,60.2781],[12.42277,60.03878],[12.4879,58.56292],[11.73638,57.69821],[11.60984,57.80695],[11.70914,58.02474],[11.80189,58.17794],[11.61386,58.24735],[11.43109,58.20153],[11.40671,58.33127],[11.22136,58.30832],[11.14039,58.85122],[11.03924,58.9104],[11.17885,59.07029],[11.11205,59.16511]]]]}},{"type":"Feature","properties":{"name":"Rajput kingdoms","subject":"Rajput kingdoms","partOf":"Rajput kingdoms","borderPrecision":1,"color":"#8b7fa6"},"geometry":{"type":"MultiPolygon","coordinates":[[[[81.26855,19.82944],[80.97968,20.85983],[78.46621,21.50883],[75.41139,21.86814],[72.70661,21.50432],[72.66594,21.84894],[72.69562,22.12854],[72.31905,22.11503],[72.23298,22.01955],[72.12714,21.82874],[72.13104,21.74618],[72.25569,21.63208],[72.289,21.54957],[72.2562,21.35256],[72.12086,21.15534],[71.89443,20.98968],[71.52893,20.82373],[71.30259,20.77243],[71.02445,20.65748],[70.85505,20.65076],[70.46748,20.777],[70.20995,20.94798],[69.75222,21.39807],[69.12606,21.96851],[68.89418,22.28566],[69.01423,22.30497],[69.49224,22.24881],[69.76917,22.28751],[69.96852,22.35146],[70.1762,22.47896],[70.41056,22.75262],[70.38065,22.86056],[70.31022,22.82864],[70.04595,22.77726],[69.66489,22.78916],[69.39182,22.8394],[69.1072,22.8989],[68.88241,22.99715],[68.79081,23.02872],[68.37294,23.32642],[68.07218,23.67519],[68.86453,24.48087],[70.28901,27.57755],[71.15608,28.87816],[71.40381,32.53224],[72.21038,33.3721],[79.80756,33.05777],[80.07855,31.8835],[79.80756,31.16087],[79.80756,30.70923],[80.05398,29.98154],[83.73996,28.20484],[84.42849,27.87296],[86.40928,27.32968],[88.1541,27.31264],[88.0685,27.02613],[87.86779,27.01791],[87.18715,25.1054],[85.93252,25.2448],[85.09777,25.8013],[83.98476,24.78105],[84.81952,23.85354],[84.91227,22.74053],[84.72676,21.90578],[84.72676,21.58929],[82.91244,20.666],[81.26855,19.82944]],[[78.55132,27.63043],[79.85371,27.97039],[77.06013,29.42076],[72.62766,28.36655],[74.1174,26.54434],[76.30908,27.04515],[78.55132,27.63043]]]]}},{"type":"Feature","properties":{"name":"Chauhans","subject":"Chauhans","partOf":"Chauhans","borderPrecision":1,"color":"#a88992"},"geometry":{"type":"MultiPolygon","coordinates":[[[[76.30908,27.04515],[74.1174,26.54434],[72.62766,28.36655],[77.06013,29.42076],[79.85371,27.97039],[78.55132,27.63043],[76.30908,27.04515]]]]}},{"type":"Feature","properties":{"name":"Peshemegs","subject":"Peshemegs","partOf":"Peshemegs","borderPrecision":1,"color":"#a88992"},"geometry":{"type":"MultiPolygon","coordinates":[[[[30.44365,46.18508],[30.30607,46.31583],[29.94108,46.54453],[29.57919,46.6149],[28.93175,47.15815],[29.63708,47.29634],[29.87992,48.32072],[30.46303,48.39565],[30.445,48.44038],[32.5683,49.22398],[32.62051,49.19863],[32.71807,49.14014],[32.76953,49.11592],[32.86338,49.08726],[32.98086,49.08257],[33.04346,49.06313],[33.06611,49.02139],[33.07627,49.00435],[33.1625,48.9936],[33.16709,49.01929],[33.19395,49.0939],[33.19434,49.11875],[33.1041,49.20015],[33.01543,49.28066],[32.92444,49.35541],[39.30198,51.70902],[39.76564,52.49717],[40.02834,52.47757],[44.82601,52.11961],[45.40194,52.06505],[50.8651,51.54746],[55.06188,51.14985],[55.7543,51.08425],[61.95934,48.88136],[61.63418,47.20905],[61.54838,46.76775],[61.46578,46.76686],[61.31278,46.68194],[61.24961,46.61146],[61.12326,46.56533],[60.93809,46.48984],[60.84619,46.52437],[60.79941,46.56899],[60.78311,46.63267],[60.85872,46.69751],[60.84293,46.77328],[60.65735,46.82193],[60.50337,46.80572],[60.52311,46.72729],[60.63779,46.7208],[60.72803,46.67603],[60.72568,46.62583],[60.65117,46.58906],[60.60449,46.57808],[60.55459,46.58564],[60.50117,46.61177],[60.45957,46.59282],[60.42969,46.52891],[60.39629,46.54307],[60.35937,46.63525],[60.31738,46.68745],[60.27051,46.69971],[60.18906,46.67681],[60.07305,46.6188],[60.00918,46.56064],[59.99766,46.50239],[60.0207,46.44941],[60.07871,46.40176],[60.21119,46.28706],[60.45599,46.27341],[60.56654,46.26522],[60.82256,46.24316],[60.82412,46.21343],[60.78568,46.15183],[60.72349,46.1679],[60.60504,46.12686],[60.55272,46.15491],[60.47869,46.2048],[60.30003,46.16379],[60.01871,46.213],[59.81543,46.1814],[59.80078,46.25454],[59.77891,46.30146],[59.74941,46.32212],[59.69883,46.3313],[59.57695,46.3335],[59.54883,46.34478],[59.53076,46.34268],[59.48074,46.31706],[59.54589,46.23929],[59.54984,45.99433],[59.43139,45.80336],[59.28727,45.835],[59.30109,45.88038],[59.36032,45.93258],[59.36624,45.99021],[59.32873,46.02587],[59.26358,46.02724],[59.19844,46.02312],[59.14316,46.00667],[59.07011,46.00119],[58.98164,45.97461],[58.95742,45.96821],[58.88059,45.95591],[58.81545,45.9312],[58.77158,45.89502],[58.7207,45.84766],[58.68125,45.78364],[58.65527,45.71572],[58.62793,45.60024],[58.61133,45.58472],[58.58867,45.53706],[58.56006,45.45723],[58.51357,45.38569],[58.44922,45.32241],[58.4041,45.25303],[58.37832,45.17754],[58.27217,44.98169],[58.23809,44.90313],[58.23213,44.85132],[58.25098,44.78643],[58.29463,44.70835],[58.29668,44.63843],[58.25713,44.57656],[58.19851,44.51966],[58.2301,44.45205],[58.24195,44.35897],[58.39988,44.16669],[58.37619,44.0391],[58.3446,43.86571],[58.36731,43.73712],[58.59631,43.75708],[58.77991,43.7471],[58.82729,43.844],[58.91021,43.85254],[59.01879,43.86108],[59.00793,43.97947],[59.12638,44.00219],[59.24779,43.85397],[59.50542,43.91408],[59.71567,43.66933],[60.07695,43.60861],[60.94361,44.44113],[61.10944,44.71674],[61.15254,44.73187],[60.84799,43.16554],[54.20582,41.46366],[54.1672,41.48297],[54.13846,41.62664],[54.11931,41.77989],[54.02353,41.85651],[54.02353,41.95229],[54.02353,42.04807],[53.98522,42.10554],[53.73619,42.13427],[53.45843,42.09596],[53.26688,42.08638],[53.06574,42.02892],[52.97954,41.9044],[52.94123,41.77031],[52.99869,41.68411],[52.96996,41.5596],[52.93165,41.37762],[52.96038,41.27226],[52.96996,41.13817],[52.85503,41.3872],[52.6922,41.53086],[52.71136,41.60749],[52.68262,41.69369],[52.55927,41.75784],[52.60075,41.93768],[52.57377,42.0186],[52.51982,42.07256],[52.58276,42.18945],[52.67268,42.27937],[52.73562,42.42324],[52.75361,42.55812],[52.83453,42.64804],[52.7626,42.75594],[52.58276,42.82787],[52.37595,42.8009],[52.29502,42.87283],[52.16014,42.84586],[52.07022,42.82787],[51.9803,42.9088],[51.8814,43.05267],[51.73753,43.17855],[51.58466,43.17855],[51.42281,43.16956],[51.42281,43.25948],[51.45878,43.38537],[51.36886,43.55621],[51.26095,43.61016],[51.17103,43.71807],[50.9912,44.07774],[50.95523,44.20363],[50.70346,44.25758],[50.38874,44.29355],[50.3258,44.36548],[50.33479,44.5633],[50.40673,44.61726],[50.54161,44.64423],[50.72144,44.63524],[50.8743,44.62625],[51.09011,44.5633],[51.33289,44.48238],[51.41382,44.51834],[51.57567,44.55431],[51.48575,44.62625],[51.36886,44.6802],[51.18902,44.77012],[51.0991,44.87802],[51.21599,45.03987],[51.34188,45.05786],[51.37785,45.17475],[51.45878,45.30963],[51.51273,45.37257],[51.62962,45.35459],[51.77349,45.39056],[51.84543,45.43552],[51.99829,45.38156],[52.10619,45.38156],[52.60974,45.39955],[53.05933,45.3366],[53.28413,45.32761],[53.21219,45.36358],[53.05933,45.4535],[52.84352,45.50745],[52.83453,45.64233],[52.92445,45.73225],[53.05034,45.83116],[53.14925,45.95705],[53.2032,46.19083],[53.25715,46.31672],[53.18522,46.42462],[53.12228,46.49656],[53.16723,46.58647],[53.28413,46.6764],[53.23018,46.73035],[53.18522,46.86523],[53.02336,46.91918],[52.86151,46.93716],[52.55579,46.98212],[52.46587,46.91018],[52.37595,46.87422],[52.14216,46.83825],[51.93535,46.8922],[51.79148,47.00909],[51.67458,47.03607],[51.36886,47.09002],[51.11708,47.06305],[50.82035,46.91918],[50.63152,46.91018],[50.27185,46.68539],[49.94814,46.5595],[49.72335,46.53252],[49.53451,46.54152],[49.40863,46.43362],[49.3132,46.35269],[49.23778,46.26277],[49.05794,46.13688],[48.8871,46.08293],[48.83315,46.08293],[48.83315,46.01999],[48.83315,45.92108],[48.77021,45.88511],[48.63533,45.97503],[48.48247,45.88511],[48.30263,45.76821],[48.05073,45.72098],[45.08815,48.12178],[41.84686,48.47506],[39.20203,47.22776],[39.19409,47.24295],[39.15985,47.26889],[38.80025,47.22917],[38.20973,47.15046],[37.85925,47.10374],[37.42214,47.07688],[37.19263,46.89442],[36.86456,46.80929],[36.24138,46.63137],[36.21305,46.66081],[36.06749,46.67027],[35.9072,46.65109],[35.80582,46.6161],[35.72555,46.57054],[35.64638,46.49943],[35.5111,46.45471],[35.35222,46.33166],[35.34693,46.355],[35.19804,46.44331],[35.21666,46.40498],[35.11971,46.29943],[35.03805,46.25166],[34.81249,46.18137],[34.49121,46.16822],[34.21695,46.2303],[34.17461,46.26602],[34.15859,46.2666],[34.15801,46.24849],[34.15864,46.2435],[34.06422,46.26487],[33.91096,46.21598],[33.84824,46.23071],[33.77813,46.23398],[33.72803,46.22812],[33.70391,46.21484],[33.69619,46.20029],[33.70762,46.18179],[33.77051,46.1333],[33.81523,46.14233],[33.83135,46.14341],[33.88506,46.05991],[33.92432,46.03911],[33.96016,46.04004],[33.97773,46.05181],[33.99834,46.07227],[34.07236,46.05928],[34.12148,46.02583],[34.13281,46.00972],[34.14033,45.9626],[34.16445,45.94438],[34.18662,45.95625],[34.18711,45.97656],[34.18193,46.01606],[34.18975,46.02959],[34.22695,46.02144],[34.27148,46.02686],[34.38789,45.95039],[34.37998,45.90132],[34.39004,45.88789],[34.41172,45.88979],[34.449,45.91097],[34.50305,45.8761],[34.61924,45.93496],[34.5188,45.82437],[34.49512,45.80283],[34.49514,45.79833],[34.46639,45.76666],[34.64915,45.78555],[35.00805,45.61195],[35.0319,45.53427],[34.99001,45.45002],[35.04197,45.37221],[33.52796,44.87179],[33.55938,44.93614],[33.51667,45.12351],[33.38193,45.18665],[33.27555,45.15416],[33.01166,45.30444],[32.93693,45.34193],[32.64345,45.38063],[32.5753,45.36108],[32.50324,45.4451],[32.90226,45.67258],[33.18415,45.7386],[33.53946,45.87471],[33.63884,45.92677],[33.52795,46.13406],[33.33253,46.16611],[32.97293,46.14595],[32.51644,46.12558],[32.20217,46.17036],[32.1141,46.21562],[31.92594,46.40993],[32.18879,46.59224],[32.0075,46.63915],[31.95127,46.86463],[31.78105,46.70186],[31.53773,46.70138],[31.16783,46.64732],[31.08723,46.63554],[30.83286,46.57659],[30.52046,46.25141],[30.44365,46.18508]],[[34.48662,47.59297],[34.43633,47.5689],[34.38027,47.55752],[34.31582,47.5668],[34.26621,47.58989],[34.24033,47.5749],[34.21074,47.53618],[34.14785,47.54229],[34.06699,47.55835],[33.98398,47.55571],[33.93613,47.54146],[33.94727,47.45142],[33.96455,47.35894],[33.96279,47.33125],[33.9335,47.28242],[33.83477,47.21226],[33.77715,47.1625],[33.76133,47.11904],[33.70469,47.06084],[33.6668,47.04199],[33.65537,47.05029],[33.62979,47.03398],[33.57588,46.88257],[33.53984,46.83125],[33.55938,46.82222],[33.6873,46.86064],[33.69971,46.89873],[33.71816,46.94058],[33.9041,47.15874],[34.09717,47.31606],[34.17285,47.32456],[34.1834,47.34565],[34.17676,47.38931],[34.18984,47.41997],[34.41943,47.48696],[34.59238,47.52012],[34.80771,47.46313],[34.96055,47.40649],[35.04902,47.42817],[35.21318,47.4499],[35.26943,47.45049],[35.30176,47.4918],[35.24238,47.64727],[35.13027,47.84004],[35.10566,47.8416],[35.08564,47.82432],[35.08779,47.67554],[34.99707,47.5876],[34.73066,47.57754],[34.48662,47.59297]]]]}}]}