{"type":"FeatureCollection","features":[{"type":"Feature","properties":{"name":"Cyprus","subject":"Cyprus","partOf":"Cyprus","borderPrecision":1,"color":"#739b91"},"geometry":{"type":"MultiPolygon","coordinates":[[[[33.78049758384968,35.20813711758318],[33.77266601036335,35.12928351040544],[33.92467406700398,34.95322760220232],[33.79195693443562,34.95737036343279],[33.7325773567989,34.908622347075365],[33.68582061241413,34.934867464262865],[33.53851226280476,34.94415625210466],[33.48393538902546,34.79579123135271],[33.131392511828196,34.6803356039113],[32.95861724327351,34.6593395101613],[32.91454604576374,34.635726534087084],[32.91451552818562,34.541259371001146],[32.81665709923054,34.53863867397966],[32.784136805041086,34.625228487212084],[32.60339263389851,34.61473425503435],[32.357180628283274,34.6803356039113],[32.27109054039265,34.71969565029802],[32.270979914171946,34.81415518398943],[32.19850066612507,34.861388765532396],[32.143721613390696,35.04254492397966],[32.18047622154499,35.058314882475756],[32.23445800255085,35.01363333340349],[32.30098632286335,35.016261659819506],[32.48311522911335,35.15294226284685],[32.59698394249226,35.15557440396013],[32.744952234728586,35.11427267666521],[32.779524836046946,35.15294226284685],[32.81907180259968,35.28174551602068],[32.79511168907429,35.36061056729021],[33.07747939537312,35.31861075039568],[33.37370971153523,35.30648001309099],[33.53904250572468,35.33169516201677],[33.90731719444538,35.436847292143725],[34.21733764122273,35.573566042143725],[34.45821288536335,35.64456137295427],[34.24465468834187,35.51184424038591],[34.04842666099812,35.40793188687029],[33.78049758384968,35.20813711758318]]]]}},{"type":"Feature","properties":{"name":"Norway","subject":"Norway","partOf":"Norway","borderPrecision":1,"color":"#739b91"},"geometry":{"type":"MultiPolygon","coordinates":[[[[11.178854975207102,59.07028921719255],[11.112050089342844,59.16510733242693],[10.82919028709675,59.10584219570818],[10.768937143786204,59.11769064541521],[10.65680602501179,59.22439535732927],[10.549271616442454,59.37863119717302],[10.633557352526438,59.44985159512224],[10.569742235644114,59.580504976469896],[10.40705779503132,59.49734839077654],[10.378625902636301,59.3667484151906],[10.429588350756418,59.25997122402849],[10.363341364367258,59.21253546353044],[10.211065325243723,59.07028921719255],[10.172335657580149,58.987365328032396],[9.937624010546457,58.940002046782396],[9.697579416735422,58.99921759243669],[9.346200022204172,58.84530981655779],[9.371620211107981,58.78614767666521],[9.14589408348347,58.656066499907396],[8.921734842760813,58.5378909933156],[8.175240549547922,58.1720462667531],[8.153747591479075,58.08954580898943],[8.030196222765696,58.065978609282396],[7.908431086046946,58.065978609282396],[6.958641085131418,57.97173651333513],[6.87418130348469,58.07775457974138],[6.725660833819163,58.13668783779802],[6.643655333025706,58.042411409575365],[6.479116472704661,58.08954580898943],[6.651709589464915,58.1720462667531],[6.231332334978831,58.27817877407732],[5.873840364916575,58.431598268706225],[5.615484270556223,58.45521505947771],[5.399735006792795,58.715175234038256],[5.53099921654011,58.88080938931169],[5.474647554857981,58.97552832241716],[5.627488169176829,58.96367987271013],[5.665794405443918,58.821647249419115],[5.793662104113352,58.91632422085466],[6.093553575976145,58.79797705288591],[5.983710798723948,58.88672217007341],[6.041155848009836,58.951842867094896],[6.266145262224924,58.993285738188646],[6.050548109514963,58.981444917876146],[5.940400633318674,58.93407782192888],[5.822302374346506,59.01698263760271],[5.77185729454304,59.076217256743334],[6.032578501208079,59.200667940337084],[6.237526449663889,59.28369482632341],[6.020303759081614,59.25403555508318],[5.87749579857136,59.31335028286638],[6.076250586016428,59.420165621001146],[6.113430532915842,59.52704580898943],[5.815908941729319,59.31335028286638],[5.799501928789866,59.43203695889177],[5.680468592150461,59.50923117275896],[5.682913813097727,59.414229952055834],[5.717149290545237,59.3370738851613],[5.528521570666086,59.26589926357927],[5.343843969805491,59.26589926357927],[5.350331816180002,59.39049109097185],[5.282588991625559,59.27183111782732],[5.176648649676096,59.30741461392107],[5.086604151232493,59.50923117275896],[5.382628950579416,59.71127279873552],[5.418557676775706,59.51516684170427],[5.44930747459675,59.6577640401906],[5.646168264849436,59.586452089507006],[5.741123232348215,59.628043733794115],[5.666552576525461,59.675597749907396],[5.969901594622385,59.71127279873552],[6.185389551623118,59.82426031704607],[5.910496267779124,59.752894960600756],[5.694047483904612,59.752894960600756],[5.543337854845774,59.82426031704607],[5.631734404070627,59.88376577969255],[5.805763277514231,59.94925268765154],[5.894064459307444,60.16126211758318],[5.52461961220051,60.167525850493334],[5.279052290423166,60.12533529873552],[5.096230539782297,60.26413305874529],[5.261776003344309,60.327132784087084],[5.551142248614084,60.50888785000505],[5.455831560595286,60.592406831938646],[5.255226644976389,60.56414373989763],[5.075472387774241,60.591693483549975],[4.980375322802317,60.68924292202654],[5.108526739580881,60.90610846157732],[5.387047800524485,61.02558477993669],[5.119612726671946,61.13709982510271],[5.018313440783274,61.30513723965349],[5.14095262001301,61.38955649014177],[5.101146254046213,61.69858893032732],[5.148983511431467,61.7408824789113],[5.416030916674387,61.76953848477068],[5.592420134051096,61.78969534512224],[5.797088179095041,61.76991232510271],[5.833900007708323,61.81940802212419],[5.71946767280842,61.87954672451677],[5.528184446795237,61.93255194302263],[5.425686392290842,62.009261690337084],[5.469670805437815,62.09369619961443],[5.564593824846995,62.15030249233904],[5.823631319506418,62.17901953335466],[6.05348924110676,62.33480032559099],[6.30839065025593,62.285827242094896],[6.532513651354563,62.33569677944841],[6.612958940966379,62.58333548184099],[6.988682779772532,62.54157217617693],[7.289257082445872,62.48556479092302],[7.546737703783762,62.59925421353044],[7.101563486559641,62.704642854887865],[6.981860193712961,62.84614142056169],[7.088180098040354,62.91019781704607],[7.606488260729563,62.90405615444841],[7.989161524279368,62.94026907559099],[8.231293711169016,62.84140738125505],[8.257966074450266,63.05431707974138],[8.472289118273508,63.17551764126482],[8.605903658373606,63.32509573574724],[8.95719722221638,63.40404089565935],[9.154221567614329,63.3190189230031],[9.216067347033274,63.283561311919115],[9.44089797447468,63.497523866850756],[9.832105669482004,63.683620058257006],[9.870058092577707,63.87643393154802],[10.066159281237375,64.05550726528826],[10.739846262438547,64.38617285366716],[10.890596422655832,64.47251471157732],[10.996618303759348,64.49424322720232],[11.213500055773508,64.41573675747576],[11.364055666430247,64.41601904507341],[11.507721933825266,64.51671942349138],[11.406536135180247,64.61703833218279],[11.469941172106516,64.67464026089372],[11.68972781608845,64.77565344448747],[11.895566973192942,64.91273077603044],[12.11214164207722,65.12991675015154],[12.22221187065388,65.1011463033742],[12.526453051073801,65.10895117397966],[12.496170076830637,65.3844714986867],[12.284087213976633,65.4348865377492],[12.479218515856516,65.61703070278826],[12.709057840807688,65.90887793179216],[13.087389025194895,65.88041266079607],[13.108799013598215,66.0337406026906],[13.15190700004841,66.13612707729997],[13.581009897692454,66.18811377163591],[13.4028015465572,66.34881933804216],[13.255395922167551,66.39254339810076],[13.168647798998606,66.45833929653826],[13.242076906664622,66.5685306417531],[13.38319304893757,66.67895086880388],[13.592026743395579,66.65732153530779],[13.991646799547922,66.68745764370622],[13.747189554674875,66.92240484829607],[13.859066996081125,66.95944555874529],[14.05473903129841,66.9745593893117],[14.373078379137766,67.09309729214372],[14.639268908007395,67.12311133022966],[14.777660402758372,67.21653326626482],[14.616473230822336,67.2452655660695],[14.569208178026926,67.32934149380388],[14.699147257311594,67.37438543911638],[14.976157221300852,67.52293738003435],[15.226662668688547,67.50855597134294],[15.384503397448313,67.46444281216326],[15.579943689806711,67.58331640835466],[15.745667490465891,67.59729345913591],[15.761817965014231,67.67628821011247],[15.5722351403072,67.82069738979997],[15.85421470115925,67.92523535366716],[15.919741663439524,68.04896887417497],[16.071057352526438,68.04467352505388],[16.23272803734089,67.91109045620622],[16.41161445091511,67.87424811001482],[16.64854720543171,68.04574926968279],[16.521903070910227,68.34090002651872],[16.719140085680735,68.31135901089372],[17.033274683459055,68.33763464565935],[17.126420053942454,68.41608008022966],[16.85475638817097,68.55778082485857],[17.03973487327839,68.65852697964372],[17.40691474388386,68.77154120083513],[17.44891456077839,68.88699682827654],[17.56586364219929,68.97436865444841],[17.89471343467976,69.03507574673357],[17.92814734886433,69.0050769674367],[18.051545176012766,69.027858339507],[18.097353968127024,69.05800207729997],[18.319052729113352,69.35937842007341],[18.553240808947336,69.2468753683156],[18.984845194323313,69.31544073696794],[19.170155558092844,69.25552710171404],[19.28917220543171,69.21058996792497],[19.579979929430735,69.1810565816945],[17.009382981781513,67.24776331723984],[14.536054902202025,63.09760264133526],[14.34372061271587,62.94812856407893],[13.154899574856202,62.024227120754574],[12.791736635668528,61.329948030669115],[12.5973816246822,61.02862127896013],[12.17403891990925,60.956405245024584],[12.431030306322825,60.625846468169115],[12.547958406908762,60.43387182827654],[12.435860666735422,60.27809866543474],[12.422772440417063,60.03877981777849],[12.487895457193432,58.56291949268916],[11.736376187990075,57.69820870971917],[11.609838518603098,57.806945406157396],[11.709144625170481,58.024737917143725],[11.80188659141804,58.17793997402849],[11.613860163195383,58.24734839077654],[11.431094202502024,58.20152624722185],[11.406709703905832,58.33127173062029],[11.221358332140696,58.30832251187029],[11.140391382677805,58.85121878262224],[11.039242777331125,58.91039618130388],[11.178854975207102,59.07028921719255]]]]}},{"type":"Feature","properties":{"name":"Sardinia","subject":"Sardinia","partOf":"Sardinia","borderPrecision":1,"color":"#b3a46e"},"geometry":{"type":"MultiPolygon","coordinates":[[[[8.819559130175364,38.976913057524584],[8.69609931419636,38.99581106777849],[8.582376512987864,39.06576880093279],[8.417174372179758,39.212203584868334],[8.374221834643137,39.307845674712084],[8.46503356407429,39.639937959868334],[8.508480104906809,39.94647558804216],[8.487975153429758,40.20879706021013],[8.42818931053425,40.46485479946794],[8.20155242393757,40.66299780483904],[8.159486803515207,40.78467520352068],[8.240707430346262,40.855338655669115],[8.405552896960032,40.86208304043474],[8.76607230613972,40.86280020352068],[8.91842368553425,40.94002493496599],[9.30620387504841,41.184447847563646],[9.590851816637766,40.902911745268725],[9.793739351732981,40.56368216152849],[9.787847551806223,40.441955171782396],[9.695723566515696,40.31368979092302],[9.630800280077707,40.09585531826677],[9.698009523852122,39.69349630947771],[9.648338350756418,39.457213960844896],[9.478920015795481,39.144157015044115],[9.296275171740305,39.23312338467302],[9.062541994555247,39.21989019985857],[8.998516115648997,39.175094209868334],[8.931367907030832,39.053702913481615],[8.819559130175364,38.976913057524584]]]]}},{"type":"Feature","properties":{"name":"Hungary","subject":"Hungary","partOf":"Hungary","borderPrecision":1,"color":"#8f9a74"},"geometry":{"type":"MultiPolygon","coordinates":[[[[16.209129605272764,45.73407944925776],[16.078663966721834,45.88628936090049],[16.209129605272764,46.147220638002295],[16.44831660928274,46.10373209181867],[16.53529370165002,46.364663368920475],[16.29610669764004,46.40815191510411],[16.513549428558193,46.62559464602229],[16.44831660928274,46.77780455766501],[16.44831660928274,46.930014469307736],[16.557037974741846,47.06048010785864],[16.557037974741846,47.190945746409554],[16.644015067109123,47.299667111868644],[16.557037974741846,47.495365569695],[16.48161604547856,48.19584933203984],[17.353421976729678,48.963104003392715],[17.869848462660357,48.80002195520407],[18.11447153494329,48.85438263793361],[18.11447153494329,48.99028434475747],[18.223192900402367,48.99028434475747],[18.25037324176715,49.180546734310894],[18.522176655414867,49.56107151341769],[18.926706865198312,49.62196029694567],[19.108236977475215,49.591705278232865],[19.13849199618805,49.712725353084124],[19.380532145890598,49.803490409222576],[19.5620622581675,49.712725353084124],[19.5620622581675,49.53119524080722],[19.713337351731596,49.53119524080722],[19.8948674640085,49.47068520338159],[20.015887538859758,49.803490409222576],[20.348692744700756,49.742980371796946],[20.53022285697766,49.803490409222576],[20.681497950541754,49.652215315658495],[20.893283081531493,49.742980371796946],[20.802518025393013,49.83374542793541],[20.893283081531493,49.83374542793541],[20.984048137669916,49.742980371796946],[21.13532323123401,49.83374542793541],[21.286598324798106,49.77323539050977],[21.316853343510914,49.86400044664822],[21.768063558826285,49.743677722564115],[21.7706786242032,49.742980371796946],[21.7706786242032,49.591705278232865],[22.039759149204755,49.50275324354356],[21.553086398596424,49.08865697922147],[23.72444484077092,48.508819872829164],[24.311298473791055,48.43100154407104],[25.631719148086358,48.23593345500845],[26.600027642569582,47.66601217497771],[27.391097542618823,47.46870432431173],[27.428321778080274,47.38362035754267],[27.62766255798236,46.92798428919508],[27.366442631580057,46.34023945478992],[26.517477870772623,45.81779960198533],[23.056313845942228,45.03413982277846],[22.6644839563388,44.64230993317503],[22.337959048335946,44.772919896376166],[22.07673912193364,44.4463949883733],[21.35838432432736,44.772919896376166],[20.994183465401093,44.70007972459091],[20.705334508321627,44.64230993317503],[20.31365692137966,44.90109301699363],[20.29067094383346,44.89965639339698],[19.785081820473508,44.93614220642296],[17.9489735543858,44.81277507539258],[17.82669376197687,45.13885452181643],[17.337574592341113,45.13885452181643],[16.80769549190238,44.935054867801526],[15.911678518060839,45.63098013641212],[16.122152512905487,45.581869537615034],[16.209129605272764,45.73407944925776]]]]}},{"type":"Feature","properties":{"name":"Venice","subject":"Venice","partOf":"Venice","borderPrecision":1,"color":"#8b7fa6"},"geometry":{"type":"MultiPolygon","coordinates":[[[[13.36769584129597,45.69448813076677],[13.156165155871165,45.72652395840349],[13.104608568651926,45.58238562222185],[12.898650202257883,45.55837210293474],[12.448155436022532,45.394286714751146],[12.483212503893625,45.46231421108904],[12.279743227465403,45.40228994961443],[12.251417192919504,45.290282808501146],[12.180371317370188,45.27027853604021],[12.176189455492747,45.21429022427263],[11.970674173705603,45.436241641779475],[12.144820791307112,45.76276654978233],[12.6454923169115,45.91514484018367],[13.080858860915342,45.98044982178425],[13.36769584129597,45.69448813076677]]],[[[14.174608263476145,45.01038702603044],[14.188512835009348,44.94254644985857],[14.060400042040598,44.8947025167531],[13.991256746752512,44.783099733549975],[13.895102533800852,44.759181581694506],[13.672059092028391,45.05035742397966],[13.643589052660715,45.17908819790544],[13.526890787585032,45.454310976225756],[13.556276354296457,45.45960196133318],[13.749085459215891,45.49433096523943],[13.799984011156809,45.566371523100756],[13.995128603323352,45.45800996897967],[13.951591948922967,45.39270498737909],[13.799213658521651,45.30563167857832],[13.908055294522583,44.979106770575456],[14.174608263476145,45.01038702603044]]]]}},{"type":"Feature","properties":{"name":"Corsica","subject":"Corsica","partOf":"Corsica","borderPrecision":1,"color":"#8f9a74"},"geometry":{"type":"MultiPolygon","coordinates":[[[[9.432161364062082,42.79413565273943],[9.405494722826731,42.58059652920427],[9.458552393419993,42.556056581694506],[9.48671153496052,42.40637930508318],[9.452508959276926,42.048305116850756],[9.357456240160715,41.901210390288256],[9.304538759691965,41.57526739712419],[9.173024210436594,41.349906526762865],[9.038939508898508,41.369498811919115],[9.013268503649485,41.4576793539113],[8.82875255058552,41.49197729702654],[8.726921114428293,41.56056936855974],[8.854648622973215,41.653678499419115],[8.823254618151438,41.68797644253435],[8.626926455004465,41.73208960171404],[8.742449793322336,41.88159903164568],[8.692829164965403,41.91346319790544],[8.561865839464915,41.88159903164568],[8.537932428820383,41.947780214507006],[8.589588198168528,41.95759161587419],[8.668312105639231,42.028686128813646],[8.626454386217844,42.097343050200365],[8.51069835136677,42.13412436123552],[8.517246279223215,42.207702242094896],[8.62842181633259,42.261657320219896],[8.500446352465403,42.3597789632863],[8.609300646288645,42.48734625454607],[8.879002603991282,42.62476690884294],[9.000392946703684,42.63458975430193],[9.018427881701243,42.691039644438646],[9.149460825426829,42.71067007656755],[9.237692865832102,42.66403921719255],[9.280391726000559,42.72785528774919],[9.270520243151438,42.88251074429216],[9.30318931053425,42.9831920492238],[9.367051157458079,42.98810156460466],[9.41423896263386,42.90952643032732],[9.432161364062082,42.79413565273943]]]]}},{"type":"Feature","properties":{"name":"Hadramaut","subject":"Hadramaut","partOf":"Hadramaut","borderPrecision":1,"color":"#b3a46e"},"geometry":{"type":"MultiPolygon","coordinates":[[[[47.06392597669141,15.748244998241177],[47.837586523722635,16.42168231904352],[50.511135257684785,17.146712484185798],[51.81540992800966,18.124918486929445],[53.93854954569257,19.154590009908418],[56.72555910069305,19.154590009908418],[57.18620971153523,18.938108049590014],[56.90431121300007,18.81680067654314],[56.73888686607624,18.689376436430834],[56.608599695666086,18.466741167265795],[56.549361261828196,18.218829714018725],[56.4575529427364,18.09156187649431],[56.2575903267696,17.97677382107439],[56.01284316490437,17.93178518887224],[55.88154509971882,17.931510530669115],[55.70811751793171,17.95018347378435],[55.561072382433665,17.937171541411303],[55.38948729942585,17.8097415792531],[55.290408167345774,17.676099382597826],[55.23443511436726,17.44726141567888],[55.23563674400593,17.28843458767595],[55.19483855675007,17.148564897734545],[54.91061309288288,16.97005995388689],[54.756079706652415,16.95067175503435],[54.40687468956257,17.045220934111498],[54.08425811241413,17.01911886807146],[53.681250605089915,16.897540651518725],[53.33573440025593,16.763379656035326],[53.208453211291086,16.718633257109545],[53.02094939659382,16.653768144804857],[52.894324335558665,16.60995253201189],[52.65216735313679,16.488719545561693],[52.35659697960163,16.233945451933764],[52.23764327476765,16.10025557156267],[52.16285613487507,15.871372781950853],[52.135169062121165,15.687059961516283],[51.95041182945515,15.540526949126146],[51.599001747484536,15.378753642468041],[51.312563929064524,15.246890627104662],[50.29111770103718,14.958784662444017],[49.71286300133015,14.773288332182787],[49.33384993980671,14.632695757109545],[49.17317870567585,14.498915277678392],[48.96038726280476,14.21889742489519],[48.87929629770282,14.168719980766738],[47.06392597669141,15.748244998241177]]]]}},{"type":"Feature","properties":{"name":"Muscat","subject":"Muscat","partOf":"Muscat","borderPrecision":1,"color":"#b47c6f"},"geometry":{"type":"MultiPolygon","coordinates":[[[[59.837283167345774,22.279178224760912],[57.716495831359865,22.18933374757559],[55.554391932724585,23.519093212830995],[54.77081969688679,24.73348196621599],[55.09080031822468,25.02003630276384],[55.457198175890696,25.420184694487475],[55.53048613975788,25.37295492764177],[55.633460077746165,25.4531741964406],[56.01545623253132,25.771625124174975],[56.15673354576374,25.9664798605031],[56.29730895469929,26.15973051663103],[56.36705306480671,26.23611982937517],[56.40502837608601,25.861381136137865],[56.214846643908274,25.543342195708178],[56.16130736778523,25.47334440823259],[56.28163579109504,25.46239995693982],[56.36601928184773,25.454724870879076],[56.406260523302805,25.308688722807787],[56.40648177574421,25.07998427029314],[56.405257257921946,24.918748460966967],[56.40537551353718,24.8195072042531],[56.610796961291086,24.47688253994646],[56.79418853233601,24.26761397000017],[57.146197351916086,23.9824710714406],[57.396296877561824,23.83704082328193],[57.45101455162312,23.805223070341967],[57.90421584556843,23.571113191801928],[58.08071807335163,23.501605592924975],[58.20529464195515,23.495515428740404],[58.46465590904499,23.50877150173845],[58.62849334190632,23.4582954275197],[59.02163604210163,23.020764909941576],[59.25432113121296,22.72900541897478],[59.46142104576374,22.538865648466967],[59.82569030235554,22.37445219631853],[59.837283167345774,22.279178224760912]]]]}},{"type":"Feature","properties":{"name":"Soomra Emirate","subject":"Soomra Emirate","partOf":"Soomra Emirate","borderPrecision":1,"color":"#8f9a74"},"geometry":{"type":"MultiPolygon","coordinates":[[[[68.04699996422077,23.764070116240404],[67.69232467125202,23.814155183989428],[67.48602584312702,23.928060136992357],[67.31589034508015,24.092885576445482],[67.2042341561153,24.588166795927904],[67.1535978646114,24.65159186001482],[66.99953750084187,24.714782320219896],[66.70171645591999,24.752278886992357],[66.65421584556843,24.783935152251146],[66.64811232994343,24.90462454434099],[66.70050338218952,25.114379488188646],[66.62050918052937,25.31748541470232],[66.43233016441609,25.488610826689623],[66.30008986900593,25.494687639433764],[65.76880172203327,25.309339128691576],[65.21567061851765,25.270059190947435],[64.85119155357624,25.20576437588396],[64.42497542808796,25.173116289336107],[64.23826125572468,25.210826479155443],[64.12006667564656,25.312226854521654],[64.05922225425984,25.401034914214037],[64.15758458069429,26.77241612690969],[63.60018266969418,28.0730205859099],[65.02465422002776,28.320754768576613],[67.37812895536148,30.11682759291024],[69.63591505614095,31.471499253377928],[71.40380942369548,32.53223587391065],[71.23673626914251,30.06790684425446],[71.15607524102877,28.878156679576705],[70.47343573295396,27.854197417464476],[70.28900560169531,27.577552220576486],[68.96627568862381,24.70205240955149],[68.86453405136173,24.48087493724264],[68.0721769661739,23.67518766995134],[68.04699996422077,23.764070116240404]]]]}},{"type":"Feature","properties":{"name":"Ghaznavid Emirate","subject":"Ghaznavid Emirate","partOf":"Ghaznavid Emirate","borderPrecision":1,"color":"#b3a46e"},"geometry":{"type":"MultiPolygon","coordinates":[[[[72.21038249693608,33.372102743188705],[71.40380942369548,32.53223587391065],[69.63591505614095,31.471499253377928],[67.37812895536148,30.11682759291024],[65.02465422002776,28.320754768576613],[63.60018266969418,28.0730205859099],[62.856980121694065,28.444621859909965],[61.927976936693895,29.745226318910184],[56.53975846369299,35.93858088557788],[55.61075527869285,35.93858088557788],[54.86755273069271,36.80565052491136],[54.92948627635941,39.15912526024509],[55.4868881873595,39.34492589724512],[62.32938153584051,39.76054130036801],[63.12148843168218,39.80865414609036],[63.72911084448229,39.47108613897919],[64.63239470213507,38.838787438622234],[66.52929080320594,38.1161603525],[66.70994757473649,37.21287649484722],[67.34224627509344,37.21287649484722],[67.8842165896851,36.85156295178611],[72.21038249693608,33.372102743188705]]]]}},{"type":"Feature","properties":{"name":"Byzantine Empire","subject":"Byzantine Empire","partOf":"Byzantine Empire","borderPrecision":1,"color":"#8aa0a8"},"geometry":{"type":"MultiPolygon","coordinates":[[[[41.51625822046989,41.46200694552765],[42.671128696774815,40.65932502760655],[42.31368966141655,39.984162405263135],[42.01872135056733,39.183534132958144],[41.808029699960755,38.67787417150237],[41.00740142765578,38.34076753053185],[39.616836533652375,37.83510756907606],[37.59419668782927,37.16089428713502],[37.38350503722269,36.61309599555793],[37.026331897552225,35.74992757468766],[36.8778450757669,35.391084422039796],[35.85191634605671,34.492946230132006],[35.7507543892696,34.74680670376482],[35.80885222862507,35.01379736538591],[35.841380152209055,35.04263266201677],[35.796431574328196,35.270717226225756],[35.60734084556843,35.41754492397966],[35.663958582384836,35.45949514980974],[35.680430445177805,35.52767141934099],[35.7331762642696,35.58536108608904],[35.69143203209187,35.68502005215349],[35.739504847033274,35.690265260893725],[35.85594466636921,35.83450277920427],[35.829051050646555,35.884784303862475],[35.71850493858601,36.09155615444841],[35.66494658897663,36.133529268462084],[35.70863250206257,36.21223410244646],[35.81413775274349,36.298491898804144],[35.81724074791218,36.30102881069841],[36.09526351402546,36.48246344204607],[36.10452178428913,36.56117209072771],[36.0824308724239,36.62153204556169],[35.95679381798054,36.74749334927263],[35.89087584923054,36.77111395474138],[35.67174056480671,36.60578497524919],[35.56761458824421,36.58741720791521],[35.50617125938679,36.55855520840349],[35.54760268638874,36.54018362637224],[35.49458983848835,36.443099580962084],[35.41708281944538,36.43260534878435],[35.38869765709187,36.45359381313982],[35.35417846153523,36.414237581450365],[35.22052672813679,36.38800390835466],[35.07137206505085,36.4877086507863],[34.869910273058665,36.576922975737475],[34.66238311241413,36.64777334805193],[34.4851293892696,36.62678106899919],[34.103220972521555,36.38032492275896],[33.95171264122273,36.251578890044115],[33.95405486534382,36.15975912686052],[33.89098266075398,36.13877447720232],[33.83587554405476,36.10729559536638],[33.833697351916086,36.07057150479021],[33.753176722033274,36.14664038296404],[33.481699976427805,36.05428274746599],[33.171336206896555,35.97088202114763],[32.904116663439524,35.97669561978044],[32.64034179161335,36.00799902554216],[32.334979090197336,36.12836798306169],[31.902007135851633,36.4968639242238],[31.370690378649485,36.71234472866716],[30.905310663683665,36.794215761382006],[30.593590769274485,36.76173361416521],[30.5400667519405,36.64696081753435],[30.496651682360422,36.37298163052263],[30.47283271263386,36.18825491543474],[30.394862207873118,36.11804541226091],[30.27989295433308,36.11780508633318],[30.16613105247761,36.18761786099138],[29.661955866320383,36.07834585781755],[29.471932444079172,36.09069403286638],[29.298188242419016,36.17311819668474],[29.00225165794636,36.69479712124529],[28.813527140124094,36.535155855376146],[28.469845804674875,36.738307558257006],[28.266922983629954,36.71240957852068],[28.014189753039133,36.52716406460466],[27.911902460558665,36.69894369717302],[27.941855463488352,36.756339632231615],[28.05103972862507,36.83301504727068],[27.998808893664133,36.90936621304216],[27.553477320177805,36.91482504482927],[27.308110270006907,36.920707308012865],[27.26863006065632,37.04168280239763],[27.525639566881907,37.13141211147966],[27.492524179919016,37.2396732198781],[27.364632639391672,37.328631960112475],[27.16040709923054,37.36008032437029],[27.122561487658274,37.49385031338396],[27.14108565758015,37.64686545010271],[27.17978385399128,37.77442892666521],[27.139773401720774,37.889091097075365],[26.961377176745188,37.946105562407396],[26.679331812365305,38.104938112456225],[26.512320551378977,38.06634863491716],[26.393214258654368,38.104362093169115],[26.391598734362375,38.21912726040544],[26.468710932238352,38.44475897427263],[26.52741149376179,38.41824301357927],[26.74245170067097,38.27838858242693],[26.997431787951243,38.40005835171404],[26.81967452476765,38.52725180264177],[26.828822168810618,38.58296164150896],[26.695696863634836,38.640765749174975],[26.70947173546101,38.698573671538256],[26.966380152209055,38.76993139858904],[27.03491309593464,38.821097933012865],[27.004220041735422,38.884826265532396],[26.93680289696003,38.92456396694841],[26.785336527331125,38.940333925444506],[26.789847406847727,39.02442511196794],[26.870751413805735,39.055968843657396],[26.79713920067097,39.12955816860857],[26.707943949206125,39.182128511626146],[26.70405486534382,39.250472627837084],[26.602242502672922,39.255729280669115],[26.720158609850657,39.33724936123552],[26.853512796862375,39.46076925869646],[26.926152262194407,39.476546846587084],[26.95751861046101,39.54832800503435],[26.804265055163157,39.56715353604021],[26.54617789696003,39.51334723110857],[26.13897612999226,39.43973883267107],[26.064057383044016,39.45551260586443],[26.08488753746296,39.60400732632341],[26.141903910143625,39.660583101469896],[26.14070609520222,39.74998053188982],[26.127575907213938,39.878558717924975],[26.18600943992878,39.99719580288591],[26.320334467394602,39.99192389126482],[26.403052362902415,40.17649038906755],[26.481711420519602,40.187038027007006],[26.765282663805735,40.37694128628435],[26.99647429893757,40.371661745268725],[27.05612472008015,40.42969473477068],[27.271754297716868,40.45080908413591],[27.329234156115305,40.355834566313646],[27.449610743029368,40.30979498501482],[27.52599433372761,40.297137819487475],[27.763894114001047,40.28725393887224],[27.830164942248118,40.34528311367693],[27.799843821032297,40.403319917876146],[27.67928794334675,40.4613529073781],[27.807831797106516,40.50357016201677],[27.953805002672922,40.48773916836443],[28.006459269030344,40.45080908413591],[27.90821746300007,40.35055502529802],[28.003991159899485,40.36212881680193],[28.477719339831125,40.39510305996599],[28.756440195544016,40.37645300503435],[28.92675689171101,40.355834566313646],[29.052424463732493,40.33473166104021],[29.12228682945515,40.413871370512865],[29.083527597887766,40.45607718105974],[28.87321570823933,40.471908174712084],[28.777958902819407,40.524676881987475],[28.901621851427805,40.62010534878435],[29.525197061999094,40.68828924771013],[29.713147196276438,40.693561159331225],[29.882718119128,40.746356569487475],[29.68344596336628,40.7516361105031],[29.417172464831125,40.741073213774584],[29.320355448229563,40.741073213774584],[29.289643320544016,40.806686006743334],[29.01453307579304,40.97867163296404],[29.16120818565632,41.21636541958513],[29.577780756457102,41.153365694243334],[30.137623819811594,41.131835542876146],[30.256087336046946,41.18466528530779],[30.74480536888386,41.04032477017107],[31.217682871325266,41.05409201260271],[31.404126200182688,41.163539491850756],[31.38566688011433,41.28504141445818],[31.66638854454304,41.3948131429738],[31.871287378771555,41.49144323940935],[32.418982538683665,41.74916800137224],[32.687911066515696,41.845973573882006],[33.15546325157429,41.94960745449724],[33.55554107139851,41.982501589018725],[33.89665511558796,41.95108374233904],[34.30390075157429,41.89411886807146],[34.66290954063679,41.87558325405779],[35.001868280871165,42.04316290493669],[35.09883025596882,41.80586203213396],[35.286074671252024,41.67147787686052],[35.41143706749226,41.626815401274584],[35.67785552452351,41.62093313809099],[35.95779326866413,41.68564566250505],[36.16136840294148,41.35250052090349],[36.38289550255085,41.23751791592302],[36.641245874865305,41.31498297329607],[36.81701186607624,41.28968390103044],[37.252825769884836,41.02772101040544],[37.821841272814524,41.00963171597185],[38.31396392296101,40.92090185757341],[38.65118316124226,40.921569429594896],[39.13864425133015,41.04431875820818],[39.37017730186726,41.06399878140154],[39.66300490806843,41.00049551602068],[40.00671294639851,40.95632895107927],[40.36101439903523,40.96344336147966],[40.60989287803913,41.02802618618669],[41.29311660240437,41.28582342739763],[41.48396209190632,41.436542116362475],[41.51625822046989,41.46200694552765]]]]}},{"type":"Feature","properties":{"name":"Dutchy of Benevento","subject":"Dutchy of Benevento","partOf":"Dutchy of Benevento","borderPrecision":1,"color":"#739b91"},"geometry":{"type":"MultiPolygon","coordinates":[[[[14.922405275805247,41.97177084561052],[15.448605570299875,41.8567272054738],[15.597988364502797,41.079758988417325],[15.76654168498807,40.574099026961534],[15.666200670702707,40.09186133022966],[15.515924486620676,40.06594809170427],[15.432033571703684,39.988971315581225],[15.027263674242747,40.2121959554738],[14.898671183092844,40.24145849819841],[14.992320093615305,40.372218691069506],[14.951005014879954,40.551478944975756],[14.743317636950266,40.70481451626482],[14.334127459032786,40.59360464688005],[14.349769625170481,40.64252432461443],[14.494590792162668,40.72996100063982],[14.370310816271555,40.85147055264177],[14.239995989306223,40.8529430257863],[14.050873789294016,40.76751288052263],[13.941878351671946,40.99803503628435],[13.852500948412668,41.09095724697771],[13.797006639940989,41.193446718413256],[13.760507236067028,41.20669841656925],[13.498390230639231,41.301864229399584],[13.760507236067037,41.20669841656926],[13.81318839201747,41.31830386789061],[13.979230409071146,41.33490806959598],[13.995834610776512,41.351512271301345],[14.029043014187248,41.40132487641745],[13.962626207365776,41.46774168323892],[13.962626207365776,41.51755428835502],[13.929417803955044,41.6337837002926],[13.879605198838942,41.6337837002926],[13.879605198838942,41.66699210370333],[13.929417803955044,41.750013112230164],[13.863000997133572,41.7832215156409],[13.863000997133572,41.750013112230164],[13.647146374963796,41.799825717346266],[13.647146374963796,41.750013112230164],[13.597333769847694,41.799825717346266],[13.569051315665952,41.85639062570975],[14.43918428616665,41.87870172751745],[14.738527330858957,42.0471568929738],[14.922405275805247,41.97177084561052]]],[[[14.622022661669504,36.776141725737475],[14.215912851794016,37.04932364102068],[13.868404421313059,37.15695150967302],[13.011567148669016,37.524894319731615],[12.636879000170481,37.581500612456225],[12.532035860522043,37.638671480376146],[12.454147371752512,37.766009889799975],[12.516644510729563,37.91916998501482],[12.664325746996653,38.07249792690935],[12.782839807970774,38.11737784023943],[13.065952333910715,38.0669322835988],[13.322475466234934,38.220511995512865],[13.627963098986399,38.02980764980974],[13.809530291064036,37.966415010649584],[14.134472879870188,37.97345312710466],[14.765865358813059,38.05761297817888],[15.386741671068918,38.20554693813982],[15.453687700732004,38.16741522427263],[15.472892794115793,38.11005743618669],[15.422523531420481,38.05257376309099],[15.181032213671457,37.68228109951677],[15.112180742724192,37.4590335714406],[15.116248163683665,37.286944948393725],[15.301346811754954,37.0578990804738],[15.220631632311594,37.00037726040544],[15.027343782885325,36.745116792876146],[14.942398104174387,36.7385631429738],[14.622022661669504,36.776141725737475]]]]}},{"type":"Feature","properties":{"name":"Fatimid Caliphate","subject":"Fatimid Caliphate","partOf":"Fatimid Caliphate","borderPrecision":1,"color":"#a88992"},"geometry":{"type":"MultiPolygon","coordinates":[[[[5.681251390019597,32.81541016995587],[2.453117778055358,32.6686768239575],[0.457803183031373,32.54744071220753],[0.87056254793761,33.07391500413463],[1.237401925164406,35.886350229540184],[1.579693111880076,36.51388891812029],[2.29377416084553,36.540824495512865],[2.524363550646555,36.57315024014177],[2.809869083864939,36.71390112515154],[3.070006403429758,36.61885794277849],[3.32383778999592,36.65123327847185],[3.586873087389719,36.79195364590349],[3.741224560244333,36.83686789150896],[4.163919004900706,36.831351839262865],[4.394624266131174,36.83819159146013],[4.532551798327219,36.81298407192888],[4.632117304308665,36.794066988188646],[4.777191671831858,36.74338492031755],[5.144465002520334,36.66767843838396],[5.382732424242747,36.67453344937029],[5.7301621765926,36.75170477505388],[6.04739383171345,36.84155615444841],[6.322870287401926,37.09064825649919],[6.770537409289133,36.862147890288256],[6.923042807085764,36.81784018154802],[7.063241037829172,36.881854616362475],[7.204853090746653,36.99046667690935],[7.306981119616282,37.060782991606615],[7.544922861559641,37.04214438076677],[7.71904328773762,36.95327719326677],[7.792040857775461,36.83235891934099],[7.91317466209675,36.77524908657732],[8.145014795763743,36.813949190337084],[8.63670924614216,36.88525732632341],[8.865518602831614,36.96835287686052],[9.150280031664622,37.17287405605974],[9.416118654711497,37.27537878628435],[9.732199701769602,37.2823978292531],[10.021354708178293,37.200133882719896],[10.13273433159138,37.10474737759294],[10.158871683581125,36.99647482510271],[10.271508249743235,36.7545543539113],[10.392797502978098,36.716571413237475],[10.580582651598704,36.793422304350756],[10.843251261217844,36.99148901577654],[11.02375701378132,37.068324648100756],[11.039403948290598,36.90904577847185],[10.920062098009836,36.65393789883318],[10.633412394030344,36.42401465054216],[10.509244951708567,36.213553987700365],[10.511460337145579,36.08616980190935],[10.602607759936106,35.88894613857927],[10.830826792223704,35.679278932768725],[10.988951715929758,35.622298799712084],[11.125108751757395,35.24060782070818],[11.082800898058665,35.14503439541521],[10.839357408983957,34.80115469570818],[10.574025186999094,34.6481090414113],[10.11642173240925,34.2341686117238],[10.019480738146555,34.081473909575365],[10.148656877978098,33.87839850063982],[10.412600550158274,33.63112600918474],[10.650217089159739,33.49818380947771],[10.778140100939524,33.47303351040544],[10.956539186938059,33.575057588774584],[11.099118265612375,33.53722723599138],[11.208920511706125,33.25152166958513],[11.470686945421946,33.1440921651906],[12.117019686205637,32.87850149746599],[12.564756426317942,32.73963888760271],[12.798863443835032,32.73376806851091],[13.187125238878977,32.79175909634294],[13.458779367907297,32.77960928555193],[14.15702346275593,32.67937811489763],[14.43342784355427,32.46390875454607],[14.790810617907297,32.362994753081225],[15.009786638720286,32.3634410726613],[15.163704905016672,32.274806581694506],[15.24143508384968,32.17330130215349],[15.358129534228098,31.80502279873552],[15.533408197863352,31.551215730864428],[15.843325647814524,31.28500326748552],[16.013379129870188,31.228170000273607],[16.3183870644405,31.165261827666185],[16.78251937340046,31.128097139555834],[16.983780893786204,31.09674223538103],[17.42162993858601,30.99598654385271],[17.708979639513743,30.894923769194506],[17.957158121569407,30.768363558012865],[18.537213358385813,30.4137454855031],[18.885434168210352,30.2212213910137],[18.91502669761921,30.204860292632006],[19.1245394081905,30.19894369717302],[19.318795867027987,30.255372139440908],[19.32281592796589,30.25653990383806],[19.66391471336628,30.441501222807787],[19.981537851794016,30.721730791289232],[20.116768869860422,30.957103334624193],[20.11667922447468,31.07146795864763],[19.992096933825266,31.350774370390795],[19.94158271263386,31.611169420439623],[19.961470636828196,31.795470796782396],[20.068364176256907,32.037135683257006],[20.36572173546101,32.29824026699724],[20.515524897082102,32.387511812407396],[20.765051874621165,32.496032320219896],[21.05449775169636,32.630050264555834],[21.673419031603586,32.8155895101613],[22.21598914573933,32.79128988857927],[22.54312613914753,32.722072206694506],[22.922846827013743,32.55765875454607],[23.007332834704172,32.48158987637224],[23.026656183703196,32.25291021938982],[23.153338465197336,32.138812624174975],[23.28863624046589,32.13273199673357],[23.714034113390696,32.07642325039568],[23.74241927152663,32.064098049233976],[24.03440383384968,31.937314592558764],[24.236922296984446,31.92502363796892],[24.81585792015339,31.9071536886281],[24.95152572105671,31.818492494780443],[24.98223784874226,31.647012315947435],[25.10655311058308,31.513841234404467],[25.258229288561594,31.437919222075365],[25.50715545128132,31.444781862456225],[25.789500269396555,31.489841066557787],[26.143334421618235,31.490577303130053],[26.82399466942097,31.358560167509935],[27.088095697863352,31.306726061064623],[27.4387541146114,31.251824938017748],[27.763331446154368,31.182614885527514],[27.919449839098704,30.99868544216814],[28.099829706652415,30.999057375151537],[28.517182383044016,30.961799226958178],[28.966422113878977,30.784841142851732],[29.24884704063679,30.753661714751146],[29.35938170860554,30.81107100125017],[29.683102640612375,31.05317076321306],[30.099139246447336,31.231925569731615],[30.476056131823313,31.31528814907732],[30.8270597786739,31.43673666592302],[30.995955500109446,31.468850694853685],[31.15138152550007,31.443749986845873],[31.392270121081125,31.444261156279467],[31.717415842516672,31.38775213833513],[31.808123621447336,31.178281389433764],[32.07651046226765,31.013650499541185],[32.30937865684773,31.084018312651537],[32.59724334190632,30.963901125151537],[32.76873305748249,30.95155295010271],[33.02139190147663,31.132072054106615],[33.12956527183796,31.051686845976732],[33.25459960411335,31.026528917509935],[33.557601007921946,30.967715822417162],[33.70960906456257,30.99570997830095],[33.916968378527415,31.070052705962084],[34.146304163439524,31.20857962246599],[34.19527724693562,31.23814161892595],[34.50065902183796,31.621099077422045],[34.59913543175007,31.817897402007006],[34.681338343127024,32.045978151518725],[34.758502039416086,32.300719820219896],[34.84289077232624,32.670699678618334],[34.894969019396555,32.662833772856615],[34.956587824328196,32.704818330962084],[34.959082636339915,32.796657167632006],[34.97200683067585,32.938407503325365],[35.088973078234446,33.069259248930834],[35.13231185386921,33.23151739712419],[35.20838836143757,33.33358725186052],[35.356089624865305,33.63978155728044],[35.34855941246296,33.74446829434099],[35.42986586998249,33.74446829434099],[35.49185088585163,33.83082541104021],[35.52440169761921,33.9747691976613],[35.532080683214915,34.118705354887865],[35.7162084908321,34.312369905669115],[35.82100585411335,34.343776308257006],[35.873065027697336,34.422286592680834],[35.85191634605671,34.492946230132006],[36.8778450757669,35.391084422039796],[37.026331897552225,35.74992757468766],[38.37216217751843,35.140887776016086],[38.03644933743952,34.597188473722184],[37.211895121902344,33.56649570430072],[36.52476660895469,31.161545908983946],[36.59347946024947,29.78728888308865],[37.36353573525129,27.957371649593455],[37.42091198994014,27.834118954335942],[39.07421328931933,25.50213950445042],[40.179837049325,24.027974491109504],[41.13804430799662,22.406392976434496],[41.81245652795077,21.71258711091823],[41.922550674907015,20.766511713616353],[40.81975844810749,19.68472059841814],[40.69382003258015,19.868707262236498],[40.336348566515696,20.096686922270678],[39.76407912681843,20.40679510708513],[39.526900324328196,20.692212663847826],[39.16673949669148,21.218801103789232],[39.13041213463093,21.650762163359545],[39.10333922813679,22.0001655447072],[39.1021948189571,22.400445543486498],[39.05560210655476,22.571889482695482],[38.91509536216999,22.87021406765642],[38.490122827990305,23.612683855254076],[38.329417261584055,23.83471830959978],[37.988421473009836,24.11356123562517],[37.78184798668171,24.214786134917162],[37.55722335289265,24.27148588772478],[37.41881087730671,24.398265443999193],[37.201453241808665,24.65831335659685],[37.26854232261921,24.969781480986498],[37.21826842735554,25.166631303984545],[37.00525573204304,25.534686647612475],[36.669295343859446,26.016835771757982],[36.329762091157946,26.40276266471046],[36.31222442100788,26.42269667263689],[35.831072840197336,27.095153413969896],[35.59481337974812,27.51398619290056],[35.43649581383015,27.72965582485857],[35.111590418322336,28.072061144072435],[34.87561706016804,28.0969730245656],[34.76388076256062,28.096747957426928],[34.798899683459055,28.230243288237475],[34.88559249351765,28.357480608183764],[35.025679621203196,28.948632799345873],[35.07210448692585,29.21136053677263],[35.09547332237507,29.342677675444506],[35.0733976692989,29.418868623930834],[34.98467925499226,29.46721991177263],[34.9542570442989,29.43680914517107],[34.93554213951374,29.418094240385912],[34.76433471153523,29.24668654080095],[34.54894927452351,28.731626115996264],[34.398840937121165,28.095985017973803],[34.32201293419148,27.828979097563646],[34.24119857261921,27.75892027493181],[34.0580053658321,27.79031332607927],[33.85604384849812,28.024955354887865],[33.50405791710163,28.329183183867357],[33.33074096153523,28.551192842680834],[33.17847350548054,28.995608888823412],[32.94378188560749,29.19842108364763],[32.81360534141804,29.477700792509935],[32.73727706383015,29.693547807890795],[32.647959742052805,29.85220106716814],[32.43838027427937,29.775519930083178],[32.318491968615305,29.54019697781267],[32.59057525108601,28.93719633694353],[32.64934447716023,28.765781007964037],[32.934676203234446,28.37882574673357],[33.35421660850788,27.90954741116228],[33.566939386828196,27.36995085354509],[33.80406478355671,26.93206938381853],[33.928809198839915,26.56382330532732],[34.10422042320515,26.354524217802904],[34.514842066271555,25.573916994292162],[34.99740127037312,24.71719893093767],[35.189864191515696,24.39991911526384],[32.51417897995226,23.73314148844132],[30.818889214610195,23.659433237774273],[29.3447242012693,24.027974491109504],[27.428309683926116,27.197429269792465],[25.438186915915864,28.008220027129966],[21.679066131896533,28.08192827779702],[17.970530295354635,28.612404204143047],[17.00195254530469,28.750951383364864],[12.532702649483,30.804904526976536],[7.892289991693659,32.592604485305216],[6.502893292137671,32.73261356640472],[5.681251390019597,32.81541016995587]]]]}},{"type":"Feature","properties":{"name":"Burgandy","subject":"Burgandy","partOf":"Burgandy","borderPrecision":1,"color":"#8f9a74"},"geometry":{"type":"MultiPolygon","coordinates":[[[[8.34278913751406,44.220187813196446],[8.18636039207722,44.12639959927263],[8.089567661774723,44.05082949660499],[7.979526552660715,43.96491583462419],[7.689120325548899,43.88704641934099],[7.552810224993479,43.867450319487475],[7.467525371293718,43.81083423046961],[7.397118601305735,43.76409491177263],[7.355150497319457,43.90151100140032],[6.922790372380419,43.815038976412524],[6.885730933099936,43.90151100140032],[6.959849811660902,43.913864147827155],[6.922790372380419,43.9756298799613],[6.996909250941385,44.04974875852227],[6.972202958087749,44.0621019049491],[6.935143518807266,44.13622078351008],[6.885730933099936,44.1485739299369],[6.836318347392606,44.11151449065642],[6.786905761685304,44.19798651564423],[6.786905761685304,44.29681168705886],[6.869778189165842,44.3491702901906],[6.782917532427561,44.54787405605974],[6.924694094164622,44.715018831450365],[7.003469976885569,44.719535433012865],[6.942603620989573,44.868651949126146],[6.665318045122874,44.954520784575365],[6.507319483263743,45.115707002837084],[6.2804267581853,45.198591376217394],[6.243367318904816,45.29741654763204],[6.268073611758453,45.32212284048569],[6.218661026051151,45.346829133339355],[6.144542147490156,45.32212284048569],[6.082776415356037,45.37153542619302],[6.033363829648707,45.33447598691252],[6.058070122502372,45.22329766907106],[5.946891804660893,45.26035710835154],[5.934538658234075,45.32212284048569],[5.823360340392597,45.39624171904667],[5.607083159624338,45.84657830947205],[5.35666600012685,45.876039151765866],[5.35666600012685,46.05280420552879],[5.533431053889771,46.008612942088064],[5.533431053889771,46.096995468969524],[5.268283473245404,46.31795178617317],[5.415587684714509,46.52417768222992],[5.645716162473704,46.45672279658608],[5.7249265287996,46.47998641878918],[5.739656949946507,46.59782978796446],[5.625539563292293,46.64907846096145],[5.646444113934749,46.84980832233856],[5.757015581792146,46.886665478291036],[5.793872737744621,46.99723694614843],[5.667288567628574,47.10831750866063],[5.736870241522396,47.23356452166951],[5.778619245858678,47.35881153467838],[5.792535580637448,47.51189121724478],[5.917782593646322,47.59538922591736],[5.82036825019496,47.734552573705],[5.959531597982604,47.80413424759881],[5.959531597982604,47.985046599722736],[6.056945941433938,47.95721393016521],[6.098694945770248,48.02679560405903],[6.251774628336634,47.95721393016521],[6.780752514369553,47.95128974722196],[7.269871684005309,47.46217057758622],[8.411149746488704,47.46217057758622],[8.492669608094658,46.11709286108791],[7.514431268823174,45.38341410663429],[7.677470992035083,44.731255213786625],[8.288869954079772,44.5682154905747],[8.34278913751406,44.220187813196446]]]]}},{"type":"Feature","properties":{"name":"Croatia","subject":"Croatia","partOf":"Croatia","borderPrecision":1,"color":"#b47c6f"},"geometry":{"type":"MultiPolygon","coordinates":[[[[14.526666474793345,45.783004063714344],[14.798469888441062,45.864545087808665],[14.880010912535383,45.48402030870186],[15.423617739830846,45.429659625972306],[15.469824320150948,45.73407944925776],[15.911678518060839,45.63098013641212],[16.80769549190238,44.935054867801526],[16.856964947206585,44.3425748480773],[16.8651,44.24474],[16.804045043483697,44.09619607450184],[16.70147612999226,43.84666021938982],[16.711519944392272,43.771329704094924],[16.63981,43.38974],[16.63981410228473,43.38973921993156],[16.639813456042063,43.389735780913256],[16.54851058433796,43.46131476040544],[16.36674788902546,43.51302298184099],[16.05940726707722,43.43347891445818],[15.91283515404011,43.652247987944506],[15.494369067141932,43.88844455798436],[15.412318262560618,43.93475683804216],[15.14946845482136,44.239928804594896],[15.274405512316477,44.23661383267107],[15.548222574694407,44.22934683438005],[15.285944017870676,44.328918062407396],[14.989106211169016,44.54002722378435],[14.906961473925364,44.72332342739763],[14.945532831652415,44.92658957119646],[14.815391573412668,45.07786902065935],[14.524585756762278,45.2662845480031],[14.354488405688059,45.32289084072771],[14.526666474793345,45.783004063714344]]]]}},{"type":"Feature","properties":{"name":"Bulgar Khanate","subject":"Bulgar Khanate","partOf":"Bulgar Khanate","borderPrecision":1,"color":"#a88992"},"geometry":{"type":"MultiPolygon","coordinates":[[[[21.35838432432736,44.772919896376166],[22.07673912193364,44.4463949883733],[22.337959048335946,44.772919896376166],[22.6644839563388,44.64230993317503],[22.46856901153707,44.38109000677272],[22.925703882741104,44.18517506197101],[22.925703882741104,43.793345172367566],[23.51344871714626,44.05456509876987],[24.231803514752542,43.793345172367566],[24.623633404356,43.989260117169295],[25.47259816516346,43.72804019076699],[26.452172889172047,44.250480043571585],[27.954187465985214,44.250480043571585],[28.084797429186366,44.57700495157445],[27.82357750278406,44.83822487797673],[28.018606511859232,45.3154810971337],[28.368347043023405,45.33088004715958],[28.402156507925568,45.35938606658692],[29.064372153194952,45.16474978597961],[29.710764917834055,45.25833471890154],[29.578961405260813,45.05750235195818],[29.457522425158274,44.91514929409685],[29.26158240745808,44.8954234945363],[29.089749369128,44.875732027251146],[28.918236765368235,44.76575049038591],[28.686247858507883,44.48805197354021],[28.57311347435261,44.19782217617693],[28.529885324938547,43.843471132475756],[28.51010611961628,43.74307592983904],[28.480538401110422,43.592284761626146],[28.44569304893757,43.476363741118334],[28.328095468981516,43.437526308257006],[28.18705848167683,43.450118623930834],[28.034638437731516,43.39190252896013],[27.887320551378977,43.0635257589406],[27.86990836571003,42.79987677212419],[27.836163553698313,42.7355228292531],[27.654044184191477,42.68373831387224],[27.501950296862375,42.51634558315935],[27.494702372057688,42.40090139980974],[23.730686077916616,42.175355571571515],[23.26716444658213,42.048940581207574],[22.49206641624714,40.498290621001146],[22.602265390856516,40.39723929043474],[22.48961738060261,40.23052557583513],[22.467362436754954,40.11848028774919],[22.525612864001047,40.064166628081225],[22.55512908409382,39.986651979643725],[22.695097956164133,39.83448370571794],[21.58163124172954,39.68919409441392],[20.090828928454172,39.602531038481615],[20.028559717638743,39.813781343657396],[19.80364898155476,40.01696356411638],[19.36906722496296,40.260280214507006],[19.380225214464915,40.32358130093279],[19.483712229235422,40.295890413481615],[19.494483026964915,40.40271719570818],[19.339222940905344,40.588737093169115],[19.5272550911739,40.865890108305834],[19.445403131945383,40.964896761137865],[19.529950174792063,41.218444429594896],[19.41699126671101,41.3452525960988],[19.49891570518757,41.523620210844896],[19.61938384483601,41.55930288906755],[19.606965097887766,41.76153906460466],[19.520263064439053,41.782793043121515],[19.87964,42.13967],[18.89974,42.48164],[18.88873,44.47077],[16.81725,44.8202],[16.856964947206585,44.3425748480773],[16.80769549190238,44.935054867801526],[17.337574592341113,45.13885452181643],[17.82669376197687,45.13885452181643],[17.9489735543858,44.81277507539258],[19.785081820473508,44.93614220642296],[20.29067094383346,44.89965639339698],[20.31365692137966,44.90109301699363],[20.705334508321627,44.64230993317503],[20.994183465401093,44.70007972459091],[21.35838432432736,44.772919896376166]]],[[[19.338468395914436,41.86202057513317],[19.33847,41.86202],[19.34224360538263,41.8600002693489],[19.338468395914436,41.86202057513317]]],[[[19.143036875231516,41.93209036465349],[19.140183716292118,41.95777751147957],[19.14304,41.93209],[19.263334916001707,41.88895913593492],[19.143036875231516,41.93209036465349]]],[[[18.513588938219797,42.362140260893725],[18.24871161888386,42.52743872280779],[18.001368555529368,42.694457613188646],[17.73074214617992,42.82416681723133],[18.00137,42.69446],[18.24871,42.52744],[18.51359,42.36214],[18.51441426566344,42.361625176263374],[18.513588938219797,42.362140260893725]]],[[[17.595679316027415,42.888900362212084],[17.56913366243691,42.90627477271949],[17.59567980367362,42.88890012849706],[17.595679316027415,42.888900362212084]]],[[[17.07508758018757,43.22274740811052],[16.99226287315632,43.32271536465349],[16.639813456042063,43.389735780913256],[16.63981410228473,43.38973921993156],[16.99226,43.32272],[17.07509,43.22275],[17.29424724653311,43.08249625335418],[17.07508758018757,43.22274740811052]]],[[[16.70147612999226,43.84666021938982],[16.804045043483697,44.09619607450184],[16.70148,43.84666],[16.71152,43.77133],[16.711519944392272,43.771329704094924],[16.70147612999226,43.84666021938982]]]]}},{"type":"Feature","properties":{"name":"Poland","subject":"Poland","partOf":"Poland","borderPrecision":1,"color":"#8f9a74"},"geometry":{"type":"MultiPolygon","coordinates":[[[[21.316853343510914,49.86400044664822],[21.286598324798106,49.77323539050977],[21.13532323123401,49.83374542793541],[20.984048137669916,49.742980371796946],[20.893283081531493,49.83374542793541],[20.802518025393013,49.83374542793541],[20.893283081531493,49.742980371796946],[20.681497950541754,49.652215315658495],[20.53022285697766,49.803490409222576],[20.348692744700756,49.742980371796946],[20.015887538859758,49.803490409222576],[19.8948674640085,49.47068520338159],[19.713337351731596,49.53119524080722],[19.5620622581675,49.53119524080722],[19.5620622581675,49.712725353084124],[19.380532145890598,49.803490409222576],[19.13849199618805,49.712725353084124],[19.108236977475215,49.591705278232865],[18.926706865198312,49.62196029694567],[18.522176655414867,49.56107151341769],[18.25037324176715,49.180546734310894],[18.223192900402367,48.99028434475747],[18.11447153494329,48.99028434475747],[18.11447153494329,48.85438263793361],[17.869848462660357,48.80002195520407],[17.353421976729678,48.963104003392715],[16.48161604547856,48.19584933203984],[16.400096183872606,48.4811688476607],[15.58489756781303,48.56268870926665],[15.29957805219216,48.2773691936458],[14.891978744162387,48.19584933203984],[13.95450033569385,48.44040891685772],[13.05778185802832,48.56268870926665],[12.120303449559813,49.54092704853815],[12.120303449559813,50.07080614897687],[12.77246234240745,50.43764552620368],[14.647419159344494,50.76372497262753],[14.728939020950449,51.130564349854325],[14.134137326119102,52.408925709401345],[15.84390510121763,52.71029388810048],[16.053120673865052,52.71644728729599],[18.58967158662456,53.100447150645024],[18.948996666165968,53.254443613305625],[19.205657437266993,53.254443613305625],[19.5649825168084,53.459772230186445],[20.07830405901042,53.66510084706724],[20.07830405901042,53.511104384406636],[20.386296984331622,53.511104384406636],[20.42824509866496,53.778147713556336],[20.709395381809642,53.75806555047458],[20.809806197218464,53.63757257198401],[21.104947143414464,53.81909730972785],[21.46427222295587,53.81909730972785],[23.352872350711213,54.141040629912176],[24.169444165923593,54.280238884479104],[24.348282690453473,51.90500303511092],[24.144483036438615,51.293604073066234],[22.039759149204755,49.50275324354356],[21.7706786242032,49.591705278232865],[21.7706786242032,49.742980371796946],[21.768063558826285,49.743677722564115],[21.316853343510914,49.86400044664822]]]]}},{"type":"Feature","properties":{"name":"Makkura","subject":"Makkura","partOf":"Makkura","borderPrecision":1,"color":"#8aa0a8"},"geometry":{"type":"MultiPolygon","coordinates":[[[[37.76123717735554,18.642554842192553],[37.89511991723812,18.56012241001322],[37.07907389023707,17.094748381529286],[35.32767061354657,15.42295434468835],[34.4519689752013,16.457874462732732],[33.81509505640476,16.776311422131002],[32.38212873911253,16.69670218228144],[31.665645580466432,16.617092942431867],[31.187990141369013,16.219046743184023],[30.789943942121184,15.50256358453791],[29.516196104528078,17.652013060476257],[29.27736838497937,18.84615165821978],[29.3447242012693,24.027974491109504],[30.818889214610195,23.659433237774273],[32.51417897995226,23.73314148844132],[35.189864191515696,24.39991911526384],[35.45345977257038,24.152688585478685],[35.65656951378132,23.994273744780443],[35.72469619224812,23.91181906338396],[35.61630156944538,23.835347734648607],[35.48792937706257,23.790595613676928],[35.468489679796946,23.720668398100756],[35.575850519640696,23.231660448271654],[35.689288172228586,23.021319948393725],[35.74630263756062,22.914340578276537],[36.1113615364864,22.64825590725603],[36.29022124717976,22.572381578642748],[36.47324660728718,22.337684236723803],[36.66042998741413,22.166537843901537],[36.800112757189524,21.91489943142595],[36.90349868248249,21.728648744780443],[37.12776854942585,21.227176271635912],[37.16502690169837,20.76426918196936],[37.25457290123249,19.651727281767748],[37.39818480919148,18.91500052090349],[37.47998717735554,18.819871507841967],[37.76123717735554,18.642554842192553]]]]}},{"type":"Feature","properties":{"name":"Celtic kingdoms","subject":"Celtic kingdoms","partOf":"Celtic kingdoms","borderPrecision":1,"color":"#8b7fa6"},"geometry":{"type":"MultiPolygon","coordinates":[[[[-2.750154700772512,51.644027315337084],[-3.172751632230032,51.46690710659685],[-3.49911757995342,51.459655367094896],[-4.159330811993826,51.67681463833513],[-4.998957601086843,51.70170172329607],[-5.178603139416921,51.78747137661638],[-5.248757806317556,51.860213838774584],[-5.061464276807058,52.006434999663256],[-4.619082894818533,52.09351690884294],[-4.294657674329031,52.20032080288591],[-4.123608317868459,52.37326391812029],[-4.093874898450125,52.745509706694506],[-4.147546020047415,52.83189734097185],[-4.468318429486501,52.81130179043474],[-4.621350255505789,52.8309818136281],[-4.491883245007742,52.99097784634294],[-4.317542043225515,53.09120901699724],[-3.956724610821951,53.20515020962419],[-3.329535689847219,53.233016573149584],[-2.914475408093679,53.267142854887865],[-2.750154700772512,51.644027315337084]]],[[[-7.42751547385906,55.06380423184099],[-7.225492921368826,55.10419043179216],[-6.996823754803884,55.172023378569506],[-6.645197835461843,55.20642813320818],[-6.454310384289968,55.186549745757006],[-6.279264417187918,55.139693819243334],[-6.116521325604666,55.16022451992693],[-6.018187966840017,55.093001924712084],[-5.784886327283132,54.737418733794115],[-5.76368376304363,54.65699347134294],[-5.799925771252859,54.522887788969896],[-5.661512818829763,54.32224615688982],[-5.731388535992849,54.17486914272966],[-5.912154164807546,54.02737768765154],[-6.071708169476736,53.973590456206225],[-6.206393208997,53.95674856777849],[-6.343146768109548,53.93964346523943],[-6.443396058575857,53.899379335600756],[-6.334980454938162,53.78598364468279],[-6.172213521497,53.43919714565935],[-6.043061223523367,52.89308889980974],[-6.070682969586599,52.76660498257341],[-6.23211285163616,52.613334261137865],[-6.34089609672283,52.427062593657396],[-6.405971017377126,52.21443899746599],[-6.489150014416921,52.19435843105974],[-6.616821256177175,52.22066458340349],[-6.893897023694265,52.206649385649584],[-6.961679425732839,52.11120184536638],[-7.372407880322683,52.09211310024919],[-7.75064894248699,52.032706819731615],[-7.861649480359304,51.96809347744646],[-8.158813920514334,51.839644991118334],[-8.565231290356863,51.61545141812029],[-8.847757306592214,51.59982260342302],[-9.243309941785085,51.47262915249529],[-9.819109883801687,51.434554659087084],[-9.79524418403362,51.604632936674975],[-9.835420575635183,51.80326422329607],[-10.216907468335378,51.7583499776906],[-10.294031110303152,51.977626405913256],[-9.963774648205984,52.09211310024919],[-10.497328725354421,52.10165365811052],[-10.469237294690359,52.206649385649584],[-9.890640225903738,52.19443091030779],[-9.801606145398367,52.24108465786638],[-9.78400322486614,52.34070547695818],[-9.735718694226492,52.48028143521013],[-9.503988233105886,52.54054983730974],[-9.192634549634207,52.55445822354021],[-9.134288754956472,52.68089636440935],[-9.615690198437918,52.6366344320363],[-9.441564527051199,52.833278261382006],[-9.525756803052175,52.90455587979021],[-9.309349980847585,53.11526831265154],[-8.996998754040945,53.12044485684099],[-8.923582997815359,53.160575472075365],[-9.001670804517019,53.30037649746599],[-9.15815922309612,53.22069891567888],[-9.29735943366741,53.279803835112475],[-9.440665212170828,53.26620825405779],[-9.616703954236257,53.345878206450365],[-9.802919354932058,53.34535177822771],[-9.884814229504812,53.29739721890154],[-10.159825292126882,53.37412222500505],[-10.021073308484304,53.51185568447771],[-10.151425328747976,53.575641237456225],[-9.809599843518484,53.63241537686052],[-9.872389760510671,53.767718874174975],[-9.696483579175222,53.87342032070818],[-9.912850347058523,53.96955832119646],[-10.17853733588909,53.91187246914568],[-10.159675565259207,54.13307150479021],[-9.988787618176687,54.253715120512865],[-9.89197441627239,54.32558401699724],[-9.474293675915945,54.24130972500505],[-9.322905507580984,54.275069795805834],[-9.085844960705984,54.25818976040544],[-8.590084996716726,54.20284994717302],[-8.686731305615652,54.36411245938005],[-8.300579991833914,54.48934897061052],[-8.211479154126394,54.63391836758318],[-8.829358068005789,54.63391836758318],[-8.760042157666433,54.70142706509294],[-8.503739324109304,54.74964483853044],[-8.47625347663616,54.87985190029802],[-8.34538075019573,55.09528311367693],[-8.118318048016775,55.17663153286638],[-7.756225076215017,55.25272711392107],[-7.657281365887869,55.11682852383318],[-7.497830834882009,55.04973944302263],[-7.42751547385906,55.06380423184099]]],[[[-5.698169675366628,55.3307262289113],[-5.755679574506033,55.47726782437029],[-5.688657250897634,55.62812002773943],[-5.517836537854421,55.668021761137865],[-5.482397046582449,55.44269903774919],[-5.620342221753347,55.329520784575365],[-5.698169675366628,55.3307262289113]]]]}},{"type":"Feature","properties":{"name":"England","subject":"England","partOf":"England","borderPrecision":1,"color":"#b69578"},"geometry":{"type":"MultiPolygon","coordinates":[[[[-0.203663793103445,53.52328451748552],[0.081015858156931,53.38622625942888],[0.174518886311304,53.29305990811052],[0.267848494751703,53.12666281338396],[0.250867608292353,53.04005392666521],[0.005501198871386,52.786666475493334],[0.326831850512278,52.707477174956225],[0.504670116408121,52.84751089688005],[0.741839024527323,52.90119513149919],[1.012664350970041,52.88841589565935],[1.375926765902292,52.8092418539113],[1.585714611513865,52.650043092924975],[1.691691669924509,52.311420046049975],[1.656872066958201,52.211783968169115],[1.511889729006541,52.025756441313646],[1.031286153300059,51.81272085781755],[0.686218056185496,51.56038626309099],[0.254172805054438,51.453597627837084],[0.80425361107136,51.37826880093279],[1.030067357523691,51.35884817715349],[1.189365777476084,51.40547140713396],[1.364680680735361,51.352904878813646],[1.334964427454722,51.12069662686052],[0.886016640169871,50.981891237456225],[0.888346943362009,50.89267309780779],[0.672568890555155,50.93066748257341],[0.191810223562968,50.73128470059099],[-0.203663793103445,50.79532965298357],[-0.335705709354627,50.81671484585466],[-0.839040127293813,50.721801363188646],[-1.103359904782522,50.81671484585466],[-1.37251218845104,50.7662731039113],[-2.085358706013906,50.70282324429216],[-2.023685899274099,50.57001074429216],[-2.431994643704641,50.64588888760271],[-2.550505128400076,50.57001074429216],[-2.960618939892996,50.721801363188646],[-3.110884395138967,50.65736349697771],[-3.521466937558401,50.617431246001146],[-3.563183036343801,50.361434541899584],[-3.71503612090801,50.21933706875505],[-3.881743398205984,50.200397096831225],[-4.004238095776785,50.31406363125505],[-4.242629018323171,50.39146002407732],[-4.303295102612722,50.32354315396013],[-4.540565457837332,50.35795172329607],[-4.967033830182302,50.212245546538256],[-5.282338586346853,49.963824831206225],[-5.429218259351003,50.06785162563982],[-5.777813401715505,50.13411673184099],[-5.237766232983816,50.34629400845232],[-5.016647305981863,50.56051977749529],[-4.815270391003835,50.60416754360857],[-4.604564633862722,50.778747163969896],[-4.551536527173269,50.997157655913256],[-4.442557302014578,50.96866186733904],[-4.277284589307058,51.06367071743669],[-4.28099390556072,51.18723639126482],[-3.825231519238699,51.2347789632863],[-3.482996192471731,51.181109987456225],[-3.066043344037283,51.17773779507341],[-3.033148971097219,51.329894624907396],[-2.894663301007498,51.3938480245656],[-2.750154700772512,51.644027315337084],[-2.914475408093679,53.267142854887865],[-3.056740966336477,53.51361425991716],[-2.97954126884197,53.820853792387865],[-2.865320411221731,54.02827414150896],[-2.885938134686697,54.168666444975756],[-1.896904541783826,54.33615232553669],[-2.064587801416323,55.30033106842362],[-1.941995468632925,55.55607184048357],[-1.719010558621633,55.45374258633318],[-1.66597982932781,55.37958868618669],[-1.695988979832876,55.27250250454607],[-1.555618610875356,54.92161139126482],[-1.388892021672476,54.680480562407396],[-1.192056861417043,54.595355592924975],[-0.870595899121511,54.5471683370656],[-0.60480349947666,54.300162874419115],[-0.295500931040991,54.033168398100756],[-0.234880952806819,53.79938467617693],[-0.319215585188616,53.57891424771013],[-0.203663793103445,53.52328451748552]]]]}},{"type":"Feature","properties":{"name":"Scotland","subject":"Scotland","partOf":"Scotland","borderPrecision":1,"color":"#8aa0a8"},"geometry":{"type":"MultiPolygon","coordinates":[[[[-2.885938134686697,54.168666444975756],[-3.261474338071096,54.14118155117693],[-3.479265180127371,54.27460058804216],[-3.569233384625662,54.41502722378435],[-3.430405822293508,54.64308127041521],[-3.152525153653372,54.838058077055834],[-3.308701720731008,54.88473471279802],[-3.576675858990896,54.924483858305834],[-3.907677379147756,54.78966864224138],[-4.121606317059744,54.762435518462084],[-4.621757510812088,56.348351441126795],[-4.915203215168972,56.93524284984056],[-4.831361585352724,57.773659148003105],[-4.15045568038677,57.83481558438005],[-4.24850460578655,57.63632925625505],[-4.14842554618572,57.55452688809099],[-3.795819249646414,57.541530214507006],[-3.400818553464163,57.57644613857927],[-3.092637029187429,57.577025972563646],[-2.853980508343923,57.543319307524584],[-2.1503629355595,57.571979128081225],[-1.944626775281179,57.4016605245656],[-2.107808676259268,57.21033056851091],[-2.203161802785147,57.064811311919115],[-2.158947673337209,57.0143199789113],[-2.41314050246929,56.71725424404802],[-2.514751401440847,56.66733893032732],[-2.667135921017874,56.471000276762865],[-2.980528798596609,56.35358389492693],[-3.152406898038137,56.336818300444506],[-2.949428287045706,56.25300558682146],[-2.720856156842459,56.17819174404802],[-2.77286025573467,56.1713138448781],[-2.89533945609783,56.085502229887865],[-3.169811215893972,56.06210669155779],[-3.293507066266287,55.9739147054738],[-3.894964662091482,55.98506888027849],[-3.713039603726614,55.884696565825365],[-3.577178683774221,55.884696565825365],[-3.355851378934133,55.8426891195363],[-3.161462274090994,55.84568365688982],[-2.927901473538626,55.94603308315935],[-2.742131438748586,55.95718725796404],[-2.540346112744558,55.884696565825365],[-2.245011058346975,55.810966097075365],[-1.941995468632925,55.55607184048357],[-2.064587801416323,55.30033106842362],[-1.896904541783826,54.33615232553669],[-2.885938134686697,54.168666444975756]]]]}},{"type":"Feature","properties":{"name":"Sweden","subject":"Sweden","partOf":"Sweden","borderPrecision":1,"color":"#8b7fa6"},"geometry":{"type":"MultiPolygon","coordinates":[[[[11.881114038927805,57.508964143950365],[11.766084703905832,57.67267950649919],[11.736376187990075,57.69820870971917],[12.487895457193432,58.56291949268916],[12.422772440417063,60.03877981777849],[12.435860666735422,60.27809866543474],[12.547958406908762,60.43387182827654],[12.431030306322825,60.625846468169115],[12.17403891990925,60.956405245024584],[12.5973816246822,61.02862127896013],[12.791736635668528,61.329948030669115],[13.154899574856202,62.024227120754574],[14.34372061271587,62.94812856407893],[16.193076194139465,62.755664903942204],[17.868168863756907,62.788619600493334],[17.936255487902415,62.54800375576677],[17.71811202476765,62.356734834868334],[17.290240320666086,62.4407230245656],[17.3873625130489,62.20076712246599],[17.49677184532429,62.088100038725756],[17.386973413927805,61.65843542690935],[17.162642511828196,61.62990530605974],[17.065176996691477,61.5383792745656],[17.150189432604563,61.19770773525896],[17.146208796007883,60.95282705898943],[17.31762793968464,60.753070436674975],[17.188498529894602,60.67429312344255],[17.604964289171946,60.637538515288256],[17.70645621727253,60.553580843169115],[17.930748972399485,60.59030874844255],[18.224387201769602,60.32296713467302],[18.416865381701243,60.181624971587084],[18.804085764391672,60.108398042876146],[18.893071207506907,59.92568930264177],[19.037323984606516,59.86324270840349],[19.04355147789265,59.71242483730974],[18.86789229820515,59.71242483730974],[18.639250788195383,59.56692846890154],[18.251421961291086,59.431937776762865],[18.03008368919636,59.35928305264177],[17.795283350451243,59.36447485562029],[17.72995284508015,59.41636236782732],[17.367983850939524,59.46826513882341],[17.07059768150593,59.54614981289568],[16.785538706286204,59.577315889555834],[16.724089655382883,59.530570589262865],[16.52320769737507,59.58251532192888],[16.407576593859446,59.44749792690935],[16.77647498558308,59.478656374174975],[16.999835047228586,59.35928305264177],[17.265778574450266,59.33853491421404],[17.358122858507883,59.245177828032396],[17.574921640856516,59.21407278652849],[17.58441260765339,59.27111395474138],[17.861731562121165,59.23999365444841],[17.97763541649128,59.328151308257006],[18.111378702624094,59.32297476406755],[18.328169855578196,59.3696666585988],[18.429560694201243,59.33334692593279],[18.441370996935618,59.40079077358904],[18.51546958397175,59.40079077358904],[18.61132720421101,59.33334692593279],[18.598195108874094,59.297042452055834],[18.273371729357493,59.286666475493334],[18.371960672838938,59.157069765288256],[18.015667948229563,59.03791006680193],[17.940136942370188,58.90848883267107],[17.76646521995808,58.87226828213396],[17.726422342760813,58.913661562163256],[17.745200190050852,58.986129366118334],[17.73910811851765,59.11042364712419],[17.623181375963938,59.10007055874529],[17.58218863914753,58.89296682949724],[17.35667518089558,58.7429691183156],[17.2453890175655,58.71711691494646],[17.082999262316477,58.748134218413256],[17.080731424792063,58.649928652007006],[16.442866358263743,58.63442190762224],[16.513194117052805,58.42811545010271],[16.744044336779368,58.311950288969896],[16.77354529808308,58.037902437407396],[16.724585566027415,57.88932379360857],[16.59776404808308,57.866454683501146],[16.459530863268625,57.89520605679216],[16.476531061632883,57.70212896938982],[16.6072054238155,57.66581305142107],[16.550478968127024,57.545150362212084],[16.65867904136921,57.442950807768725],[16.494158777697336,57.278922640044115],[16.39452460716511,57.07430227871599],[16.37617400596882,56.82242163296404],[16.06315060848881,56.39623928230259],[15.426993333232232,56.765740887137554],[14.484980269750153,56.68010333591191],[14.175412094711518,56.81280296483813],[13.432448474618766,56.5238726681354],[13.226069691259667,57.10173326154086],[12.895863637885114,56.977905991525404],[12.730760611197823,57.43193931491541],[12.524381827838752,57.3906635582436],[12.318003044479624,57.67959385494633],[11.876622232897532,57.32520636196794],[11.881114038927805,57.508964143950365]]],[[[18.168888,56.909996],[18.147778,56.911942],[18.140274,56.914993],[18.142498,56.920273],[18.158333,56.94166600000011],[18.209164,56.989166],[18.256664,57.032219],[18.254444,57.079163],[18.173332,57.141937],[18.148331,57.235275000000115],[18.158054,57.315826],[18.142498,57.409439],[18.115276000000108,57.480827],[18.110275,57.496109],[18.109997,57.513054000000125],[18.111385,57.51944],[18.119164,57.531105],[18.138611,57.551109],[18.179165,57.588333],[18.191441,57.596138],[18.211941000000138,57.605827],[18.227776,57.611382000000106],[18.242222,57.61749300000014],[18.249165,57.62082700000013],[18.276108,57.634163000000115],[18.29472,57.645828],[18.338886,57.681664],[18.355831000000137,57.69583100000011],[18.381943,57.718605],[18.401665,57.738609],[18.41972,57.760277],[18.456387,57.802773],[18.461388,57.8077770000001],[18.46722,57.811943],[18.48111,57.818604],[18.681942,57.913605],[18.689999,57.916107],[18.71611,57.921104],[18.724998,57.922775],[18.881943,57.919716],[18.902496,57.918327],[18.914165,57.917496],[19.004719,57.908607],[19.006107,57.90361],[19.003887000000134,57.898888],[19.033333,57.826942],[18.929443,57.739716],[18.848888,57.721107],[18.809166,57.703606],[18.793331,57.659164],[18.75972,57.508049],[18.768055,57.472221],[18.769444,57.467216],[18.78833,57.448326],[18.71444300000013,57.246941000000106],[18.711941,57.241661],[18.658054,57.220833],[18.551941,57.182777],[18.514721000000122,57.169441],[18.498333,57.165276],[18.455555,57.156944],[18.439442,57.152771],[18.417221,57.144165],[18.397221,57.134163],[18.391388,57.12999700000012],[18.386665,57.124992],[18.345554,57.07972],[18.341389,57.073883],[18.339165,57.06860400000011],[18.335552,57.023331],[18.335831,57.017494],[18.34333,57.014442],[18.346664,56.998604000000114],[18.302498,56.937492],[18.294998000000135,56.934715],[18.215553,56.913055],[18.206108,56.911942],[18.168888,56.909996]]]]}},{"type":"Feature","properties":{"name":"Denmark","subject":"Denmark","partOf":"Denmark","borderPrecision":1,"color":"#8f9a74"},"geometry":{"type":"MultiPolygon","coordinates":[[[[8.183486971361887,56.798480592924975],[8.358873400194895,57.02273901577654],[8.534035715563547,57.140582643706225],[8.661300692065012,57.10409887905779],[8.95985892723347,57.13216360684099],[9.302420649035227,57.16584356899919],[9.448685678942454,57.22761496182146],[9.849259409411204,57.581786714751146],[10.289521250231516,57.671859346587084],[10.390136751635325,57.66059454556169],[10.479459795458567,57.75913199063005],[10.558055910570872,57.74505194302263],[10.401182207567942,57.505878053862475],[10.450728449328196,57.45803030605974],[10.462837252123606,57.24166067715349],[10.333290132982981,57.17146261807146],[10.256552729113352,57.005912386137865],[9.503004106982004,56.975062929350756],[9.333761248095286,57.02273901577654],[9.141241106493723,57.008712373930834],[9.078547510607493,57.036761842924975],[8.970880541308176,57.000297151762865],[8.847024950487864,56.98628195400896],[8.778081926806223,56.798480592924975],[8.665981325609934,56.700458131987475],[8.50712111900593,56.6472659933156],[8.470928225023997,56.596889101225756],[8.36822894523884,56.66685827847185],[8.183486971361887,56.798480592924975]]],[[[8.616097483141672,54.88736303921404],[8.645074877245676,55.06904562588396],[8.559559854967844,55.356124483305834],[8.481338533861887,55.34923895474138],[8.318970713122141,55.48107489224138],[8.214038881762278,55.3985973226613],[8.034566912157786,55.47591360684099],[8.125073465807688,55.635829530913256],[8.320030245287668,55.76773413296404],[8.316974672777903,55.8489147054738],[8.116614374621165,56.09225805874529],[8.124479326708567,56.207477174956225],[8.183429750902903,56.43146475430193],[8.308830294115793,56.479205690581225],[8.452236208422434,56.41160162563982],[8.674888643725168,56.357745729643725],[8.868578943712961,56.61611136074724],[9.002701792223704,56.657157503325365],[9.135852846606028,56.46041830654802],[9.311874422533762,56.481124483305834],[9.32206252525593,56.71893652554216],[9.370146784289133,56.88226660366716],[9.834623369677317,56.8899417745656],[10.216188463671457,56.84984930630388],[10.229683908922922,56.60512503262224],[10.313760790331614,56.469474397856615],[10.825824770434153,56.443290315825365],[10.88867572258259,56.36874731655779],[10.750668558581125,56.097282015044115],[10.496092829211008,56.03362616177263],[10.442480120165598,56.15090139980974],[10.293446573717844,56.137069307524584],[10.175156626208079,56.07587393398943],[10.22987845848347,55.950893007475756],[10.14714625786091,55.764892183501146],[10.007120165331614,55.73038824673357],[9.975747141344797,55.62034948940935],[9.690073046190989,55.60486563320818],[9.760741266711008,55.50169714565935],[9.630183252794993,55.45940741177263],[9.543865236742747,55.35126455898943],[9.516561541064036,55.223067842680834],[9.517821344836008,55.128680788237475],[9.421020540697825,54.97648199673357],[9.495982202990305,54.938293062407396],[9.610262903673899,54.8800426351613],[9.864443811877024,54.72629126187029],[9.98668769310261,54.5924449789113],[9.97801021049763,54.49014624233904],[9.864808115465891,54.41139944668474],[10.064928087694895,54.43389471646013],[10.141728434069407,54.33675345059099],[9.884802784904494,54.2541031475196],[9.826653504744442,54.27590912757961],[9.739429584504379,54.27590912757961],[9.674011644324324,54.188685207339546],[9.44868318370412,54.188685207339546],[9.441414523684116,54.2468344874996],[9.296041323284001,54.2468344874996],[9.259698023183958,54.30498376765965],[9.216086063063912,54.29044644761963],[9.165205442923892,54.319521087699655],[9.136130802843851,54.29771510763965],[9.05617554262379,54.34859572777968],[8.961682962363696,54.27590912757961],[8.884012255175364,54.229449831206225],[8.580725702746165,54.19368704434099],[8.553946527941477,54.2754398214406],[8.852422747118723,54.331649385649584],[8.950601610644114,54.41855581875505],[8.742068323595774,54.60780295010271],[8.595986399157297,54.761352144438646],[8.616097483141672,54.88736303921404]]],[[[11.876622232897532,57.32520636196794],[12.318003044479624,57.67959385494633],[12.524381827838752,57.3906635582436],[12.730760611197823,57.43193931491541],[12.895863637885114,56.977905991525404],[13.226069691259667,57.10173326154086],[13.432448474618766,56.5238726681354],[14.175412094711518,56.81280296483813],[14.484980269750153,56.68010333591191],[15.426993333232232,56.765740887137554],[16.06315060848881,56.39623928230259],[16.031445536120188,56.353072725493334],[15.770541223986399,56.03321035977068],[15.696229013903391,56.0609622823781],[15.497040781481516,56.16724356289568],[15.220801386339915,56.08036383267107],[14.652893099291575,56.12061651821794],[14.605230364306223,55.98078497524919],[14.49182799766804,56.01803930874529],[14.25892547081257,55.89928015347185],[14.126021418078196,55.666583620268725],[14.286350283129465,55.515494905669115],[14.117195162279856,55.34711416836443],[13.901111635668528,55.40515478726091],[13.823299440844309,55.42181738491716],[13.301851305468332,55.3006969320363],[12.80237201164509,55.35291250820818],[12.801919970019114,55.416766725737475],[12.887555155260813,55.45160635586443],[12.859313997729075,55.532916628081225],[12.985865625841868,55.666583620268725],[12.699014696581614,55.90509756680193],[12.51335719536091,56.12061651821794],[12.414413485033762,56.243041597563646],[12.652379068835032,56.295531831938646],[12.615435633166086,56.435607515532396],[12.804806742174875,56.40119894619646],[12.87157538841511,56.51151617642107],[12.785859140856516,56.616683565337084],[12.657481226427805,56.610839449126146],[12.526032480700266,56.780395113188646],[12.288620981676829,56.87985571499529],[12.005142244799387,57.32520636196794],[11.876622232897532,57.32520636196794]]],[[[12.052621874315989,55.70307882900896],[12.087997469408762,55.96697577114763],[12.237717661364329,55.98757132168474],[12.44404796074177,55.967650972563646],[12.469224962694895,55.710631929594896],[12.409100565417063,55.548331819731615],[12.344366106493723,55.50770529385271],[12.158434900744211,55.37909277554216],[12.429719004137766,55.24469336147966],[12.301355394823801,55.170280061919115],[12.076974901659739,54.994689546782396],[11.969614061815989,54.95418509121599],[11.907332453234446,55.021293245512865],[11.767222437365305,55.17599829312029],[11.584776911242258,55.16218145962419],[11.285398516161692,55.18856772061052],[11.230098757250559,55.33680685635271],[11.101924929125559,55.63367041226091],[11.296261820299875,55.67459448452654],[11.567736658556711,55.88477667446794],[11.728052172167551,55.661883913237475],[11.962490114672434,55.581264101225756],[12.052621874315989,55.70307882900896]]]]}},{"type":"Feature","properties":{"name":"Holy Roman Empire","subject":"Holy Roman Empire","partOf":"Holy Roman Empire","borderPrecision":1,"color":"#b47c6f"},"geometry":{"type":"MultiPolygon","coordinates":[[[[8.539542231066477,53.80068167324724],[8.58560087848089,53.79307781558178],[8.848478350146067,53.749679170805834],[9.125039133532297,53.79047735806169],[8.857097658617747,53.866988741118334],[8.818971666796457,53.969039522368334],[8.94634059379841,54.014972292143725],[8.832654032213938,54.06601675625505],[8.778787645800364,54.132403932768725],[8.853296312792551,54.16815527554216],[8.884012255175364,54.229449831206225],[8.961682962363696,54.27590912757961],[9.05617554262379,54.34859572777968],[9.136130802843851,54.29771510763965],[9.165205442923892,54.319521087699655],[9.216086063063912,54.29044644761963],[9.259698023183958,54.30498376765965],[9.296041323284001,54.2468344874996],[9.441414523684116,54.2468344874996],[9.44868318370412,54.188685207339546],[9.674011644324324,54.188685207339546],[9.739429584504379,54.27590912757961],[9.826653504744442,54.27590912757961],[9.884802784904494,54.2541031475196],[10.141728434069407,54.33675345059099],[10.204586701819792,53.69843999044201],[10.571426079046589,53.046281097594346],[11.753464072332989,52.842481443579445],[11.549664418318102,52.638681789564544],[11.671944210727034,52.3533622739437],[13.587660958467055,52.312602343140725],[14.134137326119102,52.408925709401345],[14.728939020950449,51.130564349854325],[14.647419159344494,50.76372497262753],[12.77246234240745,50.43764552620368],[12.120303449559813,50.07080614897687],[12.120303449559813,49.54092704853815],[13.05778185802832,48.56268870926665],[13.95450033569385,48.44040891685772],[14.891978744162387,48.19584933203984],[15.29957805219216,48.2773691936458],[15.58489756781303,48.56268870926665],[16.400096183872606,48.4811688476607],[16.48161604547856,48.19584933203984],[16.557037974741846,47.495365569695],[16.644015067109123,47.299667111868644],[16.557037974741846,47.190945746409554],[16.557037974741846,47.06048010785864],[16.44831660928274,46.930014469307736],[16.44831660928274,46.77780455766501],[16.513549428558193,46.62559464602229],[16.29610669764004,46.40815191510411],[16.53529370165002,46.364663368920475],[16.44831660928274,46.10373209181867],[16.209129605272764,46.147220638002295],[16.078663966721834,45.88628936090049],[16.209129605272764,45.73407944925776],[16.122152512905487,45.581869537615034],[15.911678518060839,45.63098013641212],[15.469824320150948,45.73407944925776],[15.423617739830846,45.429659625972306],[14.880010912535383,45.48402030870186],[14.798469888441062,45.864545087808665],[14.526666474793345,45.783004063714344],[14.354488405688059,45.32289084072771],[14.238621744616282,45.06235464688005],[14.174608263476145,45.01038702603044],[13.908055294522583,44.979106770575456],[13.799213658521651,45.30563167857832],[13.951591948922967,45.39270498737909],[13.995128603323352,45.45800996897967],[13.799984011156809,45.566371523100756],[13.673180613024485,45.71450766201677],[13.564614328844797,45.72652395840349],[13.437729868395579,45.63843115444841],[13.36769584129597,45.69448813076677],[13.080858860915342,45.98044982178425],[12.6454923169115,45.91514484018367],[12.144820791307112,45.76276654978233],[11.970674173705603,45.436241641779475],[12.176189455492747,45.21429022427263],[12.312513384325754,45.17829474087419],[12.32213691185261,45.04236563320818],[12.408988031847727,44.98900946255388],[12.523090395434153,44.882751070219896],[12.476044687731516,44.78708609219255],[12.377765212618087,44.73152979906547],[12.273584398730051,44.67263754482927],[12.2807312340572,44.55012472744646],[12.345076593859446,44.30104025479021],[12.508117008049467,44.131458090135354],[12.697230371935618,43.93475683804216],[12.30220603682903,43.344016475945445],[12.30220603682903,43.27759966912398],[12.219185028302192,43.22778706400788],[12.152768221480724,43.0617450469542],[12.16937242318609,42.912307231605894],[12.185976624891458,42.912307231605894],[12.152768221480724,42.696452609436115],[12.16937242318609,42.63003580261464],[12.129717682642681,42.596046025006004],[12.053143011248519,42.53041059238244],[12.069747212953885,42.297951768507296],[12.003330406132417,42.248139163391194],[12.019934607837783,42.09870134804289],[11.960132972273152,42.00737273979235],[11.96343329857136,42.00474127407732],[11.960132972273144,42.007372739792345],[11.497365030749094,42.37635382290544],[11.104763063891184,42.54908331509294],[10.742755922777903,42.850509248930834],[10.487745317919504,43.23593863125505],[10.337910145780612,43.59620282818045],[10.292479547961008,43.705436311919115],[10.261382707897823,43.74523947500629],[10.155236147666258,43.8811043680133],[10.136747393114817,43.904769502837084],[9.909300837023508,44.11047705288591],[9.825498048876696,44.15254831449465],[9.69193557213093,44.21960028286638],[9.157044443590891,44.37323721523943],[8.896585497362864,44.437186800200365],[8.671724352343332,44.417403780180834],[8.34278913751406,44.220187813196446],[8.288869954079772,44.5682154905747],[7.677470992035083,44.731255213786625],[7.514431268823174,45.38341410663429],[8.492669608094658,46.11709286108791],[8.411149746488704,47.46217057758622],[7.269871684005309,47.46217057758622],[6.780752514369553,47.95128974722196],[6.251774628336634,47.95721393016521],[6.237858293557863,48.29120596485552],[5.945615263203834,48.34687130397059],[6.015196937097656,48.65303066910337],[5.83428458497373,48.77827768211225],[6.001280602318886,48.90352469512112],[5.876033589310012,49.070520712466276],[5.722953906743626,48.95919003423617],[5.611623228513523,49.20968406025392],[5.903866258867552,49.19576772547515],[5.909256214630872,49.20085986849827],[5.361129202495775,49.69675577751063],[4.255215473045936,49.887235609794956],[3.820330011209577,50.039445521437685],[3.438438188525268,51.00828455744539],[3.681297096712839,51.32141836758318],[3.77504685829426,51.3877445089406],[3.74347594688679,51.46045263882341],[3.520320448382151,51.57913550015154],[3.878135714037668,51.79172857876482],[4.264411482317698,52.07089193936052],[4.387240442736399,52.230365358549975],[4.641012701494944,52.75569876309099],[4.718774351580393,52.8024173605031],[5.008403810961497,52.856193147856615],[5.17328551719929,52.74341925259294],[5.234628233416331,52.6228519308156],[5.108244451983225,52.53150137539568],[5.006087812884104,52.556884371001146],[5.035744223101389,52.33371695156755],[4.949828180773508,52.277946077544115],[5.473186525805247,52.17660482998552],[5.574368986590159,52.28301581021013],[5.756913218004954,52.33371695156755],[5.817143949969065,52.521361910063646],[5.611254724962961,52.53150137539568],[5.555709871752512,52.58732184048357],[5.546892675860178,52.678695284087084],[5.653440508349192,52.74977835293474],[5.57638266990925,52.759933077055834],[5.325746092303049,52.79040869351091],[5.358019384844553,52.93774756069841],[5.34275344322468,52.99631079312029],[5.33211997459675,53.01144751187029],[5.389523062212717,53.13857229824724],[5.647349867327463,53.22775992031755],[5.966306719286692,53.3350101339406],[6.260716471178782,53.321742616850756],[6.750721964342844,53.38986166592302],[6.86104539345051,53.26576193447771],[7.009059462054026,53.2454105245656],[7.043283495409739,53.16400488491716],[7.159938845141184,53.164001070219896],[7.189745459063303,53.2301402914113],[6.980709108813059,53.31665762539568],[7.037332090838206,53.51014670010271],[7.165639433367502,53.59167059536638],[7.332391771776926,53.60442694302263],[7.836380991442454,53.63209494229021],[7.875028892811017,53.63368572603227],[7.968539270861399,53.63753470059099],[8.011022600634348,53.565692506987475],[8.098732981188547,53.443934999663256],[8.029082331164133,53.37264975186052],[8.174986872179758,53.321742616850756],[8.24193385551716,53.35229071255388],[8.260771784289133,53.43884619351091],[8.189001116259348,53.53052099819841],[8.305650743944895,53.52543219204607],[8.501803431017649,53.449027620512865],[8.428657564623606,53.61204870815935],[8.516240577802122,53.761041747478345],[8.539542231066477,53.80068167324724]]],[[[14.092769655688059,42.60952719326677],[14.404933008654368,42.35311087246599],[14.519309076769602,42.229701601225756],[14.719955477221262,42.1417613851613],[14.738527330858957,42.0471568929738],[14.43918428616665,41.87870172751745],[13.569051315665952,41.85639062570975],[13.564125366436958,41.86624252416774],[13.630542173258428,41.93265933098921],[13.630542173258428,42.015680339516045],[13.580729568142324,42.048888742926785],[13.580729568142324,42.09870134804289],[13.414687551088651,42.19832655827509],[13.464500156204753,42.231534961685824],[13.414687551088651,42.36436857532876],[13.54752116473159,42.43078538215023],[13.630542173258428,42.53041059238244],[13.713563181785265,42.3975769787395],[13.763375786901367,42.46399378556097],[13.82979259372284,42.480597987266336],[13.82979259372284,42.56361899579318],[13.929417803955044,42.53041059238244],[13.995834610776512,42.61343160090928],[14.076401988771623,42.633776395633475],[14.092769655688059,42.60952719326677]]]]}},{"type":"Feature","properties":{"name":"Guanches","subject":"Guanches","partOf":"Guanches","borderPrecision":1,"color":"#739b91"},"geometry":{"type":"MultiPolygon","coordinates":[[[[-14.50982440309849,28.050049749026638],[-14.147020770578637,28.391039461179965],[-13.808404046893443,29.04858821187777],[-13.518161140877563,29.42848330171172],[-13.421413505538938,29.090868332331816],[-13.784217138058787,28.87929453021188],[-13.880964773397412,28.19936673357924],[-14.50982440309849,28.050049749026638]]],[[[-15.574048391823386,28.178048475293522],[-15.404740029980792,28.19936673357924],[-15.211244759303536,27.900525135454227],[-15.574048391823386,27.729386561264484],[-15.912665115508583,27.900525135454227],[-15.574048391823386,28.178048475293522]]],[[[-17.291318919084016,28.284597224515256],[-16.880141468894855,28.327186915315913],[-16.081973477351177,28.539879155715276],[-16.22709493035912,28.36975954738149],[-16.638272380548287,28.050049749026638],[-17.339692736753328,28.028701784947305],[-17.291318919084016,28.284597224515256]]]]}},{"type":"Feature","properties":{"name":"Sweden","subject":"Sweden","partOf":"Sweden","borderPrecision":1,"color":"#8b7fa6"},"geometry":{"type":"MultiPolygon","coordinates":[[[[19.334442,57.955826],[19.286663,57.937492],[19.277496,57.940277],[19.274441,57.945],[19.268055,57.948608],[19.256664,57.94944],[19.238052,57.946938],[19.170555,57.929443],[19.16277700000012,57.92694100000011],[19.150833,57.91861],[19.145832,57.913605],[19.1416660000001,57.907776],[19.139999,57.901665],[19.12611,57.839722],[19.09333,57.851944],[19.077774,57.85833],[19.073055,57.862495],[19.037498,57.896385],[19.034443,57.901108],[19.034443,57.912498],[19.03611,57.91861],[19.088886,57.970276000000126],[19.095833,57.97361],[19.104721,57.975273],[19.285831,57.976662],[19.296387,57.976662],[19.307499,57.974442],[19.332497,57.965271],[19.335552,57.960548],[19.334442,57.955826]]]]}},{"type":"Feature","properties":{"name":"Navarre","subject":"Navarre","partOf":"Navarre","borderPrecision":1,"color":"#a88992"},"geometry":{"type":"MultiPolygon","coordinates":[[[[-0.524120412124032,42.75779810968423],[-0.602910658888251,42.416071314630244],[-1.004394268999434,41.918819988381074],[-1.004394268999434,41.918819988381074],[-2.583406756168917,41.358525234869326],[-2.716581352055106,42.42514305123075],[-3.19584389294759,42.3979239039955],[-3.356120708930975,43.39527132213779],[-3.195965257184255,43.446883760649584],[-3.007205691830862,43.55027350063982],[-2.768362489239919,43.53787573452654],[-2.367384400861013,43.32624395962419],[-2.142923348755843,43.331471028881836],[-2.065644708173025,43.333270631987475],[-1.914577808873403,43.30541571255388],[-1.702391829983938,43.19593771572771],[-1.491382804410208,43.209621034819506],[-1.465651360051382,43.15488775845232],[-1.557671156422842,43.04543264980974],[-1.515127864377249,42.99756201382341],[-1.447552409665334,42.983878694731615],[-1.397272315518606,43.031756960112475],[-0.907353666321981,42.88129767056169],[-0.840018358723867,42.90865286465349],[-0.611982133881796,42.73087652798357],[-0.586789485709417,42.765060030180834],[-0.524120412124032,42.75779810968423]]]]}},{"type":"Feature","properties":{"name":"León","subject":"León","partOf":"León","borderPrecision":1,"color":"#8b7fa6"},"geometry":{"type":"MultiPolygon","coordinates":[[[[-8.851777997510183,41.407828890044115],[-8.854754415051687,41.5968509542531],[-8.92073532630657,41.767020784575365],[-8.806055036084402,41.889178835112475],[-8.860485997693289,42.01453360195818],[-8.798570600049246,42.19453009243669],[-8.64406296302532,42.41974981899919],[-8.805045094983328,42.631557069975756],[-8.941723790662039,42.82419546719255],[-9.173123326794851,42.85590323086443],[-9.24685951759075,42.900775514799975],[-9.270803418652761,43.048690401274584],[-9.197466817395437,43.15821417446794],[-9.013589826123464,43.28085669155779],[-8.849216428296316,43.32624395962419],[-8.595722165601003,43.339618288237475],[-8.310413327710378,43.35304983730974],[-8.250697103039968,43.43042715664568],[-8.22022434760784,43.61720999355974],[-7.979528871075857,43.74005468960466],[-7.636274781720388,43.72141226406755],[-7.15130230476116,43.55494269009294],[-6.807975736157644,43.523421846587084],[-6.467573609845388,43.56272467251482],[-6.20804640342449,43.640521608549975],[-5.979656186597097,43.70537909146013],[-5.820451226727712,43.705688081938646],[-5.537417855756033,43.577453218657396],[-5.224896398083914,43.507247530180834],[-5.086395964452465,43.49485683221599],[-4.444320770188968,40.89430799991886],[-5.569506518933096,40.736781995094674],[-6.82975303720589,40.62009250266202],[-7.770542782293958,40.53298234107979],[-7.770542782293958,40.940581649109575],[-8.694069829480398,40.992171846587084],[-8.851777997510183,41.407828890044115]]]]}},{"type":"Feature","properties":{"name":"Castilla","subject":"Castilla","partOf":"Castilla","borderPrecision":1,"color":"#a88992"},"geometry":{"type":"MultiPolygon","coordinates":[[[[-3.356120708930975,43.39527132213779],[-3.19584389294759,42.3979239039955],[-2.716581352055106,42.42514305123075],[-2.583406756168917,41.358525234869326],[-3.531509978784143,41.022101510715544],[-4.444320770188968,40.89430799991886],[-5.086395964452465,43.49485683221599],[-4.802335706250418,43.46944388027849],[-4.110216107861746,43.45151098843279],[-3.847605910794485,43.43916281338396],[-3.417000499264944,43.37565191860857],[-3.356120708930975,43.39527132213779]]]]}},{"type":"Feature","properties":{"name":"Kingdom of France","subject":"France","partOf":"Kingdom of France","borderPrecision":1,"color":"#b47c6f"},"geometry":{"type":"MultiPolygon","coordinates":[[[[-0.524120412124032,42.75779810968423],[-0.586789485709417,42.765060030180834],[-0.611982133881796,42.73087652798357],[-0.840018358723867,42.90865286465349],[-0.907353666321981,42.88129767056169],[-1.397272315518606,43.031756960112475],[-1.447552409665334,42.983878694731615],[-1.515127864377249,42.99756201382341],[-1.557671156422842,43.04543264980974],[-1.465651360051382,43.15488775845232],[-1.491382804410208,43.209621034819506],[-1.702391829983938,43.19593771572771],[-1.914577808873403,43.30541571255388],[-1.746070232884634,43.360160433012865],[-1.561407771603811,43.52442511196794],[-1.314379182355154,44.55896338101091],[-1.135849919812429,44.60010107632341],[-1.230320539967764,44.73041113491716],[-1.331778016583669,44.61382635708513],[-1.27551409293865,45.12873037930193],[-1.175191727177847,45.50050314541521],[-1.123440351979482,45.43161734219255],[-0.90036418725704,45.293910585600756],[-0.814226654069174,45.12184103604021],[-0.728486028210867,45.018642030913256],[-0.854702380196798,45.3214488851613],[-1.138394918935049,45.58316382046404],[-1.247395124928701,45.6881481039113],[-1.236505594746816,45.80004461880388],[-1.075199690358389,46.01461752529802],[-1.165981498257864,46.183681093413256],[-1.256056633488882,46.30683096523943],[-1.402668443219412,46.40393408413591],[-1.71072646667217,46.448791109282396],[-1.942478147046316,46.70579870815935],[-2.129660335080374,46.85084494229021],[-2.004645553128469,47.04250296230974],[-2.109477606312979,47.124042116362475],[-2.263749804990042,47.18288382168474],[-2.493711915509451,47.24692114468279],[-2.575529757355312,47.32396831567053],[-2.010361521016347,47.745650369834415],[-1.75196905427781,48.17821145459153],[-1.999109269065851,48.67695685862887],[-2.07596763649823,48.65615805240039],[-2.200072136315125,48.598983369783205],[-2.342885461243409,48.67414816470508],[-2.636378016861695,48.55200155825977],[-2.79053541699292,48.58958014102344],[-2.914459433945435,48.70678671450977],[-3.091225352677125,48.87155111880664],[-3.435057845505494,48.83645971866016],[-3.557670083435791,48.810077272371096],[-3.607873406800049,48.692950807527346],[-3.821306434067505,48.721149049714846],[-3.902217355164307,48.64596136660938],[-3.998872962387818,48.73053701968555],[-4.251477208527344,48.65191229434375],[-4.488299336823243,48.61226614566211],[-4.625704255493897,48.546668611482424],[-4.761963334473389,48.55200155825977],[-4.779634442695328,48.35477408049929],[-4.779634442822683,48.3547740804738],[-4.761963334576834,48.552001558501146],[-4.625704255597341,48.5466686117238],[-4.488299336926687,48.61226614590349],[-4.251477208630789,48.65191229458513],[-3.998872962491262,48.73053701992693],[-3.902217355267751,48.645961366850756],[-3.82130643417095,48.721149049956225],[-3.607873406903494,48.692950807768725],[-3.557670083539236,48.810077272612475],[-3.435057845608938,48.83645971890154],[-3.091225352780569,48.87155111904802],[-2.914459434048879,48.706786714751146],[-2.790535417096365,48.58958014126482],[-2.636378016965139,48.552001558501146],[-2.342885461346853,48.67414816494646],[-2.200072136418569,48.598983370024584],[-2.075967636601675,48.65615805264177],[-1.870566812054861,48.71174200649919],[-1.857612696187246,48.60836752529802],[-1.591356840626943,48.6375003683156],[-1.456587758557546,48.683551393706225],[-1.575547900693167,48.76814230557146],[-1.58841225196575,48.88095053311052],[-1.563408580319631,49.036239229399584],[-1.579779472844351,49.22901114102068],[-1.63899978687023,49.21960791226091],[-1.891543593899954,49.526351534087084],[-1.941284146802175,49.70930441494646],[-1.524247136609304,49.652770601469896],[-1.250969496266592,49.6998782980031],[-1.28866049339031,49.52097281094255],[-1.177143421666372,49.33254965420427],[-1.023191001908529,49.39845999355974],[-0.464948442475546,49.351378999907396],[-0.23936493013953,49.285487734038256],[-0.203663793103445,49.29181250210466],[0.032870042426836,49.333705507475756],[0.330848249895823,49.454955660063646],[0.090372207863581,49.51055487271013],[0.115054044230234,49.60227545376482],[0.18937284062649,49.68102606411638],[0.528559717638743,49.82580145474138],[0.868757519228708,49.90724905605974],[1.27451888035084,50.00430258389177],[1.416228327257883,50.10984381313982],[1.551989111407053,50.2288089620656],[1.528296861155283,50.57772787686052],[1.588920149309885,50.821883760649584],[1.796177011821854,50.92141446466974],[1.823555263979685,50.934562288481615],[2.030328068239939,51.00665625210466],[2.442595991595041,51.04803045864763],[2.522131952746165,51.09112127896013],[2.995262178881418,51.31347998257341],[3.213605198366892,51.353568636137865],[3.472019943697703,51.314391695219896],[3.681297096712839,51.32141836758318],[3.438438188525268,51.00828455744539],[3.820330011209577,50.039445521437685],[4.255215473045936,49.887235609794956],[5.361129202495775,49.69675577751063],[5.909256214630872,49.20085986849827],[5.903866258867552,49.19576772547515],[5.611623228513523,49.20968406025392],[5.722953906743626,48.95919003423617],[5.876033589310012,49.070520712466276],[6.001280602318886,48.90352469512112],[5.83428458497373,48.77827768211225],[6.015196937097656,48.65303066910337],[5.945615263203834,48.34687130397059],[6.237858293557863,48.29120596485552],[6.251774628336634,47.95721393016521],[6.098694945770248,48.02679560405903],[6.056945941433938,47.95721393016521],[5.959531597982604,47.985046599722736],[5.959531597982604,47.80413424759881],[5.82036825019496,47.734552573705],[5.917782593646322,47.59538922591736],[5.792535580637448,47.51189121724478],[5.778619245858678,47.35881153467838],[5.736870241522396,47.23356452166951],[5.667288567628574,47.10831750866063],[5.793872737744621,46.99723694614843],[5.757015581792146,46.886665478291036],[5.646444113934749,46.84980832233856],[5.625539563292293,46.64907846096145],[5.739656949946507,46.59782978796446],[5.7249265287996,46.47998641878918],[5.645716162473704,46.45672279658608],[5.415587684714509,46.52417768222992],[5.268283473245404,46.31795178617317],[5.533431053889771,46.096995468969524],[5.533431053889771,46.008612942088064],[5.35666600012685,46.05280420552879],[5.35666600012685,45.876039151765866],[5.607083159624338,45.84657830947205],[5.823360340392597,45.39624171904667],[5.934538658234075,45.32212284048569],[5.946891804660893,45.26035710835154],[6.058070122502372,45.22329766907106],[6.033363829648707,45.33447598691252],[6.082776415356037,45.37153542619302],[6.144542147490156,45.32212284048569],[6.218661026051151,45.346829133339355],[6.268073611758453,45.32212284048569],[6.243367318904816,45.29741654763204],[6.2804267581853,45.198591376217394],[6.507319483263743,45.115707002837084],[6.665318045122874,44.954520784575365],[6.942603620989573,44.868651949126146],[7.003469976885569,44.719535433012865],[6.924694094164622,44.715018831450365],[6.782917532427561,44.54787405605974],[6.869778189165842,44.3491702901906],[6.786905761685304,44.29681168705886],[6.786905761685304,44.19798651564423],[6.836318347392606,44.11151449065642],[6.885730933099936,44.1485739299369],[6.935143518807266,44.13622078351008],[6.972202958087749,44.0621019049491],[6.996909250941385,44.04974875852227],[6.922790372380419,43.9756298799613],[6.959849811660902,43.913864147827155],[6.885730933099936,43.90151100140032],[6.922790372380419,43.815038976412524],[7.355150497319457,43.90151100140032],[7.397118601305735,43.76409491177263],[7.297616514666331,43.66730078335466],[6.923080000384104,43.44766577358904],[6.52301410148884,43.15085180874529],[6.331224951250803,43.111869417387865],[6.187778505785715,43.09228857632341],[5.828570398791086,43.02081640835466],[5.646554979784739,43.033317171294115],[5.434490236742747,43.103656374174975],[5.051816973192942,43.32809790249529],[4.909845861895334,43.366439424712084],[4.750594648821604,43.35325964565935],[4.646513971789133,43.32086523647966],[4.416764769060862,43.34614523525896],[4.078196081621897,43.487086855132006],[3.807468924029124,43.46722754116716],[3.478712830050242,43.31209524746599],[3.317868027193796,43.19595297451677],[3.067900213701975,42.944564424712084],[3.001891169054758,42.77080877896013],[3.045898947222483,42.539455019194506],[3.087081465227854,42.368644319731615],[3.086528334124338,42.32911261196794],[3.086286100847971,42.12072332974138],[3.1565537781551,42.0757213460988],[3.128878864748728,41.8572269308156],[2.628259214861643,41.61954077358904],[2.200590166552317,41.44614752407732],[2.080724749071848,41.298488222319506],[1.609828624232065,41.2091556417531],[1.442095519139158,41.17999861944361],[1.033602271149519,41.8780600575781],[0.94167853178931,41.894281893935776],[1.366509726328981,42.408778868910595],[1.364396247370493,42.40964087124529],[1.348705086214792,42.539481722075365],[1.307450088961374,42.63517340298357],[0.744199428065073,42.77189215298357],[0.584142002566111,42.77189215298357],[0.591923627360117,42.6283336507863],[0.347843679888499,42.63517340298357],[0.196265372736704,42.6078258382863],[0.179550382597697,42.66251715298357],[-0.165626824544418,42.64883764858904],[-0.203663793103445,42.70031317349138],[-0.216141254352081,42.7172008382863],[-0.409914609687078,42.785567842680834],[-0.468836572663534,42.7513919698781],[-0.524120412124032,42.75779810968423]]],[[[-2.576483932034719,47.3248668539113],[-2.465543475735389,47.49438437086202],[-2.465543475540894,47.49438437075977],[-2.576483931872982,47.324866853759],[-2.576483932034719,47.3248668539113]]],[[[-4.364373651044119,47.829310976225756],[-4.390935388053524,47.94184836004228],[-4.390935388001221,47.94184836001758],[-4.364373650999572,47.82931097623392],[-4.364373651044119,47.829310976225756]]],[[[-4.700306382672537,48.06380423184099],[-4.312866178052175,48.10133322354021],[-4.350984063553778,48.20456656070424],[-4.350984063538331,48.204566560701174],[-4.312866177948731,48.10133322329883],[-4.700306382545573,48.06380423160189],[-4.700306382672537,48.06380423184099]]],[[[-4.587968316571462,48.25149496670427],[-4.388901677624929,48.29843863125505],[-4.350201573972039,48.39050634950665],[-4.350201573761719,48.390506349519534],[-4.388901677521485,48.298438631013674],[-4.58796831595886,48.25149496658296],[-4.587968316571462,48.25149496670427]]]]}},{"type":"Feature","properties":{"name":"Aragón","subject":"Aragón","partOf":"Arag�n","borderPrecision":1,"color":"#8f9a74"},"geometry":{"type":"MultiPolygon","coordinates":[[[[-1.004394268999434,41.918819988381074],[-0.602910658888251,42.416071314630244],[-0.524120412124032,42.75779810968423],[-0.468836572663534,42.7513919698781],[-0.409914609687078,42.785567842680834],[-0.216141254352081,42.7172008382863],[-0.203663793103445,42.70031317349138],[-0.165626824544418,42.64883764858904],[0.179550382597697,42.66251715298357],[0.196265372736704,42.6078258382863],[0.347843679888499,42.63517340298357],[0.591923627360117,42.6283336507863],[0.584142002566111,42.77189215298357],[0.744199428065073,42.77189215298357],[1.307450088961374,42.63517340298357],[1.348705086214792,42.539481722075365],[1.364396247370493,42.40964087124529],[1.366509726328981,42.408778868910595],[0.94167853178931,41.894281893935776],[0.340683447498876,42.00033984998703],[-1.004394268999434,41.918819988381074]]]]}},{"type":"Feature","properties":{"name":"Almoravid dynasty","subject":"Almoravid dynasty","partOf":"Almoravid dynasty","borderPrecision":1,"color":"#b3a46e"},"geometry":{"type":"MultiPolygon","coordinates":[[[[1.36805500000014,38.851105],[1.361666000000127,38.86055],[1.3575,38.86499800000013],[1.352778,38.86833200000012],[1.346389,38.871109],[1.277222,38.879715],[1.270555,38.878052],[1.257500000000107,38.863609],[1.252500000000111,38.859161],[1.246111,38.860275],[1.2225,38.87416100000013],[1.211944,38.898331],[1.227778,38.948051000000135],[1.2425,38.968048],[1.29416700000013,39.03138700000011],[1.303611000000103,39.03860500000013],[1.329167,39.055275],[1.3625,39.072777],[1.472778,39.10527],[1.519722,39.118332],[1.545833,39.11805],[1.600555,39.096107],[1.605278,39.09166],[1.609167,39.081383],[1.615,39.028328],[1.531667,38.951942],[1.405833,38.845551000000114],[1.371944,38.830826],[1.36805500000014,38.851105]]],[[[1.576111,38.655548000000124],[1.569444,38.65416],[1.556389,38.65416],[1.530555,38.65416],[1.524167,38.654716],[1.518055000000118,38.656944],[1.505278,38.669441],[1.494444,38.675552],[1.463055,38.685555],[1.456666,38.686943],[1.443889,38.6827770000001],[1.390278000000137,38.643326],[1.386389,38.64777400000014],[1.385556,38.658051000000114],[1.383611,38.683052],[1.383055,38.693886],[1.383055,38.715553],[1.383055,38.720551],[1.399167,38.737778],[1.445278,38.74110400000012],[1.573056,38.691383],[1.577778,38.6877750000001],[1.586667,38.672493],[1.588055,38.667221],[1.576111,38.655548000000124]]],[[[4.313889,39.83194],[4.299999000000128,39.814163],[4.295278,39.810555000000136],[4.289166000000137,39.807495],[4.276388,39.806389],[4.263055000000122,39.808884],[4.256666,39.810555000000136],[4.238333,39.816109],[4.116388,39.86833200000012],[4.100833000000137,39.877777],[4.090833,39.88472],[4.088333,39.890549],[4.084722000000113,39.895554],[4.079721,39.899162],[4.041111,39.91555],[4.02861,39.919998],[3.984722,39.930275],[3.965555,39.933609],[3.938333,39.93249500000013],[3.924166000000127,39.929161],[3.911111,39.925827],[3.891111,39.92083],[3.884722,39.920273],[3.878055000000131,39.919998],[3.826666,39.922493],[3.796944,40.01722000000012],[3.831388,40.052773000000116],[3.83611100000013,40.056389],[3.868333,40.058052],[3.9375,40.058884],[4.122499000000118,40.05610700000011],[4.174444,40.050278000000105],[4.241388,39.993607],[4.273333,39.961388],[4.315555,39.878883],[4.316944,39.846107],[4.313889,39.83194]]],[[[3.293333,39.745827],[3.323611,39.759438],[3.333333,39.766106],[3.343889,39.775833],[3.382778,39.773331],[3.439722,39.750275],[3.480278,39.721664],[3.479722,39.711105],[3.463611,39.661385],[3.4475,39.640274],[3.3775,39.552773],[3.371666,39.549164],[3.331944,39.526382000000126],[3.320278,39.520554],[3.30555500000014,39.50222],[3.288055,39.467499],[3.266944,39.412773],[3.241944000000103,39.36444100000011],[3.081944000000135,39.273048],[3.063611,39.263611],[3.056944,39.263054],[3.029166,39.283051],[2.985555,39.31860400000011],[2.829722,39.353333000000134],[2.799444,39.36055],[2.786389,39.364716],[2.781389,39.369164000000126],[2.755278,39.392494],[2.745555,39.40638700000011],[2.743055,39.411659],[2.727777,39.473053],[2.741666000000123,39.49082900000013],[2.746388,39.49472],[2.752778,39.496666],[2.754722,39.502495],[2.753611,39.5075],[2.745000000000118,39.515831],[2.736389,39.523888],[2.731667,39.527496],[2.694444,39.551941],[2.675278,39.559441],[2.6625,39.563606],[2.656111,39.56443800000011],[2.546389,39.524719],[2.542500000000132,39.520271],[2.436944,39.52166],[2.389166,39.524994],[2.364166,39.555832],[2.386111000000142,39.612778],[2.538611,39.700272],[2.683888,39.793884000000105],[2.777778,39.844719],[2.987778,39.91111],[3.071389,39.921944],[3.096944,39.911385],[3.091944,39.901382000000126],[3.088889000000108,39.89138800000012],[3.089444,39.885826],[3.124444,39.812218],[3.134722,39.792221],[3.138333,39.787498],[3.151944000000128,39.775833],[3.180833,39.75999500000012],[3.241389,39.736107],[3.247777,39.734718],[3.260833,39.733604],[3.275,39.737778],[3.293333,39.745827]]],[[[-14.631950163595391,25.68205080405753],[-14.367254224316827,26.119227968413256],[-14.187764134900323,26.272128664214037],[-14.005799260632745,26.361482225615404],[-13.628725018994562,26.591056429106615],[-13.466317143933527,26.813827120024584],[-13.316015210644952,27.163680635649584],[-13.123640027539484,27.546344362456225],[-13.060138669507257,27.67262228604021],[-12.866208997266046,27.857324205595873],[-12.674118962781183,27.895850740630053],[-12.090624776379816,28.024177156645678],[-11.576458898083917,28.228616319853685],[-11.3726644187138,28.368856035429857],[-10.856226888196222,28.751227937895678],[-10.33931252052044,29.14631613369646],[-9.86958881904339,29.642983995634935],[-9.662592854993097,29.95481642361345],[-9.602674451367609,30.183719240385912],[-9.625043836133234,30.406100832182787],[-9.817042317883722,30.755221925932787],[-9.857763257519952,31.06018980618181],[-9.81326672126507,31.289060198027514],[-9.635323491589777,31.575402818877123],[-9.317557302014581,31.963718019682787],[-9.222252812878839,32.25624807949724],[-9.25076672126507,32.4214244710988],[-9.21868607093548,32.5803600179738],[-8.640263524548761,33.12173422451677],[-8.314414945142023,33.33848150845232],[-7.902406182782403,33.48548849697771],[-7.332620587842218,33.69637259121599],[-7.004007783429376,33.874984346587084],[-6.75297447730755,34.123351656157396],[-6.511472192303888,34.45429953213396],[-6.472049931221476,34.530940245135376],[-6.302049127118341,34.86143835659685],[-5.928758588330499,35.72785910244646],[-5.807887044446222,35.78541525479021],[-5.565000024335138,35.8623424398488],[-5.47935911704754,35.80520590420427],[-5.171789613263361,35.42376288052263],[-5.109631505505792,35.37931402798357],[-4.59297749091839,35.15118750210466],[-4.295350995557062,35.151786409575365],[-4.027887788312189,35.13323553677263],[-3.440804210202447,35.166278444487475],[-3.205772367017023,35.268607698637865],[-3.009028163449518,35.389979921538256],[-2.829877105252496,35.14205893154802],[-2.714807000653497,35.097743593413256],[-2.355662789838068,35.05391653652849],[-2.325944383435433,35.053977160872904],[-2.192973938481561,35.0542484151906],[-2.035251822964899,35.05456884976091],[-1.738327947156183,35.11883123989763],[-1.495096531407587,35.23390158291521],[-1.329105701939813,35.48890646572771],[-1.146667149560205,35.62936743374529],[-0.917491999165765,35.66803701992693],[-0.734306839005701,35.73846014614763],[-0.428770822183839,35.86006888027849],[-0.282988813416711,35.758475862700365],[-0.203663793103448,35.75072058315935],[-0.091654170946828,35.73976858730974],[0.015310812099226,35.803668581206225],[0.198671731455573,36.033309541899584],[0.474390897257575,36.22496374722185],[0.781242343886145,36.384852968413256],[1.057602915270575,36.46185644741716],[1.579693111880072,36.51388891812029],[1.237401925164406,35.886350229540184],[0.870562547937594,33.07391500413463],[0.45780318303137,32.54744071220754],[0.457803183031366,32.54744071220753],[-7.833473886395025,17.636091212506347],[-11.699497596589666,17.113655575993548],[-16.39905779281202,16.54575579295722],[-16.37880417396282,16.71591147061052],[-16.125475850598562,17.30111464138689],[-16.04107281257366,17.66987761135759],[-15.982691731946218,18.178399645048998],[-16.055690732495535,18.67393263455095],[-16.190651860730398,19.029531084257982],[-16.471602406995046,19.365741335112475],[-16.351309743420828,19.493095003325365],[-16.26959892799114,19.68392141934099],[-16.239567723767507,20.1224857198781],[-16.26903626014446,20.36390646572771],[-16.347281423108328,20.522616945464037],[-16.710865941540945,20.890441499907396],[-16.844500508801687,20.940990053374193],[-17.021292653577078,20.74361380215349],[-17.04621788551067,20.832524858672045],[-17.05190750648235,21.00409849758806],[-17.016083684460867,21.314147554594896],[-16.983651128308523,21.595269762236498],[-16.806021657483328,21.989650331694506],[-16.57190033485149,22.238000475127123],[-16.352530446545828,22.492660127837084],[-16.242514577405203,22.721679292876146],[-15.714025464551199,23.873057924467943],[-15.60704132606243,23.981320940215014],[-14.97521301795696,24.510123811919115],[-14.820046391980398,24.73287733669939],[-14.79722401191448,25.14599760647478],[-14.671170871864277,25.595958649419792],[-14.660057988660085,25.635627351958178],[-14.631950163595388,25.68205080405753],[-14.631950163595391,25.68205080405753]]],[[[-2.969792333142507,36.741149507719896],[-4.446585622327078,36.72201880093279],[-4.757303681866873,36.48610647793474],[-5.216736283795584,36.4095950948781],[-5.374227490918386,36.2374759542531],[-5.386749711529959,36.109984956938646],[-5.424260106580007,36.071742616850756],[-5.457090821759451,36.167358003813646],[-5.487933125989187,36.173724733549975],[-5.485486474530447,36.065368257719896],[-5.660587277905691,36.00800665493669],[-5.85001417686199,36.071742616850756],[-6.20446106483196,36.282096468169115],[-6.304971662060964,36.454223238188646],[-6.2888807921574,36.57217749233904],[-6.444025006787527,36.62318380947771],[-6.500485864178884,36.718829714018725],[-6.421713319318044,36.7921634542531],[-6.632153954999197,37.02175100918474],[-6.947954621808279,37.14931448574724],[-7.010098424451101,37.16525992031755],[-7.227823701398123,37.225856386382006],[-7.491503682629812,37.208156191069506],[-7.603436437146414,37.16297873135271],[-7.83604237128948,37.032252870757006],[-8.033637967602957,37.008788667876146],[-8.280239072339285,37.088580690581225],[-8.541073766247976,37.088580690581225],[-8.66705986549114,37.12144049282732],[-8.990849462048757,36.990008913237475],[-9.016643491284597,37.06980093594255],[-8.84151169349407,37.525146089751146],[-8.851028409497488,37.910182558257006],[-8.93278595496868,37.9618411886281],[-8.822993245618093,38.206073366362475],[-8.847303357617605,38.384566866118334],[-8.78892036964153,38.43598135586443],[-8.853651967541921,38.49964102383318],[-9.022322621838796,38.46102102871599],[-9.236570325391043,38.41744955654802],[-9.285158124463308,38.61946829434099],[-9.069152799145925,38.64295920010271],[-8.941892591016043,38.74191626187029],[-8.960826840893972,38.81846197720232],[-9.04084965278362,38.92018087979021],[-9.175754514233816,38.732230745512865],[-9.361637082593191,38.67114599819841],[-9.522397008435476,38.68993719692888],[-9.54900738288616,38.77451666470232],[-9.459762540356863,38.95307882900896],[-9.397706952588308,39.23036154385271],[-9.415269818799246,39.36667593594255],[-9.299269643323171,39.41773565884294],[-9.117922750012625,39.644034944731615],[-8.915585484997976,40.138148866850756],[-8.969669309155691,40.19001730557146],[-8.694069829480398,40.992171846587084],[-7.770542782293958,40.940581649109575],[-7.770542782293958,40.53298234107979],[-6.82975303720589,40.62009250266202],[-5.569506518933096,40.736781995094674],[-4.444320770188968,40.89430799991886],[-3.531509978784143,41.022101510715544],[-2.583406756168917,41.358525234869326],[-1.004394268999434,41.918819988381074],[0.340683447498876,42.00033984998703],[0.94167853178931,41.894281893935776],[1.033602271149519,41.8780600575781],[1.442095519139158,41.17999861944361],[1.311244878275645,41.157252870757006],[0.879201921923411,41.02173575039568],[0.733751806719553,40.87495382900896],[0.709782037241709,40.785148225981615],[0.827125462992441,40.72742422695818],[0.78755644272114,40.656886659819506],[0.505141589148295,40.592757784087084],[0.237927588923228,40.240199648100756],[-0.160625037448156,39.8860240804738],[-0.203663793103445,39.799438081938646],[-0.284515862064112,39.636771761137865],[-0.39484843303417,39.43445929165544],[-0.235902842776525,39.062404237944506],[-0.203663793103445,39.012652956206225],[-0.165695284204233,38.95406302090349],[0.126115980847132,38.82135351772966],[0.172570082648051,38.73834570522966],[-0.107004006104219,38.59149893398943],[-0.203663793103445,38.54402884121599],[-0.435155329005468,38.43033941860857],[-0.564126816289175,38.21486624355974],[-0.664728876845587,38.176574312407396],[-0.87234356691097,37.75979956265154],[-0.802563574807394,37.61500509854021],[-0.918272283570516,37.57034262295427],[-1.364567962186086,37.548392854887865],[-1.62571248103832,37.4394908773488],[-1.816879835622061,37.29247625942888],[-1.940475192563284,36.951598726469896],[-2.23879739333843,36.72839697476091],[-2.355097499387014,36.82405050869646],[-2.624331441418875,36.811297975737475],[-2.761496749417532,36.69013937588396],[-2.915331569211233,36.69013937588396],[-2.969792333142507,36.741149507719896]]]]}},{"type":"Feature","properties":{"name":"Paleo-Siberian hunter-gatherers","subject":"Paleo-Siberian hunter-gatherers","partOf":"Paleo-Siberian hunter-gatherers","borderPrecision":1,"color":"#b69578"},"geometry":{"type":"MultiPolygon","coordinates":[[[[105.40307092131953,72.748726095192],[105.60022262047077,72.74426611538591],[106.08698562095906,72.8553958761281],[106.50154403160359,73.06131323452654],[107.24994185875202,73.13382300015154],[107.80428603599812,73.1427722799367],[108.74962905357624,73.26322516079607],[109.59518722008015,73.39159735317888],[109.99058822105671,73.43995245571794],[110.44228652427937,73.56786688442888],[110.40001967857624,73.74287756558122],[110.17844680259968,73.79822119351091],[110.16323378990437,73.83008917446794],[110.28963759849812,73.9420657980031],[110.55127242515827,74.03844793911638],[110.94413283775593,73.94327124233904],[111.21531203697468,73.76829870815935],[111.49485305259968,73.74487646694841],[111.76165297935749,73.65779455776872],[112.09338668297077,73.63455542202654],[112.47680190513874,73.65914496060076],[112.99697402427937,73.779567323882],[113.22158339927937,73.74810370083513],[113.30773452232624,73.61295660610857],[113.31173995445515,73.38266333218279],[113.54699233482624,73.20093115444841],[114.1866789192989,73.55099829312029],[114.9341154427364,73.56032141323747],[115.61149123619343,73.62520178433122],[116.67113784263874,73.61922796841326],[117.53464797447468,73.54927404995622],[117.91884902427937,73.53409155483904],[118.46038344810749,73.51922949429216],[118.33846572349812,73.18611487026872],[118.49779799888874,73.03624304409685],[119.41744521568562,72.96692999478044],[119.79856399009968,72.91246374722185],[120.11277297447468,72.88152655239763],[120.57851699302937,72.83511694546404],[121.69950393150593,72.9002185689992],[122.24328139732624,72.90912207241716],[122.88243392418171,72.75281103726091],[123.51475051353718,73.17200811978044],[123.44220260093952,73.33018835659685],[123.42497542808796,73.43322332974138],[123.40985396812702,73.48077734585466],[123.5007008987776,73.50494943844788],[124.54383390453704,71.58610355723228],[130.86731605142418,69.90104204211539],[155.89216029229675,68.16901029658281],[168.13549806605704,67.45778023799447],[171.76813674618367,65.85917681241212],[172.4408476128738,63.07842210456581],[169.48091979943723,61.192640399715565],[170.34409823134902,60.27960975244485],[170.3368025154903,60.27710302944841],[170.26842788170123,60.14513739224138],[170.27305129478717,60.01343115444841],[170.06013015220904,59.881801210600756],[169.87749770591998,59.8745609151906],[169.61364272545123,60.01220282192888],[169.53161147545123,60.12989386196794],[169.45571425865435,60.29626806851091],[169.15412429283404,60.43464239712419],[168.67075637291217,60.45457800503435],[168.2109022469356,60.432860933501146],[167.68961623619342,60.35544928188982],[167.10398391197467,60.27102621670427],[166.8684187264278,60.17341574307146],[166.2685194344356,59.833278261382006],[166.02721694420123,59.70872076626482],[165.94497207115435,59.77061041470232],[166.20342544029498,60.35263785000505],[165.95633986900592,60.31051596279802],[165.7799940438106,60.35411413784685],[165.41538527916217,60.11518820400896],[165.11359694908404,60.03144034023943],[164.93296340416217,59.96187552090349],[164.88157180259967,59.73413809414568],[164.5846052498653,59.66465338345232],[164.4419050545528,59.74018820400896],[164.32805922935748,59.96072729702654],[164.11052993248248,60.07820852871599],[163.64969924400592,59.79202231045427],[163.76682570884967,59.88375815029802],[163.51627639244342,59.85569342251482],[163.3886823983028,59.81406363125505],[163.10639480064654,59.57917364712419],[163.04290297935748,59.462001405913256],[163.09977248619342,59.35886725063982],[163.25451186607623,59.29037436123552],[162.8352156014278,59.055907808501146],[162.75344375084185,58.96646460171404],[162.90740493248248,58.891280733305834],[162.61590102623248,58.732963167387865],[162.22001174400592,58.48553045864763],[161.93841079185748,58.25918539639177],[161.80436232994342,58.1017223226613],[161.7999372811153,57.86273535366716],[161.9892225594356,57.71985205288591],[162.20365432213092,57.67936285610857],[162.82566359947467,57.700980745512865],[163.0783796639278,57.62649878140154],[163.12783339927935,57.55162390347185],[162.93203261802935,57.37424048062029],[162.5932722420528,57.169540010649584],[162.51240066002154,57.033492647368334],[162.61281875084185,56.802882753569506],[162.74430373619342,56.59970816250505],[163.09797194908404,56.55972632046404],[163.17226699302935,56.383815370757006],[163.16599563072467,56.106498323637865],[163.00907424400592,55.94406851406755],[162.77128127525592,55.91659506436052],[162.55463698814654,56.01072271938982],[162.54719069908404,56.10531576748552],[162.72187331627154,56.34234961147966],[162.5218153328731,56.34873541470232],[162.31757644127154,56.24010046597185],[161.86132338951373,55.86087378140154],[161.60943129966998,55.55691488857927],[161.50274184654498,55.287372194487475],[161.64737990806842,54.985091768462084],[161.93853286216998,54.84510000820818],[162.00820449302935,54.73822363491716],[161.8758650154903,54.56412848110857],[161.5666151375606,54.42324026699724],[161.1363630623653,54.40906866665544],[160.83759597252154,54.448566042143725],[160.68291762779498,54.4482799398488],[160.4043073983028,54.36758764858904],[160.02738479088092,54.15326651211443],[159.93114760826373,54.086356722075365],[159.69506362388873,53.85922583218279],[159.63321975181842,53.70584448452654],[159.68349746177935,53.579433046538256],[159.90476516197467,53.40018042202654],[159.9220838875606,53.300468050200365],[159.8968611092403,53.24057730313005],[159.5917616219356,53.133624635893725],[159.31981948326373,53.12647207852068],[158.78814223716998,52.95936545010271],[158.46136001060748,52.82596167202654],[158.43166640709185,52.71308477993669],[158.4623670906856,52.58713873501482],[158.38950637291217,52.2026859151906],[158.2580213875606,52.01712378140154],[157.89777663658404,51.66602285977068],[157.20952895591998,51.229003511626146],[156.82464126060748,51.00411947842302],[156.6963758797481,50.957748018462084],[156.5637312264278,51.234359346587084],[156.4746961922481,51.603820406157396],[156.36185744713092,51.914237581450365],[156.33323195884967,52.27155645962419],[156.17524245689654,52.60925634976091],[156.0380964608028,52.78148993130388],[155.94184401939654,53.193080507475756],[155.71079543541217,53.80493887539568],[155.70746901939654,54.06495245571794],[155.6380720467403,54.3184085714406],[155.63018325279498,54.465350710112475],[155.58306411216998,54.55207403774919],[155.46520522545123,54.91977270718279],[155.45347121666217,55.27581366177263],[155.50568679283404,55.63962133999529],[155.6275739998653,56.26791723843279],[155.70299819420123,56.36959799404802],[156.23583510826373,56.756827913481615],[156.5578718514278,56.94747122402849],[156.81467727134967,57.26057013149919],[156.8776502938106,57.36274298306169],[156.8394880623653,57.50565680142107],[156.77685073326373,57.58045538540544],[157.51116469810748,57.74545248623552],[157.96169570396685,57.88275869961443],[158.3262586922481,58.026820741850756],[159.10428908775592,58.424884401518725],[159.39269545982623,58.610351167876146],[159.58628371666217,58.80267675991716],[159.64911941002154,58.95374640103044],[160.45193007896685,59.35388907070818],[160.8442488045528,59.554244600493334],[161.5352430672481,59.9416881429738],[161.70084670494342,60.07350882168474],[161.81792739341998,60.2679935323781],[162.38112929771685,60.46357306118669],[163.32929519127154,60.69494970913591],[163.44480422447467,60.89026602383318],[163.79265883873248,61.128192506987475],[163.83137038658404,61.23308905239763],[163.57572463463092,61.330470644194506],[163.94228652427935,61.73741491909685],[163.92588332603717,61.955001436430834],[164.00829604576373,62.1308971273488],[164.27720168541217,62.22288092251482],[165.05478957603717,62.25954397793474],[165.28571608970904,62.2881351339406],[165.06716445396685,62.435687624174975],[164.13767531822467,62.532653413969896],[163.81841567466998,62.489738069731615],[163.34025100181842,62.411300264555834],[162.9902448983028,62.32608374233904],[163.00915053795123,62.17827948208513],[162.71056655357623,61.76318701382341],[162.7668562264278,61.67209967251482],[162.74877456138873,61.60898550625505],[162.45061782310748,61.559379183012865],[162.2352400154903,61.5099254476613],[161.5357771248653,61.1868167745656],[160.6449842781856,60.71775396938982],[160.11884597252154,60.563624941069506],[160.00710586021685,60.59125097866716],[160.0769911141231,60.7375865804738],[160.23559096763873,60.94700964565935],[159.8155165047481,60.98108252163591],[159.74351027916217,61.099635683257006],[159.85686782310748,61.30249746914568],[160.0562391609981,61.51285132046404],[160.14934829185748,61.66016729946794],[160.1182508797481,61.75127752896013],[159.96580031822467,61.765040956694506],[159.45463088463092,61.56075247402849],[159.23105910728717,61.546310030180834],[159.10642531822467,61.70729025479021],[158.84125808189654,61.78396948452654],[158.11835769127154,61.719474397856615],[157.52826980064654,61.66927298184099],[157.0979872078731,61.63339956875505],[156.82523635338092,61.56281241055193],[156.42315200279498,61.40100439663591],[156.38117507408404,61.20508154507341],[156.41843703697467,61.121329866606615],[155.85076430748248,60.88296850796404],[155.66668227623248,60.778041444975756],[155.7338972420528,60.55536612148943],[155.15180495689654,60.39435156460466],[154.6933241219356,60.199019991118334],[154.31565383384967,59.98334845181169],[154.09215835045123,59.775878511626146],[153.94297316978717,59.56882818813982],[153.9444685311153,59.39667852993669],[154.18178847740435,59.30077704067888],[154.75280288170123,59.28121908779802],[154.87804702232623,59.15770300503435],[154.9058943123653,59.102767549712084],[154.38708022545123,59.03995092983904],[153.92443374107623,58.922347627837084],[153.45414260338092,58.94891699429216],[153.13988784263873,59.010123811919115],[152.96824172447467,58.99606665249529],[152.8283338875606,58.947738252837084],[152.50420669029498,58.76871832485857],[152.1912489266231,58.9259410726613],[151.69065383384967,58.75345953579607],[151.35448745201373,58.691119753081225],[151.13540175865435,58.73182638760271],[151.00748732994342,58.79334219570818],[151.05617812584185,58.923812471587084],[151.39268020103717,58.97937353726091],[151.78330520103717,59.03504904385271],[151.8572645516231,59.055812441069506],[151.52360061119342,59.34394415493669],[151.14020827720904,59.43957098599138],[150.6634168953731,59.4318004476613],[150.2786512703731,59.36224707241716],[150.12006667564654,59.3894534933156],[149.7295790047481,59.595328890044115],[149.38030532310748,59.60845526333513],[149.04528335045123,59.58715399380388],[148.72844985435748,59.476337038237475],[148.7472029061153,59.29743155117693],[148.63029006431842,59.19402655239763],[148.41608718345904,59.09739264126482],[148.10282424400592,59.20679815884294],[147.91918471763873,59.261474214751146],[147.35222915123248,59.23288687344255],[146.99962905357623,59.19095953579607],[146.70640090416217,59.22479590054216],[146.30735305259967,59.28595312710466],[146.0539656014278,59.25107153530779],[146.02347854088092,59.19599493618669],[145.95696547935748,58.98285635586443],[145.65258315513873,58.97540625210466],[145.51279738853717,59.03694876309099],[145.49566176841998,59.20875128384294],[145.4041395516231,59.32550390835466],[144.84569838951373,59.283195100981615],[144.38981154869342,59.309859834868334],[143.82409194420123,59.29501303311052],[143.30285170982623,59.2665286886281],[142.92681411216998,59.27957113857927],[142.84585097740435,59.27252539272966],[142.35776809166217,59.140956484038256],[142.72148001084966,59.23899962729002],[137.17796706332177,61.33433849362306],[127.80939535096982,61.80384030510338],[116.96157547350965,59.88266776324234],[115.20548227520561,57.386117039726635],[114.0159088408366,59.54672904426065],[107.9615110406255,59.8183896994711],[99.48535412032993,55.65854236961009],[99.53745541241915,55.2811223478262],[98.81824973137188,55.429392845068904],[93.70004066679506,56.48455609390737],[78.36223290626025,56.41019430623805],[65.31164209247186,55.04663307077481],[59.189973205591734,56.41019430623805],[59.09429166962169,56.4318399506882],[62.80579411405116,56.95520024672745],[75.85638492783956,61.42677903286463],[98.45947004862771,69.79094730127832],[105.40307092131953,72.748726095192]]]]}},{"type":"Feature","properties":{"name":"Arctic marine mammal hunters","subject":"Arctic marine mammal hunters","partOf":"Arctic marine mammal hunters","borderPrecision":1,"color":"#8b7fa6"},"geometry":{"type":"MultiPolygon","coordinates":[[[[-79.39867874671673,54.276351534087084],[-79.54511734534954,54.69186361904802],[-78.98181625892376,54.813800417143725],[-78.58926865150188,54.92203100796404],[-78.30785843421673,55.04375799771013],[-77.51691910316204,55.47071417446794],[-77.23383804847454,55.60653647061052],[-76.76447006751751,56.02744253750505],[-76.56940170814251,56.272121034819506],[-76.46291061927532,56.57139166470232],[-76.46228683413294,56.57751271564082],[-62.50972764527455,57.9717281924346],[-62.49481293250774,57.95677527065935],[-62.34917542030071,57.90222509976091],[-62.01471802283977,57.841212831694506],[-61.888112035290945,57.72504385586443],[-61.828446355359304,57.55411871548357],[-61.99918457557415,57.512775026518725],[-62.186017003552664,57.437240205962084],[-62.00141235877727,57.294147096831225],[-61.82238098670696,57.19208105679216],[-61.476098027722585,57.104064546782396],[-61.350628819958914,57.001998506743334],[-61.33525177528118,56.811263643462084],[-61.36063477088665,56.77717169399919],[-61.544598546521414,56.72915991421404],[-61.84880920936321,56.74220236416521],[-62.1840600638554,56.79603537197771],[-62.326432195203054,56.768512331206225],[-62.28564545203899,56.69371374722185],[-62.16278931190227,56.61230047817888],[-62.07783981849407,56.50366934414568],[-61.92769333411907,56.27295645352068],[-61.743023839490164,56.171493135649584],[-61.45779892493938,56.15847738857927],[-61.24986359168743,56.07745703335466],[-60.87275406409954,55.8545299398488],[-60.46834274818157,55.65896566982927],[-60.357628789441335,55.510375581938646],[-60.373307195203054,55.42248114224138],[-60.57453247596477,55.07102545376482],[-60.34573837806438,55.04450186367693],[-60.04724213172649,55.11924322720232],[-59.69376083900188,55.15365942593279],[-59.33820053626751,55.08015402432146],[-59.079754796521414,54.99299200649919],[-58.557171788708914,54.772323213774584],[-58.11545273353313,54.71277960415544],[-57.43287369300579,54.579913698393725],[-57.51535126258587,54.46576651211443],[-57.83856674720501,54.37130697842302],[-58.16992279578899,54.27685888882341],[-58.46811005164837,54.256217561919115],[-58.84362122108196,54.14833792324724],[-59.106163945691335,53.96711691494646],[-59.398724523083914,53.86623343105974],[-59.862973180310476,53.838580690581225],[-59.991532292859304,53.804923616606615],[-60.13723846961712,53.684318147856615],[-60.12421127845501,53.51734503384294],[-60.221656217027494,53.32492080384565],[-62.55371386511605,54.54889336663911],[-62.593886961730774,54.56997808041503],[-62.88947585561168,54.72511691082654],[-65.64317158321862,55.262874161982396],[-71.0333844968322,55.19604828321671],[-74.19720512004018,52.927225836668605],[-78.74176950876009,52.74413883037645],[-78.8420304923222,53.0342288839406],[-78.84399124671673,53.28100927944841],[-78.93640610267376,53.54791983242693],[-79.03455826331829,53.74155005093279],[-78.75791641761516,53.74876745815935],[-78.80141922523235,53.96274145718279],[-78.93461319495891,54.07629736538591],[-79.23003860999798,54.14938315029802],[-79.39867874671673,54.276351534087084]]],[[[-121.93623062659954,71.50484045620622],[-122.17036911536907,71.28651007290544],[-122.57442184974407,71.14598425503435],[-122.99113937904094,71.15299566860857],[-123.46767136146282,71.19864233608904],[-123.6304597525761,71.40821417446794],[-123.87772842933391,71.61818274136247],[-124.07214066077923,71.73496588345232],[-124.57726761390423,71.89828070278826],[-125.18922897865032,71.92847784634294],[-125.61702438880657,71.9903827535695],[-125.82783218909954,72.07625158901872],[-125.90372940589641,72.15463598843279],[-125.66236588050579,72.20223578091326],[-125.39703842689251,72.33649023647966],[-125.1806535391972,72.43140753384294],[-125.14468857337688,72.60512121792497],[-125.34129044105266,72.96895941372576],[-125.0927400260136,72.96944006558122],[-124.88213058997844,73.0492435323781],[-124.74393936683391,73.21648748989763],[-124.24723526527141,73.45660742397966],[-124.01027390052532,73.72098883267107],[-124.06482407142376,73.86521490688982],[-124.18706985999798,73.93727453823747],[-124.74035355140423,74.24206884976091],[-124.90926071693157,74.44366034146013],[-124.51832291175579,74.4443851339406],[-124.14805313636516,74.46935614224138],[-123.49339005042766,74.44630011196794],[-123.14841770273145,74.44057077628655],[-121.65451446815976,73.99457995121038],[-119.25235436535371,73.55256742458035],[-117.685761580263,73.21545873829851],[-118.10413071204876,73.11756476040544],[-118.58500381995891,72.97368963833513],[-119.30700394202923,72.6476322042531],[-119.76836868812298,72.39426764126482],[-120.0154924063847,72.35442694302263],[-120.45359512855266,72.2985111105031],[-120.42398544837688,71.88257940884294],[-120.54559799720501,71.65563543911638],[-120.8434953360722,71.53027685757341],[-121.39040085365032,71.47469671841326],[-121.93623062659954,71.50484045620622]]],[[[-40.4836206107304,64.68540533657732],[-40.350705113904226,64.52752264614763],[-40.35533234168743,64.4269519674367],[-40.47241684486126,64.34779699917497],[-41.01111313392376,64.33243139858904],[-41.484120336072195,64.27418860073747],[-41.10417267371868,64.0885501730031],[-40.89255234290813,64.03168066616716],[-40.691220250622976,63.931869112212084],[-40.51624771644329,63.782069765288256],[-40.765702214734304,63.57452734585466],[-40.89390656043743,63.52436789150896],[-41.16342255164837,63.56665762539568],[-41.37823959876751,63.523437105376146],[-41.223019567029226,63.30993231411638],[-41.22700974036907,63.25296362515154],[-41.43446823646282,63.039203249174975],[-41.65309616615032,63.09566458340349],[-41.915570226208914,63.12360724087419],[-41.90392395545696,63.05252417202654],[-41.789105382458914,62.84676321621599],[-41.834408727185476,62.69062002773943],[-41.963726964490164,62.69039114590349],[-42.25886246253704,62.732387148100756],[-42.29883667518352,62.739398561674975],[-42.73952957679485,62.68891104336443],[-43.225968328015554,62.68092306729021],[-42.91909882117962,62.461906038481615],[-42.420365300671804,62.28601416226091],[-42.27136322547649,62.19441946621599],[-42.306195226208914,61.728881441313646],[-42.47826477576946,61.306762300688646],[-42.670330968396414,61.26428564663591],[-43.03725906898235,61.29165991421404],[-42.817120519177664,61.02562292690935],[-42.82441422034954,60.80161245938005],[-42.75409027625774,60.69687231655779],[-42.78493210365032,60.52916296597185],[-42.9272126822636,60.50099142666521],[-43.14993378211712,60.51450689907732],[-43.497086492078054,60.478969179350756],[-43.15411850501751,60.30526693936052],[-42.96204468299602,60.03407248135271],[-43.01451202918743,59.83288153286638],[-43.143570867078054,59.81878241177263],[-43.578778234021414,59.935687624174975],[-43.71973041143305,60.00371991495786],[-43.84796284556369,61.05825940923091],[-44.25808774116473,61.869878095613615],[-43.84796284556369,64.20612586086018],[-42.793355971161034,65.40311483729091],[-39.69494684817376,65.18696970170159],[-39.68630692054485,65.1705585348195],[-39.726918187634695,64.99653967495622],[-39.89782043983196,64.95292242642107],[-40.042374578015554,64.981471620757],[-40.253720250622976,64.96666296597185],[-41.06033417274212,65.03749426479997],[-40.827748265759695,64.89353521938982],[-40.4836206107304,64.68540533657732]]],[[[-47.82239243079876,60.778190218169115],[-47.86935516883587,60.939025484282396],[-47.96923157264446,61.036910616118334],[-48.20001694251751,61.141627870757006],[-48.567913976208914,61.2461429464406],[-48.915463414685476,61.42103537197771],[-49.14827438880657,61.77232702847185],[-49.116444554822195,62.10383185024919],[-49.20595261146282,62.17429693813982],[-49.401295629040945,62.21632345791521],[-49.61146256019329,62.1947399007863],[-50.04793259193157,62.31408270474138],[-50.09668442298626,62.356410585600756],[-50.15892883826946,62.462428652007006],[-50.095936742322195,62.66799124355974],[-49.889325109021414,62.84574469204607],[-49.85748383094524,62.966544710356615],[-49.97367950965618,62.99473150845232],[-50.22172638465618,63.00849493618669],[-50.465817418591726,63.05066641445818],[-50.59093567420696,63.14998587246599],[-50.616742101208914,63.434806429106615],[-50.8230867057011,63.49145849819841],[-51.10051819373821,63.46953924771013],[-51.365765538708914,63.726012788969896],[-51.35501572181438,63.81178244229021],[-51.26595017005657,63.92637213345232],[-50.98794647742962,64.09154089565935],[-50.439015355603445,64.2430911886281],[-50.2569245963261,64.37973364468279],[-50.04263397742962,64.4375720846242],[-50.019913640515554,64.6100574361867],[-50.14448257972454,64.73932226772966],[-50.3573999076054,64.69574316616716],[-50.771840062634695,64.6590076314992],[-50.99374863197063,64.6154285299367],[-51.27965637733196,64.42807348843279],[-51.52139755775188,64.3701892721242],[-51.80484863807415,64.23334082241716],[-51.95738312293743,64.37656744595232],[-51.940175023572195,64.65683325405779],[-51.991654363171804,65.00974615688982],[-52.084332433240164,65.21262701626482],[-52.07773300697063,65.37242468472185],[-52.18693634559368,65.51769598599138],[-52.41381165076946,65.48089178677263],[-52.536007848279226,65.49521978970232],[-52.83536240150188,65.65488775845232],[-53.10253998328899,65.87324865933122],[-53.10843369056438,66.03403814907732],[-52.72966095496868,66.27637823696794],[-52.61050125648235,66.26797827358904],[-52.86044403602337,66.3531986105031],[-53.34805389930462,66.32427557583513],[-53.39427277137493,66.45181616421404],[-53.22169968177532,66.53085669155779],[-52.916851964490164,66.54446753140154],[-52.65323730994915,66.56776770229997],[-52.448048558728445,66.60731085415544],[-52.30317017127727,66.90946539517107],[-52.84682938148235,66.93058355923357],[-53.104203191296804,66.90795477505388],[-53.26725861121868,66.92242010708513],[-53.397416081921804,66.99593695278826],[-53.4495629935429,67.08444555874529],[-53.34943100501751,67.2102542745656],[-53.25116440345501,67.2139392721242],[-53.170311894910085,67.28580816860857],[-52.97809692908977,67.31033667202654],[-53.146710362927664,67.39514502163591],[-53.39495941688274,67.36226233120622],[-53.494122472302664,67.47349890347185],[-53.46844574500774,67.55819281216326],[-53.43576141883587,67.61761816616716],[-53.31903549720501,67.6178470480031],[-53.18010803748821,67.6626468526906],[-52.80789658118938,67.77477606411638],[-52.25998398353313,67.73864325161638],[-51.87598511268352,67.66508062954607],[-51.52680298377727,67.65088232632341],[-51.3565339713261,67.59181555386247],[-50.93936249305462,67.52581366177263],[-50.53911897259659,67.48805571153352],[-49.472532842377866,67.03273287353856],[-49.06240794677684,64.7863184095137],[-47.65626544757329,62.79478134157128],[-46.13294440676946,61.75918500066533],[-46.15809589644378,60.937403792612976],[-46.195851293103445,60.93519552822771],[-46.33108612586712,60.87194403286638],[-46.53102585365032,60.89255865688982],[-46.97205444862102,60.86373861904802],[-47.15937134315227,60.85638006802263],[-47.41620346595501,60.72299536343279],[-47.630475011365164,60.59680517788591],[-47.82239243079876,60.778190218169115]]],[[[-161.00630661536908,64.15789373989763],[-161.37294479896283,64.46636541958513],[-161.3609971671269,64.50956305142107],[-160.94391342689252,64.52476843472185],[-160.7896623282597,64.64031561489763],[-160.90219589759565,64.81319006558122],[-161.12569138099408,64.9282947408742],[-161.29062363197065,64.96410711880388],[-162.13664719154096,64.78921850796404],[-162.5615129141972,64.60096319790544],[-162.80194565345502,64.47088202114763],[-163.02521225501752,64.44165381069841],[-163.88339706947065,64.59127386685076],[-164.26511093665815,64.60499914761247],[-164.59991928626752,64.61876257534685],[-165.17119308997846,64.54565008755388],[-165.74068161536908,64.5589862691945],[-166.34773727943158,64.63710363979997],[-166.58603378822065,64.73040350552263],[-166.66852280189252,65.0846210348195],[-166.6037950186894,65.15014990444841],[-166.31743332435346,65.16522558804216],[-165.86377426673627,65.16608008022966],[-165.66328903724408,65.2464862691945],[-166.1386613516972,65.35480078335466],[-166.9990586905644,65.49169500942888],[-167.60156723548627,65.6000018941945],[-168.1797990470097,65.69388922329607],[-168.0813340811894,65.74522741909685],[-167.73000046302533,65.8629642355031],[-167.02422043372846,65.95946844692888],[-166.42819687415815,66.10719641323747],[-165.99724289466596,66.2034183370656],[-165.52136704017377,66.36595495815935],[-165.09273239661908,66.46976050015154],[-164.46313950111127,66.59615667935076],[-163.78244492103315,66.53848608608904],[-163.85339829017377,66.30294378872576],[-163.84308334876752,66.17811163540544],[-163.37004562904096,66.10560186978044],[-162.75850388099408,66.06275519009294],[-162.27507492591596,66.07097967739763],[-161.97949692298627,66.1155506002492],[-161.6268205313847,66.22629126187029],[-161.37917038490033,66.35901220913591],[-161.26143356849408,66.39603003140154],[-160.9229631095097,66.36724432583513],[-160.58469101478315,66.316432558257],[-160.1252336173222,66.33931311245622],[-160.03540512611127,66.48662909146013],[-160.03227707435346,66.56761511440935],[-160.34265610267377,66.59653051968279],[-161.2183732657597,66.72757300015154],[-161.79561325599408,66.74863012905779],[-161.93573471595502,67.08837469692888],[-162.5987443595097,67.16118963833513],[-163.03088852454877,67.17517431851091],[-163.73874374915815,67.21832617397966],[-163.82597824622846,67.44821508999529],[-164.04396530677533,67.5890384542531],[-164.51266953040815,67.796657167632],[-164.74297043372846,67.86329229946794],[-165.93999191810346,68.1598163473195],[-166.84352585365033,68.40520819302263],[-166.70106979896283,68.480495058257],[-166.33539291908002,68.66138037319841],[-166.29680344154096,68.87961920376482],[-165.33554550697065,68.90401800747576],[-164.89020248939252,68.93497046108904],[-164.06718918372846,69.06467779751482],[-163.71423813392377,69.22388800259294],[-163.5107316641972,69.50418432827654],[-163.15620895911908,69.7627673971242],[-162.87912460853315,69.99906500454607],[-162.51103683997846,70.18374975796404],[-162.1772355704472,70.28422125454607],[-161.69739243079877,70.33124121304216],[-161.18759628822065,70.4398914205617],[-160.71655746986127,70.45616491909685],[-159.90466782142377,70.42692144985857],[-159.83911606361127,70.51173742886247],[-159.9095811515019,70.60412939663591],[-160.24831100990033,70.76563604946794],[-160.24033066322065,70.85846289272966],[-159.36935898353315,70.89876135464372],[-158.85516830970502,70.88426550503435],[-158.4168595938847,70.90831335659685],[-157.81194016029096,70.97140081997576],[-157.31787582923627,71.1584964620656],[-156.90474411536908,71.34585913296404],[-156.47401901771283,71.3544422018117],[-156.34712692786908,71.33133276577654],[-156.04321762611127,71.22303351040544],[-155.97292038490033,71.14548071499529],[-156.14545151283002,71.08307226772966],[-156.1379747061894,70.92808111782732],[-155.66579147865033,70.86703070278826],[-155.47481247474408,70.85190161343279],[-155.23369308997846,70.98398169155779],[-155.09985825111127,71.07726629849138],[-154.4612931876347,70.99315985317888],[-153.77106186439252,70.97122534390154],[-153.29306503822065,70.9489017355031],[-152.97116562415815,70.9340091573781],[-152.65120407630658,70.8185306417531],[-152.48952194740033,70.69520147915544],[-152.1371202140019,70.53390081997576],[-151.91501328040815,70.4957767355031],[-151.72560593177533,70.53467138882341],[-151.1442002921269,70.48183020229997],[-150.63855454017377,70.47509344692888],[-149.9385118155644,70.49947699185076],[-149.28632065345502,70.5392337667531],[-148.74062058021283,70.4940448629445],[-148.12077805091596,70.37976416226091],[-147.7235459952519,70.32667120571794],[-146.18263718177533,70.26810034390154],[-145.60702988197065,70.19242437954607],[-145.27254196693158,70.1163822042531],[-144.3603410391972,70.13342627163591],[-143.30757614661908,70.19675024624529],[-142.8024797110722,70.09034308071794],[-141.7039689688847,69.73443945522966],[-141.16135117103315,69.59894140835466],[-141.05925461341596,69.59546240444841],[-140.73939987708783,69.58456762905779],[-140.33456894447065,69.6232410299367],[-139.90065475990033,69.57098730679216],[-138.99545761634565,69.36829718228044],[-138.27507492591596,69.13548620815935],[-137.72852036048627,69.01584204312029],[-137.2608537345097,68.96400030728044],[-136.93156906654096,68.94952734585466],[-136.20306870033002,68.87561377163591],[-135.80328842689252,68.77105291958513],[-135.61018845130658,68.70377691860857],[-135.49577805091596,68.71902807827654],[-135.69887253333783,68.98949774380388],[-135.85951706458783,69.07965429897966],[-136.01494308997846,69.14723547573747],[-136.04396530677533,69.3359866964406],[-135.4391984610722,69.52628668423357],[-135.10397812415815,69.49662359829607],[-134.84383102943158,69.5273929464406],[-134.77597519447065,69.57298620815935],[-133.99483200599408,69.5062518941945],[-133.64763351966596,69.50691565151872],[-133.14131638099408,69.67456396694841],[-133.00215622474408,69.75827368374529],[-132.8031358390019,69.75862463589372],[-132.50795456458783,69.85788305874529],[-132.16646286536908,69.88893469448747],[-131.77655502845502,69.9276386129445],[-131.44623276283002,69.96627386685076],[-131.2355088858769,70.07374914761247],[-131.05905624915815,70.15834387417497],[-130.71191879798627,70.2050052511281],[-130.24182602454877,70.20590551968279],[-129.8494767813847,70.15069159146013],[-130.0497941641972,69.96887549038591],[-130.20801254798627,69.91536291714372],[-130.70325180579877,69.85365637417497],[-131.1946153311894,69.68578680630388],[-131.7543840079472,69.60890539761247],[-132.3032121329472,69.48670538540544],[-132.61789413978315,69.25174292202654],[-133.41318222572065,69.13702734585466],[-133.71957871009565,68.9178729879445],[-133.33893295814252,68.79822119351091],[-132.69037338783002,68.46158941860857],[-132.7889756827519,68.7090564596242],[-132.71330734779096,68.8670917379445],[-132.1749620108769,68.98101385708513],[-131.9994249015019,69.08687933560076],[-131.67297836829877,69.27615698452654],[-130.89580246497846,69.30025824185076],[-130.46362778236127,69.4674335348195],[-129.94267746497846,69.64258917446794],[-129.01314255286908,69.72018011685076],[-128.72375961829877,69.87253912563982],[-128.30908676673627,69.99500616665544],[-127.93980118324016,70.07992132778826],[-127.72553726722454,70.18759497280779],[-127.80552383949016,70.31023748989763],[-128.121151891248,70.48648413296404],[-128.41585251380658,70.686305605132],[-128.01105972816205,70.6407962667531],[-127.66734024574016,70.51815374966326],[-127.35170456458782,70.38026007290544],[-127.16631790687298,70.23468359585466],[-126.99711319495891,70.0204349386281],[-126.79519363929485,69.78502234097185],[-126.61845871497844,69.6791492330617],[-126.0578508048222,69.4605213033742],[-125.97399612952923,69.43039282437029],[-125.45461746741985,69.33309515591326],[-125.27735611488079,69.34096106167497],[-125.1877107291386,69.40919836636247],[-125.41768356849407,69.69653662319841],[-125.38623520423626,69.81800421353044],[-125.13956924964641,69.83365210171404],[-124.98927780677532,69.8947025167531],[-124.70693680335735,69.94081457729997],[-124.5343904166386,69.7816425191945],[-124.50809952308391,69.59213598843279],[-124.60000320960735,69.46324499722185],[-124.22530075599407,69.40343054409685],[-123.80283829261516,69.43445929165544],[-123.29193588783001,69.63985022183122],[-123.05067917396282,69.86033209438982],[-122.83527847816204,69.89112433071794],[-122.32606216956829,69.88448675747576],[-121.63505264808391,69.76427801724138],[-120.84985825111126,69.56864508267107],[-120.22155472327923,69.41844519253435],[-119.97896171213529,69.37805753048482],[-120.4025902968914,67.94746792457464],[-110.86015901801942,65.94354545380173],[-97.36110989181023,65.12429440026054],[-87.82447739136254,64.34703526339813],[-87.43523117591594,64.568873964507],[-87.9917878775761,64.25168188687029],[-88.3770646720097,64.0573230611867],[-88.7044572501347,63.985065065581225],[-89.07741257240032,63.96287115688982],[-89.49484726478313,64.01940497036638],[-89.97269150306438,64.19054754849138],[-89.99451157142376,64.03280218716326],[-90.00580307533001,63.9038577901906],[-89.86152359534954,63.6466556417531],[-89.87039658118938,63.57521780605974],[-90.20366379310344,63.56135138149919],[-90.22967239906048,63.56026419277849],[-90.8438615470097,63.609088503081225],[-91.5861711173222,63.793544374663256],[-91.98384567786907,63.82856329556169],[-93.31687637855266,63.97362097378435],[-92.3510408072636,63.58483465786638],[-91.64173599769329,63.51474722500505],[-91.02674576331829,63.39461477871599],[-90.77393814613079,63.302386842924975],[-90.62544724036907,63.181544862944506],[-90.6305818228886,63.09612616177263],[-90.9196443228886,62.94618948574724],[-91.41749283363079,62.852889620024584],[-92.06037613441204,62.88721426602068],[-92.29017349769329,62.9152103292531],[-92.45530411292766,62.7941051351613],[-91.8908586173222,62.6035533773488],[-92.10219284583782,62.411822878081225],[-92.5791902213261,62.269340120512865],[-93.23328873206829,61.971297823149584],[-93.42261978675579,61.858031831938646],[-93.3245744376347,61.54114111538591],[-93.46560379554485,61.435348116118334],[-93.87430283118938,61.343192659575365],[-94.01383682777141,61.21648748989763],[-94.25195023109173,60.92843588467302],[-94.37603470374798,60.79513510342302],[-94.48430344154094,60.49420889492693],[-94.60756393958782,60.24970587368669],[-94.75318619300579,59.94999273892107],[-94.72808548499798,59.762904726225756],[-94.80027481605266,59.513549410063646],[-94.74500748206829,59.119803987700365],[-94.68383499671673,58.87849386807146],[-94.41486069251751,58.71365316982927],[-94.30231186439251,58.70698507900896],[-94.18649765540813,58.66588934536638],[-93.88757034827923,58.65957983608904],[-93.36378952552532,58.701869569975756],[-93.23948380042766,58.68147238369646],[-93.07417770911907,58.55101355190935],[-92.88842484046673,58.207694612700365],[-92.52271744300579,57.687274538237475],[-92.42361923743938,57.386466585356615],[-92.48305222083782,56.97671469326677],[-92.40409578747519,56.97508393725052],[-92.71141469288669,56.83125797836517],[-93.82461083808953,56.86329884105465],[-102.14428729171048,57.21394132630312],[-111.28421353653351,58.55314202309659],[-114.56521270134176,60.59956315497872],[-118.19774749095093,62.712635573894396],[-124.93551363296793,64.83463268032534],[-132.43494029538678,62.496969371290604],[-139.52424206220468,62.41569007667785],[-140.05179264318338,62.49514157669758],[-144.68009789261768,63.19218524961806],[-150.1289000770314,63.324002732781025],[-160.9394989447178,63.98492305338062],[-161.00630661536908,64.15789373989763]]],[[[-89.7355851798222,68.53431280728044],[-90,68.36909826870622],[-90,68.37464344694608],[-89.7355851798222,68.53431280728044]]],[[[-66.56342026283001,75.928737245757],[-67.03665634681438,75.93623694058122],[-67.61905380775188,76.0189700948781],[-69.04484268714641,76.29375799771013],[-68.35297104408001,76.54862555142107],[-68.1443986563847,76.59984930630388],[-68.18594070960735,76.70160254116716],[-68.37633987952923,76.77777441616716],[-68.85623642493938,76.78535803433122],[-69.85101028968548,76.79198797817888],[-70.21667191077923,76.82532843228044],[-70.49995132972454,76.8333240377492],[-71.05698868324016,77.02849920864763],[-71.44827744056438,77.12186010952654],[-71.18388077308391,77.25953253384294],[-70.61842056800579,77.27779730435076],[-69.25207230140423,77.21171148892107],[-68.34064194251751,77.19630774136247],[-67.73630234290813,77.18888434048357],[-66.7837800650761,77.2593265401906],[-66.30934616615032,77.35474737759294],[-66.17778488685344,77.39800604458513],[-66.1534089713261,77.5531726705617],[-66.43559738685344,77.68224676724138],[-66.80472275306438,77.77682074185076],[-67.3522843985722,77.70645483608904],[-67.85181137611126,77.5930896627492],[-68.44123550941204,77.58333929653826],[-68.95322128822063,77.6342273580617],[-69.29207321693157,77.59898718472185],[-69.68751999427532,77.5550800191945],[-69.9936418204472,77.5803943502492],[-70.37952133704876,77.66610296841326],[-70.67803665687298,77.83014258022966],[-71.04520889808391,77.91627081509294],[-71.34299942542766,77.9417987691945],[-71.66946884681438,77.9151111471242],[-71.88843246986126,77.94943579312029],[-72.5253801016972,78.16613348599138],[-72.5452775626347,78.3235355245656],[-72.38322922279094,78.52572973843279],[-72.0187654166386,78.57922705288591],[-71.46276566077923,78.62432440396013],[-70.78020187904094,78.68733557339372],[-69.84684464027141,78.75975378628435],[-69.26627060462688,78.7961917745656],[-68.83852860023235,78.97410925503435],[-68.34851547767376,79.0904804098195],[-67.96912857581829,79.12678869839372],[-66.85430618812298,79.12891729946794],[-66.35871597816204,79.1743656026906],[-65.48489090491985,79.15823706265154],[-65.30409714271282,79.22092016812029],[-65.16448685218548,79.3103748189992],[-64.89053818275188,79.3823734151906],[-64.79951187659954,79.67840155239763],[-64.67545792152141,79.90390356655779],[-64.62318131019329,79.94921454067888],[-65.02371689368938,80.05176886196794],[-65.89964005042766,80.06920965786638],[-66.41940781165813,79.98192938442888],[-66.85121628333782,80.03850897427263],[-67.41029068519329,80.2107425558156],[-67.14280411292766,80.56214483853044],[-66.52167984534954,80.71127661343279],[-65.24133774329876,80.87276800747576],[-64.60832687904094,80.9739490377492],[-63.72541138221477,81.08617743130388],[-62.81141255638844,81.15595684596342],[-63.35819002201287,78.2356337190557],[-62.44868119723538,76.33836403843989],[-62.467633214490164,76.3399921285695],[-62.91620728065227,76.36447485562029],[-63.65076920081829,76.37993963833513],[-64.00380035926555,76.29492529507341],[-64.4733552603886,76.25186499233904],[-64.83591934730266,76.16703375454607],[-65.47452255775188,76.09859808560076],[-66.02683731605266,76.1731677877492],[-66.68391892005657,76.30668219204607],[-66.54037949134563,75.97068365688982],[-66.56342026283001,75.928737245757]]],[[[-91.05400558997844,74.97726782437029],[-90,74.71844061489763],[-90,74.64215429897966],[-90,74.62996252651872],[-89.69807907630657,74.61462744351091],[-90.15305801917766,74.62996252651872],[-90.20365616370891,74.64215429897966],[-90.52029892493938,74.71844061489763],[-91.05400558997844,74.97726782437029]]],[[[-90.41722050141492,75.95886416115277],[-90.20364853431438,75.96699865933122],[-90.18295761634563,75.96777685757341],[-90.05632831416011,75.95130924483698],[-90.41722050141492,75.95886416115277]]],[[[-54.59369751502727,70.24023779507341],[-54.42833801795696,70.2481952535695],[-54.13745972205852,70.18746527310076],[-53.61670013953899,70.15783270474138],[-53.037491765515554,70.03655584927263],[-52.701188054578054,69.91539343472185],[-52.433556523816335,69.870387636382],[-52.08398529578899,69.772487245757],[-51.81285187293743,69.62156256313982],[-51.87741180946087,69.53068121548357],[-51.927941289441335,69.51549109097185],[-52.172604527966726,69.49234350796404],[-52.52107712318157,69.47657354946794],[-52.86744019080852,69.39284094448747],[-53.321713414685476,69.32408484097185],[-53.55149933387493,69.27841528530779],[-53.80711456824993,69.33826788540544],[-54.125260320203054,69.48115881558122],[-54.48590179969524,69.56363257046404],[-54.57440277625774,69.60885199185076],[-54.68687531043743,69.70702704067888],[-54.72269150306438,70.08692511196794],[-54.59369751502727,70.24023779507341]]],[[[-58.64011093665813,53.867675386626146],[-58.07691666175579,54.08285864468279],[-57.56114288856243,54.13071020718279],[-57.2630395560429,54.02418097134294],[-57.105824437634695,53.870631777007006],[-57.285199132458914,53.66976126309099],[-57.268944707410085,53.616324983794115],[-57.13083359290813,53.48302801724138],[-56.85379883338665,53.58374365444841],[-56.64929291297649,53.65759619351091],[-56.35446259071087,53.57132300015154],[-56.12695583342671,53.46584387832734],[-58.78822689960135,52.57259027862411],[-60.1714630701033,53.29857710058178],[-59.71703430701946,53.4313121664113],[-59.47287079383587,53.471854768950365],[-59.18075653602337,53.51914175625505],[-58.64011093665813,53.867675386626146]]],[[[155.89216029229675,68.16901029658281],[130.86731605142418,69.90104204211539],[124.54383390453704,71.58610355723228],[123.5007008987776,73.50494943844788],[124.22215560386921,73.69691046353044],[124.45666793297077,73.70529516812029],[124.8176603646114,73.658229433257],[125.3346281380489,73.5240741598195],[125.71732619713093,73.39780005093279],[126.48701766441609,73.38340338345232],[127.0968351692989,73.41625555630388],[127.71956160972859,73.4015384542531],[128.3147840828731,73.20751532192888],[128.49888137291217,73.12594183560076],[128.52492812584185,72.9523425924367],[128.29104140709185,72.91247900601091],[128.17055800865435,72.89652594204607],[127.31350234459187,72.71388586636247],[126.2164411873653,72.38231238003435],[126.11130050133015,72.28037603970232],[126.22529891441609,72.24934729214372],[126.69000533531452,72.21892889614763],[127.12090590904499,72.21193274136247],[127.41754439781452,72.14218481655779],[127.71409896324421,72.01011236782732],[128.1701307625606,71.83187445278826],[128.43249038170123,71.75462683315935],[128.7835340828731,71.53804358120622],[129.35520461509967,71.1756854879445],[130.1717176766231,70.81534918423357],[130.77927688072467,70.67834051724138],[131.05480483482623,70.68650396938982],[131.4126844734981,70.86376532192888],[131.79166701744342,71.18792303677263],[132.28361037681842,71.66087683315935],[132.55375197838092,71.80897101040544],[132.68426040123248,71.80141028042497],[132.7906141609981,71.59201391812029],[133.13840774009967,71.45321234341326],[133.7439070076778,71.32284887905779],[134.24135878990435,71.26194342251482],[134.62290481041217,71.30131109829607],[135.51061538170123,71.51182135220232],[135.86063674400592,71.54344519253435],[136.22661879966998,71.51315649624529],[136.7650251717403,71.40578039761247],[137.62967971275592,71.07541998501482],[137.77126601646685,71.0988269674367],[137.8549452156856,71.12980230923357],[138.07578566978717,71.24595221157732],[138.17544082115435,71.3620105611867],[138.11381057213092,71.38510473843279],[138.1193952889278,71.47020300503435],[138.44611648033404,71.61027105923357],[138.67487624595904,71.61844977017107],[138.89985183189654,71.50264319058122],[139.15876296470904,71.41796454067888],[139.7444715828731,71.40359839077654],[139.8256941170528,71.62836035366716],[139.73856643150592,71.83789404507341],[139.80597976158404,72.00147589321794],[139.84789565513873,72.23560675259294],[139.33877089927935,72.1643558370656],[139.04995253990435,72.16382177944841],[138.96934035728717,72.2105213033742],[139.16831496666217,72.34379156704607],[139.31179336021685,72.38319738979997],[139.75561049888873,72.42317541714372],[140.21502211998248,72.43185003872576],[140.5890760750606,72.49523504849138],[141.29397109459185,72.78707464810076],[141.40839675377154,72.78729590054216],[142.20023635338092,72.67872198696794],[142.90252211998248,72.617213808257],[143.81882766197467,72.53262671108904],[144.26743606041217,72.50207861538591],[144.56183913658404,72.45562323208513],[145.59995559166217,72.42622717495622],[144.82036879966998,72.14334448452654],[145.2095594734981,72.1206775533742],[145.66462233970904,72.16052588101091],[145.81499770591998,72.09839972134294],[145.6781874031856,71.92672308560076],[145.26140883873248,71.8403812276906],[144.88077834556842,71.72314795132341],[144.80126479576373,71.5911136495656],[145.10038283775592,71.57618292446794],[145.33378127525592,71.63085516567888],[145.74624160240435,71.69371374722185],[146.18606093834185,71.84209784146013],[146.9151258797481,72.20190008755388],[148.15946486900592,72.19639929409685],[148.6979627938106,72.1661868917531],[149.10447219322467,72.08892401333513],[149.53032973716998,72.02736242886247],[149.62253859947467,71.94185980435076],[149.72198012779498,71.89520605679216],[148.71085647056842,71.62939795132341],[148.9621687264278,71.56785925503435],[149.7154188484981,71.4376483785695],[150.69370559166217,71.34668310757341],[151.1194715828731,71.25476416226091],[151.47996047447467,71.08581122036638],[151.64484694908404,70.89377936001482],[151.89907363365435,70.73301275845232],[152.13401320884967,70.66443213101091],[152.79058364341998,70.68098791714372],[153.4044294686153,70.72815283413591],[153.91649917076373,70.79046972866716],[155.04923537681842,70.9385486471242],[156.0431776375606,70.98655279751482],[157.39641860435748,70.927516542632],[158.07795241783404,70.86731299038591],[158.40867141197467,70.81418951626482],[158.93413833091998,70.62346991177263],[159.2292127938106,70.54745062466326],[159.46557143638873,70.39498480435076],[159.62790969322467,70.21980627651872],[159.57267287681842,69.99896582241716],[159.4438124031856,69.76456030483904],[159.67295363853717,69.6519275533742],[160.0166120858028,69.62243231411638],[160.39239028404498,69.61560400601091],[160.6816053719356,69.57847937222185],[160.6740370125606,69.27026709194841],[160.86234572838092,69.08311804409685],[161.17081740806842,69.15864904995622],[161.4161024422481,69.35423620815935],[161.96099379966998,69.52816351528826],[162.1177625984981,69.55855902310076],[162.27485183189654,69.5362811910695],[163.03823378990435,69.54520758267107],[163.72240737388873,69.6744876730031],[164.05369094322467,69.66003759976091],[164.31817153404498,69.46485479946794],[164.63646987388873,69.41282232876482],[165.33014968345904,69.40657385464372],[166.30924514244342,69.37832983608904],[166.70035842369342,69.43165930386247],[167.3200788826778,69.65857275601091],[167.50323012779498,69.56856115933122],[167.92161086509967,69.32873877163591],[168.09997085045123,69.23150213833513],[168.5924177498653,69.11246069546404],[168.98606399009967,68.96339758511247],[169.11321547935748,68.784205995757],[169.38860610435748,68.71748694058122],[170.08889296959185,68.77854498501482],[170.83280471275592,68.9219470846242],[170.9048719734981,69.03432043667497],[170.79320815513873,69.18400152798357],[170.43130019615435,69.55891760464372],[170.05626967857623,69.61091955776872],[170.2362928719356,69.76195105190935],[170.45170119713092,70.0192142355031],[171.30224135826373,69.97523077603044],[171.84838393638873,69.93847998257341],[172.35924819420123,69.9092288839406],[172.9081678719356,69.8347659933156],[173.00828078697467,69.69170721646013],[173.63665297935748,69.76070746060076],[174.57445815513873,69.7850604879445],[175.6109724373653,69.77942999478044],[176.19217971275592,69.71265753384294],[176.54601577232623,69.62294348354997],[177.07915786216998,69.53360327358904],[177.70499709556842,69.48964270229997],[178.04284194420123,69.40761145229997],[178.62885573814654,69.25851782437029],[178.96496108482623,69.22913702603044],[179.28148940513873,69.14725836392107],[180,68.91989477749529],[180,67.96313055630388],[180,66.96313055630388],[180,65.96313055630388],[180,65.38163336392107],[180,65.31103094692888],[180,65.05193670864763],[180,64.95347937222185],[179.30910781334185,64.78647192593279],[179.01597121666217,64.77292975063982],[178.72602370689654,64.60632666226091],[178.4738417000606,64.57721289272966],[178.00438979576373,64.54774054165544],[177.8441267342403,64.58320959683122],[177.42666152427935,64.6067386495656],[177.37353042076373,64.76135595913591],[177.25146010826373,64.8561054098195],[177.0262556404903,64.84421881313982],[177.1346540779903,64.9274402486867],[176.71245864341998,64.78165777798357],[176.33170607994342,64.77292975063982],[176.18017104576373,64.8679920064992],[175.9650526375606,64.90365942593279],[176.15595534752154,64.6779285299367],[175.89977553795123,64.54742773647966],[176.04404738853717,64.50115545864763],[176.4677839608028,64.4089847433156],[176.75323012779498,64.57114752407732],[176.93052199791217,64.5528827535695],[177.08159926841998,64.51739843960466],[177.08158400963092,64.30297430630388],[177.19323256920123,64.2103534566945],[177.53472426841998,64.08968695278826],[178.01113418052935,64.19211157437029],[177.81341079185748,64.0474353658742],[178.14725783775592,64.15663488979997],[178.17650893638873,64.0053211080617],[178.28776076744342,63.91291388149919],[178.37162307213092,63.749381624419115],[178.40261367271685,63.66409262295427],[178.07767775963092,63.42905005093279],[178.3443708748653,63.45795782681169],[178.50112441490435,63.380187593657396],[178.7139540047481,63.153731905180834],[178.93949416588092,63.08333548184099],[179.0042829842403,62.970199190337084],[178.93163588951373,62.765067659575365],[179.28769973228717,62.81507834072771],[179.2317762703731,62.63853796597185],[179.24216750572467,62.52569922085466],[179.04876235435748,62.3913951742238],[178.73766616295123,62.29927023525896],[178.4518690438106,62.31985434170427],[178.25026992271685,62.382873140532396],[177.69097426841998,62.45226629849138],[177.29084304283404,62.48678549404802],[177.13486770103717,62.5499645101613],[177.19034865806842,62.67001303311052],[176.9683485359981,62.69078405972185],[176.83198073814654,62.676410280424975],[176.58050063560748,62.42905005093279],[176.54911330650592,62.3796878683156],[175.17263320396685,61.96908529873552],[174.6526747078731,61.89086493130388],[174.54230788658404,61.89065512295427],[174.3487196297481,61.79903372402849],[174.25043776939654,61.71468313809099],[173.9267683358028,61.61596258755388],[173.48090651939654,61.601100527007006],[173.34258559654498,61.55182226772966],[173.12633803795123,61.36941488857927],[172.91828444908404,61.278129183012865],[172.4924421639278,61.263324342924975],[172.1081648201778,60.98328360195818],[172.0000868172481,60.85757406826677],[171.24840835045123,60.65417822476091],[171.07238295982623,60.45214422817888],[170.51969436119342,60.33994253750505],[170.34409823134902,60.27960975244485],[169.48091979943723,61.192640399715565],[172.4408476128738,63.07842210456581],[171.76813674618367,65.85917681241212],[168.13549806605704,67.45778023799447],[155.89216029229675,68.16901029658281]]],[[[-169.8324327140019,66.0245624410695],[-169.98691269447065,66.00963934536638],[-170.44873520423627,66.05273779507341],[-170.6126603751347,66.03776129360857],[-170.97617050697065,65.67843969937029],[-171.6685685782597,65.88923987026872],[-171.6064805655644,65.80885656948747],[-171.40962692786908,65.70685156460466],[-171.2003068595097,65.56117590542497],[-171.73003098060346,65.61127050991716],[-172.1836290030644,65.58850439663591],[-172.72432419349408,65.76287420864763],[-173.04314133216596,65.80616339321794],[-172.98259445716596,65.74776037808122],[-172.85268112708783,65.63107641812029],[-172.8146867423222,65.63114508267107],[-172.56233688880658,65.51480444546404],[-172.47015854408002,65.37645300503435],[-172.41122910072065,65.17272528286638],[-172.4365586905644,65.020045839507],[-172.8027238516972,64.99756201382341],[-173.16508957435346,64.96792944546404],[-173.2504014640019,64.89551123257341],[-173.02515121986127,64.50645788784685],[-173.0770158438847,64.3839832174367],[-173.54488083411908,64.4190936910695],[-173.72377487708783,64.38278540249529],[-174.26068588783002,64.46094092007341],[-174.37944504310346,64.6192127096242],[-175.18715378333783,64.84854467983904],[-175.30087753822065,64.72565039272966],[-175.8273820548222,64.93402441616716],[-175.95168015052533,65.0061756002492],[-176.07092758704877,65.18765600796404],[-175.99268051673627,65.2678714620656],[-176.13722702552533,65.45704229946794],[-176.52850815345502,65.60957678433122],[-176.7827500968144,65.63828619595232],[-177.12561508704877,65.62305029507341],[-177.51186081458783,65.52012213345232],[-178.11627670814252,65.4824939596242],[-178.65353867103315,65.5398670064992],[-178.6272325186894,65.68596991177263],[-178.69694992591596,65.83212622280779],[-178.9750871329472,66.05139502163591],[-179.3785752921269,65.99599035854997],[-179.58118149329877,65.81180151577654],[-180,65.2592273580617],[-180,65.31103094692888],[-180,65.381618105132],[-180,65.96313055630388],[-180,66.96313055630388],[-180,67.96313055630388],[-180,68.91692694302263],[-178.89124008704877,68.64245184536638],[-178.1291856436894,68.37364538784685],[-177.7093858390019,68.29199560757341],[-175.9905900626347,67.84674414272966],[-175.51398178626752,67.66881140347185],[-175.4221543936894,67.60198553677263],[-175.38904282142377,67.50534399624529],[-175.18892380286908,67.31261023159685],[-175.00623032142377,66.95733221646013],[-175.10054489661908,66.76504858608904],[-174.6351670890019,66.40478857632341],[-174.19333359290815,66.28795965786638],[-174.2020158438847,66.36881598110857],[-174.0682725577519,66.43529089565935],[-174.09120651771283,66.5235858785695],[-174.37830063392377,66.699977480132],[-174.37114426185346,66.94374426479997],[-174.33661362220502,67.07699926968279],[-173.87494370033002,67.1593280660695],[-173.43222519447065,67.03428228970232],[-173.17439743568158,66.99037512417497],[-172.82922836829877,66.96141394253435],[-172.3779649405644,67.01405676479997],[-171.9579972891972,66.95566900845232],[-171.5396623282597,66.76436194058122],[-171.22723862220502,66.60267218228044],[-170.4731340079472,66.29494055386247],[-170.32910629798627,66.25848730679216],[-170.06616684486127,66.1781726705617],[-169.87270065833783,66.08316382046404],[-169.8324327140019,66.0245624410695]]]]}},{"type":"Feature","properties":{"name":"Britany","subject":"Britany","partOf":"Britany","borderPrecision":1,"color":"#b69578"},"geometry":{"type":"MultiPolygon","coordinates":[[[[-1.999109269065851,48.67695685862887],[-1.75196905427781,48.17821145459153],[-2.010361521016347,47.745650369834415],[-2.575529757440609,47.32396831560688],[-2.576483931931275,47.324866853669924],[-2.465543475540894,47.49438437075977],[-2.613652196320313,47.572249971345705],[-2.842474189194458,47.49190481753711],[-3.062696423920411,47.60393866153125],[-3.433526244553345,47.71681173892383],[-3.711868014725464,47.79814871402149],[-3.858102050217408,47.79180868716602],[-3.954837766083497,47.90433844180469],[-4.364373650940674,47.82931097598438],[-4.390935388001221,47.94184836001758],[-4.510127511414307,47.99813040347461],[-4.675397363098877,48.01689489932422],[-4.700306382569092,48.06380423159961],[-4.312866177948731,48.10133322329883],[-4.350984063538331,48.204566560701174],[-4.587968316468018,48.25149496646289],[-4.388901677521485,48.298438631013674],[-4.350201573761719,48.390506349519534],[-4.473793950470704,48.382937990144534],[-4.592021432312745,48.392318330720705],[-4.779634442719239,48.354774080232424],[-4.761963334473389,48.55200155825977],[-4.625704255493897,48.546668611482424],[-4.488299336823243,48.61226614566211],[-4.251477208527344,48.65191229434375],[-3.998872962387818,48.73053701968555],[-3.902217355164307,48.64596136660938],[-3.821306434067505,48.721149049714846],[-3.607873406800049,48.692950807527346],[-3.557670083435791,48.810077272371096],[-3.435057845505494,48.83645971866016],[-3.091225352677125,48.87155111880664],[-2.914459433945435,48.70678671450977],[-2.79053541699292,48.58958014102344],[-2.636378016861695,48.55200155825977],[-2.342885461243409,48.67414816470508],[-2.200072136315125,48.598983369783205],[-2.07596763649823,48.65615805240039],[-1.999109269065851,48.67695685862887]]]]}},{"type":"Feature","properties":{"name":"Prussians","subject":"Prussians","partOf":"Prussians","borderPrecision":1,"color":"#8aa0a8"},"geometry":{"type":"MultiPolygon","coordinates":[[[[20.004848529666873,54.436624558697154],[21.770847859562885,54.30373703698561],[23.098483310000862,54.2825080126785],[23.352872350711213,54.141040629912176],[21.46427222295587,53.81909730972785],[21.104947143414464,53.81909730972785],[20.809806197218464,53.63757257198401],[20.709395381809642,53.75806555047458],[20.42824509866496,53.778147713556336],[20.386296984331622,53.511104384406636],[20.07830405901042,53.511104384406636],[20.07830405901042,53.66510084706724],[19.5649825168084,53.459772230186445],[19.205657437266993,53.254443613305625],[18.948996666165968,53.254443613305625],[18.58967158662456,53.100447150645024],[16.053120673865052,52.71644728729599],[15.84390510121763,52.71029388810048],[14.134137326119102,52.408925709401345],[13.587660958467055,52.312602343140725],[11.671944210727034,52.3533622739437],[11.549664418318102,52.638681789564544],[11.753464072332989,52.842481443579445],[10.571426079046589,53.046281097594346],[10.204586701819792,53.69843999044201],[10.141728434069407,54.33675345059099],[10.212877306444895,54.37191732998552],[10.340239557726633,54.36231573696794],[10.44597438286091,54.29203375454607],[10.648594889147532,54.25897558804216],[11.038605722887766,54.313251100737475],[11.073005709154856,54.219630800444506],[11.041366610033762,54.15269812222185],[11.015887293322336,54.09665640469255],[10.716716799242747,53.96393164272966],[10.770921983372673,53.930865647944174],[10.858920130236399,53.87718542690935],[10.883711053577755,53.88237572131041],[10.893506027075901,53.88442642331155],[10.960404311878577,53.89843242818161],[11.151377710802805,53.938415132719896],[11.202488932116282,53.85678442593279],[11.407822641833079,53.8592906820363],[11.56501964042927,54.035384737212084],[12.041073832018625,54.09665640469255],[12.311884912951243,54.2019420492238],[12.462536566113513,54.25478611754059],[12.652518305285227,54.32142599697771],[12.764800104601633,54.27032812710466],[12.943138155443918,54.346984468657396],[13.02581122825886,54.265216432768725],[13.063765558703196,54.19368704434099],[13.349167856676829,54.06348761196794],[13.431016001208079,54.03024633999529],[13.667614969713938,54.084167085844896],[13.737782511217844,54.03028830166521],[13.76432612846638,53.87718542690935],[13.780499491198313,53.77517660732927],[13.850170168383372,53.72928961392107],[14.009740862353098,53.673209749419115],[14.176863703234446,53.68340643521013],[14.189576181872141,53.6247936117238],[14.280191454394114,53.61341818447771],[14.433155092699778,53.59421499844255],[14.537060770495188,53.538165651518725],[14.495303186877024,53.6247936117238],[14.56530097435261,53.69359930630388],[14.556940111620676,53.75988348599138],[14.482524904711497,53.8185306417531],[14.472936663134348,53.87677725430193],[14.467412027819407,53.91035040493669],[14.580244322217496,53.9290180912011],[14.885758432848704,53.97956427212419],[15.079682383044016,54.00251730557146],[15.31168940971638,54.071002565581225],[15.898360285265696,54.128402315337084],[16.114680323107493,54.19960745449724],[16.473248514635813,54.41503485317888],[16.975901636584055,54.549308382231615],[17.65761283348347,54.6854625570363],[18.279448542101633,54.724120699126146],[18.759530100329172,54.5364147054738],[18.36291602562214,54.66889151211443],[18.338496241076243,54.602645479399584],[18.453806910021555,54.52537878628435],[18.51315597008015,54.315780245024584],[18.673077616198313,54.25514181729021],[18.684934699163804,54.25402242200741],[18.964976343615305,54.227584444243334],[19.25500396202351,54.27719458218279],[19.733597788317454,54.461173616606615],[19.757716211779368,54.45917471523943],[19.317608866198313,54.27167852993669],[19.23206237266804,54.222072206694506],[19.230307611925852,54.16696890469255],[19.32809928367878,54.16145285244646],[19.45682242821003,54.21656378384294],[19.570403223141696,54.25508398136884],[19.733119043810618,54.310268007475756],[19.914581807227407,54.39466250885789],[19.97753814171101,54.423942171294115],[20.004848529666873,54.436624558697154]]]]}},{"type":"Feature","properties":{"name":"Principality of Polotsk","subject":"Principality of Polotsk","partOf":"Principality of Polotsk","borderPrecision":1,"color":"#b69578"},"geometry":{"type":"MultiPolygon","coordinates":[[[[27.325642771118368,56.51542477303413],[27.8072572697532,56.30648103280623],[28.163875560452677,56.15176567497618],[28.47037527467911,56.05444570302524],[28.96566344590288,55.89718150768076],[29.085415613268207,55.48749374032636],[29.66534515470106,54.32059395215992],[28.73101422683703,53.50460789918692],[27.087880526110627,53.60031016246891],[26.636824216107296,54.5267794459469],[26.65390709347528,54.70375693470898],[26.70126083182206,55.19433855720643],[26.89130621443949,55.217706498489385],[26.760746760914813,55.938027824345795],[26.523854885668158,56.273370529547115],[27.325642771118368,56.51542477303413]]]]}},{"type":"Feature","properties":{"name":"Alans","subject":"Alans","partOf":"Alans","borderPrecision":1,"color":"#b47c6f"},"geometry":{"type":"MultiPolygon","coordinates":[[[[30.832856211169016,46.576591097075365],[30.52046111534382,46.25140722866716],[30.432847403352767,46.17574956985243],[30.06882193992878,45.86140020962419],[29.729748758776438,45.76999243374529],[29.629511866076243,45.750358186919115],[29.500430140002024,45.523368440825365],[29.536093744738352,45.4521976339406],[29.615916285021555,45.4102054464406],[29.683211359484446,45.37478979702654],[29.710764917834055,45.25833471890154],[29.064372153194952,45.16474978597961],[28.402156507925568,45.35938606658692],[28.368347043023405,45.33088004715958],[28.018606511859232,45.3154810971337],[27.82357750278406,44.83822487797673],[28.084797429186366,44.57700495157445],[27.954187465985214,44.250480043571585],[26.452172889172047,44.250480043571585],[25.47259816516346,43.72804019076699],[24.623633404356,43.989260117169295],[24.231803514752542,43.793345172367566],[23.51344871714626,44.05456509876987],[22.925703882741104,43.793345172367566],[22.925703882741104,44.18517506197101],[22.46856901153707,44.38109000677272],[22.6644839563388,44.64230993317503],[23.056313845942228,45.03413982277846],[26.517477870772623,45.81779960198533],[27.366442631580057,46.34023945478992],[27.62766255798236,46.92798428919508],[27.428321778080274,47.38362035754267],[27.391097542618823,47.46870432431173],[29.03547021960314,48.35306385922576],[31.087231668932688,46.6355357992238],[30.832856211169016,46.576591097075365]]]]}},{"type":"Feature","properties":{"name":"Finno-Ugric taiga hunter-gatherers","subject":"Finno-Ugric taiga hunter-gatherers","partOf":"Finno-Ugric taiga hunter-gatherers","borderPrecision":1,"color":"#a88992"},"geometry":{"type":"MultiPolygon","coordinates":[[[[35.201757812500006,61.8390625],[35.16035156250001,61.858642578125],[35.17070312500002,61.905664062499994],[35.19560546875002,61.987939453124994],[35.25175781250002,62.0796875],[35.30800781250002,62.0765625],[35.33925781250002,62.0328125],[35.34707031250002,61.997802734375],[35.32578125,61.9353515625],[35.27363281250001,61.8703125],[35.201757812500006,61.8390625]]]]}},{"type":"Feature","properties":{"name":"Finno-Ugric taiga hunter-gatherers","subject":"Finno-Ugric taiga hunter-gatherers","partOf":"Finno-Ugric taiga hunter-gatherers","borderPrecision":1,"color":"#a88992"},"geometry":{"type":"MultiPolygon","coordinates":[[[[46.010211554710516,61.10335934836813],[40.05307583811982,64.52772721562617],[40.32217315147663,64.46293219204607],[40.43979171226765,64.56356390591326],[40.46206191490437,64.75027807827654],[40.365950617296946,64.85792883511247],[39.979388269884836,65.15314062710466],[39.823103937609446,65.43561133022966],[39.9513273567989,65.58116491909685],[40.036868128283274,65.60313757534685],[40.681407007677805,65.79355963345232],[41.35424712608601,65.95517309780779],[41.62328246544148,66.06516607876482],[42.1334448189571,66.3878894674367],[42.21078780601765,66.41000708218279],[42.41852477501179,66.38109930630388],[43.241431269152415,66.25089605923357],[43.87621978233601,66.01096686001482],[44.02943328331257,66.01124914761247],[44.052840265734446,66.04050024624529],[44.12211135338093,66.2671619283742],[44.383608850939524,66.61201819058122],[44.36195281456257,66.90596350308122],[44.21916488121296,67.08982428188982],[43.83810714195515,67.16285284634294],[43.703597101671946,67.26593359585466],[44.21583465050007,67.71826513882341],[44.26107314537312,67.8296390401906],[44.16874984215046,68.09702643032732],[43.8221655220821,68.3273197042531],[43.85324386070515,68.46920355435076],[44.012026819689524,68.49190863247576],[44.66781142662312,68.38859137173357],[45.57964232872273,68.44253882046404],[45.8634367317989,68.3833499776906],[46.16195205162312,68.10819586392107],[46.439368280871165,67.90793951626482],[46.6340666146114,67.7005115377492],[46.16411498497273,67.67742498989763],[45.46258071373249,67.6390643941945],[45.092505487902415,67.54207953091326],[44.87120727012898,67.31241949673357],[44.95714095543171,67.23135717983904],[45.38563445518757,67.09937628384294],[45.715350183947336,66.84962805386247],[46.07677749107624,66.76208075161638],[46.40205291221882,66.71860083218279],[46.972640070421946,66.77846106167497],[47.5711889595821,66.8163104879445],[47.706187281115305,66.89010962124529],[47.822127375109446,67.11129339810076],[47.952918085558665,67.37729223843279],[48.08066085289265,67.56245764370622],[48.63532165001179,67.65238531704607],[49.18562987755085,67.83882483120622],[49.63012221763874,67.93619116421404],[50.49589827965046,68.1534686910695],[51.13895705650593,68.26639898892107],[51.83080962608601,68.40938147183122],[52.244875940783274,68.54455908413591],[52.33738234947468,68.33572729702654],[52.4626684517696,68.29867132778826],[52.719729456408274,68.35138281460466],[52.93876937340046,68.47117956753435],[53.00575164268757,68.6805683004445],[53.17943480919148,68.75574835415544],[53.50243285606648,68.81625708218279],[53.889117273791086,68.78699835415544],[53.808394464953196,68.60726507778826],[53.78207686851765,68.33842047329607],[53.3959074349239,68.30042608853044],[53.3161840767696,68.2332034933156],[53.316844019396555,68.13638647671404],[53.62573913048054,68.04768713589372],[53.85399154136921,68.08530005093279],[54.37974837730671,68.16070898647966],[54.57595733116413,68.16109045620622],[54.64846709678913,68.07191809292497],[54.752295526964915,68.04978521938982],[54.87719634483601,68.1095462667531],[54.99598601768757,68.20653113003435],[55.1264982552364,68.40060766812029],[55.335391077502024,68.48309668179216],[55.72289184044148,68.53610571499529],[56.1951017708614,68.56686743374529],[56.54026320884968,68.55256994839372],[57.02422622154499,68.44890936489763],[57.363692316515696,68.45701941128435],[57.52586654136921,68.49463995571794],[57.95919707725788,68.7047611105031],[58.40928939293171,68.83285864468279],[58.77038100670124,68.8560062276906],[59.19904998253132,68.77440985317888],[59.34587386558796,68.69986303921404],[59.06195739219929,68.4974857198781],[59.119788202746165,68.393092714507],[59.217661890490305,68.34854467983904],[59.50186065147663,68.28942450161638],[59.762347254259836,68.297389589507],[59.892046961291086,68.4020038473195],[59.92537597130085,68.58127173062029],[60.07908919761921,68.61895331021013],[60.51208404014851,68.58985479946794],[60.75627425621296,68.67254980679216],[60.93412307213093,68.81508215542497],[60.98595717857624,69.00259741421404],[60.36923507164265,69.46769293423357],[60.551714930041086,69.54342230435076],[60.84873488853718,69.71004065151872],[61.030039820177805,69.74060400601091],[61.30434707115437,69.73352392788591],[62.2812719673946,69.7051273214406],[62.85394957969929,69.61560400601091],[63.41231826256062,69.54873999233904],[63.92324355552937,69.45921667690935],[64.87299636314656,69.22766455288591],[65.35536483238484,69.18344458218279],[66.1254988045528,68.99715765591326],[66.58425429771687,68.88553961392107],[67.17168715904499,68.64709814663591],[67.64553669906512,68.4480727275933],[67.82653335045124,68.37205084438982],[68.21540358970906,68.20135077114763],[68.38463118980671,68.17933996792497],[68.48788741539265,68.22421606655779],[69.00261214683796,68.69536932583513],[69.10895064781452,68.83031042690935],[68.69183639000202,68.81454809780779],[68.51176742027546,68.83668097134294],[68.25765517662312,68.94111975308122],[68.09354690025593,69.13594397183122],[68.10592940758015,69.42932470913591],[67.77870467613484,69.55685003872576],[66.88444045494343,69.62308081265154],[66.79896834800984,69.74374731655779],[66.8280363411739,69.81937750454607],[66.9648542733028,69.95582159634294],[67.27720168541218,70.07055243130388],[67.38328841636921,70.13940008755388],[67.42175582359577,70.22343023892107],[67.39824202965046,70.59850653286638],[67.28530410240437,70.70580633755388],[66.7748136849239,70.73557623501482],[66.67020705650593,70.86613043423357],[66.81797316978718,71.10538061733904],[66.9796476692989,71.21384008999529],[67.15545180748249,71.22964819546404],[67.8225431771114,71.4166522848195],[68.31624892662312,71.63485296841326],[68.55076125572468,71.82196386929216],[68.81211379478718,72.09546240444841],[69.05668929527546,72.64471777554216],[69.34311202476765,72.83426245327654],[69.51156142662312,72.80304297085466],[70.21435836265827,72.73346289272966],[70.94033339927937,72.78995092983904],[71.66292098472859,72.83070715542497],[71.97577956627156,72.79976233120622],[72.45530227134968,72.82427557583513],[72.7139997811153,72.76958807583513],[72.85272506187702,72.64393194790544],[72.84480575035359,72.49460943813982],[72.65456679771687,72.11825903530779],[72.4983244271114,71.96181067104997],[71.89781478355671,71.58716162319841],[71.79755691002156,71.43180426235857],[72.13623336265827,71.27759131069841],[72.55498031090046,70.9772449361867],[72.67970565269734,70.823512636382],[72.7742033333614,70.45523413296404],[72.69588759849812,70.35557898159685],[72.43689254234577,70.18696936245622],[72.55148604820515,69.65626104946794],[72.52553084800984,69.06907995815935],[72.64349654625202,68.806911073882],[72.84616378258015,68.63523443813982],[73.30861190269734,68.5165515768117],[73.39412215660359,68.44205053921404],[73.39364913414265,68.38238867397966],[73.17524245689656,68.16592749233904],[72.98776534508015,67.79414709683122],[72.83769515465046,67.64564856167497],[72.48502639244343,67.43782385464372],[71.93047622154499,67.156276308257],[71.64714339683796,67.06732519741716],[71.39950087974812,66.94906958218279],[71.54405501793171,66.71412237759294],[71.34951308677937,66.66239508267107],[70.83993056724812,66.55140265103044],[70.12074569175984,66.7188220846242],[69.79152205894734,66.7549320089406],[69.35537246177937,66.73943670864763],[69.08476546715046,66.68753393765154],[69.17261031578327,66.5482898580617],[69.43512252281452,66.42423590298357],[69.76729873131062,66.32971533413591],[70.47356704185749,66.23597296353044],[70.98342421959187,66.2003894674367],[71.2595320076778,66.22281225796404],[71.79433730552937,66.15806158657732],[72.20881179283406,66.17345770474138],[72.42107680748249,66.3346668111867],[72.55741408775593,66.49599035854997],[73.16545394371296,66.64375647183122],[73.69016555259968,66.86506994839372],[73.81080916832234,66.99035223599138],[73.9845075936153,67.26336248989763],[74.35252669761921,67.40435370083513],[74.74171737144734,67.68622168179216],[74.77064803550984,67.84936865444841],[74.66936019371296,68.10174902554216],[74.39512923668171,68.34698828335466],[74.50497725914265,68.59347876187029],[74.61210921715046,68.63851507778826],[74.91630080650593,68.70638617153826],[75.53720382164265,68.77486761685076],[76.32775405357624,68.77634008999529],[76.66087630699421,68.67222174282732],[77.03982070396687,68.4637714254445],[77.10788253258015,68.11375006313982],[76.95493606041218,67.65331610317888],[77.09069350670124,67.52774389858904],[77.50477889488484,67.432399355132],[78.08904555748249,67.41131170864763],[78.47786239097859,67.478541933257],[78.53574660728718,67.61183508511247],[78.3045759529903,67.69286688442888],[77.94601729820515,67.77371557827654],[77.68886092613484,67.75840338345232],[77.48322585533406,67.802516542632],[77.51418593834187,67.97325476284685],[77.97751906822468,68.14512213345232],[78.00718215416218,68.25683935757341],[77.90906051109577,68.32369574185076],[77.83420089195515,68.4727054464406],[77.63582900474812,68.81619604702654],[77.40597823570515,68.9356189596242],[77.02994826744343,68.97991522427263],[76.53798964927937,69.0840564596242],[76.17751601646687,69.13594397183122],[75.59802535484577,69.21000250454607],[75.18864730308796,69.12659796353044],[74.90170577476765,69.0810047018117],[74.31795791099812,69.16254004116716],[73.91452315758015,69.15427740688982],[73.90792373131062,69.27452429409685],[73.65407851646687,69.75646551724138],[73.79099563072468,70.05221136685076],[74.1222257942989,70.36587866421404],[74.24957564781452,70.5729480611867],[74.18918899009968,70.67260321255388],[73.69797042320515,71.14139898892107],[73.2706632942989,71.372584902007],[73.21685317466999,71.45773657437029],[73.59136489341999,71.7068591939992],[74.13715651939656,71.75452765103044],[74.58655074547077,71.87217291470232],[74.9211531014278,72.02874334927263],[74.99873641441609,72.13043554897966],[75.0745954842403,72.42029150601091],[75.01610854576374,72.71876867886247],[75.11987594078327,72.68748053188982],[75.40757277916218,72.66441687222185],[75.6173429817989,72.62549170132341],[75.66617873619343,72.41353949185076],[75.58253768394734,72.17061956997576],[75.29658034752156,71.89686926479997],[75.22127059410359,71.64770849819841],[75.28428939293171,71.44608648892107],[75.45202926109577,71.32248266812029],[75.67058852623249,71.1991229879445],[76.29318526695515,71.13853033657732],[77.00164321373249,71.06264074917497],[77.73619368980671,71.02547796841326],[78.10473159263874,70.84130438442888],[78.24920943687702,70.83387335415544],[78.60852340172077,70.8499256002492],[78.37160018394734,71.25054510708513],[78.13690474937702,71.3739276754445],[77.28489974449421,71.41880377407732],[76.86612990806843,71.4490238058156],[76.60715011070515,71.518336855132],[76.33285811851765,71.71974524136247],[76.4566984505489,71.86785467739763],[77.07490066002156,71.8923831808156],[77.27492812584187,71.81488379116716],[77.78991988609577,71.77691229458513],[78.12636855552937,71.84759863491716],[78.08573440025593,72.17527350063982],[78.26955703209187,72.2147479879445],[78.64725783775593,72.2623782980031],[79.22255996177937,72.2712894308156],[79.7031584114864,72.17827948208513],[80.33872512291218,72.0076404439992],[80.82826522300984,71.76702459927263],[81.42526534508015,71.61268194790544],[81.67136672447468,71.57430609341326],[82.49135116050984,71.56809576626482],[82.81835463951374,71.64632757778826],[82.88012221763874,71.49126776333513],[82.52887252281452,71.32020147915544],[82.21532729576374,71.20361670132341],[82.10357192466999,70.85644110317888],[82.04561141441609,70.41893347378435],[82.19571975181843,70.3579822408742],[82.50152877281452,70.7111316549367],[82.67546370933796,70.84212835903826],[82.80373671959187,70.81927832241716],[83.07590774009968,70.58175238247576],[83.03633407066609,70.24492987271013],[83.37072280357624,70.33726080532732],[83.67697432945515,70.46026190396013],[83.6571150154903,70.598170839507],[83.5709333748653,70.65170630093279],[83.50470260093952,70.81292303677263],[83.16804793785359,71.18223150845232],[83.25261977623249,71.28285559292497],[83.56109145591999,71.62442358608904],[83.2024259896114,71.82590826626482],[82.8546476692989,71.94214972134294],[82.43625930259968,72.0505863058156],[82.32062056968952,72.22227820034685],[82.02602675865437,72.24522741909685],[81.58525374840046,72.35400732632341],[80.98231795738484,72.44697912808122],[80.84419539879109,72.58019598599138],[80.87170699547077,72.8399921285695],[80.8288679451778,73.01351507778826],[80.46401503990437,73.31357916470232],[80.50051406334187,73.42474707241716],[80.62013534019734,73.49647101040544],[80.83822921226765,73.55255468960466],[81.87746718834187,73.6022220480031],[83.02044204185749,73.61229284878435],[83.97656539390827,73.66978796597185],[84.61605361412312,73.74268683071794],[84.82945540855671,73.59973486538591],[85.0014982552364,73.57619055386247],[85.38118270347859,73.69632300015154],[85.85619643638874,73.82476385708513],[86.49205306480671,73.8738284933156],[86.75694564293171,73.7865711080617],[86.32635024498249,73.63435705776872],[86.12352279136921,73.4511218893117],[86.90497115562702,73.55588873501482],[87.1396818489864,73.6040531026906],[87.56962874840046,73.77212866421404],[87.69079116295124,73.90001257534685],[87.54062179039265,74.09967383022966],[87.39396956871296,74.1794925558156],[86.97762587974812,74.29900702114763],[86.81353286216999,74.43529089565935],[86.81261733482624,74.53988226528826],[86.95832351158406,74.78206213589372],[87.48745253990437,74.96091803188982],[87.92226699302937,75.0598865377492],[89.28468612144734,75.46612127896013],[89.68456557701374,75.5082050191945],[89.79632857750202,75.52443274136247],[90.03131392906452,75.55852850552263],[90.88617232750202,75.60154303188982],[91.6346769661739,75.65272863979997],[92.6705427498653,75.76261480923357],[93.59205916832234,75.88084753628435],[94.30955031822468,76.07406958218279],[94.69433883140827,76.18358191128435],[95.4876814217403,76.16833075161638],[95.96726516197468,76.1692386495656],[96.13936904381062,76.08590277310076],[95.9818220467403,75.90201147671404],[96.65822890709187,75.85330542202654],[97.11641219566609,75.87083014126482],[97.6837263436153,75.95521887417497],[98.28865340660359,76.05653723354997],[98.71624282310749,76.07403906460466],[99.15855697105671,75.99971350308122],[99.46723464439656,75.96692236538591],[99.7794294686153,76.05931433315935],[99.8334074349239,76.2100330221242],[99.77360824058796,76.2853504049367],[99.98323348472859,76.43696936245622],[100.40739730308796,76.47143896694841],[100.83031753013874,76.45540960903826],[101.38946059654499,76.62499579067888],[101.11151412437702,76.8528552877492],[101.16646102379109,77.0057636129445],[101.6904630989864,77.2025867330617],[102.38966659019734,77.37482031460466],[103.39330581138874,77.5577884542531],[103.94659713218952,77.59216650601091],[104.39374068687702,77.56721838589372],[105.0625105233028,77.5685077535695],[105.44954207847859,77.44913824673357],[105.46972945640827,77.32931860562029],[104.78229049156452,77.14876898403826],[104.4851408333614,76.99502905483904],[104.70460799644734,76.92750128384294],[105.52814773033406,76.98001440640154],[106.24293807457234,76.91346319790544],[107.16025832603718,76.94913061733904],[107.24013045738484,76.89837225552263],[107.07137587974812,76.77097662563982],[106.53744033287312,76.56722601528826],[106.40403274009968,76.4322772848195],[107.29075149009968,76.43394812222185],[107.66595748375202,76.44307287808122],[107.77148726890827,76.40122564907732],[108.24447158287312,76.64641913052263],[108.85952285240437,76.64754828091326],[109.6564054817989,76.69128759976091],[109.94024947593952,76.63273199673357],[110.54772475670124,76.64229925747576],[111.42728713463093,76.56807287808122],[112.0571623177364,76.45135840054216],[112.58854964683796,76.25924261685076],[112.82231429527546,76.0588870870656],[113.14887526939656,76.05948980923357],[113.53300765465046,76.0936542379445],[113.7230329842403,75.86883886929216],[113.11340621422077,75.49444922085466],[113.22163680504109,75.43680914517107],[113.62504867027546,75.27267035122576],[112.57712844322468,74.88621100063982],[112.11134627769734,74.78037603970232],[111.58661941002156,74.73096045132341],[110.05470565269734,74.253688417632],[108.69690230797077,73.8194080221242],[108.33986190269734,73.69124182339372],[107.26554397056843,73.52222784634294],[106.20830825279499,73.25850256558122],[105.2788191170528,72.7515369283742],[105.40307092131953,72.748726095192],[98.45947004862771,69.79094730127832],[75.85638492783956,61.42677903286463],[62.80579411405116,56.95520024672745],[59.09429166962169,56.4318399506882],[59.000098796275445,56.45314882105196],[55.70905991815804,57.19766715162802],[53.92448387264525,57.601384527021416],[53.97646398874319,57.7086220534561],[48.60792522187434,57.7086220534561],[46.105746848468755,57.7086220534561],[45.78974146869953,58.098205194557494],[45.052653116034755,58.415072641797295],[46.010211554710516,61.10335934836813]]]]}},{"type":"Feature","properties":{"name":"Oghuz","subject":"Oghuz","partOf":"Oghuz","borderPrecision":1,"color":"#b3a46e"},"geometry":{"type":"MultiPolygon","coordinates":[[[[59.62841796875,45.838427734374996],[59.62470703125001,45.794970703124996],[59.59804687500002,45.773242187499996],[59.5484375,45.773242187499996],[59.499121093750006,45.75244140625],[59.45,45.710839843749994],[59.42363281250002,45.704638671874996],[59.419921875,45.733789062499994],[59.40351562500001,45.749902343749994],[59.37431640625002,45.75302734375],[59.35693359375,45.73505859375],[59.35136718750002,45.695947265624994],[59.31855468750001,45.694238281249994],[59.2587890625,45.729833984375],[59.23291015625,45.774804687499994],[59.24101562500002,45.829150390624996],[59.271484375,45.88232421875],[59.32392578125001,45.934375],[59.334570312500006,45.974267578124994],[59.30322265625,46.00205078125],[59.25898437500001,46.00146484375],[59.201757812500006,45.972460937499996],[59.140722656250006,45.9572265625],[59.07587890625001,45.955712890624994],[58.98164062500001,45.974609375],[58.95742187500002,45.968212890625],[58.9501953125,45.942333984375],[58.92626953125,45.932275390624994],[58.88544921875001,45.93818359375],[58.83388671875002,45.92578125],[58.771582031250006,45.89501953125],[58.720703125,45.84765625],[58.68125,45.783642578125],[58.6552734375,45.715722656249994],[58.6279296875,45.600244140624994],[58.611328125,45.584716796875],[58.58867187500002,45.537060546875],[58.56005859375,45.4572265625],[58.51357421875002,45.385693359375],[58.44921875,45.322412109374994],[58.40410156250002,45.25302734375],[58.37832031250002,45.177539062499996],[58.27216796875001,44.981689453125],[58.23808593750002,44.903125],[58.23212890625001,44.851318359375],[58.2509765625,44.786425781249996],[58.29462890625001,44.708349609375],[58.29667968750002,44.638427734375],[58.25712890625002,44.5765625],[58.24287109375001,44.52421875],[58.25371093750002,44.481298828125],[58.27802734375001,44.44921875],[58.31572265625002,44.426318359374996],[58.36855468750002,44.429248046874996],[58.46533203125,44.46103515625],[58.513769531250006,44.490869140624994],[58.57763671875,44.546728515625],[58.6943359375,44.677392578124994],[58.68935546875002,44.692919921874996],[58.62539062500002,44.703466796875],[58.612402343750006,44.721142578125],[58.62734375000002,44.7546875],[58.6484375,44.77265625],[58.67578125,44.775146484375],[58.69560546875002,44.765869140625],[58.7080078125,44.7447265625],[58.731542968750006,44.738525390625],[58.76640625000002,44.747265625],[58.77382812500002,44.763964843749996],[58.75390625,44.78876953125],[58.7421875,44.835986328124996],[58.73847656250001,44.90546875],[58.74843750000002,44.94208984375],[58.77197265625,44.945849609374996],[58.79238281250002,44.971240234374996],[58.81289062500002,45.04453125],[58.8017578125,45.04951171875],[58.662109375,44.986181640625],[58.64716796875001,44.99365234375],[58.65029296875002,45.02216796875],[58.67138671875,45.071826171874996],[58.71357421875001,45.11962890625],[58.776953125,45.165576171874996],[58.79052734375,45.200341796874994],[58.75458984375001,45.223925781249996],[58.728515625,45.275439453124996],[58.71230468750002,45.354833984375],[58.72285156250001,45.42626953125],[58.76015625000002,45.489550781249996],[58.822851562500006,45.549169921875],[58.91093750000002,45.605029296874996],[58.960546875,45.668310546875],[58.971875,45.739111328125],[58.99042968750001,45.776953125],[59.01650390625002,45.78193359375],[59.02890625,45.763232421874996],[59.02763671875002,45.72109375],[59.035742187500006,45.6974609375],[59.053125,45.692529296874994],[59.074804687500006,45.72109375],[59.10097656250002,45.783154296875],[59.129492187500006,45.804833984374994],[59.16044921875002,45.78623046875],[59.220703125,45.704296875],[59.25664062500002,45.6720703125],[59.298925781250006,45.655908203124994],[59.32314453125002,45.627978515624996],[59.32929687500001,45.588232421875],[59.34794921875002,45.568994140624994],[59.37890625,45.570263671875],[59.392578125,45.537988281249994],[59.38886718750001,45.47216796875],[59.40498046875001,45.393994140625],[59.441015625,45.303369140624994],[59.4546875,45.227001953125],[59.44599609375001,45.164941406249994],[59.381445312500006,45.04140625],[59.26103515625002,44.8564453125],[59.2021484375,44.745361328125],[59.20458984375,44.70810546875],[59.24052734375002,44.6546875],[59.31015625,44.585205078125],[59.64863281250001,44.34033203125],[59.648046875,44.319873046874996],[59.566992187500006,44.24257812499999],[59.53974609375001,44.197900390624994],[59.529882812500006,44.16875],[59.541015625,44.148242187499996],[59.717871093750006,44.163134765624996],[59.81093750000002,44.182373046875],[59.92080078125002,44.234521484374994],[59.93574218750001,44.253173828125],[59.928320312500006,44.26865234375],[59.8984375,44.281054687499996],[59.8857421875,44.296923828124996],[59.89013671875,44.316162109375],[59.919921875,44.32919921875],[59.975195312500006,44.335986328124996],[60.01328125,44.362060546875],[60.034375,44.407373046874994],[60.02851562500001,44.484375],[59.995703125,44.59296875],[59.998144531250006,44.670263671875],[60.03593750000002,44.716210937499994],[60.05517578125,44.841259765625],[60.06328125000002,45.201904296875],[60.07763671875,45.310498046875],[60.07720005262979,45.31561361394992],[60.960307855898435,44.07523092890854],[62.32938153584051,39.76054130036801],[55.4868881873595,39.34492589724512],[54.92948627635941,39.15912526024509],[54.86755273069271,36.80565052491136],[54.06743911216999,36.94152411099138],[54.008704218371165,37.34868963833513],[54.015112909777415,37.348327242094896],[53.98521712730671,37.517726503569506],[53.927752527697336,37.824218355376146],[53.87986281822468,38.025355898100756],[53.937327417834055,38.15944632168474],[53.937327417834055,38.331847749907396],[53.937327417834055,38.57129629727068],[53.98521712730671,38.657497011382006],[54.03310683677937,38.79158743496599],[54.07141784141804,38.89694555874529],[54.03310683677937,38.992721162993334],[53.91817382286335,39.050189577299975],[53.77450469444538,39.1363902914113],[53.67872527550007,39.251327120024584],[53.65957168052937,39.31837042446794],[53.58294585655476,39.31837042446794],[53.49674514244343,39.33752783413591],[53.33392241905476,39.38541754360857],[53.24772170494343,39.29921682949724],[53.20941070030476,39.40457113857927],[53.24772170494343,39.45246084805193],[53.31476500938679,39.56739767666521],[53.37223342369343,39.51950796719255],[53.544634851916086,39.538661562163256],[53.73619368980671,39.500350557524584],[53.79366210411335,39.4907718526906],[53.812815699084055,39.54824026699724],[53.669146570666086,39.64401968594255],[53.55421355675007,39.65359839077654],[53.5159025521114,39.77811010952654],[53.59252456138874,39.89304693813982],[53.688303980334055,39.979247652251146],[53.506323847277415,39.99840124722185],[53.362654718859446,39.96009024258318],[53.19025329063679,39.96009024258318],[53.04658416221882,39.99840124722185],[52.98911574791218,39.93135794277849],[52.912493738634836,40.046290956694506],[52.84545043419148,40.18038138027849],[52.84545043419148,40.33362921353044],[52.82629302452351,40.46771963711443],[52.90291503380085,40.56349905605974],[52.95080474327351,40.70716436978044],[52.96996215294148,40.822101198393725],[53.01785186241413,40.946612917143725],[53.056162867052805,41.05197104092302],[53.15194228599812,40.89872320767107],[53.180674585802805,40.84125479336443],[53.257300409777415,40.764632784087084],[53.43927672813679,40.802943788725756],[53.61168197105671,40.74547918911638],[53.65957168052937,40.81252249355974],[53.64999297569538,40.879569612700365],[53.69788268516804,40.879569612700365],[53.7649259896114,40.86999090786638],[53.79366210411335,40.72632177944841],[53.84155181358601,40.640121065337084],[53.97564223716999,40.64969977017107],[54.10973266075398,40.678432069975756],[54.22466567466999,40.72632177944841],[54.33002379844929,40.68801077480974],[54.41622451256062,40.65927847500505],[54.45453551719929,40.71674307461443],[54.387488398058665,40.802943788725756],[54.36833480308796,40.89872320767107],[54.45453551719929,40.91788061733904],[54.502425226671946,40.85083349819841],[54.60778335045124,40.81252249355974],[54.72271636436726,40.85083349819841],[54.81849578331257,40.879569612700365],[54.828074488146555,40.984923921782396],[54.751448664171946,41.13817175503435],[54.59820464561726,41.243529878813646],[54.35875609825398,41.38719519253435],[54.16719726036335,41.48297461147966],[54.138464960558665,41.62664373989763],[54.119307550890696,41.779891573149584],[54.02352813194538,41.85651358242693],[54.02352813194538,41.95229300137224],[54.02352813194538,42.04807242031755],[53.98521712730671,42.10553701992693],[53.73619368980671,42.13427313442888],[53.45843413780476,42.09596212979021],[53.26687529991413,42.086383424956225],[53.06574157188679,42.028915010649584],[52.97954085777546,41.904403291899584],[52.94122985313679,41.7703128683156],[52.998694452746165,41.68411215420427],[52.96996215294148,41.55960043545427],[52.931651148302805,41.37762030239763],[52.96038344810749,41.272262178618334],[52.96996215294148,41.13817175503435],[52.855025324328196,41.38719519253435],[52.692202600939524,41.53086432095232],[52.71136001060749,41.60749014492693],[52.68262389610554,41.693690859038256],[52.55927184532429,41.757838808257006],[52.600745233996165,41.93767889614763],[52.573767694933665,42.0186038839406],[52.51981643150593,42.072555147368334],[52.58275893638874,42.18944891567888],[52.672678980334055,42.27936895962419],[52.73562148521687,42.42324026699724],[52.75360778282429,42.55811651821794],[52.83453277061726,42.648036562163256],[52.76259902427937,42.755939089018725],[52.58275893638874,42.827872835356615],[52.37594893883015,42.800895296294115],[52.295020136339915,42.87283285732927],[52.16014388511921,42.84585531826677],[52.0702238411739,42.827872835356615],[51.980303797228586,42.90880163784685],[51.88139632652546,43.05266913052263],[51.737525019152415,43.178554140288256],[51.58466247032429,43.178554140288256],[51.422808680041086,43.16956289883318],[51.422808680041086,43.25948294277849],[51.458777460558665,43.385367952544115],[51.36885741661335,43.556212984282396],[51.26095488975788,43.61016424771013],[51.17103484581257,43.7180667745656],[50.99119857261921,44.077743135649584],[50.95522979210163,44.20362814541521],[50.70345977257038,44.25757940884294],[50.388743433459055,44.29354818936052],[50.32580092857624,44.36548193569841],[50.33479217003132,44.56330450649919],[50.40672591636921,44.61725576992693],[50.54160598228718,44.64423330898943],[50.72144225548054,44.635238252837084],[50.874304804308665,44.626247011382006],[51.0901098580196,44.56330450649919],[51.332888636095774,44.482379518706225],[51.41381743858601,44.51834448452654],[51.57567122886921,44.554313265044115],[51.4857511849239,44.626247011382006],[51.36885741661335,44.68019827480974],[51.18902114341999,44.77011831875505],[51.09910109947468,44.87802084561052],[51.21599486778523,45.039874635893725],[51.34188369224812,45.05785711880388],[51.37784865806843,45.17475088711443],[51.458777460558665,45.309630953032396],[51.5127287239864,45.37257345791521],[51.629622492296946,45.35459097500505],[51.77349379966999,45.390555940825365],[51.84542754600788,45.43551596279802],[51.99829009483601,45.38156469937029],[52.10619262169148,45.38156469937029],[52.60973647545124,45.39955099697771],[53.059329065783274,45.33660467739763],[53.284129175646555,45.32761343594255],[53.2121916146114,45.36358221646013],[53.059329065783274,45.45349844570818],[52.843524012072336,45.50745352383318],[52.83453277061726,45.64232977505388],[52.92445281456257,45.73224981899919],[53.050337824328196,45.831161104399584],[53.149249109728586,45.95704611416521],[53.20320037315632,46.1908336507863],[53.257151636584055,46.31672247524919],[53.185217890246165,46.424621187407396],[53.12227538536335,46.49655874844255],[53.16723159263874,46.5864749776906],[53.284129175646555,46.67639502163591],[53.25597090297105,46.70455329431142],[57.419213844249974,49.04892913641529],[59.65399466921725,45.9100332622174],[59.62841796875,45.838427734374996]],[[57.844824218750006,41.837841796875],[57.700292968750006,41.912646484374996],[57.68242187500002,42.010400390624994],[57.63173828125002,42.06552734375],[57.61308593750002,42.105029296874996],[57.62724609375002,42.149609375],[57.5498046875,42.260693359375],[57.39228515625001,42.334912109375],[57.27265625000001,42.3033203125],[57.182714843750006,42.185351562499996],[57.09375,41.968408203124994],[57.05341796875001,41.773388671875],[57.06181640625002,41.724853515625],[57.11591796875001,41.731347656249994],[57.174414062500006,41.7345703125],[57.247167968750006,41.6525390625],[57.34560546875002,41.5732421875],[57.42958984375002,41.578564453125],[57.52675781250002,41.594482421875],[57.68486328125002,41.636181640625],[57.81777343750002,41.699853515624994],[57.86503906250002,41.77314453125],[57.844824218750006,41.837841796875]]],[[[59.88633059941199,45.58370224820089],[59.76894531250002,45.579394531249996],[59.74492187500002,45.591015625],[59.73388671875,45.61884765625],[59.73574218750002,45.662890625],[59.74726562500001,45.696142578125],[59.768652343750006,45.718554687499996],[59.77499829788771,45.74007574935828],[59.81119011936403,45.689241968325916],[59.88633059941199,45.58370224820089]]]]}},{"type":"Feature","properties":{"name":"Kievan Rus","subject":"Kievan Rus","partOf":"Kievan Rus","borderPrecision":1,"color":"#8b7fa6"},"geometry":{"type":"MultiPolygon","coordinates":[[[[28.287231837502453,61.266001355232326],[29.66633787509978,62.12849714163389],[29.93042200995883,62.980455059804584],[28.60021054024453,63.611657126836846],[28.835566912910853,64.10765056948303],[29.76903726087828,66.07485955665122],[32.717566050323875,66.67551720937114],[32.75353911827351,66.64904364224138],[32.970862421496165,66.58338507290544],[33.469668421252024,66.31309851284685],[33.844214472277415,66.18213995571794],[34.258494410021555,66.10982855435076],[34.54369643638874,66.00083502407732],[34.726172480089915,65.79697760220232],[34.725588831408274,65.61499365444841],[34.60118773887898,65.48392828579607],[34.293414148791086,65.39624365444841],[34.332015070421946,65.3455081808156],[34.425662073595774,65.10652502651872],[34.53097550002566,64.9778259725514],[34.772864374621165,64.68222387905779],[34.814768824084055,64.45981939907732],[34.88461211632038,64.3667713033742],[35.081763300402415,64.28833349819841],[35.62327102134968,64.2535663473195],[36.01547149132038,64.19702490444841],[36.23997024009968,63.91862066860857],[36.42062285850788,63.87610205288591],[36.98754027794148,63.841483675200365],[37.24650863121296,63.784877382475756],[37.410540613634836,63.749496065337084],[37.59146026085163,63.806937776762865],[37.94491866539265,63.850394808012865],[38.054080042345774,63.98631628628435],[38.05385878990437,64.12927588101091],[37.87985518883015,64.30789526577654],[37.668128046496165,64.3433109151906],[37.46328643272663,64.29996069546404],[37.26195052574421,64.3138919698781],[36.996741327746165,64.40655859585466],[36.56850722740437,64.7645755636281],[36.88390639732624,65.0676990377492],[37.10194304893757,65.06812628384294],[37.60409453819538,64.85277136440935],[38.25292113731648,64.70306738491716],[39.19344237755085,64.5110355245656],[39.62159636925007,64.47596319790544],[39.99705031822468,64.54121740933122],[40.05307583811982,64.52772721562617],[46.010211554710516,61.10335934836813],[45.052653116034755,58.415072641797295],[45.78974146869953,58.098205194557494],[42.594380464786745,55.69651281237327],[38.50423259591464,54.54595496040333],[37.89882378403445,54.033685965735486],[37.83981978623952,53.98375950606285],[37.75829992463356,53.16856089000328],[37.06538110098292,53.16856089000328],[36.657781792953145,51.9457629659139],[36.209422554120366,51.78272324270199],[33.37818710395215,49.04840667057293],[35.19743336631457,48.468101725695625],[35.22677604796558,47.565258218006335],[34.17043950852934,47.505827614103545],[33.78898464706626,47.047954147002834],[32.967389560838065,47.02795670699847],[33.114102969093096,46.565946322464356],[32.51644423912312,46.12558325405779],[32.202166590197336,46.17036017056169],[32.11410430382038,46.215621553618334],[31.925940546496165,46.409930788237475],[32.188792261584055,46.59223898525896],[31.951270136339915,46.86462744351091],[31.78104690025593,46.701861940581225],[31.53773406456257,46.701381288725756],[31.087231668932688,46.6355357992238],[29.03547021960314,48.35306385922576],[27.391097542618823,47.46870432431173],[26.600027642569582,47.66601217497771],[25.631719148086358,48.23593345500845],[24.311298473791055,48.43100154407104],[23.72444484077092,48.508819872829164],[21.553086398596424,49.08865697922147],[24.144483036438615,51.293604073066234],[24.348282690453473,51.90500303511092],[24.169444165923593,54.280238884479104],[26.65390709347528,54.70375693470898],[26.636824216107296,54.5267794459469],[27.087880526110627,53.60031016246891],[28.73101422683703,53.50460789918692],[29.66534515470106,54.32059395215992],[29.085415613268207,55.48749374032636],[28.96566344590288,55.89718150768076],[28.47037527467911,56.05444570302524],[28.163875560452677,56.15176567497618],[27.8072572697532,56.30648103280623],[27.59301175868676,58.05555601681579],[27.623828125000017,58.0142578125],[27.678320312500006,58.018505859375],[27.802734375,57.990234375],[27.881640625000017,57.93701171875],[27.875390625000023,57.92041015625],[27.910937500000017,57.895751953125],[27.992089843750023,57.868115234375],[28.10175781250001,57.8599609375],[28.169238281250017,57.914501953125],[28.149218750000017,57.974658203124996],[28.096972656250017,58.04443359375],[27.973046875000023,58.1326171875],[27.865136718750023,58.173486328124994],[27.71435546875,58.1642578125],[27.591796875,58.174609375],[27.57483695933831,58.20393292665877],[27.57099326791358,58.23531236832729],[27.591346090731697,58.31285333087519],[27.747851562500017,58.429931640625],[27.798144531250017,58.446826171875],[27.82050781250001,58.484912109375],[27.81367187500001,58.571337890625],[27.748516584160786,58.91164748604131],[27.860338698582,59.33767165300081],[27.893597635729563,59.34611090298357],[28.015851053698313,59.454154573637865],[28.013093027575266,59.45822104092302],[27.973393473131907,59.51671179409685],[27.910977385937933,59.53059686022297],[27.941687616808654,59.64759787197768],[27.941687616808665,59.64759787197771],[28.094189676745188,59.66467627163591],[28.163104090197336,59.590682588774584],[28.26633742759968,59.56222876187029],[28.350983652575266,59.60206183071794],[28.309100183947336,59.66440161343279],[28.4443636269405,59.73374136563005],[28.662732157213938,59.644340120512865],[28.79593375633503,59.67222174282732],[28.936268839342844,59.824550234038256],[29.076066050036204,59.907794557768725],[29.41362861107136,59.860030733305834],[29.765452417834055,59.7362438070363],[29.963156733019602,59.736617647368334],[30.126639399035227,59.80604513760271],[29.95287421654011,59.98558386440935],[29.68729690025593,60.131000124174975],[29.51074317405964,60.14456518765154],[28.96897986839558,60.10878714199724],[28.691634211046946,60.14997824307146],[28.630860019594337,60.174063360404354],[28.56939795921589,60.19842108364763],[28.435231241686594,60.33733709927263],[28.551247629626047,60.5326419698781],[28.521508249743235,60.62326391812029],[28.431775125963938,60.60346945400896],[28.17378022486176,60.5465480368013],[28.287231837502453,61.266001355232326]],[[30.803320312500006,60.446630859375],[30.81689453125,60.458837890625],[30.832128906250006,60.45751953125],[30.84912109375,60.442626953125],[30.956835937500017,60.263623046875],[31.018945312500023,60.192919921875],[31.108984375,60.146435546875],[31.11494140625001,60.13486328125],[31.095117187500023,60.083740234375],[31.10595703125,60.056298828124994],[31.142871093750017,60.031689453125],[31.145312500000017,60.005517578124994],[31.06318359375001,59.962890625],[31.042773437500017,59.9509765625],[31.06396484375,59.943212890625],[31.10625,59.927685546875],[31.176367187500006,59.92578125],[31.2744140625,59.937646484374994],[31.34931640625001,59.932763671874994],[31.4013671875,59.911328125],[31.45478515625001,59.907177734375],[31.509765625,59.920361328125],[31.547167968750017,59.94013671875],[31.567187500000017,59.966552734375],[31.565039062500006,59.998046875],[31.540917968750023,60.034521484375],[31.548242187500023,60.071875],[31.6064453125,60.133642578125],[31.605859375000023,60.14228515625],[31.596875,60.143798828125],[31.590625,60.15556640625],[31.598925781250017,60.16962890625],[31.69941406250001,60.23564453125],[31.84326171875,60.2478515625],[32.05712890625,60.226513671875],[32.19609375000002,60.195361328125],[32.26015625000002,60.154345703125],[32.36152343750001,60.148095703124994],[32.50039062500002,60.176513671875],[32.58388671875002,60.208935546875],[32.6123046875,60.245361328125],[32.614355468750006,60.285791015624994],[32.59023437500002,60.330224609374994],[32.59492187500001,60.35458984375],[32.655859375,60.3716796875],[32.67666015625002,60.392431640625],[32.66396484375002,60.427099609375],[32.61787109375001,60.4755859375],[32.59648437500002,60.511083984375],[32.59990234375002,60.53349609375],[32.641699218750006,60.536865234375],[32.72207031250002,60.521142578124994],[32.781835937500006,60.488232421875],[32.81572265625002,60.481884765625],[32.84140625,60.497021484375],[32.90693359375001,60.5859375],[32.9443359375,60.642578125],[32.9365234375,60.6703125],[32.90302734375001,60.693505859374994],[32.84355468750002,60.71220703125],[32.81191406250002,60.756494140624994],[32.80781250000001,60.8263671875],[32.776301469120234,60.870729491342274],[32.76542968750002,60.88603515625],[32.640722656250006,60.96914062499999],[32.633398437500006,60.98671875],[32.59257812500002,60.997607421875],[32.58056640625,61.0138671875],[32.58125,61.044873046875],[32.56337890625002,61.079443359375],[32.52685546875,61.117529296875],[32.35957031250001,61.180517578125],[31.89863281250001,61.323974609375],[31.870703125,61.34736328125],[31.762304687500006,61.383691406249994],[31.697851562500006,61.415478515625],[31.63691406250001,61.462744140625],[31.620410156250017,61.461083984374994],[31.616503906250017,61.44248046875],[31.619726562500006,61.426953125],[31.603613281250006,61.42255859375],[31.57578125,61.43720703125],[31.533203125,61.49736328125],[31.486132812500017,61.550830078125],[31.36484375,61.62744140625],[31.334082031250006,61.62744140625],[31.32783203125001,61.616650390625],[31.30810546875,61.605029296875],[31.285937500000017,61.615234375],[31.261796061413023,61.63717736643044],[31.25751953125001,61.641064453125],[31.238183593750023,61.643017578125],[31.172265625000023,61.629785156249994],[31.16064453125,61.618701171875],[31.098437500000017,61.620361328125],[31.071093750000017,61.6451171875],[31.056738281250006,61.689208984375],[31.02587890625,61.71435546875],[30.905664062500023,61.742236328125],[30.895898437500023,61.754443359375],[30.88818359375,61.764794921874994],[30.851953125000023,61.775048828124994],[30.75751953125001,61.733447265625],[30.594335937500006,61.605810546875],[30.593359375,61.579492187499994],[30.61669921875,61.560302734375],[30.605859375000023,61.54130859375],[30.55078125,61.53544921875],[30.5126953125,61.5251953125],[30.486328125,61.51494140625],[30.48066406250001,61.4900390625],[30.466210937500023,61.487158203125],[30.28515625,61.5166015625],[30.23876953125,61.51484375],[30.23486328125,61.492626953125],[30.248828530040026,61.47592582226207],[30.2515625,61.47265625],[30.252050781250006,61.458642578124994],[30.2373046875,61.446337890625],[30.216894531250006,61.43134765625],[30.2099609375,61.41796875],[30.20087890625001,61.38896484375],[30.179296875,61.37265625],[30.1826171875,61.361083984375],[30.19599609375001,61.347802734374994],[30.19296875,61.32724609375],[30.173925781250006,61.3140625],[30.129980468750006,61.31259765625],[30.09003906250001,61.299267578125],[30.089453125,61.270556640625],[30.094140625000023,61.258544921875],[30.07929687500001,61.242626953125],[30.029101562500017,61.2544921875],[29.94941406250001,61.289404296875],[29.89130859375001,61.294970703125],[29.855078125,61.271240234375],[29.864550781250017,61.2509765625],[29.860156250000017,61.239306640625],[29.836718750000017,61.22607421875],[29.825,61.215576171875],[29.857226562500017,61.18798828125],[30.124902343750023,61.087353515625],[30.29267578125001,61.005126953125],[30.40869140625,60.92802734375],[30.435839843750017,60.902685546875],[30.441210937500017,60.8736328125],[30.455859375000017,60.860009765624994],[30.502050781250006,60.843212890625],[30.527929687500006,60.81171875],[30.533203125,60.765527343749994],[30.525390625,60.7388671875],[30.504492187500006,60.731640625],[30.504003906250006,60.703564453125],[30.52392578125,60.65458984375],[30.53388671875001,60.630078125],[30.66328125000001,60.592822265625],[30.68008869696287,60.58418774521436],[30.723730468750006,60.561767578125],[30.758593750000017,60.52451171875],[30.774218750000017,60.492089843749994],[30.775976562500006,60.448095703125],[30.803320312500006,60.446630859375]],[[35.53691406250002,61.292236328125],[35.577734375,61.24638671875],[35.611425781250006,61.197412109374994],[35.62939453125,61.149951171875],[35.63222656250002,61.1078125],[35.61464843750002,61.076123046875],[35.58339843750002,61.034228515625],[35.52734375,61.022802734375],[35.440625,61.062646484374994],[35.3453125,61.07255859375],[35.25927734375,61.066552734374994],[35.19208984375001,61.0689453125],[35.14199218750002,61.077294921874994],[35.10810546875001,61.0916015625],[35.07998046875002,61.108349609375],[35.06201171875,61.125634765624994],[35.05263671875002,61.14111328125],[35.077734375,61.151318359375],[35.143164062500006,61.155810546875],[35.20771484375001,61.1587890625],[35.231054687500006,61.165234375],[35.20693359375002,61.17724609375],[35.15664062500002,61.19365234375],[35.07470703125,61.207080078125],[34.97421875,61.211962890625],[34.887304687500006,61.206103515625],[34.83808593750001,61.19365234375],[34.81875,61.1736328125],[34.80400390625002,61.149560546874994],[34.79667968750002,61.122802734375],[34.795507812500006,61.096484375],[34.80244140625001,61.07353515625],[34.81494140625,61.055029296875],[34.82851562500002,61.038623046875],[34.84638671875001,61.02666015625],[34.86904296875002,61.027001953124994],[34.89628906250002,61.046875],[34.942480468750006,61.07041015625],[35.02236328125002,61.064453125],[35.092871093750006,61.044677734375],[35.116796875,61.022216796875],[35.132910156250006,61.007080078125],[35.18447265625002,61.0048828125],[35.2548828125,61.014599609375],[35.31611328125001,61.028076171875],[35.36328125,61.038232421874994],[35.39960937500001,61.039892578125],[35.42617187500002,61.033154296875],[35.449804687500006,61.022998046875],[35.47333984375001,61.0021484375],[35.49941406250002,60.96982421875],[35.55058593750002,60.93798828125],[35.63457031250002,60.91845703125],[35.71904296875002,60.904541015625],[35.771582031250006,60.88642578125],[35.80078125,60.871826171875],[35.828710937500006,60.86650390625],[35.855078125,60.870507812499994],[35.88027343750002,60.878320312499994],[35.899023437500006,60.889794921874994],[35.90986328125001,60.902490234374994],[35.90449218750001,60.916552734375],[35.88417968750002,60.931103515625],[35.88027343750002,60.94775390625],[35.91484375000002,60.966845703125],[35.97626953125001,60.993896484375],[36.03681640625001,61.0296875],[36.098730468750006,61.062646484374994],[36.16279296875001,61.082763671875],[36.22412109375,61.096484375],[36.279296875,61.113818359375],[36.325,61.135498046875],[36.363867187500006,61.159716796875],[36.38691406250001,61.18408203125],[36.394628906250006,61.20615234375],[36.38847656250002,61.225048828125],[36.378125,61.24189453125],[36.371191406250006,61.2568359375],[36.373632812500006,61.271142578124994],[36.38007812500001,61.28095703125],[36.38271484375002,61.285009765625],[36.395605468750006,61.302099609375],[36.40839843750001,61.319140625],[36.424902343750006,61.34912109375],[36.42792968750001,61.37314453125],[36.4189453125,61.3923828125],[36.40556640625002,61.4107421875],[36.37148437500002,61.43232421875],[36.31201171875,61.45947265625],[36.24726562500001,61.49326171875],[36.2001953125,61.531201171875],[36.15908203125002,61.571484375],[36.10869140625002,61.611083984375],[36.065091657887436,61.650385790063616],[36.060644531250006,61.65439453125],[36.02558593750001,61.70361328125],[35.985449218750006,61.755859375],[35.92558593750002,61.806396484375],[35.870703125,61.854833984375],[35.84296875000001,61.901904296875],[35.818359375,61.951074218749994],[35.74951171875,61.999072265625],[35.68935546875002,62.040234375],[35.674414062500006,62.07939453125],[35.73017578125001,62.13916015625],[35.764257812500006,62.20517578125],[35.800390625,62.2814453125],[35.82265625000002,62.352197265624994],[35.821875,62.411767578124994],[35.80292968750001,62.4611328125],[35.77119140625001,62.4958984375],[35.73984375,62.52021484375],[35.69804687500002,62.53759765625],[35.641210937500006,62.555566406249994],[35.584570312500006,62.576025390625],[35.543554687500006,62.599365234375],[35.51943359375002,62.61728515625],[35.50371093750002,62.62470703125],[35.49501953125002,62.619189453125],[35.48759765625002,62.605908203125],[35.4638671875,62.60419921875],[35.41572265625001,62.626708984375],[35.32597656250002,62.666162109374994],[35.20195312500002,62.7052734375],[35.0830078125,62.741162109375],[35.00576171875002,62.772998046875],[34.958105468750006,62.797412109375],[34.91044921875002,62.8154296875],[34.85488281250002,62.825634765625],[34.78789062500002,62.831103515625],[34.70332031250001,62.84423828125],[34.60537109375002,62.87275390625],[34.53251953125002,62.91572265625],[34.48945312500001,62.90361328125],[34.479589843750006,62.873828125],[34.53554687500002,62.81845703125],[34.583105468750006,62.7556640625],[34.62109375,62.712353515625],[34.658203125,62.679931640625],[34.703710937500006,62.643408203125],[34.7392578125,62.6212890625],[34.77607421875001,62.622314453125],[34.83857421875001,62.591162109375],[34.86796875000002,62.610546875],[34.943359375,62.642822265625],[34.96699218750001,62.63896484375],[35.02373046875002,62.613330078125],[35.09296875000001,62.58046875],[35.14716796875001,62.5591796875],[35.20136718750001,62.549658203125],[35.27089843750002,62.54541015625],[35.35175781250001,62.52265625],[35.43310546875,62.468603515625],[35.49833984375002,62.403564453125],[35.54023437500001,62.354248046875],[35.55859375,62.31875],[35.56718750000002,62.287109375],[35.56386718750002,62.26015625],[35.55351562500002,62.2359375],[35.51826171875001,62.210498046875],[35.45498046875002,62.180712890625],[35.38720703125,62.1578125],[35.34130859375,62.1490234375],[35.28398437500002,62.161572265625],[35.18837890625002,62.190234375],[35.09589843750001,62.21806640625],[35.0458984375,62.228759765625],[35.0517578125,62.211572265624994],[35.09375,62.172216796875],[35.1435546875,62.12724609375],[35.16777343750002,62.0966796875],[35.1650390625,62.0806640625],[35.14960937500001,62.07099609375],[35.11455078125002,62.053613281249994],[35.07490234375001,62.053613281249994],[35.02861328125002,62.0779296875],[34.975683593750006,62.117626953125],[34.92802734375002,62.15966796875],[34.89248046875002,62.187060546875],[34.87080078125001,62.219384765624994],[34.85927734375002,62.260400390624994],[34.85195312500002,62.29443359375],[34.84052734375001,62.31005859375],[34.810546875,62.33232421875],[34.75849609375001,62.382568359375],[34.695898437500006,62.44267578125],[34.640625,62.4890625],[34.5953125,62.519091796875],[34.556640625,62.539892578125],[34.53203125000002,62.546289062499994],[34.52021484375001,62.541650390624994],[34.526953125,62.523583984374994],[34.546972656250006,62.49775390625],[34.59218750000002,62.457958984375],[34.65957031250002,62.406298828125],[34.69560546875002,62.36455078125],[34.68154296875002,62.338818359375],[34.63320312500002,62.34833984375],[34.608984375,62.338818359375],[34.61484375,62.304345703124994],[34.65810546875002,62.24521484375],[34.64697265625,62.212646484375],[34.632421875,62.18193359375],[34.64404296875,62.136132812499994],[34.65322265625002,62.108544921874994],[34.63564453125002,62.09501953125],[34.59140625,62.096484375],[34.51416015625,62.119580078125],[34.4169921875,62.158203125],[34.342871093750006,62.19892578125],[34.32119140625002,62.227001953125],[34.32949218750002,62.245703125],[34.32753906250002,62.26396484375],[34.291601562500006,62.29726562499999],[34.21767578125002,62.352294921875],[34.13691406250001,62.414013671875],[34.08417968750001,62.4634765625],[34.05390625000001,62.49453125],[34.02714843750002,62.51181640625],[34.0029296875,62.516064453125],[33.97871093750001,62.515869140625],[33.95859375,62.5099609375],[33.94404296875001,62.50048828125],[33.940625,62.481591796874994],[33.947265625,62.452978515625],[33.96181640625002,62.42509765625],[33.9775390625,62.4080078125],[34.00332031250002,62.40078125],[34.04238281250002,62.396533203125],[34.09833984375001,62.378857421875],[34.16494140625002,62.33916015625],[34.22255859375002,62.293701171875],[34.25654296875001,62.2623046875],[34.26542968750002,62.238232421875],[34.26210937500002,62.210498046875],[34.25517578125002,62.185693359374994],[34.25517578125002,62.1685546875],[34.294042968750006,62.141503906249994],[34.380957031250006,62.092626953125],[34.47675781250001,62.038525390625],[34.53730468750001,61.998974609375],[34.56630859375002,61.968896484374994],[34.5859375,61.937841796875],[34.59375,61.906005859375],[34.594335937500006,61.8740234375],[34.58291015625002,61.846044921875],[34.56240234375002,61.823828125],[34.53125,61.811572265625],[34.49443359375002,61.8076171875],[34.4453125,61.81875],[34.38466796875002,61.843017578125],[34.33564453125001,61.864404296874994],[34.314550781250006,61.868701171875],[34.32265625000002,61.8544921875],[34.34453125000002,61.831201171874994],[34.38798828125002,61.796142578125],[34.4482421875,61.753320312499994],[34.53144531250001,61.704345703125],[34.629980468750006,61.65439453125],[34.742851773847164,61.612000100000344],[34.7724609375,61.60087890625],[34.96162109375001,61.543408203125],[35.15390625,61.48515625],[35.30390625000001,61.429589843749994],[35.3984375,61.38583984375],[35.45742187500002,61.355908203125],[35.49462890625,61.328955078125],[35.53691406250002,61.292236328125]],[[39.00527343750002,58.358056640624994],[39.00039062500002,58.386767578125],[38.9703125,58.440820312499994],[39.00371093750002,58.475634765625],[38.9892578125,58.49560546875],[38.75283203125002,58.546923828125],[38.609960937500006,58.636572265625],[38.42734375,58.747021484375],[38.11943359375002,58.95458984375],[38.046972656250006,58.994189453125],[37.919921875,59.04208984375],[37.85771484375002,59.075146484375],[37.86640625000001,59.094091796875],[37.91015625,59.102734375],[38.170507812500006,59.0650390625],[38.23945312500001,59.0626953125],[38.33154296875,59.092578125],[38.407324218750006,59.152294921875],[38.414648437500006,59.1734375],[38.294042968750006,59.161328125],[38.18291015625002,59.203076171875],[38.14326171875001,59.209765625],[38.1240234375,59.202880859375],[38.176367187500006,59.1482421875],[38.18046875000002,59.13212890625],[38.1796875,59.113330078125],[38.159375,59.1015625],[38.1162109375,59.102587890625],[38.02724609375002,59.128076171874994],[38.007421875,59.14375],[38.0015625,59.159765625],[37.9873046875,59.1767578125],[37.940039062500006,59.174072265625],[37.842871093750006,59.1552734375],[37.64492187500002,59.156787109375],[37.64003906250002,59.1376953125],[37.67626953125,59.10234375],[37.69560546875002,59.06396484375],[37.67324218750002,59.0251953125],[37.60888671875,58.98896484375],[37.499121093750006,58.944189453125],[37.484375,58.927197265625],[37.4658203125,58.874560546875],[37.471289062500006,58.857080078124994],[37.50136718750002,58.844775390625],[37.58125,58.89882812499999],[37.64238281250002,58.918896484375],[37.71367187500002,58.927734375],[37.77724609375002,58.926220703125],[37.82832031250001,58.9140625],[37.86943359375002,58.8970703125],[37.917578125,58.858251953125],[37.99589843750002,58.861669921875],[38.02392578125,58.7458984375],[37.96132812500002,58.743603515625],[37.94169921875002,58.735498046874994],[37.9453125,58.7203125],[37.98417968750002,58.6923828125],[37.98769531250002,58.672216796875],[38.09550781250002,58.63447265625],[38.103125,58.619482421875],[38.073828125,58.591552734375],[38.07392578125001,58.541943359375],[37.99492187500002,58.550439453124994],[37.76777343750001,58.617626953125],[37.71484375,58.617529296875],[37.63232421875,58.63623046875],[37.62089843750002,58.626220703125],[37.666601562500006,58.5724609375],[37.6611328125,58.557470703125],[37.60869140625002,58.5453125],[37.56464843750001,58.55283203125],[37.537695312500006,58.612695312499994],[37.45917968750001,58.633935546874994],[37.41035156250001,58.669970703125],[37.41035156250001,58.6890625],[37.4228515625,58.7265625],[37.37226562500001,58.7314453125],[37.30791015625002,58.760009765625],[37.15078125000002,58.84873046875],[37.16923828125002,58.725634765625],[37.15458984375002,58.70654296875],[37.1552734375,58.694970703124994],[37.31679687500002,58.657421875],[37.41689453125002,58.6130859375],[37.50712890625002,58.5353515625],[37.89716796875001,58.291796875],[37.94404296875001,58.30087890625],[38.14873046875002,58.2486328125],[38.22050781250002,58.2373046875],[38.2509765625,58.19873046875],[38.249609375,58.102685546874994],[38.25917968750002,58.0708984375],[38.28105468750002,58.053857421874994],[38.31015625,58.040576171875],[38.369238281250006,58.031591796875],[38.41533203125002,58.015576171875],[38.437109375,58.017529296875],[38.43691406250002,58.03564453125],[38.35703125,58.10009765625],[38.38310546875002,58.121875],[38.61171875000002,58.113134765625],[38.68095703125002,58.108203125],[38.70400390625002,58.113134765625],[38.69794921875001,58.132958984374994],[38.619238281250006,58.20126953125],[38.63828125,58.2203125],[38.69169921875002,58.20703125],[38.77949218750001,58.134765625],[38.80517578125,58.121972656249994],[38.81875,58.134814453125],[38.812109375,58.250732421875],[38.83046875000002,58.295556640624994],[38.87089843750002,58.3310546875],[39.00527343750002,58.358056640624994]],[[31.29833984375,58.4765625],[31.25166015625001,58.425439453124994],[31.170214843750017,58.35947265625],[31.079980468750023,58.331591796875],[31.019433593750023,58.319726562499994],[30.954882812500017,58.284375],[30.85703125,58.239111328125],[30.87617187500001,58.214111328125],[31.15625,58.171337890625],[31.39404296875,58.141992187499994],[31.44648437500001,58.205908203125],[31.53095703125001,58.23017578125],[31.63056640625001,58.207275390625],[31.688281250000017,58.202294921874994],[31.64697265625,58.3083984375],[31.64570312500001,58.351416015625],[31.653417968750006,58.36875],[31.637109375000023,58.38798828125],[31.518164062500006,58.37255859375],[31.5107421875,58.3888671875],[31.43017578125,58.416552734375],[31.374316406250017,58.429248046875],[31.29833984375,58.4765625]]]]}},{"type":"Feature","properties":{"name":"Kievan Rus","subject":"Kievan Rus","partOf":"Kievan Rus","borderPrecision":1,"color":"#8b7fa6"},"geometry":{"type":"MultiPolygon","coordinates":[[[[42.4304043932877,47.57515677027648],[42.327705007509174,47.31718623117871],[41.68216601118703,47.41655539754408],[41.73351570407629,47.64933628423834],[42.10029922471388,47.72341059002354],[42.4304043932877,47.57515677027648]]],[[[38.92371276329304,44.21186026211443],[38.55609038780476,44.385097109038256],[38.27700332115437,44.42320593472185],[38.10918334434773,44.493774019438646],[37.880373987658274,44.71894796963396],[37.774050745470774,44.74454077358904],[37.62174514244343,44.67330893154802],[37.47389129112507,44.69235952969255],[37.31793883751179,44.92420920010271],[36.95986846397663,45.227355562407396],[37.22774795006062,45.31201895352068],[37.4609709114864,45.31247671719255],[37.661265406115305,45.345233522612475],[37.70609572838093,45.57840307827654],[37.867877039416086,45.79251440640154],[37.98994353721882,46.00666006680193],[38.22715285728718,46.02009161587419],[38.33243723824161,46.046805976999664],[39.76022036304607,45.43474695252512],[39.12150969921185,44.071758859296715],[38.92371276329304,44.21186026211443]]],[[[36.323164972765696,45.439696871001146],[36.52104857872273,45.38828619595232],[36.41513350914265,45.271571718413256],[36.36711409996296,45.161483370024584],[36.264754328234446,45.09658774014177],[36.00469878624226,45.04433401699724],[35.865454706652415,45.031119905669115],[35.79348611722668,45.050234368196925],[35.8484002169275,45.444934461966966],[35.8497648567989,45.4452281820363],[36.323164972765696,45.439696871001146]]],[[[34.13495543907429,44.53749807949724],[34.01372435997273,44.49212225552263],[33.66015532921101,44.52365835781755],[33.39549544761921,44.600490175444506],[33.459502801546115,44.73158300515798],[34.2913726812805,44.68230781097208],[34.13495543907429,44.53749807949724]]]]}},{"type":"Feature","properties":{"name":"Sámi","subject":"Sámi","partOf":"Sámi","borderPrecision":1,"color":"#8f9a74"},"geometry":{"type":"MultiPolygon","coordinates":[[[[26.613076242907297,60.347831331450365],[26.525876078112375,60.396468721587084],[26.551638636095774,60.570697389799975],[26.442835840685618,60.33334311123552],[26.32271293113972,60.27024038906755],[26.037745508654368,60.24929770107927],[25.890101465685618,60.23583563442888],[25.845532450182688,60.11548193569841],[25.580544504626047,60.26233633633318],[25.449894937975657,60.13839682217302],[25.145791086657297,60.10974844570818],[24.99298003624226,60.02957113857927],[24.96947005699421,60.08683355923357],[24.74298003624226,60.03823050137224],[24.51595786522175,59.98949774380388],[24.421050104601633,59.869750581938646],[24.28135779808308,59.9381481039113],[23.978947672350657,59.881148897368334],[23.96111396263386,59.932452760893725],[23.664656671984446,59.83555182095232],[23.418854746325266,59.82984884854021],[23.201441797716868,59.81845816250505],[22.982125315172922,59.932452760893725],[22.882000956042063,60.05556448574724],[23.005200418932688,60.208758913237475],[22.624615702135813,60.201102815825365],[22.392066034777415,60.121200166899584],[22.42146781395222,60.29318579312029],[22.220654520495188,60.25876959438982],[21.930953058703196,60.38077124233904],[21.746808084948313,60.40827139492693],[21.560151133044016,60.51248510952654],[21.44317725609089,60.693648897368334],[21.427256617052805,61.01509817715349],[21.498307260973704,61.183272920805834],[21.520789179308665,61.379569612700365],[21.561005625231516,61.48492010708513],[21.405217203600657,61.70243414517107],[21.211199793322336,61.87091406460466],[21.346440348131907,62.167132936674975],[21.337555918200266,62.34360464688005],[21.225993499342607,62.4179537846397],[21.200139078600653,62.43518408413591],[21.03372863243366,62.47729834194841],[21.061806711657294,62.61173590298357],[21.19480613182331,62.76068457241716],[21.48128417442585,62.888812624174975],[21.545966181261786,62.974059663969896],[21.494656595690497,63.123031221587084],[21.666478189928778,63.1873050558156],[21.95132354210163,63.13101538296404],[22.075043711169013,63.1028209554738],[22.292357477648505,63.20269354458513],[22.42877486656452,63.39496573086443],[22.475831064684638,63.601615511137865],[22.569018396837958,63.723014436919115],[22.704222712023505,63.58064230557146],[22.82553008507038,63.58087881680193],[23.130561750232243,63.78342849447229],[23.130561750232246,63.78342849447229],[23.580285105211985,64.082057558257],[24.09403518150593,64.37656744595232],[24.47009375999714,64.635524355132],[24.931916269762766,64.81603582974138],[25.325089487536204,64.8023944723195],[25.351904901964915,64.93909796353044],[25.293414148791086,65.00389441128435],[25.132559809191477,65.07594641323747],[25.186125788195383,65.24265631313982],[25.251507791979563,65.41688879604997],[25.10361197899128,65.54012640591326],[24.59113982628132,65.58278235073747],[24.214800867541086,65.78590735073747],[23.947732004626047,65.7966800558156],[23.84408286522175,65.79847296353044],[23.40568831871296,65.72483404751482],[23.20402053306843,65.68075140591326],[22.798161539538157,65.85482367153826],[22.64555457542683,65.93478735562029],[22.489802393419993,65.88341864224138],[22.201569590075266,65.71528967495622],[21.957482370836985,65.44573553677263],[21.81872657249714,65.38013800259294],[21.522328409655344,65.37231024380388],[21.277346643908274,65.21227606411638],[21.42371276329304,65.10388525601091],[21.489449533922922,65.0171619283742],[21.32944205711628,64.89435156460466],[20.921193155749094,64.71382483120622],[21.064322504503977,64.59199865933122],[21.23704627464558,64.52054175015154],[21.385829004748118,64.38455542202654],[21.04889586876179,64.2191654073781],[20.873273399290948,64.03282247139006],[20.873273399290937,64.03282247139006],[20.866480860216868,64.02561529751482],[20.700659784777415,63.81812628384294],[19.984885248644602,63.51726873989763],[19.67027572105671,63.388541780669115],[19.46501258323933,63.480704866606615],[19.31822493980671,63.44482763882341],[19.07592681358601,63.202498995024584],[18.784991297228586,63.13801153774919],[18.486624750597727,62.98124273892107],[18.3889494271114,62.85337408657732],[18.303191217882883,62.78942450161638],[17.9674406380489,62.774623476225756],[17.868168863756907,62.788619600493334],[16.193076194139465,62.755664903942204],[14.34372061271587,62.94812856407893],[14.536054902202025,63.09760264133526],[17.009382981781513,67.24776331723984],[19.579979929430735,69.1810565816945],[19.82121375511433,69.36973150845232],[20.157650980456125,69.747829042632],[20.28637603233601,69.78590735073747],[20.35831740806843,69.71038397427263],[20.27816489647175,69.58179052944841],[20.196503672106516,69.31769140835466],[20.552685770495188,69.52190741177263],[20.733939203722727,69.77918585415544],[21.102726969225657,69.81769140835466],[21.411963495714915,70.01541479702654],[21.60856154869343,69.96254309292497],[21.908072504503977,69.80404242153826],[22.16331008384968,70.09311255093279],[22.306448969347727,70.21561773892107],[22.745574030382883,70.1706043111867],[23.20360663841511,69.9427753316945],[23.29246810386921,70.01129492397966],[23.50840857933308,70.27907141323747],[23.827288660509836,70.47883947964372],[23.95485404442097,70.50205572720232],[24.207715067370188,70.47186621304216],[24.359614405138743,70.61029394741716],[24.570508036120188,70.7413822042531],[24.849038156969797,70.82660254116716],[25.38903144310261,70.90462835903826],[25.832055124743235,70.89776190396013],[25.23069289634968,70.55818518276872],[25.12242415855671,70.43524511929216],[25.074080500109446,70.14438208218279],[25.263024363024485,70.10654791470232],[25.574040445788157,70.3671375143117],[26.262717279894602,70.79074438687029],[26.606516870959055,70.9146228658742],[26.619105371935618,70.79908331509294],[26.617423090441477,70.39204748745622],[26.934350046618235,70.4692874776906],[27.131081614001047,70.5770755636281],[27.51601127098347,70.97030981655779],[27.9475431771114,71.01741369839372],[28.211159739001047,71.01790960903826],[28.308413538439524,70.94864996548357],[28.136439356310618,70.83272894497576],[27.98529151390339,70.71700628872576],[28.018929514391672,70.60945471401872],[27.8753996224239,70.42505987759294],[28.289725336535227,70.37221106167497],[28.388907465441477,70.57175024624529],[28.794812235338938,70.864772402007],[28.984337839586985,70.85741003628435],[29.74123099754597,70.60498388882341],[30.041438135607493,70.5441394674367],[30.46196082542683,70.53725012417497],[30.754202875597727,70.43041571255388],[30.798840555651438,70.30796393032732],[30.25187972496296,70.13114508267107],[29.7348966927364,70.1148944723195],[28.730080637438547,70.13592871304216],[28.817093882067454,70.09791906948747],[29.080019983752024,69.9612308370656],[29.555932077868235,69.8334003316945],[29.72857573936726,69.69756659146013],[30.05580619285847,69.72085913296404],[30.36129477928425,69.76681097622576],[30.73535827110554,69.75236090298357],[31.053782495959055,69.63959082241716],[31.331275019152415,69.66276129360857],[31.78220084617878,69.77701910610857],[32.07155898521687,69.8834949361867],[32.07601073692585,69.8153568136281],[32.190562281115305,69.64171179409685],[32.35172561119343,69.51367529507341],[32.59630874107624,69.42361792202654],[33.00963118980671,69.38669165249529],[33.28056624840046,69.34201391812029],[33.31560042808796,69.07128485317888],[33.628375086291086,69.21468695278826],[33.81804564903523,69.19247778530779],[34.30514815758015,69.1708255636281],[34.698889765246165,69.16405066128435],[34.93413833091999,69.149440370757],[35.43655303428913,69.15035589810076],[36.01827910850788,69.023707948882],[37.24586394737507,68.79349859829607],[37.68857863853718,68.62961157437029],[38.406443628771555,68.24269446011247],[38.66845229576374,68.14634283657732],[39.33470824669148,68.0359378683156],[39.91807082603718,67.9403797018117],[40.826052698595774,67.66004522915544],[40.973391565783274,67.5343738424367],[40.9508276314571,67.33465918179216],[41.01687148521687,67.20186194058122],[41.20882705162312,67.06946142788591],[41.25529769371296,66.93697699185076],[41.14697173546101,66.78226812954607],[40.83637908409382,66.56139715786638],[40.34514907310749,66.31864508267107],[39.977522882921946,66.20091589565935],[39.19002822349812,66.03870733853044],[38.78211120079304,66.00145300503435],[38.047869715197336,66.0073734151906],[37.42243102501179,66.0938220846242],[36.505225214464915,66.17248877163591],[35.771746668322336,66.25886877651872],[35.16772368858601,66.41150244351091],[34.15295318077351,66.62963446255388],[33.6512785286739,66.6801029073781],[33.43749144981648,66.70173987026872],[33.157725367052805,66.9144779073781],[32.990950617296946,66.987819277007],[32.64433959434773,67.04610022183122],[32.21943572471882,66.99374731655779],[32.3578214974239,66.92032965298357],[32.424727472765696,66.89102514858904],[32.717566050323875,66.67551720937114],[29.76903726087828,66.07485955665122],[28.835566912910853,64.10765056948303],[28.60021054024453,63.611657126836846],[29.93042200995883,62.980455059804584],[29.66633787509978,62.12849714163389],[28.287231837502453,61.266001355232326],[28.17378022486176,60.5465480368013],[28.011437448961985,60.51073034878435],[27.47361854027058,60.426078401762865],[27.406220468981516,60.34481772061052],[27.17848113487507,60.44239386196794],[27.08356922226288,60.41546515615392],[26.94557097862507,60.37631186123552],[26.92230895469929,60.31612356777849],[26.613076242907297,60.347831331450365]]]]}},{"type":"Feature","properties":{"name":"Volga Bulgars","subject":"Volga Bulgars","partOf":"Bulgars","borderPrecision":1,"color":"#b69578"},"geometry":{"type":"MultiPolygon","coordinates":[[[[45.78974146869953,58.098205194557494],[46.105746848468755,57.7086220534561],[48.60792522187434,57.7086220534561],[53.97646398874319,57.7086220534561],[53.92448387264525,57.601384527021416],[55.70905991815804,57.19766715162802],[54.18214839451589,52.27838356528081],[51.686696085516495,52.04728607258355],[46.22353827031276,52.56487620323982],[45.37934389921386,52.84914990361629],[43.26667082034138,54.00301094938589],[43.24904704422405,54.047405305843604],[42.594380464786745,55.69651281237327],[45.78974146869953,58.098205194557494]],[[48.46806640625002,54.1244140625],[48.56679687500002,54.097509765625],[48.661230468750006,54.037890625],[48.81337890625002,53.938671875],[48.8828125,53.86591796875],[48.903125,53.8275390625],[48.87675781250002,53.754296875],[48.86542968750001,53.64765625],[48.95585937500002,53.5353515625],[49.0087890625,53.45966796875],[48.99189453125001,53.439794921875],[49.1064453125,53.40498046875],[49.20498046875002,53.367578125],[49.20585937500002,53.337548828125],[49.13652343750002,53.308935546875],[48.9248046875,53.309033203125],[48.759375,53.323779296874996],[48.80078125,53.280566406249996],[49.09414062500002,53.269580078124996],[49.22988281250002,53.284228515624996],[49.25771484375002,53.352099609374996],[49.31611328125001,53.40224609375],[49.494726562500006,53.435986328125],[49.85185546875002,53.426025390625],[49.90478515625,53.45673828125],[49.88164062500002,53.485595703125],[49.56083984375002,53.498779296875],[49.246679687500006,53.502099609375],[49.08671875000002,53.534033203125],[49.06298828125,53.606591796875],[49.071875,53.71328125],[49.09111328125002,53.7939453125],[49.12675781250002,53.824755859374996],[49.18984375000002,53.807421875],[49.279296875,53.728125],[49.31035156250002,53.722314453125],[49.34453125000002,53.6982421875],[49.36894531250002,53.69482421875],[49.37177734375001,53.73046875],[49.350683593750006,53.770166015625],[49.32021484375002,53.791308593749996],[49.26972656250001,53.818017578125],[49.21914062500002,53.87802734375],[49.217871093750006,53.934423828125],[49.30878906250001,53.973046875],[49.44121093750002,54.0376953125],[49.53681640625001,54.12666015625],[49.66640625000002,54.159375],[49.7421875,54.190722656249996],[49.72734375000002,54.22509765625],[49.56328125000002,54.179443359375],[49.39531250000002,54.119775390625],[49.27519531250002,54.070703125],[49.02031250000002,54.015185546874996],[48.84765625,54.04541015625],[48.80888671875002,54.098681640624996],[48.79804687500001,54.130810546875],[48.755859375,54.150341796875],[48.65898437500002,54.1708984375],[48.549414062500006,54.240527343749996],[48.49941406250002,54.334375],[48.52958984375002,54.39423828125],[48.63125,54.435009765625],[48.78652343750002,54.44736328125],[48.86406250000002,54.462255859375],[48.86298828125001,54.5009765625],[48.89501953125,54.527978515625],[48.908789062500006,54.549560546875],[48.8955078125,54.58154296875],[48.94257812500001,54.616552734375],[48.97314453125,54.6412109375],[48.97607421875,54.666943359375],[48.986328125,54.72763671875],[49.080664062500006,54.775732421875],[49.09785156250001,54.80048828125],[49.0302734375,54.80869140625],[48.969335937500006,54.828125],[48.93984375000002,54.901660156249996],[49.00849609375001,54.970068359375],[49.13642578125001,54.997851562499996],[49.22441406250002,55.02333984375],[49.31972656250002,55.01376953125],[49.39609375,55.016064453125],[49.44550781250001,55.051611328125],[49.4521484375,55.0736328125],[49.46074218750002,55.114111328125],[49.52324218750002,55.13388671875],[49.692480468750006,55.190722656249996],[49.81074218750001,55.24365234375],[49.89199218750002,55.293701171875],[50.734472656250006,55.407080078125],[50.76357421875002,55.428857421875],[50.87714843750001,55.45205078125],[51.07109375000002,55.4150390625],[51.12978515625002,55.393017578125],[51.18427734375001,55.357421875],[51.21875,55.400146484375],[51.19843750000001,55.441162109375],[51.17421875000002,55.4634765625],[51.20585937500002,55.488720703125],[51.41044921875002,55.441015625],[51.52373046875002,55.50302734375],[51.55019531250002,55.558398437499996],[51.61503906250002,55.565380859375],[51.714453125,55.592822265624996],[51.72773437500001,55.643017578125],[51.74843750000002,55.67529296875],[51.79960937500002,55.683935546875],[51.885839843750006,55.670849609375],[51.9365234375,55.699072265625],[51.87470703125001,55.70361328125],[51.76347656250002,55.720458984375],[51.63496093750001,55.6458984375],[51.521484375,55.63232421875],[51.46083984375002,55.700976562499996],[51.47158203125002,55.79501953125],[51.48027343750002,55.83271484375],[51.44814453125002,55.812304687499996],[51.413671875,55.774462890624996],[51.398046875,55.684912109375],[51.46660156250002,55.58984375],[51.46914062500002,55.511279296874996],[51.41386718750002,55.494384765625],[51.35341796875002,55.495556640625],[51.3310546875,55.49892578125],[51.254980468750006,55.526171875],[51.12578125000002,55.501123046875],[50.83388671875002,55.479541015624996],[50.67519531250002,55.450634765625],[50.4814453125,55.4599609375],[50.37910156250001,55.430517578125],[50.22480468750001,55.438427734375],[50.08955078125001,55.46279296875],[49.99990234375002,55.4150390625],[49.78828125000001,55.38349609375],[49.58281250000002,55.390234375],[49.45488281250002,55.403613281249996],[49.37128906250001,55.464794921875],[49.36767578125,55.524267578125],[49.36738281250001,55.544384765625],[49.32900390625002,55.5177734375],[49.33193359375002,55.4515625],[49.328125,55.37890625],[49.358007812500006,55.3390625],[49.303320312500006,55.323388671875],[49.233496093750006,55.337939453124996],[49.18886718750002,55.381201171875],[49.11953125000002,55.475927734375],[49.05898437500002,55.482666015625],[49.04765625000002,55.442822265625],[49.103515625,55.352880859375],[49.17226562500002,55.29267578125],[49.15947265625002,55.1630859375],[48.97685546875002,55.073974609375],[48.859472656250006,55.01162109375],[48.86376953125,54.87080078125],[48.83154296875,54.803662109375],[48.808203125,54.73291015625],[48.7451171875,54.675048828125],[48.55146484375001,54.652197265625],[48.41582031250002,54.59716796875],[48.40458984375002,54.452490234375],[48.39873046875002,54.336669921875],[48.378027343750006,54.23115234375],[48.387304687500006,54.16796875],[48.46806640625002,54.1244140625]]]]}},{"type":"Feature","properties":{"name":"Karakalpaks","subject":"Karakalpaks","partOf":"Karakalpaks","borderPrecision":1,"color":"#8f9a74"},"geometry":{"type":"MultiPolygon","coordinates":[[[[43.24904704422405,54.047405305843604],[41.418081876327975,53.298674520929495],[37.89882378403445,54.033685965735486],[38.50423259591464,54.54595496040333],[42.594380464786745,55.69651281237327],[43.24904704422405,54.047405305843604]]]]}},{"type":"Feature","properties":{"name":"Karkhanids","subject":"Karkhanids","partOf":"Karkhanids","borderPrecision":1,"color":"#8f9a74"},"geometry":{"type":"MultiPolygon","coordinates":[[[[78.23447228507757,32.30899667921651],[76.62918591018368,33.18927554933223],[72.21038249693608,33.372102743188705],[67.8842165896851,36.85156295178611],[67.34224627509344,37.21287649484722],[66.70994757473649,37.21287649484722],[66.52929080320594,38.1161603525],[64.63239470213507,38.838787438622234],[63.72911084448229,39.47108613897919],[63.12148843168218,39.80865414609036],[62.32938153584051,39.76054130036801],[60.960307855898435,44.07523092890854],[60.07720005262979,45.31561361394992],[60.06855468750001,45.416894531249994],[60.036230468750006,45.52119140625],[60.00029296875002,45.577685546874996],[59.960546875,45.58642578125],[59.88633059941199,45.58370224820089],[59.81119011936403,45.689241968325916],[85.2045550866196,40.77116969189599],[85.1310696990691,40.18328659149205],[85.84425494748679,39.57198494999116],[88.28946151349034,38.960683308490275],[87.67815987198948,38.655032487739845],[88.08569429965674,38.14561445315576],[79.8331221393948,35.49664067331861],[79.84528810679286,35.22517203402454],[79.89789189646713,34.051382993062475],[79.80756351070188,33.057770749644405],[80.07854866799774,31.883501734695784],[79.89636450053756,31.39767728813533],[78.23447228507757,32.30899667921651]]]]}},{"type":"Feature","properties":{"name":"Maskat","subject":"Maskat","partOf":"Maskat","borderPrecision":1,"color":"#a88992"},"geometry":{"type":"MultiPolygon","coordinates":[[[[47.87792030044409,41.167676139826234],[48.40756022338845,41.67373122405983],[48.64856103497813,41.90400028182153],[48.662303003771555,41.90171011563005],[48.683238062365305,41.83590658779802],[48.89249709556843,41.68698462124529],[48.99886992882038,41.51678808804216],[49.115881952746165,41.4316898214406],[49.24352935264851,41.29340323086443],[49.28607848594929,41.05938299771013],[49.34990218590046,40.95301016445818],[49.477549585802805,40.83600195522966],[49.60519698570515,40.76153906460466],[49.60519698570515,40.68707617397966],[49.658504770637414,40.659019180286904],[49.54039779050493,40.50389966082933],[47.87792030044409,41.167676139826234]]]]}},{"type":"Feature","properties":{"name":"Shirvan","subject":"Shirvan","partOf":"Shirvan","borderPrecision":1,"color":"#b3a46e"},"geometry":{"type":"MultiPolygon","coordinates":[[[[47.849258060544926,41.17912009668831],[47.87792030044409,41.167676139826234],[49.54039779050493,40.50389966082933],[49.658504770637414,40.659019180286904],[49.80730346153523,40.58070334072771],[50.0200529427364,40.6019779073781],[50.190249475939524,40.570067964751146],[50.31789687584187,40.495605074126146],[50.42426970909382,40.410506807524584],[50.4668188423946,40.32540854092302],[50.4668188423946,40.26158484097185],[50.30725768516804,40.32540854092302],[50.12642577598835,40.34668310757341],[50.03068831871296,40.34668310757341],[49.913680109484446,40.32540854092302],[49.849856409533274,40.27222403164568],[49.66902068565632,40.24031027432146],[49.57328322838093,40.17648657437029],[49.55200866173054,40.091388307768725],[49.54137328575398,39.87864264126482],[49.48818496177937,39.76163061733904],[49.445635828478586,39.655257784087084],[49.40348784579458,39.48666585335106],[49.07455142970576,39.47820342190338],[48.95160023666674,39.803051034511626],[48.894476365867426,39.9539772076819],[48.53432623819076,40.06192194896629],[48.37319249040053,39.96656083940032],[48.33869606912334,39.946145395372234],[48.0802239032941,40.07090963817697],[46.87380490864932,40.84697650901682],[46.87250876036927,40.856049546977154],[47.03109092267073,40.79496883421915],[47.13678715579323,40.80978525273251],[46.86118638407609,40.935306181029404],[46.84888488038016,41.02141670690091],[47.74498422898439,41.16268189439613],[47.849258060544926,41.17912009668831]]]]}},{"type":"Feature","properties":{"name":"Seljuk Empire","subject":"Seljuk Empire","partOf":"Seljuk Empire","borderPrecision":1,"color":"#739b91"},"geometry":{"type":"MultiPolygon","coordinates":[[[[46.527377183048,38.93099513323033],[47.817469936058174,39.67297142072481],[47.93929559246406,39.6743304583401],[48.37319249040053,39.96656083940032],[48.53432623819076,40.06192194896629],[48.894476365867426,39.9539772076819],[48.95160023666674,39.803051034511626],[49.07455142970576,39.47820342190338],[49.40348784579458,39.48666585335106],[49.403086695177805,39.48506125088396],[49.498824152453196,39.378688417632006],[49.48818496177937,39.29359015103044],[49.381812128527415,39.325500093657396],[49.33926299522663,39.282950960356615],[49.30735305259968,39.13402899380388],[49.27543929527546,39.017020784575365],[49.22225478599812,39.038295351225756],[49.179705652697336,39.14466818447771],[49.115881952746165,39.18721731777849],[49.041419062121165,39.14466818447771],[49.020144495470774,39.00638159390154],[49.05205825279499,38.9319225179738],[48.99886992882038,38.87873419399919],[48.945681604845774,38.83618506069841],[48.988230738146555,38.719176851469896],[48.824954065783274,38.30957754727068],[48.83150771568562,38.3063121664113],[48.809187921984446,37.98856695767107],[48.74478057335163,37.727016054350756],[48.837229761584055,37.51097448940935],[49.05953124473835,37.39755972500505],[49.475806269152415,37.291610323149584],[49.84801391075398,37.268214784819506],[50.038714441759836,37.22470434780779],[50.11132338951374,37.09775503750505],[50.25221160362507,36.89478644009294],[50.56095412681843,36.686427675444506],[51.41704085777546,36.45569189663591],[51.79552367637898,36.43234976406755],[51.993052515490305,36.45890387173357],[52.60216430137898,36.57688101406755],[53.139014276964915,36.64352758999529],[53.79965499351765,36.67903860684099],[53.98448852012898,36.781913362700365],[54.06743911216999,36.94152411099138],[54.86755273069271,36.80565052491136],[55.61075527869285,35.93858088557788],[56.53975846369299,35.93858088557788],[61.927976936693895,29.745226318910184],[62.856980121694065,28.444621859909965],[63.60018266969418,28.0730205859099],[64.15758458069429,26.77241612690969],[64.05922225425984,25.401034914214037],[63.650332483752024,25.336646639067553],[63.40352538536335,25.164601885039232],[63.01806167076374,25.15743979092302],[62.44957259605671,25.16259916897478],[62.13830092857624,25.104774080473803],[61.8132658333614,25.053256593901537],[61.569964441759836,25.039571367461107],[61.34399321983601,25.026860796172045],[60.85827544639851,25.095714174467943],[60.7522306771114,25.18442877407732],[60.479590448839915,25.29820593472185],[60.29817870567585,25.323236070830248],[59.654585871203196,25.321876131255053],[59.30209258507038,25.340196214873217],[59.03145888756062,25.307866655547045],[58.81800750206257,25.478932939726732],[58.74442580650593,25.535960756499193],[58.36867812584187,25.54787977810564],[58.109637293322336,25.547322832304857],[57.900454554064524,25.540891252715014],[57.805090937121165,25.64833029385271],[57.464880976183665,25.704793535429857],[57.32798293541218,25.787087999541185],[57.254771265490305,25.793286882597826],[57.24507049034382,26.01846274014177],[57.112402948839915,26.076190553862475],[57.06634047935749,26.307468019682787],[56.93497756431843,26.464543901640795],[56.929087671740305,26.75186689968767],[56.79043105552937,26.97391279812517],[56.683550867541086,26.968356691557787],[56.66781905601765,27.04989584561052],[56.43094924400593,27.106566988188646],[56.067767176134836,27.112168871123217],[55.89973357628132,27.104804598051928],[55.8053198189571,27.005092226225756],[55.65757277916218,26.996945940215014],[55.42489913414265,26.963107668120287],[55.34008696983601,26.79935225125017],[55.098128351671946,26.73744162197771],[54.92553237388874,26.53802641506853],[54.75987533043171,26.41062506313982],[54.64605620811726,26.39131888027849],[54.064944300158274,26.70138319607439],[53.63393691490437,26.74793966885271],[53.380679163439524,26.9095893728322],[52.89083388756062,27.05232390042009],[52.77987197349812,27.18784865017595],[52.63377669761921,27.314601503569506],[52.41038802574421,27.580957018095873],[51.961550745470774,27.776948534209154],[51.698863062365305,27.814521394926928],[51.611304316027415,27.82704123135271],[51.350134882433665,28.03613432522478],[51.082259211046946,28.51201971646013],[50.796755823595774,29.01329382534685],[50.702456507189524,29.133781038481615],[50.704722437365305,29.400607668120287],[50.359839472277415,29.74293478604021],[50.13237288902546,30.06642874355974],[49.71784881065632,30.002053819853685],[49.51097396324421,30.020675264555834],[49.45236495445515,30.07772596951189],[49.321360620959055,30.102862917143725],[49.235083612902415,30.223380647856615],[49.22222808311726,30.47745855923357],[49.02017119835163,30.43257101650896],[48.945723566515696,30.387942873198412],[48.80132964561726,30.08272513027849],[48.713843378527415,29.99996145840349],[48.55364898155476,29.994622789580248],[48.51058486412312,29.993188463408373],[48.21184829185749,29.948093019682787],[48.028277430041086,29.973121248442553],[47.95715239952351,29.947564684111498],[47.911360773546946,29.890292726714037],[47.935923609240305,29.80140646572771],[47.99603179405476,29.490258775908373],[47.84490874717976,29.50315436001482],[47.61403945396687,29.272241197783373],[47.80355742882038,29.184920870024584],[47.99150756309773,29.277490221220873],[48.1290617317989,29.268191896635912],[48.44353393028523,28.4402347433156],[48.462683710558665,28.385850511748217],[48.58751204918171,28.093883119780443],[48.75173858116413,27.871879183012865],[48.83184340904499,27.57345350857439],[48.85502150963093,27.522691332060717],[49.13191131065632,27.53597220059099],[49.243506464464915,27.479030214507006],[49.151927027209055,27.372457109648607],[49.2391577095821,27.28848799343767],[49.321604761584055,27.161550127226732],[49.427317652209055,27.131045900542162],[49.532542261584055,27.009526811797045],[49.93138411949421,26.9341255056447],[50.12176421592976,26.737586580473803],[50.09017470787312,26.61149176235857],[49.983958277209055,26.59574469204607],[49.93417266319538,26.48306807156267],[50.07624724815632,26.311841570097826],[49.9919767708614,26.04484137173357],[49.93686202476765,25.955783449370287],[50.01140502403523,25.835229479033373],[50.14689162681843,25.535644136626146],[50.21432403038288,25.588124834257982],[50.38191894005085,25.461173616606615],[50.429209742052805,25.18402250881853],[50.61889556358601,24.870853029448412],[50.606543573839915,24.68021734829607],[50.70592025230671,24.559718691069506],[50.77828124473835,24.47092970486345],[50.907393488390696,24.433082185942553],[50.968333277209055,24.436244569975756],[50.96494582603718,24.712745271880053],[50.89617827842976,24.909551225859545],[50.8473234505489,25.265224062163256],[50.93111327598835,25.538573824126146],[51.01538756798054,25.588124834257982],[50.988955530627024,25.67209395046892],[51.06882766197468,25.945460878569506],[51.21702102134968,26.066470705229662],[51.35766509483601,26.02896078701677],[51.388796839220774,25.887261949736498],[51.50592711876179,25.845275484282396],[51.53446486900593,25.75584753628435],[51.586672815783274,25.60911902065935],[51.53905394981648,25.420184694487475],[51.55285552452351,25.10153158779802],[51.606150660021555,24.98728712673845],[51.558917078478586,24.815652452666185],[51.412005457384836,24.605685793120287],[51.287825617296946,24.410777651030443],[51.2914152474239,24.28136786099138],[51.45416930626179,24.218226991850756],[51.52285293052937,24.160663210112475],[51.60644057701374,24.202647768217943],[51.58590224693562,24.003221117216967],[50.8573158729301,23.88040675589211],[48.617171905951196,25.686974471197686],[44.083180251378806,30.33699169344677],[40.0291220249877,34.3910499198379],[38.37216217751843,35.140887776016086],[37.026331897552225,35.74992757468766],[37.38350503722269,36.61309599555793],[37.59419668782927,37.16089428713502],[39.616836533652375,37.83510756907606],[41.00740142765578,38.34076753053185],[42.01872135056733,38.13007587992527],[44.46274449760362,36.823787646164504],[44.841989468695445,36.781649316043186],[45.51620275063648,37.03447929677108],[46.82249098439725,37.6665542485908],[46.906767644639885,37.919384229318695],[46.82249098439725,38.34076753053185],[46.54570594867809,38.894337601970165],[46.527377183048,38.93099513323033]]]]}},{"type":"Feature","properties":{"name":"Derbent","subject":"Derbent","partOf":"Derbent","borderPrecision":1,"color":"#8f9a74"},"geometry":{"type":"MultiPolygon","coordinates":[[[[48.40756022338845,41.67373122405983],[47.922551142256516,42.1649234982632],[48.2217016548946,42.27936895962419],[48.41952422569538,42.09053763027849],[48.50044921348835,41.92868383999529],[48.64856103497813,41.90400028182153],[48.40756022338845,41.67373122405983]]]]}},{"type":"Feature","properties":{"name":"Byzantine Empire","subject":"Byzantine Empire","partOf":"Byzantine Empire","borderPrecision":1,"color":"#8aa0a8"},"geometry":{"type":"MultiPolygon","coordinates":[[[[27.494702372057688,42.40090139980974],[27.607871088488352,42.41677816982927],[27.72253325889851,42.316215120512865],[27.737710031969797,42.247001253325365],[27.913407358629954,42.07810171719255],[27.917952570421946,41.97767218228044],[28.026202234728586,41.882384859282396],[28.018178019030344,41.75320776577654],[28.06983855675007,41.62496908779802],[28.104397806628,41.59297140713396],[28.371457132799875,41.43312796230974],[28.74022201011921,41.324828706938646],[29.012368235094797,41.25483282681169],[29.081099543078196,41.20051153774919],[28.964453730089915,40.98923834438982],[28.82780745933796,40.914699159819506],[28.59615043113972,40.946986757475756],[28.17331412742878,41.05789526577654],[28.02636817405964,41.02620657559099],[27.93218329857136,40.95754965420427],[27.47416976402546,40.96283300991716],[27.313046488268625,40.78991278286638],[27.263756784899485,40.66717108364763],[26.888926538927805,40.524676881987475],[26.61357215355183,40.39804037686052],[26.513939890368235,40.281974397856615],[26.375863108141672,40.21340902920427],[26.255158457262766,40.081561647612475],[26.140885385973704,40.04465445156755],[26.214289698107493,40.16066702480974],[26.222796473009836,40.223956667143725],[26.194821390612375,40.30307348843279],[26.457545313341868,40.4349742757863],[26.55647757957722,40.498290621001146],[26.454838785631907,40.584308229643725],[26.418061289294016,40.57782324429216],[26.124041590197336,40.60284765835466],[26.02072432945515,40.66932257290544],[25.992875132067454,40.85245855923357],[25.635705027086985,40.87737616177263],[25.30111411522175,40.89594229336443],[25.046317133410227,40.95227392788591],[25.018929514391672,41.01714666958513],[24.812115702135813,40.93342169399919],[24.70066359947468,40.878341280180834],[24.519127878649485,40.873065553862475],[24.504952463610422,40.984069429594896],[24.35430243919636,40.97096212979021],[24.219058069689524,40.82968481655779],[24.025155100329172,40.74636038418474],[23.88595298240925,40.732894502837084],[23.748394999010813,40.80443152065935],[23.63469794700886,40.7727542745656],[23.632977518542063,40.71316870327654],[23.709055933459055,40.63003500576677],[23.785174402697336,40.477191530424975],[23.923703226549875,40.45080908413591],[24.295352015002024,40.17649038906755],[24.22063544700886,40.14484747524919],[24.054778131945383,40.260882936674975],[24.04777816246296,40.30835684414568],[23.923533472521555,40.34528311367693],[23.77477363060261,40.39276465054216],[23.72216895530964,40.34824331875505],[23.627234491808665,40.34528311367693],[23.65880111168171,40.28726156826677],[23.651745829088938,40.22922857876482],[23.80366424034382,40.15539129849138],[23.86865905235554,40.16067465420427],[23.920109781725657,40.05519827480974],[23.90661719749714,39.99719580288591],[23.796032938463938,39.986651979643725],[23.595772776110422,40.19231756802263],[23.442486795885813,40.255607210356615],[23.349078211291086,40.28197821255388],[23.291760477526438,40.28726156826677],[23.29313949058796,40.245055757719896],[23.259058985216868,40.22922857876482],[23.321034464342844,40.15539129849138],[23.366839441759836,40.107928835112475],[23.436467203600657,40.04465445156755],[23.5233488411739,40.01828726406755],[23.592185053332102,40.00246389980974],[23.63858512352253,39.96034201260271],[23.59689048240925,39.93405493374529],[23.374392542345774,39.95508917446794],[23.2605257363155,39.970870577055834],[23.276309046252024,40.04992254849138],[23.214777979357493,40.18176611538591],[23.1411409706905,40.26615484829607],[22.960160288317454,40.31470831509294],[22.748055490954172,40.482467256743334],[22.863902124865305,40.53522833462419],[22.87546256492878,40.59632452603044],[22.851946863634836,40.65133627529802],[22.769967112047922,40.66717108364763],[22.701254877550852,40.57744940396013],[22.49206641624714,40.498290621001146],[23.26716444658213,42.048940581207574],[23.730686077916616,42.175355571571515],[27.494702372057688,42.40090139980974]]],[[[24.69346717308308,34.94047125454607],[24.71563819359089,35.03477057095232],[24.690066370470774,35.09244116421404],[24.324357065661204,35.207789980132006],[24.01319793175007,35.210414491850756],[23.785594019396555,35.26285132046404],[23.56772330711628,35.25498160000505],[23.513134989245188,35.275958620268725],[23.46688559959675,35.31790503140154],[23.52943900535847,35.569625459868334],[23.671465906603586,35.572249971587084],[23.66908744285847,35.61158331509294],[23.66513350914265,35.66665609951677],[23.69665625999714,35.69812353726091],[23.73367789696003,35.627318941313646],[23.742875132067454,35.561759554106615],[23.879452738268625,35.5524173605031],[23.956812891466868,35.52767141934099],[24.039004358752024,35.561759554106615],[24.03326323936726,35.59847220059099],[24.081856760485422,35.61158331509294],[24.15267661522175,35.5643802511281],[24.13581756065632,35.522426210600756],[24.091456446154368,35.519801698882006],[24.07332328270222,35.49620398159685],[24.113204035265696,35.485717378813646],[24.177744898302805,35.46998556729021],[24.219702753527415,35.449000917632006],[24.229603800280344,35.39131888027849],[24.388283762438547,35.37296637173357],[24.768567118151438,35.4280277120656],[24.997481379015696,35.421020113188646],[25.013600382311594,35.362479768950365],[25.10009101341511,35.34674795742693],[25.374018702013743,35.31790503140154],[25.511635813219797,35.294765077788256],[25.673207315905344,35.34936865444841],[25.7135343880489,35.327010713774584],[25.668467554552805,35.186820589262865],[25.741803202135813,35.13700445767107],[25.7889738411739,35.13700445767107],[25.93549254844929,35.21303518887224],[26.064152750475657,35.239249788481615],[26.09935286949421,35.21564825649919],[26.168826136095774,35.2471080648488],[26.273509058459055,35.3126598226613],[26.236044916613352,35.22876318569841],[26.242667231066477,35.14487417813005],[26.160485300524485,35.024283968169115],[25.89868071983601,35.04525717373552],[25.741736444933665,35.00885351772966],[25.590724024279368,35.016418062407396],[24.69346717308308,34.94047125454607]]],[[[22.695097956164133,39.83448370571794],[22.754473719103586,39.81834753628435],[22.813431772692454,39.602740846831225],[23.074168238146555,39.413451753813646],[23.23608497093464,39.20315893765154],[23.158499750597727,39.14007910366716],[23.051917108996165,39.10328634854021],[23.09980681846882,39.18738516445818],[23.045252832873118,39.27149923916521],[22.981301340563547,39.329330049712084],[22.91898635338093,39.34510382290544],[22.850853952868235,39.36613043423357],[22.720257791979563,39.2872691976613],[22.76605895469929,39.20278891201677],[22.834883722765696,39.16636236782732],[22.871062311632883,39.02434881802263],[22.7842130989864,38.940333925444506],[22.49049857567097,38.87685354824724],[22.602313074572336,38.8562389242238],[22.723288568957102,38.793170534331225],[22.89937308738972,38.766891084868334],[22.984231028063547,38.6670413839406],[23.099801096422922,38.67229803677263],[23.169491800768625,38.6670413839406],[23.190995249254954,38.610343538481615],[23.356156382067454,38.489501558501146],[23.493844065172922,38.48313101406755],[23.55576613853718,38.351764284331225],[23.682751688463938,38.34651144619646],[23.80394843529011,38.34651144619646],[23.960743936999094,38.20991476650896],[23.966990503771555,38.15213354702654],[23.88002494285847,38.115356050688646],[23.987299952013743,37.763427339751146],[23.918181452257883,37.68464239712419],[23.835513147814524,37.68464239712419],[23.73368361900593,37.85785635586443],[23.63414863060261,37.87897833462419],[23.540715250475657,38.00410040493669],[23.49570182274128,38.06807669277849],[23.41925719688679,38.06807669277849],[23.19584182213093,38.00503882046404],[22.980614695055735,37.95776709194841],[22.89805701683308,37.899989687163256],[23.039967569811594,37.85796698208513],[23.045392069323313,37.773578249174975],[23.04887488792683,37.642631136137865],[23.151383432848704,37.59012182827654],[23.22054770897175,37.601825319487475],[23.321707758410227,37.637382112700365],[23.312159571154368,37.54810675259294],[23.4181242317989,37.46934088345232],[23.184979471667063,37.427333437163256],[23.18579200218464,37.37482794399919],[23.10956481407429,37.34664114590349],[22.970976862414133,37.38532217617693],[23.025345835192454,37.479842745024584],[22.942069086535227,37.518390260893725],[22.7132902474239,37.54343374844255],[22.642317804796946,37.584865175444506],[22.638745340807688,37.49228628750505],[22.726239237292063,37.28850897427263],[22.813349756701243,37.212054811674975],[22.793108973009836,37.13855703945818],[22.88688758323933,37.0466800558156],[22.982552561266672,36.61475332852068],[22.673554453356516,36.75428351040544],[22.5244474739864,36.722125612456225],[22.390296015246165,36.524371706206225],[22.19140723655964,36.85523565884294],[21.98417190025593,37.02048071499529],[21.780915293200266,36.82254370327654],[21.5881681771114,36.98144110317888],[21.531443628771555,37.11514624233904],[21.62650016258503,37.306518160063646],[21.61370757530476,37.414847933012865],[21.51731399009968,37.535758577544115],[21.296347650988352,37.72654303188982],[21.22113135765339,37.828395448882006],[21.228430780871165,37.904906831938646],[21.440451654894602,38.17951544399919],[21.714499506457102,38.13544043179216],[21.905766520006907,38.26973684902849],[21.996687921984446,38.2507816183156],[22.747214350207102,37.95260580654802],[22.89865592430378,37.99755438442888],[23.116345438463938,38.157394014555834],[22.996743235094797,38.17934378262224],[22.875638041003,38.20460089321794],[22.33374122093464,38.42670782681169],[21.826472315294993,38.46395834561052],[21.661257776720774,38.438109956938646],[21.36445525596882,38.412005983549975],[21.17240432213093,38.347838960844896],[20.77183059166218,38.85093268032732],[20.89259818504597,38.895831667143725],[21.006508860094797,38.870544038969896],[21.104685816271555,38.92177542324724],[21.159516367419016,39.00482519741716],[21.007184061510813,39.11298712368669],[20.901148828966868,39.061732851225756],[20.677752527697336,39.08042486782732],[20.211808237536204,39.404925905424975],[20.12238219688679,39.551009737212084],[20.090828928454172,39.602531038481615],[21.58163124172954,39.68919409441392],[22.695097956164133,39.83448370571794]]],[[[15.448605570299875,41.8567272054738],[16.012843164904368,41.904323183257006],[16.1874113411739,41.84086187954607],[16.198414835436594,41.74566992397966],[15.989146265490305,41.63464697476091],[15.873253855211985,41.50214346523943],[15.991044077379954,41.40614279385271],[16.42026809166218,41.2787242757863],[16.94596389244343,41.09381445522966],[17.319272074206125,40.929252229887865],[18.033919367296946,40.59665258999529],[18.059941324694407,40.513534151274584],[18.38361266563679,40.30775030728044],[18.522648844225657,40.09413107510271],[18.433678659899485,39.89840658779802],[18.364918741686594,39.746722780424975],[18.16013053367878,39.873134218413256],[18.017067942126047,39.947894655424975],[17.96774581383015,40.16689261074724],[17.849604639513743,40.243495546538256],[17.619149240954172,40.28783758755388],[17.401650461657297,40.29192694302263],[17.204171213610422,40.397941194731615],[17.242802652819407,40.49576147671404],[17.08408072899128,40.525111757475756],[16.948712381823313,40.48109015103044],[16.84413054893757,40.36313589688005],[16.727564844591868,40.18360479946794],[16.604413065417063,40.08990820522966],[16.623852762682688,39.96775396938982],[16.53500655601765,39.83156546230974],[16.532101664049875,39.69751318569841],[16.873986277086985,39.54365118618669],[17.149069818957102,39.4218021261281],[17.107419046862375,39.28047140713396],[17.120997461779368,39.08602102871599],[17.18071273277546,39.022208772856615],[17.094689402086985,38.915023409087084],[16.797699961169016,38.92585714932146],[16.61332992027546,38.82732733364763],[16.52220252464558,38.7250247823781],[16.57200149009968,38.457118593413256],[16.330693277819407,38.32074316616716],[16.052943262560618,37.93117483730974],[15.78523734520222,37.9097057210988],[15.710227045519602,37.94143637295427],[15.627475771410715,38.004211031157396],[15.62657741020466,38.2330814230031],[15.790868792040598,38.29639776821794],[15.933466944201243,38.539916597563646],[15.827300104601633,38.622733675200365],[15.989846262438547,38.73476370449724],[16.15220931480671,38.70126684780779],[16.21222594688679,38.777953706938646],[16.177208933336985,38.93099173184099],[16.082562479479563,39.01247366543474],[15.989552530749094,39.42835196133318],[15.824671778185618,39.660628877837084],[15.757021936877024,39.93362768765154],[15.666200670702707,40.09186133022966],[15.76654168498807,40.574099026961534],[15.597988364502797,41.079758988417325],[15.448605570299875,41.8567272054738]]]]}},{"type":"Feature","properties":{"name":"Khundzi","subject":"Khundzi","partOf":"Khundzi","borderPrecision":1,"color":"#b3a46e"},"geometry":{"type":"MultiPolygon","coordinates":[[[[46.4141555893916,42.0722959643238],[47.47981645354851,42.59469904718398],[47.92255114225651,42.1649234982632],[46.82061956605387,41.74335956205383],[46.4141555893916,42.0722959643238]]]]}},{"type":"Feature","properties":{"name":"Tashir","subject":"Tashir","partOf":"Tashir","borderPrecision":1,"color":"#b47c6f"},"geometry":{"type":"MultiPolygon","coordinates":[[[[44.811470027098224,41.34978827042802],[45.336036517409894,41.214467347486185],[45.77373151884197,41.097880563993904],[46.11114222697489,41.00800604167045],[46.49478040645655,40.59313729303555],[46.78446637871823,40.45030001514541],[46.54958586066822,40.01396758190114],[45.62572248967156,40.521756699577594],[44.58820380180205,40.784077703330375],[44.474807951226545,40.81274813952796],[44.552020482529834,40.93591683267785],[44.811470027098224,41.34978827042802]]]]}},{"type":"Feature","properties":{"name":"Arran","subject":"Arran","partOf":"Arran","borderPrecision":1,"color":"#739b91"},"geometry":{"type":"MultiPolygon","coordinates":[[[[46.475207029952394,40.77718476629018],[46.42431625104156,40.93411255876109],[46.534241180111515,40.942762035808705],[46.53001248416406,40.93115509819276],[46.8157837811249,40.87789817177294],[46.87250876036927,40.856049546977154],[46.87380490864932,40.84697650901682],[48.0802239032941,40.07090963817697],[48.33869606912334,39.946145395372234],[48.37319249040053,39.96656083940032],[47.93929559246406,39.6743304583401],[47.817469936058174,39.67297142072481],[47.128957805191554,39.66529065862557],[47.0624083250774,40.44136258094082],[46.858675192452104,40.447913774425594],[46.78446637871823,40.45030001514541],[46.49478040645655,40.59313729303555],[46.475207029952394,40.77718476629018]]]]}},{"type":"Feature","properties":{"name":"Artsakh","subject":"Artsakh","partOf":"Artsakh","borderPrecision":1,"color":"#739b91"},"geometry":{"type":"MultiPolygon","coordinates":[[[[46.858675192452104,40.447913774425594],[47.0624083250774,40.44136258094082],[47.128957805191554,39.66529065862557],[47.817469936058174,39.67297142072481],[46.527377183048,38.93099513323033],[46.51251360194977,38.960722295426805],[46.14827770245621,39.68919409441392],[45.86438344618284,40.390579904030496],[46.54958586066822,40.01396758190114],[46.78446637871823,40.45030001514541],[46.858675192452104,40.447913774425594]]]]}},{"type":"Feature","properties":{"name":"Durdzuks","subject":"Durdzuks","partOf":"Durdzuks","borderPrecision":1,"color":"#739b91"},"geometry":{"type":"MultiPolygon","coordinates":[[[[47.47981645354851,42.59469904718398],[46.4141555893916,42.0722959643238],[46.221537046188466,42.22817509322473],[45.97921541387585,42.42427711087371],[45.93889651373822,42.45690571935129],[47.09913950026506,42.964233332008874],[47.47981645354851,42.59469904718398]]]]}},{"type":"Feature","properties":{"name":"Leks","subject":"Leks","partOf":"Leks","borderPrecision":1,"color":"#b69578"},"geometry":{"type":"MultiPolygon","coordinates":[[[[47.74498422898439,41.16268189439613],[46.771763446628604,41.724668766311495],[46.82061956605387,41.74335956205383],[47.922551142256516,42.1649234982632],[48.40756022338845,41.67373122405983],[47.87792030044409,41.167676139826234],[47.849258060544926,41.17912009668831],[47.74498422898439,41.16268189439613]]]]}},{"type":"Feature","properties":{"name":"Kakheti-Hereti","subject":"Kakheti-Hereti","partOf":"Kakheti-Hereti","borderPrecision":1,"color":"#b47c6f"},"geometry":{"type":"MultiPolygon","coordinates":[[[[45.868432358323204,42.06288054044997],[46.221537046188466,42.22817509322473],[46.4141555893916,42.0722959643238],[46.82061956605387,41.74335956205383],[46.771763446628604,41.724668766311495],[47.74498422898439,41.16268189439613],[46.84888488038016,41.02141670690091],[46.86118638407609,40.935306181029404],[46.811869105824066,40.95776747715968],[46.57307391247323,41.04935023878659],[46.534241180111515,40.942762035808705],[46.42431625104156,40.93411255876109],[46.475207029952394,40.77718476629018],[46.49478040645655,40.59313729303555],[46.11114222697489,41.00800604167045],[45.77373151884197,41.097880563993904],[45.83234056748051,41.69510579310613],[45.868432358323204,42.06288054044997]]]]}},{"type":"Feature","properties":{"name":"Emirate of Tiflis","subject":"Emirate of Tiflis","partOf":"Emirate of Tiflis","borderPrecision":1,"color":"#a88992"},"geometry":{"type":"MultiPolygon","coordinates":[[[[45.336036517409894,41.214467347486185],[44.89118164269644,41.32922529206178],[45.43192609039387,41.45900395950916],[45.51495486304371,41.70809027745868],[45.83234056748051,41.69510579310613],[45.77373151884197,41.097880563993904],[45.554453750420514,41.156288564149214],[45.336036517409894,41.214467347486185]]]]}},{"type":"Feature","properties":{"name":"Alans","subject":"Alans","partOf":"Alans","borderPrecision":1,"color":"#b47c6f"},"geometry":{"type":"MultiPolygon","coordinates":[[[[45.97921541387585,42.42427711087371],[45.294014411002905,42.36979009690512],[45.25983714902755,42.43851801493287],[43.625385457420876,42.81632317923894],[43.05769549232488,43.02615471990554],[42.47840255284036,43.13324743801728],[42.40003004178486,44.30604478525667],[46.06416612336488,43.968912347501686],[47.09913950026506,42.964233332008874],[45.93889651373822,42.45690571935129],[45.97921541387585,42.42427711087371]]]]}},{"type":"Feature","properties":{"name":"Kingdom of Georgia","subject":"Kingdom of Georgia","partOf":"Kingdom of Georgia","borderPrecision":1,"color":"#8f9a74"},"geometry":{"type":"MultiPolygon","coordinates":[[[[44.02925967291415,41.122364019314034],[43.3250095843281,40.953343998053384],[42.69293463250837,40.70051401732549],[42.671128696774815,40.65932502760655],[41.51625822046989,41.46200694552765],[41.52111342857624,41.46583517666521],[41.666113886339915,41.729152284819506],[41.68046859215046,41.79333838101091],[41.65183547447468,42.1206432210988],[41.502722773058665,42.608478151518725],[41.40974334190632,42.78824194546404],[41.12255385826374,43.019088350493334],[40.969336542589915,43.076659761626146],[40.55709365318562,43.14658697720232],[40.25161651085163,43.26818426724138],[40.09806350181843,43.37755163784685],[39.73794734672187,43.634036209076456],[41.39004381416987,43.334450124362114],[42.47840255284036,43.13324743801728],[43.05769549232488,43.02615471990554],[43.625385457420876,42.81632317923894],[45.25983714902755,42.43851801493287],[45.294014411002905,42.36979009690512],[45.97921541387585,42.42427711087371],[46.221537046188466,42.22817509322473],[45.868432358323204,42.06288054044997],[45.83234056748051,41.69510579310613],[45.51495486304371,41.70809027745868],[45.43192609039387,41.45900395950916],[44.89118164269644,41.32922529206178],[44.811470027098224,41.34978827042802],[44.78217985176953,41.303064862239324],[44.552020482529834,40.93591683267785],[44.02925967291415,41.122364019314034]]]]}},{"type":"Feature","properties":{"name":"Goghtn","subject":"Goghtn","partOf":"Goghtn","borderPrecision":1,"color":"#b47c6f"},"geometry":{"type":"MultiPolygon","coordinates":[[[[44.65482069183628,39.73798276936846],[45.53959963305321,39.54766565422446],[46.02595966834708,38.82060727487576],[45.54742898365487,38.92000875029718],[44.65482069183628,39.73798276936846]]]]}},{"type":"Feature","properties":{"name":"Armenia","subject":"Byzantine Empire","partOf":"Armenia","borderPrecision":1,"color":"#8aa0a8"},"geometry":{"type":"MultiPolygon","coordinates":[[[[45.54742898365487,38.92000875029718],[46.02595966834708,38.82060727487576],[46.24586578277113,38.77492787974564],[46.51251360194977,38.960722295426805],[46.527377183048,38.93099513323033],[46.54570594867809,38.894337601970165],[46.82249098439725,38.34076753053185],[46.906767644639885,37.919384229318695],[46.82249098439725,37.6665542485908],[45.51620275063648,37.03447929677108],[44.841989468695445,36.781649316043186],[44.46274449760362,36.823787646164504],[42.01872135056733,38.13007587992527],[41.00740142765578,38.34076753053185],[41.808029699960755,38.67787417150237],[42.01872135056733,39.183534132958144],[42.31368966141655,39.984162405263135],[42.671128696774815,40.65932502760655],[42.69293463250837,40.70051401732549],[43.3250095843281,40.953343998053384],[44.02925967291415,41.122364019314034],[44.552020482529834,40.93591683267785],[44.474807951226545,40.81274813952796],[44.58820380180205,40.784077703330375],[44.5239449582161,39.85791550000677],[44.65482069183628,39.73798276936846],[45.54742898365487,38.92000875029718]],[[45.44746093750001,37.932421875],[45.4873046875,38.07294921875],[45.45839843750002,38.1734375],[45.35693359375,38.2642578125],[45.105566406250006,38.2642578125],[45.025976562500006,38.192724609375],[45.01542968750002,38.144384765625],[45.091796875,38.140039062499994],[45.17119140625002,38.143847656249996],[45.18818359375001,38.107861328125],[45.15546875000001,38.04453125],[45.08027343750001,37.987597656249996],[45.087011718750006,37.885400390624994],[45.23417968750002,37.763671875],[45.25322265625002,37.684960937499994],[45.25712890625002,37.6154296875],[45.29248046875,37.438037109374996],[45.36455078125002,37.226611328124996],[45.44853515625002,37.149462890624996],[45.53554687500002,37.13486328125],[45.6125,37.21171875],[45.66279296875001,37.288134765624996],[45.70263671875,37.302978515625],[45.831152343750006,37.34052734375],[45.85771484375002,37.42646484375],[45.754980468750006,37.577734375],[45.74873046875001,37.662548828125],[45.746679687500006,37.701171875],[45.66630859375002,37.74189453125],[45.54609375000001,37.754345703125],[45.48320312500002,37.753564453124994],[45.43593750000002,37.806201171874996],[45.44746093750001,37.932421875]],[[43.23457031250001,38.4072265625],[43.318359375,38.488720703125],[43.287109375,38.547998046874994],[43.18642578125002,38.603125],[43.2099609375,38.71591796875],[43.29189453125002,38.812792968749996],[43.3828125,38.836083984374994],[43.53105468750002,38.897509765624996],[43.61074218750002,38.947021484375],[43.56015625,38.97763671875],[43.43593750000002,38.987841796874996],[43.28496093750002,38.96357421875],[43.15214843750002,38.947558593749996],[43.0751953125,38.91611328125],[43.08759765625001,38.881396484374996],[43.12646484375,38.8818359375],[43.158789062500006,38.868994140625],[43.16279296875001,38.84619140625],[43.07939453125002,38.809326171875],[42.93476562500001,38.794189453125],[42.84501953125002,38.793994140624996],[42.72285156250001,38.782080078125],[42.525976562500006,38.745166015624996],[42.4580078125,38.6921875],[42.45839843750002,38.6427734375],[42.43398437500002,38.610498046874994],[42.36455078125002,38.54853515625],[42.353125,38.499804687499996],[42.53847656250002,38.489697265625],[42.58613281250001,38.481591796874994],[42.68330078125001,38.45654296875],[42.78095703125001,38.45859375],[42.8564453125,38.483740234375],[42.88222656250002,38.476806640625],[42.91162109375,38.426123046875],[42.92275390625002,38.390039062499994],[42.98867187500002,38.345605468749994],[43.08769531250002,38.326074218749994],[43.14765625000001,38.33662109375],[43.23457031250001,38.4072265625]]]]}},{"type":"Feature","properties":{"name":"Syunik","subject":"Syunik","partOf":"Syunik","borderPrecision":1,"color":"#b69578"},"geometry":{"type":"MultiPolygon","coordinates":[[[[46.02595966834708,38.82060727487576],[45.53959963305321,39.54766565422446],[44.65482069183628,39.73798276936846],[44.5239449582161,39.85791550000677],[44.58820380180205,40.784077703330375],[45.62572248967156,40.521756699577594],[45.86438344618284,40.390579904030496],[46.14827770245621,39.68919409441392],[46.51251360194977,38.960722295426805],[46.24586578277113,38.77492787974564],[46.02595966834708,38.82060727487576]],[[45.1533203125,40.403564453125],[45.18349609375002,40.38525390625],[45.21826171875,40.2958984375],[45.24843750000002,40.1974609375],[45.27587890625,40.163818359375],[45.31269531250001,40.14882812499999],[45.388769531250006,40.151416015624996],[45.48066406250001,40.15595703125],[45.54316406250001,40.155517578125],[45.60761718750001,40.172167968749996],[45.6513671875,40.194970703124994],[45.6591796875,40.2154296875],[45.65576171875,40.24267578125],[45.63623046875,40.278710937499994],[45.60195312500002,40.318261718749994],[45.53671875,40.364697265625],[45.43701171875,40.43515625],[45.37294921875002,40.479150390624994],[45.31083984375002,40.48828125],[45.24169921875,40.510205078125],[45.0953125,40.59033203125],[45.01455078125002,40.61435546875],[44.98623046875002,40.611572265625],[44.988867187500006,40.582324218749996],[44.972265625,40.542333984375],[44.98964843750002,40.514990234375],[45.03984375000002,40.490478515625],[45.0953125,40.461083984374994],[45.124609375,40.428173828125],[45.1533203125,40.403564453125]]]]}},{"type":"Feature","properties":{"name":"Cuman-Kipchak confederation","subject":"Cuman-Kipchak confederation","partOf":null,"borderPrecision":1,"color":"#b69578"},"geometry":{"type":"MultiPolygon","coordinates":[[[[47.47981645354851,42.59469904718398],[47.09913950026506,42.964233332008874],[46.06416612336488,43.968912347501686],[42.40003004178486,44.30604478525667],[42.47840255284036,43.13324743801728],[41.39004381416987,43.334450124362114],[39.73794734672187,43.634036209076456],[39.458689722521555,43.832931123930834],[39.12150969921185,44.071758859296715],[39.76022036304607,45.43474695252512],[38.33243723824161,46.046805976999664],[38.45897963951374,46.07891424771013],[38.2649145455196,46.31855734463396],[37.970171961291086,46.441283785063646],[37.757098230822336,46.60319098110857],[37.8665991158321,46.65535696621599],[38.031863245470774,46.66868170376482],[38.40109160850788,46.7213512289113],[38.72273925255085,46.877921663481615],[39.282359156115305,47.07403143521013],[39.194094690783274,47.24295004482927],[39.159853968127024,47.26889380093279],[38.80024627159382,47.22916754360857],[38.209727320177805,47.15045889492693],[37.85925200889851,47.103744112212084],[37.42214492271687,47.07688101406755],[37.19263366173054,46.89442022915544],[36.86455825279499,46.809291444975756],[36.35396865318562,46.77579840298357],[35.85055831383015,46.66439016934099],[35.624331507189524,46.52106054897966],[35.41610244224812,46.494689546782396],[35.21237472008015,46.63714178677263],[35.04636672447468,46.357650362212084],[34.906809839709055,46.27302130337419],[34.69234755943562,46.25312765713396],[34.49565413902546,46.27870138760271],[34.06421569298054,46.26487311001482],[33.83908370445515,46.193053804594896],[34.12725737999226,46.06389959927263],[35.00805190513874,45.61194571133318],[35.031897577746165,45.53427466030779],[34.9900122017696,45.45001562710466],[35.063418421252024,45.34009894009294],[35.31667617271687,45.32118185635271],[35.54621795128132,45.37989386196794],[35.8484002169275,45.444934461966966],[35.79348611722668,45.050234368196925],[35.59955504844929,45.10174139614763],[35.386660608752024,45.08192404385271],[35.06732085655476,44.86172445889177],[34.61416152427937,44.8414684164113],[34.37224105308796,44.75717505093279],[34.2913726812805,44.68230781097208],[33.459502801546115,44.73158300515798],[33.55937865684773,44.93613775845232],[33.516673120959055,45.12350805874529],[33.397872004015696,45.25268133755388],[33.013491663439524,45.38137014980974],[32.926287683947336,45.38767202969255],[32.64344695518757,45.380633913237475],[32.575301203234446,45.361083589751146],[32.50324157188679,45.44510229702654],[32.902258905871165,45.67258032437029],[33.19164946983601,45.78977545376482],[33.53945830772663,45.874713503081225],[33.638838800890696,45.92677267666521],[33.52794555137898,46.13406332607927],[33.33253386925007,46.16611059780779],[32.9729338021114,46.14594992275896],[32.51644423912312,46.12558325405779],[33.114102969093096,46.565946322464356],[32.967389560838065,47.02795670699847],[33.78898464706626,47.047954147002834],[34.17043950852934,47.505827614103545],[35.22677604796558,47.565258218006335],[35.19743336631457,48.468101725695625],[33.37818710395215,49.04840667057293],[36.209422554120366,51.78272324270199],[36.657781792953145,51.9457629659139],[37.06538110098292,53.16856089000328],[37.75829992463356,53.16856089000328],[37.83981978623952,53.98375950606285],[37.89882378403445,54.033685965735486],[41.418081876327975,53.298674520929495],[43.24904704422405,54.047405305843604],[43.26667082034138,54.00301094938589],[45.37934389921386,52.84914990361629],[46.22353827031276,52.56487620323982],[51.686696085516495,52.04728607258355],[54.18214839451589,52.27838356528081],[55.70905991815804,57.19766715162802],[59.000098796275445,56.45314882105196],[59.09429166962169,56.4318399506882],[59.189973205591734,56.41019430623805],[65.31164209247186,55.04663307077481],[78.36223290626025,56.41019430623805],[93.70004066679506,56.48455609390737],[98.81824973137188,55.429392845068904],[105.94242943243997,41.36826755966085],[103.0625845164284,41.202122660660194],[101.43244680575937,41.202122660660194],[98.98724023975582,41.81342430216107],[96.23638285300184,41.507773481410624],[92.26292218324609,42.11907512291151],[91.3459697209948,42.11907512291151],[88.18757790657351,41.40588987449382],[85.94613855440362,41.40588987449382],[85.23295330598593,40.998355446826565],[85.2045550866196,40.77116969189599],[59.81119011936403,45.689241968325916],[59.77499829788771,45.74007574935828],[59.78212890625002,45.7642578125],[59.79267578125001,45.777880859374996],[59.80595703125002,45.784521484375],[59.818359375,45.795849609375],[59.823339843750006,45.8349609375],[59.84199218750001,45.85791015625],[59.84160156250002,45.8697265625],[59.832617187500006,45.885888671874994],[59.82929687500001,45.902294921875],[59.847265625,45.914697265624994],[59.88261718750002,45.92060546875],[59.93535156250002,45.919970703124996],[60.316015625,45.863232421875],[60.41689453125002,45.848291015624994],[60.45693359375002,45.871923828125],[60.502539062500006,45.926806640624996],[60.57021484375002,45.972021484375],[60.65966796875,46.007470703124994],[60.7294921875,46.050830078124996],[60.77949218750001,46.1021484375],[60.835058593750006,46.131787109375],[60.8779296875,46.137353515624994],[61.13046875,46.229833984375],[61.17744140625001,46.23046875],[61.223242187500006,46.27001953125],[61.26777343750001,46.348486328125],[61.28154296875002,46.407275390624996],[61.26445312500002,46.446484375],[61.22792968750002,46.462841796875],[61.17167968750002,46.45654296875],[61.07509765625002,46.46552734375],[60.938085937500006,46.48984375],[60.84619140625,46.524365234375],[60.799414062500006,46.568994140624994],[60.78310546875002,46.632666015625],[60.79726562500002,46.715478515624994],[60.74394531250002,46.764990234375],[60.623046875,46.781298828124996],[60.57021484375002,46.777880859374996],[60.58515625000001,46.754785156249994],[60.637792968750006,46.72080078125],[60.72802734375,46.676025390625],[60.725683593750006,46.625830078125],[60.65117187500002,46.5890625],[60.6044921875,46.578076171875],[60.55458984375002,46.58564453125],[60.50117187500001,46.611767578125],[60.459570312500006,46.592822265624996],[60.4296875,46.52890625],[60.39628906250002,46.54306640625],[60.359375,46.63525390625],[60.3173828125,46.687451171875],[60.2705078125,46.69970703125],[60.1890625,46.676806640624996],[60.07304687500002,46.618798828124994],[60.00917968750002,46.56064453125],[59.99765625,46.502392578125],[60.02070312500001,46.4494140625],[60.078710937500006,46.401757812499994],[60.1728515625,46.389941406249996],[60.30292968750001,46.413916015625],[60.39531250000002,46.405566406249996],[60.449804687500006,46.364990234375],[60.54775390625002,46.322558593749996],[60.58339843750002,46.326464843749996],[60.607519531250006,46.349023437499994],[60.68339843750002,46.381396484374996],[60.69599609375001,46.400683593749996],[60.7109375,46.407617187499994],[60.72832031250002,46.402294921875],[60.74980468750002,46.353662109374994],[60.82255859375002,46.2431640625],[60.82412109375002,46.213427734374996],[60.81191406250002,46.16865234375],[60.72832031250002,46.10126953125],[60.68496093750002,46.078417968749996],[60.65117187500002,46.071044921875],[60.32353515625002,46.102783203125],[60.237890625,46.099755859374994],[60.16474609375001,46.108349609375],[60.10429687500002,46.128564453124994],[60.02871093750002,46.122998046875],[59.86347656250001,46.074511718749996],[59.80488281250001,46.071337890624996],[59.78740234375002,46.088525390624994],[59.81083984375002,46.12607421875],[59.8154296875,46.181396484375],[59.80078125,46.254541015624994],[59.77890625,46.30146484375],[59.74941406250002,46.322119140625],[59.698828125,46.331298828125],[59.57695312500002,46.33349609375],[59.548828125,46.344775390624996],[59.53076171875,46.342675781249994],[59.52265625000001,46.327197265624996],[59.57167968750002,46.25859375],[59.677734375,46.1369140625],[59.70576171875001,46.022119140624994],[59.65546875000001,45.91416015625],[59.65399466921725,45.9100332622174],[57.419213844249974,49.04892913641529],[53.25597090297105,46.70455329431142],[53.23017791221882,46.730346285063646],[53.185217890246165,46.865226350981615],[53.02336409996296,46.91917761440935],[52.86151030967976,46.937160097319506],[52.55578521202351,46.98212011929216],[52.465865168078196,46.910182558257006],[52.37594893883015,46.87421759243669],[52.14215758751179,46.838248811919115],[51.935347589953196,46.89220007534685],[51.79147628258015,47.009093843657396],[51.6745825142696,47.036071382719896],[51.36885741661335,47.09002264614763],[51.117083582384836,47.06304510708513],[50.82035354088093,46.91917761440935],[50.63152221153523,46.910182558257006],[50.27184966514851,46.68538626309099],[49.9481420845821,46.559501253325365],[49.723345789416086,46.532523714262865],[49.53451446007038,46.54151877041521],[49.40862945030476,46.43361624355974],[49.31320479820515,46.352687441069506],[49.23778441856648,46.26276739712419],[49.05794433067585,46.13688238735857],[48.88709929893757,46.082931123930834],[48.833148035509836,46.082931123930834],[48.833148035509836,46.01998861904802],[48.833148035509836,45.92107733364763],[48.770205530627024,45.88510855313005],[48.63532927940632,45.975028597075365],[48.482466730578196,45.88510855313005],[48.30262664268757,45.768214784819506],[48.01488784263874,45.71426352139177],[47.871016535265696,45.67829855557146],[47.75412276695515,45.71426352139177],[47.67319777916218,45.75023230190935],[47.628237757189524,45.73224981899919],[47.60126403282429,45.66031225796404],[47.65521148155476,45.54341848965349],[47.55630401085163,45.45349844570818],[47.4753752083614,45.318622194487475],[47.39445022056843,45.17475088711443],[47.25057891319538,44.98592337246599],[47.169653925402415,44.860038362700365],[47.02578261802937,44.78810080166521],[46.87292006920124,44.68019827480974],[46.80997756431843,44.53633078213396],[46.84594634483601,44.446410738188646],[46.99880507896687,44.356490694243334],[47.142676386339915,44.33850821133318],[47.22360137413288,44.20362814541521],[47.33150771568562,44.18564566250505],[47.43940642784382,44.03278311367693],[47.56529525230671,43.84395559902849],[47.53831771324421,43.67311056729021],[47.49336150596882,43.583190523344896],[47.520335230334055,43.511256777007006],[47.56529525230671,43.60117300625505],[47.61025527427937,43.75403555508318],[47.6642065377071,43.85294684048357],[47.73614028404499,43.861938081938646],[47.67319777916218,43.664115511137865],[47.57428649376179,43.50226172085466],[47.60126403282429,43.3224254476613],[47.65521148155476,43.277465425688646],[47.58327773521687,43.1875491964406],[47.56529525230671,43.007709108549975],[47.73614028404499,42.899806581694506],[47.79009154747273,42.85484655972185],[47.84404281090046,42.621059023100756],[47.969927820666086,42.59408529873552],[48.13178161094929,42.40525396938982],[48.2217016548946,42.27936895962419],[47.922551142256516,42.1649234982632],[47.92255114225651,42.1649234982632],[47.47981645354851,42.59469904718398]],[[42.4304043932877,47.57515677027648],[42.10029922471388,47.72341059002354],[41.73351570407629,47.64933628423834],[41.68216601118703,47.41655539754408],[42.327705007509174,47.31718623117871],[42.4304043932877,47.57515677027648]]]]}},{"type":"Feature","properties":{"name":"Icelandic Commonwealth","subject":"Icelandic Commonwealth","partOf":"Icelandic Commonwealth","borderPrecision":1,"color":"#8aa0a8"},"geometry":{"type":"MultiPolygon","coordinates":[[[[-24.218850102917898,65.5337406026906],[-24.161536183850515,65.60662420864763],[-23.972643819348562,65.68710669155779],[-23.57052132178997,65.6805683004445],[-23.266970601575125,65.72486456509294],[-23.426138844983328,65.82667120571794],[-23.608294454114187,65.97963293667497],[-23.46556946326946,66.13343390103044],[-23.341095891492117,66.13366278286638],[-22.910920110242117,65.9444080221242],[-22.609297719495046,65.92308386440935],[-22.474139180676687,65.99637945767107],[-22.560055699841726,66.1131854879445],[-22.841093984143484,66.28103979702654],[-22.676369634167898,66.3913074361867],[-22.20981880714153,66.28955420132341],[-21.77907272865032,66.2537341939992],[-21.44324966956829,66.12991675015154],[-21.242489781872976,65.88181646938982],[-21.29616829444622,65.6994129049367],[-21.49471565772747,65.56796606655779],[-21.079720464246023,65.20544775601091],[-20.830618825452078,65.36559637661638],[-20.672482457654226,65.42404516812029],[-20.388926473157156,65.47545202847185],[-20.168446507947195,65.55589636440935],[-20.14127632667278,65.65056952114763],[-20.217385259167898,66.00059851284685],[-19.973305669324148,66.11072882290544],[-19.747664418713796,65.90652807827654],[-19.55601021339153,65.7682605611867],[-19.335995641247976,65.67393072720232],[-19.23918243934368,65.66683539028826],[-19.155894246594656,65.72528418179216],[-19.27452942420696,65.92930182095232],[-19.165436711804617,66.00257452603044],[-19.044123616711843,66.01741369839372],[-18.676299062268484,66.09119757290544],[-18.36903282691692,65.89450415249529],[-18.127926793591726,65.78552588101091],[-17.88376900245403,65.75682409878435],[-17.861041036145437,65.8370853292531],[-18.022482839123953,66.07779272671404],[-17.569674458997,66.0128665792531],[-16.922141042248953,65.97755011196794],[-16.56798645545696,66.0293460714406],[-16.37568565894817,66.13209112759294],[-16.385222402112234,66.4544177877492],[-15.859886136548269,66.41871985073747],[-15.573985066907156,66.20676764126482],[-15.070752110974539,66.06138952847185],[-14.763337102429617,66.05466040249529],[-14.640680280225027,65.94529303188982],[-14.754071202771414,65.6970706808156],[-14.400113072888601,65.56669195767107],[-13.646900144116628,65.49534186001482],[-13.589788404004324,65.43004187222185],[-13.525573697583425,65.18334540005388],[-13.557373967663992,65.00938757534685],[-13.625843968884695,64.89389380093279],[-13.694187131421316,64.77862890835466],[-13.893424954907644,64.72070654507341],[-14.26032158424114,64.71282538052263],[-14.348122563855398,64.66953619595232],[-14.365896192090261,64.47555883999529],[-14.597537961499441,64.26713141079607],[-14.82120033790325,64.19502600308122],[-15.076808896558035,64.20890387173357],[-15.266535726086843,64.28020819302263],[-15.634139981763113,64.05748327847185],[-15.876496282117117,63.99265631313982],[-16.53383919288372,63.78413351650896],[-16.917538609997976,63.73341330166521],[-17.244381871716726,63.7328258382863],[-17.591462102429617,63.68934210415544],[-17.94410416175579,63.4248424398488],[-18.15692230750774,63.36746176357927],[-18.641863790051687,63.323817812163256],[-18.960791554944265,63.337462984282396],[-19.553091969983328,63.41468008633318],[-19.82674690772747,63.47830160732927],[-20.403946843640554,63.69834478970232],[-20.87988182594036,63.74029120083513],[-21.079123464123953,63.7113414632863],[-21.54750534583782,63.71762045498552],[-22.37291046668743,63.773185335356615],[-22.506588902966726,63.86582144375505],[-22.311337438122976,63.951984010893725],[-21.80411049415325,64.11036261196794],[-21.488474813000906,64.37614019985857],[-21.856713262097585,64.3826175558156],[-22.086178746716726,64.43959387417497],[-22.27860542823528,64.6188007223195],[-22.3924226432011,64.66170080776872],[-22.55358978797649,64.62545355435076],[-23.257531133191335,64.57384070034685],[-23.50830742408489,64.55902441616716],[-23.674576726453054,64.65931280728044],[-23.611166921155203,64.74570044155779],[-23.43667122413372,64.80359228726091],[-23.13564774085735,64.8473392355031],[-22.77842232276653,64.85519751187029],[-22.450291600720632,64.90623053188982],[-21.97829147865032,64.95033606167497],[-21.809164968030203,65.03735693569841],[-21.72894951392864,65.18245276089372],[-21.793759313122976,65.29845007534685],[-21.954796758191335,65.37804754849138],[-22.146489110486257,65.38492163296404],[-22.36159225990032,65.44994696255388],[-22.81372162391399,65.47090490933122],[-23.18323990394329,65.4265857564992],[-23.374228444592703,65.3535877096242],[-23.67845245887493,65.3166995870656],[-24.146887746350515,65.43931921597185],[-24.218850102917898,65.5337406026906]]]]}},{"type":"Feature","properties":{"name":"Papal States","subject":"Papal States","partOf":"Papal States","borderPrecision":1,"color":"#8aa0a8"},"geometry":{"type":"MultiPolygon","coordinates":[[[[12.697230371935618,43.93475683804216],[13.60087111900593,43.53480490322771],[13.731556925280344,43.37416037197771],[13.791634592516672,43.123344026762865],[13.91509059379841,42.87276419277849],[14.076401988771629,42.633776395633475],[13.995834610776512,42.61343160090928],[13.929417803955044,42.53041059238244],[13.82979259372284,42.56361899579318],[13.82979259372284,42.480597987266336],[13.763375786901367,42.46399378556097],[13.713563181785265,42.3975769787395],[13.630542173258428,42.53041059238244],[13.54752116473159,42.43078538215023],[13.414687551088651,42.36436857532876],[13.464500156204753,42.231534961685824],[13.414687551088651,42.19832655827509],[13.580729568142324,42.09870134804289],[13.580729568142324,42.048888742926785],[13.630542173258428,42.015680339516045],[13.630542173258428,41.93265933098921],[13.564125366436958,41.86624252416774],[13.597333769847694,41.799825717346266],[13.647146374963796,41.750013112230164],[13.647146374963796,41.799825717346266],[13.863000997133572,41.750013112230164],[13.863000997133572,41.7832215156409],[13.929417803955044,41.750013112230164],[13.879605198838942,41.66699210370333],[13.879605198838942,41.6337837002926],[13.929417803955044,41.6337837002926],[13.962626207365776,41.51755428835502],[13.962626207365776,41.46774168323892],[14.029043014187248,41.40132487641745],[13.995834610776512,41.351512271301345],[13.979230409071146,41.33490806959598],[13.81318839201747,41.31830386789061],[13.760507236067037,41.20669841656926],[13.498390230639231,41.301864229399584],[13.271446260912668,41.31423910732927],[12.976777109606516,41.3713756429738],[12.641516718371165,41.53109701748552],[12.394848856432688,41.72954901333513],[11.96343329857136,42.00474127407732],[11.960132972273152,42.00737273979235],[12.019934607837783,42.09870134804289],[12.003330406132417,42.248139163391194],[12.069747212953885,42.297951768507296],[12.053143011248519,42.53041059238244],[12.129717682642681,42.596046025006004],[12.16937242318609,42.63003580261464],[12.152768221480724,42.696452609436115],[12.185976624891458,42.912307231605894],[12.16937242318609,42.912307231605894],[12.152768221480724,43.0617450469542],[12.219185028302192,43.22778706400788],[12.30220603682903,43.27759966912398],[12.30220603682903,43.344016475945445],[12.697230371935618,43.93475683804216]]]]}},{"type":"Feature","properties":{"name":"Serbia","subject":"Serbia","partOf":"Serbia","borderPrecision":1,"color":"#8f9a74"},"geometry":{"type":"MultiPolygon","coordinates":[[[[16.81725,44.8202],[18.88873,44.47077],[18.89974,42.48164],[19.87964,42.13967],[19.52026,41.78279],[19.45789,41.79808],[19.36771,41.84637],[19.33847,41.86202],[19.14304,41.93209],[19.13554,41.99954],[18.9099,42.21779],[18.52864,42.35274],[18.51359,42.36214],[18.24871,42.52744],[18.00137,42.69446],[17.64638,42.8646],[17.59568,42.8889],[17.54798,42.92012],[17.30407,43.07621],[17.07509,43.22275],[16.99226,43.32272],[16.63981,43.38974],[16.71152,43.77133],[16.70148,43.84666],[16.8651,44.24474],[16.81725,44.8202]]]]}},{"type":"Feature","properties":{"name":"Western Chalukyas","subject":"Western Chalukyas","partOf":"Western Chalukyas","borderPrecision":1,"color":"#a88992"},"geometry":{"type":"MultiPolygon","coordinates":[[[[79.2813969395755,20.764420538811077],[83.8888013438294,18.190971077993122],[83.9135558078169,18.17714455954324],[83.6847181649044,18.08344992275896],[83.38139632652549,17.710679613310717],[83.07697585533408,17.500392519194506],[82.84608708470167,17.383410615148662],[82.74959090660361,17.334519945341967],[82.54642013023643,17.226087175566576],[82.35399917076377,17.085914217192553],[82.26742080162315,16.857019029814623],[82.23458388756065,16.647302232939623],[82.22151250986612,16.63155176322633],[82.08141616295127,16.462741457182787],[81.78898147056846,16.32870253201189],[81.59676650474815,16.302877031523607],[81.36909774254111,16.34686430569353],[81.25310042808799,16.225911699492357],[81.08790114830283,15.826792322356127],[80.96311477134971,15.723398767668627],[80.7359648079708,15.837270342070482],[80.45975783775596,15.773146234709642],[78.20298442872577,14.81426846920533],[76.67473032497351,13.28601436545312],[75.43986977288576,11.749801343119039],[75.2109403939083,12.10236796017351],[74.96174148033408,12.876961313444994],[74.77759773629312,13.527907139134712],[74.73362258384971,13.68335875149431],[74.70298936199266,13.751270509405117],[74.42143634905956,14.37545428421764],[74.40150741050986,14.419635378081225],[74.37707415176835,14.461922599128641],[74.15313195012307,14.849504684801886],[74.03218368004111,15.058832727629564],[73.8414335579708,15.390475832182787],[73.57273391197471,16.037927232939623],[73.50805146578092,16.243956660290955],[73.49423716325278,16.287958596003243],[73.40928939293174,16.558538042265795],[73.39573464238465,16.616407518475278],[73.18471275450152,17.517326061989863],[73.06422713707236,18.031716905791185],[72.97611020320149,18.538566210781177],[72.85335067222859,19.244680010039232],[72.78251174400593,19.94968756313982],[72.75949386070515,20.057649217802904],[72.86443618248249,20.311982713896654],[73.10968306968955,20.687320314604662],[73.1114380256663,20.764420538811077],[78.84272127829367,20.764420538811077],[79.2813969395755,20.764420538811077]]]]}},{"type":"Feature","properties":{"name":"Paramas","subject":"Paramas","partOf":"Paramas","borderPrecision":1,"color":"#a88992"},"geometry":{"type":"MultiPolygon","coordinates":[[[[78.55131883527947,27.630428226015034],[79.67974730319635,23.532175199662824],[79.30708051956105,23.475938155959966],[76.92039069345235,23.115776247386442],[74.79645855348642,25.713726881537013],[74.1173958209184,26.544342617090322],[76.30908035561204,27.045147438940386],[78.55131883527947,27.630428226015034]]]]}},{"type":"Feature","properties":{"name":"Chauhans","subject":"Chauhans","partOf":"Chauhans","borderPrecision":1,"color":"#a88992"},"geometry":{"type":"MultiPolygon","coordinates":[[[[76.30908035561204,27.045147438940386],[74.1173958209184,26.544342617090322],[72.62766425774089,28.366551993013818],[77.06013118879203,29.420755243488284],[79.8537096880478,27.970385081763993],[78.55131883527947,27.630428226015034],[76.30908035561204,27.045147438940386]]]]}},{"type":"Feature","properties":{"name":"Hindu Kingdoms","subject":"Hindu Kingdoms","partOf":"Hindu Kingdoms","borderPrecision":1,"color":"#8f9a74"},"geometry":{"type":"MultiPolygon","coordinates":[[[[71.40380942369548,32.53223587391065],[72.21038249693608,33.372102743188705],[76.62918591018368,33.18927554933223],[78.23447228507757,32.30899667921651],[77.0864041012934,29.427003905957562],[77.06013118879203,29.420755243488284],[72.62766425774089,28.366551993013818],[74.1173958209184,26.544342617090322],[74.79645855348642,25.713726881537013],[72.17618572489474,24.56842724275131],[68.96627568862381,24.70205240955149],[70.28900560169531,27.577552220576486],[70.47343573295396,27.854197417464476],[71.15607524102877,28.878156679576705],[71.23673626914251,30.06790684425446],[71.40380942369548,32.53223587391065]]]]}},{"type":"Feature","properties":{"name":"Solankis","subject":"Solankis","partOf":"Solankis","borderPrecision":1,"color":"#8aa0a8"},"geometry":{"type":"MultiPolygon","coordinates":[[[[74.79645855348642,25.713726881537013],[76.92039069345235,23.115776247386442],[75.7828187150072,22.944111672285555],[72.68776809023342,21.664009608084733],[72.68510928497243,21.68653804893493],[72.627,21.686],[72.615,21.685],[72.602,21.682],[72.589,21.677],[72.573,21.668],[72.553,21.663],[72.542,21.664],[72.537,21.666],[72.529,21.672],[72.526,21.678],[72.524,21.684],[72.525,21.695],[72.529,21.704],[72.547,21.734],[72.551,21.742],[72.557,21.761],[72.556,21.789],[72.558,21.809],[72.565,21.844],[72.567,21.848],[72.623,21.924],[72.626,21.928],[72.64,21.938],[72.646,21.941],[72.652,21.941],[72.657,21.939],[72.669,21.93],[72.674,21.928],[72.67434442447919,21.92809840699405],[72.69562056968952,22.12853582974138],[72.31904891441609,22.11503180142107],[72.23298171470906,22.019551836211107],[72.12713912437702,21.828742586333178],[72.13103774498249,21.746179186064623],[72.25569442222859,21.632083498198412],[72.28899672935749,21.54956968899431],[72.25619796226765,21.352563463408373],[72.1208601326778,21.155339800078295],[71.89442733238484,20.989677034575365],[71.52892592857624,20.823730074126146],[71.30259231041218,20.772426210600756],[71.0244474739864,20.657476030547045],[70.85505202720906,20.650762163359545],[70.46747878502156,20.77700003262224],[70.20994857261921,20.94797857876482],[69.75222304771687,21.398070894438646],[69.12606337974812,21.96850737209978],[68.8941755623653,22.285655580717943],[69.01423171470906,22.30496748562517],[69.49224379966999,22.24880941982927],[69.76916793297077,22.287507616240404],[69.96852401207234,22.35145720120134],[70.17620376060749,22.478955827910326],[70.41056350181843,22.752622209746264],[70.3806486458614,22.860560976225756],[70.31022170494343,22.82864340420427],[70.04594710777546,22.777261339384935],[69.66488936851765,22.789163194853685],[69.39181807945515,22.8394046651906],[69.10719588707234,22.898904405791185],[68.88241103599812,22.99714811917009],[68.79081252525593,23.028724275786303],[68.37294295738484,23.326415621001146],[68.0721769661739,23.67518766995134],[68.86453405136173,24.48087493724264],[68.96627568862381,24.70205240955149],[72.17618572489474,24.56842724275131],[74.79645855348642,25.713726881537013]]],[[[72.563,21.913],[72.552,21.907],[72.541,21.908],[72.536,21.91],[72.528,21.917],[72.502,21.971],[72.501,21.977],[72.501,21.982],[72.519,22.081],[72.521,22.091],[72.53177799543899,22.122660361602],[72.69562056968952,22.12853582974138],[72.66365826067288,21.967986262890513],[72.607,21.951],[72.595,21.941],[72.579,21.927],[72.576,21.923],[72.563,21.913]]]]}}]}