{"type":"FeatureCollection","features":[{"type":"Feature","properties":{"name":"Cyprus","subject":"Cyprus","partOf":"Cyprus","borderPrecision":1,"color":"#739b91"},"geometry":{"type":"MultiPolygon","coordinates":[[[[33.78049758395312,35.2081371173418],[33.77266601046679,35.129283510164065],[33.92467406710742,34.95322760196094],[33.79195693453906,34.95737036319141],[33.73257735690234,34.90862234683399],[33.685820612517574,34.93486746402149],[33.5385122629082,34.944156251863284],[33.4839353891289,34.79579123111133],[33.13139251193164,34.680335603669924],[32.95861724337695,34.659339509919924],[32.91454604586718,34.635726533845705],[32.91451552828906,34.54125937075977],[32.81665709933398,34.538638673738284],[32.78413680514453,34.625228486970705],[32.60339263400195,34.61473425479297],[32.357180628386715,34.680335603669924],[32.27109054049609,34.71969565005664],[32.27097991427539,34.81415518374805],[32.19850066622851,34.86138876529102],[32.14372161349414,35.042544923738284],[32.18047622164843,35.05831488223438],[32.23445800265429,35.01363333316211],[32.30098632296679,35.01626165957813],[32.48311522921679,35.15294226260547],[32.5969839425957,35.15557440371875],[32.74495223483203,35.11427267642383],[32.77952483615039,35.15294226260547],[32.81907180270312,35.2817455157793],[32.79511168917773,35.36061056704883],[33.07747939547656,35.3186107501543],[33.37370971163867,35.30648001284961],[33.53904250582812,35.33169516177539],[33.907317194548824,35.436847291902346],[34.21733764132617,35.573566041902346],[34.45821288546679,35.64456137271289],[34.24465468844531,35.511844240144534],[34.04842666110156,35.40793188662891],[33.78049758395312,35.2081371173418]]]]}},{"type":"Feature","properties":{"name":"Denmark-Norway","subject":"Denmark-Norway","partOf":"Denmark-Norway","borderPrecision":1,"color":"#b69578"},"geometry":{"type":"MultiPolygon","coordinates":[[[[11.178854975310546,59.070289216951174],[11.112050089446289,59.16510733218555],[10.829190287200195,59.1058421954668],[10.768937143889648,59.11769064517383],[10.656806025115234,59.22439535708789],[10.549271616545898,59.37863119693164],[10.633557352629882,59.44985159488086],[10.569742235747558,59.58050497622852],[10.407057795134765,59.49734839053516],[10.378625902739746,59.36674841494922],[10.429588350859863,59.25997122378711],[10.363341364470703,59.212535463289065],[10.211065325347167,59.070289216951174],[10.172335657683593,58.98736532779102],[9.937624010649902,58.94000204654102],[9.697579416838867,58.999217592195315],[9.346200022307617,58.84530981631641],[9.371620211211425,58.78614767642383],[9.145894083586914,58.65606649966602],[8.921734842864257,58.53789099307422],[8.175240549651367,58.17204626651172],[8.153747591582519,58.08954580874805],[8.03019622286914,58.06597860904102],[7.90843108615039,58.06597860904102],[6.958641085234863,57.97173651309375],[6.874181303588134,58.0777545795],[6.725660833922607,58.13668783755664],[6.64365533312915,58.04241140933399],[6.479116472808105,58.08954580874805],[6.651709589568359,58.17204626651172],[6.231332335082275,58.27817877383594],[5.873840365020019,58.431598268464846],[5.615484270659667,58.45521505923633],[5.39973500689624,58.71517523379688],[5.530999216643554,58.880809389070315],[5.474647554961425,58.975528322175784],[5.627488169280273,58.96367987246875],[5.665794405547363,58.82164724917774],[5.793662104216796,58.916324220613284],[6.093553576079589,58.797977052644534],[5.983710798827392,58.886722169832034],[6.041155848113281,58.95184286685352],[6.266145262328369,58.99328573794727],[6.050548109618408,58.98144491763477],[5.940400633422119,58.9340778216875],[5.822302374449951,59.01698263736133],[5.771857294646484,59.076217256501955],[6.032578501311523,59.200667940095705],[6.237526449767334,59.283694826082034],[6.020303759185058,59.2540355548418],[5.877495798674804,59.313350282625],[6.076250586119873,59.42016562075977],[6.113430533019287,59.52704580874805],[5.815908941832763,59.313350282625],[5.79950192889331,59.43203695865039],[5.680468592253906,59.50923117251758],[5.682913813201171,59.414229951814455],[5.717149290648681,59.337073884919924],[5.528521570769531,59.26589926333789],[5.343843969908935,59.26589926333789],[5.350331816283447,59.39049109073047],[5.282588991729003,59.27183111758594],[5.176648649779541,59.30741461367969],[5.086604151335937,59.50923117251758],[5.382628950682861,59.71127279849414],[5.41855767687915,59.51516684146289],[5.449307474700195,59.65776403994922],[5.64616826495288,59.58645208926563],[5.74112323245166,59.62804373355274],[5.666552576628906,59.67559774966602],[5.96990159472583,59.71127279849414],[6.185389551726562,59.82426031680469],[5.910496267882568,59.75289496035938],[5.694047484008056,59.75289496035938],[5.543337854949218,59.82426031680469],[5.631734404174072,59.883765779451174],[5.805763277617675,59.94925268741016],[5.894064459410888,60.1612621173418],[5.524619612303955,60.167525850251955],[5.279052290526611,60.12533529849414],[5.096230539885742,60.26413305850391],[5.261776003447753,60.327132783845705],[5.551142248717529,60.508887849763674],[5.45583156069873,60.59240683169727],[5.255226645079834,60.56414373965625],[5.075472387877685,60.591693483308596],[4.980375322905761,60.68924292178516],[5.108526739684326,60.90610846133594],[5.387047800627929,61.025584779695315],[5.11961272677539,61.13709982486133],[5.018313440886718,61.30513723941211],[5.140952620116455,61.38955648990039],[5.101146254149658,61.69858893008594],[5.148983511534912,61.740882478669924],[5.416030916777832,61.7695384845293],[5.592420134154541,61.78969534488086],[5.797088179198486,61.76991232486133],[5.833900007811767,61.819408021882815],[5.719467672911865,61.87954672427539],[5.528184446898681,61.93255194278125],[5.425686392394287,62.009261690095705],[5.469670805541259,62.09369619937305],[5.564593824950439,62.15030249209766],[5.823631319609863,62.179019533113284],[6.053489241210205,62.33480032534961],[6.308390650359375,62.28582724185352],[6.532513651458007,62.335696779207034],[6.612958941069824,62.58333548159961],[6.988682779875976,62.54157217593555],[7.289257082549316,62.48556479068164],[7.546737703887207,62.599254213289065],[7.101563486663085,62.70464285464649],[6.981860193816406,62.846141420320315],[7.088180098143798,62.91019781680469],[7.606488260833007,62.904056154207034],[7.989161524382812,62.94026907534961],[8.23129371127246,62.841407381013674],[8.25796607455371,63.0543170795],[8.472289118376953,63.17551764102344],[8.60590365847705,63.32509573550586],[8.957197222319824,63.40404089541797],[9.154221567717773,63.31901892276172],[9.216067347136718,63.28356131167774],[9.440897974578125,63.49752386660938],[9.832105669585449,63.68362005801563],[9.870058092681152,63.87643393130664],[10.06615928134082,64.05550726504688],[10.739846262541992,64.38617285342579],[10.890596422759277,64.47251471133595],[10.996618303862792,64.49424322696095],[11.213500055876953,64.41573675723438],[11.364055666533691,64.41601904483204],[11.50772193392871,64.51671942325001],[11.406536135283691,64.61703833194142],[11.46994117220996,64.67464026065235],[11.689727816191894,64.7756534442461],[11.895566973296386,64.91273077578907],[12.112141642180664,65.12991674991017],[12.222211870757324,65.10114630313282],[12.526453051177246,65.10895117373829],[12.496170076934082,65.38447149844532],[12.284087214080078,65.43488653750782],[12.47921851595996,65.61703070254688],[12.709057840911132,65.90887793155079],[13.08738902529834,65.8804126605547],[13.10879901370166,66.03374060244923],[13.151907000151855,66.1361270770586],[13.581009897795898,66.18811377139454],[13.402801546660644,66.34881933780079],[13.255395922270996,66.39254339785938],[13.16864779910205,66.45833929629688],[13.242076906768066,66.56853064151173],[13.383193049041015,66.67895086856251],[13.592026743499023,66.65732153506642],[13.991646799651367,66.68745764346485],[13.74718955477832,66.9224048480547],[13.85906699618457,66.95944555850392],[14.054739031401855,66.97455938907032],[14.37307837924121,67.09309729190235],[14.63926890811084,67.12311132998829],[14.777660402861816,67.21653326602345],[14.61647323092578,67.24526556582813],[14.56920817813037,67.32934149356251],[14.699147257415039,67.37438543887501],[14.976157221404296,67.52293737979298],[15.226662668791992,67.50855597110157],[15.384503397551757,67.46444281192188],[15.579943689910156,67.58331640811329],[15.745667490569335,67.59729345889454],[15.761817965117675,67.6762882098711],[15.572235140410644,67.8206973895586],[15.854214701262695,67.92523535342579],[15.919741663542968,68.0489688739336],[16.071057352629882,68.04467352481251],[16.232728037444335,67.91109045596485],[16.411614451018554,67.87424810977345],[16.648547205535156,68.04574926944142],[16.52190307101367,68.34090002627735],[16.71914008578418,68.31135901065235],[17.0332746835625,68.33763464541798],[17.126420054045898,68.41608007998829],[16.854756388274414,68.5577808246172],[17.039734873381835,68.65852697940235],[17.406914743987304,68.77154120059376],[17.448914560881835,68.88699682803517],[17.565863642302734,68.97436865420704],[17.894713434783203,69.0350757464922],[17.928147348967773,69.00507696719532],[18.05154517611621,69.02785833926563],[18.09735396823047,69.0580020770586],[18.319052729216796,69.35937841983204],[18.55324080905078,69.24687536807423],[18.984845194426757,69.31544073672657],[19.17015555819629,69.25552710147267],[19.289172205535156,69.2105899676836],[19.57997992953418,69.18105658145313],[19.821213755217773,69.36973150821095],[18.958706888762695,68.29369696231251],[18.400222064951013,67.23493152423117],[18.534030738741084,66.43207948149077],[17.329752674630463,64.82637539600992],[17.73117869600067,64.55875804842978],[16.660709305680115,63.75590600568937],[15.049652873247693,63.52575508677045],[13.154899574959657,62.024227120513196],[12.791736635771972,61.32994803042774],[12.597381624785644,61.02862127871875],[12.174038920012695,60.956405244783205],[12.431030306426269,60.62584646792774],[12.547958407012207,60.43387182803516],[12.435860666838867,60.27809866519336],[12.422772440520507,60.03877981753711],[12.48789545729689,58.56291949244779],[11.736376188093523,57.69820870947779],[11.609838518706542,57.80694540591602],[11.709144625273925,58.024737916902346],[11.801886591521484,58.17793997378711],[11.613860163298828,58.24734839053516],[11.431094202605468,58.20152624698047],[11.406709704009277,58.33127173037891],[11.22135833224414,58.30832251162891],[11.14039138278125,58.85121878238086],[11.03924277743457,58.9103961810625],[11.178854975310546,59.070289216951174]]],[[[13.252219233123046,79.80073126407032],[13.282957110015136,79.48708685489063],[13.396730455962402,79.43371161075001],[14.158891710845214,79.36382635684376],[14.25808814486621,79.53364904971485],[14.316590342131835,79.72191961856251],[14.574694666472656,79.78525885196095],[14.810112032500488,79.80369146914845],[15.237189325896484,79.58918341250782],[15.77414325198291,79.24228247256642],[16.133173975554687,79.13635595889454],[16.38881209811328,79.23457678408985],[16.289153132048828,79.36790808291798],[16.081957850066406,79.52817877383595],[15.935030970183593,79.7429386004961],[15.916598352996093,79.84177740664845],[16.32628348788379,80.02513464541798],[16.776646647063476,79.9785571918047],[16.995327982512695,79.89783819766407],[17.57058051547168,79.88994177432423],[17.834054026213867,79.80945166201954],[17.79819396456836,79.62093695254688],[17.72217849215625,79.48664435000782],[17.76900580844043,79.4153018817461],[18.015986475554687,79.36228521914845],[18.350546869841796,79.51463659854298],[18.548739466277343,79.55971869082813],[18.846463236418945,79.38169439883595],[19.15158179720996,79.23094519229298],[19.50487426241992,79.16055639834767],[19.931851420012695,79.10815008731251],[20.68418792208789,78.91487463565235],[20.908095392791015,78.80939062686329],[20.321175608245117,78.68498571963673],[19.429148707,78.58662756533985],[19.11582282504199,78.45454748721485],[18.786776575652343,77.93978460879688],[18.3886156412041,77.541621767],[17.82944396456836,77.48894842715626],[17.48486045321582,77.2480655536211],[17.279892954436523,76.98295935244923],[17.26699927767871,76.81286200137501],[16.912959131804687,76.71886786075001],[16.662911448088867,76.72687109561329],[15.94610312899707,76.88682135196095],[15.098876032439453,77.11526831241017],[14.484577211943847,77.37091406436329],[14.77792457064746,77.53477057071095],[15.482050928679687,77.55328711123829],[16.2868090005791,77.6151538714922],[16.711554560271484,77.7886157855547],[16.41804793795703,77.90059240908985],[15.59807780703662,77.8383975848711],[14.893422159758789,77.78515204043751],[14.13102916201709,77.76640661807423],[13.905090365020019,77.99990423770313],[14.336516413298828,78.02679022403126],[14.953421625701171,78.12359198184376],[15.920889887419921,78.26488073916798],[16.617047342864257,78.46726568789845],[15.480342897979003,78.64941748233204],[15.083908114043457,78.78065069766407],[14.819029841033203,78.71849402041798],[14.352827105132324,78.42791327090626],[13.871756586638671,78.29587896914845],[13.61843207797168,78.26922949405079],[13.062086138335449,78.34677466006642],[12.910100969878417,78.42518194766407],[12.43747333010791,78.59088476748829],[12.074569735137207,78.69565161319142],[11.760330233184082,78.88018377871876],[12.524833712187988,79.05856665225392],[12.156988176909667,79.3154483661211],[11.545166048613769,79.17202337832813],[11.335225138274414,79.20714148135548],[10.9194412561333,79.54516943545704],[11.284340891448242,79.70714148135548],[11.516539606658203,79.71653326602345],[12.000311884490234,79.77136572451954],[12.457693132964355,79.75425299258595],[12.717382464019042,79.78171118350392],[13.252219233123046,79.80073126407032]]],[[[21.970780405608398,79.7828555926836],[21.252636942473632,79.78903540225392],[20.344210657683593,79.7962833270586],[19.561673197356445,79.76781805606251],[19.218064341155273,79.74022253604298],[18.330594095793945,79.8823657855547],[18.695826563445312,80.08740576358204],[19.06761840304492,80.16498144717579],[19.39876655062793,80.36864813418751],[19.91539672335742,80.63342627139454],[20.524457010833007,80.32244452090626],[20.97366431674121,80.27496679873829],[21.475871119109375,80.31472357364063],[21.88118270358203,80.27680548282032],[22.197699579802734,80.12329443545704],[22.58739951571582,80.26860388369923],[22.826014551726562,80.47298773379688],[23.216382059661132,80.61079748721485],[23.076764139739257,80.24058874698048],[23.11540893038867,80.09633978457813],[23.49826148470996,80.09711798282032],[23.944243464080078,80.31975897403126],[24.421435389128906,80.4372745379961],[24.782862696257812,80.37966497989063],[25.033976587859375,80.16746862979298],[25.35129645785449,80.14890631289845],[26.254410776702148,80.19886358828907],[26.948615107146484,80.11370428653126],[27.19679549655078,79.9443546161211],[26.96863082369922,79.85386236758595],[26.06695846041797,79.57410009951954],[25.336686167327148,79.40301092715626],[24.85516074618457,79.37533911319142],[24.416337046233398,79.3121524676836],[23.820517572966796,79.14745672793751],[20.99829390963672,79.1910816058672],[20.983325037566406,79.36089666934376],[21.654866251555664,79.47809942813282],[21.970780405608398,79.7828555926836]]],[[[8.616097483245117,54.88736303897266],[8.64507487734912,55.06904562564258],[8.559559855071289,55.356124483064455],[8.481338533965332,55.3492389545],[8.318970713225585,55.481074892],[8.214038881865722,55.398597322419924],[8.03456691226123,55.47591360659961],[8.125073465911132,55.63582953067188],[8.320030245391113,55.76773413272266],[8.316974672881347,55.848914705232424],[8.116614374724609,56.09225805850391],[8.124479326812011,56.207477174714846],[8.183429751006347,56.43146475406055],[8.308830294219238,56.479205690339846],[8.452236208525878,56.41160162539844],[8.674888643828613,56.357745729402346],[8.868578943816406,56.61611136050586],[9.002701792327148,56.65715750308399],[9.135852846709472,56.46041830630664],[9.311874422637207,56.481124483064455],[9.322062525359375,56.718936525300784],[9.370146784392578,56.882266603425784],[9.834623369780761,56.88994177432422],[10.216188463774902,56.8498493060625],[10.229683909026367,56.60512503238086],[10.313760790435058,56.46947439761524],[10.825824770537597,56.44329031558399],[10.888675722686035,56.36874731631641],[10.75066855868457,56.09728201480274],[10.496092829314453,56.03362616153125],[10.442480120269042,56.15090139956836],[10.293446573821289,56.137069307283205],[10.175156626311523,56.07587393374805],[10.229878458586914,55.95089300723438],[10.147146257964355,55.76489218325977],[10.007120165435058,55.73038824649219],[9.975747141448242,55.62034948916797],[9.690073046294433,55.6048656329668],[9.760741266814453,55.50169714541797],[9.630183252898437,55.45940741153125],[9.543865236846191,55.35126455874805],[9.51656154116748,55.223067842439455],[9.517821344939453,55.128680787996096],[9.421020540801269,54.97648199649219],[9.49598220309375,54.93829306216602],[9.610262903777343,54.880042634919924],[9.864443811980468,54.72629126162891],[9.986687693206054,54.592444978669924],[9.978010210601074,54.49014624209766],[9.864808115569335,54.41139944644336],[10.06492808779834,54.43389471621875],[10.141728434172851,54.33675345034961],[9.884802785007942,54.25410314727822],[9.826653504847892,54.27590912733824],[9.739429584607816,54.27590912733824],[9.674011644427761,54.18868520709817],[9.448683183807567,54.18868520709817],[9.44141452378756,54.24683448725822],[9.296041323387435,54.24683448725822],[9.259698023287404,54.304983767418264],[9.216086063167367,54.29044644737825],[9.165205443027324,54.31952108745828],[9.136130802947298,54.29771510739826],[9.05617554272723,54.3485957275383],[8.961682962467147,54.27590912733824],[8.884012255278808,54.229449830964846],[8.580725702849609,54.19368704409961],[8.553946528044921,54.27543982119922],[8.852422747222167,54.331649385408205],[8.950601610747558,54.418555818513674],[8.742068323699218,54.60780294986133],[8.595986399260742,54.76135214419727],[8.616097483245117,54.88736303897266]]],[[[8.183486971465332,56.798480592683596],[8.35887340029834,57.02273901553516],[8.534035715666992,57.140582643464846],[8.661300692168457,57.10409887881641],[8.959858927336914,57.13216360659961],[9.302420649138671,57.165843568757815],[9.448685679045898,57.22761496158008],[9.849259409514648,57.58178671450977],[10.28952125033496,57.671859346345705],[10.390136751738769,57.660594545320315],[10.479459795562011,57.759131990388674],[10.558055910674316,57.74505194278125],[10.401182207671386,57.505878053621096],[10.45072844943164,57.45803030581836],[10.46283725222705,57.24166067691211],[10.333290133086425,57.17146261783008],[10.256552729216796,57.00591238589649],[9.503004107085449,56.97506292910938],[9.33376124819873,57.02273901553516],[9.141241106597167,57.008712373689455],[9.078547510710937,57.036761842683596],[8.97088054141162,57.00029715152149],[8.847024950591308,56.98628195376758],[8.778081926909667,56.798480592683596],[8.665981325713378,56.700458131746096],[8.507121119109375,56.64726599307422],[8.470928225127441,56.59688910098438],[8.368228945342285,56.66685827823047],[8.183486971465332,56.798480592683596]]],[[[11.876622233000976,57.325206361726565],[12.318003044583083,57.679593854704954],[12.52438182794218,57.390663558002224],[12.730760611301278,57.43193931467404],[12.895863637988557,56.977905991284025],[13.226069691363112,57.101733261299486],[13.432448474722209,56.52387266789401],[14.17541209481496,56.81280296459675],[14.484980269853605,56.68010333567053],[15.426993333335687,56.765740886896175],[16.06315060859225,56.39623928206121],[16.031445536223632,56.353072725251955],[15.770541224089843,56.0332103595293],[15.696229014006835,56.06096228213672],[15.49704078158496,56.1672435626543],[15.220801386443359,56.08036383242969],[14.652893099395019,56.120616517976565],[14.605230364409667,55.980784975007815],[14.491827997771484,56.01803930850391],[14.258925470916015,55.89928015323047],[14.12602141818164,55.666583620027346],[14.28635028323291,55.51549490542774],[14.1171951623833,55.34711416812305],[13.901111635771972,55.405154787019534],[13.823299440947753,55.421817384675784],[13.301851305571777,55.300696931794924],[12.802372011748535,55.3529125079668],[12.801919970122558,55.416766725496096],[12.887555155364257,55.45160635562305],[12.859313997832519,55.532916627839846],[12.985865625945312,55.666583620027346],[12.699014696685058,55.90509756656055],[12.513357195464355,56.120616517976565],[12.414413485137207,56.24304159732227],[12.652379068938476,56.29553183169727],[12.61543563326953,56.43560751529102],[12.80480674227832,56.40119894595508],[12.871575388518554,56.51151617617969],[12.78585914095996,56.616683565095705],[12.65748122653125,56.61083944888477],[12.52603248080371,56.78039511294727],[12.288620981780273,56.87985571475391],[12.005142244902832,57.325206361726565],[11.876622233000976,57.325206361726565]]],[[[11.969614061919433,54.95418509097461],[11.90733245333789,55.02129324527149],[11.76722243746875,55.17599829287891],[11.584776911345703,55.162181459382815],[11.285398516265136,55.18856772036914],[11.230098757354003,55.33680685611133],[11.101924929229003,55.633670412019534],[11.29626182040332,55.67459448428516],[11.567736658660156,55.884776674226565],[11.728052172270996,55.661883912996096],[11.962490114775878,55.58126410098438],[12.052621874419433,55.70307882876758],[12.087997469512207,55.96697577090625],[12.237717661467773,55.98757132144336],[12.444047960845214,55.96765097232227],[12.46922496279834,55.71063192935352],[12.409100565520507,55.54833181949024],[12.344366106597167,55.50770529361133],[12.158434900847656,55.379092775300784],[12.42971900424121,55.244693361238284],[12.301355394927246,55.17028006167774],[12.076974901763183,54.99468954654102],[11.969614061919433,54.95418509097461]]],[[[-24.218850102814454,65.53374060244923],[-24.16153618374707,65.60662420840626],[-23.972643819245118,65.68710669131642],[-23.570521321686524,65.68056830020313],[-23.26697060147168,65.72486456485157],[-23.426138844879883,65.82667120547657],[-23.608294454010743,65.9796329364336],[-23.465569463166016,66.13343390078907],[-23.341095891388672,66.13366278262501],[-22.910920110138672,65.94440802188282],[-22.609297719391602,65.92308386416798],[-22.474139180573243,65.9963794574297],[-22.56005569973828,66.11318548770313],[-22.84109398404004,66.28103979678517],[-22.676369634064454,66.39130743594532],[-22.209818807038086,66.28955420108204],[-21.779072728546875,66.25373419375782],[-21.443249669464844,66.12991674991017],[-21.24248978176953,65.88181646914845],[-21.296168294342774,65.69941290469532],[-21.494715657624024,65.56796606631642],[-21.07972046414258,65.20544775576954],[-20.830618825348633,65.36559637637501],[-20.67248245755078,65.42404516787892],[-20.38892647305371,65.47545202823048],[-20.16844650784375,65.55589636416798],[-20.141276326569336,65.65056952090626],[-20.217385259064454,66.00059851260548],[-19.973305669220704,66.11072882266407],[-19.747664418610352,65.90652807803517],[-19.556010213288086,65.76826056094532],[-19.33599564114453,65.67393072696095],[-19.239182439240235,65.66683539004688],[-19.15589424649121,65.72528418155079],[-19.274529424103516,65.92930182071095],[-19.165436711701172,66.00257452578907],[-19.0441236166084,66.01741369815235],[-18.67629906216504,66.09119757266407],[-18.369032826813477,65.89450415225392],[-18.12792679348828,65.78552588076954],[-17.883769002350586,65.75682409854298],[-17.861041036041993,65.83708532901173],[-18.02248283902051,66.07779272647267],[-17.569674458893555,66.01286657901173],[-16.92214104214551,65.97755011172657],[-16.567986455353516,66.02934607119923],[-16.375685658844727,66.13209112735157],[-16.38522240200879,66.45441778750782],[-15.859886136444825,66.4187198504961],[-15.573985066803711,66.20676764102345],[-15.070752110871094,66.06138952823048],[-14.763337102326172,66.05466040225392],[-14.640680280121583,65.94529303164845],[-14.75407120266797,65.69707068057423],[-14.400113072785157,65.5666919574297],[-13.646900144013184,65.49534185977345],[-13.58978840390088,65.43004187198048],[-13.525573697479981,65.18334539981251],[-13.557373967560547,65.00938757510548],[-13.62584396878125,64.89389380069142],[-13.694187131317872,64.77862890811329],[-13.8934249548042,64.72070654483204],[-14.260321584137696,64.71282538028126],[-14.348122563751954,64.66953619571095],[-14.365896191986817,64.47555883975392],[-14.597537961395997,64.2671314105547],[-14.821200337799805,64.19502600283985],[-15.07680889645459,64.2089038714922],[-15.266535725983399,64.28020819278126],[-15.634139981659668,64.05748327823048],[-15.876496282013672,63.99265631289844],[-16.533839192780274,63.78413351626758],[-16.91753860989453,63.73341330142383],[-17.24438187161328,63.732825838044924],[-17.591462102326172,63.689342103914065],[-17.944104161652344,63.424842439607424],[-18.156922307404297,63.36746176333789],[-18.641863789948243,63.32381781192188],[-18.96079155484082,63.33746298404102],[-19.553091969879883,63.4146800860918],[-19.826746907624024,63.47830160708789],[-20.40394684353711,63.69834478946094],[-20.879881825836915,63.74029120059375],[-21.07912346402051,63.711341463044924],[-21.547505345734375,63.71762045474414],[-22.372910466583985,63.77318533511524],[-22.50658890286328,63.865821443513674],[-22.31133743801953,63.951984010652346],[-21.804110494049805,64.11036261172657],[-21.48847481289746,64.3761401996172],[-21.85671326199414,64.38261755557423],[-22.08617874661328,64.4395938739336],[-22.278605428131836,64.61880072207813],[-22.392422643097657,64.66170080752735],[-22.553589787873047,64.62545355410938],[-23.25753113308789,64.57384070010548],[-23.508307423981446,64.55902441592579],[-23.67457672634961,64.65931280703907],[-23.61116692105176,64.74570044131642],[-23.436671224030274,64.80359228701954],[-23.135647740753907,64.84733923526173],[-22.778422322663086,64.85519751162892],[-22.450291600617188,64.90623053164845],[-21.978291478546875,64.9503360614336],[-21.80916496792676,65.03735693545704],[-21.728949513825196,65.18245276065235],[-21.79375931301953,65.29845007510548],[-21.95479675808789,65.37804754825001],[-22.146489110382813,65.38492163272267],[-22.361592259796875,65.44994696231251],[-22.813721623810547,65.47090490908985],[-23.183239903839844,65.42658575625782],[-23.37422844448926,65.35358770938282],[-23.678452458771485,65.31669958682423],[-24.14688774624707,65.43931921573048],[-24.218850102814454,65.53374060244923]]]]}},{"type":"Feature","properties":{"name":"England","subject":"England","partOf":"England","borderPrecision":1,"color":"#b69578"},"geometry":{"type":"MultiPolygon","coordinates":[[[[-6.343146768006104,53.93964346499805],[-6.443396058472413,53.89937933535938],[-6.334980454834717,53.78598364444141],[-6.172213521393555,53.43919714541797],[-6.043061223419922,52.89308889956836],[-6.070682969483155,52.766604982332034],[-6.232112851532715,52.61333426089649],[-6.340896096619385,52.42706259341602],[-6.405971017273682,52.21443899722461],[-6.489150014313477,52.19435843081836],[-6.616821256073731,52.22066458316211],[-6.893897023590821,52.206649385408205],[-6.961679425629395,52.111201845125],[-7.372407880219239,52.092113100007815],[-7.750648942383545,52.03270681949024],[-7.86164948025586,51.96809347720508],[-8.15881392041089,51.839644990876955],[-8.565231290253418,51.61545141787891],[-8.84775730648877,51.59982260318164],[-9.243309941681641,51.47262915225391],[-9.819109883698243,51.434554658845705],[-9.795244183930176,51.604632936433596],[-9.835420575531739,51.80326422305469],[-10.216907468231934,51.75834997744922],[-10.294031110199708,51.97762640567188],[-9.96377464810254,52.092113100007815],[-10.497328725250977,52.10165365786914],[-10.469237294586915,52.206649385408205],[-9.890640225800293,52.19443091006641],[-9.801606145294922,52.241084657625],[-9.784003224762696,52.3407054767168],[-9.735718694123047,52.48028143496875],[-9.503988233002442,52.54054983706836],[-9.192634549530762,52.55445822329883],[-9.134288754853028,52.68089636416797],[-9.615690198334473,52.636634431794924],[-9.441564526947754,52.83327826114063],[-9.525756802948731,52.90455587954883],[-9.309349980744141,53.11526831241016],[-8.9969987539375,53.12044485659961],[-8.923582997711915,53.16057547183399],[-9.001670804413575,53.30037649722461],[-9.158159222992676,53.2206989154375],[-9.297359433563965,53.279803834871096],[-9.440665212067383,53.26620825381641],[-9.616703954132813,53.34587820620899],[-9.802919354828614,53.34535177798633],[-9.884814229401368,53.29739721866016],[-10.159825292023438,53.374122224763674],[-10.02107330838086,53.51185568423633],[-10.151425328644532,53.575641237214846],[-9.80959984341504,53.63241537661914],[-9.872389760407227,53.767718873933596],[-9.696483579071778,53.8734203204668],[-9.912850346955079,53.96955832095508],[-10.178537335785645,53.9118724689043],[-10.159675565155762,54.13307150454883],[-9.988787618073243,54.25371512027149],[-9.891974416168946,54.32558401675586],[-9.4742936758125,54.241309724763674],[-9.32290550747754,54.275069795564455],[-9.08584496060254,54.258189760164065],[-8.590084996613282,54.20284994693164],[-8.686731305512208,54.364112459138674],[-8.30057999173047,54.48934897036914],[-8.21147915402295,54.6339183673418],[-8.829358067902344,54.6339183673418],[-8.760042157562989,54.701427064851565],[-8.50373932400586,54.749644838289065],[-8.476253476532715,54.87985190005664],[-8.345380750092286,55.09528311343555],[-8.11831804791333,55.176631532625],[-7.756225076111573,55.25272711367969],[-7.657281365784424,55.1168285235918],[-7.497830834778565,55.04973944278125],[-7.427515473755616,55.06380423159961],[-7.225492921265381,55.104190431550784],[-6.99682375470044,55.17202337832813],[-6.645197835358399,55.2064281329668],[-6.454310384186524,55.18654974551563],[-6.279264417084473,55.139693819001955],[-6.116521325501221,55.16022451968555],[-6.018187966736573,55.093001924470705],[-5.784886327179688,54.73741873355274],[-5.763683762940186,54.656993471101565],[-5.799925771149415,54.52288778872852],[-5.661512818726319,54.32224615664844],[-5.731388535889405,54.174869142488284],[-5.912154164704102,54.02737768741016],[-6.071708169373291,53.973590455964846],[-6.206393208893555,53.95674856753711],[-6.343146768006104,53.93964346499805]]],[[[-1.981956508380175,55.58968674287802],[-1.94199546852948,55.55607184024219],[-1.719010558518189,55.4537425860918],[-1.665979829224366,55.379588685945315],[-1.695988979729432,55.27250250430469],[-1.555618610771912,54.92161139102344],[-1.388892021569031,54.68048056216602],[-1.192056861313599,54.595355592683596],[-0.870595899018067,54.54716833682422],[-0.604803499373215,54.30016287417774],[-0.295500930937546,54.03316839785938],[-0.234880952703374,53.79938467593555],[-0.319215585085171,53.57891424746875],[-0.203663793,53.52328451724414],[0.081015858260375,53.3862262591875],[0.174518886414749,53.29305990786914],[0.267848494855148,53.12666281314258],[0.250867608395797,53.04005392642383],[0.00550119897483,52.786666475251955],[0.326831850615722,52.707477174714846],[0.504670116511566,52.847510896638674],[0.741839024630767,52.901195131257815],[1.012664351073486,52.88841589541797],[1.375926766005737,52.809241853669924],[1.585714611617309,52.650043092683596],[1.691691670027954,52.311420045808596],[1.656872067061645,52.21178396792774],[1.511889729109985,52.02575644107227],[1.031286153403503,51.812720857576174],[0.68621805628894,51.56038626284961],[0.254172805157882,51.453597627595705],[0.804253611174804,51.37826880069141],[1.030067357627136,51.35884817691211],[1.189365777579528,51.40547140689258],[1.364680680838806,51.35290487857227],[1.334964427558166,51.12069662661914],[0.886016640273315,50.981891237214846],[0.888346943465454,50.89267309756641],[0.672568890658599,50.930667482332034],[0.191810223666412,50.73128470034961],[-0.203663793,50.79532965274219],[-0.335705709251183,50.816714845613284],[-0.839040127190369,50.72180136294727],[-1.103359904679078,50.816714845613284],[-1.372512188347596,50.766273103669924],[-2.085358705910462,50.702823244050784],[-2.023685899170655,50.570010744050784],[-2.431994643601197,50.64588888736133],[-2.550505128296631,50.570010744050784],[-2.960618939789551,50.72180136294727],[-3.110884395035523,50.65736349673633],[-3.521466937454957,50.61743124575977],[-3.563183036240357,50.361434541658205],[-3.715036120804566,50.219337068513674],[-3.88174339810254,50.200397096589846],[-4.00423809567334,50.314063631013674],[-4.242629018219727,50.39146002383594],[-4.303295102509278,50.32354315371875],[-4.540565457733887,50.35795172305469],[-4.967033830078858,50.21224554629688],[-5.282338586243409,49.963824830964846],[-5.429218259247559,50.06785162539844],[-5.777813401612061,50.13411673159961],[-5.237766232880372,50.34629400821094],[-5.016647305878418,50.56051977725391],[-4.815270390900391,50.60416754336719],[-4.604564633759278,50.77874716372852],[-4.551536527069825,50.99715765567188],[-4.442557301911133,50.96866186709766],[-4.277284589203614,51.063670717195315],[-4.280993905457276,51.18723639102344],[-3.825231519135254,51.234778963044924],[-3.482996192368287,51.181109987214846],[-3.066043343933838,51.177737794832034],[-3.033148970993775,51.32989462466602],[-2.894663300904053,51.39384802432422],[-2.750154700669068,51.644027315095705],[-3.172751632126587,51.46690710635547],[-3.499117579849976,51.45965536685352],[-4.159330811890381,51.67681463809375],[-4.998957600983399,51.70170172305469],[-5.178603139313477,51.787471376375],[-5.248757806214112,51.860213838533205],[-5.061464276703614,52.00643499942188],[-4.619082894715088,52.093516908601565],[-4.294657674225586,52.200320802644534],[-4.123608317765015,52.37326391787891],[-4.09387489834668,52.74550970645313],[-4.14754601994397,52.83189734073047],[-4.468318429383057,52.81130179019336],[-4.621350255402344,52.83098181338672],[-4.491883244904297,52.990977846101565],[-4.317542043122071,53.09120901675586],[-3.956724610718506,53.205150209382815],[-3.329535689743775,53.233016572908205],[-2.914475407990235,53.26714285464649],[-3.056740966233033,53.513614259675784],[-2.979541268738526,53.82085379214649],[-2.865320411118287,54.02827414126758],[-2.885938134583252,54.16866644473438],[-3.261474337967652,54.14118155093555],[-3.479265180023926,54.274600587800784],[-3.569233384522217,54.41502722354297],[-3.430405822190064,54.64308127017383],[-3.152525153549927,54.838058076814455],[-3.308701720627564,54.88473471255664],[-3.319288161980509,54.88630502079788],[-1.981956508380175,55.58968674287802]]]]}},{"type":"Feature","properties":{"name":"Scottland","subject":"Scottland","partOf":"Scottland","borderPrecision":1,"color":"#8f9a74"},"geometry":{"type":"MultiPolygon","coordinates":[[[[-3.319288161980509,54.88630502079788],[-3.576675858887452,54.924483858064455],[-3.907677379044312,54.789668642],[-4.121606316956299,54.762435518220705],[-4.460701909455079,54.862403474763674],[-4.50027367154004,54.77510794253711],[-4.599911656769532,54.687755189851565],[-4.902518239411133,54.734115205720705],[-5.111419167908448,54.7940746173418],[-5.066654172333497,54.94846685977344],[-4.909992661865967,55.11034353824024],[-4.638357129486817,55.42791327090625],[-4.770515408905762,55.488421998933596],[-4.907764401825684,55.66387137027149],[-4.895102467926758,55.772105775789065],[-4.758425202759522,55.819713197664065],[-4.623294320496338,55.907962404207034],[-4.710717168244141,56.13130911441211],[-4.848367181214112,56.09715994449024],[-5.134628739746827,55.893428407625],[-5.333552804383057,55.879520021394534],[-5.570167508515137,55.75051840396289],[-5.633057561310547,55.93986090274219],[-5.497018781098145,56.17727240176563],[-5.300114598664063,56.428660951570315],[-5.270704236420411,56.544147096589846],[-5.45825478115918,56.63214071841602],[-5.546579804810303,56.6523509845293],[-5.644504037293213,56.51628454776172],[-5.821677174958008,56.400497041658205],[-6.043546166809815,56.47476538272266],[-5.908959832581299,56.73325689883594],[-5.665934529694336,56.937842927888674],[-5.62528940716626,56.99921377749805],[-5.726338830384034,57.258006654695315],[-5.56160065213086,57.299258790925784],[-5.460639920624512,57.38814505191211],[-5.762965646179932,57.61977728457813],[-5.568463769348877,57.777389131501955],[-5.229971375855225,57.70964392276172],[-5.055585351380127,57.75101812930469],[-5.345933404358643,58.09274252505664],[-4.907128301056641,58.168963991121096],[-5.112714734467286,58.39491995425586],[-4.925559487732666,58.56695517154102],[-4.509851899536866,58.40292700381641],[-4.138885226639527,58.44481619449024],[-3.83054801503064,58.50719030948047],[-3.440544810684937,58.528548799470705],[-3.165008988770264,58.522201143220705],[-3.02838965931775,58.405746065095705],[-3.166374650391358,58.27510794253711],[-3.943202701004761,57.958419404939455],[-4.150455680283326,57.834815584138674],[-4.248504605683106,57.636329256013674],[-4.148425546082276,57.55452688784961],[-3.795819249542969,57.54153021426563],[-3.400818553360718,57.57644613833789],[-3.092637029083985,57.57702597232227],[-2.853980508240479,57.543319307283205],[-2.150362935456055,57.571979127839846],[-1.944626775177735,57.40166052432422],[-2.107808676155823,57.210330568269534],[-2.203161802681702,57.06481131167774],[-2.158947673233765,57.014319978669924],[-2.413140502365845,56.71725424380664],[-2.514751401337403,56.66733893008594],[-2.667135920914429,56.47100027652149],[-2.980528798493165,56.35358389468555],[-3.152406897934693,56.33681830020313],[-2.949428286942261,56.25300558658008],[-2.720856156739014,56.17819174380664],[-2.772860255631226,56.17131384463672],[-2.895339455994385,56.08550222964649],[-3.169811215790528,56.06210669131641],[-3.293507066162842,55.973914705232424],[-3.894964661988038,55.98506888003711],[-3.713039603623169,55.88469656558399],[-3.577178683670777,55.88469656558399],[-3.355851378830689,55.842689119294924],[-3.161462273987549,55.84568365664844],[-2.927901473435181,55.94603308291797],[-2.742131438645142,55.95718725772266],[-2.540346112641114,55.88469656558399],[-2.245011058243531,55.81096609683399],[-1.981956508380175,55.58968674287802],[-3.319288161980509,54.88630502079788]]],[[[-5.755679574402588,55.47726782412891],[-5.68865725079419,55.62812002749805],[-5.517836537750977,55.66802176089649],[-5.482397046479004,55.442699037507815],[-5.620342221649903,55.32952078433399],[-5.698169675263184,55.330726228669924],[-5.755679574402588,55.47726782412891]]]]}},{"type":"Feature","properties":{"name":"Portugal","subject":"Portugal","partOf":"Portugal","borderPrecision":1,"color":"#739b91"},"geometry":{"type":"MultiPolygon","coordinates":[[[[-7.491503682526368,37.20815619082813],[-7.603436437042969,37.16297873111133],[-7.836042371186036,37.03225287051563],[-8.033637967499512,37.00878866763477],[-8.28023907223584,37.088580690339846],[-8.541073766144532,37.088580690339846],[-8.667059865387696,37.12144049258594],[-8.990849461945313,36.990008912996096],[-9.016643491181153,37.069800935701174],[-8.841511693390625,37.52514608950977],[-8.851028409394043,37.91018255801563],[-8.932785954865235,37.96184118838672],[-8.822993245514649,38.206073366121096],[-8.84730335751416,38.384566865876955],[-8.788920369538086,38.43598135562305],[-8.853651967438477,38.4996410235918],[-9.022322621735352,38.46102102847461],[-9.236570325287598,38.41744955630664],[-9.285158124359864,38.61946829409961],[-9.069152799042481,38.64295919986133],[-8.941892590912598,38.74191626162891],[-8.960826840790528,38.81846197696094],[-9.040849652680176,38.92018087954883],[-9.175754514130372,38.73223074527149],[-9.361637082489747,38.671145997957034],[-9.522397008332032,38.6899371966875],[-9.549007382782715,38.77451666446094],[-9.459762540253418,38.95307882876758],[-9.397706952484864,39.23036154361133],[-9.415269818695801,39.366675935701174],[-9.299269643219727,39.417735658601565],[-9.11792274990918,39.64403494449024],[-8.915585484894532,40.13814886660938],[-8.969669309052247,40.19001730533008],[-8.694069829376954,40.992171846345705],[-8.851777997406739,41.40782888980274],[-8.854754414948243,41.59685095401172],[-8.920735326203125,41.76702078433399],[-8.806055035980958,41.889178834871096],[-8.405047383698243,42.00213583560352],[-8.15726133862378,42.087039552644534],[-7.918560948761719,41.8891673907793],[-7.098435845764893,41.86795385928516],[-6.85951849499585,41.98491247744922],[-6.708704438599366,41.96004446597461],[-6.586079564484375,41.857921205476565],[-6.518426862152833,41.74909933658008],[-6.139497723969239,41.526439271882815],[-6.11153790036084,41.41746100039844],[-6.241148915680665,41.320479951814455],[-6.796627965363282,41.09282644839649],[-6.834448781403321,41.06053503604297],[-6.857170548828858,40.8615795001543],[-6.824864831360596,40.656566225007815],[-6.884172883423584,40.214034639314455],[-6.858675923737305,39.79192312808399],[-6.878323045166749,39.702395997957034],[-7.084203687104004,39.59907492251758],[-7.301257100495118,39.578712068513674],[-7.43099876919629,39.5205150470293],[-7.211435761841553,39.29820593448047],[-7.006874528321045,39.05031546206836],[-6.933383431824463,38.961349092439455],[-7.08942457714917,38.79450186343555],[-7.317340817841309,38.49962576480274],[-7.393876519593018,38.294986329988284],[-7.028099027069825,38.239581666902346],[-6.844775166901368,38.10021170230274],[-7.242514577301758,37.810897432283205],[-7.351443734558838,37.64443548770313],[-7.487998452576416,37.216353975251955],[-7.491503682526368,37.20815619082813]]]]}},{"type":"Feature","properties":{"name":"Papal States","subject":"Papal States","partOf":"Papal States","borderPrecision":1,"color":"#8aa0a8"},"geometry":{"type":"MultiPolygon","coordinates":[[[[12.37776521272152,44.73152979882409],[12.273584398833496,44.67263754458789],[12.280731234160644,44.55012472720508],[12.34507659396289,44.30104025454883],[12.508117008152919,44.131458089893975],[12.697230372039062,43.934756837800784],[13.600871119109375,43.53480490298633],[13.731556925383789,43.37416037173633],[13.791634592620117,43.12334402652149],[13.915090593901855,42.87276419253711],[14.076401988875073,42.6337763953921],[13.995834610879957,42.6134316006679],[13.929417804058488,42.53041059214106],[13.829792593826284,42.5636189955518],[13.829792593826284,42.48059798702496],[13.763375787004811,42.463993785319595],[13.71356318188871,42.39757697849812],[13.630542173361873,42.53041059214106],[13.547521164835034,42.430785381908855],[13.414687551192095,42.36436857508738],[13.464500156308198,42.231534961444446],[13.414687551192095,42.19832655803371],[13.580729568245768,42.09870134780151],[13.580729568245768,42.048888742685406],[13.630542173361873,42.01568033927467],[13.630542173361873,41.93265933074783],[13.564125366540402,41.86624252392636],[13.597333769951138,41.79982571710489],[13.64714637506724,41.750013111988785],[13.64714637506724,41.79982571710489],[13.863000997237016,41.750013111988785],[13.863000997237016,41.783221515399525],[13.929417804058488,41.750013111988785],[13.879605198942386,41.66699210346195],[13.879605198942386,41.63378370005122],[13.929417804058488,41.63378370005122],[13.96262620746922,41.517554288113644],[13.96262620746922,41.46774168299754],[14.029043014290693,41.40132487617607],[13.995834610879957,41.35151227105997],[13.97923040917459,41.334908069354604],[13.813188392120914,41.318303867649234],[13.760507236170481,41.20669841632788],[13.498390230742675,41.301864229158205],[13.271446261016113,41.31423910708789],[12.97677710970996,41.371375642732424],[12.641516718474609,41.53109701724414],[12.394848856536132,41.72954901309375],[11.963433298674804,42.00474127383594],[11.960132972376597,42.00737273955097],[12.019934607941227,42.09870134780151],[12.003330406235861,42.248139163149816],[12.06974721305733,42.29795176826592],[12.053143011351963,42.53041059214106],[12.129717682746126,42.596046024764625],[12.169372423289534,42.630035802373264],[12.152768221584168,42.696452609194736],[12.185976624994902,42.912307231364515],[12.169372423289534,42.912307231364515],[12.152768221584168,43.06174504671282],[12.219185028405636,43.2277870637665],[12.302206036932475,43.2775996688826],[12.302206036932475,43.344016475704066],[12.219185028405636,43.344016475704066],[12.119559818173432,43.47685008934701],[12.102955616468066,43.60968370298995],[12.119559818173432,43.74251731663289],[12.219185028405636,43.8919551319812],[12.169372423289534,43.8919551319812],[12.086351414762698,43.842142526865096],[12.036538809646595,43.92516353539193],[12.053143011351963,44.07460135074024],[12.053143011351963,44.10780975415097],[12.086351414762698,44.17422656097244],[12.019934607941227,44.17422656097244],[11.936913599414389,44.09120555244561],[11.887100994298287,44.25724756949928],[11.903705196003656,44.32366437632075],[11.853892590887554,44.35687277973149],[11.80407998577145,44.34026857802612],[11.73766317894998,44.35687277973149],[11.687850573833877,44.25724756949928],[11.704454775539245,44.224039166088545],[11.555016960190937,44.19083076267781],[11.571621161896305,44.224039166088545],[11.455391749958732,44.27385177120465],[11.289349732905057,44.224039166088545],[11.322558136315791,44.15762235926707],[11.201986087009125,44.142550853103735],[11.139911917556748,44.34026857802612],[11.289349732905057,44.37347698143685],[11.289349732905057,44.456497989963694],[11.173120320967485,44.605935805312],[11.256141329494323,44.78858202407104],[11.33916233802116,44.85499883089251],[11.169817827810615,45.067184016221326],[11.239537127788955,45.07085345306229],[11.604829565307039,44.904811436008615],[11.770871582360714,45.07085345306229],[11.887100994298287,45.087457654767654],[11.970122002825125,45.03764504965155],[12.053143011351963,45.02104084794619],[12.036538809646595,45.137270259883756],[12.1361640198788,45.104061856473024],[12.37776521272152,44.73152979882409]]]]}},{"type":"Feature","properties":{"name":"France","subject":"France","partOf":"France","borderPrecision":1,"color":"#b47c6f"},"geometry":{"type":"MultiPolygon","coordinates":[[[[1.986621837213834,50.21967208721954],[1.986621837213834,50.08157438896726],[2.14773581850816,50.058558105925215],[2.400914931970674,50.196655804177496],[2.677110328475234,50.1506232380934],[2.907273158895701,49.94347669071498],[3.482680234946868,49.920460407672934],[3.820330011313015,50.039445521196306],[4.25521547314937,49.88723560955358],[5.361129202599225,49.69675577726925],[5.909256214734315,49.200859868256885],[5.903866258970996,49.19576772523377],[5.611623228616965,49.209684060012535],[5.722953906847073,48.959190033994794],[5.87603358941347,49.070520712224905],[6.00128060242234,48.90352469487974],[5.83428458507718,48.77827768187087],[6.015196937201104,48.653030668862],[5.945615263307287,48.34687130372921],[6.237858293661318,48.29120596461415],[6.251774628440081,47.95721392992383],[6.098694945873683,48.02679560381765],[6.056945941537394,47.95721392992383],[5.95953159808605,47.98504659948136],[5.95953159808605,47.80413424735743],[5.820368250298417,47.73455257346362],[5.917782593749759,47.59538922567598],[5.792535580740889,47.5118912170034],[5.778619245962126,47.358811534437],[5.736870241625835,47.233564521428136],[5.667288567732019,47.10831750841926],[5.793872737848062,46.99723694590705],[5.757015581895596,46.88666547804965],[5.646444114038196,46.84980832209718],[5.625539563395728,46.64907846072007],[5.739656950049963,46.59782978772308],[5.724926528903053,46.4799864185478],[5.645716162577157,46.4567227963447],[5.415587684817945,46.52417768198853],[5.268283473348847,46.31795178593179],[5.533431053993224,46.096995468728146],[5.533431053993224,46.008612941846685],[5.356666000230306,46.052804205287416],[5.356666000230306,45.876039151524495],[5.607083159727774,45.84657830923068],[5.823360340496054,45.39624171880529],[5.934538658337518,45.32212284024432],[5.946891804764347,45.26035710811017],[6.058070122605811,45.22329766882968],[6.033363829752153,45.334475986671144],[6.082776415459469,45.371535425951635],[6.144542147593617,45.32212284024432],[6.218661026154592,45.34682913309798],[6.26807361186191,45.32212284024432],[6.24336731900825,45.29741654739066],[6.280426758288739,45.19859137597602],[6.507319483367187,45.115707002595705],[6.665318045226318,44.95452078433399],[6.942603621093017,44.86865194888477],[7.003469976989013,44.71953543277149],[6.924694094268066,44.71501883120899],[6.782917532531005,44.54787405581836],[6.869778189269287,44.34917028994922],[6.786905761788741,44.296811686817485],[6.786905761788741,44.197986515402846],[6.836318347496059,44.11151449041504],[6.885730933203376,44.14857392969553],[6.935143518910694,44.1362207832687],[6.972202958191182,44.062101904707724],[6.996909251044841,44.04974875828089],[6.922790372483864,43.97562987971992],[6.959849811764352,43.91386414758577],[6.885730933203376,43.901511001158944],[6.922790372483864,43.81503897617114],[7.355150497422891,43.901511001158944],[7.397118601409179,43.76409491153125],[7.297616514769775,43.667300783113284],[6.923080000487548,43.44766577334766],[6.523014101592285,43.15085180850391],[6.331224951354248,43.11186941714649],[6.18777850588916,43.092288576082034],[5.828570398894531,43.020816408113284],[5.646554979888183,43.03331717105274],[5.434490236846191,43.103656373933596],[5.051816973296386,43.32809790225391],[4.909845861998779,43.366439424470705],[4.750594648925048,43.35325964541797],[4.646513971892578,43.320865236238284],[4.416764769164306,43.34614523501758],[4.078196081725341,43.48708685489063],[3.807468924132568,43.467227540925784],[3.478712830153686,43.31209524722461],[3.317868027297241,43.19595297427539],[3.067900213805419,42.944564424470705],[3.001891169158203,42.77080877871875],[3.039267615601351,42.8691948199401],[2.948875128434636,42.882970675163364],[2.824998419760575,42.849753178372794],[2.701121711086515,42.73002220618929],[2.489624891399095,42.71892429041346],[2.48056074198392,42.68561863167925],[2.272085305434892,42.69006041846055],[2.102887849684956,42.61450685035179],[1.728236340524384,42.501004432498135],[1.731257723662776,42.54553979026787],[1.79168538643061,42.57892047388559],[1.755428788769909,42.596716202383234],[1.577167183604798,42.64785062076061],[1.45631185806913,42.61895371848023],[1.320455842331296,42.60500633270455],[1.307450089064819,42.63517340274219],[0.744199428168518,42.77189215274219],[0.584142002669555,42.77189215274219],[0.591923627463562,42.628333650544924],[0.347843679991943,42.63517340274219],[0.196265372840148,42.607825838044924],[0.179550382701141,42.66251715274219],[-0.165626824440974,42.64883764834766],[-0.203663793,42.70031317325],[-0.216141254248637,42.717200838044924],[-0.409914609583634,42.785567842439455],[-0.46883657256009,42.75139196963672],[-0.586789485605973,42.765060029939455],[-0.611982133778351,42.73087652774219],[-0.840018358620423,42.90865286441211],[-0.907353666218537,42.881297670320315],[-1.397272315415162,43.031756959871096],[-1.44755240956189,42.98387869449024],[-1.515127864273804,42.997562013582034],[-1.557671156319397,43.04543264956836],[-1.465651359947937,43.15488775821094],[-1.491382804306763,43.20962103457813],[-1.702391829880494,43.19593771548633],[-1.914577808769959,43.3054157123125],[-1.746070232781189,43.36016043277149],[-1.561407771500367,43.524425111726565],[-1.314379182251709,44.558963380769534],[-1.135849919708985,44.600101076082034],[-1.230320539864319,44.730411134675784],[-1.331778016480225,44.61382635684375],[-1.275514092835206,45.12873037906055],[-1.175191727074402,45.50050314517383],[-1.123440351876038,45.431617341951174],[-0.900364187153595,45.29391058535938],[-0.814226653965729,45.12184103579883],[-0.728486028107422,45.01864203067188],[-0.854702380093354,45.321448884919924],[-1.138394918831604,45.58316382022266],[-1.247395124825257,45.688148103669924],[-1.236505594643372,45.8000446185625],[-1.075199690254944,46.01461752505664],[-1.165981498154419,46.18368109317188],[-1.256056633385437,46.30683096499805],[-1.402668443115967,46.403934083894534],[-1.710726466568726,46.44879110904102],[-1.942478146942872,46.70579870791797],[-2.129660334976929,46.85084494204883],[-2.004645553025025,47.04250296206836],[-2.109477606209534,47.124042116121096],[-2.263749804886597,47.18288382144336],[-2.493711915406006,47.24692114444141],[-2.576483931931275,47.324866853669924],[-2.575529757440609,47.32396831560688],[-2.010361521016347,47.745650369834415],[-1.75196905427781,48.17821145459153],[-1.99910926906585,48.67695685862887],[-1.870566811951416,48.711742006257815],[-1.857612696083802,48.60836752505664],[-1.591356840523499,48.63750036807422],[-1.456587758454102,48.683551393464846],[-1.575547900589722,48.76814230533008],[-1.588412251862305,48.88095053286914],[-1.563408580216187,49.036239229158205],[-1.579779472740906,49.2290111407793],[-1.638999786766785,49.219607912019534],[-1.891543593796509,49.526351533845705],[-1.941284146698731,49.70930441470508],[-1.52424713650586,49.65277060122852],[-1.250969496163147,49.69987829776172],[-1.288660493286866,49.520972810701174],[-1.177143421562928,49.33254965396289],[-1.023191001805085,49.39845999331836],[-0.464948442372101,49.35137899966602],[-0.239364930036086,49.28548773379688],[-0.203663793,49.291812501863284],[0.032870042530281,49.33370550723438],[0.330848249999267,49.45495565982227],[0.090372207967025,49.51055487246875],[0.115054044333679,49.60227545352344],[0.189372840729934,49.681026063875],[0.528559717742187,49.8258014545],[0.868757519332153,49.90724905581836],[1.274518880454284,50.00430258365039],[1.416228327361328,50.10984381289844],[1.551989111510498,50.22880896182422],[1.528296861258728,50.57772787661914],[1.58892014941333,50.821883760408205],[1.796177011925293,50.92141446442835],[1.825507855919507,50.24268837026159],[1.986621837213834,50.21967208721954]]]]}},{"type":"Feature","properties":{"name":"Venice","subject":"Venice","partOf":"Venice","borderPrecision":1,"color":"#8b7fa6"},"geometry":{"type":"MultiPolygon","coordinates":[[[[16.701476130095703,43.84666021914844],[16.711520227996093,43.77132757754688],[16.639813456145507,43.38973578067188],[16.548510584441406,43.461314760164065],[16.366747889128906,43.51302298159961],[16.059407267180664,43.4334789142168],[15.912835154143554,43.65224798770313],[15.494369067245392,43.88844455774298],[15.74978183631155,44.097822898857096],[16.184667298147904,43.907560509303686],[16.701476130095703,43.84666021914844]]],[[[17.30407422969127,43.07620747861257],[17.075087580291015,43.22274740786914],[16.992262873259765,43.32271536441211],[17.054438221820618,43.472675047467334],[17.163159587279704,43.39113402337301],[17.32624163546834,43.33677334064347],[17.30407422969127,43.07620747861257]]],[[[13.606337580291015,46.13213690371875],[13.500387806353855,45.940027500065376],[13.367695841399414,45.69448813052539],[13.156165155974609,45.72652395816211],[13.10460856875537,45.58238562198047],[12.898650202361328,45.55837210269336],[12.448155436125976,45.39428671450977],[12.48321250399707,45.46231421084766],[12.279743227568847,45.40228994937305],[12.251417193022949,45.29028280825977],[12.180371317473632,45.27027853579883],[12.176189455596191,45.21429022403125],[12.312513384429199,45.178294740632815],[12.322136911956054,45.0423656329668],[12.408988031951171,44.9890094623125],[12.523090395537597,44.88275106997852],[12.47604468783496,44.787086091951174],[12.37776521272152,44.73152979882409],[12.1361640198788,45.104061856473024],[12.036538809646595,45.137270259883756],[12.053143011351963,45.02104084794619],[11.970122002825125,45.03764504965155],[11.887100994298287,45.087457654767654],[11.770871582360714,45.07085345306229],[11.604829565307039,44.904811436008615],[11.239537127788955,45.07085345306229],[11.169817827810615,45.067184016221326],[10.856080977908093,45.05067155043698],[10.824432085154767,45.353124882053535],[10.67499426980646,45.353124882053535],[10.376652918577285,45.3743828896956],[9.997694467681434,45.40138518626623],[9.92205692089939,45.666116600003384],[9.846419374117344,45.70393537339441],[9.506050413598146,45.514841506439296],[9.695144280553256,45.779572920176456],[9.58168796038019,45.89302924034952],[9.544866594878417,46.31158407779102],[9.642048868743164,46.32522162051563],[9.67374041995166,46.37979086490039],[9.884957346526367,46.402530275300784],[9.994528803435546,46.25247534366016],[10.097109827605468,46.438914857820315],[9.987427744475585,46.4980541095293],[10.023653063384277,46.62089880557422],[10.151240381804687,46.66186483950977],[10.23034385165332,46.58925589175586],[10.372107538787109,46.566302858308596],[10.389193567839843,46.65275915713672],[10.338723215666992,46.74834784121875],[10.395699534026367,46.88741263003711],[10.558315868167236,46.71790650888628],[10.558315868167236,46.312877109259034],[10.457058518260423,46.21161975935222],[10.524563418198298,45.73908545978709],[10.65957321807405,45.806590359724964],[10.7945830179498,45.63782810988028],[10.929592817825549,45.84034280969391],[11.165859967608114,45.73908545978709],[11.233364867545989,46.00910505953859],[11.3346222174528,46.00910505953859],[11.570889367235365,45.975352609569654],[11.570889367235365,46.245372209321154],[11.908413866924741,46.414134459165844],[11.739651617080053,46.751658958855224],[12.074753794280273,46.92750509829883],[12.217808756438476,46.88431891055469],[12.328428349573102,46.967498804640286],[12.407154703364085,46.96407591969285],[12.697675849654708,46.9514445655063],[13.291682697612078,47.06382423944418],[13.516442045487839,46.99960728290825],[13.58065900202377,46.83906489156842],[13.709092915095635,46.83906489156842],[13.725147154229617,46.646414021960624],[13.6211014123833,46.420882783845705],[13.606337580291015,46.13213690371875]]],[[[14.354488405791503,45.32289084048633],[14.238621744719726,45.062354646638674],[14.17460826357959,45.010387025789065],[14.188512835112792,44.94254644961719],[14.060400042144042,44.89470251651172],[13.991256746855957,44.783099733308596],[13.895102533904296,44.75918158145313],[13.672059092131835,45.050357423738284],[13.64358905276416,45.179088197664065],[13.526890787688476,45.45431097598438],[13.556276354399902,45.4596019610918],[13.749085459319335,45.49433096499805],[13.799984011260253,45.56637152285938],[13.67318061312793,45.71450766177539],[14.075900831918274,45.6780045091564],[14.219392167703536,45.47711663905704],[13.989806030447117,45.419720104742936],[14.075900831918274,45.27622876895767],[14.354488405791503,45.32289084048633]]]]}},{"type":"Feature","properties":{"name":"Sweden","subject":"Sweden","partOf":"Sweden","borderPrecision":1,"color":"#8b7fa6"},"geometry":{"type":"MultiPolygon","coordinates":[[[[29.510743174163085,60.14456518741016],[28.968979868499023,60.10878714175586],[28.69163421115039,60.14997824283008],[28.569397959319335,60.19842108340625],[28.43523124179004,60.33733709903125],[28.55124762972949,60.53264196963672],[28.52150824984668,60.62326391787891],[28.431775126067382,60.60346945376758],[28.01143744906543,60.51073034854297],[27.473618540374023,60.42607840152149],[27.40622046908496,60.34481772036914],[27.178481134978515,60.442393861726565],[26.945570978728515,60.37631186099414],[26.922308954802734,60.31612356753711],[26.61307624301074,60.34783133120899],[26.52587607821582,60.396468721345705],[26.55163863619922,60.570697389558596],[26.442835840789062,60.33334311099414],[26.322712931243164,60.270240388826174],[26.037745508757812,60.24929770083789],[25.890101465789062,60.2358356341875],[25.845532450286132,60.115481935457034],[25.58054450472949,60.2623363360918],[25.4498949380791,60.13839682193164],[25.14579108676074,60.1097484454668],[24.992980036345703,60.02957113833789],[24.969470057097656,60.08683355899219],[24.742980036345703,60.03823050113086],[24.515957865325195,59.9894977435625],[24.421050104705078,59.86975058169727],[24.281357798186523,59.938148103669924],[23.9789476724541,59.881148897126955],[23.961113962737304,59.932452760652346],[23.66465667208789,59.83555182071094],[23.41885474642871,59.82984884829883],[23.201441797820312,59.818458162263674],[22.982125315276367,59.932452760652346],[22.882000956145507,60.05556448550586],[23.005200419036132,60.208758912996096],[22.624615702239257,60.20110281558399],[22.39206603488086,60.121200166658205],[22.421467814055664,60.29318579287891],[22.220654520598632,60.25876959414844],[21.93095305880664,60.38077124209766],[21.746808085051757,60.40827139468555],[21.56015113314746,60.51248510928516],[21.443177256194335,60.693648897126955],[21.42725661715625,61.01509817691211],[21.498307261077148,61.183272920564455],[21.52078917941211,61.37956961245899],[21.56100562533496,61.48492010684375],[21.4052172037041,61.70243414492969],[21.21119979342578,61.870914064363284],[21.34644034823535,62.167132936433596],[21.33755591830371,62.343604646638674],[21.2001390787041,62.435184083894534],[21.03372863253711,62.477298341707034],[21.06180671176074,62.61173590274219],[21.194806131926757,62.760684572175784],[21.481284174529296,62.888812623933596],[21.545966181365234,62.97405966372852],[21.494656595793945,63.123031221345705],[21.666478190032226,63.18730505557422],[21.951323542205078,63.13101538272266],[22.07504371127246,63.102820955232424],[22.292357477751953,63.20269354434375],[22.42877486666797,63.39496573062305],[22.475831064788085,63.60161551089649],[22.569018396941406,63.72301443667774],[22.704222712126953,63.58064230533008],[22.825530085173828,63.58087881656055],[23.58028510531543,64.08205755801563],[24.094035181609375,64.37656744571095],[24.470093760100585,64.63552435489063],[24.93191626986621,64.81603582950001],[25.325089487639648,64.80239447207813],[25.35190490206836,64.93909796328907],[25.29341414889453,65.00389441104298],[25.13255980929492,65.0759464129961],[25.186125788298828,65.24265631289845],[25.251507792083007,65.4168887958086],[25.103611979094726,65.54012640567188],[24.591139826384765,65.5827823504961],[24.21480086764453,65.7859073504961],[23.94773200472949,65.79668005557423],[23.844082865325195,65.79847296328907],[23.405688318816406,65.72483404727345],[23.204020533171875,65.68075140567188],[22.7981615396416,65.85482367129688],[22.645554575530273,65.93478735537892],[22.489802393523437,65.883418642],[22.20156959017871,65.71528967471485],[21.95748237094043,65.44573553653126],[21.818726572600585,65.38013800235157],[21.52232840975879,65.37231024356251],[21.27734664401172,65.21227606387501],[21.423712763396484,65.10388525576954],[21.489449534026367,65.01716192813282],[21.329442057219726,64.89435156436329],[20.92119315585254,64.71382483096485],[21.06432250460742,64.59199865908985],[21.237046274749023,64.52054174991017],[21.385829004851562,64.38455542178517],[21.048895868865234,64.21916540713673],[20.866480860320312,64.02561529727345],[20.70065978488086,63.818126283601565],[19.984885248748046,63.51726873965625],[19.670275721160156,63.38854178042774],[19.465012583342773,63.48070486636524],[19.318224939910156,63.444827638582034],[19.075926813689453,63.202498994783205],[18.78499129733203,63.138011537507815],[18.48662475070117,62.98124273867969],[18.388949427214843,62.85337408633594],[18.303191217986328,62.789424501375],[17.967440638152343,62.77462347598438],[17.86816886386035,62.788619600251955],[17.93625548800586,62.54800375552539],[17.718112024871093,62.356734834626955],[17.29024032076953,62.44072302432422],[17.387362513152343,62.20076712222461],[17.496771845427734,62.08810003848438],[17.38697341403125,61.65843542666797],[17.16264251193164,61.62990530581836],[17.06517699679492,61.53837927432422],[17.150189432708007,61.19770773501758],[17.146208796111328,60.95282705874805],[17.317627939788085,60.753070436433596],[17.188498529998046,60.674293123201174],[17.60496428927539,60.63753851504688],[17.706456217375976,60.55358084292774],[17.93074897250293,60.590308748201174],[18.224387201873046,60.32296713443164],[18.416865381804687,60.181624971345705],[18.804085764495117,60.10839804263477],[18.89307120761035,59.92568930240039],[19.03732398470996,59.86324270816211],[19.043551477996093,59.71242483706836],[18.867892298308593,59.71242483706836],[18.639250788298828,59.56692846866016],[18.25142196139453,59.43193777652149],[18.030083689299804,59.35928305240039],[17.795283350554687,59.36447485537891],[17.729952845183593,59.41636236758594],[17.36798385104297,59.468265138582034],[17.070597681609375,59.5461498126543],[16.785538706389648,59.577315889314455],[16.724089655486328,59.53057058902149],[16.523207697478515,59.5825153216875],[16.40757659396289,59.44749792666797],[16.776474985686523,59.478656373933596],[16.99983504733203,59.35928305240039],[17.26577857455371,59.33853491397266],[17.358122858611328,59.24517782779102],[17.57492164095996,59.21407278628711],[17.584412607756835,59.2711139545],[17.86173156222461,59.239993654207034],[17.977635416594726,59.32815130801563],[18.11137870272754,59.322974763826174],[18.32816985568164,59.369666658357424],[18.429560694304687,59.33334692569141],[18.441370997039062,59.40079077334766],[18.515469584075195,59.40079077334766],[18.611327204314453,59.33334692569141],[18.59819510897754,59.297042451814455],[18.273371729460937,59.286666475251955],[18.371960672942382,59.15706976504688],[18.015667948333007,59.03791006656055],[17.940136942473632,58.90848883242969],[17.766465220061523,58.87226828189258],[17.726422342864257,58.91366156192188],[17.745200190154296,58.986129365876955],[17.739108118621093,59.110423646882815],[17.623181376067382,59.10007055850391],[17.582188639250976,58.89296682925586],[17.356675180999023,58.74296911807422],[17.245389017668945,58.71711691470508],[17.08299926241992,58.74813421817188],[17.080731424895507,58.64992865176563],[16.442866358367187,58.63442190738086],[16.51319411715625,58.42811544986133],[16.744044336882812,58.31195028872852],[16.773545298186523,58.03790243716602],[16.72458556613086,57.88932379336719],[16.597764048186523,57.86645468325977],[16.45953086337207,57.895206056550784],[16.476531061736328,57.70212896914844],[16.607205423918945,57.66581305117969],[16.55047896823047,57.545150361970705],[16.658679041472656,57.442950807527346],[16.49415877780078,57.27892263980274],[16.394524607268554,57.07430227847461],[16.376174006072265,56.82242163272266],[16.06315060859225,56.39623928206121],[15.426993333335687,56.765740886896175],[14.484980269853605,56.68010333567053],[14.17541209481496,56.81280296459675],[13.432448474722209,56.52387266789401],[13.226069691363112,57.101733261299486],[12.895863637988557,56.977905991284025],[12.730760611301278,57.43193931467404],[12.52438182794218,57.390663558002224],[12.318003044583083,57.679593854704954],[11.876622233000976,57.325206361726565],[11.88111403903125,57.50896414370899],[11.766084704009277,57.672679506257815],[11.736376188093523,57.69820870947779],[12.48789545729689,58.56291949244779],[12.422772440520507,60.03877981753711],[12.435860666838867,60.27809866519336],[12.547958407012207,60.43387182803516],[12.431030306426269,60.62584646792774],[12.174038920012695,60.956405244783205],[12.597381624785644,61.02862127871875],[12.791736635771972,61.32994803042774],[13.154899574959657,62.024227120513196],[15.049652873247693,63.52575508677045],[16.660709305680115,63.75590600568937],[17.73117869600067,64.55875804842978],[17.329752674630463,64.82637539600992],[18.534030738741084,66.43207948149077],[21.87924758349281,66.96731417665103],[25.62589044961474,66.69969682907089],[26.428742492355155,65.62922743875035],[26.479310468661392,65.57182595213246],[27.23159453509557,63.35447998431916],[28.665709169081737,62.20874538640748],[29.687296900359375,60.131000123933596],[29.510743174163085,60.14456518741016]]]]}},{"type":"Feature","properties":{"name":"Ryazan","subject":"Ryazan","partOf":"Ryazan","borderPrecision":1,"color":"#b3a46e"},"geometry":{"type":"MultiPolygon","coordinates":[[[[43.67309502787673,53.476955587188314],[41.402067907559,51.79837032434478],[40.41466481176869,51.35403893123914],[37.69930629834532,52.73640326534558],[36.86001366692355,52.09459125308187],[36.598201700400395,54.25549016659448],[37.25497490523969,54.217507909031056],[37.45245552439775,55.10617069524234],[38.39048846539855,55.05680054045283],[38.68670939413565,55.45176177876895],[39.37789156118886,55.846723017085075],[40.7602558952953,55.45176177876895],[40.562775276137245,54.760579611715734],[41.9945097650332,54.760579611715734],[43.080653170402556,54.90869007608428],[44.8086085880356,54.6618393021367],[43.67309502787673,53.476955587188314]]]]}},{"type":"Feature","properties":{"name":"Georgia","subject":"Georgia","partOf":"Georgia","borderPrecision":1,"color":"#739b91"},"geometry":{"type":"MultiPolygon","coordinates":[[[[45.38218596896289,42.62306936831836],[45.29708388766406,42.676253877595705],[45.20135024508593,42.676253877595705],[45.13752654513476,42.71880301089649],[45.03115371188281,42.771991334871096],[44.9779653879082,42.771991334871096],[44.93541625460742,42.74007757754688],[44.871592554656246,42.66561850161914],[44.78649428805468,42.729442201570315],[44.6694822641289,42.76135214419727],[44.509924921599605,42.76135214419727],[44.414187464324215,42.729442201570315],[44.37163833102343,42.686893068269534],[44.2971792550957,42.612430177644534],[44.169531855193355,42.612430177644534],[44.052519831267574,42.55924566836719],[43.95678618868945,42.59115561099414],[42.87842467745898,41.54550512881641],[42.69377807101367,41.5637164935625],[42.35151961764453,41.40158041568164],[42.25010970553515,41.368968568757815],[42.02903655490039,41.39981039615039],[41.48396209200976,41.436542116121096],[41.52111342867968,41.46583517642383],[41.666113886443355,41.72915228457813],[41.6804685922539,41.793338380769534],[41.65183547457812,42.120643220857424],[41.502722773162105,42.608478151277346],[41.40974334200976,42.78824194522266],[41.12255385836718,43.019088350251955],[41.30960614170756,43.55716533432493],[43.61690948985557,43.77276186641766],[45.38218596896289,42.62306936831836]]]]}},{"type":"Feature","properties":{"name":"Teutonic Knights","subject":"Teutonic Knights","partOf":"Teutonic Knights","borderPrecision":1,"color":"#a88992"},"geometry":{"type":"MultiPolygon","coordinates":[[[[27.650842237842635,56.27996199167551],[27.370532924309803,55.71934336460985],[26.245430387177652,55.89609317187459],[25.307397446176854,56.48853502934878],[24.71495558870266,56.34042456498023],[22.745429251018063,56.35003932005873],[21.904501310419565,56.35003932005873],[21.14179787604949,56.12729915596068],[21.310275760398703,55.51305839875313],[21.669600839940113,55.51305839875313],[22.028925919481527,55.25639762765212],[21.926261611041124,54.94840470233091],[22.13159022792193,54.794408239670304],[22.08025807370173,54.5890796227895],[22.182922382142134,54.5377474685693],[22.234254536362332,54.12709023480768],[21.464272223059307,53.81909730948647],[21.104947143517894,53.81909730948647],[20.809806197321894,53.63757257174263],[20.709395381913087,53.758065550233205],[20.428245098768418,53.778147713314965],[20.38629698443507,53.51110438416526],[20.078304059113858,53.51110438416526],[20.078304059113858,53.665100846825865],[19.56498251691184,53.45977222994506],[19.205657437370427,53.254443613064254],[18.94899666626942,53.254443613064254],[18.589671586728006,53.100447150403646],[18.281678661406797,53.35710792150466],[18.684934699267238,54.25402242176603],[18.96497634371875,54.227584444001955],[19.255003962126953,54.27719458194141],[19.733597788420898,54.46117361636524],[19.757716211882812,54.45917471499805],[19.317608866301757,54.271678529695315],[19.232062372771484,54.22207220645313],[19.230307612029296,54.166968904451174],[19.328099283782226,54.16145285220508],[19.456822428313476,54.216563783601565],[19.570403223245147,54.25508398112746],[19.733119043914062,54.31026800723438],[19.914581807330855,54.394662508616506],[19.977538141814453,54.42394217105274],[20.188645395842773,54.521976076082034],[20.32671264132617,54.56400641055469],[20.19423201998828,54.57504614444141],[20.005703959075195,54.54745825381641],[19.938118967620117,54.608172975496096],[19.881810221282226,54.52537878604297],[19.833247217742187,54.53089865298633],[19.86316970309375,54.75173147769336],[19.9425707193291,54.849856935457034],[20.127097162810546,54.84564169497852],[20.79715064486621,54.817977510408205],[20.985203775969726,54.81164129825],[21.137343439666015,54.84545858950977],[21.191943201628906,54.959579072908205],[21.11334517916797,55.089244447664065],[21.22385314425586,55.11144980044727],[21.193121943083984,55.16635092349414],[21.162322077361328,55.22138174624805],[21.143034967986328,55.25583990664844],[21.20093253573535,55.26139410586719],[21.216296228972656,55.343665681794924],[21.01845076998828,55.634009920076174],[21.01481536349414,55.69705542178516],[20.995957407561523,56.024127565339846],[20.945448908416015,56.069957338289065],[20.91600707491992,56.09667166324024],[20.9490461679375,56.473189912751955],[20.96482757052539,56.60902365298633],[21.02205184420703,56.683875642732424],[21.32437995394824,56.854415498689455],[21.339747461882812,57.17707022281055],[21.459588083831054,57.24960669131641],[21.579514536467773,57.37260016055469],[21.67733100375293,57.46365698428516],[21.810254129973632,57.475379548982424],[22.28540328463672,57.565040193513674],[22.35992721041797,57.58566626162891],[22.432965311614257,57.615558229402346],[22.56363776644824,57.615558229402346],[22.585421595183593,57.508651338533205],[22.881373438445312,57.334144197419924],[23.070889505950195,57.26131781192188],[23.174664530364257,57.04849203677539],[23.215449366179687,56.98066671939258],[23.414469751921875,56.892413698152346],[23.76781371554492,56.865882478669924],[24.15838340243457,56.97548636050586],[24.266305002776367,57.030147157625],[24.34649947604297,57.15972097964649],[24.32293990573047,57.336890779451174],[24.236186060515625,57.728160463289065],[24.32544234713672,57.83747061343555],[24.345648798552734,57.86221655459766],[24.415644678679687,57.94793280215625],[24.414401087371093,58.10588797183399],[24.496785196868164,58.213153444246096],[24.33109191378711,58.307933412507815],[24.058350596038085,58.111529909089846],[23.908068689910156,58.22444876284961],[23.670859369841796,58.24138983340625],[23.690465006438476,58.665484987214846],[23.511870417205078,58.580875001863284],[23.360819849578125,58.76742132754688],[23.431979212371093,58.85808142276172],[23.337885889617187,58.97239264102344],[23.456978830901367,59.00549276919727],[23.415757212249023,59.11896475406055],[23.570183786956054,59.138072572664065],[24.03210738619922,59.17574270816211],[24.02955916842578,59.235416017488284],[24.28194526156543,59.28414114566211],[24.341567072478515,59.368880830720705],[24.53756812533496,59.323409639314455],[24.570923838225585,59.37432821841602],[24.713812861052734,59.35183294864063],[24.751221689788085,59.448463045076174],[25.248290094939453,59.36179693789844],[25.44879439791797,59.493960939363284],[25.48999312838672,59.42004355044727],[25.72112182101367,59.459842287019534],[26.34325889071582,59.44664724917774],[26.86190131625293,59.371749483064455],[26.999016794768554,59.31772955508594],[27.265091929045898,59.33804281802539],[27.702038797942382,59.297504030183596],[27.661188779931567,58.937558034835455],[27.510687581076215,57.61143123095648],[27.605902554454104,56.706888983866556],[27.650842237842635,56.27996199167551]]]]}},{"type":"Feature","properties":{"name":"Pskov","subject":"Pskov","partOf":"Pskov","borderPrecision":1,"color":"#a88992"},"geometry":{"type":"MultiPolygon","coordinates":[[[[28.318976888337318,58.66082184008748],[28.41771719791635,57.920269518244744],[28.812678436232478,57.57467843471813],[28.812678436232478,56.88349626766491],[28.092572476759294,56.792404743235316],[28.017410311155317,56.56691824642338],[27.822714884859057,56.72547289790126],[27.605902554454104,56.706888983866556],[27.510687581076215,57.61143123095648],[27.661188779931567,58.937558034835455],[28.318976888337318,58.66082184008748]]]]}},{"type":"Feature","properties":{"name":"Grand Duchy of Moscow","subject":"Grand Duchy of Moscow","partOf":"Grand Duchy of Moscow","borderPrecision":1,"color":"#8f9a74"},"geometry":{"type":"MultiPolygon","coordinates":[[[[27.661188779931567,58.937558034835455],[27.702038797942382,59.297504030183596],[27.893597635833007,59.34611090274219],[28.015851053801757,59.45415457339649],[28.01309302767871,59.45822104068164],[27.97339347323535,59.51671179385547],[27.89665702304004,59.53378256411914],[27.94168761691211,59.64759787173633],[28.094189676848632,59.664676271394534],[28.16310409030078,59.590682588533205],[28.266337427703125,59.56222876162891],[28.35098365267871,59.602061830476565],[28.30910018405078,59.66440161319141],[28.444363627043945,59.733741365388674],[28.662732157317382,59.64434012027149],[28.795933756438476,59.67222174258594],[28.93626883944629,59.82455023379688],[29.076066050139648,59.907794557527346],[29.413628611174804,59.860030733064455],[29.7654524179375,59.736243806794924],[29.963156733123046,59.736617647126955],[30.12663939913867,59.80604513736133],[29.952874216643554,59.98558386416797],[29.687296900359375,60.131000123933596],[28.665709169081737,62.20874538640748],[27.23159453509557,63.35447998431916],[26.479310468661392,65.57182595213246],[27.097785861305503,66.83350550286096],[31.245854748797644,67.63635754560138],[32.64433959445117,67.04610022158985],[32.21943572482226,66.99374731631642],[32.35782149752734,66.9203296527422],[32.42472747286914,66.89102514834767],[32.75353911837695,66.649043642],[32.970862421599605,66.58338507266407],[33.469668421355465,66.31309851260548],[33.844214472380855,66.18213995547657],[34.258494410124996,66.10982855410938],[34.54369643649218,66.00083502383595],[34.726172480193355,65.79697760196095],[34.725588831511715,65.61499365420704],[34.60118773898242,65.4839282855547],[34.29341414889453,65.39624365420704],[34.33201507052539,65.34550818057423],[34.425662073699215,65.10652502627735],[34.772864374724605,64.68222387881642],[34.814768824187496,64.45981939883595],[34.884612116423824,64.36677130313282],[35.081763300505855,64.28833349795704],[35.62327102145312,64.25356634707813],[36.015471491423824,64.19702490420704],[36.23997024020312,63.91862066836719],[36.420622858611324,63.876102052644534],[36.98754027804492,63.84148367495899],[37.2465086313164,63.78487738223438],[37.41054061373828,63.749496065095705],[37.591460260955074,63.80693777652149],[37.94491866549609,63.85039480777149],[38.054080042449215,63.98631628604297],[38.05385879000781,64.12927588076954],[37.87985518893359,64.30789526553517],[37.668128046599605,64.34331091494923],[37.463286432830074,64.29996069522267],[37.26195052584765,64.31389196963673],[36.996741327849605,64.40655859561329],[36.56850722750781,64.76457556338673],[36.88390639742968,65.06769903750782],[37.10194304904101,65.06812628360157],[37.604094538298824,64.85277136416798],[38.25292113741992,64.70306738467579],[39.19344237765429,64.51103552432423],[39.62159636935351,64.47596319766407],[39.99705031832812,64.54121740908985],[40.322173151580074,64.4629321918047],[40.43979171237109,64.56356390567188],[40.46206191500781,64.75027807803517],[40.36595061740039,64.8579288348711],[39.97938826998828,65.15314062686329],[39.82310393771289,65.43561132998829],[39.95132735690234,65.58116491885548],[40.036868128386715,65.60313757510548],[40.681407007781246,65.79355963321095],[41.35424712618945,65.95517309756642],[41.62328246554492,66.06516607852345],[42.13344481906054,66.38788946719532],[42.21078780612109,66.41000708194142],[42.41852477511523,66.38109930606251],[43.241431269255855,66.2508960589922],[43.87621978243945,66.01096685977345],[44.02943328341601,66.0112491473711],[44.05284026583789,66.04050024600392],[44.05284026589789,66.04050024620025],[44.12211135348437,66.26716192813282],[44.383608851042965,66.61201819033985],[44.36195281466601,66.90596350283985],[44.2191648813164,67.08982428164845],[43.83810714205859,67.16285284610157],[43.70359710177539,67.26593359561329],[43.70359710187367,67.26593359570008],[44.21583465060351,67.71826513858204],[44.26107314547656,67.82963903994923],[44.1687498422539,68.09702643008595],[44.16874984222782,68.09702643010328],[43.82216552218554,68.32731970401173],[43.822165522218555,68.32731970416243],[43.85324386080859,68.46920355410938],[44.012026819792965,68.49190863223438],[44.66781142672656,68.3885913714922],[45.57964232882617,68.44253882022267],[45.86343673190234,68.38334997744923],[46.16195205172656,68.1081958636797],[46.439368280974605,67.90793951602345],[46.634066614493705,67.70051153774341],[46.63406661449371,67.70051153774341],[46.63406661471484,67.70051153750782],[46.16411498507617,67.67742498965626],[45.46258071383593,67.63906439395313],[45.092505488005855,67.54207953067188],[44.87120727030501,67.31241949656753],[44.871207270305,67.31241949656753],[44.87120727023242,67.3124194964922],[44.95714095553515,67.23135717959767],[45.38563445529101,67.09937628360157],[45.71535018405078,66.8496280536211],[46.07677749117968,66.76208075137501],[46.40205291232226,66.71860083194142],[46.97264007052539,66.7784610614336],[47.57118895968554,66.81631048770313],[47.706187281218746,66.89010962100392],[47.82212737521289,67.11129339785938],[47.952918085662105,67.37729223819142],[48.08066085299609,67.56245764346485],[48.63532165011523,67.6523853168047],[49.18562987765429,67.83882483096485],[49.63012221774218,67.93619116397267],[50.4958982797539,68.15346869082813],[51.13895705660937,68.2663989886797],[51.83080962618945,68.40938147158985],[52.244875940886715,68.54455908389454],[52.33738234957812,68.33572729678517],[52.46266845187304,68.29867132754688],[52.719729456511715,68.35138281436329],[52.9387693735039,68.47117956729298],[53.00575164279101,68.68056830020313],[53.17943480929492,68.75574835391407],[53.50243285616992,68.81625708194142],[53.88911727389453,68.78699835391407],[53.80839446505664,68.60726507754688],[53.78207686862109,68.3384204730547],[53.39590743502734,68.30042608828907],[53.31618407687304,68.23320349307423],[53.316844019499996,68.13638647647267],[53.62573913058398,68.04768713565235],[53.85399154147265,68.08530005069142],[54.37974837741015,68.16070898623829],[54.575957331267574,68.16109045596485],[54.648467096892574,68.0719180926836],[54.752295527068355,68.04978521914845],[54.87719634493945,68.10954626651173],[54.99598601779101,68.20653112979298],[55.12649825533984,68.40060766787892],[55.335391077605465,68.48309668155079],[55.72289184054492,68.53610571475392],[56.19510177096484,68.56686743350392],[56.54026320895312,68.55256994815235],[57.02422622164843,68.44890936465626],[57.36369231661914,68.45701941104298],[57.52586654147265,68.49463995547657],[57.959197077361324,68.70476111026173],[58.40928939303515,68.83285864444142],[58.77038100680468,68.85600622744923],[59.19904998263476,68.77440985293751],[59.3458738656914,68.69986303897267],[59.06195739232443,68.4974857196522],[59.06195739230273,68.49748571963673],[59.119788202849605,68.39309271426563],[59.217661890593746,68.34854467959767],[59.501860651580074,68.28942450137501],[59.76234725436328,68.29738958926563],[59.89204696139453,68.40200384707813],[59.92537597140429,68.58127173037892],[60.07908919772265,68.61895330996876],[60.51208404025195,68.58985479922657],[60.7562742563164,68.67254980655079],[60.93412307223437,68.8150821551836],[62.66184188574522,61.10052822661235],[61.881311869520246,59.85168020065237],[58.293141299690916,58.42450462435247],[56.67389519014647,58.259275429501],[55.465224704800136,58.13594170650648],[45.96480886570524,57.734515685136266],[45.42957417054495,57.466898337556124],[44.8086085880356,54.6618393021367],[43.080653170402556,54.90869007608428],[41.9945097650332,54.760579611715734],[40.562775276137245,54.760579611715734],[40.7602558952953,55.45176177876895],[39.37789156118886,55.846723017085075],[38.68670939413565,55.45176177876895],[38.39048846539855,55.05680054045283],[37.45245552439775,55.10617069524234],[37.25497490523969,54.217507909031056],[36.598201700400395,54.25549016659448],[36.21820165465985,54.26687806382057],[36.168831499870336,54.760579611715734],[34.490246237026795,54.71120945692621],[34.09528499871068,55.10617069524234],[34.44087608223728,56.2416842554012],[33.2559923672889,56.48853502934878],[32.41669973586713,57.27845750598103],[31.281186175708267,57.27845750598103],[30.738114473023593,56.98223657724394],[30.935595092181654,56.389794719769746],[30.688744318234075,55.89609317187459],[29.94819199639134,56.537905184138296],[29.059529210180056,56.537905184138296],[28.812678436232478,56.88349626766491],[28.812678436232478,57.57467843471813],[28.41771719791635,57.920269518244744],[28.318976888337318,58.66082184008748],[27.661188779931567,58.937558034835455]],[[34.610919375,61.640599975],[34.903805875,61.523482825],[35.292812025,61.419801875],[35.5394512,61.309183325],[35.6437234,61.191627175],[35.66472105,61.098941],[35.60244415,61.0311248],[35.54780955,60.997981975],[35.50081725,60.999512525],[35.497628125,60.9773893],[35.538242175,60.9316123],[35.67165525,60.922281375],[35.89786735,60.949396525],[36.0332438,60.992912925],[36.0777846,61.052830575],[36.184818325,61.11158255],[36.354344975,61.16916885],[36.41474295,61.21654025],[36.36601225,61.25369675],[36.3706818,61.2896959],[36.4287516,61.3245377],[36.45560855,61.36201385],[36.45125265,61.40212435],[36.398634425,61.43772225],[36.297753875,61.46880755],[36.190796775,61.531443425],[36.077763125,61.625629875],[36.017066075,61.7005272],[36.008705625,61.7561354],[35.9614746,61.800050175],[35.875373,61.832271525],[35.851409725,61.8676444],[35.889584775,61.9061688],[35.8500584,61.954331025],[35.7328306,62.012131075],[35.723349425,62.133787175],[35.821614875,62.319299325],[35.839178,62.444236725],[35.7760388,62.508599375],[35.693981975,62.545226325],[35.593007525,62.554117575],[35.5478941,62.575332],[35.5586417,62.6088696],[35.5428703,62.62127685],[35.5005799,62.61255375],[35.49898265,62.589192525],[35.53807855,62.551193175],[35.52405865,62.5513289],[35.45692295,62.5895997],[35.421574125,62.62079125],[35.418012175,62.64490355],[35.1728824,62.7167374],[34.6861848,62.8362928],[34.601542325,62.757289025],[34.918954975,62.479726075],[35.05341145,62.37538465],[35.00491175,62.44426475],[34.94117575,62.511735575],[34.86220345,62.577797125],[34.865199475,62.6067043],[34.950163825,62.5984571],[34.982048575,62.607232975],[34.960853725,62.633031925],[35.0463156,62.60909925],[35.2384342,62.53543495],[35.34390505,62.5132468],[35.36272815,62.5425348],[35.430546475,62.476321125],[35.547360025,62.314605775],[35.547754625,62.206264],[35.431730275,62.1512958],[35.2852602,62.155273625],[35.1083444,62.218197475],[35.069239825,62.199451875],[35.167946475,62.099036825],[35.204042975,62.0360778],[35.177529325,62.0105748],[35.101960075,62.03300845],[34.977335225,62.10337875],[34.8924869,62.168823275],[34.8474151,62.229342025],[34.839756075,62.249937625],[34.869509825,62.230610075],[34.867979625,62.2531556],[34.835165475,62.3175742],[34.81482225,62.3509989],[34.80694995,62.3534297],[34.813270575,62.339793675],[34.833784125,62.310090825],[34.84140595,62.2864805],[34.83613605,62.2689627],[34.829828225,62.261839],[34.822482475,62.2651094],[34.817970675,62.2685417],[34.816292825,62.2721359],[34.819154,62.28386585],[34.8265542,62.30373155],[34.799128225,62.3458733],[34.736876075,62.4102911],[34.639498475,62.4836275],[34.506995425,62.5658825],[34.53319595,62.5119573],[34.71810005,62.3218519],[34.71279465,62.28922365],[34.51727975,62.41407255],[34.487540425,62.4168584],[34.623576675,62.2975812],[34.7008853,62.219335525],[34.7194663,62.182121375],[34.68243975,62.1822338],[34.58980565,62.2196728],[34.59244025,62.184039125],[34.69034355,62.075332775],[34.729749225,62.022006325],[34.710657275,62.024059775],[34.68065075,62.036654575],[34.63972965,62.059790725],[34.5430863,62.0921589],[34.3907207,62.1337591],[34.295122075,62.16668435],[34.256290425,62.19093465],[34.249073275,62.1766452],[34.273470625,62.123816],[34.371894275,62.046970375],[34.544344225,61.946108325],[34.59772085,61.897351175],[34.53202415,61.900698925],[34.505403225,61.89783145],[34.517858075,61.88874875],[34.547350325,61.877369225],[34.593879975,61.863692875],[34.59779065,61.85876925],[34.55908235,61.86259835],[34.54765545,61.846185325],[34.56350995,61.809530175],[34.507520175,61.80250945],[34.379686125,61.82512315],[34.414152525,61.771153325],[34.610919375,61.640599975]],[[30.079318625,61.264480225],[30.078842475,61.238891275],[30.041871025,61.2447359],[29.968404275,61.2820141],[29.921018675,61.2993392],[29.899714225,61.2967112],[29.891610675,61.290743025],[29.896708025,61.281434675],[29.89374235,61.27789105],[29.88271365,61.28011215],[29.883898725,61.273648725],[29.897297575,61.258500775],[29.8837271,61.25400205],[29.8431873,61.26015255],[29.822824525,61.26275375],[29.822638775,61.26180565],[29.8241881,61.26015825],[29.8274725,61.25781155],[29.828236275,61.256140275],[29.826479425,61.255144425],[29.8495072,61.249969075],[29.8973196,61.240614225],[29.903648275,61.2336385],[29.868493225,61.2290419],[29.866598575,61.2172272],[29.897964325,61.1981944],[29.882027975,61.196681775],[29.818789525,61.212689325],[29.879162325,61.185224375],[30.063146375,61.114286925],[30.249019425,61.0121192],[30.436781475,60.8787212],[30.52508015,60.76437455],[30.51391545,60.66907925],[30.550767675,60.610758075],[30.635636825,60.589411025],[30.74843195,60.483683475],[30.88915305,60.293575425],[30.982223425,60.1929825],[31.027643075,60.1819047],[31.066032675,60.1405502],[31.097392225,60.068919],[31.09204315,60.013918525],[31.04998545,59.975548775],[31.0441369,59.948550075],[31.0744975,59.932922425],[31.1989939,59.92479945],[31.4176261,59.92418115],[31.53558965,59.9400322],[31.55288455,59.9723526],[31.5394735,60.011245275],[31.4953565,60.056710225],[31.534506025,60.120701025],[31.656922075,60.203217675],[31.823859475,60.23559535],[32.035318225,60.21783405],[32.165823775,60.1867908],[32.215376125,60.1424656],[32.319977525,60.134577525],[32.479627975,60.163126575],[32.577737825,60.194444025],[32.614307075,60.228529875],[32.620910675,60.272259425],[32.597548625,60.325632675],[32.612413425,60.3629589],[32.665505075,60.3842381],[32.6649854,60.4239733],[32.6108544,60.4821645],[32.647538975,60.513207675],[32.775039125,60.517102825],[32.85038975,60.524139425],[32.87359085,60.534317475],[32.891572375,60.54384825],[32.904334325,60.55273175],[32.923458475,60.5757318],[32.948944825,60.6128484],[32.92643305,60.651073275],[32.85592315,60.690406425],[32.8178492,60.742530475],[32.8122112,60.807445425],[32.753484225,60.876715825],[32.641668275,60.950341675],[32.569343175,61.021163175],[32.536508925,61.089180325],[32.367066425,61.1664983],[32.061015675,61.2531171],[31.83156545,61.345486175],[31.67871575,61.443605525],[31.621319825,61.466981825],[31.659377675,61.415615075],[31.661105,61.394661875],[31.6265018,61.404122225],[31.5915486,61.4235049],[31.5562454,61.4528099],[31.546214625,61.477445975],[31.561456275,61.497413125],[31.528937825,61.5389463],[31.448659275,61.6020455],[31.37901505,61.6214813],[31.32000515,61.5972537],[31.259987225,61.6057416],[31.198961275,61.646945],[31.163884675,61.662696175],[31.154757425,61.652995125],[31.15774155,61.636011475],[31.17283705,61.611745225],[31.1625367,61.598926825],[31.1268405,61.597556275],[31.10597425,61.619680525],[31.09993795,61.665299575],[31.01378205,61.712378025],[30.84750655,61.760915875],[30.737198675,61.754910525],[30.682858425,61.694361975],[30.671829175,61.651660075],[30.704110925,61.626804825],[30.674480575,61.60772995],[30.582938125,61.59443545],[30.562708225,61.5777445],[30.613790875,61.5576571],[30.581713675,61.54590725],[30.466476625,61.54249495],[30.423590125,61.52509375],[30.453054175,61.49370365],[30.403510925,61.490072325],[30.274960375,61.514199775],[30.22028495,61.50006995],[30.23948465,61.44768285],[30.222054475,61.4064411],[30.167994425,61.3763447],[30.1734486,61.3471283],[30.238417,61.3187919],[30.223065075,61.29778645],[30.127392825,61.28411195],[30.079318625,61.264480225]]]]}},{"type":"Feature","properties":{"name":"Poland-Lithuania","subject":"Poland-Lithuania","partOf":"Poland-Lithuania","borderPrecision":1,"color":"#739b91"},"geometry":{"type":"MultiPolygon","coordinates":[[[[37.60056598876629,51.40340908602865],[38.291748155819505,51.20592846687059],[38.13611358684011,49.04904202943989],[37.69930629834532,48.93490134655286],[37.50182567918726,48.4411997986577],[36.07009119029129,47.89812809597303],[32.015519928839865,46.88074909592444],[31.95127013644336,46.864627443269534],[30.88622493739214,47.453796702867386],[28.368347043126835,45.33088004691821],[26.539548388414325,45.250358698713015],[26.730840555082,45.473532893158634],[26.698958527304054,45.79235317093809],[25.901907832855404,46.87634211538826],[25.666328204619678,48.69197572343361],[24.16082510261924,48.98660490373513],[23.888529934203877,49.25890007215049],[21.770678624306637,49.59170527799148],[21.770678624306637,49.74298037155557],[21.31685334361437,49.86400044640684],[21.286598324901554,49.77323539026839],[21.135323231337463,49.833745427694026],[20.984048137773375,49.74298037155557],[20.893283081634923,49.833745427694026],[20.80251802549647,49.833745427694026],[20.893283081634923,49.74298037155557],[20.6814979506452,49.652215315417116],[20.53022285708111,49.803490408981204],[20.348692744804204,49.74298037155557],[20.01588753896321,49.803490408981204],[19.894867464111936,49.470685203140214],[19.71333735183503,49.53119524056584],[19.56206225827094,49.53119524056584],[19.56206225827094,49.71272535284275],[19.380532145994035,49.803490408981204],[19.138491996291496,49.71272535284275],[19.108236977578674,49.59170527799148],[18.92670686530177,49.6219602967043],[18.89645184658895,49.71272535284275],[18.79631522616504,49.71344717593555],[18.769068769057146,50.17698804082737],[18.74563352241608,50.266041978063406],[18.646036580345903,50.64451035793008],[18.140061199789763,50.98765893485682],[17.639767623620585,51.4368799575253],[17.552547491405942,51.65493028806191],[17.29088709476201,51.78576048638388],[17.203666962547363,51.61132022195459],[16.85478643368879,51.65493028806191],[16.85478643368879,51.916590684705845],[16.50590590483021,52.17825108134978],[16.50590590483021,52.003810816920485],[16.095099082099242,52.124174599376694],[15.764534781005738,52.26547121356442],[15.760173774395009,52.57074167631567],[15.815994659012382,52.57074167631567],[15.843905101321067,52.7102938878591],[16.05312067396849,52.71644728705461],[16.20375518114817,53.34332759838088],[16.415540312137896,53.52485771065779],[16.20375518114817,53.706387822934694],[16.65758046184044,53.85766291649878],[16.808855555404527,53.46434767323215],[16.808855555404527,53.85766291649878],[16.687835480553257,54.03919302877569],[16.990385667681434,54.19046812233977],[17.111405742532707,54.12995808491414],[17.746761135501878,54.43250827204232],[17.657612833586914,54.685462556794924],[18.279448542205078,54.72412069888477],[18.759530100432617,54.536414705232424],[18.362916025725585,54.66889151187305],[18.338496241179687,54.602645479158205],[18.453806910125,54.52537878604297],[18.513155970183593,54.315780244783205],[18.673077616301757,54.25514181704883],[18.684934699267238,54.25402242176603],[18.281678661406797,53.35710792150466],[18.589671586728006,53.100447150403646],[18.94899666626942,53.254443613064254],[19.205657437370427,53.254443613064254],[19.56498251691184,53.45977222994506],[20.078304059113858,53.665100846825865],[20.078304059113858,53.51110438416526],[20.38629698443507,53.51110438416526],[20.428245098768418,53.778147713314965],[20.709395381913087,53.758065550233205],[20.809806197321894,53.63757257174263],[21.104947143517894,53.81909730948647],[21.464272223059307,53.81909730948647],[22.234254536362332,54.12709023480768],[22.182922382142134,54.5377474685693],[22.08025807370173,54.5890796227895],[22.13159022792193,54.794408239670304],[21.926261611041124,54.94840470233091],[22.028925919481527,55.25639762765212],[21.669600839940113,55.51305839875313],[21.310275760398703,55.51305839875313],[21.14179787604949,56.12729915596068],[21.904501310419565,56.35003932005873],[22.745429251018063,56.35003932005873],[24.71495558870266,56.34042456498023],[25.307397446176854,56.48853502934878],[26.245430387177652,55.89609317187459],[27.370532924309803,55.71934336460985],[27.650842237842635,56.27996199167551],[27.605902554454104,56.706888983866556],[27.822714884859057,56.72547289790126],[28.017410311155317,56.56691824642338],[28.092572476759294,56.792404743235316],[28.812678436232478,56.88349626766491],[29.059529210180056,56.537905184138296],[29.94819199639134,56.537905184138296],[30.688744318234075,55.89609317187459],[30.935595092181654,56.389794719769746],[30.738114473023593,56.98223657724394],[31.281186175708267,57.27845750598103],[32.41669973586713,57.27845750598103],[33.2559923672889,56.48853502934878],[34.44087608223728,56.2416842554012],[34.09528499871068,55.10617069524234],[34.490246237026795,54.71120945692621],[36.168831499870336,54.760579611715734],[36.21820165465985,54.26687806382057],[36.598201700400395,54.25549016659448],[36.86001366692355,52.09459125308187],[37.60056598876629,51.40340908602865]]]]}},{"type":"Feature","properties":{"name":"Imperial Hungary","subject":"Imperial Hungary","partOf":"Imperial Hungary","borderPrecision":1,"color":"#b3a46e"},"geometry":{"type":"MultiPolygon","coordinates":[[[[14.354488405791503,45.32289084048633],[14.5266664748968,45.78300406347297],[14.79846988854452,45.864545087567286],[14.880010912638838,45.48402030846048],[15.423617739934283,45.429659625730935],[15.469824320254395,45.734079449016384],[16.122152513008928,45.581869537373656],[16.2091296053762,45.734079449016384],[16.078663966825292,45.886289360659106],[16.2091296053762,46.14722063776092],[16.448316609386197,46.103732091577285],[16.535293701753467,46.364663368679096],[16.296106697743472,46.408151914862735],[16.513549428661648,46.625594645780915],[16.448316609386197,46.777804557423636],[16.448316609386197,46.93001446906636],[16.557037974845283,47.060480107617266],[16.557037974845283,47.190945746168175],[16.644015067212557,47.299667111627265],[16.557037974845283,47.495365569453625],[16.622270794120737,47.73455257346362],[16.79622497885528,47.84327393892271],[17.40778265956266,47.821529665830894],[17.462143342292205,48.06615273811384],[17.217520270009253,48.06615273811384],[17.19033992864448,48.44667751722066],[17.353421976833115,48.96310400315133],[17.869848462763787,48.800021954962695],[18.114471535046736,48.85438263769224],[18.114471535046736,48.9902843445161],[18.223192900505826,48.9902843445161],[18.250373241870594,49.18054673406951],[18.52217665551832,49.561071513176316],[18.92670686530177,49.6219602967043],[19.108236977578674,49.59170527799148],[19.138491996291496,49.71272535284275],[19.380532145994035,49.803490408981204],[19.56206225827094,49.71272535284275],[19.56206225827094,49.53119524056584],[19.71333735183503,49.53119524056584],[19.894867464111936,49.470685203140214],[20.01588753896321,49.803490408981204],[20.348692744804204,49.74298037155557],[20.53022285708111,49.803490408981204],[20.6814979506452,49.652215315417116],[20.893283081634923,49.74298037155557],[20.80251802549647,49.833745427694026],[20.893283081634923,49.833745427694026],[20.984048137773375,49.74298037155557],[21.135323231337463,49.833745427694026],[21.286598324901554,49.77323539026839],[21.31685334361437,49.86400044640684],[21.770678624306637,49.74298037155557],[21.770678624306637,49.59170527799148],[23.888529934203877,49.25890007215049],[24.16082510261924,48.98660490373513],[25.666328204619678,48.69197572343361],[25.901907832855404,46.87634211538826],[26.698958527304054,45.79235317093809],[26.730840555082,45.473532893158634],[26.539548388414325,45.250358698713015],[24.180278332846314,45.856117226493986],[23.542637777287393,45.856117226493986],[20.80078338838403,44.931538420933556],[20.29067094393689,44.89965639315561],[19.785081820576952,44.93614220618158],[18.93864747832931,44.39284710591741],[17.753763763380935,44.39284710591741],[17.45754283464384,44.14599633196983],[16.86510097716965,44.24473664154886],[16.701476130095703,43.84666021914844],[16.184667298147904,43.907560509303686],[15.74978183631155,44.097822898857096],[15.494369067245392,43.88844455774298],[15.412318262664062,43.934756837800784],[15.149468454924804,44.23992880435352],[15.274405512419921,44.23661383242969],[15.548222574797851,44.229346834138674],[15.28594401797412,44.32891806216602],[14.98910621127246,44.54002722354297],[14.906961474028808,44.72332342715625],[14.945532831755859,44.92658957095508],[14.815391573516113,45.07786902041797],[14.524585756865722,45.26628454776172],[14.354488405791503,45.32289084048633]],[[17.126698705993064,46.107184324647704],[17.172594976210927,46.1878925893064],[17.135979245914935,46.190709183944556],[17.126698705993064,46.107184324647704]]]]}},{"type":"Feature","properties":{"name":"Navarre","subject":"Navarre","partOf":"Navarre","borderPrecision":1,"color":"#a88992"},"geometry":{"type":"MultiPolygon","coordinates":[[[[-2.142923348652397,43.33147102864046],[-2.065644708069581,43.333270631746096],[-1.914577808769959,43.3054157123125],[-1.702391829880494,43.19593771548633],[-1.491382804306763,43.20962103457813],[-1.465651359947937,43.15488775821094],[-1.557671156319397,43.04543264956836],[-1.515127864273804,42.997562013582034],[-1.44755240956189,42.98387869449024],[-1.397272315415162,43.031756959871096],[-0.907353666218537,42.881297670320315],[-1.664297551396089,42.125419422428195],[-1.60486603682399,41.76883033499561],[-2.130006796731537,41.816570404078114],[-2.258612697117059,41.82826184956771],[-2.318044211689156,42.0659879078561],[-2.080318153400768,42.0659879078561],[-2.199181182544962,42.24428245157239],[-2.674633299121739,42.42257699528868],[-2.555770269977543,43.076323655581746],[-2.139749667972865,43.13575517015385],[-2.142923348652397,43.33147102864046]]]]}},{"type":"Feature","properties":{"name":"Castille","subject":"Castille","partOf":"Castille","borderPrecision":1,"color":"#b47c6f"},"geometry":{"type":"MultiPolygon","coordinates":[[[[-8.806055035980958,41.889178834871096],[-8.860485997589844,42.0145336017168],[-8.798570599945801,42.194530092195315],[-8.644062962921875,42.419749818757815],[-8.805045094879883,42.63155706973438],[-8.941723790558594,42.824195466951174],[-9.173123326691407,42.85590323062305],[-9.246859517487305,42.900775514558596],[-9.270803418549317,43.048690401033205],[-9.197466817291993,43.158214174226565],[-9.01358982602002,43.28085669131641],[-8.849216428192872,43.326243959382815],[-8.595722165497559,43.339618287996096],[-8.310413327606934,43.35304983706836],[-8.250697102936524,43.4304271564043],[-8.220224347504395,43.61720999331836],[-7.979528870972413,43.740054689363284],[-7.636274781616944,43.721412263826174],[-7.151302304657715,43.554942689851565],[-6.8079757360542,43.523421846345705],[-6.467573609741944,43.56272467227344],[-6.208046403321045,43.640521608308596],[-5.979656186493653,43.70537909121875],[-5.820451226624268,43.70568808169727],[-5.537417855652588,43.57745321841602],[-5.224896397980469,43.507247529939455],[-4.802335706146973,43.46944388003711],[-4.110216107758301,43.45151098819141],[-3.847605910691041,43.43916281314258],[-3.4170004991615,43.37565191836719],[-3.195965257080811,43.446883760408205],[-3.007205691727417,43.55027350039844],[-2.768362489136475,43.53787573428516],[-2.367384400757569,43.326243959382815],[-2.142923348652397,43.33147102864046],[-2.139749667972865,43.13575517015385],[-2.555770269977543,43.076323655581746],[-2.674633299121739,42.42257699528868],[-2.199181182544962,42.24428245157239],[-2.080318153400768,42.0659879078561],[-2.318044211689156,42.0659879078561],[-2.258612697117059,41.82826184956771],[-2.130006796731537,41.816570404078114],[-2.1492587103044,41.493068107381085],[-2.301403387608968,41.493068107381085],[-2.301403387608968,41.264851091424234],[-2.035150202325973,41.226814922098086],[-1.921041694347547,40.618236212879815],[-2.301403387608968,40.390019196922964],[-2.301403387608968,40.237874519618394],[-1.997114032999832,40.085729842313825],[-1.997114032999832,39.9716213343354],[-1.80693318636912,39.857512826356974],[-1.997114032999832,39.743404318378545],[-1.997114032999832,39.59125964107398],[-1.80693318636912,39.47715113309555],[-1.80693318636912,39.172861778486414],[-2.035150202325973,39.2489341171387],[-2.035150202325973,38.60231923859428],[-1.80693318636912,38.526246899942],[-1.80693318636912,38.259993714659004],[-1.654788509064552,38.18392137600672],[-1.654788509064552,37.91766819072373],[-1.883005525021405,37.95570436004987],[-2.035150202325973,37.84159585207144],[-1.921041694347547,37.65141500544073],[-2.1492587103044,37.23301714285317],[-1.940475192459839,36.95159872622852],[-2.238797393234986,36.728396974519534],[-2.35509749928357,36.82405050845508],[-2.62433144131543,36.811297975496096],[-2.761496749314087,36.69013937564258],[-2.915331569107789,36.69013937564258],[-2.969792333039063,36.74114950747852],[-4.446585622223633,36.72201880069141],[-4.757303681763428,36.48610647769336],[-5.216736283692139,36.40959509463672],[-5.374227490814942,36.23747595401172],[-5.386749711426514,36.10998495669727],[-5.424260106476563,36.07174261660938],[-5.457090821656006,36.16735800357227],[-5.487933125885743,36.173724733308596],[-5.485486474427002,36.06536825747852],[-5.660587277802247,36.008006654695315],[-5.850014176758545,36.07174261660938],[-6.204461064728516,36.28209646792774],[-6.30497166195752,36.45422323794727],[-6.288880792053956,36.57217749209766],[-6.444025006684083,36.62318380923633],[-6.50048586407544,36.718829713777346],[-6.4217133192146,36.79216345401172],[-6.632153954895752,37.02175100894336],[-6.947954621704834,37.14931448550586],[-7.010098424347657,37.165259920076174],[-7.227823701294678,37.22585638614063],[-7.491503682526368,37.20815619082813],[-7.487998452576416,37.216353975251955],[-7.351443734558838,37.64443548770313],[-7.242514577301758,37.810897432283205],[-6.844775166901368,38.10021170230274],[-7.028099027069825,38.239581666902346],[-7.393876519593018,38.294986329988284],[-7.317340817841309,38.49962576480274],[-7.08942457714917,38.79450186343555],[-6.933383431824463,38.961349092439455],[-7.006874528321045,39.05031546206836],[-7.211435761841553,39.29820593448047],[-7.43099876919629,39.5205150470293],[-7.301257100495118,39.578712068513674],[-7.084203687104004,39.59907492251758],[-6.878323045166749,39.702395997957034],[-6.858675923737305,39.79192312808399],[-6.884172883423584,40.214034639314455],[-6.824864831360596,40.656566225007815],[-6.857170548828858,40.8615795001543],[-6.834448781403321,41.06053503604297],[-6.796627965363282,41.09282644839649],[-6.241148915680665,41.320479951814455],[-6.11153790036084,41.41746100039844],[-6.139497723969239,41.526439271882815],[-6.518426862152833,41.74909933658008],[-6.586079564484375,41.857921205476565],[-6.708704438599366,41.96004446597461],[-6.85951849499585,41.98491247744922],[-7.098435845764893,41.86795385928516],[-7.918560948761719,41.8891673907793],[-8.15726133862378,42.087039552644534],[-8.405047383698243,42.00213583560352],[-8.806055035980958,41.889178834871096]]]]}},{"type":"Feature","properties":{"name":"Wattasid Caliphate","subject":"Wattasid Caliphate","partOf":"Wattasid Caliphate","borderPrecision":1,"color":"#739b91"},"geometry":{"type":"MultiPolygon","coordinates":[[[[-2.192973938378113,35.05424841494922],[-2.076577034386414,34.82567556949024],[-1.823284712227601,34.69997366519336],[-1.738150325211304,34.60509451480274],[-1.663989510926026,34.205054841951174],[-1.673919525536316,33.829951845125],[-1.68113121071698,33.257815919832034],[-1.610150661858338,33.04845007510547],[-1.80221161966863,32.42724029323339],[-2.871945927501098,32.2883151304547],[-4.051067176611502,32.2883151304547],[-4.887862901786627,32.40242363843313],[-8.314414945038575,33.33848150821094],[-7.902406182678956,33.48548849673633],[-7.33262058773877,33.69637259097461],[-7.004007783325928,33.874984346345705],[-6.752974477204102,34.12335165591602],[-6.51147219220044,34.45429953189258],[-6.472049931118028,34.530940244894],[-6.302049127014893,34.86143835635547],[-5.928758588227051,35.72785910220508],[-5.807887044342774,35.78541525454883],[-5.56500002423169,35.862342439607424],[-5.479359116944092,35.80520590396289],[-5.171789613159913,35.42376288028125],[-5.109631505402344,35.37931402774219],[-4.592977490814942,35.151187501863284],[-4.295350995453614,35.15178640933399],[-4.027887788208741,35.13323553653125],[-3.440804210099,35.166278444246096],[-3.205772366913575,35.26860769839649],[-3.00902816334607,35.38997992129688],[-2.829877105149048,35.14205893130664],[-2.714807000550049,35.09774359317188],[-2.35566278973462,35.05391653628711],[-2.325944383331985,35.053977160631526],[-2.192973938378113,35.05424841494922]]]]}},{"type":"Feature","properties":{"name":"Zayyanid Caliphate","subject":"Zayyanid Caliphate","partOf":"Zayyanid Caliphate","borderPrecision":1,"color":"#739b91"},"geometry":{"type":"MultiPolygon","coordinates":[[[[6.502893292241122,32.73261356616335],[5.681251390123039,32.8154101697145],[2.453117778158791,32.66867682371612],[-1.081275251301545,32.45392569156055],[-1.80221161966863,32.42724029323339],[-1.610150661858338,33.04845007510547],[-1.68113121071698,33.257815919832034],[-1.673919525536316,33.829951845125],[-1.663989510926026,34.205054841951174],[-1.738150325211304,34.60509451480274],[-1.823284712227601,34.69997366519336],[-2.076577034386414,34.82567556949024],[-2.192973938378113,35.05424841494922],[-2.035251822861451,35.054568849519534],[-1.738327947052735,35.11883123965625],[-1.495096531304139,35.23390158267383],[-1.329105701836365,35.48890646548633],[-1.146667149456757,35.62936743350391],[-0.917491999062317,35.66803701968555],[-0.734306838902253,35.73846014590625],[-0.428770822080391,35.86006888003711],[-0.282988813313263,35.75847586245899],[-0.203663793,35.75072058291797],[-0.09165417084338,35.73976858706836],[0.015310812202674,35.803668580964846],[0.198671731559021,36.033309541658205],[0.474390897361022,36.22496374698047],[0.781242343989593,36.38485296817188],[1.057602915374023,36.461856447175784],[1.57969311198352,36.51388891787891],[2.293774160948974,36.54082449527149],[2.52436355075,36.57315023990039],[2.809869083968383,36.71390112491016],[3.070006403533203,36.61885794253711],[3.323837790099365,36.65123327823047],[3.586873087493164,36.79195364566211],[3.741224560347778,36.83686789126758],[4.16391900500415,36.83135183902149],[4.394624266234619,36.83819159121875],[4.532551798430664,36.8129840716875],[4.632117304412109,36.79406698794727],[4.777191671935302,36.743384920076174],[5.144465002623779,36.66767843814258],[5.382732424346191,36.67453344912891],[5.730162176696044,36.7517047748125],[6.047393831816894,36.841556154207034],[6.322870287505371,37.090648256257815],[6.770537409392578,36.86214789004688],[6.923042807189209,36.81784018130664],[6.502893292241122,32.73261356616335]]]]}},{"type":"Feature","properties":{"name":"Hafsid Caliphate","subject":"Hafsid Caliphate","partOf":"Hafsid Caliphate","borderPrecision":1,"color":"#8aa0a8"},"geometry":{"type":"MultiPolygon","coordinates":[[[[8.636709246245605,36.885257326082034],[8.865518602935058,36.96835287661914],[9.150280031768066,37.17287405581836],[9.416118654814941,37.27537878604297],[9.732199701873046,37.28239782901172],[10.021354708281738,37.20013388247852],[10.132734331694824,37.104747377351565],[10.15887168368457,36.99647482486133],[10.27150824984668,36.754554353669924],[10.392797503081542,36.716571412996096],[10.580582651702148,36.79342230410938],[10.843251261321289,36.99148901553516],[11.023757013884765,37.06832464785938],[11.039403948394042,36.90904577823047],[10.92006209811328,36.6539378985918],[10.633412394133789,36.424014650300784],[10.509244951812011,36.21355398745899],[10.511460337249023,36.08616980166797],[10.60260776003955,35.88894613833789],[10.830826792327148,35.679278932527346],[10.988951716033203,35.622298799470705],[11.12510875186084,35.2406078204668],[11.082800898162109,35.14503439517383],[10.839357409087402,34.8011546954668],[10.574025187102539,34.648109041169924],[10.116421732512695,34.234168611482424],[10.01948073825,34.08147390933399],[10.148656878081542,33.87839850039844],[10.412600550261718,33.63112600894336],[10.650217089263183,33.49818380923633],[10.778140101042968,33.473033510164065],[10.956539187041503,33.575057588533205],[11.09911826571582,33.53722723575],[11.20892051180957,33.25152166934375],[11.47068694552539,33.14409216494922],[12.117019686309082,32.87850149722461],[12.413444788605547,32.46433563585597],[12.532702649586438,30.804904526735157],[7.892289991797107,32.59260448506384],[6.502893292241122,32.73261356616335],[6.923042807189209,36.81784018130664],[7.063241037932617,36.881854616121096],[7.204853090850097,36.99046667666797],[7.306981119719726,37.06078299136524],[7.544922861663085,37.04214438052539],[7.719043287841064,36.95327719302539],[7.792040857878906,36.83235891909961],[7.913174662200195,36.77524908633594],[8.145014795867187,36.813949190095705],[8.636709246245605,36.885257326082034]]]]}},{"type":"Feature","properties":{"name":"Mamluke Sultanate","subject":"Mamluke Sultanate","partOf":"Mamluke Sultanate","borderPrecision":1,"color":"#a88992"},"geometry":{"type":"MultiPolygon","coordinates":[[[[34.76433471163867,29.246686540559573],[34.54894927462695,28.731626115754885],[34.398840937224605,28.095985017732424],[34.32201293429492,27.828979097322268],[34.24119857272265,27.758920274690432],[34.05800536593554,27.790313325837893],[33.85604384860156,28.024955354646487],[33.504057917205074,28.32918318362598],[33.33074096163867,28.551192842439455],[33.17847350558398,28.995608888582034],[32.94378188571093,29.198421083406252],[32.81360534152148,29.477700792268557],[32.73727706393359,29.693547807649416],[32.647959742156246,29.85220106692676],[32.43838027438281,29.7755199298418],[32.318491968718746,29.54019697757129],[32.59057525118945,28.93719633670215],[32.64934447726367,28.76578100772266],[32.93467620333789,28.37882574649219],[33.354216608611324,27.9095474109209],[33.56693938693164,27.369950853303713],[33.80406478366015,26.93206938357715],[33.928809198943355,26.56382330508594],[34.10422042330859,26.354524217561526],[34.514842066374996,25.573916994050784],[34.99740127047656,24.71719893069629],[35.18986419161914,24.399919115022463],[32.5141789800557,23.73314148819994],[30.81888921471365,23.659433237532895],[29.34472420137273,24.02797449086812],[27.428309684029546,27.197429269551087],[25.43818691601931,28.00822002688859],[21.679066131999978,28.081928277555637],[17.001952545408127,28.75095138312349],[12.532702649586438,30.804904526735157],[12.413444788605547,32.46433563585597],[12.117019686309082,32.87850149722461],[12.564756426421386,32.73963888736133],[12.798863443938476,32.733768068269534],[13.187125238982421,32.791759096101565],[13.458779368010742,32.77960928531055],[14.157023462859375,32.67937811465625],[14.433427843657714,32.46390875430469],[14.790810618010742,32.362994752839846],[15.00978663882373,32.363441072419924],[15.163704905120117,32.27480658145313],[15.241435083953125,32.17330130191211],[15.358129534331542,31.805022798494143],[15.533408197966796,31.55121573062305],[15.843325647917968,31.285003267244143],[16.013379129973632,31.22817000003223],[16.318387064543945,31.165261827424807],[16.782519373503906,31.128097139314455],[16.983780893889648,31.09674223513965],[17.421629938689453,30.99598654361133],[17.708979639617187,30.894923768953127],[17.95715812167285,30.768363557771487],[18.537213358489257,30.41374548526172],[18.885434168313786,30.221221390772325],[18.915026697722656,30.204860292390627],[19.124539408293945,30.198943696931643],[19.318795867131424,30.255372139199526],[19.322815928069335,30.256539903596682],[19.663914713469726,30.44150122256641],[19.98153785189746,30.721730791047854],[20.116768869963867,30.957103334382815],[20.116679224578125,31.071467958406252],[19.99209693392871,31.350774370149416],[19.941582712737304,31.611169420198244],[19.96147063693164,31.795470796541018],[20.06836417636035,32.03713568301563],[20.365721735564453,32.29824026675586],[20.515524897185546,32.38751181216602],[20.76505187472461,32.49603231997852],[21.054497751799804,32.630050264314455],[21.67341903170703,32.815589509919924],[22.215989145842773,32.79128988833789],[22.543126139250976,32.72207220645313],[22.922846827117187,32.55765875430469],[23.007332834807617,32.48158987613086],[23.02665618380664,32.25291021914844],[23.15333846530078,32.138812623933596],[23.288636240569335,32.13273199649219],[23.71403411349414,32.0764232501543],[23.742419271630055,32.0640980489926],[24.034403833953125,31.937314592317385],[24.23692229708789,31.92502363772754],[24.815857920256835,31.90715368838672],[24.951525721160156,31.818492494539065],[24.982237848845703,31.647012315706057],[25.106553110686523,31.51384123416309],[25.25822928866504,31.437919221833987],[25.507155451384765,31.444781862214846],[25.7895002695,31.48984106631641],[26.14333442172168,31.490577302888674],[26.823994669524414,31.358560167268557],[27.088095697966796,31.306726060823244],[27.438754114714843,31.25182493777637],[27.763331446257812,31.182614885286135],[27.919449839202148,30.99868544192676],[28.09982970675586,30.99905737491016],[28.51718238314746,30.9617992267168],[28.96642211398242,30.784841142610354],[29.248847040740234,30.753661714509768],[29.359381708708984,30.81107100100879],[29.68310264071582,31.053170762971682],[30.09913924655078,31.231925569490237],[30.476056131926757,31.31528814883594],[30.827059778777343,31.436736665681643],[30.99595550021289,31.468850694612307],[31.151381525603515,31.443749986604494],[31.39227012118457,31.44426115603809],[31.717415842620117,31.387752138093752],[31.80812362155078,31.178281389192385],[32.07651046237109,31.013650499299807],[32.30937865695117,31.08401831241016],[32.59724334200976,30.96390112491016],[32.76873305758593,30.95155294986133],[33.021391901580074,31.132072053865237],[33.1295652719414,31.051686845735354],[33.25459960421679,31.026528917268557],[33.55760100802539,30.967715822175784],[33.70960906466601,30.995709978059573],[33.916968378630855,31.070052705720705],[34.146304163542965,31.20857962222461],[34.19527724703906,31.238141618684573],[34.5006590219414,31.621099077180666],[34.59913543185351,31.817897401765627],[34.681338343230465,32.045978151277346],[34.75850203951953,32.30071981997852],[34.84289077242968,32.670699678376955],[34.894969019499996,32.66283377261524],[34.95658782443164,32.704818330720705],[34.959082636443355,32.79665716739063],[34.97200683077929,32.93840750308399],[35.08897307833789,33.069259248689455],[35.13231185397265,33.231517396882815],[35.20838836154101,33.33358725161914],[35.356089624968746,33.639781557039065],[35.3485594125664,33.74446829409961],[35.42986587008593,33.74446829409961],[35.491850885955074,33.83082541079883],[35.52440169772265,33.974769197419924],[35.532080683318355,34.11870535464649],[35.71620849093554,34.31236990542774],[35.82100585421679,34.34377630801563],[35.87306502780078,34.422286592439455],[35.85191634616015,34.49294622989063],[35.75075438937304,34.74680670352344],[35.80885222872851,35.013797365144534],[35.841380152312496,35.04263266177539],[35.79643157443164,35.27071722598438],[35.60734084567187,35.417544923738284],[35.66395858248828,35.45949514956836],[35.680430445281246,35.52767141909961],[35.73317626437304,35.58536108584766],[35.69143203219531,35.68502005191211],[35.739504847136715,35.690265260652346],[35.85594466647265,35.83450277896289],[35.829051050749996,35.884784303621096],[35.71850493868945,36.091556154207034],[35.664946589080074,36.133529268220705],[35.70863250216601,36.21223410220508],[35.81724074801562,36.301028810457034],[36.0952635141289,36.48246344180469],[36.104521784392574,36.56117209048633],[36.08243087252734,36.621532045320315],[35.95679381808398,36.74749334903125],[35.89087584933398,36.7711139545],[36.78925751874435,37.00062660826817],[36.49442451607618,37.369167861603394],[38.609688547521756,38.36804254311937],[39.20550611092345,38.20759921294104],[38.984381358922306,37.61793320760467],[37.952465849583675,37.32310020493649],[37.952465849583675,37.10197545293535],[38.39471535358594,36.586017698266026],[38.09988235091777,35.996351692929665],[38.90606634258856,36.005565224263044],[38.03644933754296,34.59718847348081],[37.211895122005785,33.56649570405934],[36.52476660905813,31.161545908742568],[36.593479460352896,29.78728888284727],[37.363535735354745,27.957371649352076],[37.42091199004359,27.834118954094563],[39.07421328942277,25.50213950420904],[40.17983704942846,24.02797449086812],[41.13804430810005,22.406392976193118],[41.8124565280542,21.71258711067685],[41.922550675010456,20.766511713374978],[40.81975844821093,19.68472059817676],[40.69382003268359,19.86870726199512],[40.33634856661914,20.0966869220293],[39.76407912692187,20.406795106843752],[39.52690032443164,20.692212663606448],[39.16673949679492,21.218801103547854],[39.13041213473437,21.650762163118166],[39.10333922824023,22.000165544465823],[39.10219481906054,22.40044554324512],[39.0556021066582,22.571889482454104],[38.91509536227343,22.87021406741504],[38.490122828093746,23.612683855012698],[38.329417261687496,23.8347183093584],[37.98842147311328,24.11356123538379],[37.78184798678515,24.214786134675784],[37.55722335299609,24.2714858874834],[37.41881087741015,24.398265443757815],[37.201453241912105,24.65831335635547],[37.26854232272265,24.96978148074512],[37.21826842745898,25.166631303743166],[37.00525573214648,25.534686647371096],[36.66929534396289,26.016835771516604],[36.32976209126139,26.40276266446908],[36.312224421111324,26.42269667239551],[35.83107284030078,27.095153413728518],[35.59481337985156,27.513986192659182],[35.43649581393359,27.72965582461719],[35.11159041842578,28.072061143831057],[34.87561706027148,28.09697302432422],[34.76388076266406,28.09674795718555],[34.798899683562496,28.230243287996096],[34.88559249362109,28.357480607942385],[35.02567962130664,28.948632799104494],[35.07210448702929,29.211360536531252],[35.09547332247851,29.342677675203127],[35.07339766940234,29.418868623689455],[34.9846792550957,29.467219911531252],[34.95425704440234,29.43680914492969],[34.93554213961718,29.418094240144534],[34.76433471163867,29.246686540559573]]],[[[37.25457290133593,19.65172728152637],[37.39818480929492,18.91500052066211],[37.47998717745898,18.81987150760059],[37.76123717745898,18.642554841951174],[38.02859786471484,18.47793921084766],[38.306651148406246,18.24978407473926],[38.527468714324215,18.161315523103518],[37.43050059376394,17.70246643362347],[36.45019833851943,18.070079779340162],[35.96004721089719,19.417995380301335],[36.695273902330555,20.398297635545838],[37.165026901801795,20.764269181727983],[37.25457290133593,19.65172728152637]]]]}},{"type":"Feature","properties":{"name":"Alwa","subject":"Alwa","partOf":"Alwa","borderPrecision":1,"color":"#b3a46e"},"geometry":{"type":"MultiPolygon","coordinates":[[[[33.91463574272957,17.983897936170372],[34.20946874539776,17.24681542949991],[33.69351099072843,16.43602467216241],[33.25126148672615,16.509732922829457],[32.145637726720466,16.28860817082832],[31.7033882227182,16.509732922829457],[31.629679972051154,17.394231930834003],[31.924512974719338,17.762773184169234],[33.03013673472502,18.278730938838553],[33.91463574272957,17.983897936170372]]]]}},{"type":"Feature","properties":{"name":"Songhai","subject":"Songhai","partOf":"Songhai","borderPrecision":1,"color":"#b47c6f"},"geometry":{"type":"MultiPolygon","coordinates":[[[[-6.882881001480252,12.308362634807843],[-8.725587268156396,11.644988378804431],[-9.388961524159807,12.2346543841408],[-8.946712020157532,13.929944149482854],[-8.209629513487075,15.182984410822627],[-5.902631218621245,17.79492690438972],[-3.639717972130239,19.015813445509007],[-1.575886953452958,19.384354698844234],[-0.396554942780224,18.94210519484196],[1.192469167267234,17.055853947526334],[3.409688037857382,14.099562120072807],[3.557502629230058,13.28658186752308],[3.393978003952887,13.123057242245908],[3.393978003952887,13.123057242245908],[2.74452237668034,12.473601614973362],[1.931542124130615,12.325787023600682],[1.129886344038496,12.711769436237628],[-0.101721940112043,14.593318405486265],[-0.8388044467825,15.182984410822627],[-1.944428206788185,15.182984410822627],[-2.534094212124554,15.035567909488538],[-3.713426222797283,14.151068901483988],[-5.09493157608749,12.849296444586217],[-6.882881001480252,12.308362634807843]]]]}},{"type":"Feature","properties":{"name":"Mali","subject":"Mali","partOf":"Mali","borderPrecision":1,"color":"#b69578"},"geometry":{"type":"MultiPolygon","coordinates":[[[[-17.220538106354493,14.725009523347659],[-17.433180776032227,14.807168565706057],[-17.190234151276368,14.960203729585452],[-16.86476990261914,15.297714792207522],[-16.600319829376954,15.749488435701174],[-16.45005508938672,16.118390642122073],[-16.405699696930665,16.489955507234377],[-16.378804173859375,16.715911470369143],[-16.125475850495118,17.30111464114551],[-16.041072812470215,17.669877611116213],[-15.982691731842774,18.17839964480762],[-16.05569073239209,18.673932634309573],[-12.042458548173453,18.426147440172638],[-9.094128521491623,18.647272192173777],[-7.104005753481388,18.426147440172638],[-5.902631218621245,17.79492690438972],[-8.209629513487075,15.182984410822627],[-8.946712020157532,13.929944149482854],[-9.388961524159807,12.2346543841408],[-10.948697533997315,11.426886275359074],[-11.747625545505269,11.423863626803296],[-12.705832804176865,12.013529632139662],[-14.253706068184826,13.487694645480573],[-16.470890965851563,13.722545228914065],[-16.470890965936096,13.72254522897409],[-16.470890965955007,13.722545229155443],[-16.640429463879812,13.842927538115404],[-16.671059575472036,13.912758432352822],[-16.696700063141602,14.07793291659717],[-16.696700063230182,14.077932916742794],[-16.696700063245046,14.077932916838549],[-16.870419469372976,14.363524996001146],[-17.03325803864763,14.564789325170201],[-17.033258038647634,14.564789325170201],[-16.87041946937298,14.363524996001146],[-16.69670006324505,14.077932916838549],[-16.696700063230185,14.077932916742803],[-16.87041946926953,14.363524995759768],[-17.05006500759961,14.58556231112842],[-17.220538106354493,14.725009523347659]]],[[[-16.640429463776368,13.842927537874026],[-16.671059575470704,13.91275843234424],[-16.671059575472032,13.91275843235281],[-16.640429463879816,13.842927538115404],[-16.47089096595501,13.722545229155443],[-16.470890965936103,13.722545228974093],[-16.640429463776368,13.842927537874026]]]]}},{"type":"Feature","properties":{"name":"Bornu-Kanem","subject":"Bornu-Kanem","partOf":"Bornu-Kanem","borderPrecision":1,"color":"#a88992"},"geometry":{"type":"MultiPolygon","coordinates":[[[[8.336313280669433,3.186522088960452],[8.358129534331542,3.317418657258791],[8.46721080264209,3.361051641420168],[8.478118929473144,3.426500163987917],[8.478118929473144,3.557397685960574],[8.554475817290527,3.601029954866213],[8.63083270510791,3.655570589021487],[8.729005846587402,3.633754335359377],[8.827178988066894,3.611938320115847],[8.870811495391113,3.52467306704883],[8.783546480742675,3.448316179231448],[8.718097719756347,3.339234910920901],[8.641740831938964,3.186522088960452],[8.576292070952636,3.066532455400271],[8.358129534331542,3.088348947480959],[8.336313280669433,3.186522088960452]]],[[[10.070016651940268,14.224777152151031],[10.807099158610729,14.593318405486265],[11.765306417282318,16.214899920161265],[11.986431169283456,20.342561957515834],[12.42868067328573,21.00593621351924],[13.313265659826719,20.972940618902264],[15.008469446632336,15.035567909488538],[15.819260203969836,14.29848540281808],[15.819260203969836,13.11915339214535],[14.712640872341106,12.5069809959252],[14.712640872177422,12.506980996133255],[12.354972422515246,11.202738875043536],[11.925651989797696,11.226030019872189],[10.726510310751465,11.291084884230614],[10.070016651940268,14.224777152151031]]]]}},{"type":"Feature","properties":{"name":"Hadramaut","subject":"Hadramaut","partOf":"Hadramaut","borderPrecision":1,"color":"#b3a46e"},"geometry":{"type":"MultiPolygon","coordinates":[[[[46.335271204734354,14.096846193663826],[46.659412505469874,15.424765841731508],[47.837586523826076,16.42168231880214],[50.511135257788226,17.14671248394442],[53.95502854221405,19.729632447263786],[56.94577797342595,20.635920153691636],[58.18030483547615,21.849213133895084],[59.837283167449215,22.279178224519534],[59.5356932016289,21.80205114932422],[59.2588491769707,21.477447114900393],[58.86135390719531,21.11447676272754],[58.774060503887554,20.941229844264516],[58.51204970797656,20.421229921296877],[58.403086695281246,20.357472978547854],[58.15044692477343,20.39505537600879],[58.0443716379082,20.43295057864551],[57.93127349337695,20.400937639192385],[57.80608275851367,20.171960435823244],[57.77755263766406,19.66999014468555],[57.77842620333789,19.3142104968584],[57.83862975558398,19.034806810334963],[57.65703490695117,18.970885835603518],[57.18620971163867,18.938108049348635],[56.90431121310351,18.81680067630176],[56.73888686617968,18.689376436189455],[56.60859969576953,18.466741167024416],[56.54936126193164,18.218829713777346],[56.45755294283984,18.091561876252932],[56.25759032687304,17.97677382083301],[56.01284316500781,17.93178518863086],[55.88154509982226,17.931510530427737],[55.70811751803515,17.95018347354297],[55.561072382537105,17.937171541169924],[55.38948729952929,17.80974157901172],[55.290408167449215,17.676099382356448],[55.2344351144707,17.447261415437502],[55.23563674410937,17.288434587434573],[55.19483855685351,17.148564897493166],[54.910613092986324,16.97005995364551],[54.756079706755855,16.95067175479297],[54.40687468966601,17.04522093387012],[54.084258112517574,17.01911886783008],[53.681250605193355,16.897540651277346],[53.33573440035937,16.763379655793948],[53.20845321139453,16.718633256868166],[53.02094939669726,16.65376814456348],[52.894324335662105,16.60995253177051],[52.65216735324023,16.488719545320315],[52.356596979705074,16.233945451692385],[52.23764327487109,16.10025557132129],[52.16285613497851,15.871372781709475],[52.135169062224605,15.687059961274905],[51.95041182955859,15.540526948884768],[51.59900174758798,15.378753642226663],[51.312563929167965,15.246890626863284],[50.29111770114062,14.958784662202639],[49.71286300143359,14.773288331941409],[49.33384993991015,14.632695756868166],[49.17317870577929,14.498915277437014],[48.9603872629082,14.218897424653811],[48.76460174044726,14.097749315217776],[48.536746058074215,14.046437822297854],[48.270144495574215,14.077626787141604],[48.03616622408984,14.045357309297366],[47.662295374480465,13.847587190583987],[47.36957457980273,13.669052682832522],[46.939394983855465,13.490221582368655],[46.87773410632187,13.473871601441703],[46.711331972911935,13.935677293016287],[46.335271204734354,14.096846193663826]]]]}},{"type":"Feature","properties":{"name":"Muscat","subject":"Muscat","partOf":"Muscat","borderPrecision":1,"color":"#b47c6f"},"geometry":{"type":"MultiPolygon","coordinates":[[[[57.396296877665264,23.837040823040553],[57.45101455172656,23.80522307010059],[57.90421584567187,23.57111319156055],[58.080718073455074,23.501605592683596],[58.20529464205859,23.495515428499026],[58.46465590914843,23.508771501497073],[58.62849334200976,23.458295427278323],[59.021636042205074,23.020764909700198],[59.2543211313164,22.7290054187334],[59.46142104586718,22.53886564822559],[59.82569030245898,22.37445219607715],[59.837283167449215,22.279178224519534],[58.18030483547615,21.849213133895084],[57.62096561207203,22.704566093210317],[56.41177587601193,23.452128782531823],[53.99322390099948,23.106621357530045],[50.56882690905954,23.854467511249652],[50.968333277312496,24.436244569734377],[50.96494582614062,24.712745271638674],[50.8961782785332,24.909551225618166],[50.84732345065234,25.265224061921877],[50.93111327609179,25.538573823884768],[51.01538756808398,25.588124834016604],[50.988955530730465,25.67209395022754],[51.06882766207812,25.945460878328127],[51.21702102145312,26.066470704988284],[51.35766509493945,26.028960786775393],[51.388796839324215,25.88726194949512],[51.50592711886523,25.845275484041018],[51.53446486910937,25.75584753604297],[51.586672815886715,25.60911902041797],[51.53905394991992,25.420184694246096],[51.55285552462695,25.101531587556643],[51.606150660124996,24.987287126497073],[51.55891707858203,24.815652452424807],[51.41200545748828,24.60568579287891],[51.28782561740039,24.410777650789065],[51.29141524752734,24.281367860750002],[51.45416930636523,24.218226991609377],[51.52285293063281,24.160663209871096],[51.60644057711718,24.202647767976565],[51.58590224703906,24.00322111697559],[51.76457122286914,24.002864442781252],[51.94559768160937,23.945495210603518],[52.25463775118945,23.98748167605762],[52.30104735812304,24.081946931794924],[52.38302901705859,24.10818251223926],[52.48116210421679,24.055703721956057],[52.67164901217578,24.07467993350391],[52.93944076022265,24.0244155749834],[53.040225061980465,24.039960466340823],[53.07570556124804,24.087190233186526],[53.68676284274218,23.98748167605762],[54.0165281625664,24.05045660586719],[54.006297144499996,24.181653581575198],[54.107520136443355,24.10293348880176],[54.27599242648242,24.109820924714846],[54.34709838351367,24.15445288272266],[54.48741439303515,24.344342790559573],[54.59216216525195,24.377328477815432],[54.71205810031054,24.59993704409961],[54.77081969699023,24.73348196597461],[55.09080031832812,25.020036302522463],[55.45719817599414,25.420184694246096],[55.530486139861324,25.372954927400393],[55.633460077849605,25.45317419619922],[56.01545623263476,25.771625123933596],[56.15673354586718,25.96647986026172],[56.29730895480273,26.15973051638965],[56.36705306491015,26.23611982913379],[56.40502837618945,25.861381135896487],[56.214846644011715,25.5433421954668],[56.16130736788867,25.473344407991213],[56.28163579119848,25.46239995669844],[56.36601928195117,25.454724870637698],[56.406260523406246,25.30868872256641],[56.40648177584765,25.07998427005176],[56.40525725802539,24.91874846072559],[56.40537551364062,24.81950720401172],[56.61079696139453,24.47688253970508],[56.79418853243945,24.26761396975879],[57.14619735201953,23.98247107119922],[57.396296877665264,23.837040823040553]]]]}},{"type":"Feature","properties":{"name":"Arabs","subject":"Arabs","partOf":"Arabs","borderPrecision":1,"color":"#b69578"},"geometry":{"type":"MultiPolygon","coordinates":[[[[40.81975844821093,19.68472059817676],[41.922550675010456,20.766511713374978],[41.8124565280542,21.71258711067685],[41.13804430810005,22.406392976193118],[40.17983704942846,24.02797449086812],[39.07421328942277,25.50213950420904],[37.42091199004359,27.834118954094563],[37.363535735354745,27.957371649352076],[36.593479460352896,29.78728888284727],[36.52476660905813,31.161545908742568],[37.211895122005785,33.56649570405934],[38.03644933754296,34.59718847348081],[39.34199351214349,34.59718847348081],[40.02912202509114,34.39104991959652],[44.08318025148226,30.33699169320539],[44.839021615724675,29.993427436731572],[45.86971438514614,29.85600173414204],[46.90507516233225,29.437615717313662],[47.8449087472832,29.50315435977344],[47.61403945407031,29.272241197541994],[47.803557428923824,29.184920869783205],[47.99150756320117,29.277490220979494],[48.12906173190234,29.268191896394534],[48.44353393038867,28.44023474307422],[48.462683710662105,28.38585051150684],[48.58751204928515,28.093883119539065],[48.751738581267574,27.871879182771487],[48.83184340914843,27.57345350833301],[48.85502150973437,27.52269133181934],[49.13191131075976,27.53597220034961],[49.243506464568355,27.479030214265627],[49.151927027312496,27.37245710940723],[49.23915770968554,27.28848799319629],[49.321604761687496,27.161550126985354],[49.427317652312496,27.131045900300784],[49.532542261687496,27.009526811555666],[49.93138411959765,26.934125505403323],[50.1217642160332,26.737586580232424],[50.09017470797656,26.61149176211719],[49.983958277312496,26.59574469180469],[49.934172663298824,26.48306807132129],[50.07624724825976,26.311841569856448],[49.99197677096484,26.04484137149219],[49.93686202487109,25.95578344912891],[50.01140502413867,25.835229478791994],[50.14689162692187,25.535644136384768],[50.214324030486324,25.588124834016604],[50.38191894015429,25.461173616365237],[50.429209742156246,25.18402250857715],[50.61889556368945,24.870853029207034],[50.606543573943355,24.68021734805469],[50.70592025241015,24.559718690828127],[50.77828124484179,24.470929704622073],[50.90739348849414,24.433082185701174],[50.968333277312496,24.436244569734377],[50.56882690905954,23.854467511249652],[53.99322390099948,23.106621357530045],[56.41177587601193,23.452128782531823],[57.62096561207203,22.704566093210317],[58.18030483547615,21.849213133895084],[56.94577797342595,20.635920153691636],[53.95502854221405,19.729632447263786],[50.511135257788226,17.14671248394442],[47.837586523826076,16.42168231880214],[46.659412505469874,15.424765841731508],[46.27689140929314,17.117825990832582],[45.2403691342878,17.693671699168874],[42.76366332491992,16.645455919221682],[42.53529265841601,17.07066687198047],[42.206519159880855,17.514735780671877],[42.00944426974414,17.73668058963184],[41.62855819186328,18.047204576448244],[41.39917663058398,18.440644823030276],[41.033022913542965,19.284907899812502],[40.81975844821093,19.68472059817676]]]]}},{"type":"Feature","properties":{"name":"Emirate of the White Sheep Turks","subject":"Emirate of the White Sheep Turks","partOf":"Emirate of the White Sheep Turks","borderPrecision":1,"color":"#8b7fa6"},"geometry":{"type":"MultiPolygon","coordinates":[[[[46.90507516233225,29.437615717313662],[45.86971438514614,29.85600173414204],[44.839021615724675,29.993427436731572],[44.08318025148226,30.33699169320539],[40.02912202509114,34.39104991959652],[39.34199351214349,34.59718847348081],[38.03644933754296,34.59718847348081],[38.90606634258856,36.005565224263044],[38.09988235091777,35.996351692929665],[38.39471535358594,36.586017698266026],[37.952465849583675,37.10197545293535],[37.952465849583675,37.32310020493649],[38.984381358922306,37.61793320760467],[39.20550611092345,38.20759921294104],[38.609688547521756,38.36804254311937],[39.14792154008981,38.622208122943185],[41.2117525587671,40.243789637618185],[41.48396209200976,41.436542116121096],[42.02903655490039,41.39981039615039],[42.25010970553515,41.368968568757815],[42.35151961764453,41.40158041568164],[42.69377807101367,41.5637164935625],[42.87842467745898,41.54550512881641],[43.95678618868945,42.59115561099414],[44.052519831267574,42.55924566836719],[44.169531855193355,42.612430177644534],[44.2971792550957,42.612430177644534],[44.37163833102343,42.686893068269534],[44.414187464324215,42.729442201570315],[44.509924921599605,42.76135214419727],[44.6694822641289,42.76135214419727],[44.78649428805468,42.729442201570315],[44.871592554656246,42.66561850161914],[44.93541625460742,42.74007757754688],[44.9779653879082,42.771991334871096],[45.03115371188281,42.771991334871096],[45.13752654513476,42.71880301089649],[45.20135024508593,42.676253877595705],[45.29708388766406,42.676253877595705],[45.38218596896289,42.62306936831836],[45.47791961154101,42.54860647769336],[45.64811614474414,42.54860647769336],[45.8076773019707,42.5379711017168],[45.86086181124804,42.47414740176563],[45.8076773019707,42.389049135164065],[45.75448897799609,42.25076254458789],[45.91405013522265,42.12311514468555],[46.041697535124996,42.04865225406055],[46.15870955905078,42.00610312075977],[46.28635695895312,41.98482855410938],[46.392729792205074,41.995467744783205],[46.49910262545703,41.96355398745899],[46.55577758273242,41.878455720857424],[46.658659967986324,41.88909491153125],[46.66929915866015,41.81463202090625],[46.76503661593554,41.83590658755664],[46.850134882537105,41.83590658755664],[46.91395858248828,41.75080832095508],[47.12670424899218,41.62316092105274],[47.169253382292965,41.56997641177539],[47.22243789157031,41.56997641177539],[47.35008529147265,41.442325197175784],[47.35008529147265,41.30404242129688],[47.61601928195117,41.261493287996096],[47.81812957247851,41.197669588044924],[47.98832610568164,41.218944154695315],[48.06278518160937,41.31467779727344],[48.20107177218554,41.463599763826174],[48.22371258025433,41.4711466998491],[47.24856164173707,42.78491050892555],[47.19483867485455,43.37586314463319],[47.49336150607226,43.58319052310352],[47.520335230437496,43.51125677676563],[47.56529525241015,43.601173006013674],[47.61025527438281,43.7540355548418],[47.66420653781054,43.85294684024219],[47.73614028414843,43.86193808169727],[47.67319777926562,43.66411551089649],[47.57428649386523,43.502261720613284],[47.60126403292773,43.322425447419924],[47.6552114816582,43.27746542544727],[47.58327773532031,43.18754919619922],[47.56529525241015,43.007709108308596],[47.73614028414843,42.89980658145313],[47.79009154757617,42.85484655948047],[47.8440428110039,42.62105902285938],[47.96992782076953,42.59408529849414],[48.13178161105273,42.40525396914844],[48.22170165499804,42.279368959382815],[48.419524225798824,42.09053763003711],[48.50044921359179,41.92868383975391],[48.662303003874996,41.901710115388674],[48.683238062468746,41.83590658755664],[48.89249709567187,41.68698462100391],[48.998869928923824,41.516788087800784],[49.115881952849605,41.43168982119922],[49.24352935275195,41.29340323062305],[49.28607848605273,41.05938299746875],[49.3499021860039,40.9530101642168],[49.477549585906246,40.836001954988284],[49.60519698580859,40.761539064363284],[49.60519698580859,40.687076173738284],[49.80730346163867,40.58070334048633],[50.02005294283984,40.60197790713672],[50.190249476042965,40.57006796450977],[50.31789687594531,40.49560507388477],[50.42426970919726,40.410506807283205],[50.46681884249804,40.32540854068164],[50.46681884249804,40.26158484073047],[50.30725768527148,40.32540854068164],[50.12642577609179,40.346683107332034],[50.0306883188164,40.346683107332034],[49.91368010958789,40.32540854068164],[49.849856409636715,40.2722240314043],[49.66902068575976,40.24031027408008],[49.57328322848437,40.17648657412891],[49.55200866183398,40.091388307527346],[49.54137328585742,39.87864264102344],[49.48818496188281,39.76163061709766],[49.44563582858203,39.655257783845705],[49.403086695281246,39.48506125064258],[49.49882415255664,39.37868841739063],[49.48818496188281,39.293590150789065],[49.381812128630855,39.32550009341602],[49.339262995330074,39.28295096011524],[49.30735305270312,39.1340289935625],[49.2754392953789,39.01702078433399],[49.22225478610156,39.03829535098438],[49.17970565280078,39.14466818423633],[49.115881952849605,39.18721731753711],[49.041419062224605,39.14466818423633],[49.020144495574215,39.00638159366016],[49.05205825289843,38.931922517732424],[48.998869928923824,38.878734193757815],[48.945681604949215,38.836185060457034],[48.988230738249996,38.71917685122852],[48.824954065886715,38.3095775470293],[48.83150771578906,38.306312166169924],[48.80918792208789,37.98856695742969],[48.744780573455074,37.72701605410938],[48.837229761687496,37.51097448916797],[49.05953124484179,37.397559724763674],[49.475806269255855,37.291610322908205],[49.84801391085742,37.26821478457813],[50.03871444186328,37.22470434756641],[50.11132338961718,37.097755037263674],[50.25221160372851,36.894786439851565],[50.56095412692187,36.68642767520313],[51.4170408578789,36.455691896394534],[51.79552367648242,36.432349763826174],[51.993052515593746,36.45890387149219],[52.60216430148242,36.576881013826174],[53.139014277068355,36.64352758975391],[53.79965499362109,36.67903860659961],[53.98448852023242,36.78191336245899],[57.190319273682604,30.763065895569415],[59.18044204169284,28.478110124891],[59.983740747051954,26.51188909497121],[60.479590448943355,25.29820593448047],[60.29817870577929,25.32323607058887],[59.65458587130664,25.321876131013674],[59.302092585173824,25.34019621463184],[59.03145888766406,25.307866655305666],[58.81800750216601,25.478932939485354],[58.74442580660937,25.535960756257815],[58.36867812594531,25.54787977786426],[58.10963729342578,25.54732283206348],[57.900454554167965,25.540891252473635],[57.805090937224605,25.64833029361133],[57.464880976287105,25.70479353518848],[57.32798293551562,25.787087999299807],[57.254771265593746,25.793286882356448],[57.24507049044726,26.018462739900393],[57.112402948943355,26.076190553621096],[57.06634047946093,26.30746801944141],[56.93497756442187,26.464543901399416],[56.929087671843746,26.75186689944629],[56.79043105563281,26.97391279788379],[56.68355086764453,26.96835669131641],[56.66781905612109,27.049895845369143],[56.43094924410937,27.106566987947268],[56.06776717623828,27.11216887088184],[55.89973357638476,27.10480459781055],[55.80531981906054,27.005092225984377],[55.65757277926562,26.996945939973635],[55.42489913424609,26.96310766787891],[55.34008696993945,26.79935225100879],[55.09812835177539,26.73744162173633],[54.92553237399218,26.53802641482715],[54.75987533053515,26.41062506289844],[54.6460562082207,26.39131888003711],[54.064944300261715,26.70138319583301],[53.63393691500781,26.74793966861133],[53.380679163542965,26.909589372590823],[52.89083388766406,27.052323900178713],[52.77987197360156,27.187848649934573],[52.63377669772265,27.314601503328127],[52.41038802584765,27.580957017854494],[51.961550745574215,27.776948533967776],[51.698863062468746,27.81452139468555],[51.611304316130855,27.82704123111133],[51.350134882537105,28.0361343249834],[51.08225921115039,28.512019716218752],[50.796755823699215,29.01329382510547],[50.702456507292965,29.133781038240237],[50.704722437468746,29.40060766787891],[50.359839472380855,29.74293478579883],[50.1323728891289,30.06642874331836],[49.71784881075976,30.002053819612307],[49.51097396334765,30.020675264314455],[49.45236495455859,30.07772596927051],[49.321360621062496,30.102862916902346],[49.235083613005855,30.223380647615237],[49.2222280832207,30.47745855899219],[49.020171198455074,30.43257101626758],[48.94572356661914,30.387942872957034],[48.8013296457207,30.08272513003711],[48.713843378630855,29.99996145816211],[48.5536489816582,29.99462278933887],[48.51058486422656,29.993188463166994],[48.21184829196093,29.94809301944141],[48.02827743014453,29.973121248201174],[47.95715239962695,29.94756468387012],[47.91136077365039,29.89029272647266],[47.935923609343746,29.80140646548633],[47.9960317941582,29.490258775666994],[47.8449087472832,29.50315435977344],[46.90507516233225,29.437615717313662]]]]}},{"type":"Feature","properties":{"name":"Sultanate of Delhi","subject":"Sultanate of Delhi","partOf":"Sultanate of Delhi","borderPrecision":1,"color":"#8aa0a8"},"geometry":{"type":"MultiPolygon","coordinates":[[[[72.81646841509631,31.057898898237596],[75.33261849162987,34.945901032860995],[75.91329360043905,34.9299191491323],[77.9775895576193,34.873103664072296],[77.31267170578609,34.00622892491943],[77.23896345511905,33.12172991691488],[77.53379645778723,32.089814407576235],[80.05398091956965,29.981535549206498],[80.67349577636708,29.68292047434731],[80.10300503361597,29.015217051354444],[83.07911639200516,27.27723122348413],[84.50919587590644,27.311578717767826],[84.96775787841742,27.613024353215124],[86.23137003649862,27.003945111550085],[85.78912053249636,25.67719659954326],[85.27316277782703,24.203031586202346],[84.97832977515884,24.203031586202346],[83.13562350848271,24.792697591538712],[82.54595750314634,24.792697591538712],[82.69337400448043,24.27673983686939],[83.65158126315202,23.908198583534165],[83.72528951381906,23.687073831533027],[82.54595750314634,23.24482432753075],[80.92437598847133,23.687073831533027],[78.95090950321186,23.95926544636969],[78.27712567681345,24.296157359568895],[77.77178780701463,25.64372501236574],[76.42817269778155,27.519902866219404],[75.63745326748409,27.774973650186325],[74.88029943377359,27.962152370221677],[74.7328829324395,28.99406787956032],[74.5854664311054,30.689357644902373],[73.55355092176676,30.98419064757055],[72.81646841509631,31.057898898237596]]]]}},{"type":"Feature","properties":{"name":"Golden Horde","subject":"Golden Horde","partOf":"Golden Horde","borderPrecision":1,"color":"#b3a46e"},"geometry":{"type":"MultiPolygon","coordinates":[[[[56.67389519014647,58.259275429501],[52.853895792507316,46.938279890208165],[52.55578521212695,46.982120119050784],[52.46586516818164,46.91018255801563],[52.37594893893359,46.874217592195315],[52.14215758761523,46.83824881167774],[51.93534759005664,46.89220007510547],[51.79147628268359,47.00909384341602],[51.67458251437304,47.03607138247852],[51.36885741671679,47.09002264590625],[51.11708358248828,47.06304510684375],[50.82035354098437,46.91917761416797],[50.63152221163867,46.91018255801563],[50.27184966525195,46.68538626284961],[49.94814208468554,46.55950125308399],[49.72334578951953,46.53252371402149],[49.534514460173824,46.54151877017383],[49.4086294504082,46.43361624331836],[49.31320479830859,46.35268744082813],[49.23778441866992,46.262767396882815],[49.05794433077929,46.13688238711719],[48.88709929904101,46.082931123689455],[48.83314803561328,46.082931123689455],[48.83314803561328,46.01998861880664],[48.83314803561328,45.92107733340625],[48.770205530730465,45.885108552888674],[48.63532927950976,45.97502859683399],[48.48246673068164,45.885108552888674],[48.30262664279101,45.76821478457813],[48.01488784274218,45.71426352115039],[47.87101653536914,45.67829855533008],[47.75412276705859,45.71426352115039],[47.67319777926562,45.75023230166797],[47.628237757292965,45.732249818757815],[47.60126403292773,45.66031225772266],[47.6552114816582,45.54341848941211],[47.556304010955074,45.4534984454668],[47.47537520846484,45.318622194246096],[47.39445022067187,45.17475088687305],[47.250578913298824,44.98592337222461],[47.169653925505855,44.86003836245899],[47.02578261813281,44.78810080142383],[46.87292006930468,44.68019827456836],[46.80997756442187,44.53633078189258],[46.84594634493945,44.44641073794727],[46.99880507907031,44.356490694001955],[47.142676386443355,44.3385082110918],[47.223601374236324,44.20362814517383],[47.33150771578906,44.185645662263674],[47.43940642794726,44.03278311343555],[47.56529525241015,43.84395559878711],[47.53831771334765,43.67311056704883],[47.49336150607226,43.58319052310352],[47.19483867485455,43.37586314463319],[47.24856164173707,42.78491050892555],[48.22371258025433,41.4711466998491],[48.20107177218554,41.463599763826174],[48.06278518160937,41.31467779727344],[47.98832610568164,41.218944154695315],[47.81812957247851,41.197669588044924],[47.61601928195117,41.261493287996096],[47.35008529147265,41.30404242129688],[47.35008529147265,41.442325197175784],[47.22243789157031,41.56997641177539],[47.169253382292965,41.56997641177539],[47.12670424899218,41.62316092105274],[46.91395858248828,41.75080832095508],[46.850134882537105,41.83590658755664],[46.76503661593554,41.83590658755664],[46.66929915866015,41.81463202090625],[46.658659967986324,41.88909491153125],[46.55577758273242,41.878455720857424],[46.49910262545703,41.96355398745899],[46.392729792205074,41.995467744783205],[46.28635695895312,41.98482855410938],[46.15870955905078,42.00610312075977],[46.041697535124996,42.04865225406055],[45.91405013522265,42.12311514468555],[45.75448897799609,42.25076254458789],[45.8076773019707,42.389049135164065],[45.86086181124804,42.47414740176563],[45.8076773019707,42.5379711017168],[45.64811614474414,42.54860647769336],[45.47791961154101,42.54860647769336],[45.38218596896289,42.62306936831836],[43.61690948985557,43.77276186641766],[41.30960614170756,43.55716533432493],[42.411475854041285,46.726817802961186],[42.524167467140586,47.0509879345626],[44.364277194929954,49.42860289444802],[43.67309502787673,50.86033738334398],[42.586951622507385,50.909707538133496],[40.02647141522063,49.080365976747565],[38.13611358684011,49.04904202943989],[38.291748155819505,51.20592846687059],[37.60056598876629,51.40340908602865],[36.86001366692355,52.09459125308187],[37.69930629834532,52.73640326534558],[40.41466481176869,51.35403893123914],[41.402067907559,51.79837032434478],[43.67309502787673,53.476955587188314],[44.8086085880356,54.6618393021367],[45.42957417054495,57.466898337556124],[45.96480886570524,57.734515685136266],[55.465224704800136,58.13594170650648],[56.67389519014647,58.259275429501]]]]}},{"type":"Feature","properties":{"name":"Holy Roman Empire","subject":"Holy Roman Empire","partOf":"Holy Roman Empire","borderPrecision":1,"color":"#b47c6f"},"geometry":{"type":"MultiPolygon","coordinates":[[[[9.458552393523437,42.55605658145313],[9.486711535063964,42.4063793048418],[9.45250895938037,42.04830511660938],[9.35745624026416,41.90121039004688],[9.30453875979541,41.575267396882815],[9.173024210540039,41.34990652652149],[9.038939509001953,41.36949881167774],[9.01326850375293,41.457679353669924],[8.828752550688964,41.49197729678516],[8.726921114531738,41.56056936831836],[8.85464862307666,41.65367849917774],[8.823254618254882,41.68797644229297],[8.62692645510791,41.73208960147266],[8.74244979342578,41.8815990314043],[8.692829165068847,41.913463197664065],[8.561865839568359,41.8815990314043],[8.537932428923828,41.94778021426563],[8.589588198271972,41.957591615632815],[8.668312105742675,42.02868612857227],[8.626454386321289,42.09734304995899],[8.510698351470214,42.13412436099414],[8.51724627932666,42.20770224185352],[8.628421816436035,42.26165731997852],[8.500446352568847,42.359778963044924],[8.60930064639209,42.48734625430469],[8.879002604094726,42.624766908601565],[9.000392946807128,42.63458975406055],[9.018427881804687,42.69103964419727],[9.149460825530273,42.710670076326174],[9.237692865935546,42.664039216951174],[9.280391726104003,42.727855287507815],[9.270520243254882,42.882510744050784],[9.303189310637695,42.983192048982424],[9.367051157561523,42.988101564363284],[9.414238962737304,42.90952643008594],[9.432161364165527,42.79413565249805],[9.405494722930175,42.58059652896289],[9.458552393523437,42.55605658145313]]],[[[14.205406221953613,53.81320532412891],[14.145425829497558,53.826453767732424],[14.068350824919921,53.84347494693164],[14.028717074004394,53.865481935457034],[13.827770266143066,53.8297191485918],[13.777402910796386,53.94862326236133],[13.778410944548828,54.04440649600391],[14.069946322051269,53.917769990876955],[14.17416766604541,53.90676077456836],[14.205406221953613,53.81320532412891]]],[[[17.135979245914935,46.190709183944556],[17.172594976210927,46.1878925893064],[17.126698705993064,46.107184324647704],[17.135979245914935,46.190709183944556]]],[[[14.33385947665332,53.8297191485918],[14.24789527377246,53.815963350251955],[14.22724154910205,53.90951117129688],[14.305262598601562,53.91501959414844],[14.424838099089843,53.91501959414844],[14.472936663237792,53.87677725406055],[14.459070238677246,53.81871374698047],[14.33385947665332,53.8297191485918]]],[[[8.585600878584321,53.7930778153404],[8.848478350249511,53.749679170564455],[9.125039133635742,53.790477357820315],[8.857097658721191,53.866988740876955],[8.818971666899902,53.969039522126955],[8.946340593901855,54.014972291902346],[8.832654032317382,54.066016756013674],[8.778787645903808,54.132403932527346],[8.853296312895996,54.168155275300784],[8.884012255278808,54.229449830964846],[8.961682962467147,54.27590912733824],[9.05617554272723,54.3485957275383],[9.136130802947298,54.29771510739826],[9.165205443027324,54.31952108745828],[9.216086063167367,54.29044644737825],[9.259698023287404,54.304983767418264],[9.296041323387435,54.24683448725822],[9.44141452378756,54.24683448725822],[9.448683183807567,54.18868520709817],[9.674011644427761,54.18868520709817],[9.739429584607816,54.27590912733824],[9.826653504847892,54.27590912733824],[9.884802785007942,54.25410314727822],[10.141728434172851,54.33675345034961],[10.21287730654834,54.37191732974414],[10.340239557830078,54.362315736726565],[10.445974382964355,54.29203375430469],[10.648594889250976,54.258975587800784],[11.03860572299121,54.313251100496096],[11.0730057092583,54.21963080020313],[11.041366610137207,54.15269812198047],[11.01588729342578,54.096656404451174],[10.716716799346191,53.963931642488284],[10.770921983476129,53.930865647702795],[10.858920130339843,53.87718542666797],[10.883711053681196,53.88237572106904],[10.89350602717936,53.884426423070174],[10.960404311982023,53.89843242794023],[11.15137771090625,53.93841513247852],[11.202488932219726,53.85678442569141],[11.407822641936523,53.859290681794924],[11.565019640532714,54.035384736970705],[12.04107383212207,54.096656404451174],[12.311884913054687,54.201942048982424],[12.46253656621695,54.25478611729922],[12.652518305388671,54.32142599673633],[12.764800104705078,54.270328126863284],[12.943138155547363,54.34698446841602],[13.025811228362304,54.265216432527346],[13.06376555880664,54.19368704409961],[13.349167856780273,54.063487611726565],[13.431016001311523,54.03024633975391],[13.667614969817382,54.08416708560352],[13.737782511321289,54.03028830142383],[13.764326128569824,53.87718542666797],[13.780499491301757,53.77517660708789],[13.850170168486816,53.72928961367969],[14.009740862456542,53.67320974917774],[14.17686370333789,53.68340643496875],[14.189576181975585,53.624793611482424],[14.280191454497558,53.61341818423633],[14.433155092803222,53.594214998201174],[14.537060770598632,53.538165651277346],[14.495303186980468,53.624793611482424],[14.565300974456054,53.6935993060625],[14.55694011172412,53.75988348575],[14.482524904814941,53.81853064151172],[14.472936663237792,53.87677725406055],[14.467412027922851,53.910350404695315],[14.580244322320926,53.92901809095972],[14.885758432952148,53.979564271882815],[15.07968238314746,54.00251730533008],[15.311689409819824,54.071002565339846],[15.89836028536914,54.128402315095705],[16.114680323210937,54.19960745425586],[16.473248514739257,54.4150348529375],[16.9759016366875,54.54930838199024],[17.657612833586914,54.685462556794924],[17.746761135501878,54.43250827204232],[17.111405742532707,54.12995808491414],[16.990385667681434,54.19046812233977],[16.687835480553257,54.03919302877569],[16.808855555404527,53.85766291649878],[16.808855555404527,53.46434767323215],[16.65758046184044,53.85766291649878],[16.20375518114817,53.706387822934694],[16.415540312137896,53.52485771065779],[16.20375518114817,53.34332759838088],[16.05312067396849,52.71644728705461],[15.843905101321067,52.7102938878591],[15.815994659012382,52.57074167631567],[15.760173774395009,52.57074167631567],[15.764534781005738,52.26547121356442],[16.095099082099242,52.124174599376694],[16.50590590483021,52.003810816920485],[16.50590590483021,52.17825108134978],[16.85478643368879,51.916590684705845],[16.85478643368879,51.65493028806191],[17.203666962547363,51.61132022195459],[17.29088709476201,51.78576048638388],[17.552547491405942,51.65493028806191],[17.639767623620585,51.4368799575253],[18.140061199789763,50.98765893485682],[18.646036580345903,50.64451035793008],[18.74563352241608,50.266041978063406],[18.769068769057146,50.17698804082737],[18.79631522616504,49.71344717593555],[18.89645184658895,49.71272535284275],[18.92670686530177,49.6219602967043],[18.52217665551832,49.561071513176316],[18.250373241870594,49.18054673406951],[18.223192900505826,48.9902843445161],[18.114471535046736,48.9902843445161],[18.114471535046736,48.85438263769224],[17.869848462763787,48.800021954962695],[17.353421976833115,48.96310400315133],[17.19033992864448,48.44667751722066],[17.217520270009253,48.06615273811384],[17.462143342292205,48.06615273811384],[17.40778265956266,47.821529665830894],[16.79622497885528,47.84327393892271],[16.622270794120737,47.73455257346362],[16.557037974845283,47.495365569453625],[16.644015067212557,47.299667111627265],[16.557037974845283,47.190945746168175],[16.557037974845283,47.060480107617266],[16.448316609386197,46.93001446906636],[16.448316609386197,46.777804557423636],[16.513549428661648,46.625594645780915],[16.296106697743472,46.408151914862735],[16.535293701753467,46.364663368679096],[16.448316609386197,46.103732091577285],[16.2091296053762,46.14722063776092],[16.078663966825292,45.886289360659106],[16.2091296053762,45.734079449016384],[16.122152513008928,45.581869537373656],[15.469824320254395,45.734079449016384],[15.423617739934283,45.429659625730935],[14.880010912638838,45.48402030846048],[14.79846988854452,45.864545087567286],[14.5266664748968,45.78300406347297],[14.354488405791503,45.32289084048633],[14.075900831918274,45.27622876895767],[13.989806030447117,45.419720104742936],[14.219392167703536,45.47711663905704],[14.075900831918274,45.6780045091564],[13.67318061312793,45.71450766177539],[13.564614328948242,45.72652395816211],[13.437729868499023,45.638431154207034],[13.367695841399414,45.69448813052539],[13.500387806353855,45.940027500065376],[13.606337580291015,46.13213690371875],[13.6211014123833,46.420882783845705],[13.725147154229617,46.646414021960624],[13.709092915095635,46.83906489156842],[13.58065900202377,46.83906489156842],[13.516442045487839,46.99960728290825],[13.291682697612078,47.06382423944418],[12.697675849654708,46.9514445655063],[12.407154703364085,46.96407591969285],[12.328428349573102,46.967498804640286],[12.217808756438476,46.88431891055469],[12.074753794280273,46.92750509829883],[11.739651617080053,46.751658958855224],[11.908413866924741,46.414134459165844],[11.570889367235365,46.245372209321154],[11.570889367235365,45.975352609569654],[11.3346222174528,46.00910505953859],[11.233364867545989,46.00910505953859],[11.165859967608114,45.73908545978709],[10.929592817825549,45.84034280969391],[10.7945830179498,45.63782810988028],[10.65957321807405,45.806590359724964],[10.524563418198298,45.73908545978709],[10.457058518260423,46.21161975935222],[10.558315868167236,46.312877109259034],[10.558315868167236,46.71790650888628],[10.395699534026367,46.88741263003711],[10.338723215666992,46.74834784121875],[10.389193567839843,46.65275915713672],[10.372107538787109,46.566302858308596],[10.23034385165332,46.58925589175586],[10.151240381804687,46.66186483950977],[10.023653063384277,46.62089880557422],[9.987427744475585,46.4980541095293],[10.097109827605468,46.438914857820315],[9.994528803435546,46.25247534366016],[9.884957346526367,46.402530275300784],[9.67374041995166,46.37979086490039],[9.642048868743164,46.32522162051563],[9.544866594878417,46.31158407779102],[9.58168796038019,45.89302924034952],[9.695144280553256,45.779572920176456],[9.506050413598146,45.514841506439296],[9.846419374117344,45.70393537339441],[9.92205692089939,45.666116600003384],[9.997694467681434,45.40138518626623],[10.376652918577285,45.3743828896956],[10.67499426980646,45.353124882053535],[10.824432085154767,45.353124882053535],[10.856080977908093,45.05067155043698],[11.169817827810615,45.067184016221326],[11.33916233802116,44.85499883089251],[11.256141329494323,44.78858202407104],[11.173120320967485,44.605935805312],[11.289349732905057,44.456497989963694],[11.289349732905057,44.37347698143685],[11.139911917556748,44.34026857802612],[11.201986087009125,44.142550853103735],[11.322558136315791,44.15762235926707],[11.289349732905057,44.224039166088545],[11.455391749958732,44.27385177120465],[11.571621161896305,44.224039166088545],[11.555016960190937,44.19083076267781],[11.704454775539245,44.224039166088545],[11.687850573833877,44.25724756949928],[11.73766317894998,44.35687277973149],[11.80407998577145,44.34026857802612],[11.853892590887554,44.35687277973149],[11.903705196003656,44.32366437632075],[11.887100994298287,44.25724756949928],[11.936913599414389,44.09120555244561],[12.019934607941227,44.17422656097244],[12.086351414762698,44.17422656097244],[12.053143011351963,44.10780975415097],[12.053143011351963,44.07460135074024],[12.036538809646595,43.92516353539193],[12.086351414762698,43.842142526865096],[12.169372423289534,43.8919551319812],[12.219185028405636,43.8919551319812],[12.119559818173432,43.74251731663289],[12.102955616468066,43.60968370298995],[12.119559818173432,43.47685008934701],[12.219185028405636,43.344016475704066],[12.302206036932475,43.344016475704066],[12.302206036932475,43.2775996688826],[12.219185028405636,43.2277870637665],[12.152768221584168,43.06174504671282],[12.169372423289534,42.912307231364515],[12.185976624994902,42.912307231364515],[12.152768221584168,42.696452609194736],[12.169372423289534,42.630035802373264],[12.129717682746126,42.596046024764625],[12.053143011351963,42.53041059214106],[12.06974721305733,42.29795176826592],[12.003330406235861,42.248139163149816],[12.019934607941227,42.09870134780151],[11.960132972376597,42.00737273955097],[11.497365030852539,42.376353822664065],[11.104763063994628,42.549083314851565],[10.742755922881347,42.850509248689455],[10.487745318022949,43.235938631013674],[10.337910145884042,43.596202827939074],[10.292479548064453,43.70543631167774],[10.261382708001271,43.74523947476491],[10.155236147769687,43.88110436777192],[10.136747393218261,43.904769502595705],[9.909300837126953,44.110477052644534],[9.825498048980155,44.152548314253266],[9.691935572234375,44.219600282625],[9.157044443694335,44.37323721499805],[8.896585497466308,44.43718679995899],[8.671724352446777,44.417403779939455],[8.186360392180664,44.12639959903125],[8.089567661878178,44.05082949636362],[7.97952655276416,43.964915834382815],[7.689120325652343,43.88704641909961],[7.552810225096923,43.867450319246096],[7.467525371397153,43.81083423022823],[7.397118601409179,43.76409491153125],[7.355150497422891,43.901511001158944],[6.922790372483864,43.81503897617114],[6.885730933203376,43.901511001158944],[6.959849811764352,43.91386414758577],[6.922790372483864,43.97562987971992],[6.996909251044841,44.04974875828089],[6.972202958191182,44.062101904707724],[6.935143518910694,44.1362207832687],[6.885730933203376,44.14857392969553],[6.836318347496059,44.11151449041504],[6.786905761788741,44.197986515402846],[6.786905761788741,44.296811686817485],[6.869778189269287,44.34917028994922],[6.782917532531005,44.54787405581836],[6.924694094268066,44.71501883120899],[7.003469976989013,44.71953543277149],[6.942603621093017,44.86865194888477],[6.665318045226318,44.95452078433399],[6.507319483367187,45.115707002595705],[6.280426758288739,45.19859137597602],[6.24336731900825,45.29741654739066],[6.26807361186191,45.32212284024432],[6.218661026154592,45.34682913309798],[6.144542147593617,45.32212284024432],[6.082776415459469,45.371535425951635],[6.033363829752153,45.334475986671144],[6.058070122605811,45.22329766882968],[5.946891804764347,45.26035710811017],[5.934538658337518,45.32212284024432],[5.823360340496054,45.39624171880529],[5.607083159727774,45.84657830923068],[5.356666000230306,45.876039151524495],[5.356666000230306,46.052804205287416],[5.533431053993224,46.008612941846685],[5.533431053993224,46.096995468728146],[5.268283473348847,46.31795178593179],[5.415587684817945,46.52417768198853],[5.645716162577157,46.4567227963447],[5.724926528903053,46.4799864185478],[5.739656950049963,46.59782978772308],[5.625539563395728,46.64907846072007],[5.646444114038196,46.84980832209718],[5.757015581895596,46.88666547804965],[5.793872737848062,46.99723694590705],[5.667288567732019,47.10831750841926],[5.736870241625835,47.233564521428136],[5.778619245962126,47.358811534437],[5.792535580740889,47.5118912170034],[5.917782593749759,47.59538922567598],[5.820368250298417,47.73455257346362],[5.95953159808605,47.80413424735743],[5.95953159808605,47.98504659948136],[6.056945941537394,47.95721392992383],[6.098694945873683,48.02679560381765],[6.251774628440081,47.95721392992383],[6.237858293661318,48.29120596461415],[5.945615263307287,48.34687130372921],[6.015196937201104,48.653030668862],[5.83428458507718,48.77827768187087],[6.00128060242234,48.90352469487974],[5.87603358941347,49.070520712224905],[5.722953906847073,48.959190033994794],[5.611623228616965,49.209684060012535],[5.903866258970996,49.19576772523377],[5.909256214734315,49.200859868256885],[5.361129202599225,49.69675577726925],[4.25521547314937,49.88723560955358],[3.820330011313015,50.039445521196306],[3.482680234946868,49.920460407672934],[2.907273158895701,49.94347669071498],[2.677110328475234,50.1506232380934],[2.400914931970674,50.196655804177496],[2.14773581850816,50.058558105925215],[1.986621837213834,50.08157438896726],[1.986621837213834,50.21967208721954],[1.825507855919507,50.24268837026159],[1.796177011925293,50.92141446442835],[1.823555264083129,50.93456228824024],[2.030328068343383,51.006656251863284],[2.442595991698486,51.04803045840625],[2.522131952849609,51.09112127871875],[2.995262178984863,51.313479982332034],[3.213605198470336,51.35356863589649],[3.472019943801147,51.31439169497852],[3.681297096816284,51.3214183673418],[3.775046858397705,51.38774450869922],[3.743475946990234,51.460452638582034],[3.520320448485595,51.57913549991016],[3.878135714141113,51.79172857852344],[4.264411482421142,52.07089193911914],[4.387240442839843,52.230365358308596],[4.641012701598388,52.75569876284961],[4.718774351683837,52.80241736026172],[5.008403811064941,52.85619314761524],[5.173285517302734,52.743419252351565],[5.234628233519775,52.62285193057422],[5.108244452086669,52.5315013751543],[5.006087812987548,52.55688437075977],[5.035744223204834,52.333716951326174],[4.949828180876953,52.27794607730274],[5.473186525908691,52.17660482974414],[5.574368986693603,52.28301580996875],[5.756913218108398,52.333716951326174],[5.817143950072509,52.52136190982227],[5.611254725066406,52.5315013751543],[5.555709871855957,52.58732184024219],[5.546892675963623,52.678695283845705],[5.653440508452636,52.74977835269336],[5.576382670012695,52.759933076814455],[5.325746092406494,52.790408693269534],[5.358019384947998,52.937747560457034],[5.342753443328125,52.99631079287891],[5.332119974700195,53.01144751162891],[5.389523062316162,53.13857229800586],[5.647349867430908,53.227759920076174],[5.966306719390136,53.33501013369922],[6.260716471282226,53.32174261660938],[6.750721964446289,53.38986166568164],[6.861045393553955,53.26576193423633],[7.00905946215747,53.24541052432422],[7.043283495513183,53.164004884675784],[7.159938845244628,53.16400106997852],[7.189745459166748,53.230140291169924],[6.980709108916503,53.3166576251543],[7.03733209094165,53.51014669986133],[7.165639433470947,53.591670595125],[7.332391771880371,53.60442694278125],[7.836380991545898,53.63209494204883],[7.87502889291447,53.63368572579089],[7.968539270964843,53.63753470034961],[8.011022600737792,53.565692506746096],[8.098732981291992,53.44393499942188],[8.029082331267578,53.37264975161914],[8.174986872283203,53.32174261660938],[8.241933855620605,53.3522907123125],[8.260771784392578,53.438846193269534],[8.189001116362792,53.530520997957034],[8.30565074404834,53.52543219180469],[8.501803431121093,53.44902762027149],[8.42865756472705,53.61204870791797],[8.516240577905567,53.76104174723696],[8.539542231169921,53.80068167300586],[8.585600878584321,53.7930778153404]],[[6.868374690814465,47.18718743802177],[6.853727373114427,47.15233561863003],[6.714577854964077,47.08755013318224],[6.736548831514132,47.042652428867115],[6.546133701413653,46.95774247176754],[6.729225172664114,46.87770393860093],[7.212586656765327,47.12244442773029],[7.007524208964814,46.63687085468651],[7.25652860986544,46.440401230032386],[7.439620081115901,45.923195456322446],[7.637358870066396,45.96393647297522],[7.820450341316857,45.92828972074276],[7.974247177167245,46.024991862745075],[8.142691330717668,46.151974257421486],[8.076778401067504,46.29384752114704],[8.150014989567683,46.29384752114704],[8.274517190018,46.33937178492507],[8.289164507718034,46.38990988304468],[8.3550774373682,46.43030670053192],[8.655347450218956,46.53116785485031],[8.889704533419547,46.27360235797904],[8.999559416169822,46.30902648386845],[8.823791603769381,46.58152832078974],[9.497568217971077,46.792531987163144],[9.504891876821093,47.03766146076766],[9.519539194521132,47.072588433336904],[9.482920900271038,47.18221000682572],[9.570804806471257,47.266762870385406],[9.680659689221535,47.43546408961284],[9.61686450855526,47.495817667608804],[9.641345290198974,47.50711126748055],[9.64783212793817,47.488110994128014],[9.665830095197322,47.49598965630363],[9.678074563190693,47.488834209737405],[9.699246020649776,47.50628272822371],[9.742809515024337,47.504640797816485],[9.752371325522281,47.51076644905111],[9.712416939502718,47.55061659600564],[9.680344534585727,47.54265822345445],[9.680243137506228,47.55630921377518],[9.653150344436488,47.55618248403419],[9.62819114515806,47.57039558844471],[9.606712670379503,47.57248189051159],[9.60088044237073,47.58531266106803],[9.56335717626282,47.584746979125],[9.5339256480945,47.59678061932501],[9.502257340469352,47.64637098550931],[9.488171047056394,47.651505682883],[9.466080995855355,47.64798023777849],[9.421182075871505,47.66594768445761],[9.347634956983754,47.660919078143486],[9.287804878151578,47.683765275235324],[9.237245446629197,47.711482986700766],[9.225777565070517,47.739347885480086],[9.132380912926813,47.77233665825951],[9.105701403173684,47.79244785892643],[9.042968426858371,47.817624090976025],[9.030608947173162,47.80499434017611],[9.06687405483502,47.779532244267855],[9.173649406371743,47.734443430470506],[9.179800812772427,47.70459486004789],[9.201323419921486,47.707409761844914],[9.188048383707981,47.69930759937596],[9.211480461040331,47.68278743369377],[9.217880454657571,47.666308565142764],[9.12427050641381,47.670700736835244],[9.112519530198746,47.68572201095995],[9.081389504422836,47.68320700711846],[9.043323638417071,47.69346286852432],[9.048183735261208,47.70827352674581],[9.084469172589861,47.68972093590616],[9.10902282658467,47.69016204849861],[9.100921224629866,47.702421832185856],[8.987175500981742,47.74340889394121],[9.01401797736814,47.71960763133936],[8.959238171322115,47.73739127940454],[8.939972749823733,47.726182321942055],[8.994297857106877,47.70671364928088],[9.00635064628403,47.694759228843544],[8.99458859182209,47.68441116867369],[8.936604233198908,47.65937945325917],[8.897028192269564,47.65298306280818],[8.801820627219323,47.74663273922988],[8.530845249768642,47.80569324025174],[8.40634304931833,47.69243500902319],[8.508874273218588,47.59868793307967],[7.732566435116636,47.524558221080845],[7.72524277626662,47.60362618450617],[7.571445940416232,47.58387038194418],[7.468914716515973,47.48497948159726],[7.337088857215643,47.440417727370495],[6.948934938164665,47.226990086959105],[6.868374690814465,47.18718743802177]],[[6.448639414796144,46.47363192883472],[6.399366830301586,46.458688728465745],[6.384794633556074,46.46430289385845],[6.346871930666223,46.46094815254606],[6.2912738204431,46.422658307372956],[6.274123806967107,46.39014042210051],[6.258912357066373,46.3925019868991],[6.248222955748419,46.38605643507135],[6.171351592047537,46.295829635984404],[6.147796147590462,46.20673725502066],[6.172219470275174,46.211872294689975],[6.193824202060431,46.238419184332706],[6.199127865688836,46.263974311208905],[6.235320097735189,46.289106588791334],[6.27784874181629,46.35037762441313],[6.30354410983879,46.36604951821137],[6.343528405304224,46.37010514332916],[6.360944279594113,46.347862108145755],[6.389247743870544,46.340049439200115],[6.413511182182861,46.36002808258668],[6.477321964444022,46.375612154443324],[6.484300994278125,46.39337594537425],[6.514880880306399,46.404865961350175],[6.545074937533656,46.39478964497198],[6.636771707491414,46.40672155389668],[6.725509048568351,46.40831394149905],[6.856912456646007,46.38532553426575],[6.860532891338509,46.39567135854787],[6.918682026631522,46.395206936852965],[6.930871450577103,46.408351227966136],[6.900908887160469,46.439689214556104],[6.857901656145032,46.44947118554421],[6.832041624067764,46.46683262184003],[6.776499274150077,46.47343949712618],[6.742657920910335,46.48864679559679],[6.720869389583737,46.485596225120794],[6.689435812086666,46.50021827068076],[6.59204288810731,46.51769616755476],[6.558787383904959,46.507196480082904],[6.511094375255204,46.515893700404824],[6.448639414796144,46.47363192883472]]],[[[9.139912757901124,47.66512715237991],[9.177931706890412,47.664332143247975],[9.188972040298468,47.65081161990754],[9.139912757901124,47.66512715237991]]],[[[8.97635885326021,47.665804706169055],[8.98349781779857,47.66997824848036],[9.010931712396605,47.67139246838201],[8.97635885326021,47.665804706169055]]]]}},{"type":"Feature","properties":{"name":"Guanches","subject":"Guanches","partOf":"Guanches","borderPrecision":1,"color":"#739b91"},"geometry":{"type":"MultiPolygon","coordinates":[[[[-14.50982440309849,28.050049749026638],[-14.147020770578637,28.391039461179965],[-13.808404046893443,29.04858821187777],[-13.518161140877563,29.42848330171172],[-13.421413505538938,29.090868332331816],[-13.784217138058787,28.87929453021188],[-13.880964773397412,28.19936673357924],[-14.50982440309849,28.050049749026638]]],[[[-15.574048391823386,28.178048475293522],[-15.404740029980792,28.19936673357924],[-15.211244759303536,27.900525135454227],[-15.574048391823386,27.729386561264484],[-15.912665115508583,27.900525135454227],[-15.574048391823386,28.178048475293522]]],[[[-17.291318919084016,28.284597224515256],[-16.880141468894855,28.327186915315913],[-16.081973477351177,28.539879155715276],[-16.22709493035912,28.36975954738149],[-16.638272380548287,28.050049749026638],[-17.339692736753328,28.028701784947305],[-17.291318919084016,28.284597224515256]]]]}},{"type":"Feature","properties":{"name":"Swiss Confederation","subject":"Swiss Confederation","partOf":"Swiss Confederation","borderPrecision":1,"color":"#8f9a74"},"geometry":{"type":"MultiPolygon","coordinates":[[[[7.468914716515973,47.48497948159726],[7.571445940416232,47.58387038194418],[7.72524277626662,47.60362618450617],[7.732566435116636,47.524558221080845],[8.508874273218588,47.59868793307967],[8.40634304931833,47.69243500902319],[8.530845249768642,47.80569324025174],[8.801820627219323,47.74663273922988],[8.897028192269564,47.65298306280818],[8.936604233198908,47.65937945325917],[8.93572619268792,47.65900040517249],[8.89424668674045,47.651981092802714],[8.859761867303298,47.65720259885761],[8.906531941740655,47.64470239066858],[8.960973389973663,47.65681014096839],[8.97635885326021,47.665804706169055],[9.010931712396605,47.67139246838201],[9.065714698442651,47.674216536574775],[9.090169214235457,47.67299879536117],[9.09631748974732,47.666038767172346],[9.139912757901124,47.66512715237991],[9.188972040298468,47.65081161990754],[9.191228667349208,47.648048045875626],[9.300064856849982,47.61072946127637],[9.382401971062464,47.5712252392877],[9.38681144658924,47.544314745924304],[9.437436949905864,47.518945191698386],[9.435761421667744,47.506522607680544],[9.466216843906906,47.49633046022211],[9.481890678413858,47.48171362179569],[9.52988310330231,47.48141384927814],[9.560997473255647,47.50048807652424],[9.59837981703166,47.487290214815076],[9.61686450855526,47.495817667608804],[9.680659689221535,47.43546408961284],[9.570804806471257,47.266762870385406],[9.482920900271038,47.18221000682572],[9.519539194521132,47.072588433336904],[9.504891876821093,47.03766146076766],[9.497568217971077,46.792531987163144],[8.823791603769381,46.58152832078974],[8.999559416169822,46.30902648386845],[8.889704533419547,46.27360235797904],[8.655347450218956,46.53116785485031],[8.3550774373682,46.43030670053192],[8.289164507718034,46.38990988304468],[8.274517190018,46.33937178492507],[8.150014989567683,46.29384752114704],[8.076778401067504,46.29384752114704],[8.142691330717668,46.151974257421486],[7.974247177167245,46.024991862745075],[7.820450341316857,45.92828972074276],[7.637358870066396,45.96393647297522],[7.439620081115901,45.923195456322446],[7.25652860986544,46.440401230032386],[7.007524208964814,46.63687085468651],[7.212586656765327,47.12244442773029],[6.729225172664114,46.87770393860093],[6.546133701413653,46.95774247176754],[6.736548831514132,47.042652428867115],[6.714577854964077,47.08755013318224],[6.853727373114427,47.15233561863003],[6.868374690814465,47.18718743802177],[6.948934938164665,47.226990086959105],[7.337088857215643,47.440417727370495],[7.468914716515973,47.48497948159726]]]]}},{"type":"Feature","properties":{"name":"Siberians","subject":"Siberians","partOf":"Siberians","borderPrecision":1,"color":"#739b91"},"geometry":{"type":"MultiPolygon","coordinates":[[[[55.75743392418171,73.57743414517107],[55.424868616564524,73.55293615933122],[54.99362472008015,73.53622778530779],[54.66363051841999,73.4719959127492],[54.47870543907429,73.51936682339372],[54.01755050133015,73.73358496304216],[54.34921554039265,73.86993750210466],[54.8935766548946,74.06292303677263],[55.18793395469929,74.10351904507341],[55.88524154136921,74.1048084127492],[55.945574793322336,74.26536139126482],[55.618506464464915,74.41746100063982],[55.775942835314524,74.53853186245622],[55.96450332115437,74.60336645718279],[56.268755945666086,74.61199530239763],[56.65202620933796,74.69341620083513],[56.53924086998249,74.76588781948747],[56.30263808677937,74.87056311245622],[56.994978937609446,75.27312811489763],[57.22605422447468,75.33131750698747],[57.32729628990437,75.29848059292497],[57.72869780967976,75.29101141567888],[58.17005828331257,75.5315662252492],[58.55853179405476,75.68162878628435],[59.01763060997273,75.79893072720232],[59.45592788170124,75.8664050924367],[60.042971643908274,75.91752203579607],[60.61674025963093,75.89358862515154],[60.948985132677805,75.96097906704607],[61.302588495714915,76.23785742397966],[61.42554381798054,76.2296863424367],[61.8187475533321,76.28919561978044],[62.5932951302364,76.16482885952654],[62.80526641319538,76.18198736782732],[63.67331984947468,76.32630499478044],[64.10461715172077,76.34393652554216],[65.08725264976765,76.45518835659685],[65.9260588021114,76.50735815640154],[66.27326491783406,76.7615238058156],[66.44234755943562,76.82964666958513],[67.5722990364864,76.89120825405779],[68.45671370933796,76.92682226772966],[68.66830733726765,76.86778601284685],[68.86719039390827,76.76642187710466],[68.93684676597859,76.60583838101091],[68.57145980308796,76.39442022915544],[68.32831862877156,76.31829413052263],[67.72246840904499,76.17451819058122],[66.54819014976765,75.97989233608904],[64.6004743904903,75.759547792632],[63.61646941612507,75.633082948882],[62.66149428795124,75.49864538784685],[61.83259490440632,75.3565173971242],[60.88701919029499,75.24749334927263],[60.463328394396555,75.15610846157732],[60.333655390246165,75.03255804653826],[60.62335112999226,74.93528326626482],[60.43352034996296,74.8377948629445],[60.008772882921946,74.67541082974138],[59.77162078331257,74.65884741421404],[58.85056594322468,74.68941839810076],[58.6564054817989,74.60839422817888],[58.60250380943562,74.50352057095232],[58.88194564293171,74.39136084194841],[58.73313430259968,74.28661688442888],[58.19052413414265,74.08507879849138],[58.009348902209055,74.14886816616716],[57.67119887779499,74.18831213589372],[57.404734644396555,74.05159338589372],[57.79941848228718,73.92428930874529],[57.82281402061726,73.78055151577654],[57.330393824084055,73.48490484829607],[56.96043685386921,73.35708960171404],[56.6950903267696,73.42014654751482],[56.26495269249226,73.51473578091326],[55.75743392418171,73.57743414517107]]],[[[60.551714930041086,69.54342230435076],[60.84873488853718,69.71004065151872],[61.030039820177805,69.74060400601091],[61.30434707115437,69.73352392788591],[62.2812719673946,69.7051273214406],[62.85394957969929,69.61560400601091],[63.41231826256062,69.54873999233904],[63.92324355552937,69.45921667690935],[64.87299636314656,69.22766455288591],[65.35536483238484,69.18344458218279],[66.1254988045528,68.99715765591326],[66.58425429771687,68.88553961392107],[67.17168715904499,68.64709814663591],[67.64553669906512,68.4480727275933],[67.82653335045124,68.37205084438982],[68.21540358970906,68.20135077114763],[68.38463118980671,68.17933996792497],[68.48788741539265,68.22421606655779],[69.00261214683796,68.69536932583513],[69.10895064781452,68.83031042690935],[68.69183639000202,68.81454809780779],[68.51176742027546,68.83668097134294],[68.25765517662312,68.94111975308122],[68.09354690025593,69.13594397183122],[68.10592940758015,69.42932470913591],[67.77870467613484,69.55685003872576],[66.88444045494343,69.62308081265154],[66.79896834800984,69.74374731655779],[66.8280363411739,69.81937750454607],[66.9648542733028,69.95582159634294],[67.27720168541218,70.07055243130388],[67.38328841636921,70.13940008755388],[67.42175582359577,70.22343023892107],[67.39824202965046,70.59850653286638],[67.28530410240437,70.70580633755388],[66.7748136849239,70.73557623501482],[66.67020705650593,70.86613043423357],[66.81797316978718,71.10538061733904],[66.9796476692989,71.21384008999529],[67.15545180748249,71.22964819546404],[67.8225431771114,71.4166522848195],[68.31624892662312,71.63485296841326],[68.55076125572468,71.82196386929216],[68.81211379478718,72.09546240444841],[69.05668929527546,72.64471777554216],[69.34311202476765,72.83426245327654],[69.51156142662312,72.80304297085466],[70.21435836265827,72.73346289272966],[70.94033339927937,72.78995092983904],[71.66292098472859,72.83070715542497],[71.97577956627156,72.79976233120622],[72.45530227134968,72.82427557583513],[72.7139997811153,72.76958807583513],[72.85272506187702,72.64393194790544],[72.84480575035359,72.49460943813982],[72.65456679771687,72.11825903530779],[72.4983244271114,71.96181067104997],[71.89781478355671,71.58716162319841],[71.79755691002156,71.43180426235857],[72.13623336265827,71.27759131069841],[72.55498031090046,70.9772449361867],[72.67970565269734,70.823512636382],[72.7742033333614,70.45523413296404],[72.69588759849812,70.35557898159685],[72.43689254234577,70.18696936245622],[72.55148604820515,69.65626104946794],[72.52553084800984,69.06907995815935],[72.64349654625202,68.806911073882],[72.84616378258015,68.63523443813982],[73.30861190269734,68.5165515768117],[73.39412215660359,68.44205053921404],[73.39364913414265,68.38238867397966],[73.17524245689656,68.16592749233904],[72.98776534508015,67.79414709683122],[72.83769515465046,67.64564856167497],[72.48502639244343,67.43782385464372],[71.93047622154499,67.156276308257],[71.64714339683796,67.06732519741716],[71.39950087974812,66.94906958218279],[71.54405501793171,66.71412237759294],[71.34951308677937,66.66239508267107],[70.83993056724812,66.55140265103044],[70.12074569175984,66.7188220846242],[69.79152205894734,66.7549320089406],[69.35537246177937,66.73943670864763],[69.08476546715046,66.68753393765154],[69.17261031578327,66.5482898580617],[69.43512252281452,66.42423590298357],[69.76729873131062,66.32971533413591],[70.47356704185749,66.23597296353044],[70.98342421959187,66.2003894674367],[71.2595320076778,66.22281225796404],[71.79433730552937,66.15806158657732],[72.20881179283406,66.17345770474138],[72.42107680748249,66.3346668111867],[72.55741408775593,66.49599035854997],[73.16545394371296,66.64375647183122],[73.69016555259968,66.86506994839372],[73.81080916832234,66.99035223599138],[73.9845075936153,67.26336248989763],[74.35252669761921,67.40435370083513],[74.74171737144734,67.68622168179216],[74.77064803550984,67.84936865444841],[74.66936019371296,68.10174902554216],[74.39512923668171,68.34698828335466],[74.50497725914265,68.59347876187029],[74.61210921715046,68.63851507778826],[74.91630080650593,68.70638617153826],[75.53720382164265,68.77486761685076],[76.32775405357624,68.77634008999529],[76.66087630699421,68.67222174282732],[77.03982070396687,68.4637714254445],[77.10788253258015,68.11375006313982],[76.95493606041218,67.65331610317888],[77.09069350670124,67.52774389858904],[77.50477889488484,67.432399355132],[78.08904555748249,67.41131170864763],[78.47786239097859,67.478541933257],[78.53574660728718,67.61183508511247],[78.3045759529903,67.69286688442888],[77.94601729820515,67.77371557827654],[77.68886092613484,67.75840338345232],[77.48322585533406,67.802516542632],[77.51418593834187,67.97325476284685],[77.97751906822468,68.14512213345232],[78.00718215416218,68.25683935757341],[77.90906051109577,68.32369574185076],[77.83420089195515,68.4727054464406],[77.63582900474812,68.81619604702654],[77.40597823570515,68.9356189596242],[77.02994826744343,68.97991522427263],[76.53798964927937,69.0840564596242],[76.17751601646687,69.13594397183122],[75.59802535484577,69.21000250454607],[75.18864730308796,69.12659796353044],[74.90170577476765,69.0810047018117],[74.31795791099812,69.16254004116716],[73.91452315758015,69.15427740688982],[73.90792373131062,69.27452429409685],[73.65407851646687,69.75646551724138],[73.79099563072468,70.05221136685076],[74.1222257942989,70.36587866421404],[74.24957564781452,70.5729480611867],[74.18918899009968,70.67260321255388],[73.69797042320515,71.14139898892107],[73.2706632942989,71.372584902007],[73.21685317466999,71.45773657437029],[73.59136489341999,71.7068591939992],[74.13715651939656,71.75452765103044],[74.58655074547077,71.87217291470232],[74.9211531014278,72.02874334927263],[74.99873641441609,72.13043554897966],[75.0745954842403,72.42029150601091],[75.01610854576374,72.71876867886247],[75.11987594078327,72.68748053188982],[75.40757277916218,72.66441687222185],[75.6173429817989,72.62549170132341],[75.66617873619343,72.41353949185076],[75.58253768394734,72.17061956997576],[75.29658034752156,71.89686926479997],[75.22127059410359,71.64770849819841],[75.28428939293171,71.44608648892107],[75.45202926109577,71.32248266812029],[75.67058852623249,71.1991229879445],[76.29318526695515,71.13853033657732],[77.00164321373249,71.06264074917497],[77.73619368980671,71.02547796841326],[78.10473159263874,70.84130438442888],[78.24920943687702,70.83387335415544],[78.60852340172077,70.8499256002492],[78.37160018394734,71.25054510708513],[78.13690474937702,71.3739276754445],[77.28489974449421,71.41880377407732],[76.86612990806843,71.4490238058156],[76.60715011070515,71.518336855132],[76.33285811851765,71.71974524136247],[76.4566984505489,71.86785467739763],[77.07490066002156,71.8923831808156],[77.27492812584187,71.81488379116716],[77.78991988609577,71.77691229458513],[78.12636855552937,71.84759863491716],[78.08573440025593,72.17527350063982],[78.26955703209187,72.2147479879445],[78.64725783775593,72.2623782980031],[79.22255996177937,72.2712894308156],[79.7031584114864,72.17827948208513],[80.33872512291218,72.0076404439992],[80.82826522300984,71.76702459927263],[81.42526534508015,71.61268194790544],[81.67136672447468,71.57430609341326],[82.49135116050984,71.56809576626482],[82.81835463951374,71.64632757778826],[82.88012221763874,71.49126776333513],[82.52887252281452,71.32020147915544],[82.21532729576374,71.20361670132341],[82.10357192466999,70.85644110317888],[82.04561141441609,70.41893347378435],[82.19571975181843,70.3579822408742],[82.50152877281452,70.7111316549367],[82.67546370933796,70.84212835903826],[82.80373671959187,70.81927832241716],[83.07590774009968,70.58175238247576],[83.03633407066609,70.24492987271013],[83.37072280357624,70.33726080532732],[83.67697432945515,70.46026190396013],[83.6571150154903,70.598170839507],[83.5709333748653,70.65170630093279],[83.50470260093952,70.81292303677263],[83.16804793785359,71.18223150845232],[83.25261977623249,71.28285559292497],[83.56109145591999,71.62442358608904],[83.2024259896114,71.82590826626482],[82.8546476692989,71.94214972134294],[82.43625930259968,72.0505863058156],[82.32062056968952,72.22227820034685],[82.02602675865437,72.24522741909685],[81.58525374840046,72.35400732632341],[80.98231795738484,72.44697912808122],[80.84419539879109,72.58019598599138],[80.87170699547077,72.8399921285695],[80.8288679451778,73.01351507778826],[80.46401503990437,73.31357916470232],[80.50051406334187,73.42474707241716],[80.62013534019734,73.49647101040544],[80.83822921226765,73.55255468960466],[81.87746718834187,73.6022220480031],[83.02044204185749,73.61229284878435],[83.97656539390827,73.66978796597185],[84.61605361412312,73.74268683071794],[84.82945540855671,73.59973486538591],[85.0014982552364,73.57619055386247],[85.38118270347859,73.69632300015154],[85.85619643638874,73.82476385708513],[86.49205306480671,73.8738284933156],[86.75694564293171,73.7865711080617],[86.32635024498249,73.63435705776872],[86.12352279136921,73.4511218893117],[86.90497115562702,73.55588873501482],[87.1396818489864,73.6040531026906],[87.56962874840046,73.77212866421404],[87.69079116295124,73.90001257534685],[87.54062179039265,74.09967383022966],[87.39396956871296,74.1794925558156],[86.97762587974812,74.29900702114763],[86.81353286216999,74.43529089565935],[86.81261733482624,74.53988226528826],[86.95832351158406,74.78206213589372],[87.48745253990437,74.96091803188982],[87.92226699302937,75.0598865377492],[89.28468612144734,75.46612127896013],[89.68456557701374,75.5082050191945],[89.79632857750202,75.52443274136247],[90,75.55852850552263],[90,75.60154303188982],[91.6346769661739,75.65272863979997],[92.6705427498653,75.76261480923357],[93.59205916832234,75.88084753628435],[94.30955031822468,76.07406958218279],[94.69433883140827,76.18358191128435],[95.4876814217403,76.16833075161638],[95.96726516197468,76.1692386495656],[96.13936904381062,76.08590277310076],[95.9818220467403,75.90201147671404],[96.65822890709187,75.85330542202654],[97.11641219566609,75.87083014126482],[97.6837263436153,75.95521887417497],[98.28865340660359,76.05653723354997],[98.71624282310749,76.07403906460466],[99.15855697105671,75.99971350308122],[99.46723464439656,75.96692236538591],[99.7794294686153,76.05931433315935],[99.8334074349239,76.2100330221242],[99.77360824058796,76.2853504049367],[99.98323348472859,76.43696936245622],[100.40739730308796,76.47143896694841],[100.83031753013874,76.45540960903826],[101.38946059654499,76.62499579067888],[101.11151412437702,76.8528552877492],[101.16646102379109,77.0057636129445],[101.6904630989864,77.2025867330617],[102.38966659019734,77.37482031460466],[103.39330581138874,77.5577884542531],[103.94659713218952,77.59216650601091],[104.39374068687702,77.56721838589372],[105.0625105233028,77.5685077535695],[105.44954207847859,77.44913824673357],[105.46972945640827,77.32931860562029],[104.78229049156452,77.14876898403826],[104.4851408333614,76.99502905483904],[104.70460799644734,76.92750128384294],[105.52814773033406,76.98001440640154],[106.24293807457234,76.91346319790544],[107.16025832603718,76.94913061733904],[107.24013045738484,76.89837225552263],[107.07137587974812,76.77097662563982],[106.53744033287312,76.56722601528826],[106.40403274009968,76.4322772848195],[107.29075149009968,76.43394812222185],[107.66595748375202,76.44307287808122],[107.77148726890827,76.40122564907732],[108.24447158287312,76.64641913052263],[108.85952285240437,76.64754828091326],[109.6564054817989,76.69128759976091],[109.94024947593952,76.63273199673357],[110.54772475670124,76.64229925747576],[111.42728713463093,76.56807287808122],[112.0571623177364,76.45135840054216],[112.58854964683796,76.25924261685076],[112.82231429527546,76.0588870870656],[113.14887526939656,76.05948980923357],[113.53300765465046,76.0936542379445],[113.7230329842403,75.86883886929216],[113.11340621422077,75.49444922085466],[113.22163680504109,75.43680914517107],[113.62504867027546,75.27267035122576],[112.57712844322468,74.88621100063982],[112.11134627769734,74.78037603970232],[111.58661941002156,74.73096045132341],[110.05470565269734,74.253688417632],[108.69690230797077,73.8194080221242],[108.33986190269734,73.69124182339372],[107.26554397056843,73.52222784634294],[106.20830825279499,73.25850256558122],[105.2788191170528,72.7515369283742],[105.60022262047077,72.74426611538591],[106.08698562095906,72.8553958761281],[106.50154403160359,73.06131323452654],[107.24994185875202,73.13382300015154],[107.80428603599812,73.1427722799367],[108.74962905357624,73.26322516079607],[109.59518722008015,73.39159735317888],[109.99058822105671,73.43995245571794],[110.44228652427937,73.56786688442888],[110.40001967857624,73.74287756558122],[110.17844680259968,73.79822119351091],[110.16323378990437,73.83008917446794],[110.28963759849812,73.9420657980031],[110.55127242515827,74.03844793911638],[110.94413283775593,73.94327124233904],[111.21531203697468,73.76829870815935],[111.49485305259968,73.74487646694841],[111.76165297935749,73.65779455776872],[112.09338668297077,73.63455542202654],[112.47680190513874,73.65914496060076],[112.99697402427937,73.779567323882],[113.22158339927937,73.74810370083513],[113.30773452232624,73.61295660610857],[113.31173995445515,73.38266333218279],[113.54699233482624,73.20093115444841],[114.1866789192989,73.55099829312029],[114.9341154427364,73.56032141323747],[115.61149123619343,73.62520178433122],[116.67113784263874,73.61922796841326],[117.53464797447468,73.54927404995622],[117.91884902427937,73.53409155483904],[118.46038344810749,73.51922949429216],[118.33846572349812,73.18611487026872],[118.49779799888874,73.03624304409685],[119.41744521568562,72.96692999478044],[119.79856399009968,72.91246374722185],[120.11277297447468,72.88152655239763],[120.57851699302937,72.83511694546404],[121.69950393150593,72.9002185689992],[122.24328139732624,72.90912207241716],[122.88243392418171,72.75281103726091],[123.51475051353718,73.17200811978044],[123.44220260093952,73.33018835659685],[123.42497542808796,73.43322332974138],[123.40985396812702,73.48077734585466],[124.22215560386921,73.69691046353044],[124.45666793297077,73.70529516812029],[124.8176603646114,73.658229433257],[125.3346281380489,73.5240741598195],[125.71732619713093,73.39780005093279],[126.48701766441609,73.38340338345232],[127.0968351692989,73.41625555630388],[127.71956160972859,73.4015384542531],[128.31478408287313,73.20751532192888],[128.4988813729122,73.12594183560076],[128.52492812584188,72.9523425924367],[128.29104140709188,72.91247900601091],[128.17055800865438,72.89652594204607],[127.31350234459187,72.71388586636247],[126.2164411873653,72.38231238003435],[126.11130050133015,72.28037603970232],[126.22529891441609,72.24934729214372],[126.69000533531452,72.21892889614763],[127.12090590904499,72.21193274136247],[127.41754439781452,72.14218481655779],[127.71409896324421,72.01011236782732],[128.17013076256063,71.83187445278826],[128.43249038170126,71.75462683315935],[128.78353408287313,71.53804358120622],[129.3552046150997,71.1756854879445],[130.17171767662313,70.81534918423357],[130.7792768807247,70.67834051724138],[131.05480483482626,70.68650396938982],[131.41268447349813,70.86376532192888],[131.79166701744344,71.18792303677263],[132.28361037681844,71.66087683315935],[132.55375197838094,71.80897101040544],[132.6842604012325,71.80141028042497],[132.79061416099813,71.59201391812029],[133.1384077400997,71.45321234341326],[133.74390700767782,71.32284887905779],[134.24135878990438,71.26194342251482],[134.6229048104122,71.30131109829607],[135.51061538170126,71.51182135220232],[135.86063674400594,71.54344519253435],[136.22661879967,71.51315649624529],[136.76502517174032,71.40578039761247],[137.62967971275594,71.07541998501482],[137.77126601646688,71.0988269674367],[137.85494521568563,71.12980230923357],[138.0757856697872,71.24595221157732],[138.17544082115438,71.3620105611867],[138.11381057213094,71.38510473843279],[138.11939528892782,71.47020300503435],[138.44611648033407,71.61027105923357],[138.67487624595907,71.61844977017107],[138.89985183189657,71.50264319058122],[139.15876296470907,71.41796454067888],[139.74447158287313,71.40359839077654],[139.82569411705282,71.62836035366716],[139.73856643150594,71.83789404507341],[139.80597976158407,72.00147589321794],[139.84789565513876,72.23560675259294],[139.33877089927938,72.1643558370656],[139.04995253990438,72.16382177944841],[138.9693403572872,72.2105213033742],[139.1683149666622,72.34379156704607],[139.31179336021688,72.38319738979997],[139.75561049888876,72.42317541714372],[140.2150221199825,72.43185003872576],[140.58907607506063,72.49523504849138],[141.29397109459188,72.78707464810076],[141.40839675377157,72.78729590054216],[142.20023635338094,72.67872198696794],[142.9025221199825,72.617213808257],[143.8188276619747,72.53262671108904],[144.2674360604122,72.50207861538591],[144.56183913658407,72.45562323208513],[145.5999555916622,72.42622717495622],[144.82036879967,72.14334448452654],[145.20955947349813,72.1206775533742],[145.66462233970907,72.16052588101091],[145.81499770592,72.09839972134294],[145.67818740318563,71.92672308560076],[145.2614088387325,71.8403812276906],[144.88077834556844,71.72314795132341],[144.80126479576376,71.5911136495656],[145.10038283775594,71.57618292446794],[145.33378127525594,71.63085516567888],[145.74624160240438,71.69371374722185],[146.18606093834188,71.84209784146013],[146.91512587974813,72.20190008755388],[148.15946486900594,72.19639929409685],[148.69796279381063,72.1661868917531],[149.1044721932247,72.08892401333513],[149.53032973717,72.02736242886247],[149.6225385994747,71.94185980435076],[149.721980127795,71.89520605679216],[148.71085647056844,71.62939795132341],[148.96216872642782,71.56785925503435],[149.71541884849813,71.4376483785695],[150.6937055916622,71.34668310757341],[151.11947158287313,71.25476416226091],[151.4799604744747,71.08581122036638],[151.64484694908407,70.89377936001482],[151.89907363365438,70.73301275845232],[152.1340132088497,70.66443213101091],[152.79058364342,70.68098791714372],[153.40442946861532,70.72815283413591],[153.91649917076376,70.79046972866716],[155.04923537681844,70.9385486471242],[156.04317763756063,70.98655279751482],[157.3964186043575,70.927516542632],[158.07795241783407,70.86731299038591],[158.4086714119747,70.81418951626482],[158.93413833092,70.62346991177263],[159.22921279381063,70.54745062466326],[159.46557143638876,70.39498480435076],[159.6279096932247,70.21980627651872],[159.57267287681844,69.99896582241716],[159.44381240318563,69.76456030483904],[159.6729536385372,69.6519275533742],[160.01661208580282,69.62243231411638],[160.392390284045,69.61560400601091],[160.68160537193563,69.57847937222185],[160.67403701256063,69.27026709194841],[160.86234572838094,69.08311804409685],[161.17081740806844,69.15864904995622],[161.41610244224813,69.35423620815935],[161.96099379967,69.52816351528826],[162.11776259849813,69.55855902310076],[162.27485183189657,69.5362811910695],[163.03823378990438,69.54520758267107],[163.72240737388876,69.6744876730031],[164.0536909432247,69.66003759976091],[164.318171534045,69.46485479946794],[164.63646987388876,69.41282232876482],[165.33014968345907,69.40657385464372],[166.30924514244344,69.37832983608904],[166.70035842369344,69.43165930386247],[167.32007888267782,69.65857275601091],[167.503230127795,69.56856115933122],[167.9216108650997,69.32873877163591],[168.09997085045126,69.23150213833513],[168.59241774986532,69.11246069546404],[168.9860639900997,68.96339758511247],[169.1132154793575,68.784205995757],[169.3886061043575,68.71748694058122],[170.08889296959188,68.77854498501482],[170.83280471275594,68.9219470846242],[170.90487197349813,69.03432043667497],[170.79320815513876,69.18400152798357],[170.43130019615438,69.55891760464372],[170.05626967857626,69.61091955776872],[170.23629287193563,69.76195105190935],[170.45170119713094,70.0192142355031],[171.30224135826376,69.97523077603044],[171.84838393638876,69.93847998257341],[172.35924819420126,69.9092288839406],[172.90816787193563,69.8347659933156],[173.0082807869747,69.69170721646013],[173.6366529793575,69.76070746060076],[174.57445815513876,69.7850604879445],[175.61097243736532,69.77942999478044],[176.19217971275594,69.71265753384294],[176.54601577232626,69.62294348354997],[177.07915786217,69.53360327358904],[177.70499709556844,69.48964270229997],[178.04284194420126,69.40761145229997],[178.62885573814657,69.25851782437029],[178.96496108482626,69.22913702603044],[179.28148940513876,69.14725836392107],[180,68.91989477749529],[180,67.96313055630388],[180,66.96313055630388],[180,65.96313055630388],[180,65.38163336392107],[180,65.31103094692888],[180,65.05193670864763],[180,64.95347937222185],[179.30910781334188,64.78647192593279],[179.0159712166622,64.77292975063982],[178.72602370689657,64.60632666226091],[178.47384170006063,64.57721289272966],[178.00438979576376,64.54774054165544],[177.84412673424032,64.58320959683122],[177.42666152427938,64.6067386495656],[177.37353042076376,64.76135595913591],[177.25146010826376,64.8561054098195],[177.02625564049032,64.84421881313982],[177.13465407799032,64.9274402486867],[176.71245864342,64.78165777798357],[176.33170607994344,64.77292975063982],[176.18017104576376,64.8679920064992],[175.96505263756063,64.90365942593279],[176.15595534752157,64.6779285299367],[175.89977553795126,64.54742773647966],[176.0440473885372,64.50115545864763],[176.46778396080282,64.4089847433156],[176.753230127795,64.57114752407732],[176.9305219979122,64.5528827535695],[177.08159926842,64.51739843960466],[177.08158400963094,64.30297430630388],[177.19323256920126,64.2103534566945],[177.53472426842,64.08968695278826],[178.01113418052938,64.19211157437029],[177.8134107918575,64.0474353658742],[178.14725783775594,64.15663488979997],[178.17650893638876,64.0053211080617],[178.28776076744344,63.91291388149919],[178.37162307213094,63.749381624419115],[178.40261367271688,63.66409262295427],[178.07767775963094,63.42905005093279],[178.34437087486532,63.45795782681169],[178.50112441490438,63.380187593657396],[178.71395400474813,63.153731905180834],[178.93949416588094,63.08333548184099],[179.00428298424032,62.970199190337084],[178.93163588951376,62.765067659575365],[179.2876997322872,62.81507834072771],[179.23177627037313,62.63853796597185],[179.2421675057247,62.52569922085466],[179.0487623543575,62.3913951742238],[178.73766616295126,62.29927023525896],[178.45186904381063,62.31985434170427],[178.25026992271688,62.382873140532396],[177.69097426842,62.45226629849138],[177.29084304283407,62.48678549404802],[177.1348677010372,62.5499645101613],[177.19034865806844,62.67001303311052],[176.96834853599813,62.69078405972185],[176.83198073814657,62.676410280424975],[176.5805006356075,62.42905005093279],[176.54911330650594,62.3796878683156],[175.17263320396688,61.96908529873552],[174.65267470787313,61.89086493130388],[174.54230788658407,61.89065512295427],[174.34871962974813,61.79903372402849],[174.25043776939657,61.71468313809099],[173.92676833580282,61.61596258755388],[173.48090651939657,61.601100527007006],[173.342585596545,61.55182226772966],[173.12633803795126,61.36941488857927],[172.91828444908407,61.278129183012865],[172.49244216392782,61.263324342924975],[172.10816482017782,60.98328360195818],[172.00008681724813,60.85757406826677],[171.24840835045126,60.65417822476091],[171.07238295982626,60.45214422817888],[170.51969436119344,60.33994253750505],[170.33680251549032,60.27710302944841],[170.26842788170126,60.14513739224138],[170.2730512947872,60.01343115444841],[170.06013015220907,59.881801210600756],[169.87749770592,59.8745609151906],[169.61364272545126,60.01220282192888],[169.53161147545126,60.12989386196794],[169.45571425865438,60.29626806851091],[169.15412429283407,60.43464239712419],[168.6707563729122,60.45457800503435],[168.21090224693563,60.432860933501146],[167.68961623619344,60.35544928188982],[167.1039839119747,60.27102621670427],[166.86841872642782,60.17341574307146],[166.26851943443563,59.833278261382006],[166.02721694420126,59.70872076626482],[165.94497207115438,59.77061041470232],[166.203425440295,60.35263785000505],[165.95633986900594,60.31051596279802],[165.77999404381063,60.35411413784685],[165.4153852791622,60.11518820400896],[165.11359694908407,60.03144034023943],[164.9329634041622,59.96187552090349],[164.8815718025997,59.73413809414568],[164.58460524986532,59.66465338345232],[164.44190505455282,59.74018820400896],[164.3280592293575,59.96072729702654],[164.1105299324825,60.07820852871599],[163.64969924400594,59.79202231045427],[163.7668257088497,59.88375815029802],[163.51627639244344,59.85569342251482],[163.38868239830282,59.81406363125505],[163.10639480064657,59.57917364712419],[163.0429029793575,59.462001405913256],[163.09977248619344,59.35886725063982],[163.25451186607626,59.29037436123552],[162.83521560142782,59.055907808501146],[162.75344375084188,58.96646460171404],[162.9074049324825,58.891280733305834],[162.6159010262325,58.732963167387865],[162.22001174400594,58.48553045864763],[161.9384107918575,58.25918539639177],[161.80436232994344,58.1017223226613],[161.79993728111532,57.86273535366716],[161.98922255943563,57.71985205288591],[162.20365432213094,57.67936285610857],[162.8256635994747,57.700980745512865],[163.07837966392782,57.62649878140154],[163.12783339927938,57.55162390347185],[162.93203261802938,57.37424048062029],[162.59327224205282,57.169540010649584],[162.51240066002157,57.033492647368334],[162.61281875084188,56.802882753569506],[162.74430373619344,56.59970816250505],[163.09797194908407,56.55972632046404],[163.17226699302938,56.383815370757006],[163.1659956307247,56.106498323637865],[163.00907424400594,55.94406851406755],[162.77128127525594,55.91659506436052],[162.55463698814657,56.01072271938982],[162.54719069908407,56.10531576748552],[162.72187331627157,56.34234961147966],[162.52181533287313,56.34873541470232],[162.31757644127157,56.24010046597185],[161.86132338951376,55.86087378140154],[161.60943129967,55.55691488857927],[161.502741846545,55.287372194487475],[161.64737990806844,54.985091768462084],[161.93853286217,54.84510000820818],[162.00820449302938,54.73822363491716],[161.87586501549032,54.56412848110857],[161.56661513756063,54.42324026699724],[161.13636306236532,54.40906866665544],[160.83759597252157,54.448566042143725],[160.682917627795,54.4482799398488],[160.40430739830282,54.36758764858904],[160.02738479088094,54.15326651211443],[159.93114760826376,54.086356722075365],[159.69506362388876,53.85922583218279],[159.63321975181844,53.70584448452654],[159.68349746177938,53.579433046538256],[159.9047651619747,53.40018042202654],[159.92208388756063,53.300468050200365],[159.89686110924032,53.24057730313005],[159.59176162193563,53.133624635893725],[159.31981948326376,53.12647207852068],[158.78814223717,52.95936545010271],[158.4613600106075,52.82596167202654],[158.43166640709188,52.71308477993669],[158.46236709068563,52.58713873501482],[158.3895063729122,52.2026859151906],[158.25802138756063,52.01712378140154],[157.89777663658407,51.66602285977068],[157.20952895592,51.229003511626146],[156.8246412606075,51.00411947842302],[156.69637587974813,50.957748018462084],[156.56373122642782,51.234359346587084],[156.47469619224813,51.603820406157396],[156.36185744713094,51.914237581450365],[156.3332319588497,52.27155645962419],[156.17524245689657,52.60925634976091],[156.03809646080282,52.78148993130388],[155.94184401939657,53.193080507475756],[155.7107954354122,53.80493887539568],[155.70746901939657,54.06495245571794],[155.63807204674032,54.3184085714406],[155.630183252795,54.465350710112475],[155.58306411217,54.55207403774919],[155.46520522545126,54.91977270718279],[155.4534712166622,55.27581366177263],[155.50568679283407,55.63962133999529],[155.62757399986532,56.26791723843279],[155.70299819420126,56.36959799404802],[156.23583510826376,56.756827913481615],[156.55787185142782,56.94747122402849],[156.8146772713497,57.26057013149919],[156.87765029381063,57.36274298306169],[156.83948806236532,57.50565680142107],[156.77685073326376,57.58045538540544],[157.5111646981075,57.74545248623552],[157.96169570396688,57.88275869961443],[158.32625869224813,58.026820741850756],[159.10428908775594,58.424884401518725],[159.39269545982626,58.610351167876146],[159.5862837166622,58.80267675991716],[159.64911941002157,58.95374640103044],[160.45193007896688,59.35388907070818],[160.84424880455282,59.554244600493334],[161.53524306724813,59.9416881429738],[161.70084670494344,60.07350882168474],[161.81792739342,60.2679935323781],[162.38112929771688,60.46357306118669],[163.32929519127157,60.69494970913591],[163.4448042244747,60.89026602383318],[163.7926588387325,61.128192506987475],[163.83137038658407,61.23308905239763],[163.57572463463094,61.330470644194506],[163.94228652427938,61.73741491909685],[163.9258833260372,61.955001436430834],[164.00829604576376,62.1308971273488],[164.2772016854122,62.22288092251482],[165.0547895760372,62.25954397793474],[165.28571608970907,62.2881351339406],[165.06716445396688,62.435687624174975],[164.1376753182247,62.532653413969896],[163.81841567467,62.489738069731615],[163.34025100181844,62.411300264555834],[162.99024489830282,62.32608374233904],[163.00915053795126,62.17827948208513],[162.71056655357626,61.76318701382341],[162.76685622642782,61.67209967251482],[162.74877456138876,61.60898550625505],[162.4506178231075,61.559379183012865],[162.23524001549032,61.5099254476613],[161.53577712486532,61.1868167745656],[160.64498427818563,60.71775396938982],[160.11884597252157,60.563624941069506],[160.00710586021688,60.59125097866716],[160.07699111412313,60.7375865804738],[160.23559096763876,60.94700964565935],[159.81551650474813,60.98108252163591],[159.7435102791622,61.099635683257006],[159.8568678231075,61.30249746914568],[160.05623916099813,61.51285132046404],[160.1493482918575,61.66016729946794],[160.11825087974813,61.75127752896013],[159.9658003182247,61.765040956694506],[159.45463088463094,61.56075247402849],[159.2310591072872,61.546310030180834],[159.1064253182247,61.70729025479021],[158.84125808189657,61.78396948452654],[158.11835769127157,61.719474397856615],[157.52826980064657,61.66927298184099],[157.09798720787313,61.63339956875505],[156.82523635338094,61.56281241055193],[156.423152002795,61.40100439663591],[156.38117507408407,61.20508154507341],[156.4184370369747,61.121329866606615],[155.8507643074825,60.88296850796404],[155.6666822762325,60.778041444975756],[155.73389724205282,60.55536612148943],[155.15180495689657,60.39435156460466],[154.69332412193563,60.199019991118334],[154.3156538338497,59.98334845181169],[154.09215835045126,59.775878511626146],[153.9429731697872,59.56882818813982],[153.94446853111532,59.39667852993669],[154.18178847740438,59.30077704067888],[154.75280288170126,59.28121908779802],[154.87804702232626,59.15770300503435],[154.90589431236532,59.102767549712084],[154.38708022545126,59.03995092983904],[153.92443374107626,58.922347627837084],[153.45414260338094,58.94891699429216],[153.13988784263876,59.010123811919115],[152.9682417244747,58.99606665249529],[152.82833388756063,58.947738252837084],[152.504206690295,58.76871832485857],[152.19124892662313,58.9259410726613],[151.6906538338497,58.75345953579607],[151.35448745201376,58.691119753081225],[151.13540175865438,58.73182638760271],[151.00748732994344,58.79334219570818],[151.05617812584188,58.923812471587084],[151.3926802010372,58.97937353726091],[151.7833052010372,59.03504904385271],[151.85726455162313,59.055812441069506],[151.52360061119344,59.34394415493669],[151.14020827720907,59.43957098599138],[150.66341689537313,59.4318004476613],[150.27865127037313,59.36224707241716],[150.12006667564657,59.3894534933156],[149.72957900474813,59.595328890044115],[149.3803053231075,59.60845526333513],[149.04528335045126,59.58715399380388],[148.7284498543575,59.476337038237475],[148.74720290611532,59.29743155117693],[148.63029006431844,59.19402655239763],[148.41608718345907,59.09739264126482],[148.10282424400594,59.20679815884294],[147.91918471763876,59.261474214751146],[147.3522291512325,59.23288687344255],[146.99962905357626,59.19095953579607],[146.7064009041622,59.22479590054216],[146.3073530525997,59.28595312710466],[146.05396560142782,59.25107153530779],[146.02347854088094,59.19599493618669],[145.9569654793575,58.98285635586443],[145.65258315513876,58.97540625210466],[145.5127973885372,59.03694876309099],[145.49566176842,59.20875128384294],[145.40413955162313,59.32550390835466],[144.84569838951376,59.283195100981615],[144.38981154869344,59.309859834868334],[143.82409194420126,59.29501303311052],[143.30285170982626,59.2665286886281],[142.92681411217,59.27957113857927],[142.84585097740438,59.27252539272966],[142.3577680916622,59.140956484038256],[141.92383864830282,58.94089468594255],[141.59083083580282,58.727531038481615],[141.34955886314657,58.50086554165544],[140.99425795982626,58.39063223477068],[140.58739760826376,58.239310823637865],[140.49984267662313,58.17075689907732],[140.0287428231075,57.64412649746599],[139.29383376549032,57.33617743130388],[138.86675551842,57.12446554775896],[138.3459272713497,56.80420645352068],[137.60193923424032,56.240348421294115],[137.22909072349813,55.98272284146013],[136.52126601646688,55.5898929464406],[136.11939528892782,55.420646272856615],[135.26954177330282,55.02874334927263],[134.98522475670126,54.853934847075365],[134.8937330574825,54.71992453213396],[134.90200332115438,54.55941732998552],[135.09450820396688,54.432784639555834],[135.31255629967,54.413165651518725],[135.72582534263876,54.4072643148488],[136.19642165611532,54.47499807949724],[136.49160293052938,54.4554935323781],[136.34353164146688,53.88782843228044],[136.35065749595907,53.70121344204607],[136.48705581138876,53.65484198208513],[126.43676989997174,54.917240104841824],[118.10962183723511,56.89317354345729],[109.07678326070727,57.59886405724852],[102.58571378556123,57.29554305373703],[93.97500626557478,56.89317354345729],[85.08330579180519,58.16341646828151],[77.03843393458506,61.974145242754204],[75.23862977019192,62.1341278351447],[74.37151298221869,63.07895426139875],[72.36169195612237,62.93862149326707],[70.97027739959411,64.244828715124],[68.80585475610576,62.58482668706595],[67.88991846882351,61.685134720858215],[61.881311869731036,59.85168020098963],[62.66184188574522,61.10052822661235],[60.93412307223437,68.8150821551836],[60.7562742563164,68.67254980655079],[60.51208404025195,68.58985479922657],[60.07908919772265,68.61895330996876],[59.92537597140429,68.58127173037892],[59.89204696139453,68.40200384707813],[59.76234725436328,68.29738958926563],[59.501860651580074,68.28942450137501],[59.217661890593746,68.34854467959767],[59.119788202849605,68.39309271426563],[59.06195739230273,68.49748571963673],[59.06195739232443,68.4974857196522],[59.119788202746165,68.393092714507],[59.217661890490305,68.34854467983904],[59.50186065147663,68.28942450161638],[59.762347254259836,68.297389589507],[59.892046961291086,68.4020038473195],[59.92537597130085,68.58127173062029],[60.07908919761921,68.61895331021013],[60.51208404014851,68.58985479946794],[60.75627425621296,68.67254980679216],[60.93412307213093,68.81508215542497],[60.98595717857624,69.00259741421404],[60.36923507164265,69.46769293423357],[60.551714930041086,69.54342230435076]]]]}},{"type":"Feature","properties":{"name":"Crimean Khanate","subject":"Ottoman Empire","partOf":"Ottoman Empire","borderPrecision":1,"color":"#8f9a74"},"geometry":{"type":"MultiPolygon","coordinates":[[[[31.976573287018795,46.83560999419158],[32.015519928839865,46.88074909592444],[36.07009119029129,47.89812809597303],[37.50182567918726,48.4411997986577],[37.69930629834532,48.93490134655286],[38.13611358684011,49.04904202943989],[40.02647141522063,49.080365976747565],[42.586951622507385,50.909707538133496],[43.67309502787673,50.86033738334398],[44.364277194929954,49.42860289444802],[42.524167467140586,47.0509879345626],[42.411475854041285,46.726817802961186],[41.30960614170756,43.55716533432493],[41.12255385836718,43.019088350251955],[40.969336542693355,43.07665976138477],[40.55709365328906,43.14658697696094],[40.251616510955074,43.268184267],[40.09806350192187,43.37755163760547],[39.458689722624996,43.832931123689455],[38.92371276339648,44.21186026187305],[38.5560903879082,44.38509710879688],[38.27700332125781,44.42320593448047],[38.10918334445117,44.49377401919727],[37.880373987761715,44.71894796939258],[37.774050745574215,44.74454077334766],[37.62174514254687,44.67330893130664],[37.47389129122851,44.692359529451174],[37.31793883761523,44.92420919986133],[36.959868464080074,45.22735556216602],[37.22774795016406,45.3120189532793],[37.46097091158984,45.312476716951174],[37.661265406218746,45.345233522371096],[37.70609572848437,45.57840307803516],[37.86787703951953,45.79251440616016],[37.98994353732226,46.00666006656055],[38.22715285739062,46.020091615632815],[38.45897963961718,46.07891424746875],[38.26491454562304,46.31855734439258],[37.97017196139453,46.44128378482227],[37.75709823092578,46.60319098086719],[37.86659911593554,46.65535696597461],[38.031863245574215,46.66868170352344],[38.401091608611324,46.721351228669924],[38.72273925265429,46.87792166324024],[39.282359156218746,47.07403143496875],[39.194094690886715,47.24295004458789],[39.159853968230465,47.26889380069141],[38.80024627169726,47.22916754336719],[38.209727320281246,47.15045889468555],[37.85925200900195,47.103744111970705],[37.42214492282031,47.076881013826174],[37.19263366183398,46.894420228914065],[36.86455825289843,46.80929144473438],[36.35396865328906,46.77579840274219],[35.85055831393359,46.66439016909961],[35.624331507292965,46.521060548738284],[35.41610244235156,46.49468954654102],[35.21237472018359,46.63714178653125],[35.04636672457812,46.357650361970705],[34.906809839812496,46.273021303132815],[34.69234755953906,46.25312765689258],[34.4956541391289,46.27870138736133],[34.06421569308398,46.26487310977344],[33.83908370455859,46.19305380435352],[34.1272573800957,46.06389959903125],[35.00805190524218,45.6119457110918],[35.031897577849605,45.53427466006641],[34.99001220187304,45.450015626863284],[35.063418421355465,45.340098939851565],[35.31667617282031,45.32118185611133],[35.54621795138476,45.379893861726565],[35.84976485690234,45.445228181794924],[36.32316497286914,45.43969687075977],[36.52104857882617,45.38828619571094],[36.41513350924609,45.27157171817188],[36.3671141000664,45.161483369783205],[36.26475432833789,45.09658773990039],[36.0046987863457,45.04433401675586],[35.865454706755855,45.03111990542774],[35.59955504855273,45.10174139590625],[35.386660608855465,45.08192404361133],[35.0673208566582,44.86172445865039],[34.61416152438281,44.841468416169924],[34.3722410531914,44.75717505069141],[34.13495543917773,44.53749807925586],[34.01372436007617,44.49212225528125],[33.66015532931445,44.523658357576174],[33.39549544772265,44.60049017520313],[33.55937865695117,44.93613775821094],[33.516673121062496,45.12350805850391],[33.39787200411914,45.2526813373125],[33.013491663542965,45.38137014956836],[32.92628768405078,45.387672029451174],[32.64344695529101,45.380633912996096],[32.57530120333789,45.36108358950977],[32.50324157199023,45.44510229678516],[32.902258905974605,45.67258032412891],[33.19164946993945,45.78977545352344],[33.539458307830074,45.874713502839846],[33.63883880099414,45.92677267642383],[33.52794555148242,46.13406332583789],[33.33253386935351,46.16611059756641],[32.97293380221484,46.14594992251758],[32.51644423922656,46.12558325381641],[32.20216659030078,46.170360170320315],[32.114104303923824,46.215621553376955],[31.92594054659961,46.409930787996096],[32.188792261687496,46.59223898501758],[31.976573287018795,46.83560999419158]]]]}},{"type":"Feature","properties":{"name":"Britany","subject":"Britany","partOf":"Britany","borderPrecision":1,"color":"#b69578"},"geometry":{"type":"MultiPolygon","coordinates":[[[[-1.999109269065851,48.67695685862887],[-1.75196905427781,48.17821145459153],[-2.010361521016347,47.745650369834415],[-2.575529757440609,47.32396831560688],[-2.576483931931275,47.324866853669924],[-2.465543475540894,47.49438437075977],[-2.613652196320313,47.572249971345705],[-2.842474189194458,47.49190481753711],[-3.062696423920411,47.60393866153125],[-3.433526244553345,47.71681173892383],[-3.711868014725464,47.79814871402149],[-3.858102050217408,47.79180868716602],[-3.954837766083497,47.90433844180469],[-4.364373650940674,47.82931097598438],[-4.390935388001221,47.94184836001758],[-4.510127511414307,47.99813040347461],[-4.675397363098877,48.01689489932422],[-4.700306382569092,48.06380423159961],[-4.312866177948731,48.10133322329883],[-4.350984063538331,48.204566560701174],[-4.587968316468018,48.25149496646289],[-4.388901677521485,48.298438631013674],[-4.350201573761719,48.390506349519534],[-4.473793950470704,48.382937990144534],[-4.592021432312745,48.392318330720705],[-4.779634442719239,48.354774080232424],[-4.761963334473389,48.55200155825977],[-4.625704255493897,48.546668611482424],[-4.488299336823243,48.61226614566211],[-4.251477208527344,48.65191229434375],[-3.998872962387818,48.73053701968555],[-3.902217355164307,48.64596136660938],[-3.821306434067505,48.721149049714846],[-3.607873406800049,48.692950807527346],[-3.557670083435791,48.810077272371096],[-3.435057845505494,48.83645971866016],[-3.091225352677125,48.87155111880664],[-2.914459433945435,48.70678671450977],[-2.79053541699292,48.58958014102344],[-2.636378016861695,48.55200155825977],[-2.342885461243409,48.67414816470508],[-2.200072136315125,48.598983369783205],[-2.07596763649823,48.65615805240039],[-1.999109269065851,48.67695685862887]]]]}},{"type":"Feature","properties":{"name":"Khanate of Sibir","subject":"Khanate of Sibir","partOf":"Khanate of Sibir","borderPrecision":1,"color":"#8b7fa6"},"geometry":{"type":"MultiPolygon","coordinates":[[[[70.97027739959411,64.244828715124],[72.36169195612237,62.93862149326707],[74.37151298221869,63.07895426139875],[75.23862977019192,62.1341278351447],[75.66408415320137,58.61500359769926],[78.39786864332953,58.58887058703125],[82.53616626600059,57.08035531913417],[79.3007699428214,54.399005245635244],[78.80450682888119,54.39358501806853],[68.59135730718171,54.282036137997714],[64.67878500938362,55.97380969520192],[64.2273343596377,57.66184452184806],[64.63161108652106,58.48461409950466],[67.88991846882351,61.685134720858215],[68.80585475610576,62.58482668706595],[70.97027739959411,64.244828715124]]]]}},{"type":"Feature","properties":{"name":"Chagatai Khanate","subject":"Chagatai Khanate","partOf":"Chagatai Khanate","borderPrecision":1,"color":"#739b91"},"geometry":{"type":"MultiPolygon","coordinates":[[[[102.58571378556123,57.29554305373703],[109.07678326070727,57.59886405724852],[118.10962183723511,56.89317354345729],[126.43676989997174,54.917240104841824],[136.48705581042677,53.654841982205966],[136.48705581149218,53.65484198184375],[136.770213160125,53.695357881501955],[137.04065993746875,53.86247976870899],[137.38286879977343,53.80980642886524],[137.3257551523125,53.74305685611133],[137.1217298837578,53.58943899722461],[137.0713148446953,53.48947104068164],[137.23923781832812,53.45651587100391],[137.9793958993828,53.464583955720705],[138.2340345712578,53.57158621402149],[138.40946486910937,53.80512198062305],[138.41680434664843,54.09191092105274],[138.76041701754687,54.08589132876758],[139.0516615243828,54.08645971866016],[139.37804702242968,54.080394350007815],[139.80591872653125,53.96114691348438],[140.10245803317187,53.80170401187305],[140.32129958590625,53.535647951082034],[140.70232680758593,53.2768627032793],[140.89365676364062,53.197433076814455],[141.12119582614062,53.051631532625],[141.0896711679375,52.98512228579883],[140.8281965585625,52.82524832339649],[141.03197768649218,52.72607382388477],[141.09054091891406,52.586864076570315],[140.93949416598437,52.26177176089649],[141.16062453707812,52.209205232576174],[141.25706008395312,52.10346182437305],[141.12632277926562,51.871619783357424],[140.96988967379687,51.69279821963672],[140.73028090914843,51.441302858308596],[140.40453628024218,50.82738455386524],[140.32349685153125,50.51783712954883],[140.34884170016406,50.41921957583789],[140.45699599703906,50.103988252595705],[140.37220290621875,49.691279970125],[140.32822707614062,49.35787924380664],[140.14658645114062,48.72439535708789],[140.08100417575,48.50260504336719],[139.21370986422656,47.81061514468555],[139.04668715914843,47.615150056794924],[138.9492903085625,47.322425447419924],[138.68499282321093,47.13351400943164],[138.35157302340625,46.87316092105274],[138.24288466891406,46.710704408601565],[137.98462966403125,46.269290529207034],[137.72051528414843,45.996680818513674],[137.29691604098437,45.64631613345508],[136.49410537203906,44.96602972598438],[136.2850599618828,44.75304373355274],[136.17924025973437,44.54676779361133],[136.03397658785937,44.39840658755664],[135.69280532321093,44.22396811099414],[135.41475966891406,44.03683050723438],[135.15606215914843,43.72116430850391],[134.9624281259453,43.51504477115039],[134.56858352145312,43.21221502871875],[134.1389417978203,42.99295385928516],[133.31200698336718,42.77939184756641],[132.95279983004687,42.669540010408205],[132.82735732516406,42.86189993472461],[132.594431910125,42.899974428132815],[132.48473647555468,42.88049276919727],[132.33309462985156,42.96368368716602],[132.1817884775078,43.19463690371875],[131.88309768160937,43.071979127839846],[131.67460158785937,43.02660330386524],[131.86515334567187,43.290381990388674],[119.60429468774207,42.029571993653185],[102.92628881258447,39.01838997027853],[99.27761667761577,38.981719898570304],[95.59231787121342,38.94468171961149],[95.15006836721116,37.69164145827171],[95.51860962054639,37.10197545293535],[91.68578058586002,36.36489294626489],[90,36.51230944759898],[89.91678256985091,35.996351692929665],[90,35.627810439594434],[89.91678256985091,35.18556093559216],[86.82103604183499,35.11185268492512],[82.69337400448043,34.74331143158989],[79.48438568488393,34.83163221102832],[77.9775895576193,34.873103664072296],[75.91329360043905,34.9299191491323],[75.33261849162987,34.945901032860995],[74.65917468177244,34.96443618359102],[72.02654188250249,35.60796864563479],[71.34230340175539,35.775226940928526],[68.57842650276659,37.12842877446031],[65.07710209505649,39.53434772494786],[64.5310697758558,40.1531843533753],[68.22752273894962,42.24242135981991],[74.06566582475763,45.542142661719026],[77.18128826938226,46.782874312556444],[85.51557830875312,48.41095961683674],[87.77440458110598,49.282314738781025],[87.20627555014318,49.60604875570896],[102.58571378556123,57.29554305373703]]]]}},{"type":"Feature","properties":{"name":"Sámi","subject":"Sámi","partOf":"Sámi","borderPrecision":1,"color":"#8f9a74"},"geometry":{"type":"MultiPolygon","coordinates":[[[[20.15765098055957,69.74782904239063],[20.286376032439453,69.7859073504961],[20.358317408171875,69.71038397403126],[20.278164896575195,69.58179052920704],[20.19650367220996,69.31769140811329],[20.552685770598632,69.52190741153126],[20.73393920382617,69.77918585391407],[21.1027269693291,69.81769140811329],[21.41196349581836,70.01541479678517],[21.608561548796875,69.9625430926836],[21.90807250460742,69.80404242129688],[22.163310083953125,70.09311255069142],[22.30644896945117,70.2156177386797],[22.745574030486328,70.17060431094532],[23.203606638518554,69.94277533145313],[23.292468103972656,70.01129492373829],[23.508408579436523,70.2790714129961],[23.82728866061328,70.47883947940235],[23.954854044524414,70.50205572696095],[24.207715067473632,70.47186621280079],[24.359614405242187,70.61029394717579],[24.570508036223632,70.74138220401173],[24.84903815707324,70.82660254092579],[25.389031443206054,70.90462835879688],[25.83205512484668,70.89776190371876],[25.230692896453125,70.55818518252735],[25.122424158660156,70.43524511905079],[25.07408050021289,70.14438208194142],[25.26302436312793,70.10654791446095],[25.5740404458916,70.36713751407032],[26.262717279998046,70.79074438662892],[26.6065168710625,70.91462286563282],[26.619105372039062,70.79908331485157],[26.61742309054492,70.39204748721485],[26.93435004672168,70.46928747744923],[27.13108161410449,70.57707556338673],[27.516011271086914,70.97030981631642],[27.947543177214843,71.01741369815235],[28.21115973910449,71.01790960879688],[28.30841353854297,70.9486499652422],[28.136439356414062,70.83272894473438],[27.985291514006835,70.71700628848438],[28.018929514495117,70.60945471377735],[27.875399622527343,70.42505987735157],[28.28972533663867,70.3722110614336],[28.38890746554492,70.57175024600392],[28.794812235442382,70.86477240176563],[28.98433783969043,70.85741003604298],[29.741230997649414,70.60498388858204],[30.041438135710937,70.54413946719532],[30.461960825530273,70.5372501239336],[30.75420287570117,70.43041571231251],[30.798840555754882,70.30796393008595],[30.251879725066406,70.1311450824297],[29.734896692839843,70.11489447207813],[28.73008063754199,70.13592871280079],[28.817093882170898,70.0979190692461],[29.08001998385547,69.96123083682423],[29.55593207797168,69.83340033145313],[29.728575739470703,69.69756659121876],[30.055806192961914,69.72085913272267],[30.361294779387695,69.76681097598438],[30.735358271208984,69.7523609027422],[31.0537824960625,69.63959082217579],[31.33127501925586,69.6627612933672],[31.782200846282226,69.7770191058672],[32.07155898532031,69.88349493594532],[32.07601073702929,69.81535681338673],[32.190562281218746,69.64171179385548],[32.35172561129687,69.51367529483204],[32.59630874117968,69.42361792178517],[33.00963118991015,69.38669165225392],[33.2805662485039,69.34201391787892],[33.3156004281914,69.07128485293751],[33.62837508639453,69.21468695254688],[33.81804564913867,69.19247778506642],[34.30514815768359,69.17082556338673],[34.698889765349605,69.16405066104298],[34.93413833102343,69.14944037051563],[35.436553034392574,69.15035589785938],[36.018279108611324,69.02370794864063],[37.24586394747851,68.7934985980547],[37.68857863864062,68.62961157412892],[38.406443628874996,68.2426944598711],[38.66845229586718,68.14634283633595],[39.33470824679492,68.03593786807423],[39.91807082614062,67.94037970157032],[40.826052698699215,67.66004522891407],[40.973391565886715,67.53437384219532],[40.95082763156054,67.33465918155079],[41.01687148532031,67.20186194033985],[41.20882705172656,67.06946142764454],[41.2552976938164,66.93697699160938],[41.14697173556445,66.7822681293047],[40.83637908419726,66.56139715762501],[40.34514907321093,66.3186450824297],[39.97752288302539,66.20091589541798],[39.19002822360156,66.03870733828907],[38.78211120089648,66.00145300479298],[38.04786971530078,66.00737341494923],[37.42243102511523,66.09382208438282],[36.505225214568355,66.17248877139454],[35.77174666842578,66.25886877627735],[35.16772368868945,66.41150244326954],[34.15295318087695,66.62963446231251],[33.65127852877734,66.68010290713673],[33.43749144991992,66.70173987002735],[33.157725367156246,66.91447790713673],[32.99095061740039,66.98781927676563],[32.64433959445117,67.04610022158985],[31.245854748797644,67.63635754560138],[27.097785861305503,66.83350550286096],[26.479310468661392,65.57182595213246],[26.428742492355155,65.62922743875035],[25.62589044961474,66.69969682907089],[21.87924758349281,66.96731417665103],[18.534030738741084,66.43207948149077],[18.400222064951013,67.23493152423117],[18.958706888762695,68.29369696231251],[19.821213755217773,69.36973150821095],[20.15765098055957,69.74782904239063]]]]}},{"type":"Feature","properties":{"name":"White Horde","subject":"White Horde","partOf":"White Horde","borderPrecision":1,"color":"#b3a46e"},"geometry":{"type":"MultiPolygon","coordinates":[[[[68.22752273894962,42.24242135981991],[66.66606251877415,44.42658302668195],[61.27115266643268,46.25556180691702],[61.28909179746724,46.29524131783685],[61.36805895697736,46.35522636912424],[61.56152849777715,46.59722199905923],[61.654314910201485,46.76888604094127],[61.46578081687108,46.76685770303427],[61.31278194532028,46.681937132565],[61.24960821771218,46.61146341148169],[61.123260762496,46.56533479526449],[60.938085937500006,46.48984375],[60.84619140625,46.524365234375],[60.799414062500006,46.568994140624994],[60.78310546875002,46.632666015625],[60.858720778137084,46.69751026967617],[60.84292734623507,46.77328051105081],[60.657354521386296,46.82193373637954],[60.50336856034156,46.805720882530835],[60.52311035021909,46.72728984709923],[60.637792968750006,46.72080078125],[60.72802734375,46.676025390625],[60.725683593750006,46.625830078125],[60.65117187500002,46.5890625],[60.6044921875,46.578076171875],[60.55458984375002,46.58564453125],[60.50117187500001,46.611767578125],[60.459570312500006,46.592822265624996],[60.4296875,46.52890625],[60.39628906250002,46.54306640625],[60.359375,46.63525390625],[60.3173828125,46.687451171875],[60.2705078125,46.69970703125],[60.1890625,46.676806640624996],[60.07304687500002,46.618798828124994],[60.00917968750002,46.56064453125],[59.99765625,46.502392578125],[60.02070312500001,46.4494140625],[60.078710937500006,46.401757812499994],[60.211190070154124,46.28705644180795],[60.45598826463549,46.27341226361115],[60.56654228794965,46.2652241257784],[60.82255859375002,46.2431640625],[60.82412109375002,46.213427734374996],[60.785676155590224,46.15182938169456],[60.72348951747596,46.167896476527744],[60.60503877821078,46.126864803693984],[60.55272303503533,46.15490642262496],[60.47869132299459,46.204798832250326],[60.300028124602946,46.16379468557784],[60.018707618848154,46.212995991577614],[59.8154296875,46.181396484375],[59.80078125,46.254541015624994],[59.77890625,46.30146484375],[59.74941406250002,46.322119140625],[59.698828125,46.331298828125],[59.57695312500002,46.33349609375],[59.548828125,46.344775390624996],[59.53076171875,46.342675781249994],[59.48074384468552,46.317061674124076],[59.54589175128136,46.239286952813195],[59.54984010925688,45.99432927168688],[59.431389369991685,45.80335953140493],[59.28727430388571,45.835004190392546],[59.3010935568,45.88037598402809],[59.36031892643258,45.93257643269082],[59.366241463395845,45.99021455721743],[59.328732062628525,46.02586525287821],[59.263584156032685,46.027235974618826],[59.19843624943684,46.02312370742909],[59.14315923777975,46.00667157960924],[59.0701146152329,46.001186449324834],[58.98164062500001,45.974609375],[58.95742187500002,45.968212890625],[58.88059343240862,45.95591337306103],[58.81544552581277,45.931203365557586],[58.771582031250006,45.89501953125],[58.720703125,45.84765625],[58.68125,45.783642578125],[58.6552734375,45.715722656249994],[58.6279296875,45.600244140624994],[58.611328125,45.584716796875],[58.58867187500002,45.537060546875],[58.56005859375,45.4572265625],[58.51357421875002,45.385693359375],[58.44921875,45.322412109374994],[58.40410156250002,45.25302734375],[58.37832031250002,45.177539062499996],[58.27216796875001,44.981689453125],[58.23808593750002,44.903125],[58.23212890625001,44.851318359375],[58.2509765625,44.786425781249996],[58.29462890625001,44.708349609375],[58.29667968750002,44.638427734375],[58.25712890625002,44.5765625],[58.19851459213994,44.519655010233876],[58.230101455943974,44.45205058963847],[58.241946529870496,44.35896658585433],[58.39988084889073,44.16669007761383],[58.3761907010377,44.03910251772735],[58.344603837233656,43.86571091710029],[58.367306895592854,43.73711826857644],[58.596311658172205,43.757084295777624],[58.77991030403322,43.74710211465171],[58.8272905997393,43.84400139886814],[58.878617465573335,43.84928936262868],[55.64244600967464,40.05030547961718],[54.07141784152148,38.89694555850391],[54.03310683688281,38.992721162751955],[53.91817382296679,39.050189577058596],[53.774504694548824,39.136390291169924],[53.67872527560351,39.251327119783205],[53.65957168063281,39.318370424226565],[53.5829458566582,39.318370424226565],[53.49674514254687,39.337527833894534],[53.3339224191582,39.38541754336719],[53.24772170504687,39.29921682925586],[53.2094107004082,39.40457113833789],[53.24772170504687,39.45246084781055],[53.31476500949023,39.56739767642383],[53.37223342379687,39.519507966951174],[53.54463485201953,39.53866156192188],[53.73619368991015,39.500350557283205],[53.79366210421679,39.49077185244922],[53.812815699187496,39.54824026675586],[53.66914657076953,39.644019685701174],[53.55421355685351,39.65359839053516],[53.51590255221484,39.77811010928516],[53.59252456149218,39.89304693789844],[53.688303980437496,39.97924765200977],[53.506323847380855,39.99840124698047],[53.36265471896289,39.9600902423418],[53.19025329074023,39.9600902423418],[53.04658416232226,39.99840124698047],[52.98911574801562,39.93135794253711],[52.91249373873828,40.04629095645313],[52.84545043429492,40.18038138003711],[52.84545043429492,40.333629213289065],[52.82629302462695,40.46771963687305],[52.90291503390429,40.56349905581836],[52.95080474337695,40.707164369539065],[52.96996215304492,40.822101198152346],[53.017851862517574,40.946612916902346],[53.056162867156246,41.05197104068164],[53.15194228610156,40.89872320742969],[53.180674585906246,40.84125479312305],[53.257300409880855,40.764632783845705],[53.43927672824023,40.80294378848438],[53.61168197116015,40.745479188875],[53.65957168063281,40.81252249331836],[53.649992975798824,40.87956961245899],[53.69788268527148,40.87956961245899],[53.76492598971484,40.869990907625],[53.79366210421679,40.726321779207034],[53.84155181368945,40.640121065095705],[53.97564223727343,40.64969976992969],[54.10973266085742,40.67843206973438],[54.22466567477343,40.726321779207034],[54.33002379855273,40.68801077456836],[54.41622451266406,40.659278474763674],[54.45453551730273,40.71674307437305],[54.387488398162105,40.80294378848438],[54.3683348031914,40.89872320742969],[54.45453551730273,40.91788061709766],[54.50242522677539,40.850833497957034],[54.60778335055468,40.81252249331836],[54.7227163644707,40.850833497957034],[54.81849578341601,40.87956961245899],[54.828074488249996,40.98492392154102],[54.75144866427539,41.13817175479297],[54.5982046457207,41.24352987857227],[54.35875609835742,41.38719519229297],[54.16719726046679,41.482974611238284],[54.138464960662105,41.62664373965625],[54.11930755099414,41.779891572908205],[54.023528132048824,41.85651358218555],[54.023528132048824,41.95229300113086],[54.023528132048824,42.048072420076174],[53.98521712741015,42.10553701968555],[53.73619368991015,42.1342731341875],[53.4584341379082,42.09596212954883],[53.266875300017574,42.086383424714846],[53.06574157199023,42.028915010408205],[52.9795408578789,41.904403291658205],[52.94122985324023,41.77031286807422],[52.998694452849605,41.68411215396289],[52.96996215304492,41.55960043521289],[52.931651148406246,41.37762030215625],[52.96038344821093,41.272262178376955],[52.96996215304492,41.13817175479297],[52.85502532443164,41.38719519229297],[52.692202601042965,41.53086432071094],[52.71136001071093,41.60749014468555],[52.68262389620898,41.69369085879688],[52.55927184542773,41.75783880801563],[52.600745234099605,41.93767889590625],[52.573767695037105,42.01860388369922],[52.51981643160937,42.072555147126955],[52.58275893649218,42.1894489154375],[52.672678980437496,42.279368959382815],[52.73562148532031,42.42324026675586],[52.75360778292773,42.558116517976565],[52.8345327707207,42.64803656192188],[52.76259902438281,42.755939088777346],[52.58275893649218,42.82787283511524],[52.37594893893359,42.80089529605274],[52.295020136443355,42.87283285708789],[52.16014388522265,42.84585531802539],[52.07022384127734,42.82787283511524],[51.98030379733203,42.90880163760547],[51.8813963266289,43.05266913028125],[51.737525019255855,43.17855414004688],[51.58466247042773,43.17855414004688],[51.42280868014453,43.1695628985918],[51.42280868014453,43.25948294253711],[51.458777460662105,43.38536795230274],[51.36885741671679,43.55621298404102],[51.260954889861324,43.61016424746875],[51.17103484591601,43.71806677432422],[50.99119857272265,44.077743135408205],[50.955229792205074,44.20362814517383],[50.703459772673824,44.257579408601565],[50.388743433562496,44.29354818911914],[50.32580092867968,44.365481935457034],[50.33479217013476,44.563304506257815],[50.40672591647265,44.61725576968555],[50.54160598239062,44.64423330874805],[50.72144225558398,44.635238252595705],[50.874304804412105,44.62624701114063],[51.09010985812304,44.563304506257815],[51.332888636199215,44.482379518464846],[51.41381743868945,44.51834448428516],[51.57567122897265,44.55431326480274],[51.48575118502734,44.62624701114063],[51.36885741671679,44.68019827456836],[51.18902114352343,44.770118318513674],[51.09910109957812,44.87802084536914],[51.21599486788867,45.039874635652346],[51.34188369235156,45.0578571185625],[51.37784865817187,45.17475088687305],[51.458777460662105,45.30963095279102],[51.51272872408984,45.37257345767383],[51.62962249240039,45.354590974763674],[51.77349379977343,45.39055594058399],[51.845427546111324,45.43551596255664],[51.99829009493945,45.38156469912891],[52.10619262179492,45.38156469912891],[52.60973647555468,45.39955099673633],[53.059329065886715,45.33660467715625],[53.284129175749996,45.327613435701174],[53.21219161471484,45.36358221621875],[53.059329065886715,45.4534984454668],[52.84352401217578,45.5074535235918],[52.8345327707207,45.6423297748125],[52.92445281466601,45.732249818757815],[53.05033782443164,45.831161104158205],[53.14924910983203,45.95704611392383],[53.20320037325976,46.190833650544924],[53.257151636687496,46.316722475007815],[53.185217890349605,46.42462118716602],[53.12227538546679,46.496558748201174],[53.16723159274218,46.58647497744922],[53.284129175749996,46.676395021394534],[53.23017791232226,46.73034628482227],[53.185217890349605,46.86522635074024],[53.0233641000664,46.91917761416797],[52.8615103097832,46.93716009707813],[52.853895792507316,46.938279890208165],[56.67389519014647,58.259275429501],[58.293141299690916,58.42450462435247],[61.881311869520246,59.85168020065237],[61.881311869731036,59.85168020098963],[67.88991846882351,61.685134720858215],[64.63161108652106,58.48461409950466],[64.2273343596377,57.66184452184806],[64.67878500938362,55.97380969520192],[68.59135730718171,54.282036137997714],[78.80450682888119,54.39358501806853],[87.20627555014318,49.60604875570896],[87.77440458110598,49.282314738781025],[85.51557830875312,48.41095961683674],[77.18128826938226,46.782874312556444],[74.06566582475763,45.542142661719026],[68.22752273894962,42.24242135981991]]]]}},{"type":"Feature","properties":{"name":"Timurid Emirates","subject":"Timurid Emirates","partOf":"Timurid Emirates","borderPrecision":1,"color":"#8f9a74"},"geometry":{"type":"MultiPolygon","coordinates":[[[[68.56587483433958,29.102557864434658],[66.99351661239967,27.741027618220542],[65.51935159905877,26.93023686088304],[60.92832852440793,26.583275288280163],[59.983740747051954,26.51188909497121],[59.18044204169284,28.478110124891],[57.190319273682604,30.763065895569415],[53.98448852023242,36.78191336245899],[54.06743911227343,36.94152411075],[54.008704218474605,37.34868963809375],[54.015112909880855,37.34832724185352],[53.98521712741015,37.51772650332813],[53.92775252780078,37.82421835513477],[53.87986281832812,38.02535589785938],[53.937327417937496,38.15944632144336],[53.937327417937496,38.33184774966602],[53.937327417937496,38.5712962970293],[53.98521712741015,38.65749701114063],[54.03310683688281,38.79158743472461],[54.07141784152148,38.89694555850391],[55.64244600967464,40.05030547961718],[58.878617465573335,43.84928936262868],[58.91020611722492,43.85254379171691],[59.01878596155133,43.86108496114885],[59.00792797711865,43.9794674283752],[59.126378716383826,44.00219262770618],[59.24779072413068,43.85396740491545],[59.50542108203239,43.91408401214207],[59.715671144228125,43.66932676263591],[60.07694589898692,43.608606228433],[60.516195220733515,44.03055101563765],[60.94361047461047,44.44112794636124],[61.109441509581735,44.71673774845503],[61.72735953274841,44.933769350611186],[61.86160370391561,45.048255586483364],[61.67997923704234,45.10680631329251],[61.174589416177575,45.18756344758733],[61.02060345513286,45.48730774453474],[61.040345245010386,45.73863843187627],[60.99888748626755,45.92159094381482],[61.0344227080471,46.01489825533447],[60.99888748626755,46.077928785099836],[61.11931240452051,46.103942147040485],[61.158795984275535,46.18327546866901],[61.21802135390813,46.221533398390704],[61.26935000758971,46.251574511149656],[61.27115266643268,46.25556180691702],[66.66606251877415,44.42658302668195],[68.22752273894962,42.24242135981991],[64.5310697758558,40.1531843533753],[65.07710209505649,39.53434772494786],[68.57842650276659,37.12842877446031],[71.34230340175539,35.775226940928526],[72.02654188250249,35.60796864563479],[70.34162650159193,31.38417418540322],[70.2422535470123,31.13506319751285],[69.56846972061388,29.95594150131562],[68.56587483433958,29.102557864434658]]]]}},{"type":"Feature","properties":{"name":"Aragón","subject":"Aragón","partOf":"Aragón","borderPrecision":1,"color":"#8f9a74"},"geometry":{"type":"MultiPolygon","coordinates":[[[[8.582376513091308,39.06576880069141],[8.417174372283203,39.212203584626955],[8.374221834746582,39.307845674470705],[8.465033564177734,39.639937959626955],[8.508480105010253,39.946475587800784],[8.487975153533203,40.20879705996875],[8.428189310637695,40.464854799226565],[8.201552424041015,40.66299780459766],[8.159486803618652,40.7846752032793],[8.240707430449707,40.85533865542774],[8.405552897063476,40.86208304019336],[8.766072306243164,40.8628002032793],[8.918423685637695,40.94002493472461],[9.306203875151855,41.18444784732227],[9.59085181674121,40.902911745027346],[9.793739351836425,40.56368216128711],[9.787847551909667,40.44195517154102],[9.69572356661914,40.31368979068164],[9.630800280181152,40.09585531802539],[9.698009523955566,39.69349630923633],[9.648338350859863,39.45721396060352],[9.478920015898925,39.14415701480274],[9.29627517184375,39.23312338443164],[9.062541994658691,39.21989019961719],[8.998516115752441,39.175094209626955],[8.931367907134277,39.05370291324024],[8.819559130278808,38.976913057283205],[8.696099314299804,38.99581106753711],[8.582376513091308,39.06576880069141]]],[[[14.404933008757812,42.35311087222461],[14.519309076873046,42.22970160098438],[14.719955477324707,42.141761384919924],[14.738527330962402,42.047156892732424],[14.922405275908691,41.97177084536914],[15.44860557040332,41.856727205232424],[16.012843165007812,41.90432318301563],[16.187411341277343,41.84086187930469],[16.19841483554004,41.745669923738284],[15.98914626559375,41.634646974519534],[15.87325385531543,41.50214346499805],[15.991044077483398,41.40614279361133],[16.420268091765625,41.278724275544924],[16.945963892546875,41.093814454988284],[17.31927207430957,40.92925222964649],[18.03391936740039,40.59665258975391],[18.05994132479785,40.513534151033205],[18.383612665740234,40.307750307039065],[18.5226488443291,40.09413107486133],[18.43367866000293,39.89840658755664],[18.36491874179004,39.746722780183596],[18.160130533782226,39.87313421817188],[18.01706794222949,39.947894655183596],[17.967745813933593,40.16689261050586],[17.849604639617187,40.24349554629688],[17.619149241057617,40.2878375873125],[17.40165046176074,40.29192694278125],[17.204171213713867,40.39794119449024],[17.24280265292285,40.49576147647266],[17.084080729094726,40.52511175723438],[16.948712381926757,40.481090150789065],[16.844130549041015,40.363135896638674],[16.727564844695312,40.183604799226565],[16.604413065520507,40.089908204988284],[16.623852762786132,39.96775396914844],[16.535006556121093,39.83156546206836],[16.53210166415332,39.697513185457034],[16.87398627719043,39.543651185945315],[17.149069819060546,39.42180212588672],[17.10741904696582,39.28047140689258],[17.120997461882812,39.08602102847461],[17.180712732878906,39.02220877261524],[17.09468940219043,38.915023408845705],[16.79769996127246,38.92585714908008],[16.613329920378906,38.82732733340625],[16.522202524749023,38.72502478213672],[16.572001490203125,38.45711859317188],[16.33069327792285,38.320743165925784],[16.052943262664062,37.93117483706836],[15.785237345305664,37.909705720857424],[15.710227045623046,37.94143637271289],[15.62747577151416,38.00421103091602],[15.626577410308105,38.23308142276172],[15.790868792144042,38.296397767976565],[15.933466944304687,38.53991659732227],[15.827300104705078,38.62273367495899],[15.989846262541992,38.73476370425586],[16.152209314910156,38.70126684756641],[16.212225946990234,38.77795370669727],[16.17720893344043,38.93099173159961],[16.082562479583007,39.01247366519336],[15.989552530852539,39.4283519610918],[15.824671778289062,39.660628877595705],[15.757021936980468,39.93362768741016],[15.666200670806152,40.091861329988284],[15.51592448672412,40.06594809146289],[15.432033571807128,39.988971315339846],[15.027263674346191,40.212195955232424],[14.898671183196289,40.241458497957034],[14.99232009371875,40.37221869082813],[14.951005014983398,40.55147894473438],[14.74331763705371,40.70481451602344],[14.33412745913623,40.593604646638674],[14.349769625273925,40.64252432437305],[14.494590792266113,40.72996100039844],[14.370310816375,40.85147055240039],[14.239995989409667,40.852943025544924],[14.05087378939746,40.76751288028125],[13.94187835177539,40.99803503604297],[13.852500948516113,41.09095724673633],[13.797006640044433,41.19344671817188],[13.760507236170481,41.20669841632788],[13.813188392120914,41.318303867649234],[13.97923040917459,41.334908069354604],[13.995834610879957,41.35151227105997],[14.029043014290693,41.40132487617607],[13.96262620746922,41.46774168299754],[13.96262620746922,41.517554288113644],[13.929417804058488,41.63378370005122],[13.879605198942386,41.63378370005122],[13.879605198942386,41.66699210346195],[13.929417804058488,41.750013111988785],[13.863000997237016,41.783221515399525],[13.863000997237016,41.750013111988785],[13.64714637506724,41.79982571710489],[13.64714637506724,41.750013111988785],[13.597333769951138,41.79982571710489],[13.564125366540402,41.86624252392636],[13.630542173361873,41.93265933074783],[13.630542173361873,42.01568033927467],[13.580729568245768,42.048888742685406],[13.580729568245768,42.09870134780151],[13.414687551192095,42.19832655803371],[13.464500156308198,42.231534961444446],[13.414687551192095,42.36436857508738],[13.547521164835034,42.430785381908855],[13.630542173361873,42.53041059214106],[13.71356318188871,42.39757697849812],[13.763375787004811,42.463993785319595],[13.829792593826284,42.48059798702496],[13.829792593826284,42.5636189955518],[13.929417804058488,42.53041059214106],[13.995834610879957,42.6134316006679],[14.076401988875073,42.6337763953921],[14.092769655791503,42.60952719302539],[14.404933008757812,42.35311087222461]]],[[[14.21591285189746,37.0493236407793],[13.868404421416503,37.15695150943164],[13.01156714877246,37.52489431949024],[12.636879000273925,37.581500612214846],[12.532035860625488,37.63867148013477],[12.454147371855957,37.766009889558596],[12.516644510833007,37.91916998477344],[12.664325747100097,38.07249792666797],[12.782839808074218,38.11737783999805],[13.06595233401416,38.066932283357424],[13.322475466338378,38.22051199527149],[13.627963099089843,38.02980764956836],[13.80953029116748,37.966415010408205],[14.134472879973632,37.973453126863284],[14.765865358916503,38.0576129779375],[15.386741671172363,38.20554693789844],[15.453687700835449,38.16741522403125],[15.472892794219238,38.110057435945315],[15.422523531523925,38.05257376284961],[15.181032213774902,37.68228109927539],[15.112180742827636,37.45903357119922],[15.116248163787109,37.286944948152346],[15.301346811858398,37.057899080232424],[15.220631632415039,37.000377260164065],[15.027343782988769,36.74511679263477],[14.942398104277832,36.738563142732424],[14.622022661772949,36.776141725496096],[14.21591285189746,37.0493236407793]]],[[[-1.664297551396089,42.125419422428195],[-0.907353666218537,42.881297670320315],[-0.840018358620423,42.90865286441211],[-0.611982133778351,42.73087652774219],[-0.586789485605973,42.765060029939455],[-0.46883657256009,42.75139196963672],[-0.409914609583634,42.785567842439455],[-0.216141254248637,42.717200838044924],[-0.203663793,42.70031317325],[-0.165626824440974,42.64883764834766],[0.179550382701141,42.66251715274219],[0.196265372840148,42.607825838044924],[0.347843679991943,42.63517340274219],[0.591923627463562,42.628333650544924],[0.584142002669555,42.77189215274219],[0.744199428168518,42.77189215274219],[1.307450089064819,42.63517340274219],[1.320455842331296,42.60500633270455],[1.45631185806913,42.61895371848023],[1.577167183604798,42.64785062076061],[1.755428788769909,42.596716202383234],[1.79168538643061,42.57892047388559],[1.731257723662776,42.54553979026787],[1.728236340524384,42.501004432498135],[2.102887849684956,42.61450685035179],[2.272085305434892,42.69006041846055],[2.48056074198392,42.68561863167925],[2.489624891399095,42.71892429041346],[2.701121711086515,42.73002220618929],[2.824998419760575,42.849753178372794],[2.948875128434636,42.882970675163364],[3.039267615601351,42.8691948199401],[3.001891169158203,42.77080877871875],[3.045898947325927,42.53945501895313],[3.087081465331298,42.36864431949024],[3.086528334227783,42.329112611726565],[3.086286100951416,42.1207233295],[3.156553778258544,42.075721345857424],[3.128878864852172,41.85722693057422],[2.628259214965087,41.61954077334766],[2.200590166655761,41.44614752383594],[2.080724749175292,41.29848822207813],[1.60982862433551,41.20915564151172],[1.311244878379089,41.15725287051563],[0.879201922026855,41.0217357501543],[0.733751806822998,40.87495382876758],[0.709782037345153,40.78514822574024],[0.827125463095886,40.7274242267168],[0.787556442824584,40.65688665957813],[0.505141589251739,40.592757783845705],[0.237927589026672,40.24019964785938],[-0.160625037344712,39.886024080232424],[-0.203663793,39.79943808169727],[-0.284515861960667,39.63677176089649],[-0.394848432930726,39.434459291414065],[-0.235902842673081,39.06240423770313],[-0.203663793,39.012652955964846],[-0.165695284100789,38.95406302066211],[0.126115980950576,38.821353517488284],[0.172570082751495,38.738345704988284],[-0.107004006000775,38.59149893374805],[-0.203663793,38.54402884097461],[-0.435155328902024,38.43033941836719],[-0.56412681618573,38.21486624331836],[-0.664728876742142,38.17657431216602],[-0.872343566807526,37.75979956241016],[-0.802563574703949,37.61500509829883],[-0.918272283467072,37.57034262271289],[-1.364567962082642,37.54839285464649],[-1.625712480934876,37.439490877107424],[-1.816879835518616,37.2924762591875],[-1.940475192459839,36.95159872622852],[-2.1492587103044,37.23301714285317],[-1.921041694347547,37.65141500544073],[-2.035150202325973,37.84159585207144],[-1.883005525021405,37.95570436004987],[-1.654788509064552,37.91766819072373],[-1.654788509064552,38.18392137600672],[-1.80693318636912,38.259993714659004],[-1.80693318636912,38.526246899942],[-2.035150202325973,38.60231923859428],[-2.035150202325973,39.2489341171387],[-1.80693318636912,39.172861778486414],[-1.80693318636912,39.47715113309555],[-1.997114032999832,39.59125964107398],[-1.997114032999832,39.743404318378545],[-1.80693318636912,39.857512826356974],[-1.997114032999832,39.9716213343354],[-1.997114032999832,40.085729842313825],[-2.301403387608968,40.237874519618394],[-2.301403387608968,40.390019196922964],[-1.921041694347547,40.618236212879815],[-2.035150202325973,41.226814922098086],[-2.301403387608968,41.264851091424234],[-2.301403387608968,41.493068107381085],[-2.1492587103044,41.493068107381085],[-2.130006796731537,41.816570404078114],[-1.60486603682399,41.76883033499561],[-1.664297551396089,42.125419422428195]]]]}},{"type":"Feature","properties":{"name":"Sind","subject":"Sind","partOf":"Sind","borderPrecision":1,"color":"#8b7fa6"},"geometry":{"type":"MultiPolygon","coordinates":[[[[69.05834259439284,23.79447138515349],[68.23207736105697,23.489765148730438],[68.07217696627734,23.675187669709963],[68.04699996432421,23.764070115999026],[67.69232467135546,23.81415518374805],[67.48602584323046,23.92806013675098],[67.31589034518359,24.092885576204104],[67.20423415621875,24.588166795686526],[67.15359786471484,24.65159185977344],[66.99953750094531,24.714782319978518],[66.70171645602343,24.75227888675098],[66.65421584567187,24.783935152009768],[66.64811233004687,24.90462454409961],[66.70050338229296,25.114379487947268],[66.62050918063281,25.31748541446094],[66.43233016451953,25.488610826448244],[66.30008986910937,25.494687639192385],[65.76880172213671,25.309339128450198],[65.21567061862109,25.270059190706057],[64.85119155367968,25.20576437564258],[64.4249754281914,25.17311628909473],[64.23826125582812,25.210826478914065],[64.12006667575,25.312226854280276],[64.05922225436328,25.40103491397266],[63.650332483855465,25.336646638826174],[63.40352538546679,25.164601884797854],[63.01806167086718,25.157439790681643],[62.44957259616015,25.1625991687334],[62.13830092867968,25.104774080232424],[61.81326583346484,25.05325659366016],[61.56996444186328,25.03957136721973],[61.34399321993945,25.026860795930666],[60.85827544650195,25.095714174226565],[60.75223067721484,25.18442877383594],[60.479590448943355,25.29820593448047],[59.983740747051954,26.51188909497121],[60.92832852440793,26.583275288280163],[65.51935159905877,26.93023686088304],[66.99351661239967,27.741027618220542],[68.56587483433958,29.102557864434658],[69.56846972061388,29.95594150131562],[70.2422535470123,31.13506319751285],[70.34162650159193,31.38417418540322],[71.48971990308948,31.205315399571695],[72.81646841509631,31.057898898237596],[71.78455290575766,29.95227513823191],[70.13443593871565,28.104429657872576],[69.35218063374515,26.19315435421258],[69.01259806383516,24.63304927276811],[69.05834259439284,23.79447138515349]]]]}},{"type":"Feature","properties":{"name":"Rajastan","subject":"Rajastan","partOf":"Rajastan","borderPrecision":1,"color":"#8b7fa6"},"geometry":{"type":"MultiPolygon","coordinates":[[[[73.03759316709744,24.203031586202343],[70.47165743939944,24.3156670375037],[69.05834259439284,23.79447138515349],[69.01259806383516,24.63304927276811],[69.35218063374515,26.19315435421258],[70.13443593871565,28.104429657872576],[71.78455290575766,29.95227513823191],[72.81646841509631,31.057898898237596],[73.55355092176676,30.98419064757055],[74.5854664311054,30.689357644902373],[74.7328829324395,28.99406787956032],[74.88029943377359,27.962152370221677],[75.63745326748409,27.774973650186325],[76.42817269778155,27.519902866219404],[77.77178780701463,25.64372501236574],[78.27712567681345,24.296157359568895],[76.9282456403432,23.89692302722776],[73.71308028726574,22.945315502172253],[73.03759316709744,24.203031586202343]]]]}},{"type":"Feature","properties":{"name":"Gujarat","subject":"Gujarat","partOf":"Gujarat","borderPrecision":1,"color":"#8aa0a8"},"geometry":{"type":"MultiPolygon","coordinates":[[[[74.27144928500712,21.905666264880928],[73.48528545488139,19.906576034685543],[72.78919259567658,19.883197979639608],[72.78251174410937,19.94968756289844],[72.75949386080859,20.057649217561526],[72.86443618258593,20.311982713655276],[73.10968306979296,20.687320314363284],[73.1128645273125,20.827090822175784],[72.93113234957812,20.95375784488086],[72.76573470553515,21.150355897859377],[72.71466353854296,21.436120592073244],[72.6659422250664,21.848943315461916],[72.69562056979296,22.128535829500002],[72.31904891451953,22.11503180117969],[72.2329817148125,22.01955183596973],[72.12713912448046,21.8287425860918],[72.13103774508593,21.746179185823244],[72.25569442233203,21.632083497957034],[72.28899672946093,21.549569688752932],[72.25619796237109,21.352563463166994],[72.12086013278125,21.155339799836916],[71.89442733248828,20.989677034333987],[71.52892592867968,20.823730073884768],[71.30259231051562,20.772426210359377],[71.02444747408984,20.657476030305666],[70.8550520273125,20.650762163118166],[70.467478785125,20.77700003238086],[70.20994857272265,20.94797857852344],[69.75222304782031,21.398070894197268],[69.12606337985156,21.9685073718584],[68.89417556246875,22.285655580476565],[69.0142317148125,22.30496748538379],[69.49224379977343,22.248809419587893],[69.76916793307421,22.287507615999026],[69.96852401217578,22.351457200959963],[70.17620376071093,22.478955827668948],[70.41056350192187,22.752622209504885],[70.38064864596484,22.860560975984377],[70.31022170504687,22.828643403962893],[70.0459471078789,22.777261339143557],[69.66488936862109,22.789163194612307],[69.39181807955859,22.83940466494922],[69.10719588717578,22.898904405549807],[68.88241103610156,22.997148118928713],[68.79081252535937,23.028724275544924],[68.37294295748828,23.326415620759768],[68.23207736105697,23.489765148730438],[69.05834259439284,23.79447138515349],[70.47165743939944,24.3156670375037],[73.03759316709744,24.203031586202343],[73.71308028726574,22.945315502172253],[74.27144928500712,21.905666264880928]]]]}},{"type":"Feature","properties":{"name":"Punjab","subject":"Punjab","partOf":"Punjab","borderPrecision":1,"color":"#8f9a74"},"geometry":{"type":"MultiPolygon","coordinates":[[[[75.33261849162987,34.945901032860995],[72.81646841509631,31.057898898237596],[71.48971990308948,31.205315399571695],[70.34162650159193,31.38417418540322],[72.02654188250249,35.60796864563479],[74.65917468177244,34.96443618359102],[75.33261849162987,34.945901032860995]]]]}},{"type":"Feature","properties":{"name":"Ahmadnagar","subject":"Ahmadnagar","partOf":"Deccan Sultanates","borderPrecision":1,"color":"#8b7fa6"},"geometry":{"type":"MultiPolygon","coordinates":[[[[76.9282456403432,23.89692302722776],[76.09256220492745,21.046963981675567],[78.57282758004725,20.438284063905545],[78.53339335239603,19.12351896415684],[78.17326478847012,19.01271017525656],[77.38743409986243,18.770916117223425],[77.25508713495246,18.730193974174206],[75.41238086827632,18.499855690839688],[73.39573464248812,16.6164075182339],[73.18471275460497,17.51732606174848],[73.06422713717578,18.031716905549807],[72.97611020330493,18.5385662105398],[72.85335067233203,19.244680009797854],[72.78919259567658,19.883197979639608],[73.48528545488139,19.906576034685543],[74.27144928500712,21.905666264880928],[73.71308028726574,22.945315502172253],[76.9282456403432,23.89692302722776]]]]}},{"type":"Feature","properties":{"name":"Bijapur","subject":"Bijapur","partOf":"Deccan Sultanates","borderPrecision":1,"color":"#a88992"},"geometry":{"type":"MultiPolygon","coordinates":[[[[77.07118945935211,17.361171633723306],[77.17392081962738,16.658273812483774],[77.99743626561295,16.465319160725013],[77.92243661540213,16.245599858221798],[77.48542541828698,16.31164199916177],[77.2245824615065,16.31164199916177],[76.90957970995069,16.31164199916177],[76.10339571827987,15.966134574159993],[75.06687344327455,15.966134574159993],[74.37585859327099,16.31164199916177],[73.4942371633562,16.287958595761864],[73.40928939303515,16.558538042024416],[73.39573464248812,16.6164075182339],[75.41238086827632,18.499855690839688],[77.25508713495246,18.730193974174206],[77.38743409986243,18.770916117223425],[77.07118945935211,17.361171633723306]]]]}},{"type":"Feature","properties":{"name":"Thule","subject":"Thule","partOf":"Thule","borderPrecision":1,"color":"#8f9a74"},"geometry":{"type":"MultiPolygon","coordinates":[[[[-51.877411809357426,69.5306812152422],[-51.927941289337895,69.51549109073048],[-52.172604527863285,69.49234350772267],[-52.52107712307813,69.47657354922657],[-52.86744019070508,69.3928409442461],[-53.321713414582035,69.32408484073048],[-53.55149933377149,69.27841528506642],[-53.80711456814649,69.33826788516407],[-54.12526032009961,69.48115881533985],[-54.4859017995918,69.56363257022267],[-54.5744027761543,69.60885199160938],[-54.68687531033399,69.70702704043751],[-54.72269150296094,70.08692511172657],[-54.59369751492383,70.24023779483204],[-54.42833801785352,70.24819525332813],[-54.13745972195508,70.18746527285938],[-53.61670013943555,70.15783270450001],[-53.03749176541211,70.03655584903126],[-52.70118805447461,69.91539343448048],[-52.433556523712895,69.87038763614063],[-52.08398529568555,69.77248724551563],[-51.81285187283399,69.62156256289845],[-51.877411809357426,69.5306812152422]]],[[[-23.798434224518555,72.66046484561329],[-23.131012883576172,72.67750128360157],[-22.729443517121094,72.61519201846485],[-22.250536885651368,72.49795111270313],[-21.882071462067383,72.36496313662892],[-21.809483495148438,72.14539679141407],[-21.906147923859375,72.05123480410938],[-22.145695653351563,72.02732428164845],[-22.83276077786328,72.26895483584767],[-23.264891591461915,72.37024267764454],[-23.58541199246289,72.44038733096485],[-23.657017674835938,72.47170599551563],[-23.798434224518555,72.66046484561329]]],[[[-51.52139755764844,64.37018927188282],[-51.80484863797071,64.23334082217579],[-51.95738312283399,64.37656744571095],[-51.940175023468754,64.65683325381642],[-51.99165436306836,65.00974615664845],[-52.08433243313672,65.21262701602345],[-52.07773300686719,65.37242468448048],[-52.18693634549024,65.51769598575001],[-52.41381165066602,65.48089178653126],[-52.536007848175785,65.49521978946095],[-52.83536240139844,65.65488775821095],[-53.10253998318555,65.87324865908985],[-53.10843369046094,66.03403814883595],[-52.72966095486524,66.27637823672657],[-52.61050125637891,66.26797827334767],[-52.860444035919926,66.35319861026173],[-53.348053899201176,66.32427557559376],[-53.39427277127149,66.45181616397267],[-53.22169968167188,66.53085669131642],[-52.91685196438672,66.54446753116017],[-52.65323730984571,66.5677677020586],[-52.448048558625004,66.60731085391407],[-52.30317017117383,66.9094653949297],[-52.84682938137891,66.9305835589922],[-53.10420319119336,66.90795477481251],[-53.26725861111524,66.92242010684376],[-53.39741608181836,66.99593695254688],[-53.44956299343946,67.08444555850392],[-53.34943100491407,67.21025427432423],[-53.25116440335157,67.21393927188282],[-53.170311894806645,67.2858081683672],[-52.97809692898633,67.31033667178517],[-53.14671036282422,67.39514502139454],[-53.3949594167793,67.36226233096485],[-53.49412247219922,67.47349890323048],[-53.4684457449043,67.55819281192188],[-53.435761418732426,67.61761816592579],[-53.31903549710157,67.61784704776173],[-53.18010803738477,67.66264685244923],[-52.80789658108594,67.77477606387501],[-52.25998398342969,67.73864325137501],[-51.87598511258008,67.6650806293047],[-51.52680298367383,67.65088232608204],[-51.35653397122266,67.5918155536211],[-50.939362492951176,67.52581366153126],[-50.47708984890821,67.48220404239063],[-50.49110886135938,67.64538153262501],[-50.35670944729688,67.89093359561329],[-50.49096008816602,67.97258337588673],[-50.94993683377149,68.09095343203907],[-51.56045242825391,68.2315860614336],[-51.96674057522657,68.30552252383595],[-52.68336578884961,68.45371588321095],[-52.84246155300977,68.50580938907032],[-52.691193547638676,68.66340979190235],[-52.33688065091016,68.66408880801563],[-51.67873093167188,68.50049933047657],[-51.213734593781254,68.47891577334767],[-51.00517365017774,68.50921972842579],[-50.95377441922071,68.53928717227345],[-50.913849797638676,68.80927618594532],[-50.87435623684766,68.94456060977345],[-50.60660645047071,68.96008642764454],[-50.36876770535352,68.90792425723438],[-50.26649185696485,68.95322760196095],[-50.27879044094922,69.11117132754688],[-50.36649033108594,69.1938663348711],[-50.76742264309766,69.33636816592579],[-50.6943978933418,69.5328784808672],[-50.45657059231641,69.73762091250782],[-50.572628941925785,69.8662525043047],[-51.11710068264844,69.94110449405079],[-51.63651749173047,69.94015081973438],[-52.16676804104688,70.06875952334767],[-52.9091310171211,70.28938635440235],[-53.25990768948438,70.33472784610157],[-53.6663331655586,70.35698278994923],[-54.00848862210157,70.50991400332813],[-54.373532262238285,70.72469671817188],[-54.30318924466016,70.74024542422657],[-54.15798660794141,70.80991705508595],[-53.88545700589063,70.81042822451954],[-53.628136601837895,70.8186450824297],[-52.68983170071485,70.68165167422657],[-52.36747833767774,70.66685827823048],[-51.80567261258008,70.52941473575001],[-51.15283676663282,70.32332953067188],[-50.824459996613285,70.24730261416798],[-50.799469914826176,70.38535650821095],[-50.93915268460157,70.57715185733204],[-51.3263673452461,70.82296331973438],[-51.40384384671094,71.02361639590626],[-51.6753663686836,71.22444494815235],[-51.893422093781254,71.24730261416798],[-52.19804474392774,71.3553653583086],[-52.035641637238285,71.48001440616017],[-51.79139420071485,71.54270514102345],[-51.720124211701176,71.58955725283985],[-52.03681274929883,71.69804724307423],[-52.53196426907422,71.70492132754688],[-52.813378301056645,71.74341162295704],[-53.32285019436719,71.89084204287892],[-53.71871658841016,71.61697729678517],[-53.86456772366407,71.54661902041798],[-53.98821350613477,71.41414221377735],[-54.38157745877149,71.3047061786211],[-55.0124025014961,71.33458288760548],[-55.476551976593754,71.48911627383595],[-55.61430450955274,71.59785040469532],[-55.62637039700391,71.73035009951954],[-55.42961212674024,71.87128027530079],[-55.29756638089063,72.16119726748829],[-55.366085973175785,72.72777136416798],[-55.10402390042188,72.75197943301563],[-54.79313751736524,72.66567572207813],[-54.626069035919926,72.72125586123829],[-54.55815216580274,72.87157782168751],[-54.73041245022657,73.03760107608204],[-55.14999100247266,73.28298529239063],[-55.3534555105293,73.34626349063282],[-55.77934357205274,73.70446356387501],[-56.18216415921094,74.12061651797657],[-56.67945190945508,74.7005802020586],[-56.93939682522657,74.91901739688282],[-57.77429672757032,75.08952673526173],[-58.07462784329297,75.20451696963673],[-58.20533081570508,75.29522284121876],[-58.22853180447461,75.61058386416798],[-58.63566299954297,75.79326208682423],[-59.0682992605293,75.8425479754961],[-59.78349396267774,75.91648443789845],[-60.651085820587895,76.1077075824297],[-61.507496800812504,76.25751074405079],[-62.46763321438672,76.33999212832813],[-62.91620728054883,76.36447485537892],[-63.65076920071485,76.37993963809376],[-64.00380035916211,76.29492529483204],[-64.47335526028516,76.25186499209767],[-64.83591934719922,76.1670337543047],[-65.47452255764844,76.09859808535938],[-66.02683731594922,76.17316778750782],[-66.68391891995313,76.3066821918047],[-66.54037949124219,75.97068365664845],[-66.56342026272657,75.92873724551563],[-67.03665634671094,75.93623694033985],[-67.61905380764844,76.01897009463673],[-69.04484268704297,76.29375799746876],[-68.35297104397657,76.5486255511797],[-68.14439865628125,76.59984930606251],[-68.18594070950391,76.70160254092579],[-68.37633987942579,76.77777441592579],[-68.85623642483594,76.78535803408985],[-69.85101028958204,76.79198797793751],[-70.21667191067579,76.82532843203907],[-70.4999513296211,76.83332403750782],[-71.05698868313672,77.02849920840626],[-71.44827744046094,77.12186010928517],[-71.18388077298047,77.25953253360157],[-70.61842056790235,77.27779730410938],[-69.25207230130079,77.2117114886797],[-68.34064194241407,77.1963077411211],[-67.73630234280469,77.1888843402422],[-66.78378006497266,77.25932653994923],[-66.30934616604688,77.35474737735157],[-66.17778488675,77.39800604434376],[-66.15340897122266,77.55317267032032],[-66.43559738675,77.682246767],[-66.80472275296094,77.77682074160938],[-67.35228439846875,77.70645483584767],[-67.85181137600782,77.59308966250782],[-68.4412355093086,77.58333929629688],[-68.95322128811719,77.63422735782032],[-69.29207321682813,77.59898718448048],[-69.68751999417188,77.55508001895313],[-69.99364182034375,77.58039435000782],[-70.37952133694532,77.66610296817188],[-70.67803665676954,77.83014257998829],[-71.04520889798047,77.91627081485157],[-71.34299942532422,77.94179876895313],[-71.66946884671094,77.91511114688282],[-71.88843246975782,77.94943579287892],[-72.52538010159375,78.16613348575001],[-72.54527756253125,78.32353552432423],[-72.3832292226875,78.52572973819142],[-72.01876541653516,78.57922705264454],[-71.46276566067579,78.62432440371876],[-70.7802018789375,78.68733557315235],[-69.84684464016797,78.75975378604298],[-69.26627060452344,78.79619177432423],[-68.83852860012891,78.97410925479298],[-68.34851547757032,79.09048040957813],[-67.96912857571485,79.12678869815235],[-66.85430618801954,79.12891729922657],[-66.3587159780586,79.17436560244923],[-65.48489090481641,79.15823706241017],[-65.30409714260938,79.22092016787892],[-65.16448685208204,79.31037481875782],[-64.89053818264844,79.38237341494923],[-65.1526866338127,79.31347612657545],[-58.829685071429104,78.23804477753517],[-52.05857718013286,74.70494368945548],[-48.39851886051326,67.1500901368163],[-50.51884521707458,63.09276012939082],[-50.59093567410352,63.14998587222461],[-50.61674210110547,63.43480642886524],[-50.82308670559766,63.491458497957034],[-51.10051819363477,63.46953924746875],[-51.36576553860547,63.72601278872852],[-51.35501572171094,63.81178244204883],[-51.26595016995313,63.92637213321094],[-50.987946477326176,64.09154089541798],[-50.439015355500004,64.24309118838673],[-50.25692459622266,64.37973364444142],[-50.042633977326176,64.43757208438282],[-50.01991364041211,64.61005743594532],[-50.1444825796211,64.73932226748829],[-50.35739990750196,64.69574316592579],[-50.771840062531254,64.65900763125782],[-50.99374863186719,64.61542852969532],[-51.27965637722852,64.42807348819142],[-51.52139755764844,64.37018927188282]]],[[[-24.195229497345704,70.24348791690235],[-23.77526375332715,70.14480932803517],[-23.587447133454102,70.08399542422657],[-23.459464040192383,70.09187658877735],[-23.008885350617188,70.09273108096485],[-22.43398376980664,70.07851751895313],[-22.1575269369209,70.05610998721485],[-22.73232933560254,69.77407415957813],[-23.444350209625977,69.56847723575001],[-24.333291020783204,69.33282049746876],[-24.583540883454102,69.33987005801563],[-24.896557774933594,69.39209326358204],[-25.324379887970704,69.08993109317188],[-25.801573720368165,68.86358984561329],[-26.36213776150586,68.66002997012501],[-26.868672337921875,68.52670630069142],[-26.963623967560547,68.50170477481251],[-27.959057774933594,68.47738989444142],[-28.195338216217774,68.41711767764454],[-28.376202424913355,68.4167938876408],[-29.337908574736286,69.87355116677332],[-29.337908574736286,73.28144415811084],[-27.709648703038038,74.98927766845591],[-26.056566043621746,79.63933615932564],[-22.611891713532227,80.87178381533985],[-21.817265477570313,81.11350592227345],[-21.181658711823243,81.28657873721485],[-20.414093938263672,81.43065985293751],[-20.065401997956055,81.52346380801563],[-19.31735893765332,81.59698828311329],[-18.58937737027051,81.54714544864063],[-17.96345039883496,81.51765783877735],[-17.289740529450196,81.65280493350392],[-16.973427739533204,81.79840429873829],[-16.465405431183594,81.90362127871876],[-15.498786893280762,81.90568884463673],[-14.746256795319336,81.85518225283985],[-14.252507176789063,81.83540686221485],[-13.713973966034668,81.77421911807423],[-13.20332142392041,81.6717944964922],[-12.705125775727051,81.62130316348438],[-12.563114133270997,81.50860174746876],[-12.644468274506348,81.38583716006642],[-13.530973401459473,81.27225073428517],[-14.201948132904786,81.21013220401173],[-14.76216217556836,80.98785742373829],[-15.012563672455567,80.85772284121876],[-15.734444585236329,80.69778021426563],[-16.440903630646485,80.45099981875782],[-16.91961380520703,80.41103705020313],[-17.332715001496094,80.42967566104298],[-18.04922386685254,80.40871771426563],[-19.045023885163086,80.42615851016407],[-19.715798345001954,80.33725317569142],[-20.04474922695996,80.23965796084767],[-20.267426457794922,79.99886664004688],[-20.192950215729493,79.85377081485157],[-19.315922704132813,79.99120672793751],[-18.604607549103516,80.01177557559376],[-17.769204106720704,79.96663244815235],[-17.76769730130078,79.77737768741017],[-18.102253880890625,79.66893347354298],[-19.17675301113965,79.61304052920704],[-19.38537117520215,79.54992254825001],[-19.48134514370801,79.46026190371876],[-19.551485982331055,79.1926456317461],[-19.763188329132813,78.87305792422657],[-20.06821342984082,78.80182226748829],[-20.544981923493165,78.83621557803517],[-20.878828969391602,78.81792028994923],[-21.25574776211621,78.4126392230547],[-21.69997498074414,77.92346533389454],[-21.767640080841797,77.76732214541798],[-21.56354042569043,77.62942083926563],[-21.3820085195625,77.58661230655079],[-21.111176457794922,77.80318792910938],[-20.77668282070996,77.96861609073048],[-20.391341176422852,77.98672827334767],[-19.335820165070313,77.86724432559376],[-19.177308049591797,77.82422216983204],[-19.059224095734375,77.69463690371876],[-19.08565613308789,77.59961279483204],[-19.640854802521485,77.63309057803517],[-19.943724599274415,77.6411319598711],[-20.174262013825196,77.59753759951954],[-20.235142674835938,77.51124151797657],[-20.104945149811524,77.38247259707813],[-19.314728703888672,77.29812201114063],[-19.064404454621094,77.23859747500782],[-18.253375020416993,77.30013617129688],[-18.016396489533204,77.2063403949297],[-17.92005440274121,77.06113775821095],[-17.942004170807618,76.86507757754688],[-18.05700394192578,76.80533178897267],[-18.882859197052735,76.88879736514454],[-19.626633611115235,76.91295202823048],[-19.97790237942578,76.9463306293047],[-20.56061836758496,76.91118200869923],[-21.182682958039063,76.69747503848438],[-21.552985158356446,76.75621374698048],[-21.77329155484082,76.82378729434376],[-22.250166860016602,76.80584295840626],[-22.37768265286328,76.63589819522267],[-21.75097366848828,76.36662634463673],[-21.217040028961915,76.26655920596485],[-20.632826772125977,76.20877417178517],[-19.88352104702832,76.17657812686329],[-19.5702409414375,76.10999640078907],[-19.32224175015332,75.8927417621172],[-19.199807134064454,75.69277533145313],[-19.193547215851563,75.44353827090626],[-19.388846364411133,75.26109655948048],[-19.56160065213086,75.22774084658985],[-20.142971959503907,75.30926855655079],[-20.511841740998047,75.35820349307423],[-20.67922302761914,75.30823858828907],[-20.668854680451172,75.06076391787892],[-20.615832295807618,74.95428808780079],[-20.423996892365235,74.8816104754961],[-20.14599892178418,74.84161718936329],[-19.82055374661328,74.74500616641407],[-19.409241643341797,74.68106421084767],[-19.070908513458985,74.60894354434376],[-18.898682561310547,74.43975409121876],[-19.051016774567383,74.33468969912892],[-19.42509171048047,74.26963385196095],[-19.7162370351875,74.2127872333086],[-20.502247777375,74.22739752383595],[-21.031514134796875,74.26662787051563],[-21.762257543,74.30548437686329],[-22.028799977692383,74.10398443789845],[-21.780911412628907,74.01619299502735],[-21.152539220246094,73.99332007022267],[-20.679366078766602,73.92206152530079],[-20.353642430695313,73.8105884418047],[-20.313813176544922,73.66680487246876],[-20.329588857086915,73.41964300723438],[-20.388081517609375,73.42206152530079],[-20.87955376187207,73.44250067325001],[-21.440495458039063,73.39368017764454],[-21.708523717316407,73.27388342471485],[-22.269171681793946,73.26490362735157],[-22.82030769863965,73.32747229190235],[-23.49375053921582,73.5092960223711],[-23.90861221829297,73.72402533145313],[-24.076420751007813,73.75567205996876],[-24.56888481655957,73.62692602725392],[-25.009919133576172,73.47462042422657],[-25.498003926666993,73.43389471621876],[-25.76292892971875,73.35379370303517],[-26.415636983307618,73.36849554629688],[-26.826634374054688,73.40751989932423],[-27.262808766754883,73.34302862735157],[-27.440558400543946,73.2870288714922],[-27.51887032070996,73.15983923526173],[-27.51636597195508,73.09634741397267],[-27.35715958157422,72.85914190860157],[-27.03771683255078,72.74911078067188],[-26.460057225617188,72.72649725528126],[-25.778231587799805,72.60948523135548],[-25.072955098541993,72.63444861026173],[-24.477763142975586,72.39153631778126],[-24.136528935822266,72.29006537051563],[-23.919608083161133,72.18848761172657],[-23.38125511685254,72.04067572207813],[-22.817797627838868,71.86973150821095],[-22.648505177887696,71.74521216006642],[-22.43088432827832,71.34115942569142],[-22.029711690338868,71.43508490176563],[-21.90442940274121,71.49748571963673],[-21.72596260586621,71.40459021182423],[-21.591755834015625,71.21096380801563],[-21.56005569973828,71.05624731631642],[-21.47082039395215,70.53233679385548],[-21.54712769070508,70.44007452578907],[-21.713845220001954,70.38606604190235],[-21.957335439118165,70.43162115664845],[-22.20320984402539,70.48489721866017],[-22.615700688751954,70.48410376162892],[-23.084202733429688,70.46792181582813],[-23.753737416657227,70.58956488223438],[-24.040173497589844,70.77374609561329],[-24.227021184357422,71.05899389834767],[-24.38637444058301,71.18250616641407],[-24.913002934845704,71.43744238467579],[-25.29125496426465,71.56889685244923],[-25.627636876496094,71.63056524844532],[-26.120182958039063,71.66856726260548],[-26.354512181671875,71.60583075137501],[-26.78747841397168,71.55832251162892],[-25.84955116787793,71.43570288272267],[-25.694897618683594,71.27300604434376],[-26.08600708523633,71.19479712100392],[-26.329421010407227,71.13240393252735],[-27.084376302155274,71.08456762881642],[-27.606051412018555,71.0681568011797],[-27.916172948273438,70.99798925967579],[-28.083531346710938,70.89728125186329],[-28.221779790314454,70.6273380145586],[-28.38448235073926,70.45799597354298],[-27.911971059235352,70.2824893817461],[-27.47493645230176,70.20676001162892],[-26.522614446076172,70.17790564151173],[-26.25201126614453,70.17839392276173],[-25.45328995266797,70.28709753604298],[-24.58473297634961,70.30402716250782],[-24.195229497345704,70.24348791690235]]]]}},{"type":"Feature","properties":{"name":"Ottoman Empire","subject":"Ottoman Empire","partOf":"Ottoman Empire","borderPrecision":1,"color":"#8f9a74"},"geometry":{"type":"MultiPolygon","coordinates":[[[[25.386239875166982,36.319185450416924],[25.31781985085383,36.39877419215787],[25.3330243007012,36.45994089964729],[25.37103542531962,36.49661778527289],[25.492671024098556,36.42324665835019],[25.492671024098556,36.331435169041356],[25.386239875166982,36.319185450416924]]],[[[25.834771145664316,36.78331883149609],[25.751146671503797,36.78331883149609],[25.751146671503797,36.81375611186905],[25.857577820435367,36.83809722624421],[25.94880451951957,36.91107409621058],[26.024826768756405,36.95968659606273],[26.085644568145874,36.89891612690345],[25.956406744443257,36.84418129487496],[25.834771145664316,36.78331883149609]]],[[[24.588006258180208,36.86851272864293],[24.67923295726441,36.75896029963509],[24.46637065940127,36.649251177336765],[24.29912171108023,36.75286945753905],[24.42835953478285,36.79549519508755],[24.588006258180208,36.86851272864293]]],[[[24.876890805280183,36.679741640978875],[24.97571972928807,36.637051610171376],[24.94531082959334,36.56991946228899],[24.8236752308144,36.637051610171376],[24.8236752308144,36.661448812220584],[24.876890805280183,36.679741640978875]]],[[[25.16577535238016,36.74068632260297],[25.196184252074893,36.673644514576154],[25.10495755299069,36.637051610171376],[25.05934420344859,36.618748636935905],[25.044139753601222,36.661448812220584],[25.16577535238016,36.74068632260297]]],[[[25.29501317608278,36.807669623462985],[25.431853224709084,36.6980301207178],[25.386239875166982,36.637051610171376],[25.26460427638805,36.704125314038706],[25.241797601616994,36.75286945753905],[25.249399826540678,36.75896029963509],[25.29501317608278,36.807669623462985]]],[[[24.534790683714423,37.11746294371295],[24.44356398463022,37.0992747162255],[24.42835953478285,37.20833853996449],[24.534790683714423,37.11746294371295]]],[[[24.261110586461815,37.540613155635555],[24.29912171108023,37.66107502189996],[24.39795063508812,37.667092994189616],[24.382746185240748,37.570746906161986],[24.261110586461815,37.540613155635555]]],[[[24.3599395104697,37.39580161737422],[24.39795063508812,37.46824245164144],[24.48917733417232,37.39580161737422],[24.3599395104697,37.30515202694268],[24.3599395104697,37.39580161737422]]],[[[25.044139753601222,37.377680456560746],[24.84648190558545,37.36559724964213],[24.861686355432816,37.52855624381453],[24.94531082959334,37.51046722146939],[25.044139753601222,37.377680456560746]]],[[[24.922504154822285,37.69116000393879],[24.65642628249336,37.901413077728705],[24.76285743142493,38.003319956303606],[25.27220650131173,37.56472113091166],[25.469864349327505,37.43806729073237],[25.31781985085383,37.40184103098311],[24.922504154822285,37.69116000393879]]],[[[24.648824057569676,37.014338584785854],[24.71724408188283,37.050751425742014],[24.78566410619598,36.947536378182036],[24.67923295726441,36.90499535372954],[24.648824057569676,37.014338584785854]]],[[[25.15057090253279,37.17200141281893],[25.31021762593015,37.19622810717101],[25.31021762593015,37.00219709179456],[25.112559777914374,36.94146054239683],[24.937708604669652,36.95968659606273],[25.15057090253279,37.17200141281893]]],[[[25.36343320039593,37.00826808071462],[25.34062652562488,37.087146804747654],[25.378637650243302,37.11746294371295],[25.538284373640657,37.220447029530426],[25.60670439795381,37.12352471549815],[25.599102173030126,37.026478138264174],[25.545886598564337,36.95968659606273],[25.454659899480134,36.9232301280182],[25.36343320039593,37.00826808071462]]],[[[23.660534817490806,38.40357465937644],[23.59971701810134,38.45717244335585],[23.63772814271976,38.52262680680808],[23.462876969475033,38.62366656002873],[23.120776847909273,38.86676557896794],[22.869903425427715,38.83716368115139],[23.014345698977706,38.961408842619434],[23.242412446688213,39.04411813294447],[23.409661395009252,38.943672845059965],[23.78977264119343,38.71863293758614],[24.131872762759194,38.65335708482884],[24.207895011996026,38.5523591317064],[24.291519486156545,38.19476089687233],[24.588006258180208,38.15292605377605],[24.527188458790736,37.967368965721576],[24.3143261609276,37.98534666287396],[24.192690562148663,38.15292605377605],[24.02544161382762,38.38569989188942],[23.660534817490806,38.40357465937644]]],[[[27.788883000000112,36.251656],[27.803055,36.268326],[27.805832,36.27055400000012],[27.876106,36.31971],[27.895828,36.332222],[27.909161,36.339722],[28.068333,36.404999],[28.107494,36.41861],[28.207222000000115,36.44249],[28.210831,36.452492],[28.212772,36.455544000000145],[28.215832,36.45776400000011],[28.219166,36.456940000000145],[28.225826,36.453049],[28.233887,36.441376],[28.238049,36.431107],[28.206944,36.343597],[28.186939,36.299988],[28.141388,36.210541],[28.122772,36.185822000000144],[28.063606,36.111931],[28.009163,36.068886],[27.95666100000011,36.044991],[27.945827,36.03471400000012],[27.931664,36.0186],[27.906109,35.988052],[27.898888000000113,35.975555],[27.89277600000014,35.960831],[27.865555,35.93222],[27.842777000000126,35.91360500000013],[27.839443,35.911659],[27.799721,35.893326],[27.786663,35.890549],[27.781387,35.890274],[27.768608,35.893608],[27.733055,35.91111],[27.730274,35.91333],[27.728611,35.916664],[27.722221,35.929718],[27.719166,35.94082600000013],[27.72138600000011,35.94944],[27.730831000000137,35.978882],[27.740829000000133,36.10443900000013],[27.719719,36.1661],[27.788883000000112,36.251656]]],[[[27.049995,36.949158000000125],[27.049438,36.946106],[27.04583,36.944153],[26.975552,36.924431],[26.969719,36.924431],[26.946384000000137,36.928055],[26.935555000000136,36.932213],[26.919167,36.946663],[26.881943,37.068886],[26.886662,37.073318],[26.890831,37.076378],[26.960548,37.056107],[26.985828,37.044167],[27.04832800000014,36.993607],[27.049995,36.990555],[27.049995,36.949158000000125]]],[[[35.22052672824023,36.388003908113284],[35.07137206515429,36.487708650544924],[34.869910273162105,36.576922975496096],[34.662383112517574,36.64777334781055],[34.48512938937304,36.626781068757815],[34.103220972624996,36.38032492251758],[33.95171264132617,36.25157888980274],[33.95405486544726,36.15975912661914],[33.89098266085742,36.13877447696094],[33.8358755441582,36.107295595125],[33.83369735201953,36.07057150454883],[33.753176722136715,36.14664038272266],[33.481699976531246,36.05428274722461],[33.171336207,35.97088202090625],[32.904116663542965,35.976695619539065],[32.64034179171679,36.007999025300784],[32.33497909030078,36.128367982820315],[31.902007135955078,36.496863923982424],[31.37069037875293,36.712344728425784],[30.90531066378711,36.79421576114063],[30.59359076937793,36.76173361392383],[30.540066752043945,36.64696081729297],[30.496651682463867,36.37298163028125],[30.472832712737304,36.18825491519336],[30.394862207976562,36.118045412019534],[30.279892954436523,36.1178050860918],[30.166131052581054,36.18761786075],[29.661955866423828,36.078345857576174],[29.471932444182617,36.090694032625],[29.29818824252246,36.17311819644336],[29.002251658049804,36.69479712100391],[28.81352714022754,36.53515585513477],[28.46984580477832,36.73830755801563],[28.266922983733398,36.7124095782793],[28.014189753142578,36.527164064363284],[27.91190246066211,36.69894369693164],[27.941855463591796,36.75633963199024],[28.051039728728515,36.8330150470293],[27.998808893767578,36.909366212800784],[27.55347732028125,36.91482504458789],[27.30811027011035,36.92070730777149],[27.268630060759765,37.04168280215625],[27.52563956698535,37.131412111238284],[27.49252418002246,37.23967321963672],[27.364632639495117,37.328631959871096],[27.160407099333984,37.36008032412891],[27.12256148776172,37.49385031314258],[27.141085657683593,37.64686544986133],[27.179783854094726,37.77442892642383],[27.13977340182422,37.88909109683399],[26.961377176848632,37.94610556216602],[26.67933181246875,38.104938112214846],[26.51232055148242,38.066348634675784],[26.393214258757812,38.10436209292774],[26.39159873446582,38.219127260164065],[26.468710932341796,38.44475897403125],[26.527411493865234,38.41824301333789],[26.742451700774414,38.27838858218555],[26.997431788054687,38.40005835147266],[26.819674524871093,38.52725180240039],[26.828822168914062,38.58296164126758],[26.69569686373828,38.640765748933596],[26.709471735564453,38.69857367129688],[26.9663801523125,38.76993139834766],[27.034913096038085,38.82109793277149],[27.004220041838867,38.88482626529102],[26.936802897063476,38.924563966707034],[26.78533652743457,38.94033392520313],[26.78984740695117,39.024425111726565],[26.87075141390918,39.05596884341602],[26.797139200774414,39.12955816836719],[26.70794394930957,39.18212851138477],[26.704054865447265,39.250472627595705],[26.602242502776367,39.25572928042774],[26.7201586099541,39.33724936099414],[26.85351279696582,39.46076925845508],[26.92615226229785,39.476546846345705],[26.957518610564453,39.54832800479297],[26.8042650552666,39.56715353579883],[26.546177897063476,39.51334723086719],[26.138976130095703,39.43973883242969],[26.06405738314746,39.45551260562305],[26.084887537566406,39.604007326082034],[26.14190391024707,39.66058310122852],[26.140706095305664,39.74998053164844],[26.127575907317382,39.878558717683596],[26.186009440032226,39.997195802644534],[26.320334467498046,39.99192389102344],[26.40305236300586,40.176490388826174],[26.481711420623046,40.18703802676563],[26.76528266390918,40.37694128604297],[26.996474299041015,40.371661745027346],[27.056124720183593,40.4296947345293],[27.271754297820312,40.450809083894534],[27.32923415621875,40.35583456607227],[27.449610743132812,40.30979498477344],[27.525994333831054,40.297137819246096],[27.76389411410449,40.28725393863086],[27.830164942351562,40.34528311343555],[27.79984382113574,40.40331991763477],[27.679287943450195,40.46135290713672],[27.80783179720996,40.50357016177539],[27.953805002776367,40.48773916812305],[28.00645926913379,40.450809083894534],[27.908217463103515,40.35055502505664],[28.00399116000293,40.36212881656055],[28.47771933993457,40.39510305972461],[28.75644019564746,40.37645300479297],[28.926756891814453,40.35583456607227],[29.052424463835937,40.33473166079883],[29.122286829558593,40.41387137027149],[29.08352759799121,40.45607718081836],[28.873215708342773,40.471908174470705],[28.77795890292285,40.524676881746096],[28.90162185153125,40.62010534854297],[29.52519706210254,40.68828924746875],[29.713147196379882,40.693561159089846],[29.882718119231445,40.746356569246096],[29.683445963469726,40.75163611026172],[29.41717246493457,40.741073213533205],[29.320355448333007,40.741073213533205],[29.28964332064746,40.806686006501955],[29.014533075896484,40.97867163272266],[29.161208185759765,41.21636541934375],[29.577780756560546,41.153365694001955],[30.13762381991504,41.13183554263477],[30.25608733615039,41.18466528506641],[30.744805368987304,41.04032476992969],[31.21768287142871,41.05409201236133],[31.404126200286132,41.16353949160938],[31.385666880217773,41.2850414142168],[31.666388544646484,41.394813142732424],[31.871287378875,41.49144323916797],[32.418982538787105,41.74916800113086],[32.68791106661914,41.84597357364063],[33.15546325167773,41.94960745425586],[33.55554107150195,41.982501588777346],[33.8966551156914,41.95108374209766],[34.30390075167773,41.89411886783008],[34.66290954074023,41.87558325381641],[35.001868280974605,42.043162904695315],[35.09883025607226,41.80586203189258],[35.286074671355465,41.67147787661914],[35.4114370675957,41.626815401033205],[35.67785552462695,41.62093313784961],[35.957793268767574,41.685645662263674],[36.16136840304492,41.35250052066211],[36.38289550265429,41.23751791568164],[36.641245874968746,41.31498297305469],[36.81701186617968,41.289683900789065],[37.25282576998828,41.027721010164065],[37.821841272917965,41.00963171573047],[38.31396392306445,40.920901857332034],[38.6511831613457,40.92156942935352],[39.13864425143359,41.0443187579668],[39.3701773019707,41.06399878116016],[39.66300490817187,41.0004955157793],[40.00671294650195,40.95632895083789],[40.36101439913867,40.963443361238284],[40.609892878142574,41.028026185945315],[41.29311660250781,41.28582342715625],[41.48396209200976,41.436542116121096],[41.2117525587671,40.243789637618185],[39.14792154008981,38.622208122943185],[38.609688547521756,38.36804254311937],[36.49442451607618,37.369167861603394],[36.78925751874435,37.00062660826817],[35.89087584933398,36.7711139545],[35.67174056491015,36.605784975007815],[35.56761458834765,36.58741720767383],[35.50617125949023,36.55855520816211],[35.54760268649218,36.54018362613086],[35.49458983859179,36.443099580720705],[35.417082819548824,36.43260534854297],[35.38869765719531,36.45359381289844],[35.35417846163867,36.41423758120899],[35.22052672824023,36.388003908113284]]],[[[17.30407422969127,43.07620747861257],[17.32624163546834,43.33677334064347],[17.163159587279704,43.39113402337301],[17.054438221820618,43.472675047467334],[16.992262873259765,43.32271536441211],[16.639813456145507,43.38973578067188],[16.711520227996093,43.77132757754688],[16.701476130095703,43.84666021914844],[16.86510097716965,44.24473664154886],[17.45754283464384,44.14599633196983],[17.753763763380935,44.39284710591741],[18.93864747832931,44.39284710591741],[19.785081820576952,44.93614220618158],[20.29067094393689,44.89965639315561],[20.80078338838403,44.931538420933556],[23.542637777287393,45.856117226493986],[24.180278332846314,45.856117226493986],[26.539548388414325,45.250358698713015],[28.368347043126835,45.33088004691821],[30.88622493739214,47.453796702867386],[31.95127013644336,46.864627443269534],[31.781046900359375,46.701861940339846],[31.537734064666015,46.70138128848438],[31.087231669036132,46.635535798982424],[30.83285621127246,46.57659109683399],[30.520461115447265,46.251407228425784],[30.43284740345622,46.17574956961106],[30.068821940032226,45.861400209382815],[29.729748758879882,45.76999243350391],[29.629511866179687,45.75035818667774],[29.50043014010547,45.52336844058399],[29.536093744841796,45.45219763369922],[29.615916285125,45.41020544619922],[29.68321135958789,45.37478979678516],[29.7107649179375,45.25833471866016],[29.578961405364257,45.0575023517168],[29.45752242526172,44.91514929385547],[29.261582407561523,44.895423494294924],[29.089749369231445,44.87573202700977],[28.91823676547168,44.765750490144534],[28.686247858611328,44.48805197329883],[28.573113474456054,44.19782217593555],[28.52988532504199,43.84347113223438],[28.510106119719726,43.74307592959766],[28.480538401213867,43.59228476138477],[28.445693049041015,43.476363740876955],[28.32809546908496,43.43752630801563],[28.187058481780273,43.450118623689455],[28.03463843783496,43.39190252871875],[27.88732055148242,43.06352575869922],[27.869908365813476,42.799876771882815],[27.836163553801757,42.73552282901172],[27.65404418429492,42.68373831363086],[27.50195029696582,42.51634558291797],[27.494702372161132,42.40090139956836],[27.607871088591796,42.41677816958789],[27.722533259001953,42.31621512027149],[27.73771003207324,42.24700125308399],[27.913407358733398,42.078101716951174],[27.91795257052539,41.977672182039065],[28.02620223483203,41.88238485904102],[28.01817801913379,41.75320776553516],[28.069838556853515,41.62496908755664],[28.104397806731445,41.59297140689258],[28.37145713290332,41.43312796206836],[28.740222010222656,41.32482870669727],[29.01236823519824,41.254832826570315],[29.08109954318164,41.200511537507815],[28.96445373019336,40.98923834414844],[28.827807459441406,40.91469915957813],[28.596150431243164,40.94698675723438],[28.173314127532226,41.05789526553516],[28.026368174163085,41.02620657534961],[27.932183298674804,40.95754965396289],[27.474169764128906,40.962833009675784],[27.31304648837207,40.789912782625],[27.26375678500293,40.66717108340625],[26.88892653903125,40.524676881746096],[26.613572153655273,40.39804037661914],[26.51393989047168,40.28197439761524],[26.375863108245117,40.21340902896289],[26.25515845736621,40.081561647371096],[26.140885386077148,40.044654451326174],[26.214289698210937,40.16066702456836],[26.22279647311328,40.223956666902346],[26.19482139071582,40.30307348819141],[26.457545313445312,40.434974275544924],[26.556477579680664,40.49829062075977],[26.45483878573535,40.584308229402346],[26.41806128939746,40.577823244050784],[26.12404159030078,40.602847658113284],[26.020724329558593,40.669322572664065],[25.992875132170898,40.85245855899219],[25.63570502719043,40.87737616153125],[25.301114115325195,40.89594229312305],[25.04631713351367,40.952273927644534],[25.018929514495117,41.01714666934375],[24.812115702239257,40.933421693757815],[24.700663599578125,40.878341279939455],[24.51912787875293,40.873065553621096],[24.504952463713867,40.98406942935352],[24.354302439299804,40.97096212954883],[24.21905806979297,40.82968481631641],[24.025155100432617,40.74636038394336],[23.885952982512695,40.732894502595705],[23.748394999114257,40.80443152041797],[23.634697947112304,40.77275427432422],[23.632977518645507,40.71316870303516],[23.7090559335625,40.63003500552539],[23.78517440280078,40.477191530183596],[23.92370322665332,40.450809083894534],[24.29535201510547,40.176490388826174],[24.220635447112304,40.144847475007815],[24.054778132048828,40.260882936433596],[24.047778162566406,40.3083568439043],[23.923533472625,40.34528311343555],[23.774773630706054,40.392764650300784],[23.722168955413085,40.348243318513674],[23.62723449191211,40.34528311343555],[23.658801111785156,40.28726156802539],[23.651745829192382,40.22922857852344],[23.803664240447265,40.15539129825],[23.868659052458984,40.16067465396289],[23.9201097818291,40.05519827456836],[23.906617197600585,39.997195802644534],[23.796032938567382,39.986651979402346],[23.595772776213867,40.19231756778125],[23.442486795989257,40.25560721011524],[23.34907821139453,40.2819782123125],[23.291760477629882,40.28726156802539],[23.293139490691406,40.24505575747852],[23.259058985320312,40.22922857852344],[23.32103446444629,40.15539129825],[23.36683944186328,40.107928834871096],[23.4364672037041,40.044654451326174],[23.523348841277343,40.018287263826174],[23.592185053435546,40.00246389956836],[23.638585123625976,39.96034201236133],[23.596890482512695,39.93405493350391],[23.37439254244922,39.955089174226565],[23.260525736418945,39.970870576814455],[23.27630904635547,40.04992254825],[23.214777979460937,40.181766115144534],[23.141140970793945,40.26615484805469],[22.960160288420898,40.314708314851565],[22.748055491057617,40.482467256501955],[22.86390212496875,40.535228334382815],[22.875462565032226,40.596324525789065],[22.85194686373828,40.65133627505664],[22.769967112151367,40.66717108340625],[22.701254877654296,40.57744940371875],[22.492066416350585,40.49829062075977],[22.60226539095996,40.39723929019336],[22.489617380706054,40.23052557559375],[22.467362436858398,40.118480287507815],[22.52561286410449,40.064166627839846],[22.555129084197265,39.986651979402346],[22.695097956267578,39.834483705476565],[22.75447371920703,39.81834753604297],[22.813431772795898,39.602740846589846],[23.07416823825,39.41345175357227],[23.236084971038085,39.20315893741016],[23.15849975070117,39.140079103425784],[23.05191710909961,39.10328634829883],[23.099806818572265,39.1873851642168],[23.045252832976562,39.27149923892383],[22.98130134066699,39.329330049470705],[22.918986353484375,39.345103822664065],[22.85085395297168,39.36613043399219],[22.720257792083007,39.287269197419924],[22.766058954802734,39.20278891177539],[22.83488372286914,39.16636236758594],[22.871062311736328,39.02434881778125],[22.784213099089843,38.94033392520313],[22.490498575774414,38.87685354800586],[22.60231307467578,38.856238923982424],[22.723288569060546,38.793170534089846],[22.899373087493164,38.766891084626955],[22.98423102816699,38.66704138369922],[23.099801096526367,38.67229803653125],[23.16949180087207,38.66704138369922],[23.190995249358398,38.61034353824024],[23.356156382170898,38.48950155825977],[23.493844065276367,38.483131013826174],[23.555766138640625,38.351764284089846],[23.682751688567382,38.34651144595508],[23.803948435393554,38.34651144595508],[23.96074393710254,38.20991476626758],[23.966990503875,38.15213354678516],[23.880024942961914,38.11535605044727],[23.987299952117187,37.76342733950977],[23.918181452361328,37.684642396882815],[23.83551314791797,37.684642396882815],[23.733683619109375,37.85785635562305],[23.634148630706054,37.878978334382815],[23.5407152505791,38.004100404695315],[23.495701822844726,38.06807669253711],[23.419257196990234,38.06807669253711],[23.195841822234375,38.00503882022266],[22.98061469515918,37.957767091707034],[22.898057016936523,37.89998968692188],[23.03996756991504,37.85796698184375],[23.045392069426757,37.773578248933596],[23.048874888030273,37.64263113589649],[23.151383432952148,37.59012182803516],[23.220547709075195,37.601825319246096],[23.32170775851367,37.63738211245899],[23.312159571257812,37.548106752351565],[23.418124231902343,37.46934088321094],[23.184979471770507,37.42733343692188],[23.185792002288085,37.374827943757815],[23.109564814177734,37.34664114566211],[22.970976862517578,37.38532217593555],[23.025345835295898,37.479842744783205],[22.94206908663867,37.518390260652346],[22.713290247527343,37.543433748201174],[22.64231780490039,37.58486517520313],[22.638745340911132,37.492286287263674],[22.726239237395507,37.28850897403125],[22.813349756804687,37.212054811433596],[22.79310897311328,37.1385570392168],[22.886887583342773,37.04668005557422],[22.982552561370117,36.6147533282793],[22.67355445345996,36.754283510164065],[22.524447474089843,36.722125612214846],[22.39029601534961,36.524371705964846],[22.191407236663085,36.855235658601565],[21.984171900359375,37.02048071475391],[21.78091529330371,36.82254370303516],[21.588168177214843,36.9814411029375],[21.531443628875,37.11514624209766],[21.626500162688476,37.30651815982227],[21.613707575408203,37.41484793277149],[21.517313990203125,37.53575857730274],[21.296347651091796,37.72654303164844],[21.221131357756835,37.82839544864063],[21.22843078097461,37.90490683169727],[21.440451654998046,38.179515443757815],[21.714499506560546,38.135440431550784],[21.90576652011035,38.26973684878711],[21.99668792208789,38.25078161807422],[22.747214350310546,37.95260580630664],[22.898655924407226,37.9975543841875],[23.116345438567382,38.157394014314455],[22.99674323519824,38.17934378238086],[22.875638041106445,38.204600892976565],[22.333741221038085,38.426707826570315],[21.826472315398437,38.46395834536914],[21.66125777682422,38.43810995669727],[21.364455256072265,38.412005983308596],[21.172404322234375,38.34783896060352],[20.771830591765625,38.85093268008594],[20.892598185149414,38.895831666902346],[21.00650886019824,38.87054403872852],[21.104685816375,38.92177542300586],[21.15951636752246,39.004825197175784],[21.007184061614257,39.112987123445315],[20.901148829070312,39.06173285098438],[20.67775252780078,39.08042486758594],[20.211808237639648,39.404925905183596],[20.122382196990234,39.551009736970705],[20.090828928557617,39.60253103824024],[20.028559717742187,39.81378134341602],[19.803648981658203,40.016963563875],[19.369067225066406,40.26028021426563],[19.38022521456836,40.32358130069141],[19.483712229338867,40.29589041324024],[19.49448302706836,40.4027171954668],[19.33922294100879,40.58873709292774],[19.527255091277343,40.865890108064455],[19.445403132048828,40.96489676089649],[19.529950174895507,41.21844442935352],[19.416991266814453,41.345252595857424],[19.498915705291015,41.52362021060352],[19.619383844939453,41.559302888826174],[19.60696509799121,41.761539064363284],[19.457886728850585,41.79808386416797],[19.36771300753711,41.84637030215625],[19.338465723601562,41.86202200503711],[19.14303687533496,41.93209036441211],[19.135544809905273,41.99954184146289],[18.909899744597656,42.217792116121096],[18.52864364108203,42.35274466128711],[18.51358893832324,42.362140260652346],[18.248711618987304,42.52743872256641],[18.001368555632812,42.69445761294727],[17.64638045748828,42.864600740388674],[17.59567931613086,42.888900361970705],[17.547980341521484,42.92011984439258],[17.30407422969127,43.07620747861257]]],[[[26.91861,36.716103],[26.917770000000132,36.755272],[26.921944,36.761101],[27.060833000000116,36.837212000000136],[27.06415900000013,36.838875],[27.152493000000106,36.881386],[27.168053,36.887215],[27.177498000000128,36.888878],[27.284443,36.900551],[27.340549000000124,36.885277],[27.346661,36.881104],[27.35277600000012,36.872208],[27.355553,36.865273],[27.35527,36.858887],[27.344166,36.849442],[27.329437,36.842766],[27.302498,36.837494],[27.27944200000013,36.83416],[27.243332,36.826935],[27.218327,36.8197100000001],[27.03611,36.766106],[27.028049,36.763611],[26.992222,36.751389],[26.980553,36.746941000000106],[26.974159,36.742775],[26.971943000000124,36.740273000000116],[26.970551,36.736382],[26.966389,36.703606],[26.965832,36.681664],[26.971386,36.672211],[26.96666,36.672493000000145],[26.953053,36.675278],[26.946384000000137,36.679153],[26.923054,36.7061],[26.92083,36.708878],[26.91861,36.716103]]],[[[26.820553,37.11055],[26.769444,37.169434],[26.768330000000105,37.173325],[26.76916100000011,37.176384],[26.778049,37.187775],[26.7808270000001,37.189995],[26.785553,37.190819],[26.820553,37.18721800000014],[26.855,37.18277],[26.85833,37.181107],[26.860554,37.177216],[26.87249800000012,37.150551],[26.888882,37.1091540000001],[26.889721,37.101662],[26.889164,37.09861],[26.886662,37.09665700000011],[26.863888,37.095276],[26.853886,37.09665700000011],[26.849442,37.097771],[26.820553,37.11055]]],[[[25.789157796122215,36.40489303146257],[25.872782270282734,36.35592882884054],[25.76635112135116,36.33755930622052],[25.713135546885383,36.34980613615219],[25.73594222165643,36.38653506822634],[25.789157796122215,36.40489303146257]]]]}}]}