{"type":"FeatureCollection","features":[{"type":"Feature","properties":{"name":"Luxembourg","subject":"Luxembourg","partOf":"Luxembourg","borderPrecision":3,"color":"#739b91"},"geometry":{"type":"MultiPolygon","coordinates":[[[[5.823500189391357,49.50710638614063],[5.884400400725585,49.66353567691211],[5.745062384215576,49.755260072664065],[5.737923655120117,49.90245779605274],[5.833756479827148,50.047408662751955],[5.94377568682788,50.11381109805469],[6.007444891539794,50.149974428132815],[6.108513388243896,50.11745413394336],[6.136599573699218,49.981978975251955],[6.321478399840576,49.84161337466602],[6.530922445861084,49.79842718692188],[6.511355433074218,49.668929658845705],[6.3994536729729,49.60418661685352],[6.433043036071044,49.445331178621096],[6.367956194487792,49.47348364444141],[6.112331900206787,49.47865255923633],[5.823500189391357,49.50710638614063]]]]}},{"type":"Feature","properties":{"name":"Switzerland","subject":"Switzerland","partOf":"Switzerland","borderPrecision":3,"color":"#b47c6f"},"geometry":{"type":"MultiPolygon","coordinates":[[[[9.58434775790332,47.40905722232227],[9.464611086455566,47.28552206607227],[9.560831102935058,47.155860506013674],[9.520760569182617,47.06943853946094],[9.800573381987792,47.041663728669924],[9.804178270903808,46.97686728091602],[10.051520380583984,46.86773642154102],[10.311843905059082,47.0169750079668],[10.408574137297851,46.96452673526172],[10.395699534026367,46.88741263003711],[10.338723215666992,46.74834784121875],[10.389193567839843,46.65275915713672],[10.372107538787109,46.566302858308596],[10.23034385165332,46.58925589175586],[10.151240381804687,46.66186483950977],[10.023653063384277,46.62089880557422],[9.987427744475585,46.4980541095293],[10.097109827605468,46.438914857820315],[9.994528803435546,46.25247534366016],[9.884957346526367,46.402530275300784],[9.67374041995166,46.37979086490039],[9.642048868743164,46.32522162051563],[9.544866594878417,46.31158407779102],[9.44099715670703,46.37523611636524],[9.376799616423828,46.53445013614063],[9.210068735686523,46.4980541095293],[9.218277010527832,46.34795721621875],[9.026975664702636,46.17519339175586],[9.018927607146484,45.93436010928516],[8.890725168791992,45.86623724551563],[8.717579874602539,46.00704535098438],[8.761700663176757,46.088843904451174],[8.621939692107421,46.12065847964649],[8.381559404937011,46.28429754825],[8.374507937041503,46.47075995059375],[8.024794611541015,46.28884466739063],[8.070898089019042,46.19337423892383],[7.913880381194335,45.99897726626758],[7.789928946105224,45.92696722598438],[7.506788763610107,46.002513490632815],[7.22479489764331,45.910934053376955],[6.955283197966796,45.93890341372852],[6.909935030547363,46.129806123689455],[6.807361283529001,46.3939942785789],[6.856912456646007,46.38532553426575],[6.860532891338509,46.39567135854787],[6.918682026631522,46.395206936852965],[6.930871450577103,46.408351227966136],[6.900908887160469,46.439689214556104],[6.857901656145032,46.44947118554421],[6.832041624067764,46.46683262184003],[6.776516670160192,46.47343742783546],[6.769073996154052,46.49260672183399],[6.746094491147845,46.48710250305781],[6.742657920910335,46.48864679559679],[6.720869389583737,46.485596225120794],[6.689435812086666,46.50021827068076],[6.59204288810731,46.51769616755476],[6.558787383904959,46.507196480082904],[6.511094375255204,46.515893700404824],[6.448639414796144,46.47363192883472],[6.399366830301586,46.458688728465745],[6.384794633556074,46.46430289385845],[6.346871930666223,46.46094815254606],[6.2912738204431,46.422658307372956],[6.274123806967107,46.39014042210051],[6.258912357066373,46.3925019868991],[6.248222955748419,46.38605643507135],[6.171351592047537,46.295829635984404],[6.147796147590462,46.20673725502066],[6.172219470275174,46.211872294689975],[6.193824202060431,46.238419184332706],[6.199127865688836,46.263974311208905],[6.235320097735189,46.289106588791334],[6.27784874181629,46.35037762441313],[6.30354410983879,46.36604951821137],[6.343528405304224,46.37010514332916],[6.360944279594113,46.347862108145755],[6.383716630705969,46.341576204815574],[6.107919725981933,46.125533662751955],[5.941489252654296,46.175540529207034],[6.048988375273925,46.27716024966602],[6.054619822112304,46.42192801089649],[6.018594774810058,46.48354300113086],[6.058368239012939,46.616065584138674],[6.381529364196044,46.80413015933399],[6.364301237670166,46.94601782412891],[6.623342070189697,47.05401190371875],[6.628670248595459,47.08795126529102],[6.866266760436279,47.31022986026172],[6.944232973662597,47.32567175479297],[6.89196494540332,47.36581381411914],[6.822959456053955,47.37817343325977],[6.921917471495849,47.51408728213672],[7.12291673144458,47.51100119204883],[7.120884451476318,47.46775396914844],[7.333420309630615,47.464664064363284],[7.506581816283447,47.60370596499805],[7.628408941832763,47.56352957339649],[7.751046690551025,47.616065584138674],[7.872660669890625,47.572799287751955],[8.127995524016601,47.64388235659961],[8.2530594201958,47.59443625064258],[8.412250551787597,47.60370596499805],[8.33202842196582,47.693343721345705],[8.65083602389453,47.78298910708789],[8.658565554229003,47.7149730548418],[8.748005899993164,47.72116430850391],[8.815385851470214,47.680972658113284],[8.983487283772465,47.679618759299416],[8.93572619268792,47.65900040517249],[8.89424668674045,47.651981092802714],[8.859761867303298,47.65720259885761],[8.906531941740655,47.64470239066858],[8.960973389973663,47.65681014096839],[8.98349781779857,47.66997824848036],[9.065714698442651,47.674216536574775],[9.090169214235457,47.67299879536117],[9.09631748974732,47.666038767172346],[9.177931706890412,47.664332143247975],[9.191228667349208,47.648048045875626],[9.300064856849982,47.61072946127637],[9.382401971062464,47.5712252392877],[9.38681144658924,47.544314745924304],[9.437436949905864,47.518945191698386],[9.435761421667744,47.506522607680544],[9.466216843906906,47.49633046022211],[9.481890678413858,47.48171362179569],[9.52988310330231,47.48141384927814],[9.53932315928003,47.4872009429331],[9.58434775790332,47.40905722232227]]],[[[9.1985578866875,47.67788656802539],[9.216057312656227,47.67100283816657],[9.217880454657571,47.666308565142764],[9.12427050641381,47.670700736835244],[9.118142444734893,47.67853423872031],[9.1985578866875,47.67788656802539]]]]}},{"type":"Feature","properties":{"name":"France","subject":"France","partOf":"France","borderPrecision":3,"color":"#b47c6f"},"geometry":{"type":"MultiPolygon","coordinates":[[[[9.414238962737304,42.90952643008594],[9.432161364165527,42.79413565249805],[9.405494722930175,42.58059652896289],[9.458552393523437,42.55605658145313],[9.486711535063964,42.4063793048418],[9.45250895938037,42.04830511660938],[9.35745624026416,41.90121039004688],[9.30453875979541,41.575267396882815],[9.173024210540039,41.34990652652149],[9.038939509001953,41.36949881167774],[9.01326850375293,41.457679353669924],[8.828752550688964,41.49197729678516],[8.726921114531738,41.56056936831836],[8.85464862307666,41.65367849917774],[8.823254618254882,41.68797644229297],[8.62692645510791,41.73208960147266],[8.74244979342578,41.8815990314043],[8.692829165068847,41.913463197664065],[8.561865839568359,41.8815990314043],[8.537932428923828,41.94778021426563],[8.589588198271972,41.957591615632815],[8.668312105742675,42.02868612857227],[8.626454386321289,42.09734304995899],[8.510698351470214,42.13412436099414],[8.51724627932666,42.20770224185352],[8.628421816436035,42.26165731997852],[8.500446352568847,42.359778963044924],[8.60930064639209,42.48734625430469],[8.879002604094726,42.624766908601565],[9.000392946807128,42.63458975406055],[9.018427881804687,42.69103964419727],[9.149460825530273,42.710670076326174],[9.237692865935546,42.664039216951174],[9.280391726104003,42.727855287507815],[9.270520243254882,42.882510744050784],[9.303189310637695,42.983192048982424],[9.367051157561523,42.988101564363284],[9.414238962737304,42.90952643008594]]],[[[-1.746070232781189,43.36016043277149],[-1.561407771500367,43.524425111726565],[-1.314379182251709,44.558963380769534],[-1.135849919708985,44.600101076082034],[-1.230320539864319,44.730411134675784],[-1.331778016480225,44.61382635684375],[-1.275514092835206,45.12873037906055],[-1.175191727074402,45.50050314517383],[-1.123440351876038,45.431617341951174],[-0.900364187153595,45.29391058535938],[-0.814226653965729,45.12184103579883],[-0.728486028107422,45.01864203067188],[-0.854702380093354,45.321448884919924],[-1.138394918831604,45.58316382022266],[-1.247395124825257,45.688148103669924],[-1.236505594643372,45.8000446185625],[-1.075199690254944,46.01461752505664],[-1.165981498154419,46.18368109317188],[-1.256056633385437,46.30683096499805],[-1.402668443115967,46.403934083894534],[-1.710726466568726,46.44879110904102],[-1.942478146942872,46.70579870791797],[-2.129660334976929,46.85084494204883],[-2.004645553025025,47.04250296206836],[-2.109477606209534,47.124042116121096],[-2.263749804886597,47.18288382144336],[-2.493711915406006,47.24692114444141],[-2.576483931931275,47.324866853669924],[-2.465543475540894,47.49438437075977],[-2.613652196320313,47.572249971345705],[-2.842474189194458,47.49190481753711],[-3.062696423920411,47.60393866153125],[-3.433526244553345,47.71681173892383],[-3.711868014725464,47.79814871402149],[-3.858102050217408,47.79180868716602],[-3.954837766083497,47.90433844180469],[-4.364373650940674,47.82931097598438],[-4.390935388001221,47.94184836001758],[-4.510127511414307,47.99813040347461],[-4.675397363098877,48.01689489932422],[-4.700306382569092,48.06380423159961],[-4.312866177948731,48.10133322329883],[-4.350984063538331,48.204566560701174],[-4.587968316468018,48.25149496646289],[-4.388901677521485,48.298438631013674],[-4.350201573761719,48.390506349519534],[-4.473793950470704,48.382937990144534],[-4.592021432312745,48.392318330720705],[-4.779634442719239,48.354774080232424],[-4.761963334473389,48.55200155825977],[-4.625704255493897,48.546668611482424],[-4.488299336823243,48.61226614566211],[-4.251477208527344,48.65191229434375],[-3.998872962387818,48.73053701968555],[-3.902217355164307,48.64596136660938],[-3.821306434067505,48.721149049714846],[-3.607873406800049,48.692950807527346],[-3.557670083435791,48.810077272371096],[-3.435057845505494,48.83645971866016],[-3.091225352677125,48.87155111880664],[-2.914459433945435,48.70678671450977],[-2.79053541699292,48.58958014102344],[-2.636378016861695,48.55200155825977],[-2.342885461243409,48.67414816470508],[-2.200072136315125,48.598983369783205],[-2.07596763649823,48.65615805240039],[-1.870566811951416,48.711742006257815],[-1.857612696083802,48.60836752505664],[-1.591356840523499,48.63750036807422],[-1.456587758454102,48.683551393464846],[-1.575547900589722,48.76814230533008],[-1.588412251862305,48.88095053286914],[-1.563408580216187,49.036239229158205],[-1.579779472740906,49.2290111407793],[-1.638999786766785,49.219607912019534],[-1.891543593796509,49.526351533845705],[-1.941284146698731,49.70930441470508],[-1.52424713650586,49.65277060122852],[-1.250969496163147,49.69987829776172],[-1.288660493286866,49.520972810701174],[-1.177143421562928,49.33254965396289],[-1.023191001805085,49.39845999331836],[-0.464948442372101,49.35137899966602],[-0.239364930036086,49.28548773379688],[-0.203663793,49.291812501863284],[0.032870042530281,49.33370550723438],[0.330848249999267,49.45495565982227],[0.090372207967025,49.51055487246875],[0.115054044333679,49.60227545352344],[0.189372840729934,49.681026063875],[0.528559717742187,49.8258014545],[0.868757519332153,49.90724905581836],[1.274518880454284,50.00430258365039],[1.416228327361328,50.10984381289844],[1.551989111510498,50.22880896182422],[1.528296861258728,50.57772787661914],[1.58892014941333,50.821883760408205],[1.823555264083129,50.93456228824024],[2.030328068343383,51.006656251863284],[2.442595991698486,51.04803045840625],[2.522131952849609,51.09112127871875],[2.615729364958984,50.890216432527346],[2.755482468215209,50.73915823550586],[2.875059876052124,50.68182333560352],[2.938276085463745,50.713756166414065],[3.122844490615112,50.807132326082034],[3.191876682845336,50.730723939851565],[3.28275969943164,50.52432592959766],[3.370317253676635,50.4646068439043],[3.603379520980102,50.47003897281055],[3.674962076750976,50.334369264558596],[3.791464838591796,50.339786134675784],[4.050887617675048,50.31808813662891],[4.21956971606372,50.24215658755664],[4.14781621417163,50.13371618838672],[4.188459906188232,50.05494650454883],[4.156314882842285,49.965777955964846],[4.28462794741748,49.91097982974414],[4.467481646147949,49.94473227115039],[4.668095144835693,49.96037634463672],[4.754919085112792,50.10118826480274],[4.865410837737304,50.13371618838672],[4.81162408312915,49.965777955964846],[4.877066645232421,49.88479956241016],[4.859871897307617,49.78224142642383],[5.097706827727539,49.76065405459766],[5.251278433409912,49.674327455476565],[5.41808799227832,49.582618318513674],[5.475416693297607,49.480140291169924],[5.787845644561035,49.55865439029102],[5.823500189391357,49.50710638614063],[6.112331900206787,49.47865255923633],[6.367956194487792,49.47348364444141],[6.433043036071044,49.445331178621096],[6.625501665679199,49.30178793521289],[6.77724269351123,49.17690237613086],[6.954413923827392,49.20173605533008],[6.974740538207275,49.13656958194141],[7.284997973052246,49.164493165925784],[7.317378077117187,49.18621405215625],[7.422812018004638,49.183108888582034],[7.465429815856201,49.09933432193164],[7.670458349791748,49.05900915713672],[7.885707888213378,49.06520804019336],[8.15829566439746,48.97834738345508],[7.729077848998291,48.615619264558596],[7.704579386321289,48.519576631501955],[7.68064263781665,48.358523927644534],[7.536028418151123,48.19133719058399],[7.502136263457519,48.058272920564455],[7.543118509856445,48.02423056216602],[7.445963415709716,47.70879324527149],[7.506581816283447,47.60370596499805],[7.333420309630615,47.464664064363284],[7.120884451476318,47.46775396914844],[7.12291673144458,47.51100119204883],[6.921917471495849,47.51408728213672],[6.822959456053955,47.37817343325977],[6.89196494540332,47.36581381411914],[6.944232973662597,47.32567175479297],[6.866266760436279,47.31022986026172],[6.628670248595459,47.08795126529102],[6.623342070189697,47.05401190371875],[6.364301237670166,46.94601782412891],[6.381529364196044,46.80413015933399],[6.058368239012939,46.616065584138674],[6.018594774810058,46.48354300113086],[6.054619822112304,46.42192801089649],[6.048988375273925,46.27716024966602],[5.941489252654296,46.175540529207034],[6.107919725981933,46.125533662751955],[6.383716630705969,46.341576204815574],[6.389247743870544,46.340049439200115],[6.413511182182861,46.36002808258668],[6.477321964444022,46.375612154443324],[6.484300994278125,46.39337594537425],[6.514880880306399,46.404865961350175],[6.545074937533656,46.39478964497198],[6.636771707491414,46.40672155389668],[6.725509048568351,46.40831394149905],[6.807361283529001,46.3939942785789],[6.909935030547363,46.129806123689455],[6.955283197966796,45.93890341372852],[6.674510035125,45.80327185244922],[6.914330515471679,45.64829596133594],[6.925548586455566,45.516681276277346],[7.11911395510791,45.430484376863284],[7.029197249022705,45.30801733584766],[6.7859282823479,45.14932211490039],[6.703588518706542,45.199195466951174],[6.507319483367187,45.115707002595705],[6.665318045226318,44.95452078433399],[6.942603621093017,44.86865194888477],[7.003469976989013,44.71953543277149],[6.924694094268066,44.71501883120899],[6.782917532531005,44.54787405581836],[6.869778189269287,44.34917028994922],[7.209197077361328,44.17309530825977],[7.591079744902832,44.204696260408205],[7.618774447051269,44.078311525300784],[7.552810225096923,43.867450319246096],[7.397118601409179,43.76409491153125],[7.297616514769775,43.667300783113284],[6.923080000487548,43.44766577334766],[6.523014101592285,43.15085180850391],[6.331224951354248,43.11186941714649],[6.18777850588916,43.092288576082034],[5.828570398894531,43.020816408113284],[5.646554979888183,43.03331717105274],[5.434490236846191,43.103656373933596],[5.051816973296386,43.32809790225391],[4.909845861998779,43.366439424470705],[4.750594648925048,43.35325964541797],[4.646513971892578,43.320865236238284],[4.416764769164306,43.34614523501758],[4.078196081725341,43.48708685489063],[3.807468924132568,43.467227540925784],[3.478712830153686,43.31209524722461],[3.317868027297241,43.19595297427539],[3.067900213805419,42.944564424470705],[3.001891169158203,42.77080877871875],[3.045898947325927,42.53945501895313],[3.087081465331298,42.36864431949024],[2.936504158583862,42.40964087100391],[2.599267038909179,42.34814413638477],[2.581510099974853,42.28666266055469],[2.363173756209594,42.293494783357424],[2.171107086745483,42.38231619449024],[1.99367073496936,42.30715521426563],[1.876118454543334,42.31398733706836],[1.860095295516235,42.38231619449024],[1.709228429404479,42.42331274600391],[1.616605672446472,42.40964087100391],[1.448152098265869,42.37548025699024],[1.364396247473938,42.40964087100391],[1.348705086318237,42.53948172183399],[1.307450089064819,42.63517340274219],[0.744199428168518,42.77189215274219],[0.584142002669555,42.77189215274219],[0.591923627463562,42.628333650544924],[0.347843679991943,42.63517340274219],[0.196265372840148,42.607825838044924],[0.179550382701141,42.66251715274219],[-0.165626824440974,42.64883764834766],[-0.203663793,42.70031317325],[-0.216141254248637,42.717200838044924],[-0.409914609583634,42.785567842439455],[-0.46883657256009,42.75139196963672],[-0.586789485605973,42.765060029939455],[-0.611982133778351,42.73087652774219],[-0.840018358620423,42.90865286441211],[-0.907353666218537,42.881297670320315],[-1.397272315415162,43.031756959871096],[-1.44755240956189,42.98387869449024],[-1.515127864273804,42.997562013582034],[-1.557671156319397,43.04543264956836],[-1.465651359947937,43.15488775821094],[-1.491382804306763,43.20962103457813],[-1.702391829880494,43.19593771548633],[-1.914577808769959,43.3054157123125],[-1.746070232781189,43.36016043277149]]],[[[6.769073996154052,46.49260672183399],[6.776516670160192,46.47343742783546],[6.776499274150077,46.47343949712618],[6.746094491147845,46.48710250305781],[6.769073996154052,46.49260672183399]]]]}},{"type":"Feature","properties":{"name":"United Kingdom of Great Britain and Ireland","subject":"United Kingdom of Great Britain and Ireland","partOf":"United Kingdom of Great Britain and Ireland","borderPrecision":3,"color":"#a88992"},"geometry":{"type":"MultiPolygon","coordinates":[[[[33.78049758395312,35.2081371173418],[33.77266601046679,35.129283510164065],[33.92467406710742,34.95322760196094],[33.79195693453906,34.95737036319141],[33.73257735690234,34.90862234683399],[33.685820612517574,34.93486746402149],[33.5385122629082,34.944156251863284],[33.4839353891289,34.79579123111133],[33.13139251193164,34.680335603669924],[32.95861724337695,34.659339509919924],[32.91454604586718,34.635726533845705],[32.91451552828906,34.54125937075977],[32.81665709933398,34.538638673738284],[32.78413680514453,34.625228486970705],[32.60339263400195,34.61473425479297],[32.357180628386715,34.680335603669924],[32.27109054049609,34.71969565005664],[32.27097991427539,34.81415518374805],[32.19850066622851,34.86138876529102],[32.14372161349414,35.042544923738284],[32.18047622164843,35.05831488223438],[32.23445800265429,35.01363333316211],[32.30098632296679,35.01626165957813],[32.48311522921679,35.15294226260547],[32.5969839425957,35.15557440371875],[32.74495223483203,35.11427267642383],[32.77952483615039,35.15294226260547],[32.81907180270312,35.2817455157793],[32.79511168917773,35.36061056704883],[33.07747939547656,35.3186107501543],[33.37370971163867,35.30648001284961],[33.53904250582812,35.33169516177539],[33.907317194548824,35.436847291902346],[34.21733764132617,35.573566041902346],[34.45821288546679,35.64456137271289],[34.24465468844531,35.511844240144534],[34.04842666110156,35.40793188662891],[33.78049758395312,35.2081371173418]]],[[[-6.343146768006104,53.93964346499805],[-6.443396058472413,53.89937933535938],[-6.334980454834717,53.78598364444141],[-6.172213521393555,53.43919714541797],[-6.043061223419922,52.89308889956836],[-6.070682969483155,52.766604982332034],[-6.232112851532715,52.61333426089649],[-6.340896096619385,52.42706259341602],[-6.405971017273682,52.21443899722461],[-6.489150014313477,52.19435843081836],[-6.616821256073731,52.22066458316211],[-6.893897023590821,52.206649385408205],[-6.961679425629395,52.111201845125],[-7.372407880219239,52.092113100007815],[-7.750648942383545,52.03270681949024],[-7.86164948025586,51.96809347720508],[-8.15881392041089,51.839644990876955],[-8.565231290253418,51.61545141787891],[-8.84775730648877,51.59982260318164],[-9.243309941681641,51.47262915225391],[-9.819109883698243,51.434554658845705],[-9.795244183930176,51.604632936433596],[-9.835420575531739,51.80326422305469],[-10.216907468231934,51.75834997744922],[-10.294031110199708,51.97762640567188],[-9.96377464810254,52.092113100007815],[-10.497328725250977,52.10165365786914],[-10.469237294586915,52.206649385408205],[-9.890640225800293,52.19443091006641],[-9.801606145294922,52.241084657625],[-9.784003224762696,52.3407054767168],[-9.735718694123047,52.48028143496875],[-9.503988233002442,52.54054983706836],[-9.192634549530762,52.55445822329883],[-9.134288754853028,52.68089636416797],[-9.615690198334473,52.636634431794924],[-9.441564526947754,52.83327826114063],[-9.525756802948731,52.90455587954883],[-9.309349980744141,53.11526831241016],[-8.9969987539375,53.12044485659961],[-8.923582997711915,53.16057547183399],[-9.001670804413575,53.30037649722461],[-9.158159222992676,53.2206989154375],[-9.297359433563965,53.279803834871096],[-9.440665212067383,53.26620825381641],[-9.616703954132813,53.34587820620899],[-9.802919354828614,53.34535177798633],[-9.884814229401368,53.29739721866016],[-10.159825292023438,53.374122224763674],[-10.02107330838086,53.51185568423633],[-10.151425328644532,53.575641237214846],[-9.80959984341504,53.63241537661914],[-9.872389760407227,53.767718873933596],[-9.696483579071778,53.8734203204668],[-9.912850346955079,53.96955832095508],[-10.178537335785645,53.9118724689043],[-10.159675565155762,54.13307150454883],[-9.988787618073243,54.25371512027149],[-9.891974416168946,54.32558401675586],[-9.4742936758125,54.241309724763674],[-9.32290550747754,54.275069795564455],[-9.08584496060254,54.258189760164065],[-8.590084996613282,54.20284994693164],[-8.686731305512208,54.364112459138674],[-8.30057999173047,54.48934897036914],[-8.21147915402295,54.6339183673418],[-8.829358067902344,54.6339183673418],[-8.760042157562989,54.701427064851565],[-8.50373932400586,54.749644838289065],[-8.476253476532715,54.87985190005664],[-8.345380750092286,55.09528311343555],[-8.11831804791333,55.176631532625],[-7.756225076111573,55.25272711367969],[-7.426504734337652,55.29408603133693],[-7.333892085543201,55.38362640535836],[-7.111621728436517,55.31517256371226],[-6.963441490365394,55.2413206454114],[-6.99682375470044,55.17202337832813],[-6.645197835358399,55.2064281329668],[-6.454310384186524,55.18654974551563],[-6.279264417084473,55.139693819001955],[-6.116521325501221,55.16022451968555],[-6.018187966736573,55.093001924470705],[-5.784886327179688,54.73741873355274],[-5.763683762940186,54.656993471101565],[-5.799925771149415,54.52288778872852],[-5.661512818726319,54.32224615664844],[-5.731388535889405,54.174869142488284],[-5.912154164704102,54.02737768741016],[-6.071708169373291,53.973590455964846],[-6.206393208893555,53.95674856753711],[-6.343146768006104,53.93964346499805]]],[[[0.081015858260375,53.3862262591875],[0.174518886414749,53.29305990786914],[0.267848494855148,53.12666281314258],[0.250867608395797,53.04005392642383],[0.00550119897483,52.786666475251955],[0.326831850615722,52.707477174714846],[0.504670116511566,52.847510896638674],[0.741839024630767,52.901195131257815],[1.012664351073486,52.88841589541797],[1.375926766005737,52.809241853669924],[1.585714611617309,52.650043092683596],[1.691691670027954,52.311420045808596],[1.656872067061645,52.21178396792774],[1.511889729109985,52.02575644107227],[1.031286153403503,51.812720857576174],[0.68621805628894,51.56038626284961],[0.254172805157882,51.453597627595705],[0.804253611174804,51.37826880069141],[1.030067357627136,51.35884817691211],[1.189365777579528,51.40547140689258],[1.364680680838806,51.35290487857227],[1.334964427558166,51.12069662661914],[0.886016640273315,50.981891237214846],[0.888346943465454,50.89267309756641],[0.672568890658599,50.930667482332034],[0.191810223666412,50.73128470034961],[-0.203663793,50.79532965274219],[-0.335705709251183,50.816714845613284],[-0.839040127190369,50.72180136294727],[-1.103359904679078,50.816714845613284],[-1.372512188347596,50.766273103669924],[-2.085358705910462,50.702823244050784],[-2.023685899170655,50.570010744050784],[-2.431994643601197,50.64588888736133],[-2.550505128296631,50.570010744050784],[-2.960618939789551,50.72180136294727],[-3.110884395035523,50.65736349673633],[-3.521466937454957,50.61743124575977],[-3.563183036240357,50.361434541658205],[-3.715036120804566,50.219337068513674],[-3.88174339810254,50.200397096589846],[-4.00423809567334,50.314063631013674],[-4.242629018219727,50.39146002383594],[-4.303295102509278,50.32354315371875],[-4.540565457733887,50.35795172305469],[-4.967033830078858,50.21224554629688],[-5.282338586243409,49.963824830964846],[-5.429218259247559,50.06785162539844],[-5.777813401612061,50.13411673159961],[-5.237766232880372,50.34629400821094],[-5.016647305878418,50.56051977725391],[-4.815270390900391,50.60416754336719],[-4.604564633759278,50.77874716372852],[-4.551536527069825,50.99715765567188],[-4.442557301911133,50.96866186709766],[-4.277284589203614,51.063670717195315],[-4.280993905457276,51.18723639102344],[-3.825231519135254,51.234778963044924],[-3.482996192368287,51.181109987214846],[-3.066043343933838,51.177737794832034],[-3.033148970993775,51.32989462466602],[-2.894663300904053,51.39384802432422],[-2.750154700669068,51.644027315095705],[-3.172751632126587,51.46690710635547],[-3.499117579849976,51.45965536685352],[-4.159330811890381,51.67681463809375],[-4.998957600983399,51.70170172305469],[-5.178603139313477,51.787471376375],[-5.248757806214112,51.860213838533205],[-5.061464276703614,52.00643499942188],[-4.619082894715088,52.093516908601565],[-4.294657674225586,52.200320802644534],[-4.123608317765015,52.37326391787891],[-4.09387489834668,52.74550970645313],[-4.14754601994397,52.83189734073047],[-4.468318429383057,52.81130179019336],[-4.621350255402344,52.83098181338672],[-4.491883244904297,52.990977846101565],[-4.317542043122071,53.09120901675586],[-3.956724610718506,53.205150209382815],[-3.329535689743775,53.233016572908205],[-2.914475407990235,53.26714285464649],[-3.056740966233033,53.513614259675784],[-2.979541268738526,53.82085379214649],[-2.865320411118287,54.02827414126758],[-2.885938134583252,54.16866644473438],[-3.261474337967652,54.14118155093555],[-3.479265180023926,54.274600587800784],[-3.569233384522217,54.41502722354297],[-3.430405822190064,54.64308127017383],[-3.152525153549927,54.838058076814455],[-3.308701720627564,54.88473471255664],[-3.576675858887452,54.924483858064455],[-3.907677379044312,54.789668642],[-4.121606316956299,54.762435518220705],[-4.460701909455079,54.862403474763674],[-4.50027367154004,54.77510794253711],[-4.599911656769532,54.687755189851565],[-4.902518239411133,54.734115205720705],[-5.111419167908448,54.7940746173418],[-5.066654172333497,54.94846685977344],[-4.909992661865967,55.11034353824024],[-4.638357129486817,55.42791327090625],[-4.770515408905762,55.488421998933596],[-4.907764401825684,55.66387137027149],[-4.895102467926758,55.772105775789065],[-4.758425202759522,55.819713197664065],[-4.623294320496338,55.907962404207034],[-4.710717168244141,56.13130911441211],[-4.848367181214112,56.09715994449024],[-5.134628739746827,55.893428407625],[-5.333552804383057,55.879520021394534],[-5.570167508515137,55.75051840396289],[-5.633057561310547,55.93986090274219],[-5.497018781098145,56.17727240176563],[-5.300114598664063,56.428660951570315],[-5.270704236420411,56.544147096589846],[-5.45825478115918,56.63214071841602],[-5.546579804810303,56.6523509845293],[-5.644504037293213,56.51628454776172],[-5.821677174958008,56.400497041658205],[-6.043546166809815,56.47476538272266],[-5.908959832581299,56.73325689883594],[-5.665934529694336,56.937842927888674],[-5.62528940716626,56.99921377749805],[-5.726338830384034,57.258006654695315],[-5.56160065213086,57.299258790925784],[-5.460639920624512,57.38814505191211],[-5.762965646179932,57.61977728457813],[-5.568463769348877,57.777389131501955],[-5.229971375855225,57.70964392276172],[-5.055585351380127,57.75101812930469],[-5.345933404358643,58.09274252505664],[-4.907128301056641,58.168963991121096],[-5.112714734467286,58.39491995425586],[-4.925559487732666,58.56695517154102],[-4.509851899536866,58.40292700381641],[-4.138885226639527,58.44481619449024],[-3.83054801503064,58.50719030948047],[-3.440544810684937,58.528548799470705],[-3.165008988770264,58.522201143220705],[-3.02838965931775,58.405746065095705],[-3.166374650391358,58.27510794253711],[-3.943202701004761,57.958419404939455],[-4.150455680283326,57.834815584138674],[-4.248504605683106,57.636329256013674],[-4.148425546082276,57.55452688784961],[-3.795819249542969,57.54153021426563],[-3.400818553360718,57.57644613833789],[-3.092637029083985,57.57702597232227],[-2.853980508240479,57.543319307283205],[-2.150362935456055,57.571979127839846],[-1.944626775177735,57.40166052432422],[-2.107808676155823,57.210330568269534],[-2.203161802681702,57.06481131167774],[-2.158947673233765,57.014319978669924],[-2.413140502365845,56.71725424380664],[-2.514751401337403,56.66733893008594],[-2.667135920914429,56.47100027652149],[-2.980528798493165,56.35358389468555],[-3.152406897934693,56.33681830020313],[-2.949428286942261,56.25300558658008],[-2.720856156739014,56.17819174380664],[-2.772860255631226,56.17131384463672],[-2.895339455994385,56.08550222964649],[-3.169811215790528,56.06210669131641],[-3.293507066162842,55.973914705232424],[-3.894964661988038,55.98506888003711],[-3.713039603623169,55.88469656558399],[-3.577178683670777,55.88469656558399],[-3.355851378830689,55.842689119294924],[-3.161462273987549,55.84568365664844],[-2.927901473435181,55.94603308291797],[-2.742131438645142,55.95718725772266],[-2.540346112641114,55.88469656558399],[-2.245011058243531,55.81096609683399],[-1.94199546852948,55.55607184024219],[-1.719010558518189,55.4537425860918],[-1.665979829224366,55.379588685945315],[-1.695988979729432,55.27250250430469],[-1.555618610771912,54.92161139102344],[-1.388892021569031,54.68048056216602],[-1.192056861313599,54.595355592683596],[-0.870595899018067,54.54716833682422],[-0.604803499373215,54.30016287417774],[-0.295500930937546,54.03316839785938],[-0.234880952703374,53.79938467593555],[-0.319215585085171,53.57891424746875],[-0.203663793,53.52328451724414],[0.081015858260375,53.3862262591875]]],[[[-5.755679574402588,55.47726782412891],[-5.68865725079419,55.62812002749805],[-5.517836537750977,55.66802176089649],[-5.482397046479004,55.442699037507815],[-5.620342221649903,55.32952078433399],[-5.698169675263184,55.330726228669924],[-5.755679574402588,55.47726782412891]]]]}},{"type":"Feature","properties":{"name":"Qatar","subject":"United Kingdom of Great Britain and Ireland","partOf":"Qatar","borderPrecision":3,"color":"#a88992"},"geometry":{"type":"MultiPolygon","coordinates":[[[[51.28782561740039,24.410777650789065],[51.11975005587695,24.398660264924807],[50.968333277312496,24.436244569734377],[50.96494582614062,24.712745271638674],[50.8961782785332,24.909551225618166],[50.84732345065234,25.265224061921877],[50.93111327609179,25.538573823884768],[51.01538756808398,25.588124834016604],[50.988955530730465,25.67209395022754],[51.06882766207812,25.945460878328127],[51.21702102145312,26.066470704988284],[51.35766509493945,26.028960786775393],[51.388796839324215,25.88726194949512],[51.50592711886523,25.845275484041018],[51.53446486910937,25.75584753604297],[51.586672815886715,25.60911902041797],[51.53905394991992,25.420184694246096],[51.55285552462695,25.101531587556643],[51.606150660124996,24.987287126497073],[51.55891707858203,24.815652452424807],[51.41200545748828,24.60568579287891],[51.28782561740039,24.410777650789065]]]]}},{"type":"Feature","properties":{"name":"Trucial Oman","subject":"United Kingdom of Great Britain and Ireland","partOf":"Trucial Oman","borderPrecision":3,"color":"#a88992"},"geometry":{"type":"MultiPolygon","coordinates":[[[[51.11975005587695,24.398660264924807],[51.28782561740039,24.410777650789065],[51.29141524752734,24.281367860750002],[51.45416930636523,24.218226991609377],[51.52285293063281,24.160663209871096],[51.60644057711718,24.202647767976565],[51.58590224703906,24.00322111697559],[51.76457122286914,24.002864442781252],[51.94559768160937,23.945495210603518],[52.25463775118945,23.98748167605762],[52.30104735812304,24.081946931794924],[52.38302901705859,24.10818251223926],[52.48116210421679,24.055703721956057],[52.67164901217578,24.07467993350391],[52.93944076022265,24.0244155749834],[53.040225061980465,24.039960466340823],[53.07570556124804,24.087190233186526],[53.68676284274218,23.98748167605762],[54.0165281625664,24.05045660586719],[54.006297144499996,24.181653581575198],[54.107520136443355,24.10293348880176],[54.27599242648242,24.109820924714846],[54.34709838351367,24.15445288272266],[54.48741439303515,24.344342790559573],[54.59216216525195,24.377328477815432],[54.71205810031054,24.59993704409961],[54.77081969699023,24.73348196597461],[55.09080031832812,25.020036302522463],[55.45719817599414,25.420184694246096],[55.530486139861324,25.372954927400393],[55.633460077849605,25.45317419619922],[56.01545623263476,25.771625123933596],[56.15673354586718,25.96647986026172],[56.2241812082207,25.894107423738284],[56.11254027804492,25.70479353518848],[56.064177546111324,25.57037504763965],[56.06258681735156,25.49111708255176],[56.10691359957812,25.462379060701174],[56.16130736788867,25.473344407991213],[56.36601928195117,25.454724870637698],[56.406260523406246,25.30868872256641],[56.40648177584765,25.07998427005176],[56.40525725802539,24.91874846072559],[56.18477157076953,24.903623186067385],[56.0040884347832,24.940692506746096],[55.9556150766289,24.76255377383594],[55.988902124968746,24.165641389802737],[55.89931395968554,24.012666307405276],[55.65806106051562,23.74446638675098],[55.65924743136523,23.318858705476565],[55.67000487765429,22.38511999698047],[55.69875243624804,22.302699647859377],[55.63009932955859,22.276885591462893],[55.367381128874996,22.065713487581057],[54.99007323702929,22.114350877717776],[53.466094050017574,22.315116487458987],[51.95289901217578,22.484189592317385],[51.835452112761715,22.89007719607715],[51.58892348727343,23.409576021150393],[51.11975005587695,24.398660264924807]]]]}},{"type":"Feature","properties":{"name":"Muscat and Oman","subject":"United Kingdom of Great Britain and Ireland","partOf":"Muscat and Oman","borderPrecision":3,"color":"#a88992"},"geometry":{"type":"MultiPolygon","coordinates":[[[[56.15673354586718,25.96647986026172],[56.29730895480273,26.15973051638965],[56.36705306491015,26.23611982913379],[56.40502837618945,25.861381135896487],[56.214846644011715,25.5433421954668],[56.16130736788867,25.473344407991213],[56.10691359957812,25.462379060701174],[56.06258681735156,25.49111708255176],[56.064177546111324,25.57037504763965],[56.11254027804492,25.70479353518848],[56.2241812082207,25.894107423738284],[56.15673354586718,25.96647986026172]]],[[[56.40525725802539,24.91874846072559],[56.40537551364062,24.81950720401172],[56.61079696139453,24.47688253970508],[56.79418853243945,24.26761396975879],[57.14619735201953,23.98247107119922],[57.45101455172656,23.80522307010059],[57.90421584567187,23.57111319156055],[58.080718073455074,23.501605592683596],[58.20529464205859,23.495515428499026],[58.46465590914843,23.508771501497073],[58.62849334200976,23.458295427278323],[59.021636042205074,23.020764909700198],[59.2543211313164,22.7290054187334],[59.46142104586718,22.53886564822559],[59.82569030245898,22.37445219607715],[59.837283167449215,22.279178224519534],[59.5356932016289,21.80205114932422],[59.2588491769707,21.477447114900393],[58.86135390719531,21.11447676272754],[58.51204970797656,20.421229921296877],[58.403086695281246,20.357472978547854],[58.15044692477343,20.39505537600879],[58.0443716379082,20.43295057864551],[57.93127349337695,20.400937639192385],[57.80608275851367,20.171960435823244],[57.77755263766406,19.66999014468555],[57.77842620333789,19.3142104968584],[57.83862975558398,19.034806810334963],[57.65703490695117,18.970885835603518],[57.18620971163867,18.938108049348635],[56.90431121310351,18.81680067630176],[56.73888686617968,18.689376436189455],[56.60859969576953,18.466741167024416],[56.54936126193164,18.218829713777346],[56.45755294283984,18.091561876252932],[56.25759032687304,17.97677382083301],[56.01284316500781,17.93178518863086],[55.88154509982226,17.931510530427737],[55.70811751803515,17.95018347354297],[55.561072382537105,17.937171541169924],[55.38948729952929,17.80974157901172],[55.290408167449215,17.676099382356448],[55.2344351144707,17.447261415437502],[55.23563674410937,17.288434587434573],[55.19483855685351,17.148564897493166],[54.910613092986324,16.97005995364551],[54.756079706755855,16.95067175479297],[54.40687468966601,17.04522093387012],[54.084258112517574,17.01911886783008],[53.681250605193355,16.897540651277346],[53.33573440035937,16.763379655793948],[53.20845321139453,16.718633256868166],[53.02094939669726,16.65376814456348],[52.91244033297656,16.791135393098635],[52.69491866549609,17.101180635408205],[52.697539362517574,17.234618745759768],[52.64049819430468,17.348636232332034],[52.220896753874996,17.962440095857424],[51.94877150973437,18.399215303376955],[51.847502741423824,18.68451651187305],[51.80605224093554,18.982875429109377],[52.56736663302539,19.34944876284961],[53.624358210173824,19.895621858552737],[56.03019240817187,21.237395845369143],[55.96019652804492,21.891305528596682],[55.69875243624804,22.302699647859377],[55.67000487765429,22.38511999698047],[55.65924743136523,23.318858705476565],[55.65806106051562,23.74446638675098],[55.89931395968554,24.012666307405276],[55.988902124968746,24.165641389802737],[55.9556150766289,24.76255377383594],[56.0040884347832,24.940692506746096],[56.18477157076953,24.903623186067385],[56.40525725802539,24.91874846072559]]]]}},{"type":"Feature","properties":{"name":"Iceland","subject":"Iceland","partOf":"Iceland","borderPrecision":3,"color":"#739b91"},"geometry":{"type":"MultiPolygon","coordinates":[[[[-24.218850102814454,65.53374060244923],[-24.16153618374707,65.60662420840626],[-23.972643819245118,65.68710669131642],[-23.570521321686524,65.68056830020313],[-23.26697060147168,65.72486456485157],[-23.426138844879883,65.82667120547657],[-23.608294454010743,65.9796329364336],[-23.465569463166016,66.13343390078907],[-23.341095891388672,66.13366278262501],[-22.910920110138672,65.94440802188282],[-22.609297719391602,65.92308386416798],[-22.474139180573243,65.9963794574297],[-22.56005569973828,66.11318548770313],[-22.84109398404004,66.28103979678517],[-22.676369634064454,66.39130743594532],[-22.209818807038086,66.28955420108204],[-21.779072728546875,66.25373419375782],[-21.443249669464844,66.12991674991017],[-21.24248978176953,65.88181646914845],[-21.296168294342774,65.69941290469532],[-21.494715657624024,65.56796606631642],[-21.07972046414258,65.20544775576954],[-20.830618825348633,65.36559637637501],[-20.67248245755078,65.42404516787892],[-20.38892647305371,65.47545202823048],[-20.16844650784375,65.55589636416798],[-20.141276326569336,65.65056952090626],[-20.217385259064454,66.00059851260548],[-19.973305669220704,66.11072882266407],[-19.747664418610352,65.90652807803517],[-19.556010213288086,65.76826056094532],[-19.33599564114453,65.67393072696095],[-19.239182439240235,65.66683539004688],[-19.15589424649121,65.72528418155079],[-19.274529424103516,65.92930182071095],[-19.165436711701172,66.00257452578907],[-19.0441236166084,66.01741369815235],[-18.67629906216504,66.09119757266407],[-18.369032826813477,65.89450415225392],[-18.12792679348828,65.78552588076954],[-17.883769002350586,65.75682409854298],[-17.861041036041993,65.83708532901173],[-18.02248283902051,66.07779272647267],[-17.569674458893555,66.01286657901173],[-16.92214104214551,65.97755011172657],[-16.567986455353516,66.02934607119923],[-16.375685658844727,66.13209112735157],[-16.38522240200879,66.45441778750782],[-15.859886136444825,66.4187198504961],[-15.573985066803711,66.20676764102345],[-15.070752110871094,66.06138952823048],[-14.763337102326172,66.05466040225392],[-14.640680280121583,65.94529303164845],[-14.75407120266797,65.69707068057423],[-14.400113072785157,65.5666919574297],[-13.646900144013184,65.49534185977345],[-13.58978840390088,65.43004187198048],[-13.525573697479981,65.18334539981251],[-13.557373967560547,65.00938757510548],[-13.62584396878125,64.89389380069142],[-13.694187131317872,64.77862890811329],[-13.8934249548042,64.72070654483204],[-14.260321584137696,64.71282538028126],[-14.348122563751954,64.66953619571095],[-14.365896191986817,64.47555883975392],[-14.597537961395997,64.2671314105547],[-14.821200337799805,64.19502600283985],[-15.07680889645459,64.2089038714922],[-15.266535725983399,64.28020819278126],[-15.634139981659668,64.05748327823048],[-15.876496282013672,63.99265631289844],[-16.533839192780274,63.78413351626758],[-16.91753860989453,63.73341330142383],[-17.24438187161328,63.732825838044924],[-17.591462102326172,63.689342103914065],[-17.944104161652344,63.424842439607424],[-18.156922307404297,63.36746176333789],[-18.641863789948243,63.32381781192188],[-18.96079155484082,63.33746298404102],[-19.553091969879883,63.4146800860918],[-19.826746907624024,63.47830160708789],[-20.40394684353711,63.69834478946094],[-20.879881825836915,63.74029120059375],[-21.07912346402051,63.711341463044924],[-21.547505345734375,63.71762045474414],[-22.372910466583985,63.77318533511524],[-22.50658890286328,63.865821443513674],[-22.31133743801953,63.951984010652346],[-21.804110494049805,64.11036261172657],[-21.48847481289746,64.3761401996172],[-21.85671326199414,64.38261755557423],[-22.08617874661328,64.4395938739336],[-22.278605428131836,64.61880072207813],[-22.392422643097657,64.66170080752735],[-22.553589787873047,64.62545355410938],[-23.25753113308789,64.57384070010548],[-23.508307423981446,64.55902441592579],[-23.67457672634961,64.65931280703907],[-23.61116692105176,64.74570044131642],[-23.436671224030274,64.80359228701954],[-23.135647740753907,64.84733923526173],[-22.778422322663086,64.85519751162892],[-22.450291600617188,64.90623053164845],[-21.978291478546875,64.9503360614336],[-21.80916496792676,65.03735693545704],[-21.728949513825196,65.18245276065235],[-21.79375931301953,65.29845007510548],[-21.95479675808789,65.37804754825001],[-22.146489110382813,65.38492163272267],[-22.361592259796875,65.44994696231251],[-22.813721623810547,65.47090490908985],[-23.183239903839844,65.42658575625782],[-23.37422844448926,65.35358770938282],[-23.678452458771485,65.31669958682423],[-24.14688774624707,65.43931921573048],[-24.218850102814454,65.53374060244923]]]]}},{"type":"Feature","properties":{"name":"Estonia","subject":"Estonia","partOf":"Estonia","borderPrecision":3,"color":"#b3a46e"},"geometry":{"type":"MultiPolygon","coordinates":[[[[28.01309302767871,59.45822104068164],[28.078431162444335,59.434146486238284],[28.150477442351562,59.37519796939258],[28.13082984408496,59.29660376162891],[28.052231821624023,59.276954256013674],[27.96708587130664,59.276954256013674],[27.914689097014648,59.276954256013674],[27.87539008578418,59.25730475039844],[27.849190744963867,59.19835623355274],[27.770594629851562,59.07391317935352],[27.672349009124023,58.982215486482424],[27.528254541960937,58.92327078433399],[27.436558756438476,58.864322267488284],[27.397259745208007,58.792274080232424],[27.410359415618164,58.72022970767383],[27.469307932463867,58.52373846621875],[27.502057108489257,58.43859060855274],[27.51515487155078,58.36654242129688],[27.436558756438476,58.30759771914844],[27.436558756438476,58.2289996966875],[27.51515487155078,58.12420614810352],[27.606852564421875,58.08490713687305],[27.64614966830371,58.05215796084766],[27.64614966830371,58.01940878482227],[27.65269950350879,57.9801097735918],[27.672349009124023,57.914615236238284],[27.750945124236328,57.89496573062305],[27.77714446505664,57.86876638980274],[27.698548349944335,57.836017213777346],[27.580653223601562,57.81636770816211],[27.508606943694335,57.7901683673418],[27.482407602874023,57.74431952090625],[27.443108591643554,57.69192465396289],[27.384161982146484,57.69192465396289],[27.371062311736328,57.63952597232227],[27.36451247653125,57.6002269610918],[27.312113794890625,57.57402762027149],[27.348862680999023,57.52635916324024],[27.29246428927539,57.515079103425784],[27.253167185393554,57.52162893863086],[27.115622553435546,57.541278444246096],[27.04357627352832,57.56747778506641],[26.964980158416015,57.6002269610918],[26.873284372893554,57.619876466707034],[26.81433585604785,57.57402762027149],[26.72264007052539,57.58712729068164],[26.66369346102832,57.56747778506641],[26.59164527377246,57.52817877383594],[26.526148829070312,57.52162893863086],[26.460652384368164,57.56092794986133],[26.40825370272754,57.57402762027149],[26.329657587615234,57.57402762027149],[26.237961802092773,57.62642630191211],[26.185563120452148,57.70502432437305],[26.093867334929687,57.75741919131641],[26.02837089022754,57.77706869693164],[25.995621714202148,57.82946737857227],[25.910475763884765,57.82946737857227],[25.79913047274707,57.8491168841875],[25.70743468722461,57.90151556582813],[25.694335016814453,57.90151556582813],[25.5698900552666,57.908065401033205],[25.524043116179687,57.95391043277149],[25.41269782504199,57.97355993838672],[25.360299143401367,58.01940878482227],[25.275153193083984,58.05870779605274],[25.275153193083984,58.025958620027346],[25.22275641879199,57.98665960879688],[25.16380790194629,58.01285894961719],[25.15725806674121,58.04560812564258],[25.117960962859375,58.05870779605274],[25.072112116423828,58.05870779605274],[24.947667154875976,58.00630911441211],[24.901820215789062,57.993209444001955],[24.84287169894336,57.98665960879688],[24.74462607821582,57.9801097735918],[24.67912963351367,57.960460267976565],[24.561234507170898,57.94736059756641],[24.436789545623046,57.908065401033205],[24.384392771331054,57.86221655459766],[24.345648798552734,57.86221655459766],[24.415644678679687,57.94793280215625],[24.414401087371093,58.10588797183399],[24.496785196868164,58.213153444246096],[24.33109191378711,58.307933412507815],[24.058350596038085,58.111529909089846],[23.908068689910156,58.22444876284961],[23.670859369841796,58.24138983340625],[23.690465006438476,58.665484987214846],[23.511870417205078,58.580875001863284],[23.360819849578125,58.76742132754688],[23.431979212371093,58.85808142276172],[23.337885889617187,58.97239264102344],[23.456978830901367,59.00549276919727],[23.415757212249023,59.11896475406055],[23.570183786956054,59.138072572664065],[24.03210738619922,59.17574270816211],[24.02955916842578,59.235416017488284],[24.28194526156543,59.28414114566211],[24.341567072478515,59.368880830720705],[24.53756812533496,59.323409639314455],[24.570923838225585,59.37432821841602],[24.713812861052734,59.35183294864063],[24.751221689788085,59.448463045076174],[25.248290094939453,59.36179693789844],[25.44879439791797,59.493960939363284],[25.48999312838672,59.42004355044727],[25.72112182101367,59.459842287019534],[26.34325889071582,59.44664724917774],[26.86190131625293,59.371749483064455],[26.999016794768554,59.31772955508594],[27.265091929045898,59.33804281802539],[27.702038797942382,59.297504030183596],[27.893597635833007,59.34611090274219],[28.015851053801757,59.45415457339649],[28.01309302767871,59.45822104068164]]]]}},{"type":"Feature","properties":{"name":"Latvia","subject":"Latvia","partOf":"Latvia","borderPrecision":3,"color":"#a88992"},"geometry":{"type":"MultiPolygon","coordinates":[[[[27.348862680999023,57.52635916324024],[27.51515487155078,57.52817877383594],[27.508606943694335,57.47578390689258],[27.508606943694335,57.423385225251955],[27.61340049227832,57.390636049226565],[27.70509627780078,57.351337037996096],[27.74439528903125,57.318587861970705],[27.83609107455371,57.29239233584766],[27.829541239348632,57.25309332461719],[27.81644347628711,57.200694642976565],[27.80989364108203,57.161395631746096],[27.764044794646484,57.128646455720705],[27.724745783416015,57.12209662051563],[27.6788988443291,57.10899695010547],[27.73784545382617,57.06970175357227],[27.70509627780078,57.010753236726565],[27.718195948210937,56.95835455508594],[27.68544867953418,56.91905554385547],[27.639599833098632,56.886310182527346],[27.619950327483398,56.8404613360918],[27.71164611300586,56.86666067691211],[27.77714446505664,56.87321051211719],[27.83609107455371,56.8404613360918],[27.87539008578418,56.83391150088672],[27.90813926180957,56.81426199527149],[27.881939920989257,56.77496298404102],[27.862290415374023,56.74221380801563],[27.914689097014648,56.69636496158008],[27.97363570651172,56.670169435457034],[27.986735376921875,56.598121248201174],[28.052231821624023,56.55227240176563],[28.124280008879882,56.53262289615039],[28.09808066805957,56.493323884919924],[28.15702727755664,56.440929017976565],[28.150477442351562,56.35578116031055],[28.18977645358203,56.250987611726565],[28.170126947966796,56.211688600496096],[28.16357711276172,56.15928991885547],[28.1364183755791,56.140418611482424],[28.027560267058593,56.12034948916797],[27.919642481414062,56.09722479434375],[27.865681681243164,56.04326590152149],[27.765471491423828,56.02784689517383],[27.703803095427734,55.958472810701174],[27.642136606780273,55.9199291095293],[27.611302408782226,55.87367971988086],[27.58046821078418,55.78117712588672],[27.495675119963867,55.765758119539065],[27.387757334319335,55.78117712588672],[27.27983764132617,55.79659231753711],[27.133376154509765,55.81201132388477],[26.97149947604297,55.81201132388477],[26.894415888396484,55.78117712588672],[26.84816268405078,55.71950872989063],[26.747954401580078,55.68096502871875],[26.678576502410156,55.68096502871875],[26.63232711276172,55.68867453189258],[26.593783411589843,55.66554983706836],[26.42419722994922,55.68096502871875],[26.300862345305664,55.7117992267168],[26.231486353484375,55.788882814363284],[26.16981795748828,55.858260713533205],[26.023356470671875,55.9199291095293],[25.799811396208984,56.020137392],[25.645642313567382,56.1280589923418],[25.476056131926757,56.14347418399219],[25.21396735629199,56.15888937564258],[25.067505869475585,56.21285208316211],[24.936463389006835,56.297645173982424],[24.89791968783496,56.413272462800784],[24.813126597014648,56.405562959626955],[24.736043009368164,56.37472876162891],[24.574164423552734,56.297645173982424],[24.396870646086914,56.289935670808596],[24.28895095309375,56.289935670808596],[24.165616068450195,56.25139196963672],[24.05769637545703,56.289935670808596],[23.918944391814453,56.336185060457034],[23.64914802035449,56.34389456363086],[23.51810363253711,56.313060365632815],[23.356226954070312,56.34389456363086],[23.22518256625293,56.36701925845508],[23.15580657443164,56.35160406680469],[23.032469782439453,56.32076986880664],[22.986220392791015,56.34389456363086],[22.932259592620117,56.405562959626955],[22.862883600798828,56.405562959626955],[22.74725631198047,56.37472876162891],[22.662463221160156,56.37472876162891],[22.323290857878906,56.38243826480274],[22.122870478240234,56.420978151277346],[21.783698114958984,56.34389456363086],[21.513901743499023,56.27451666446094],[21.321188959685546,56.2282672748125],[21.20556357821582,56.16659887881641],[21.18243697604297,56.081805787996096],[20.945448908416015,56.069957338289065],[20.91600707491992,56.09667166324024],[20.9490461679375,56.473189912751955],[20.96482757052539,56.60902365298633],[21.02205184420703,56.683875642732424],[21.32437995394824,56.854415498689455],[21.339747461882812,57.17707022281055],[21.459588083831054,57.24960669131641],[21.579514536467773,57.37260016055469],[21.67733100375293,57.46365698428516],[21.810254129973632,57.475379548982424],[22.28540328463672,57.565040193513674],[22.35992721041797,57.58566626162891],[22.432965311614257,57.615558229402346],[22.56363776644824,57.615558229402346],[22.585421595183593,57.508651338533205],[22.881373438445312,57.334144197419924],[23.070889505950195,57.26131781192188],[23.174664530364257,57.04849203677539],[23.215449366179687,56.98066671939258],[23.414469751921875,56.892413698152346],[23.76781371554492,56.865882478669924],[24.15838340243457,56.97548636050586],[24.266305002776367,57.030147157625],[24.34649947604297,57.15972097964649],[24.32293990573047,57.336890779451174],[24.236186060515625,57.728160463289065],[24.32544234713672,57.83747061343555],[24.345648798552734,57.86221655459766],[24.384392771331054,57.86221655459766],[24.436789545623046,57.908065401033205],[24.561234507170898,57.94736059756641],[24.67912963351367,57.960460267976565],[24.74462607821582,57.9801097735918],[24.84287169894336,57.98665960879688],[24.901820215789062,57.993209444001955],[24.947667154875976,58.00630911441211],[25.072112116423828,58.05870779605274],[25.117960962859375,58.05870779605274],[25.15725806674121,58.04560812564258],[25.16380790194629,58.01285894961719],[25.22275641879199,57.98665960879688],[25.275153193083984,58.025958620027346],[25.275153193083984,58.05870779605274],[25.360299143401367,58.01940878482227],[25.41269782504199,57.97355993838672],[25.524043116179687,57.95391043277149],[25.5698900552666,57.908065401033205],[25.694335016814453,57.90151556582813],[25.70743468722461,57.90151556582813],[25.79913047274707,57.8491168841875],[25.910475763884765,57.82946737857227],[25.995621714202148,57.82946737857227],[26.02837089022754,57.77706869693164],[26.093867334929687,57.75741919131641],[26.185563120452148,57.70502432437305],[26.237961802092773,57.62642630191211],[26.329657587615234,57.57402762027149],[26.40825370272754,57.57402762027149],[26.460652384368164,57.56092794986133],[26.526148829070312,57.52162893863086],[26.59164527377246,57.52817877383594],[26.66369346102832,57.56747778506641],[26.72264007052539,57.58712729068164],[26.81433585604785,57.57402762027149],[26.873284372893554,57.619876466707034],[26.964980158416015,57.6002269610918],[27.04357627352832,57.56747778506641],[27.115622553435546,57.541278444246096],[27.253167185393554,57.52162893863086],[27.29246428927539,57.515079103425784],[27.348862680999023,57.52635916324024]]]]}},{"type":"Feature","properties":{"name":"Lithuania","subject":"Lithuania","partOf":"Lithuania","borderPrecision":3,"color":"#b69578"},"geometry":{"type":"MultiPolygon","coordinates":[[[[22.699036631194335,54.414901338533205],[22.685589823333007,54.432193361238284],[22.670172724333984,54.49386175723438],[22.662463221160156,54.57094534488086],[22.693297419158203,54.663447938875],[22.72413161715625,54.732825838044924],[22.824341806975585,54.78678473086719],[22.801217112151367,54.840743623689455],[22.79350760897754,54.90241201968555],[22.716424021331054,54.933246217683596],[22.63162902316211,54.94866140933399],[22.58537963351367,54.994910798982424],[22.546835932341796,55.05657919497852],[22.44662574252246,55.04886969180469],[22.331000361052734,55.04886969180469],[22.130579981414062,55.04886969180469],[22.030369791594726,55.02574499698047],[21.99182609042285,55.071998201326174],[21.760573420134765,55.10283239932422],[21.644946131316406,55.13366659732227],[21.54473594149707,55.187625490144534],[21.436816248503906,55.187625490144534],[21.398274454680664,55.21075018496875],[21.375149759856445,55.28012426944141],[21.321188959685546,55.26470907779102],[21.162322077361328,55.22138174624805],[21.143034967986328,55.25583990664844],[21.20093253573535,55.26139410586719],[21.216296228972656,55.343665681794924],[21.01845076998828,55.634009920076174],[21.01481536349414,55.69705542178516],[20.995957407561523,56.024127565339846],[20.945448908416015,56.069957338289065],[21.18243697604297,56.081805787996096],[21.20556357821582,56.16659887881641],[21.321188959685546,56.2282672748125],[21.513901743499023,56.27451666446094],[21.783698114958984,56.34389456363086],[22.122870478240234,56.420978151277346],[22.323290857878906,56.38243826480274],[22.662463221160156,56.37472876162891],[22.74725631198047,56.37472876162891],[22.862883600798828,56.405562959626955],[22.932259592620117,56.405562959626955],[22.986220392791015,56.34389456363086],[23.032469782439453,56.32076986880664],[23.15580657443164,56.35160406680469],[23.22518256625293,56.36701925845508],[23.356226954070312,56.34389456363086],[23.51810363253711,56.313060365632815],[23.64914802035449,56.34389456363086],[23.918944391814453,56.336185060457034],[24.05769637545703,56.289935670808596],[24.165616068450195,56.25139196963672],[24.28895095309375,56.289935670808596],[24.396870646086914,56.289935670808596],[24.574164423552734,56.297645173982424],[24.736043009368164,56.37472876162891],[24.813126597014648,56.405562959626955],[24.89791968783496,56.413272462800784],[24.936463389006835,56.297645173982424],[25.067505869475585,56.21285208316211],[25.21396735629199,56.15888937564258],[25.476056131926757,56.14347418399219],[25.645642313567382,56.1280589923418],[25.799811396208984,56.020137392],[26.023356470671875,55.9199291095293],[26.16981795748828,55.858260713533205],[26.231486353484375,55.788882814363284],[26.300862345305664,55.7117992267168],[26.42419722994922,55.68096502871875],[26.593783411589843,55.66554983706836],[26.586075815764648,55.58846624942188],[26.547534021941406,55.519088350251955],[26.532116922942382,55.46512945742969],[26.478156122771484,55.403461061433596],[26.43961432894824,55.3417926654375],[26.593783411589843,55.32637747378711],[26.71712020358203,55.30325277896289],[26.755661997405273,55.28012426944141],[26.701703104583007,55.25699957461719],[26.663159403411132,55.25699957461719],[26.616910013762695,55.187625490144534],[26.609200510588867,55.11824759097461],[26.532116922942382,55.110538087800784],[26.478156122771484,55.14908178897266],[26.42419722994922,55.12595709414844],[26.316279444304687,55.14137228579883],[26.246903452483398,55.12595709414844],[26.208359751311523,55.05657919497852],[26.162110361663085,54.98720511050586],[26.046483072844726,54.956370912507815],[25.85377028903125,54.956370912507815],[25.79210380038379,54.89470251651172],[25.738144907561523,54.840743623689455],[25.722725901213867,54.771365724519534],[25.684184107390625,54.69428213687305],[25.730435404387695,54.617198549226565],[25.699601206389648,54.55553015323047],[25.591683420745117,54.48615225406055],[25.591683420745117,54.424483858064455],[25.56084922274707,54.385943971589846],[25.530015024749023,54.32427557559375],[25.60710051974414,54.308856569246096],[25.699601206389648,54.308856569246096],[25.76126960238574,54.21635778994922],[25.722725901213867,54.13156469912891],[25.599391016570312,54.12385519595508],[25.499180826750976,54.15468939395313],[25.499180826750976,54.224063478425784],[25.483763727751953,54.26260717959766],[25.44522193392871,54.293441377595705],[25.368136438933593,54.27031668277149],[25.314177546111328,54.23177298159961],[25.183133158293945,54.24719198794727],[25.15230086764453,54.185523591951174],[25.044381174651367,54.13156469912891],[24.975005182830078,54.13156469912891],[24.890212092009765,54.1469798907793],[24.76687720736621,54.10073050113086],[24.805419001189453,54.02364309878711],[24.774584803191406,53.969684205964846],[24.69749930819629,53.954269014314455],[24.635832819548828,53.969684205964846],[24.543330225554687,53.94655951114063],[24.373744043914062,53.87718542666797],[24.24269965609668,53.87718542666797],[24.211867365447265,53.92343481631641],[24.157906565276367,53.94655951114063],[24.049988779631835,53.92343481631641],[23.88040259799121,53.91572531314258],[23.772482904998046,53.90031012149219],[23.641440424529296,53.91572531314258],[23.572062525359375,53.90031012149219],[23.53050139865039,53.91629370303516],[23.489806208220703,53.99312552066211],[23.48289397677539,54.00617941470508],[23.43854049166797,54.089915834382815],[23.3106184335625,54.30889471621875],[23.00508407076953,54.418258272126955],[22.98705771884082,54.42470892520313],[22.699036631194335,54.414901338533205]]]]}},{"type":"Feature","properties":{"name":"Belgium","subject":"Belgium","partOf":"Belgium","borderPrecision":3,"color":"#b47c6f"},"geometry":{"type":"MultiPolygon","coordinates":[[[[2.522131952849609,51.09112127871875],[2.995262178984863,51.313479982332034],[3.213605198470336,51.35356863589649],[3.472019943801147,51.31439169497852],[3.681297096816284,51.3214183673418],[3.775046858397705,51.38774450869922],[3.989524397460205,51.3437457904375],[4.173045191375,51.32487829776172],[4.406719717589599,51.34007605166797],[4.39535096606372,51.41090353579883],[4.533119234648925,51.40545233340625],[4.67107346972583,51.40545233340625],[4.791377100554687,51.487201295808596],[4.932145628539306,51.37821539492969],[5.010119947997314,51.43270071597461],[5.112526926604492,51.40545233340625],[5.243653807250244,51.23659475894336],[5.484423193541748,51.28555639834766],[5.823895964232666,51.116832338289065],[5.774240049926025,50.92642553897266],[5.696757826415283,50.88292654605274],[5.697087320891601,50.730723939851565],[5.999575647917968,50.74159964175586],[6.154545816985351,50.66175802798633],[6.28142503222583,50.49760016055469],[6.298354181853515,50.286868654207034],[6.108513388243896,50.11745413394336],[6.007444891539794,50.149974428132815],[5.94377568682788,50.11381109805469],[5.833756479827148,50.047408662751955],[5.737923655120117,49.90245779605274],[5.745062384215576,49.755260072664065],[5.884400400725585,49.66353567691211],[5.823500189391357,49.50710638614063],[5.787845644561035,49.55865439029102],[5.475416693297607,49.480140291169924],[5.41808799227832,49.582618318513674],[5.251278433409912,49.674327455476565],[5.097706827727539,49.76065405459766],[4.859871897307617,49.78224142642383],[4.877066645232421,49.88479956241016],[4.81162408312915,49.965777955964846],[4.865410837737304,50.13371618838672],[4.754919085112792,50.10118826480274],[4.668095144835693,49.96037634463672],[4.467481646147949,49.94473227115039],[4.28462794741748,49.91097982974414],[4.156314882842285,49.965777955964846],[4.188459906188232,50.05494650454883],[4.14781621417163,50.13371618838672],[4.21956971606372,50.24215658755664],[4.050887617675048,50.31808813662891],[3.791464838591796,50.339786134675784],[3.674962076750976,50.334369264558596],[3.603379520980102,50.47003897281055],[3.370317253676635,50.4646068439043],[3.28275969943164,50.52432592959766],[3.191876682845336,50.730723939851565],[3.122844490615112,50.807132326082034],[2.938276085463745,50.713756166414065],[2.875059876052124,50.68182333560352],[2.755482468215209,50.73915823550586],[2.615729364958984,50.890216432527346],[2.522131952849609,51.09112127871875]]]]}},{"type":"Feature","properties":{"name":"Spain","subject":"Spain","partOf":"Spain","borderPrecision":3,"color":"#b69578"},"geometry":{"type":"MultiPolygon","coordinates":[[[[-8.806055035980958,41.889178834871096],[-8.860485997589844,42.0145336017168],[-8.798570599945801,42.194530092195315],[-8.644062962921875,42.419749818757815],[-8.805045094879883,42.63155706973438],[-8.941723790558594,42.824195466951174],[-9.173123326691407,42.85590323062305],[-9.246859517487305,42.900775514558596],[-9.270803418549317,43.048690401033205],[-9.197466817291993,43.158214174226565],[-9.01358982602002,43.28085669131641],[-8.849216428192872,43.326243959382815],[-8.595722165497559,43.339618287996096],[-8.310413327606934,43.35304983706836],[-8.250697102936524,43.4304271564043],[-8.220224347504395,43.61720999331836],[-7.979528870972413,43.740054689363284],[-7.636274781616944,43.721412263826174],[-7.151302304657715,43.554942689851565],[-6.8079757360542,43.523421846345705],[-6.467573609741944,43.56272467227344],[-6.208046403321045,43.640521608308596],[-5.979656186493653,43.70537909121875],[-5.820451226624268,43.70568808169727],[-5.537417855652588,43.57745321841602],[-5.224896397980469,43.507247529939455],[-4.802335706146973,43.46944388003711],[-4.110216107758301,43.45151098819141],[-3.847605910691041,43.43916281314258],[-3.4170004991615,43.37565191836719],[-3.195965257080811,43.446883760408205],[-3.007205691727417,43.55027350039844],[-2.768362489136475,43.53787573428516],[-2.367384400757569,43.326243959382815],[-2.065644708069581,43.333270631746096],[-1.914577808769959,43.3054157123125],[-1.702391829880494,43.19593771548633],[-1.491382804306763,43.20962103457813],[-1.465651359947937,43.15488775821094],[-1.557671156319397,43.04543264956836],[-1.515127864273804,42.997562013582034],[-1.44755240956189,42.98387869449024],[-1.397272315415162,43.031756959871096],[-0.907353666218537,42.881297670320315],[-0.840018358620423,42.90865286441211],[-0.611982133778351,42.73087652774219],[-0.586789485605973,42.765060029939455],[-0.46883657256009,42.75139196963672],[-0.409914609583634,42.785567842439455],[-0.216141254248637,42.717200838044924],[-0.203663793,42.70031317325],[-0.165626824440974,42.64883764834766],[0.179550382701141,42.66251715274219],[0.196265372840148,42.607825838044924],[0.347843679991943,42.63517340274219],[0.591923627463562,42.628333650544924],[0.584142002669555,42.77189215274219],[0.744199428168518,42.77189215274219],[1.307450089064819,42.63517340274219],[1.348705086318237,42.53948172183399],[1.364396247473938,42.40964087100391],[1.448152098265869,42.37548025699024],[1.616605672446472,42.40964087100391],[1.709228429404479,42.42331274600391],[1.860095295516235,42.38231619449024],[1.876118454543334,42.31398733706836],[1.99367073496936,42.30715521426563],[2.171107086745483,42.38231619449024],[2.363173756209594,42.293494783357424],[2.581510099974853,42.28666266055469],[2.599267038909179,42.34814413638477],[2.936504158583862,42.40964087100391],[3.087081465331298,42.36864431949024],[3.086528334227783,42.329112611726565],[3.086286100951416,42.1207233295],[3.156553778258544,42.075721345857424],[3.128878864852172,41.85722693057422],[2.628259214965087,41.61954077334766],[2.200590166655761,41.44614752383594],[2.080724749175292,41.29848822207813],[1.60982862433551,41.20915564151172],[1.311244878379089,41.15725287051563],[0.879201922026855,41.0217357501543],[0.733751806822998,40.87495382876758],[0.709782037345153,40.78514822574024],[0.827125463095886,40.7274242267168],[0.787556442824584,40.65688665957813],[0.505141589251739,40.592757783845705],[0.237927589026672,40.24019964785938],[-0.160625037344712,39.886024080232424],[-0.203663793,39.79943808169727],[-0.284515861960667,39.63677176089649],[-0.394848432930726,39.434459291414065],[-0.235902842673081,39.06240423770313],[-0.203663793,39.012652955964846],[-0.165695284100789,38.95406302066211],[0.126115980950576,38.821353517488284],[0.172570082751495,38.738345704988284],[-0.107004006000775,38.59149893374805],[-0.203663793,38.54402884097461],[-0.435155328902024,38.43033941836719],[-0.56412681618573,38.21486624331836],[-0.664728876742142,38.17657431216602],[-0.872343566807526,37.75979956241016],[-0.802563574703949,37.61500509829883],[-0.918272283467072,37.57034262271289],[-1.364567962082642,37.54839285464649],[-1.625712480934876,37.439490877107424],[-1.816879835518616,37.2924762591875],[-1.940475192459839,36.95159872622852],[-2.238797393234986,36.728396974519534],[-2.35509749928357,36.82405050845508],[-2.62433144131543,36.811297975496096],[-2.761496749314087,36.69013937564258],[-2.915331569107789,36.69013937564258],[-2.969792333039063,36.74114950747852],[-4.446585622223633,36.72201880069141],[-4.757303681763428,36.48610647769336],[-5.216736283692139,36.40959509463672],[-5.374227490814942,36.23747595401172],[-5.386749711426514,36.10998495669727],[-5.424260106476563,36.07174261660938],[-5.457090821656006,36.16735800357227],[-5.487933125885743,36.173724733308596],[-5.485486474427002,36.06536825747852],[-5.660587277802247,36.008006654695315],[-5.850014176758545,36.07174261660938],[-6.204461064728516,36.28209646792774],[-6.30497166195752,36.45422323794727],[-6.288880792053956,36.57217749209766],[-6.444025006684083,36.62318380923633],[-6.50048586407544,36.718829713777346],[-6.4217133192146,36.79216345401172],[-6.632153954895752,37.02175100894336],[-6.947954621704834,37.14931448550586],[-7.010098424347657,37.165259920076174],[-7.227823701294678,37.22585638614063],[-7.491503682526368,37.20815619082813],[-7.487998452576416,37.216353975251955],[-7.351443734558838,37.64443548770313],[-7.242514577301758,37.810897432283205],[-6.844775166901368,38.10021170230274],[-7.028099027069825,38.239581666902346],[-7.393876519593018,38.294986329988284],[-7.317340817841309,38.49962576480274],[-7.08942457714917,38.79450186343555],[-6.933383431824463,38.961349092439455],[-7.006874528321045,39.05031546206836],[-7.211435761841553,39.29820593448047],[-7.43099876919629,39.5205150470293],[-7.301257100495118,39.578712068513674],[-7.084203687104004,39.59907492251758],[-6.878323045166749,39.702395997957034],[-6.858675923737305,39.79192312808399],[-6.884172883423584,40.214034639314455],[-6.824864831360596,40.656566225007815],[-6.857170548828858,40.8615795001543],[-6.834448781403321,41.06053503604297],[-6.796627965363282,41.09282644839649],[-6.241148915680665,41.320479951814455],[-6.11153790036084,41.41746100039844],[-6.139497723969239,41.526439271882815],[-6.518426862152833,41.74909933658008],[-6.586079564484375,41.857921205476565],[-6.708704438599366,41.96004446597461],[-6.85951849499585,41.98491247744922],[-7.098435845764893,41.86795385928516],[-7.918560948761719,41.8891673907793],[-8.15726133862378,42.087039552644534],[-8.405047383698243,42.00213583560352],[-8.806055035980958,41.889178834871096]]],[[[-14.50982440309849,28.050049749026638],[-14.147020770578637,28.391039461179965],[-13.808404046893443,29.04858821187777],[-13.518161140877563,29.42848330171172],[-13.421413505538938,29.090868332331816],[-13.784217138058787,28.87929453021188],[-13.880964773397412,28.19936673357924],[-14.50982440309849,28.050049749026638]]],[[[-15.574048391823386,28.178048475293522],[-15.404740029980792,28.19936673357924],[-15.211244759303536,27.900525135454227],[-15.574048391823386,27.729386561264484],[-15.912665115508583,27.900525135454227],[-15.574048391823386,28.178048475293522]]],[[[-17.291318919084016,28.284597224515256],[-16.880141468894855,28.327186915315913],[-16.081973477351177,28.539879155715276],[-16.22709493035912,28.36975954738149],[-16.638272380548287,28.050049749026638],[-17.339692736753328,28.028701784947305],[-17.291318919084016,28.284597224515256]]]]}},{"type":"Feature","properties":{"name":"Albania","subject":"Albania","partOf":"Albania","borderPrecision":3,"color":"#8b7fa6"},"geometry":{"type":"MultiPolygon","coordinates":[[[[20.122382196990234,39.551009736970705],[20.090828928557617,39.60253103824024],[20.028559717742187,39.81378134341602],[19.803648981658203,40.016963563875],[19.369067225066406,40.26028021426563],[19.38022521456836,40.32358130069141],[19.483712229338867,40.29589041324024],[19.49448302706836,40.4027171954668],[19.33922294100879,40.58873709292774],[19.527255091277343,40.865890108064455],[19.445403132048828,40.96489676089649],[19.529950174895507,41.21844442935352],[19.416991266814453,41.345252595857424],[19.498915705291015,41.52362021060352],[19.619383844939453,41.559302888826174],[19.60696509799121,41.761539064363284],[19.457886728850585,41.79808386416797],[19.36771300753711,41.84637030215625],[19.368660959807617,42.000342927888674],[19.30881408175586,42.19264944644336],[19.434618982878906,42.424571596101565],[19.557698282805664,42.54732855410938],[19.88456061801074,42.49771078677539],[20.047053370085937,42.48752173037891],[20.072997126189453,42.48589285464649],[20.245184931365234,42.319800935701174],[20.574980768767578,41.92991217227344],[20.582966837493164,41.880714021638674],[20.59892180880664,41.782420717195315],[20.539563212004882,41.58959158511524],[20.572821650115234,41.301143251375],[20.7069750162041,41.00056418033008],[21.031638178435546,40.726790986970705],[20.99117377719043,40.7137523517168],[20.78894523104785,40.33477362246875],[20.60791495761035,40.16091497989063],[20.38468078097461,39.948566041902346],[20.122382196990234,39.551009736970705]]]]}},{"type":"Feature","properties":{"name":"Portugal","subject":"Portugal","partOf":"Portugal","borderPrecision":3,"color":"#739b91"},"geometry":{"type":"MultiPolygon","coordinates":[[[[-7.491503682526368,37.20815619082813],[-7.603436437042969,37.16297873111133],[-7.836042371186036,37.03225287051563],[-8.033637967499512,37.00878866763477],[-8.28023907223584,37.088580690339846],[-8.541073766144532,37.088580690339846],[-8.667059865387696,37.12144049258594],[-8.990849461945313,36.990008912996096],[-9.016643491181153,37.069800935701174],[-8.841511693390625,37.52514608950977],[-8.851028409394043,37.91018255801563],[-8.932785954865235,37.96184118838672],[-8.822993245514649,38.206073366121096],[-8.84730335751416,38.384566865876955],[-8.788920369538086,38.43598135562305],[-8.853651967438477,38.4996410235918],[-9.022322621735352,38.46102102847461],[-9.236570325287598,38.41744955630664],[-9.285158124359864,38.61946829409961],[-9.069152799042481,38.64295919986133],[-8.941892590912598,38.74191626162891],[-8.960826840790528,38.81846197696094],[-9.040849652680176,38.92018087954883],[-9.175754514130372,38.73223074527149],[-9.361637082489747,38.671145997957034],[-9.522397008332032,38.6899371966875],[-9.549007382782715,38.77451666446094],[-9.459762540253418,38.95307882876758],[-9.397706952484864,39.23036154361133],[-9.415269818695801,39.366675935701174],[-9.299269643219727,39.417735658601565],[-9.11792274990918,39.64403494449024],[-8.915585484894532,40.13814886660938],[-8.969669309052247,40.19001730533008],[-8.694069829376954,40.992171846345705],[-8.851777997406739,41.40782888980274],[-8.854754414948243,41.59685095401172],[-8.920735326203125,41.76702078433399],[-8.806055035980958,41.889178834871096],[-8.405047383698243,42.00213583560352],[-8.15726133862378,42.087039552644534],[-7.918560948761719,41.8891673907793],[-7.098435845764893,41.86795385928516],[-6.85951849499585,41.98491247744922],[-6.708704438599366,41.96004446597461],[-6.586079564484375,41.857921205476565],[-6.518426862152833,41.74909933658008],[-6.139497723969239,41.526439271882815],[-6.11153790036084,41.41746100039844],[-6.241148915680665,41.320479951814455],[-6.796627965363282,41.09282644839649],[-6.834448781403321,41.06053503604297],[-6.857170548828858,40.8615795001543],[-6.824864831360596,40.656566225007815],[-6.884172883423584,40.214034639314455],[-6.858675923737305,39.79192312808399],[-6.878323045166749,39.702395997957034],[-7.084203687104004,39.59907492251758],[-7.301257100495118,39.578712068513674],[-7.43099876919629,39.5205150470293],[-7.211435761841553,39.29820593448047],[-7.006874528321045,39.05031546206836],[-6.933383431824463,38.961349092439455],[-7.08942457714917,38.79450186343555],[-7.317340817841309,38.49962576480274],[-7.393876519593018,38.294986329988284],[-7.028099027069825,38.239581666902346],[-6.844775166901368,38.10021170230274],[-7.242514577301758,37.810897432283205],[-7.351443734558838,37.64443548770313],[-7.487998452576416,37.216353975251955],[-7.491503682526368,37.20815619082813]]]]}},{"type":"Feature","properties":{"name":"Afghanistan","subject":"Afghanistan","partOf":"Afghanistan","borderPrecision":3,"color":"#8b7fa6"},"geometry":{"type":"MultiPolygon","coordinates":[[[[61.587805780974605,30.65645559878711],[61.77916625460742,30.9051528796709],[61.75819304904101,31.10186155887012],[61.69356826266406,31.266557298616213],[61.51323607882617,31.341720186189455],[60.97412017306445,31.465636812166018],[60.88004973849414,31.48415144534473],[60.79381469210742,31.578881822541994],[60.72947982272265,31.92770918460254],[60.654212030974605,32.50499304385547],[60.54009536227343,32.993175111726565],[60.555369410124996,33.063094697908205],[60.8530874582207,33.48375662417774],[60.84135344943164,33.566207490876955],[60.50892547091601,33.672252260164065],[60.46580794772265,33.716441713289065],[60.41223815402148,34.01450689883594],[60.41922286471484,34.07801779361133],[60.68726256808398,34.25091513247852],[60.787024530974605,34.384776674226565],[61.00771621188281,34.95730551333789],[61.11872771700976,35.3203082904375],[61.15630629977343,35.47314413638477],[61.221343073455074,35.581615053132815],[61.30818084200976,35.53123053164844],[61.72973159274218,35.44456060977344],[62.17949584445117,35.28810843081836],[62.43746093234179,35.25139578433399],[62.67759231051562,35.265460573152346],[62.96358016451953,35.40060766787891],[63.06273177584765,35.49018820376758],[63.06297973116992,35.70006521792774],[63.11659530123828,35.78940924258594],[63.372283014861324,35.86080511660938],[64.26583388766406,36.1711383685625],[64.49449447116015,36.28057058902149],[64.540720972625,36.338092409089846],[64.6321287485039,36.78401907534961],[64.82598403414843,37.14788397403125],[65.33691695651171,37.23984106631641],[65.52440932711718,37.33000906558399],[65.72472670992968,37.490279756501955],[65.97912887057421,37.35799749942188],[66.63383010348437,37.24810751529102],[66.6765852304375,37.24093206973438],[66.9677000375664,37.236190401033205],[67.51531508883593,37.213782869294924],[67.6217527719414,37.15708502383594],[67.77926925143359,36.940791688875],[67.79717544039843,36.916209779695315],[67.8555403085625,36.85289343448047],[67.96541884860156,36.83441885562305],[68.18420699557421,36.899276338533205],[68.44501021823046,37.0534740314043],[68.70652297457812,37.18221624942188],[68.85298446139453,37.18304022403125],[69.13641646823046,37.076419435457034],[69.30783370455859,37.08373221011524],[69.40218642672656,37.14154013247852],[69.53726485690234,37.28231009097461],[69.53382399996875,37.42233236880664],[69.56701186617968,37.50527533145313],[69.69838241061328,37.531470857576174],[69.96237472018359,37.462909303621096],[70.02215102633593,37.45688208194141],[70.22142318209765,37.52801474185352],[70.31502822360156,37.630389772371096],[70.31235793551562,37.744971834138674],[70.33407882174609,37.93609579654102],[70.52996352633593,38.12868841739063],[70.59022048434375,38.29198034854297],[70.71880629977343,38.364886842683596],[70.8914289804375,38.37221487613086],[70.9606199594414,38.34712942691211],[71.2197981210625,38.14477499575977],[71.14935592135546,37.87588080020313],[71.36744216403125,37.91801794619922],[71.44410994967578,37.83401449771289],[71.43059829196093,37.71935232730274],[71.3865232797539,37.370399080232424],[71.30323317965625,37.17035635562305],[71.39291671237109,36.93624838443164],[71.46695235690234,36.75213583560352],[71.52447036227343,36.714278779939455],[71.68982222994921,36.70247610659961],[71.84756759127734,36.7160716876543],[72.18286422213671,36.938758455232424],[72.4481687875664,36.96757849307422],[72.71422103366015,37.18614538760547],[73.04716018160937,37.32828863711719],[73.3519773813164,37.34173544497852],[73.4412336679375,37.307227693513674],[73.38334182223437,37.22826346011524],[73.44465926608203,37.201942048982424],[73.88264754733203,37.26831015200977],[74.13705733737109,37.370399080232424],[74.25550368746875,37.30219992251758],[74.4785642953789,37.27799566836719],[74.73327163180468,37.20940359683399],[74.64683059176562,37.14403494449024],[74.38844588717578,37.17035635562305],[74.39273360690234,37.04928930850391],[74.49906447848437,37.044025026277346],[74.52053359469531,37.004581056550784],[74.45376876315234,36.94058569522266],[74.29262832125781,36.938758455232424],[74.08755019625781,36.80492361636524],[73.93819716891406,36.80718954654102],[73.78628066500781,36.72689016909961],[73.49485305270312,36.79139669986133],[72.88985732516406,36.786136232332034],[72.37272170504687,36.717723451570315],[72.13431838473437,36.586165986970705],[72.01185897311328,36.500682435945315],[71.76033309420703,36.32309301944141],[71.64950850924609,36.3336139545],[71.53341964205859,36.23719748111133],[71.32484725436328,36.05156668277149],[71.32899764498828,35.90752752871875],[71.51419356783984,35.7855296954668],[71.51839736422656,35.634044252351565],[71.62324813326953,35.55721624942188],[71.56948379000781,35.33958777041797],[71.65887740573046,35.12511023135547],[71.51278975924609,34.93367727847461],[71.27683547457812,34.773692689851565],[71.09665969332812,34.62038763614063],[71.0383787485039,34.49313315005664],[71.13860610446093,34.27792318911914],[71.15353682955859,34.138385377839846],[71.02349379977343,34.02341803164844],[70.79246047457812,33.92692907901172],[70.47825149020312,33.94420202823047],[70.02968123873828,33.998797975496096],[69.86998275241015,33.94076880069141],[70.02721694430468,33.78934057803516],[70.19142440280078,33.6062084064043],[70.24929336032031,33.479598604158205],[70.28924087008593,33.28308065982227],[70.1991453500664,33.168330751375],[70.05731490573046,33.11674841494922],[69.82672408541796,33.10275229068164],[69.63955977877734,33.050914369539065],[69.50792220553515,32.94862326236133],[69.407420191375,32.75763662906055],[69.27774337252734,32.38241537661914],[69.21534255465625,31.836165986970705],[69.20640853366015,31.798038087800784],[69.05334762057421,31.625777803376955],[68.94655898532031,31.587081514314455],[68.49619582614062,31.755920015291018],[68.24271682223437,31.76717909427051],[67.9917707773125,31.6578384265459],[67.82870772799609,31.53630217166309],[67.68370345553515,31.224425874666018],[67.5698957773125,31.18569143863086],[67.33748153170703,31.222463212922854],[67.04813674410937,31.239852510408205],[66.92075637301562,31.207393251375002],[66.65230086764453,31.009072862581057],[66.46658614596484,30.842952333406252],[66.38170913180468,30.690103136018557],[66.27732375582812,30.2959056720293],[66.23276809176562,29.88932951541309],[66.2015867563164,29.80660780520801],[66.09057143649218,29.736140809968752],[65.61050704440234,29.612763963655276],[65.07828048190234,29.52718123050098],[64.64487746676562,29.448518358186526],[64.08925918063281,29.3945327624834],[63.63710311373828,29.4554458484209],[63.479983362761715,29.45455130191211],[62.94639495333789,29.356259904817385],[62.612090143767574,29.36703260989551],[62.36863997897265,29.384700380281252],[61.98402694186328,29.490441881135744],[61.50305083712695,29.601979814485354],[61.2195425363457,29.68925818057422],[60.82045653781054,29.833345018342776],[61.20433715304492,30.298715196565432],[61.587805780974605,30.65645559878711]]]]}},{"type":"Feature","properties":{"name":"Tunisia","subject":"Tunisia","partOf":"Tunisia","borderPrecision":3,"color":"#a88992"},"geometry":{"type":"MultiPolygon","coordinates":[[[[11.47068694552539,33.14409216494922],[11.429181131926757,32.70274695010547],[11.458253893462402,32.44871862979297],[11.416425737944824,32.32773932071094],[11.055592569915039,32.13505133242969],[10.794852289763671,31.993758760408205],[10.132420572844726,31.48158224673633],[10.075470003691894,31.3223892077959],[10.199086222258789,30.884582124666018],[10.132754358855468,30.642713151887698],[10.062646898833496,30.540628038362307],[9.673754725066406,30.2714858874834],[9.57486060580371,30.20736464114551],[9.320925745574218,30.898650728181643],[9.006476435271484,31.90734251590137],[8.86074164828418,32.11624487491016],[8.697523150054199,32.22971685977344],[8.503267321196777,32.311229310945315],[8.285326990691406,32.684955202058596],[8.18428615054248,32.89409979434375],[8.020752939788085,33.02027853579883],[7.817420992461425,33.06362494082813],[7.665989908782226,33.412311159089846],[7.530617270079834,33.81193884463672],[7.581201586333496,34.04101523013477],[8.031048807708007,34.42485388369922],[8.217679056731445,34.58479269595508],[8.291010889617187,34.76950033755664],[8.31264308413623,35.01116903872852],[8.28922942599414,35.27841528506641],[8.27713397463916,35.67949637027149],[8.272001299468261,36.322791658357424],[8.323657068816406,36.52058371158008],[8.63145354708789,36.80268057437305],[8.636709246245605,36.885257326082034],[8.865518602935058,36.96835287661914],[9.150280031768066,37.17287405581836],[9.416118654814941,37.27537878604297],[9.732199701873046,37.28239782901172],[10.021354708281738,37.20013388247852],[10.132734331694824,37.104747377351565],[10.15887168368457,36.99647482486133],[10.27150824984668,36.754554353669924],[10.392797503081542,36.716571412996096],[10.580582651702148,36.79342230410938],[10.843251261321289,36.99148901553516],[11.023757013884765,37.06832464785938],[11.039403948394042,36.90904577823047],[10.92006209811328,36.6539378985918],[10.633412394133789,36.424014650300784],[10.509244951812011,36.21355398745899],[10.511460337249023,36.08616980166797],[10.60260776003955,35.88894613833789],[10.830826792327148,35.679278932527346],[10.988951716033203,35.622298799470705],[11.12510875186084,35.2406078204668],[11.082800898162109,35.14503439517383],[10.839357409087402,34.8011546954668],[10.574025187102539,34.648109041169924],[10.116421732512695,34.234168611482424],[10.01948073825,34.08147390933399],[10.148656878081542,33.87839850039844],[10.412600550261718,33.63112600894336],[10.650217089263183,33.49818380923633],[10.778140101042968,33.473033510164065],[10.956539187041503,33.575057588533205],[11.09911826571582,33.53722723575],[11.20892051180957,33.25152166934375],[11.47068694552539,33.14409216494922]]]]}},{"type":"Feature","properties":{"name":"Algeria","subject":"Algeria","partOf":"Algeria","borderPrecision":3,"color":"#b69578"},"geometry":{"type":"MultiPolygon","coordinates":[[[[-8.629150357636231,27.172677598909182],[-8.641209569367188,27.566762529329104],[-8.610053983124512,28.469668947175784],[-8.593210187348145,28.641410432771487],[-8.284488644989747,28.78304823489551],[-7.604109731110352,29.231950365022463],[-7.170479741486329,29.476010881379885],[-6.601410832794922,29.44112166018848],[-6.422746625336426,29.467574678376955],[-6.341397729309815,29.779540620759768],[-5.952711072357911,29.79447516055469],[-5.602978196533936,29.872754655793948],[-5.36596962490918,29.975820146516604],[-5.130205598267334,30.136100374177737],[-4.912323441895264,30.429761491731448],[-4.413259950073975,30.57881888003711],[-3.729404654892701,30.89420088382129],[-3.671341386231202,30.996240220979494],[-3.8046958116615,31.275191865876955],[-3.815860238465088,31.453116975740237],[-3.780335154923218,31.555024705842776],[-3.660963502320069,31.60656126590137],[-3.127543654831666,31.66044195742969],[-2.955868211182374,31.744056306794924],[-2.817108598145264,31.992766939119143],[-2.357195344361084,31.98265989871387],[-2.055840459259766,31.990726076082034],[-1.234288897904175,31.989039979890627],[-1.081275251301545,32.45392569156055],[-1.112570431622284,32.54910620303516],[-1.340927687081116,32.694007478669924],[-1.610150661858338,33.04845007510547],[-1.68113121071698,33.257815919832034],[-1.673919525536316,33.829951845125],[-1.663989510926026,34.205054841951174],[-1.738150325211304,34.60509451480274],[-1.823284712227601,34.69997366519336],[-2.076577034386414,34.82567556949024],[-2.192973938378113,35.05424841494922],[-2.035251822861451,35.054568849519534],[-1.738327947052735,35.11883123965625],[-1.495096531304139,35.23390158267383],[-1.329105701836365,35.48890646548633],[-1.146667149456757,35.62936743350391],[-0.917491999062317,35.66803701968555],[-0.734306838902253,35.73846014590625],[-0.428770822080391,35.86006888003711],[-0.282988813313263,35.75847586245899],[-0.203663793,35.75072058291797],[-0.09165417084338,35.73976858706836],[0.015310812202674,35.803668580964846],[0.198671731559021,36.033309541658205],[0.474390897361022,36.22496374698047],[0.781242343989593,36.38485296817188],[1.057602915374023,36.461856447175784],[1.57969311198352,36.51388891787891],[2.293774160948974,36.54082449527149],[2.52436355075,36.57315023990039],[2.809869083968383,36.71390112491016],[3.070006403533203,36.61885794253711],[3.323837790099365,36.65123327823047],[3.586873087493164,36.79195364566211],[3.741224560347778,36.83686789126758],[4.16391900500415,36.83135183902149],[4.394624266234619,36.83819159121875],[4.532551798430664,36.8129840716875],[4.632117304412109,36.79406698794727],[4.777191671935302,36.743384920076174],[5.144465002623779,36.66767843814258],[5.382732424346191,36.67453344912891],[5.730162176696044,36.7517047748125],[6.047393831816894,36.841556154207034],[6.322870287505371,37.090648256257815],[6.770537409392578,36.86214789004688],[6.923042807189209,36.81784018130664],[7.063241037932617,36.881854616121096],[7.204853090850097,36.99046667666797],[7.306981119719726,37.06078299136524],[7.544922861663085,37.04214438052539],[7.719043287841064,36.95327719302539],[7.792040857878906,36.83235891909961],[7.913174662200195,36.77524908633594],[8.145014795867187,36.813949190095705],[8.636709246245605,36.885257326082034],[8.63145354708789,36.80268057437305],[8.323657068816406,36.52058371158008],[8.272001299468261,36.322791658357424],[8.27713397463916,35.67949637027149],[8.28922942599414,35.27841528506641],[8.31264308413623,35.01116903872852],[8.291010889617187,34.76950033755664],[8.217679056731445,34.58479269595508],[8.031048807708007,34.42485388369922],[7.581201586333496,34.04101523013477],[7.530617270079834,33.81193884463672],[7.665989908782226,33.412311159089846],[7.817420992461425,33.06362494082813],[8.020752939788085,33.02027853579883],[8.18428615054248,32.89409979434375],[8.285326990691406,32.684955202058596],[8.503267321196777,32.311229310945315],[8.697523150054199,32.22971685977344],[8.86074164828418,32.11624487491016],[9.006476435271484,31.90734251590137],[9.320925745574218,30.898650728181643],[9.57486060580371,30.20736464114551],[9.483349833098632,30.136939607576174],[9.374687227812988,29.964721284822268],[9.770440134612304,29.24247892947559],[9.83711532076953,28.86789473147754],[9.86043361147998,28.556619249299807],[9.815307650176269,28.16868170352344],[9.860776934233886,27.832110963777346],[9.788479837981445,27.552053056672854],[9.717440638152343,27.329202257112307],[9.923319849578125,26.809241853669924],[9.895769152251464,26.5103774890459],[9.857375177947265,26.433888994172854],[9.557414087859375,26.222436510041994],[9.445374521819335,26.16457899661426],[9.37672999819873,26.03706892581348],[9.949298891631347,25.271360002473635],[10.06145957430957,24.858899675325198],[10.31472876986621,24.466327272371096],[10.424498591033203,24.397050462678713],[10.669208559600097,24.48744734378223],[10.985442194548828,24.413014970735354],[11.447878870574218,24.256801210359377],[11.52785304507373,24.181006990388674],[11.91531756838916,23.503213487581057],[11.959014925566894,23.471690736726565],[11.839897188750488,23.38837393374805],[11.105685267058593,23.00913008304004],[9.300307306853515,22.00077971072559],[8.577075991240722,21.57072599978809],[7.538447889891845,20.91636236758594],[7.16313079318164,20.621804796174807],[5.775469336119873,19.44418676944141],[4.956541094390136,19.280494295076174],[4.203835520354492,19.136262498811526],[3.225168737975341,18.952552400544924],[3.158903154937011,19.206403337434573],[3.231395992842895,19.511931978181643],[3.187091860381347,19.746856294587893],[3.062428745833618,19.90502317996387],[2.923301491347534,19.95505865664844],[2.586695704070312,19.965804658845705],[2.418141159621459,20.04110487552051],[2.153720173445922,20.29379614444141],[1.942003759947998,20.152721010164065],[1.839478764144165,20.16483648867969],[1.339277062026245,20.632279954866213],[1.162768635359985,20.75838430972461],[1.125669869986755,20.840791307405276],[1.168653044310791,21.01901777835254],[1.087368759719116,21.132964693025393],[-0.024857786091584,21.793889604524416],[-0.203663793,21.90792044253711],[-0.785382893475312,22.27890356631641],[-1.651156630905884,22.845944963411135],[-3.128720965775269,23.85441740603809],[-3.493602719696778,24.112920366243166],[-4.41793438473584,24.71780737491016],[-4.820767846497315,24.957021318391604],[-4.865763631256836,24.99489554019336],[-5.501980748566407,25.404409013704104],[-7.356015172394532,26.493445955232424],[-8.629150357636231,27.172677598909182]]]]}},{"type":"Feature","properties":{"name":"Morocco","subject":"Morocco","partOf":"Morocco","borderPrecision":3,"color":"#8aa0a8"},"geometry":{"type":"MultiPolygon","coordinates":[[[[-2.192973938378113,35.05424841494922],[-2.076577034386414,34.82567556949024],[-1.823284712227601,34.69997366519336],[-1.738150325211304,34.60509451480274],[-1.663989510926026,34.205054841951174],[-1.673919525536316,33.829951845125],[-1.68113121071698,33.257815919832034],[-1.610150661858338,33.04845007510547],[-1.340927687081116,32.694007478669924],[-1.112570431622284,32.54910620303516],[-1.081275251301545,32.45392569156055],[-1.234288897904175,31.989039979890627],[-2.055840459259766,31.990726076082034],[-2.357195344361084,31.98265989871387],[-2.817108598145264,31.992766939119143],[-2.955868211182374,31.744056306794924],[-3.127543654831666,31.66044195742969],[-3.660963502320069,31.60656126590137],[-3.780335154923218,31.555024705842776],[-3.815860238465088,31.453116975740237],[-3.8046958116615,31.275191865876955],[-3.671341386231202,30.996240220979494],[-3.729404654892701,30.89420088382129],[-4.413259950073975,30.57881888003711],[-4.912323441895264,30.429761491731448],[-5.130205598267334,30.136100374177737],[-5.36596962490918,29.975820146516604],[-5.602978196533936,29.872754655793948],[-5.952711072357911,29.79447516055469],[-6.341397729309815,29.779540620759768],[-6.422746625336426,29.467574678376955],[-6.601410832794922,29.44112166018848],[-7.170479741486329,29.476010881379885],[-7.604109731110352,29.231950365022463],[-8.284488644989747,28.78304823489551],[-8.593210187348145,28.641410432771487],[-8.610053983124512,28.469668947175784],[-8.641209569367188,27.566762529329104],[-9.280450787934083,27.56308516116504],[-10.05367943325879,27.56499060244922],[-11.258037534149903,27.564410768464846],[-12.388050046356934,27.564267717317385],[-13.123640027436036,27.546344362214846],[-13.060138669403809,27.67262228579883],[-12.866208997162598,27.857324205354494],[-12.674118962677735,27.895850740388674],[-12.090624776276368,28.0241771564043],[-11.57645889798047,28.228616319612307],[-11.372664418610352,28.36885603518848],[-10.856226888092774,28.7512279376543],[-10.339312520416993,29.14631613345508],[-9.869588818939942,29.642983995393557],[-9.662592854889649,29.954816423372073],[-9.60267445126416,30.183719240144534],[-9.625043836029786,30.40610083194141],[-9.817042317780274,30.75522192569141],[-9.857763257416504,31.060189805940432],[-9.813266721161622,31.289060197786135],[-9.635323491486329,31.575402818635744],[-9.317557301911133,31.96371801944141],[-9.222252812775391,32.25624807925586],[-9.250766721161622,32.421424470857424],[-9.218686070832032,32.580360017732424],[-8.640263524445313,33.12173422427539],[-8.314414945038575,33.33848150821094],[-7.902406182678956,33.48548849673633],[-7.33262058773877,33.69637259097461],[-7.004007783325928,33.874984346345705],[-6.752974477204102,34.12335165591602],[-6.51147219220044,34.45429953189258],[-6.302049127014893,34.86143835635547],[-5.928758588227051,35.72785910220508],[-5.807887044342774,35.78541525454883],[-5.56500002423169,35.862342439607424],[-5.479359116944092,35.80520590396289],[-5.171789613159913,35.42376288028125],[-5.109631505402344,35.37931402774219],[-4.592977490814942,35.151187501863284],[-4.295350995453614,35.15178640933399],[-4.027887788208741,35.13323553653125],[-3.440804210099,35.166278444246096],[-3.205772366913575,35.26860769839649],[-3.00902816334607,35.38997992129688],[-2.829877105149048,35.14205893130664],[-2.714807000550049,35.09774359317188],[-2.35566278973462,35.05391653628711],[-2.192973938378113,35.05424841494922]]]]}},{"type":"Feature","properties":{"name":"Netherlands","subject":"Netherlands","partOf":"Netherlands","borderPrecision":3,"color":"#8aa0a8"},"geometry":{"type":"MultiPolygon","coordinates":[[[[7.159938845244628,53.16400106997852],[7.228004488555175,52.96671637149219],[7.072895083037597,52.804263673738284],[7.034791025725585,52.62350424380664],[6.778090509978515,52.639930330232424],[6.726836237517578,52.558333955720705],[6.713568243590576,52.47569998355274],[6.911921534148437,52.41551931949024],[6.996851477233154,52.442874513582034],[7.069026503173095,52.366283021882815],[7.067718062010986,52.21864279361133],[6.882234129515869,52.12573202700977],[6.82461646517871,51.95638617129688],[6.680369410125,51.88775213809375],[6.381445440856201,51.81990011783008],[6.211378130522949,51.87994345279102],[6.13267425021289,51.83843573184375],[5.979368242827636,51.80352743716602],[5.947897944060546,51.72167166324024],[6.1168608995354,51.63985785098438],[6.153822455016357,51.52067144961719],[6.222278151122314,51.389102540925784],[6.179620298949462,51.322330079988284],[6.089237246123535,51.19848593325977],[6.176207575408203,51.1440502032793],[6.070175680724365,51.084186159089846],[5.964243445006591,51.024337373689455],[5.927895102111084,50.98081549258594],[6.009666475859863,50.964496217683596],[6.073926481810791,50.866614900544924],[5.999575647917968,50.74159964175586],[5.697087320891601,50.730723939851565],[5.696757826415283,50.88292654605274],[5.774240049926025,50.92642553897266],[5.823895964232666,51.116832338289065],[5.484423193541748,51.28555639834766],[5.243653807250244,51.23659475894336],[5.112526926604492,51.40545233340625],[5.010119947997314,51.43270071597461],[4.932145628539306,51.37821539492969],[4.791377100554687,51.487201295808596],[4.67107346972583,51.40545233340625],[4.533119234648925,51.40545233340625],[4.39535096606372,51.41090353579883],[4.406719717589599,51.34007605166797],[4.173045191375,51.32487829776172],[3.989524397460205,51.3437457904375],[3.775046858397705,51.38774450869922],[3.743475946990234,51.460452638582034],[3.520320448485595,51.57913549991016],[3.878135714141113,51.79172857852344],[4.264411482421142,52.07089193911914],[4.387240442839843,52.230365358308596],[4.641012701598388,52.75569876284961],[4.718774351683837,52.80241736026172],[5.008403811064941,52.85619314761524],[5.173285517302734,52.743419252351565],[5.234628233519775,52.62285193057422],[5.108244452086669,52.5315013751543],[5.006087812987548,52.55688437075977],[5.035744223204834,52.333716951326174],[4.949828180876953,52.27794607730274],[5.473186525908691,52.17660482974414],[5.574368986693603,52.28301580996875],[5.756913218108398,52.333716951326174],[5.817143950072509,52.52136190982227],[5.611254725066406,52.5315013751543],[5.555709871855957,52.58732184024219],[5.546892675963623,52.678695283845705],[5.653440508452636,52.74977835269336],[5.576382670012695,52.759933076814455],[5.325746092406494,52.790408693269534],[5.358019384947998,52.937747560457034],[5.342753443328125,52.99631079287891],[5.332119974700195,53.01144751162891],[5.389523062316162,53.13857229800586],[5.647349867430908,53.227759920076174],[5.966306719390136,53.33501013369922],[6.260716471282226,53.32174261660938],[6.750721964446289,53.38986166568164],[6.861045393553955,53.26576193423633],[7.00905946215747,53.24541052432422],[7.043283495513183,53.164004884675784],[7.159938845244628,53.16400106997852]]]]}},{"type":"Feature","properties":{"name":"Austria","subject":"Austria","partOf":"Austria","borderPrecision":3,"color":"#b3a46e"},"geometry":{"type":"MultiPolygon","coordinates":[[[[9.736709627715332,47.616065584138674],[9.779980692473632,47.56662329287891],[9.891994509307128,47.56352957339649],[9.938269648162109,47.50173147769336],[10.025811228362304,47.480113588289065],[10.02095321139453,47.40597113223438],[10.13797381838916,47.388656221345705],[10.102937731353027,47.30096014590625],[10.199509653655273,47.30096014590625],[10.403125795928222,47.45539053531055],[10.38832667788623,47.5789867267168],[10.495405230132324,47.560435853914065],[10.613203081694824,47.58516653628711],[10.834806475249511,47.544993959382815],[10.876619371978027,47.480113588289065],[10.902938875762207,47.41523703189258],[11.17034629305957,47.42449911685352],[11.340007814971191,47.47084005923633],[11.359831842986328,47.52954062075977],[11.503432306853515,47.535716615632815],[11.55956748446582,47.612979494050784],[12.122032198516113,47.628429017976565],[12.163277659026367,47.70879324527149],[12.358181032744628,47.724254213289065],[12.446094545928222,47.66242178531055],[12.700078997222167,47.69024618716602],[12.76539138278125,47.637698732332034],[12.743726763335449,47.56352957339649],[12.942021402922851,47.48320349307422],[12.978917154875976,47.50790747256641],[13.022998842803222,47.66242178531055],[12.998080286589843,47.733523927644534],[12.847529444304687,47.73971136660938],[12.936306032744628,47.87266119571094],[12.694188150969726,48.12943609805469],[12.85824969729541,48.23158224673633],[13.29362395724414,48.36471518130664],[13.366653475371582,48.44213827700977],[13.384143862334472,48.59393271060352],[13.443694147673828,48.606326662019534],[13.640039476958496,48.538158021882815],[13.946682962981445,48.655101381257815],[14.011806521025878,48.64891394229297],[14.170937571135742,48.59099920840625],[14.38850978335498,48.54647787661914],[14.657484087554199,48.61972387881641],[14.993143114653808,48.96778830142383],[15.611516031829101,48.81425055117969],[16.06963065585254,48.712195955232424],[16.669154200164062,48.79378470034961],[16.914334330168945,48.70365484805469],[16.9387865396416,48.66104467959766],[16.962897333708984,48.61903341861133],[16.919251474944335,48.357684694246096],[16.988965067473632,48.24063452334766],[17.133549799837073,48.136730185897434],[17.331217798796875,47.99467810244922],[17.045186075774414,47.86388357730274],[17.03687003573535,47.69880636783008],[16.72155478915332,47.67465551944141],[16.647442850676757,47.73503836245899],[16.50115683993457,47.73503836245899],[16.40086844882129,47.64647635074024],[16.604519877043945,47.618304811433596],[16.665478739348632,47.52977713199024],[16.595057520476562,47.43724783511524],[16.410809549895507,47.40908011050586],[16.392897638884765,47.240192018464846],[16.484496149626953,47.155772767976565],[16.415217432585937,47.02313955874805],[16.25957396945117,46.888804994539065],[15.947394404021484,46.81826742740039],[15.984578165618164,46.64159353824024],[15.583985361663085,46.69379385562305],[15.450037035552246,46.6054759845293],[15.067858728972656,46.64159353824024],[14.81286052188037,46.59343298526172],[14.521769556609375,46.36872824283008],[14.392945322600585,46.436927400544924],[14.140745735586886,46.43325753192397],[14.117423090544921,46.43291815371875],[14.036648783293945,46.48105963321094],[13.568899187651855,46.51042517276172],[13.354013475981933,46.56066092105274],[12.951894793120605,46.597457490876955],[12.361854586211425,46.708541475251955],[12.217808756438476,46.88431891055469],[12.074753794280273,46.92750509829883],[12.064329180327636,47.09104498477344],[11.678601297942382,46.98921164126758],[11.543255838958007,47.03549154849414],[11.342970881072265,46.986129365876955],[11.260845217314941,47.02315481753711],[11.095800432769042,46.97994955630664],[10.947841677275878,46.794879518464846],[10.679364237395507,46.8102985248125],[10.395699534026367,46.88741263003711],[10.408574137297851,46.96452673526172],[10.311843905059082,47.0169750079668],[10.051520380583984,46.86773642154102],[9.804178270903808,46.97686728091602],[9.800573381987792,47.041663728669924],[9.520760569182617,47.06943853946094],[9.560831102935058,47.155860506013674],[9.464611086455566,47.28552206607227],[9.58434775790332,47.40905722232227],[9.53932315928003,47.4872009429331],[9.560997473255647,47.50048807652424],[9.59837981703166,47.487290214815076],[9.641345290198974,47.50711126748055],[9.64783212793817,47.488110994128014],[9.665830095197322,47.49598965630363],[9.678074563190693,47.488834209737405],[9.699246020649776,47.50628272822371],[9.742809515024337,47.504640797816485],[9.752371325522281,47.51076644905111],[9.712416939502718,47.55061659600564],[9.680344534585727,47.54265822345445],[9.680243137506228,47.55630921377518],[9.665470719275044,47.55624011404333],[9.736709627715332,47.616065584138674]]]]}},{"type":"Feature","properties":{"name":"Libya (IT)","subject":"Italy","partOf":"Libya (IT)","borderPrecision":3,"color":"#b47c6f"},"geometry":{"type":"MultiPolygon","coordinates":[[[[24.952900919524414,21.88223799319629],[24.94298461398242,21.431001268342776],[24.957913431731445,20.045747362092776],[24.918561014739257,19.969268403962893],[24.21643355807422,19.977870546296877],[23.982468638030273,19.98285063357715],[23.949723276702148,19.47427710147266],[23.057890925017578,19.90755232425098],[20.548014673796875,21.16387327762012],[18.324734720793945,22.23128279300098],[15.97051719149707,23.38058813662891],[15.785828623381835,23.35409887881641],[14.967711481658203,22.968030534700198],[14.28438666781543,22.63992651553516],[14.180097612944824,22.569409929231448],[13.64361003359912,22.97939261050586],[13.527384790984375,23.06133421512012],[13.073791536895019,23.21123083682422],[12.33359149417041,23.410310350374026],[11.959014925566894,23.471690736726565],[11.91531756838916,23.503213487581057],[11.52785304507373,24.181006990388674],[11.447878870574218,24.256801210359377],[10.985442194548828,24.413014970735354],[10.669208559600097,24.48744734378223],[10.424498591033203,24.397050462678713],[10.31472876986621,24.466327272371096],[10.06145957430957,24.858899675325198],[9.949298891631347,25.271360002473635],[9.37672999819873,26.03706892581348],[9.445374521819335,26.16457899661426],[9.557414087859375,26.222436510041994],[9.857375177947265,26.433888994172854],[9.895769152251464,26.5103774890459],[9.923319849578125,26.809241853669924],[9.717440638152343,27.329202257112307],[9.788479837981445,27.552053056672854],[9.860776934233886,27.832110963777346],[9.815307650176269,28.16868170352344],[9.86043361147998,28.556619249299807],[9.83711532076953,28.86789473147754],[9.770440134612304,29.24247892947559],[9.374687227812988,29.964721284822268],[9.483349833098632,30.136939607576174],[9.57486060580371,30.20736464114551],[9.673754725066406,30.2714858874834],[10.062646898833496,30.540628038362307],[10.132754358855468,30.642713151887698],[10.199086222258789,30.884582124666018],[10.075470003691894,31.3223892077959],[10.132420572844726,31.48158224673633],[10.794852289763671,31.993758760408205],[11.055592569915039,32.13505133242969],[11.416425737944824,32.32773932071094],[11.458253893462402,32.44871862979297],[11.429181131926757,32.70274695010547],[11.47068694552539,33.14409216494922],[12.117019686309082,32.87850149722461],[12.564756426421386,32.73963888736133],[12.798863443938476,32.733768068269534],[13.187125238982421,32.791759096101565],[13.458779368010742,32.77960928531055],[14.157023462859375,32.67937811465625],[14.433427843657714,32.46390875430469],[14.790810618010742,32.362994752839846],[15.00978663882373,32.363441072419924],[15.163704905120117,32.27480658145313],[15.241435083953125,32.17330130191211],[15.358129534331542,31.805022798494143],[15.533408197966796,31.55121573062305],[15.843325647917968,31.285003267244143],[16.013379129973632,31.22817000003223],[16.318387064543945,31.165261827424807],[16.782519373503906,31.128097139314455],[16.983780893889648,31.09674223513965],[17.421629938689453,30.99598654361133],[17.708979639617187,30.894923768953127],[17.95715812167285,30.768363557771487],[18.537213358489257,30.41374548526172],[18.915026697722656,30.204860292390627],[19.124539408293945,30.198943696931643],[19.322815928069335,30.256539903596682],[19.663914713469726,30.44150122256641],[19.98153785189746,30.721730791047854],[20.116768869963867,30.957103334382815],[20.116679224578125,31.071467958406252],[19.99209693392871,31.350774370149416],[19.941582712737304,31.611169420198244],[19.96147063693164,31.795470796541018],[20.06836417636035,32.03713568301563],[20.365721735564453,32.29824026675586],[20.515524897185546,32.38751181216602],[20.76505187472461,32.49603231997852],[21.054497751799804,32.630050264314455],[21.67341903170703,32.815589509919924],[22.215989145842773,32.79128988833789],[22.543126139250976,32.72207220645313],[22.922846827117187,32.55765875430469],[23.007332834807617,32.48158987613086],[23.02665618380664,32.25291021914844],[23.15333846530078,32.138812623933596],[23.288636240569335,32.13273199649219],[23.71403411349414,32.0764232501543],[24.034403833953125,31.937314592317385],[24.23692229708789,31.92502363772754],[24.815857920256835,31.90715368838672],[24.951525721160156,31.818492494539065],[24.982237848845703,31.647012315706057],[25.106553110686523,31.51384123416309],[25.062094721404296,31.420325838044924],[24.8961840005791,31.317725740388674],[24.80176833590625,31.164716325715823],[24.961176905242187,30.587459169343752],[24.85716918429492,30.396266542390627],[24.711909327117187,30.14764555545215],[24.687031778899414,30.007722459749026],[24.770211252776367,29.58251341433887],[24.94439414462207,29.170522294954104],[24.96335700472949,29.005427919343752],[24.956902536956054,28.56063040347461],[24.94857123812793,26.81960829348926],[24.941601786223632,26.158750139192385],[24.93787101229785,25.237365327791018],[24.93749717196582,24.926002107576174],[24.95778754672168,23.661565385774416],[24.947848352996093,23.057826600984377],[24.952900919524414,21.88223799319629]]]]}},{"type":"Feature","properties":{"name":"Mandatory Palestine (GB)","subject":"United Kingdom of Great Britain and Ireland","partOf":"Mandatory Palestine (GB)","borderPrecision":3,"color":"#a88992"},"geometry":{"type":"MultiPolygon","coordinates":[[[[34.93554213961718,29.418094240144534],[34.56028274020312,30.203866563752932],[34.20194915255664,31.078446947053713],[34.146304163542965,31.20857962222461],[34.19527724703906,31.238141618684573],[34.5006590219414,31.621099077180666],[34.59913543185351,31.817897401765627],[34.681338343230465,32.045978151277346],[34.75850203951953,32.30071981997852],[34.84289077242968,32.670699678376955],[34.894969019499996,32.66283377261524],[34.95658782443164,32.704818330720705],[34.959082636443355,32.79665716739063],[34.97200683077929,32.93840750308399],[35.13920119723437,32.961654268220705],[35.20756057223437,32.951488100007815],[35.23912719210742,32.906993471101565],[35.399138483611324,32.93840368838672],[35.40285018405078,33.01396521182422],[35.4331541391289,33.10066183658008],[35.473032984343746,33.11898382754688],[35.50439361056445,33.10851248355274],[35.586558374968746,32.952796541169924],[35.67710784396289,32.89522513003711],[35.68643477877734,32.81278570742969],[35.66515639742968,32.75782736392383],[35.70218184908984,32.719405733064455],[35.68798907835729,32.71063290125933],[35.65637114962695,32.69108923526172],[35.63999465426562,32.63743933291797],[35.66946700533984,32.45244940371875],[35.6572866769707,32.327315889314455],[35.62980178317187,32.24896963687305],[35.614714655486324,31.867774568513674],[35.58311751803515,31.530948244050784],[35.523413691130855,31.403564058259768],[35.52509978732226,31.2193675860918],[35.390410456267574,30.818418107942385],[35.15767196139453,30.327973924592776],[35.16422942599414,29.959563814119143],[35.033171686736324,29.545907579377932],[34.9846792550957,29.467219911531252],[34.95425704440234,29.43680914492969],[34.93554213961718,29.418094240144534]]]]}},{"type":"Feature","properties":{"name":"Egypt","subject":"United Kingdom of Great Britain and Ireland","partOf":"Egypt","borderPrecision":3,"color":"#a88992"},"geometry":{"type":"MultiPolygon","coordinates":[[[[34.146304163542965,31.20857962222461],[34.20194915255664,31.078446947053713],[34.56028274020312,30.203866563752932],[34.93554213961718,29.418094240144534],[34.76433471163867,29.246686540559573],[34.54894927462695,28.731626115754885],[34.398840937224605,28.095985017732424],[34.32201293429492,27.828979097322268],[34.24119857272265,27.758920274690432],[34.05800536593554,27.790313325837893],[33.85604384860156,28.024955354646487],[33.504057917205074,28.32918318362598],[33.33074096163867,28.551192842439455],[33.17847350558398,28.995608888582034],[32.94378188571093,29.198421083406252],[32.81360534152148,29.477700792268557],[32.73727706393359,29.693547807649416],[32.647959742156246,29.85220106692676],[32.43838027438281,29.7755199298418],[32.318491968718746,29.54019697757129],[32.59057525118945,28.93719633670215],[32.64934447726367,28.76578100772266],[32.93467620333789,28.37882574649219],[33.354216608611324,27.9095474109209],[33.56693938693164,27.369950853303713],[33.80406478366015,26.93206938357715],[33.928809198943355,26.56382330508594],[34.10422042330859,26.354524217561526],[34.514842066374996,25.573916994050784],[34.99740127047656,24.71719893069629],[35.18986419161914,24.399919115022463],[35.453459772673824,24.152688585237307],[35.65656951388476,23.994273744539065],[35.72469619235156,23.91181906314258],[35.616301569548824,23.83534773440723],[35.48792937716601,23.79059561343555],[35.46848967990039,23.720668397859377],[35.57585051974414,23.231660448030276],[35.68928817233203,23.021319948152346],[35.74630263766406,22.91434057803516],[36.11136153658984,22.64825590701465],[36.2902212472832,22.57238157840137],[36.47324660739062,22.337684236482424],[36.660429987517574,22.16653784366016],[36.800112757292965,21.914899431184573],[32.12813476046679,21.917682252839846],[31.166268381682617,21.91843756289844],[29.917969736663085,21.917518220857424],[28.786871943083984,21.910934053376955],[27.766814264861328,21.92405279727344],[27.017668757048828,21.9196849689043],[26.459485087004882,21.916434846833987],[25.73288634738086,21.92490728946094],[25.321587595549804,21.92251928897266],[24.952900919524414,21.88223799319629],[24.947848352996093,23.057826600984377],[24.95778754672168,23.661565385774416],[24.93749717196582,24.926002107576174],[24.93787101229785,25.237365327791018],[24.941601786223632,26.158750139192385],[24.94857123812793,26.81960829348926],[24.956902536956054,28.56063040347461],[24.96335700472949,29.005427919343752],[24.94439414462207,29.170522294954104],[24.770211252776367,29.58251341433887],[24.687031778899414,30.007722459749026],[24.711909327117187,30.14764555545215],[24.85716918429492,30.396266542390627],[24.961176905242187,30.587459169343752],[24.80176833590625,31.164716325715823],[24.8961840005791,31.317725740388674],[25.062094721404296,31.420325838044924],[25.106553110686523,31.51384123416309],[25.25822928866504,31.437919221833987],[25.507155451384765,31.444781862214846],[25.7895002695,31.48984106631641],[26.14333442172168,31.490577302888674],[26.823994669524414,31.358560167268557],[27.088095697966796,31.306726060823244],[27.438754114714843,31.25182493777637],[27.763331446257812,31.182614885286135],[27.919449839202148,30.99868544192676],[28.09982970675586,30.99905737491016],[28.51718238314746,30.9617992267168],[28.96642211398242,30.784841142610354],[29.248847040740234,30.753661714509768],[29.359381708708984,30.81107100100879],[29.68310264071582,31.053170762971682],[30.09913924655078,31.231925569490237],[30.476056131926757,31.31528814883594],[30.827059778777343,31.436736665681643],[30.99595550021289,31.468850694612307],[31.151381525603515,31.443749986604494],[31.39227012118457,31.44426115603809],[31.717415842620117,31.387752138093752],[31.80812362155078,31.178281389192385],[32.07651046237109,31.013650499299807],[32.30937865695117,31.08401831241016],[32.59724334200976,30.96390112491016],[32.76873305758593,30.95155294986133],[33.021391901580074,31.132072053865237],[33.1295652719414,31.051686845735354],[33.25459960421679,31.026528917268557],[33.55760100802539,30.967715822175784],[33.70960906466601,30.995709978059573],[33.916968378630855,31.070052705720705],[34.146304163542965,31.20857962222461]]]]}},{"type":"Feature","properties":{"name":"Sudan","subject":"Sudan","partOf":"Sudan","borderPrecision":3,"color":"#a88992"},"geometry":{"type":"MultiPolygon","coordinates":[[[[33.99141601046679,4.026679597810549],[33.73787215670703,3.783647142366213],[33.45643905123828,3.64214452357654],[33.29096892794726,3.634810291246218],[33.154875788298824,3.722972236589236],[33.0184927316582,3.766657434419436],[32.622527155486324,3.707099519685549],[32.2261228891289,3.558560691789431],[31.816065821257812,3.537054143861575],[31.39229682406543,3.642579160646243],[31.16936210116504,3.647604309037966],[30.960585627166015,3.608226858094973],[30.737151178923828,3.505206190065188],[30.15780738314746,4.099212251619143],[29.69307807406543,4.515941701844973],[29.59983161410449,4.553517423585696],[29.484173807708007,4.482912622407717],[29.28813079318164,4.221160493806643],[29.215901407805664,4.176239095643801],[28.90842536410449,4.460423074678225],[28.735779795256835,4.46575840564136],[28.49727157076953,4.299082361177248],[28.381495508757812,4.1903410777605],[28.22318938693164,4.183049760774416],[28.05823806246875,4.27104815097217],[27.822163614836914,4.485746942476077],[27.665371927825195,4.707273088411135],[27.30795958956836,5.054712377504153],[27.243727717009765,5.16238173098926],[27.229491266814453,5.194083295778078],[27.267125162688476,5.499388299897952],[27.196070704070312,5.65785463900928],[26.945387873259765,5.872465692476077],[26.57865050753711,5.946555696443362],[26.413655314055664,6.047280393556399],[26.285311731902343,6.243543706849856],[26.25871947726367,6.567537866548342],[26.16628364047168,6.732233606294436],[26.07319930514453,6.807962022737307],[25.75049880465625,7.003076635316653],[25.499640497771484,7.173185430482668],[25.299120936003906,7.330889783815188],[25.221285852996093,7.508388124421877],[25.287985834685546,7.724888883546633],[25.188126597014648,7.845050416902346],[25.030308756438476,7.933093152955813],[24.670792612639648,8.039018236116213],[24.31209090670703,8.240274034456057],[24.21204665621875,8.341372095063967],[24.09869101962207,8.563150011018557],[24.00546363314746,8.619802080110354],[23.88284972628711,8.619072519258303],[23.52215865573047,8.610577188447756],[23.450902018157226,8.705489717439455],[23.446473154631835,9.004177652314944],[23.6336164804375,9.666291795686526],[23.578520807830078,9.9074779376543],[23.422722849456054,10.154428087190432],[22.818951639739257,10.907167993501467],[22.88672164401172,11.098231874421877],[22.874703440276367,11.263401590303225],[22.754965815154296,11.472437463716311],[22.555325541106445,11.655555330232424],[22.485079798308593,11.788608156160159],[22.423705134001953,12.023399911836428],[22.324366602507812,12.575745187715334],[22.26095679720996,12.677052102998537],[22.109034571257812,12.682509027437014],[21.87671950778125,12.6430097446001],[21.778044733611328,12.80131109805469],[21.920403513518554,13.075436197236819],[22.16431716403125,13.343803964570803],[22.20341971835254,13.496561609224123],[22.049708399382812,13.794365488008303],[22.073573145476562,13.90254458041553],[22.396458658782226,14.095108591035647],[22.463698420134765,14.190841279939455],[22.404845270720703,14.495547853425784],[22.4599047037041,14.692884050325198],[22.722136530486328,15.056673608735842],[22.909775766936523,15.617037378267092],[23.013073954192382,15.681200586274905],[23.57317260226367,15.703569017366213],[23.95093825778125,15.69943007083301],[23.968827280608398,15.826636873201174],[23.95474341830371,16.379447542146487],[23.93839362582324,16.830562196687502],[23.9555101724541,17.167478166536135],[23.917330774871093,18.292085252717776],[23.93393615206836,18.57816084475879],[23.94083503207324,19.003964982942385],[23.949723276702148,19.47427710147266],[23.982468638030273,19.98285063357715],[24.21643355807422,19.977870546296877],[24.918561014739257,19.969268403962893],[24.957913431731445,20.045747362092776],[24.94298461398242,21.431001268342776],[24.952900919524414,21.88223799319629],[25.321587595549804,21.92251928897266],[25.73288634738086,21.92490728946094],[26.459485087004882,21.916434846833987],[27.017668757048828,21.9196849689043],[27.766814264861328,21.92405279727344],[28.786871943083984,21.910934053376955],[29.917969736663085,21.917518220857424],[31.166268381682617,21.91843756289844],[32.12813476046679,21.917682252839846],[36.800112757292965,21.914899431184573],[36.90349868258593,21.728648744539065],[37.12776854952929,21.227176271394534],[37.25457290133593,19.65172728152637],[37.39818480929492,18.91500052066211],[37.47998717745898,18.81987150760059],[37.76123717745898,18.642554841951174],[38.02859786471484,18.47793921084766],[38.306651148406246,18.24978407473926],[38.527468714324215,18.161315523103518],[38.64174178561328,18.06071051211719],[38.534678492156246,17.971120439485354],[38.409976038542965,17.82425268741016],[38.27231124362109,17.569280229524416],[38.10624602755664,17.460284791902346],[37.87632659396289,17.38267859073047],[37.68424514254687,17.330718599275393],[37.615393671599605,17.266774736360354],[37.50942519625781,17.04375036807422],[37.35265258273242,16.96658857913379],[37.024321589080074,16.95193823428516],[36.9321890207207,16.703584276155276],[36.9152212472832,16.50015028567676],[36.82439330538867,16.11199339480762],[36.71524337252734,15.78728350253467],[36.471926722136715,15.201222978547854],[36.4408560129082,14.978640161470217],[36.48244384249804,14.572192750886721],[36.47670272311328,14.266498170808596],[36.47621062716601,14.229000650361819],[36.40928939303515,13.802840791658205],[36.22992614230273,13.248925767854494],[36.13399032076953,12.771745286897463],[35.66581252535937,12.622819505647463],[35.47957519015429,12.456488214448733],[35.16744521578906,11.94624575229053],[35.097910914031246,11.793311677888674],[35.01193526705859,11.30346067996387],[34.948699030486324,10.820091806367678],[34.859892878142574,10.736954294160647],[34.73659423312304,10.717159830049319],[34.54259398898242,10.760490022615237],[34.4262075754082,10.728026948884768],[34.35270217379687,10.676754556611819],[34.268836054412105,10.180554948762698],[34.21675399264453,9.760784707979006],[34.12672713717578,9.18827112765674],[34.14423278292773,8.953216157869143],[34.041758570281246,8.431467615083498],[33.83052733859179,8.296745859102053],[33.70083144625781,8.30233534427051],[33.28344634493945,8.357051454500002],[33.13901046237109,8.343488298372073],[33.0543699594414,7.980712972596926],[33.029795679656246,7.77084120364551],[33.07216552218554,7.70752914996509],[33.28771499117968,7.657969556764407],[33.618498835173824,7.602732263520998],[33.76882461032031,7.527359090760989],[34.13085463961718,7.116396985963625],[34.607520136443355,6.636189065889162],[34.94571975192187,5.977213941530032],[35.100710901824215,5.647631727174563],[35.25725844821093,5.457892976716799],[35.46480849703906,5.332009874299807],[35.651553186980465,5.288624368623537],[35.772646936980465,5.149520002321047],[35.82539275607226,4.704935632661623],[35.81011489352343,4.628579698518557],[35.80223372897265,4.564981542543215],[35.766394648162105,4.577471815065188],[35.55762389620898,4.569872461274905],[35.10371688326953,4.509972177461428],[34.72953704318164,4.507751546815676],[34.42759231051562,4.53137644381885],[34.29664519747851,4.384414754823489],[33.99141601046679,4.026679597810549]]]]}},{"type":"Feature","properties":{"name":"Eritrea","subject":"Eritrea","partOf":"Eritrea","borderPrecision":3,"color":"#739b91"},"geometry":{"type":"MultiPolygon","coordinates":[[[[42.327849421111324,12.357114397004885],[42.21042922457812,12.431837640718264],[41.996611628142574,12.716928087190432],[41.78279403170703,12.788200937227053],[41.586794886199215,13.198018632844729],[41.016612085906246,13.554381929353518],[40.89188674410937,13.821653924897952],[40.58897689303515,14.124562822297854],[40.3217039438164,14.17801722140674],[39.92970565280078,14.427471719697756],[39.68025115450976,14.391835771516604],[39.608977350798824,14.463107667878909],[39.50206664523242,14.44529017062549],[39.37734130343554,14.53438051791553],[39.2169790597832,14.463107667878909],[39.00316146334765,14.427471719697756],[38.87843230685351,14.623471818879885],[38.807158503142574,14.516563020662112],[38.61115935763476,14.427471719697756],[38.254797968474605,14.391835771516604],[38.00534347018359,14.659108720735354],[37.89843276461718,14.659108720735354],[37.720252070037105,14.80165346713428],[37.346072229949215,14.053289972261233],[37.15006926974414,14.44529017062549],[36.93625167330859,14.409653268770022],[36.811526331511715,14.249290071443362],[36.63334563693164,14.28492697329883],[36.47670272311328,14.266498170808596],[36.48244384249804,14.572192750886721],[36.4408560129082,14.978640161470217],[36.471926722136715,15.201222978547854],[36.71524337252734,15.78728350253467],[36.82439330538867,16.11199339480762],[36.9152212472832,16.50015028567676],[36.9321890207207,16.703584276155276],[37.024321589080074,16.95193823428516],[37.35265258273242,16.96658857913379],[37.50942519625781,17.04375036807422],[37.615393671599605,17.266774736360354],[37.68424514254687,17.330718599275393],[37.87632659396289,17.38267859073047],[38.10624602755664,17.460284791902346],[38.27231124362109,17.569280229524416],[38.409976038542965,17.82425268741016],[38.534678492156246,17.971120439485354],[38.64174178561328,18.06071051211719],[38.685671839324215,18.002805314973635],[39.008826288787105,17.056781373933596],[39.20794204196093,16.326509080842776],[39.51792815646289,15.463048540071291],[39.7964468332207,15.088771425203127],[39.88854125460742,15.184274278596682],[39.85619262179492,15.400236688569827],[39.89788344821093,15.501986108735842],[40.03721145114062,15.387916170076174],[40.21745208224414,15.0833173617876],[40.38988402804492,14.905787073091311],[40.630530390349605,14.925351701692385],[40.739138636199215,14.919243417695803],[41.341250452605465,14.34232386203174],[41.70525649508593,13.930100999788088],[41.76108840426562,13.885752283052248],[42.07897857150195,13.86101397128467],[42.35708144625781,13.467672906831545],[42.36641982516406,13.359677873567385],[42.35496428927539,13.270696245149416],[42.40844253024218,13.175496660188479],[42.63643935641406,13.093382440522952],[43.0480223031914,12.702313981965823],[43.0144529672539,12.659888826326174],[42.776152643767574,12.308966241792483],[42.62736419161914,12.390701852754397],[42.448637995330074,12.446830354646487],[42.352549585906246,12.39542730899219],[42.327849421111324,12.357114397004885]]]]}},{"type":"Feature","properties":{"name":"Norway","subject":"Norway","partOf":"Norway","borderPrecision":3,"color":"#739b91"},"geometry":{"type":"MultiPolygon","coordinates":[[[[21.970780405608398,79.7828555926836],[21.252636942473632,79.78903540225392],[20.344210657683593,79.7962833270586],[19.561673197356445,79.76781805606251],[19.218064341155273,79.74022253604298],[18.330594095793945,79.8823657855547],[18.695826563445312,80.08740576358204],[19.06761840304492,80.16498144717579],[19.39876655062793,80.36864813418751],[19.91539672335742,80.63342627139454],[20.524457010833007,80.32244452090626],[20.97366431674121,80.27496679873829],[21.475871119109375,80.31472357364063],[21.88118270358203,80.27680548282032],[22.197699579802734,80.12329443545704],[22.58739951571582,80.26860388369923],[22.826014551726562,80.47298773379688],[23.216382059661132,80.61079748721485],[23.076764139739257,80.24058874698048],[23.11540893038867,80.09633978457813],[23.49826148470996,80.09711798282032],[23.944243464080078,80.31975897403126],[24.421435389128906,80.4372745379961],[24.782862696257812,80.37966497989063],[25.033976587859375,80.16746862979298],[25.35129645785449,80.14890631289845],[26.254410776702148,80.19886358828907],[26.948615107146484,80.11370428653126],[27.19679549655078,79.9443546161211],[26.96863082369922,79.85386236758595],[26.06695846041797,79.57410009951954],[25.336686167327148,79.40301092715626],[24.85516074618457,79.37533911319142],[24.416337046233398,79.3121524676836],[23.820517572966796,79.14745672793751],[20.99829390963672,79.1910816058672],[20.983325037566406,79.36089666934376],[21.654866251555664,79.47809942813282],[21.970780405608398,79.7828555926836]]],[[[13.252219233123046,79.80073126407032],[13.282957110015136,79.48708685489063],[13.396730455962402,79.43371161075001],[14.158891710845214,79.36382635684376],[14.25808814486621,79.53364904971485],[14.316590342131835,79.72191961856251],[14.574694666472656,79.78525885196095],[14.810112032500488,79.80369146914845],[15.237189325896484,79.58918341250782],[15.77414325198291,79.24228247256642],[16.133173975554687,79.13635595889454],[16.38881209811328,79.23457678408985],[16.289153132048828,79.36790808291798],[16.081957850066406,79.52817877383595],[15.935030970183593,79.7429386004961],[15.916598352996093,79.84177740664845],[16.32628348788379,80.02513464541798],[16.776646647063476,79.9785571918047],[16.995327982512695,79.89783819766407],[17.57058051547168,79.88994177432423],[17.834054026213867,79.80945166201954],[17.79819396456836,79.62093695254688],[17.72217849215625,79.48664435000782],[17.76900580844043,79.4153018817461],[18.015986475554687,79.36228521914845],[18.350546869841796,79.51463659854298],[18.548739466277343,79.55971869082813],[18.846463236418945,79.38169439883595],[19.15158179720996,79.23094519229298],[19.50487426241992,79.16055639834767],[19.931851420012695,79.10815008731251],[20.68418792208789,78.91487463565235],[20.908095392791015,78.80939062686329],[20.321175608245117,78.68498571963673],[19.429148707,78.58662756533985],[19.11582282504199,78.45454748721485],[18.786776575652343,77.93978460879688],[18.3886156412041,77.541621767],[17.82944396456836,77.48894842715626],[17.48486045321582,77.2480655536211],[17.279892954436523,76.98295935244923],[17.26699927767871,76.81286200137501],[16.912959131804687,76.71886786075001],[16.662911448088867,76.72687109561329],[15.94610312899707,76.88682135196095],[15.098876032439453,77.11526831241017],[14.484577211943847,77.37091406436329],[14.77792457064746,77.53477057071095],[15.482050928679687,77.55328711123829],[16.2868090005791,77.6151538714922],[16.711554560271484,77.7886157855547],[16.41804793795703,77.90059240908985],[15.59807780703662,77.8383975848711],[14.893422159758789,77.78515204043751],[14.13102916201709,77.76640661807423],[13.905090365020019,77.99990423770313],[14.336516413298828,78.02679022403126],[14.953421625701171,78.12359198184376],[15.920889887419921,78.26488073916798],[16.617047342864257,78.46726568789845],[15.480342897979003,78.64941748233204],[15.083908114043457,78.78065069766407],[14.819029841033203,78.71849402041798],[14.352827105132324,78.42791327090626],[13.871756586638671,78.29587896914845],[13.61843207797168,78.26922949405079],[13.062086138335449,78.34677466006642],[12.910100969878417,78.42518194766407],[12.43747333010791,78.59088476748829],[12.074569735137207,78.69565161319142],[11.760330233184082,78.88018377871876],[12.524833712187988,79.05856665225392],[12.156988176909667,79.3154483661211],[11.545166048613769,79.17202337832813],[11.335225138274414,79.20714148135548],[10.9194412561333,79.54516943545704],[11.284340891448242,79.70714148135548],[11.516539606658203,79.71653326602345],[12.000311884490234,79.77136572451954],[12.457693132964355,79.75425299258595],[12.717382464019042,79.78171118350392],[13.252219233123046,79.80073126407032]]],[[[11.178854975310546,59.070289216951174],[11.112050089446289,59.16510733218555],[10.829190287200195,59.1058421954668],[10.768937143889648,59.11769064517383],[10.656806025115234,59.22439535708789],[10.549271616545898,59.37863119693164],[10.633557352629882,59.44985159488086],[10.569742235747558,59.58050497622852],[10.407057795134765,59.49734839053516],[10.378625902739746,59.36674841494922],[10.429588350859863,59.25997122378711],[10.363341364470703,59.212535463289065],[10.211065325347167,59.070289216951174],[10.172335657683593,58.98736532779102],[9.937624010649902,58.94000204654102],[9.697579416838867,58.999217592195315],[9.346200022307617,58.84530981631641],[9.371620211211425,58.78614767642383],[9.145894083586914,58.65606649966602],[8.921734842864257,58.53789099307422],[8.175240549651367,58.17204626651172],[8.153747591582519,58.08954580874805],[8.03019622286914,58.06597860904102],[7.90843108615039,58.06597860904102],[6.958641085234863,57.97173651309375],[6.874181303588134,58.0777545795],[6.725660833922607,58.13668783755664],[6.64365533312915,58.04241140933399],[6.479116472808105,58.08954580874805],[6.651709589568359,58.17204626651172],[6.231332335082275,58.27817877383594],[5.873840365020019,58.431598268464846],[5.615484270659667,58.45521505923633],[5.39973500689624,58.71517523379688],[5.530999216643554,58.880809389070315],[5.474647554961425,58.975528322175784],[5.627488169280273,58.96367987246875],[5.665794405547363,58.82164724917774],[5.793662104216796,58.916324220613284],[6.093553576079589,58.797977052644534],[5.983710798827392,58.886722169832034],[6.041155848113281,58.95184286685352],[6.266145262328369,58.99328573794727],[6.050548109618408,58.98144491763477],[5.940400633422119,58.9340778216875],[5.822302374449951,59.01698263736133],[5.771857294646484,59.076217256501955],[6.032578501311523,59.200667940095705],[6.237526449767334,59.283694826082034],[6.020303759185058,59.2540355548418],[5.877495798674804,59.313350282625],[6.076250586119873,59.42016562075977],[6.113430533019287,59.52704580874805],[5.815908941832763,59.313350282625],[5.79950192889331,59.43203695865039],[5.680468592253906,59.50923117251758],[5.682913813201171,59.414229951814455],[5.717149290648681,59.337073884919924],[5.528521570769531,59.26589926333789],[5.343843969908935,59.26589926333789],[5.350331816283447,59.39049109073047],[5.282588991729003,59.27183111758594],[5.176648649779541,59.30741461367969],[5.086604151335937,59.50923117251758],[5.382628950682861,59.71127279849414],[5.41855767687915,59.51516684146289],[5.449307474700195,59.65776403994922],[5.64616826495288,59.58645208926563],[5.74112323245166,59.62804373355274],[5.666552576628906,59.67559774966602],[5.96990159472583,59.71127279849414],[6.185389551726562,59.82426031680469],[5.910496267882568,59.75289496035938],[5.694047484008056,59.75289496035938],[5.543337854949218,59.82426031680469],[5.631734404174072,59.883765779451174],[5.805763277617675,59.94925268741016],[5.894064459410888,60.1612621173418],[5.524619612303955,60.167525850251955],[5.279052290526611,60.12533529849414],[5.096230539885742,60.26413305850391],[5.261776003447753,60.327132783845705],[5.551142248717529,60.508887849763674],[5.45583156069873,60.59240683169727],[5.255226645079834,60.56414373965625],[5.075472387877685,60.591693483308596],[4.980375322905761,60.68924292178516],[5.108526739684326,60.90610846133594],[5.387047800627929,61.025584779695315],[5.11961272677539,61.13709982486133],[5.018313440886718,61.30513723941211],[5.140952620116455,61.38955648990039],[5.101146254149658,61.69858893008594],[5.148983511534912,61.740882478669924],[5.416030916777832,61.7695384845293],[5.592420134154541,61.78969534488086],[5.797088179198486,61.76991232486133],[5.833900007811767,61.819408021882815],[5.719467672911865,61.87954672427539],[5.528184446898681,61.93255194278125],[5.425686392394287,62.009261690095705],[5.469670805541259,62.09369619937305],[5.564593824950439,62.15030249209766],[5.823631319609863,62.179019533113284],[6.053489241210205,62.33480032534961],[6.308390650359375,62.28582724185352],[6.532513651458007,62.335696779207034],[6.612958941069824,62.58333548159961],[6.988682779875976,62.54157217593555],[7.289257082549316,62.48556479068164],[7.546737703887207,62.599254213289065],[7.101563486663085,62.70464285464649],[6.981860193816406,62.846141420320315],[7.088180098143798,62.91019781680469],[7.606488260833007,62.904056154207034],[7.989161524382812,62.94026907534961],[8.23129371127246,62.841407381013674],[8.25796607455371,63.0543170795],[8.472289118376953,63.17551764102344],[8.60590365847705,63.32509573550586],[8.957197222319824,63.40404089541797],[9.154221567717773,63.31901892276172],[9.216067347136718,63.28356131167774],[9.440897974578125,63.49752386660938],[9.832105669585449,63.68362005801563],[9.870058092681152,63.87643393130664],[10.06615928134082,64.05550726504688],[10.739846262541992,64.38617285342579],[10.890596422759277,64.47251471133595],[10.996618303862792,64.49424322696095],[11.213500055876953,64.41573675723438],[11.364055666533691,64.41601904483204],[11.50772193392871,64.51671942325001],[11.406536135283691,64.61703833194142],[11.46994117220996,64.67464026065235],[11.689727816191894,64.7756534442461],[11.895566973296386,64.91273077578907],[12.112141642180664,65.12991674991017],[12.222211870757324,65.10114630313282],[12.526453051177246,65.10895117373829],[12.496170076934082,65.38447149844532],[12.284087214080078,65.43488653750782],[12.47921851595996,65.61703070254688],[12.709057840911132,65.90887793155079],[13.08738902529834,65.8804126605547],[13.10879901370166,66.03374060244923],[13.151907000151855,66.1361270770586],[13.581009897795898,66.18811377139454],[13.402801546660644,66.34881933780079],[13.255395922270996,66.39254339785938],[13.16864779910205,66.45833929629688],[13.242076906768066,66.56853064151173],[13.383193049041015,66.67895086856251],[13.592026743499023,66.65732153506642],[13.991646799651367,66.68745764346485],[13.74718955477832,66.9224048480547],[13.85906699618457,66.95944555850392],[14.054739031401855,66.97455938907032],[14.37307837924121,67.09309729190235],[14.63926890811084,67.12311132998829],[14.777660402861816,67.21653326602345],[14.61647323092578,67.24526556582813],[14.56920817813037,67.32934149356251],[14.699147257415039,67.37438543887501],[14.976157221404296,67.52293737979298],[15.226662668791992,67.50855597110157],[15.384503397551757,67.46444281192188],[15.579943689910156,67.58331640811329],[15.745667490569335,67.59729345889454],[15.761817965117675,67.6762882098711],[15.572235140410644,67.8206973895586],[15.854214701262695,67.92523535342579],[15.919741663542968,68.0489688739336],[16.071057352629882,68.04467352481251],[16.232728037444335,67.91109045596485],[16.411614451018554,67.87424810977345],[16.648547205535156,68.04574926944142],[16.52190307101367,68.34090002627735],[16.71914008578418,68.31135901065235],[17.0332746835625,68.33763464541798],[17.126420054045898,68.41608007998829],[16.854756388274414,68.5577808246172],[17.039734873381835,68.65852697940235],[17.406914743987304,68.77154120059376],[17.448914560881835,68.88699682803517],[17.565863642302734,68.97436865420704],[17.894713434783203,69.0350757464922],[17.928147348967773,69.00507696719532],[18.05154517611621,69.02785833926563],[18.09735396823047,69.0580020770586],[18.319052729216796,69.35937841983204],[18.55324080905078,69.24687536807423],[18.984845194426757,69.31544073672657],[19.17015555819629,69.25552710147267],[19.289172205535156,69.2105899676836],[19.57997992953418,69.18105658145313],[19.821213755217773,69.36973150821095],[20.15765098055957,69.74782904239063],[20.286376032439453,69.7859073504961],[20.358317408171875,69.71038397403126],[20.278164896575195,69.58179052920704],[20.19650367220996,69.31769140811329],[20.552685770598632,69.52190741153126],[20.73393920382617,69.77918585391407],[21.1027269693291,69.81769140811329],[21.41196349581836,70.01541479678517],[21.608561548796875,69.9625430926836],[21.90807250460742,69.80404242129688],[22.163310083953125,70.09311255069142],[22.30644896945117,70.2156177386797],[22.745574030486328,70.17060431094532],[23.203606638518554,69.94277533145313],[23.292468103972656,70.01129492373829],[23.508408579436523,70.2790714129961],[23.82728866061328,70.47883947940235],[23.954854044524414,70.50205572696095],[24.207715067473632,70.47186621280079],[24.359614405242187,70.61029394717579],[24.570508036223632,70.74138220401173],[24.84903815707324,70.82660254092579],[25.389031443206054,70.90462835879688],[25.83205512484668,70.89776190371876],[25.230692896453125,70.55818518252735],[25.122424158660156,70.43524511905079],[25.07408050021289,70.14438208194142],[25.26302436312793,70.10654791446095],[25.5740404458916,70.36713751407032],[26.262717279998046,70.79074438662892],[26.6065168710625,70.91462286563282],[26.619105372039062,70.79908331485157],[26.61742309054492,70.39204748721485],[26.93435004672168,70.46928747744923],[27.13108161410449,70.57707556338673],[27.516011271086914,70.97030981631642],[27.947543177214843,71.01741369815235],[28.21115973910449,71.01790960879688],[28.30841353854297,70.9486499652422],[28.136439356414062,70.83272894473438],[27.985291514006835,70.71700628848438],[28.018929514495117,70.60945471377735],[27.875399622527343,70.42505987735157],[28.28972533663867,70.3722110614336],[28.38890746554492,70.57175024600392],[28.794812235442382,70.86477240176563],[28.98433783969043,70.85741003604298],[29.741230997649414,70.60498388858204],[30.041438135710937,70.54413946719532],[30.461960825530273,70.5372501239336],[30.75420287570117,70.43041571231251],[30.798840555754882,70.30796393008595],[30.251879725066406,70.1311450824297],[29.734896692839843,70.11489447207813],[28.73008063754199,70.13592871280079],[28.817093882170898,70.0979190692461],[29.08001998385547,69.96123083682423],[29.55593207797168,69.83340033145313],[29.728575739470703,69.69756659121876],[30.055806192961914,69.72085913272267],[30.361294779387695,69.76681097598438],[30.735358271208984,69.7523609027422],[31.0537824960625,69.63959082217579],[30.871699366179687,69.51008947940235],[30.64079955538867,69.41849096866017],[30.26993659457324,69.40906866641407],[29.923598322478515,69.35460241885548],[29.462780985442382,69.13418921084767],[29.00741675814746,68.8318286761797],[28.69715407809375,68.69552954287892],[28.69640258273242,68.7852969989336],[28.73972419222949,68.95038946719532],[29.133002314177734,69.36561163516407],[29.11325171908496,69.48603399844532],[28.7169847818291,69.64241369815235],[28.414877924529296,69.69372900576954],[27.90868094882129,69.88766821475392],[27.65853980502246,69.88641699405079],[27.40887168368457,69.85489233584767],[26.507250818816406,69.81245001407032],[26.117674860564453,69.64424475283985],[25.862544092742187,69.4543872699297],[25.74562934359668,69.25801428408985],[25.709948572722656,69.03241308780079],[25.62536910494922,68.80706366153126],[25.06282905062793,68.59468420596485],[24.800692591277343,68.42901190371876],[24.661688837615234,68.49548681826954],[24.081843409148437,68.71680792422657],[23.336180719939453,68.6157642230547],[22.701151880828125,68.63494452090626],[22.45976165255664,68.69354590030079],[22.072279963103515,68.96130713076954],[21.625054392424804,69.23698767276173],[21.405808481780273,69.27349432559376],[21.246047052947265,69.22751959414845],[20.790644678679687,68.9322696551836],[20.73944381198047,68.96099432559376],[20.554905924407226,68.97506292910938],[20.165574106780273,68.95807226748829],[20.038983378020507,68.47830542178517],[19.965144190398437,68.27646216006642],[19.842658075896484,68.16405829043751],[19.697184595671875,68.17078741641407],[19.396079096404296,68.22884710879688],[18.958706888762695,68.29369696231251],[18.17948821505664,68.4687915668047],[18.10413649996875,68.3862720355547],[18.094193491545898,68.08813055606251],[18.057034525481445,67.99866064639454],[17.913590464202148,67.86416205020313],[17.600947413054687,67.8625675067461],[17.208678278533203,67.90511664004688],[17.08299735507129,67.91189917178517],[16.873921427336914,67.83655890078907],[16.20604613741992,67.30725439639454],[16.22828963717578,67.21133001895313],[16.30508521517871,66.98315771670704],[16.2205305429375,66.82812079043751],[15.943537745085937,66.67235144229298],[15.347432169524414,66.25873907657032],[15.038371119109375,66.05977209658985],[14.596742662993652,66.05018194766407],[14.542045626250488,65.94041021914845],[14.515295061675292,65.50339087100392],[14.371398005095703,65.23411139102345],[14.198942217437011,65.02322729678517],[13.940372500029785,64.79864843936329],[13.717936548796875,64.55330237002735],[13.870228800383789,64.49667700381642],[14.0415754648125,64.37565954776173],[14.154961618987304,64.11128576846485],[14.078371080962402,64.03222998233204],[13.880192789641601,63.95259054751758],[13.550517115203125,63.93661459536914],[13.130986246672851,63.948733888582034],[12.85312274417041,63.897296510652346],[12.577070269194824,63.78164633365039],[12.299161943999511,63.566241823152346],[12.124150309172851,63.344615541414065],[12.089594873992187,63.04595144839649],[11.932652506438476,62.553973756746096],[12.225598368254882,62.22569998355274],[12.07455829104541,61.69845923037891],[12.336585077849609,61.523143373445315],[12.658039126006347,61.439532838777346],[12.791736635771972,61.32994803042774],[12.597381624785644,61.02862127871875],[12.174038920012695,60.956405244783205],[12.431030306426269,60.62584646792774],[12.547958407012207,60.43387182803516],[12.435860666838867,60.27809866519336],[12.422772440520507,60.03877981753711],[12.077025446501953,59.865924440339846],[11.89061168154834,59.859962068513674],[11.837879213896972,59.66964682193164],[11.610307726470214,59.56862982364063],[11.708853754607421,59.19492682071094],[11.563270601836425,58.863055787996096],[11.378647837249023,58.85714300723438],[11.310762438384277,59.01105459781055],[11.178854975310546,59.070289216951174]]]]}},{"type":"Feature","properties":{"name":"Finland","subject":"Finland","partOf":"Finland","borderPrecision":3,"color":"#739b91"},"geometry":{"type":"MultiPolygon","coordinates":[[[[28.69715407809375,68.69552954287892],[28.68595221957324,68.56834753604298],[28.57012084445117,68.35876043887501],[28.622220072356445,68.12066992373829],[28.87572959384082,68.0252872333086],[29.268128428069335,67.9381519183672],[29.701823267546875,67.71039160342579],[29.946114573088867,67.53390844912892],[29.75697616061328,67.37029608340626],[29.170870813933593,67.02063330264454],[29.022913965789062,66.88741644473438],[29.65425971469043,66.26003607364063],[30.001729044524414,65.72212561221485],[29.91344932040332,65.56172522158985],[29.71532157382129,65.32123907657032],[29.631157908049804,65.13976629825001],[29.61822226962207,64.97341497989063],[29.784417185393554,64.7442813739336],[30.363450083342773,64.11682470889454],[30.43152335604785,64.00285681338673],[30.40582564791797,63.88850363345508],[30.162203821746093,63.70183523745899],[30.01492980441211,63.615577302888674],[30.212641748992187,63.46712454409961],[30.823624643889648,63.24279745669727],[31.13995078524707,63.12374075503711],[31.33592704257129,62.947433076814455],[31.40830138644336,62.79196508975391],[31.36091903170703,62.60777624698047],[31.167542490569335,62.36660345645313],[30.90184691866992,62.12546881289844],[30.278626474944335,61.78445013614063],[29.38611319979785,61.24664267154102],[28.510039362517578,60.73181112857227],[28.431775126067382,60.60346945376758],[28.01143744906543,60.51073034854297],[27.473618540374023,60.42607840152149],[27.40622046908496,60.34481772036914],[27.178481134978515,60.442393861726565],[26.945570978728515,60.37631186099414],[26.922308954802734,60.31612356753711],[26.61307624301074,60.34783133120899],[26.52587607821582,60.396468721345705],[26.55163863619922,60.570697389558596],[26.442835840789062,60.33334311099414],[26.322712931243164,60.270240388826174],[26.037745508757812,60.24929770083789],[25.890101465789062,60.2358356341875],[25.845532450286132,60.115481935457034],[25.58054450472949,60.2623363360918],[25.4498949380791,60.13839682193164],[25.14579108676074,60.1097484454668],[24.992980036345703,60.02957113833789],[24.969470057097656,60.08683355899219],[24.742980036345703,60.03823050113086],[24.515957865325195,59.9894977435625],[24.421050104705078,59.86975058169727],[24.281357798186523,59.938148103669924],[23.9789476724541,59.881148897126955],[23.961113962737304,59.932452760652346],[23.66465667208789,59.83555182071094],[23.41885474642871,59.82984884829883],[23.201441797820312,59.818458162263674],[22.982125315276367,59.932452760652346],[22.882000956145507,60.05556448550586],[23.005200419036132,60.208758912996096],[22.624615702239257,60.20110281558399],[22.39206603488086,60.121200166658205],[22.421467814055664,60.29318579287891],[22.220654520598632,60.25876959414844],[21.93095305880664,60.38077124209766],[21.746808085051757,60.40827139468555],[21.56015113314746,60.51248510928516],[21.443177256194335,60.693648897126955],[21.42725661715625,61.01509817691211],[21.498307261077148,61.183272920564455],[21.52078917941211,61.37956961245899],[21.56100562533496,61.48492010684375],[21.4052172037041,61.70243414492969],[21.21119979342578,61.870914064363284],[21.34644034823535,62.167132936433596],[21.33755591830371,62.343604646638674],[21.2001390787041,62.435184083894534],[21.03372863253711,62.477298341707034],[21.06180671176074,62.61173590274219],[21.194806131926757,62.760684572175784],[21.481284174529296,62.888812623933596],[21.545966181365234,62.97405966372852],[21.494656595793945,63.123031221345705],[21.666478190032226,63.18730505557422],[21.951323542205078,63.13101538272266],[22.07504371127246,63.102820955232424],[22.292357477751953,63.20269354434375],[22.42877486666797,63.39496573062305],[22.475831064788085,63.60161551089649],[22.569018396941406,63.72301443667774],[22.704222712126953,63.58064230533008],[22.825530085173828,63.58087881656055],[23.58028510531543,64.08205755801563],[24.094035181609375,64.37656744571095],[24.470093760100585,64.63552435489063],[24.93191626986621,64.81603582950001],[25.325089487639648,64.80239447207813],[25.35190490206836,64.93909796328907],[25.29341414889453,65.00389441104298],[25.13255980929492,65.0759464129961],[25.186125788298828,65.24265631289845],[25.251507792083007,65.4168887958086],[25.103611979094726,65.54012640567188],[24.591139826384765,65.5827823504961],[24.21480086764453,65.7859073504961],[23.94773200472949,65.79668005557423],[23.896744761077148,65.90195044131642],[23.74945357760547,66.03977545352345],[23.656113657561523,66.28044470401173],[23.881226572600585,66.64063604922657],[23.868172678557617,66.81687506289845],[23.685669931975585,67.12514837832813],[23.457884821501953,67.41192968936329],[23.45974067172168,67.64877661319142],[23.487652811614257,67.83432348819142],[23.14123824557422,68.08520086856251],[22.912732157317382,68.18824347110157],[22.20074752291797,68.28145941348438],[21.712475809661132,68.41321142764454],[21.133328470793945,68.70923956485157],[20.856396708098632,68.91759832950001],[20.790644678679687,68.9322696551836],[21.246047052947265,69.22751959414845],[21.405808481780273,69.27349432559376],[21.625054392424804,69.23698767276173],[22.072279963103515,68.96130713076954],[22.45976165255664,68.69354590030079],[22.701151880828125,68.63494452090626],[23.336180719939453,68.6157642230547],[24.081843409148437,68.71680792422657],[24.661688837615234,68.49548681826954],[24.800692591277343,68.42901190371876],[25.06282905062793,68.59468420596485],[25.62536910494922,68.80706366153126],[25.709948572722656,69.03241308780079],[25.74562934359668,69.25801428408985],[25.862544092742187,69.4543872699297],[26.117674860564453,69.64424475283985],[26.507250818816406,69.81245001407032],[27.40887168368457,69.85489233584767],[27.65853980502246,69.88641699405079],[27.90868094882129,69.88766821475392],[28.414877924529296,69.69372900576954],[28.7169847818291,69.64241369815235],[29.11325171908496,69.48603399844532],[29.133002314177734,69.36561163516407],[28.73972419222949,68.95038946719532],[28.69640258273242,68.7852969989336],[28.69715407809375,68.69552954287892]]]]}},{"type":"Feature","properties":{"name":"Sweden","subject":"Sweden","partOf":"Sweden","borderPrecision":3,"color":"#8b7fa6"},"geometry":{"type":"MultiPolygon","coordinates":[[[[23.844082865325195,65.79847296328907],[23.405688318816406,65.72483404727345],[23.204020533171875,65.68075140567188],[22.7981615396416,65.85482367129688],[22.645554575530273,65.93478735537892],[22.489802393523437,65.883418642],[22.20156959017871,65.71528967471485],[21.95748237094043,65.44573553653126],[21.818726572600585,65.38013800235157],[21.52232840975879,65.37231024356251],[21.27734664401172,65.21227606387501],[21.423712763396484,65.10388525576954],[21.489449534026367,65.01716192813282],[21.329442057219726,64.89435156436329],[20.92119315585254,64.71382483096485],[21.06432250460742,64.59199865908985],[21.237046274749023,64.52054174991017],[21.385829004851562,64.38455542178517],[21.048895868865234,64.21916540713673],[20.866480860320312,64.02561529727345],[20.70065978488086,63.818126283601565],[19.984885248748046,63.51726873965625],[19.670275721160156,63.38854178042774],[19.465012583342773,63.48070486636524],[19.318224939910156,63.444827638582034],[19.075926813689453,63.202498994783205],[18.78499129733203,63.138011537507815],[18.48662475070117,62.98124273867969],[18.388949427214843,62.85337408633594],[18.303191217986328,62.789424501375],[17.967440638152343,62.77462347598438],[17.86816886386035,62.788619600251955],[17.93625548800586,62.54800375552539],[17.718112024871093,62.356734834626955],[17.29024032076953,62.44072302432422],[17.387362513152343,62.20076712222461],[17.496771845427734,62.08810003848438],[17.38697341403125,61.65843542666797],[17.16264251193164,61.62990530581836],[17.06517699679492,61.53837927432422],[17.150189432708007,61.19770773501758],[17.146208796111328,60.95282705874805],[17.317627939788085,60.753070436433596],[17.188498529998046,60.674293123201174],[17.60496428927539,60.63753851504688],[17.706456217375976,60.55358084292774],[17.93074897250293,60.590308748201174],[18.224387201873046,60.32296713443164],[18.416865381804687,60.181624971345705],[18.804085764495117,60.10839804263477],[18.89307120761035,59.92568930240039],[19.03732398470996,59.86324270816211],[19.043551477996093,59.71242483706836],[18.867892298308593,59.71242483706836],[18.639250788298828,59.56692846866016],[18.25142196139453,59.43193777652149],[18.030083689299804,59.35928305240039],[17.795283350554687,59.36447485537891],[17.729952845183593,59.41636236758594],[17.36798385104297,59.468265138582034],[17.070597681609375,59.5461498126543],[16.785538706389648,59.577315889314455],[16.724089655486328,59.53057058902149],[16.523207697478515,59.5825153216875],[16.40757659396289,59.44749792666797],[16.776474985686523,59.478656373933596],[16.99983504733203,59.35928305240039],[17.26577857455371,59.33853491397266],[17.358122858611328,59.24517782779102],[17.57492164095996,59.21407278628711],[17.584412607756835,59.2711139545],[17.86173156222461,59.239993654207034],[17.977635416594726,59.32815130801563],[18.11137870272754,59.322974763826174],[18.32816985568164,59.369666658357424],[18.429560694304687,59.33334692569141],[18.441370997039062,59.40079077334766],[18.515469584075195,59.40079077334766],[18.611327204314453,59.33334692569141],[18.59819510897754,59.297042451814455],[18.273371729460937,59.286666475251955],[18.371960672942382,59.15706976504688],[18.015667948333007,59.03791006656055],[17.940136942473632,58.90848883242969],[17.766465220061523,58.87226828189258],[17.726422342864257,58.91366156192188],[17.745200190154296,58.986129365876955],[17.739108118621093,59.110423646882815],[17.623181376067382,59.10007055850391],[17.582188639250976,58.89296682925586],[17.356675180999023,58.74296911807422],[17.245389017668945,58.71711691470508],[17.08299926241992,58.74813421817188],[17.080731424895507,58.64992865176563],[16.442866358367187,58.63442190738086],[16.51319411715625,58.42811544986133],[16.744044336882812,58.31195028872852],[16.773545298186523,58.03790243716602],[16.72458556613086,57.88932379336719],[16.597764048186523,57.86645468325977],[16.45953086337207,57.895206056550784],[16.476531061736328,57.70212896914844],[16.607205423918945,57.66581305117969],[16.55047896823047,57.545150361970705],[16.658679041472656,57.442950807527346],[16.49415877780078,57.27892263980274],[16.394524607268554,57.07430227847461],[16.376174006072265,56.82242163272266],[16.031445536223632,56.353072725251955],[15.770541224089843,56.0332103595293],[15.696229014006835,56.06096228213672],[15.49704078158496,56.1672435626543],[15.220801386443359,56.08036383242969],[14.652893099395019,56.120616517976565],[14.605230364409667,55.980784975007815],[14.491827997771484,56.01803930850391],[14.258925470916015,55.89928015323047],[14.12602141818164,55.666583620027346],[14.28635028323291,55.51549490542774],[14.1171951623833,55.34711416812305],[13.901111635771972,55.405154787019534],[13.823299440947753,55.421817384675784],[13.301851305571777,55.300696931794924],[12.802372011748535,55.3529125079668],[12.801919970122558,55.416766725496096],[12.887555155364257,55.45160635562305],[12.859313997832519,55.532916627839846],[12.985865625945312,55.666583620027346],[12.699014696685058,55.90509756656055],[12.598246081919259,56.02207396690622],[12.605972,56.02950875000006],[12.581374562444102,56.04165912862698],[12.513357195464355,56.120616517976565],[12.414413485137207,56.24304159732227],[12.652379068938476,56.29553183169727],[12.61543563326953,56.43560751529102],[12.80480674227832,56.40119894595508],[12.871575388518554,56.51151617617969],[12.78585914095996,56.616683565095705],[12.65748122653125,56.61083944888477],[12.52603248080371,56.78039511294727],[12.288620981780273,56.87985571475391],[12.005142244902832,57.325206361726565],[11.876622233000976,57.325206361726565],[11.88111403903125,57.50896414370899],[11.766084704009277,57.672679506257815],[11.609838518706542,57.80694540591602],[11.709144625273925,58.024737916902346],[11.801886591521484,58.17793997378711],[11.613860163298828,58.24734839053516],[11.431094202605468,58.20152624698047],[11.406709704009277,58.33127173037891],[11.22135833224414,58.30832251162891],[11.14039138278125,58.85121878238086],[11.03924277743457,58.9103961810625],[11.178854975310546,59.070289216951174],[11.310762438384277,59.01105459781055],[11.378647837249023,58.85714300723438],[11.563270601836425,58.863055787996096],[11.708853754607421,59.19492682071094],[11.610307726470214,59.56862982364063],[11.837879213896972,59.66964682193164],[11.89061168154834,59.859962068513674],[12.077025446501953,59.865924440339846],[12.422772440520507,60.03877981753711],[12.435860666838867,60.27809866519336],[12.547958407012207,60.43387182803516],[12.431030306426269,60.62584646792774],[12.174038920012695,60.956405244783205],[12.597381624785644,61.02862127871875],[12.791736635771972,61.32994803042774],[12.658039126006347,61.439532838777346],[12.336585077849609,61.523143373445315],[12.07455829104541,61.69845923037891],[12.225598368254882,62.22569998355274],[11.932652506438476,62.553973756746096],[12.089594873992187,63.04595144839649],[12.124150309172851,63.344615541414065],[12.299161943999511,63.566241823152346],[12.577070269194824,63.78164633365039],[12.85312274417041,63.897296510652346],[13.130986246672851,63.948733888582034],[13.550517115203125,63.93661459536914],[13.880192789641601,63.95259054751758],[14.078371080962402,64.03222998233204],[14.154961618987304,64.11128576846485],[14.0415754648125,64.37565954776173],[13.870228800383789,64.49667700381642],[13.717936548796875,64.55330237002735],[13.940372500029785,64.79864843936329],[14.198942217437011,65.02322729678517],[14.371398005095703,65.23411139102345],[14.515295061675292,65.50339087100392],[14.542045626250488,65.94041021914845],[14.596742662993652,66.05018194766407],[15.038371119109375,66.05977209658985],[15.347432169524414,66.25873907657032],[15.943537745085937,66.67235144229298],[16.2205305429375,66.82812079043751],[16.30508521517871,66.98315771670704],[16.22828963717578,67.21133001895313],[16.20604613741992,67.30725439639454],[16.873921427336914,67.83655890078907],[17.08299735507129,67.91189917178517],[17.208678278533203,67.90511664004688],[17.600947413054687,67.8625675067461],[17.913590464202148,67.86416205020313],[18.057034525481445,67.99866064639454],[18.094193491545898,68.08813055606251],[18.10413649996875,68.3862720355547],[18.17948821505664,68.4687915668047],[18.958706888762695,68.29369696231251],[19.396079096404296,68.22884710879688],[19.697184595671875,68.17078741641407],[19.842658075896484,68.16405829043751],[19.965144190398437,68.27646216006642],[20.038983378020507,68.47830542178517],[20.165574106780273,68.95807226748829],[20.554905924407226,68.97506292910938],[20.73944381198047,68.96099432559376],[20.790644678679687,68.9322696551836],[20.856396708098632,68.91759832950001],[21.133328470793945,68.70923956485157],[21.712475809661132,68.41321142764454],[22.20074752291797,68.28145941348438],[22.912732157317382,68.18824347110157],[23.14123824557422,68.08520086856251],[23.487652811614257,67.83432348819142],[23.45974067172168,67.64877661319142],[23.457884821501953,67.41192968936329],[23.685669931975585,67.12514837832813],[23.868172678557617,66.81687506289845],[23.881226572600585,66.64063604922657],[23.656113657561523,66.28044470401173],[23.74945357760547,66.03977545352345],[23.896744761077148,65.90195044131642],[23.94773200472949,65.79668005557423],[23.844082865325195,65.79847296328907]]]]}},{"type":"Feature","properties":{"name":"East Prussia","subject":"East Prussia","partOf":"East Prussia","borderPrecision":3,"color":"#8aa0a8"},"geometry":{"type":"MultiPolygon","coordinates":[[[[22.331000361052734,55.04886969180469],[22.44662574252246,55.04886969180469],[22.546835932341796,55.05657919497852],[22.58537963351367,54.994910798982424],[22.63162902316211,54.94866140933399],[22.716424021331054,54.933246217683596],[22.79350760897754,54.90241201968555],[22.801217112151367,54.840743623689455],[22.824341806975585,54.78678473086719],[22.72413161715625,54.732825838044924],[22.693297419158203,54.663447938875],[22.662463221160156,54.57094534488086],[22.670172724333984,54.49386175723438],[22.685589823333007,54.432193361238284],[22.699036631194335,54.414901338533205],[21.366742167083007,54.369544588044924],[20.356268915740234,54.421458803132815],[19.977538141814453,54.42394217105274],[20.188645395842773,54.521976076082034],[20.32671264132617,54.56400641055469],[20.19423201998828,54.57504614444141],[20.005703959075195,54.54745825381641],[19.938118967620117,54.608172975496096],[19.881810221282226,54.52537878604297],[19.833247217742187,54.53089865298633],[19.86316970309375,54.75173147769336],[19.9425707193291,54.849856935457034],[20.127097162810546,54.84564169497852],[20.79715064486621,54.817977510408205],[20.985203775969726,54.81164129825],[21.137343439666015,54.84545858950977],[21.191943201628906,54.959579072908205],[21.11334517916797,55.089244447664065],[21.22385314425586,55.11144980044727],[21.193121943083984,55.16635092349414],[21.162322077361328,55.22138174624805],[21.321188959685546,55.26470907779102],[21.375149759856445,55.28012426944141],[21.398274454680664,55.21075018496875],[21.436816248503906,55.187625490144534],[21.54473594149707,55.187625490144534],[21.644946131316406,55.13366659732227],[21.760573420134765,55.10283239932422],[21.99182609042285,55.071998201326174],[22.030369791594726,55.02574499698047],[22.130579981414062,55.04886969180469],[22.331000361052734,55.04886969180469]]]]}},{"type":"Feature","properties":{"name":"Yugoslavia","subject":"Yugoslavia","partOf":"Yugoslavia","borderPrecision":3,"color":"#8f9a74"},"geometry":{"type":"MultiPolygon","coordinates":[[[[14.524190241417882,45.266416170406494],[14.60423414647198,45.646364200395276],[14.261167631679626,45.95438808935758],[14.140745735586886,46.43325753192397],[14.392945322600585,46.436927400544924],[14.521769556609375,46.36872824283008],[14.81286052188037,46.59343298526172],[15.067858728972656,46.64159353824024],[15.450037035552246,46.6054759845293],[15.583985361663085,46.69379385562305],[15.984578165618164,46.64159353824024],[15.947394404021484,46.81826742740039],[16.25957396945117,46.888804994539065],[16.39636710604785,46.62312277408008],[16.560086283293945,46.47294195742969],[16.656750712004882,46.38426931949024],[17.292401346770507,46.10867651553516],[17.794407877532226,45.806651674226565],[18.055813822356445,45.762698732332034],[18.356125864592773,45.78375967593555],[18.55100158175586,45.79777868838672],[18.816056284514648,45.889117799714846],[19.50673201998828,46.12713202090625],[19.906415018645507,46.16173132510547],[20.31473449191211,46.131507478669924],[20.33922294100879,45.99261053653125],[20.595047983733398,45.912471376375],[20.68108848055957,45.805648408845705],[20.772049936858398,45.789630495027346],[20.73825934847949,45.629466615632815],[20.784533533660156,45.576087556794924],[20.758687052336914,45.536456666902346],[21.07910636386035,45.324534975007815],[21.32853606661914,45.26117666812305],[21.466031107512695,45.2080150470293],[21.49739364108203,45.14403494449024],[21.411772760955078,45.08694418521289],[21.355780634490234,45.021442018464846],[21.438292536345703,44.99479254336719],[21.54576781710742,44.95756109805469],[21.424141916838867,44.92547186465625],[21.34424880465625,44.88314779849414],[21.367487940398437,44.80874975772266],[21.47765258273242,44.79280050845508],[21.583313974944335,44.79280050845508],[21.591851267424804,44.707782350496096],[21.858902964202148,44.68122061343555],[21.94650939425586,44.618777833894534],[22.13289741000293,44.511233888582034],[22.199408564177734,44.56434591861133],[22.29590133151172,44.691852174714846],[22.409525904265625,44.75029715152149],[22.691102060881835,44.638717256501955],[22.742365870085937,44.58028372378711],[22.58481505831836,44.58559759707813],[22.440566095916015,44.49529989810352],[22.505961451140625,44.34659918399219],[22.69400123080371,44.26309164615039],[22.546538385955078,44.107677064851565],[22.373913797942382,43.93929251284961],[22.293355021086914,43.803634248689455],[22.31809142550586,43.68145712466602],[22.91516402682422,43.176402650789065],[22.927821192351562,43.0864330157793],[22.792252573577148,42.95067175479297],[22.44946578463672,42.800941072419924],[22.338395151702148,42.66535147281055],[22.33493140658496,42.43402823062305],[22.32924178561328,42.34032019229297],[22.326350245085937,42.292674623445315],[22.38622191866992,42.196666322664065],[22.686179194060546,42.0634723529375],[22.847229990569335,41.89104422183399],[22.948493036833984,41.679812990144534],[22.946038279143554,41.455272279695315],[22.899088892546875,41.32034262271289],[22.920243296233398,41.230689607576174],[22.69236663302539,41.158919893220705],[22.452584299651367,41.048621736482424],[22.172940287200195,41.07271536441211],[22.01024535616992,41.09105261416797],[21.84570029696582,41.01964148135547],[21.66838744601367,40.82640799136524],[21.39526084384082,40.76083334536914],[21.031638178435546,40.726790986970705],[20.7069750162041,41.00056418033008],[20.572821650115234,41.301143251375],[20.539563212004882,41.58959158511524],[20.59892180880664,41.782420717195315],[20.582966837493164,41.880714021638674],[20.574980768767578,41.92991217227344],[20.245184931365234,42.319800935701174],[20.072997126189453,42.48589285464649],[20.047053370085937,42.48752173037891],[19.88456061801074,42.49771078677539],[19.557698282805664,42.54732855410938],[19.434618982878906,42.424571596101565],[19.30881408175586,42.19264944644336],[19.368660959807617,42.000342927888674],[19.36771300753711,41.84637030215625],[19.338465723601562,41.86202200503711],[19.14303687533496,41.93209036441211],[19.135544809905273,41.99954184146289],[18.909899744597656,42.217792116121096],[18.52864364108203,42.35274466128711],[18.51358893832324,42.362140260652346],[18.248711618987304,42.52743872256641],[18.001368555632812,42.69445761294727],[17.64638045748828,42.864600740388674],[17.59567931613086,42.888900361970705],[17.547980341521484,42.92011984439258],[17.075087580291015,43.22274740786914],[16.992262873259765,43.32271536441211],[16.639813456145507,43.38973578067188],[16.548510584441406,43.461314760164065],[16.366747889128906,43.51302298159961],[16.059407267180664,43.4334789142168],[15.912835154143554,43.65224798770313],[15.412318262664062,43.934756837800784],[15.149468454924804,44.23992880435352],[15.274405512419921,44.23661383242969],[15.548222574797851,44.229346834138674],[15.28594401797412,44.32891806216602],[14.98910621127246,44.54002722354297],[14.906961474028808,44.72332342715625],[14.945532831755859,44.92658957095508],[14.815391573516113,45.07786902041797],[14.624427699660593,45.27459544733715],[14.524585756865722,45.26628454776172],[14.524190241417882,45.266416170406494]]]]}},{"type":"Feature","properties":{"name":"Bulgaria","subject":"Bulgaria","partOf":"Bulgaria","borderPrecision":3,"color":"#a88992"},"geometry":{"type":"MultiPolygon","coordinates":[[[[22.32924178561328,42.34032019229297],[22.33493140658496,42.43402823062305],[22.338395151702148,42.66535147281055],[22.44946578463672,42.800941072419924],[22.792252573577148,42.95067175479297],[22.927821192351562,43.0864330157793],[22.91516402682422,43.176402650789065],[22.31809142550586,43.68145712466602],[22.293355021086914,43.803634248689455],[22.373913797942382,43.93929251284961],[22.546538385955078,44.107677064851565],[22.69400123080371,44.26309164615039],[22.870383295623046,44.171390138582034],[23.02825644930957,44.12361105533008],[22.923110041228515,43.98031576724414],[22.94437507113574,43.89540823550586],[23.06405738314746,43.906024537996096],[23.410887751189453,43.990924440339846],[23.638304743376953,43.99007376284961],[24.156373056975585,43.812606416658205],[24.309523615447265,43.826312623933596],[24.62034514865039,43.94390066714649],[24.75501540621875,43.93818625064258],[25.378106150237304,43.780623994783205],[25.549092325774414,43.80730398745899],[26.406205210295898,44.15441855044727],[26.5728607660635,44.213209927211935],[26.721762432745095,43.988987538113825],[27.126192818017568,43.85417740968966],[27.368851049181057,43.61151917852618],[27.584547254659707,43.58455715284135],[27.719357383083864,43.476709050102016],[27.854167511508024,43.476709050102016],[28.03463843783496,43.39190252871875],[27.88732055148242,43.06352575869922],[27.869908365813476,42.799876771882815],[27.836163553801757,42.73552282901172],[27.65404418429492,42.68373831363086],[27.50195029696582,42.51634558291797],[27.494702372161132,42.40090139956836],[27.607871088591796,42.41677816958789],[27.722533259001953,42.31621512027149],[27.73771003207324,42.24700125308399],[27.913407358733398,42.078101716951174],[27.91795257052539,41.977672182039065],[27.317938837615234,41.97972830386524],[27.08068564852832,42.02978476138477],[26.8571215005791,42.00929983706836],[26.57383635958789,41.84088095279102],[26.349875483123046,41.6407543048418],[26.18628982028125,41.65268286319141],[26.031794581023437,41.555614076570315],[26.075196299163085,41.408328615144534],[26.03642180880664,41.29269751162891],[25.533679041472656,41.16813238711719],[25.359320673552734,41.15435751529102],[25.08090880831836,41.248981080964846],[24.418063196746093,41.47619589419727],[24.155411753264648,41.449092470125],[23.795615229216796,41.33168753238086],[22.960978540984375,41.243732057527346],[22.920243296233398,41.230689607576174],[22.899088892546875,41.32034262271289],[22.946038279143554,41.455272279695315],[22.948493036833984,41.679812990144534],[22.847229990569335,41.89104422183399],[22.686179194060546,42.0634723529375],[22.38622191866992,42.196666322664065],[22.326350245085937,42.292674623445315],[22.32924178561328,42.34032019229297]]]]}},{"type":"Feature","properties":{"name":"Yemen","subject":"Yemen","partOf":"Yemen","borderPrecision":3,"color":"#8f9a74"},"geometry":{"type":"MultiPolygon","coordinates":[[[[53.02094939669726,16.65376814456348],[52.894324335662105,16.60995253177051],[52.65216735324023,16.488719545320315],[52.356596979705074,16.233945451692385],[52.23764327487109,16.10025557132129],[52.16285613497851,15.871372781709475],[52.135169062224605,15.687059961274905],[51.95041182955859,15.540526948884768],[51.312563929167965,15.246890626863284],[50.29111770114062,14.958784662202639],[49.71286300143359,14.773288331941409],[49.33384993991015,14.632695756868166],[49.17317870577929,14.498915277437014],[48.9603872629082,14.218897424653811],[48.76460174044726,14.097749315217776],[48.536746058074215,14.046437822297854],[48.270144495574215,14.077626787141604],[48.03616622408984,14.045357309297366],[47.662295374480465,13.847587190583987],[47.36957457980273,13.669052682832522],[46.939394983855465,13.490221582368655],[46.601199183074215,13.400545679048342],[46.079287561980465,13.399416528657717],[45.825903925505855,13.405233941987795],[45.69247725924609,13.347759805635256],[45.51863769015429,13.207596384004397],[45.39597991427539,13.073898874238772],[45.19341567477343,12.93368300052051],[44.963572535124996,12.825172029451174],[44.78880217990039,12.805737100557131],[44.681067499724605,12.824559770540041],[44.44053557833789,12.6397777423418],[44.062747034636715,12.613552652314944],[43.87023393922843,12.657193460689454],[45.555815729705074,15.057752214387698],[45.77568454620093,15.344919362371362],[46.47456267794726,16.25771292300586],[47.33266738375781,17.279355607942385],[47.50493529757617,17.458270631746096],[47.5233641000664,17.515559755281252],[47.74172118624804,17.61849173159961],[49.81961348971484,18.32320173831348],[51.21339705905078,18.78880461306934],[51.72984984835742,18.94430311770801],[51.80605224093554,18.982875429109377],[51.847502741423824,18.68451651187305],[51.94877150973437,18.399215303376955],[52.220896753874996,17.962440095857424],[52.64049819430468,17.348636232332034],[52.697539362517574,17.234618745759768],[52.69491866549609,17.101180635408205],[52.91244033297656,16.791135393098635],[53.02094939669726,16.65376814456348]]]]}},{"type":"Feature","properties":{"name":"French West Africa","subject":"France","partOf":"French West Africa","borderPrecision":3,"color":"#b47c6f"},"geometry":{"type":"MultiPolygon","coordinates":[[[[-13.693857160004395,12.623442254976077],[-14.729435887726563,12.642758928254885],[-15.199883428009766,12.639972291902346],[-15.427236524018067,12.466991983369631],[-15.656732526215333,12.382990442231936],[-15.989899602326172,12.393737398103518],[-16.358431783112305,12.372482858613772],[-16.56660553494336,12.309811197236819],[-16.570601430329102,12.311540208772463],[-16.695794072541016,12.412958703950686],[-16.772099461945313,12.597077928499026],[-16.725502934845704,12.787829004243655],[-16.768208470734375,13.035399042085452],[-16.77634903469922,13.12452658267383],[-16.775572743805665,13.145343385652346],[-16.013001408966797,13.138881288484377],[-16.013001408966797,13.334065042451662],[-15.943293538483399,13.334065042451662],[-15.789934125336426,13.341035448030276],[-15.706284490021485,13.375890336946291],[-15.594750371369141,13.348006807283205],[-15.462304082306641,13.368918977693362],[-15.40653702298047,13.41074427218799],[-15.399566617401856,13.529248796418948],[-15.364712682160157,13.564102731660647],[-15.301975217255372,13.571074090913577],[-15.232266393097657,13.501365266755862],[-15.127703633698243,13.44559820742969],[-14.967373814972657,13.396802507356448],[-14.946460690888184,13.348006807283205],[-14.883723225983399,13.327093683198733],[-14.786131825836915,13.341035448030276],[-14.667627301605958,13.292239747957034],[-14.5839767126167,13.215560518220705],[-14.388792958649415,13.215560518220705],[-14.305142369660157,13.264356218293948],[-14.1866378454292,13.31315191836719],[-14.06116291561963,13.31315191836719],[-14.01236626187207,13.368918977693362],[-14.005395856293458,13.424686037019534],[-14.075104680451172,13.522278390840334],[-14.165725675019043,13.557132326082034],[-14.256346669586915,13.54319056125049],[-14.388792958649415,13.501365266755862],[-14.437588658722657,13.459539972261233],[-14.549122777375,13.431656442598147],[-14.67459770718457,13.515307031587405],[-14.688539472016114,13.598957620576662],[-14.772189107331055,13.647753320649905],[-14.8488692907417,13.654723726228518],[-14.932519879730958,13.598957620576662],[-14.995257344635743,13.647753320649905],[-15.044053044708985,13.745345674470705],[-15.1137618688667,13.794141374543948],[-15.20438286343457,13.780199609712405],[-15.281062093170899,13.80808313937549],[-15.455333676728028,13.731403909639162],[-15.50412937680127,13.780199609712405],[-15.573838200958985,13.759286485627932],[-15.664459195526856,13.703520379976077],[-15.706284490021485,13.571074090913577],[-16.455103841217774,13.571074090913577],[-16.45826050320508,13.60141047091846],[-16.470890965851563,13.722545228914065],[-16.640429463776368,13.842927537874026],[-16.671059575470704,13.91275843234424],[-16.696700063141602,14.07793291659717],[-16.87041946926953,14.363524995759768],[-17.05006500759961,14.58556231112842],[-17.220538106354493,14.725009523347659],[-17.433180776032227,14.807168565706057],[-17.190234151276368,14.960203729585452],[-16.86476990261914,15.297714792207522],[-16.600319829376954,15.749488435701174],[-16.45005508938672,16.118390642122073],[-16.405699696930665,16.489955507234377],[-16.378804173859375,16.715911470369143],[-16.125475850495118,17.30111464114551],[-16.041072812470215,17.669877611116213],[-15.982691731842774,18.17839964480762],[-16.05569073239209,18.673932634309573],[-16.190651860626954,19.029531084016604],[-16.471602406891602,19.365741334871096],[-16.351309743317383,19.493095003083987],[-16.269598927887696,19.68392141909961],[-16.239567723664063,20.12248571963672],[-16.269036260041016,20.36390646548633],[-16.347281423004883,20.52261694522266],[-16.7108659414375,20.890441499666018],[-16.844500508698243,20.940990053132815],[-17.021292653473633,20.74361380191211],[-17.046217885407227,20.832524858430666],[-17.051907506378907,21.004098497346682],[-17.016083684357422,21.314147554353518],[-16.80259415188672,21.30827673526172],[-14.528037038239258,21.28340681643848],[-13.449706998261231,21.276986680940432],[-13.120129552277344,21.291616044954104],[-13.024399724396485,21.279456697419924],[-13.047333684357422,21.775199495271487],[-13.120932546051758,22.46771963687305],[-13.116560902985352,22.78560408206348],[-13.00448509732129,22.957912050203127],[-12.74580475369336,23.15013464541797],[-12.41909405270459,23.291894517854494],[-12.05500599423291,23.421145997957034],[-11.990525212677735,23.478738389924807],[-11.946144071015137,24.64873655887012],[-11.916973217912457,25.587128121941785],[-11.914518323334473,25.66609915347461],[-11.893217053803223,25.895093522981448],[-11.642722096833008,25.92831953616504],[-8.94025227108838,25.918521486238284],[-8.688412633332032,25.913617692903323],[-8.641704526337403,26.091888032869143],[-8.642788854035157,26.38431318850879],[-8.629150357636231,27.172677598909182],[-7.356015172394532,26.493445955232424],[-5.501980748566407,25.404409013704104],[-4.865763631256836,24.99489554019336],[-4.820767846497315,24.957021318391604],[-4.41793438473584,24.71780737491016],[-3.493602719696778,24.112920366243166],[-3.128720965775269,23.85441740603809],[-1.651156630905884,22.845944963411135],[-0.785382893475312,22.27890356631641],[-0.203663793,21.90792044253711],[-0.024857786091584,21.793889604524416],[1.087368759719116,21.132964693025393],[1.168653044310791,21.01901777835254],[1.125669869986755,20.840791307405276],[1.162768635359985,20.75838430972461],[1.339277062026245,20.632279954866213],[1.839478764144165,20.16483648867969],[1.942003759947998,20.152721010164065],[2.153720173445922,20.29379614444141],[2.418141159621459,20.04110487552051],[2.586695704070312,19.965804658845705],[2.923301491347534,19.95505865664844],[3.062428745833618,19.90502317996387],[3.187091860381347,19.746856294587893],[3.231395992842895,19.511931978181643],[3.158903154937011,19.206403337434573],[3.225168737975341,18.952552400544924],[4.203835520354492,19.136262498811526],[4.956541094390136,19.280494295076174],[5.775469336119873,19.44418676944141],[7.16313079318164,20.621804796174807],[7.538447889891845,20.91636236758594],[8.577075991240722,21.57072599978809],[9.300307306853515,22.00077971072559],[11.105685267058593,23.00913008304004],[11.839897188750488,23.38837393374805],[11.959014925566894,23.471690736726565],[12.33359149417041,23.410310350374026],[13.073791536895019,23.21123083682422],[13.527384790984375,23.06133421512012],[13.64361003359912,22.97939261050586],[14.180097612944824,22.569409929231448],[14.28438666781543,22.63992651553516],[14.967711481658203,22.968030534700198],[15.131394419280273,22.002967439607424],[15.207608255950195,21.418717943147463],[15.39631942233203,20.955875001863284],[15.64554217776416,20.59508093448047],[15.96227744540332,20.323638521150393],[15.787386927214843,19.998500429109377],[15.668408426848632,19.552930437043948],[15.592863115874511,19.063123308137698],[15.555137667266113,18.618026338533205],[15.565241846648437,18.376576982454104],[15.537596735564453,18.05864866824512],[15.529364618865234,17.588288865999026],[15.513874086943847,17.098826967195315],[15.488629374114257,16.888942323640627],[14.395339998809082,15.713093362764162],[14.129488024321777,15.361960969880862],[13.737988504973632,14.76222189517383],[13.480414423552734,14.404780946687502],[13.477517160979492,14.099687181428713],[13.532556566802246,13.775870881990237],[13.538728746978027,13.65514525027637],[13.111010584441406,13.639914117769045],[12.91461947878955,13.54977186770801],[12.710701975432617,13.41509398074512],[12.368020090666992,13.101637445405764],[12.251965555754882,13.075524888948244],[11.977351221648437,13.169245325044436],[11.6519270273125,13.256302438691897],[11.254082712737304,13.35564287753467],[11.015111002532226,13.373303972200198],[10.696224245635253,13.35234984012012],[10.41347030123828,13.306189142183108],[10.065204653350097,13.177013956025881],[9.883564982024414,13.029757104829592],[9.600526842681152,12.85011252017383],[9.477362665740234,12.823958002046389],[9.05742076357959,12.821483217195315],[8.623278650847656,12.946039758638186],[8.095267328826171,13.279785715059084],[7.93595794161914,13.316985689119143],[7.725798163024169,13.264895044282717],[7.124393972960693,13.019807420686526],[6.957831892577392,13.018824182466311],[6.863709482756835,13.062759958223147],[6.371185812560302,13.612828813508791],[6.001542601195556,13.737772546724123],[5.501391443816406,13.792027078584475],[4.973104986754638,13.743401132539553],[4.49414304217456,13.658960901216311],[4.190213236418945,13.479182802156252],[3.880918535796386,12.752751909211916],[3.722414288130981,12.53569944949512],[3.65143588503955,12.153905473665041],[3.609702620116455,11.721436105684084],[3.58218506297229,11.371672235444827],[3.655866179076416,11.028882585481448],[3.830611738768798,10.705737672761721],[3.687989744750244,10.272669397310061],[3.60247519930957,10.01791151614551],[3.502051386443359,9.883828721956057],[3.207026037780029,9.697748743013186],[3.164518389312011,9.544946275666994],[3.216438803282959,9.27829035373096],[3.181242975798828,9.112820230439944],[2.986765417662841,9.054456315950198],[2.871398243514282,9.041069589570803],[2.764204535094482,8.862454019502444],[2.765179190245849,8.690830789521975],[2.766424927321655,8.474729143098635],[2.761507067290527,8.08060797305469],[2.720886740294677,7.635426603273196],[2.818459066954834,6.987648092225832],[2.764097485152465,6.453394971803469],[2.766808065978271,6.348114095643801],[2.616754564849121,6.341382108644289],[2.06209639033435,6.276640497163577],[1.761008772460205,6.25322588534717],[1.71328857859729,6.345457158998293],[1.580373677817565,6.827750764802737],[1.664667639342529,7.146069131807131],[1.676584872809631,7.521169267610354],[1.660559687224609,7.762609086946291],[1.599977883902771,8.200846277192873],[1.597421679106933,8.588557802156252],[1.581457290259582,8.82364710421924],[1.586962136832458,9.084294877961916],[1.388256702033264,9.674260698274416],[1.314003500548584,9.98528441043262],[1.132534298506958,10.130397401765627],[0.922230991927368,10.262642465547366],[0.841578874198181,10.440143190339846],[0.904740843383056,10.707485757783694],[0.925124201384765,10.89829596133594],[0.794938656893951,10.91659601779346],[0.519817087260467,10.99123915286426],[0.064007225838882,11.06482370944385],[-0.203663793,11.118248544648928],[-0.276196938546914,11.132726274446291],[-0.715342905911225,10.926718316987795],[-1.3584569362724,10.929268442109866],[-1.748805251511353,10.946021638826174],[-2.702452149781006,10.927663408235354],[-2.824560847672242,10.857015214875979],[-2.880775657089966,10.704125009492678],[-2.763593402298707,9.833983980134768],[-2.754559722336548,9.649703584626955],[-2.84040662327649,9.572915636018557],[-2.760339703949708,9.503463350251955],[-2.675332274826783,8.925526224092287],[-2.524905887039917,8.278059564546389],[-2.61610766926648,8.01055296512012],[-2.850347009094971,7.627775274232668],[-3.046638694199341,7.054519735292239],[-3.193603482636231,6.602344594911379],[-3.147372689636963,6.284790121034426],[-3.02900525608899,5.948604188875002],[-2.779437985810059,5.428851686433596],[-2.749738898667115,5.095558248475832],[-2.803544488343018,5.185831151918215],[-2.93351956883313,5.274515233949465],[-3.027103391083497,5.267953000978274],[-3.091446128281373,5.159785829500002],[-3.134569135102051,5.140627466157717],[-3.350640025528687,5.152871690706057],[-3.667796101959961,5.228444181398196],[-3.941593614014405,5.265976034120364],[-4.999971356781739,5.238270841554446],[-5.575433698090333,5.12899550052051],[-5.834145512970704,5.039471231416506],[-6.315529790314454,4.873208127931399],[-7.097943749817627,4.522013746217532],[-7.413408246430176,4.330689035371584],[-7.528605428131836,4.336791597322268],[-7.562493291291016,4.351184450105471],[-7.544343915375489,4.764880262330813],[-7.49697777310254,5.019421182588381],[-7.38611122647168,5.401477418855471],[-7.359638657959717,5.6050458774126],[-7.418688741120118,5.731824003175539],[-7.987430539520997,6.332314096406741],[-8.253718343170899,6.318020425752444],[-8.419904675873536,6.361527524904055],[-8.507345166596192,6.44365032763843],[-8.52998444119336,6.526147447541994],[-8.304373708161133,6.915244184449953],[-8.27805229702832,7.112447343782229],[-8.331662145050782,7.360040269807619],[-8.303831067475098,7.43648537249927],[-8.456479993256348,7.537284933046145],[-8.608395543488282,7.580879770234866],[-8.672761884125489,7.542353712037844],[-9.013156857880372,7.127157293275637],[-9.157417264374512,7.139007650331301],[-9.339502301605958,7.284133039430422],[-9.463983502777833,7.429587923005862],[-9.44409748593213,7.556841932252688],[-9.448134389313477,7.84922369571094],[-9.547224011811036,8.23003538699512],[-9.621689763458985,8.394863687471194],[-9.77374836483838,8.438459001497073],[-10.011415448578614,8.417980752900881],[-10.176320996674317,8.353431306794924],[-10.290082898529786,8.244700990632815],[-10.37703033963086,8.075611673311037],[-10.493861165436524,8.370627962068362],[-10.56814476529004,8.986781679109377],[-10.681730237396973,9.32936056704883],[-10.895475354584473,9.60779245944385],[-11.100670781525391,9.797275148347659],[-11.290036168488282,9.897864900544924],[-11.49968716183545,9.91569098086719],[-12.011103597077149,9.849096857026858],[-12.278503384979981,9.866579614595217],[-12.38555141964795,9.796022973970217],[-12.674679723175782,9.406540475801272],[-13.164252248200196,8.850765787080569],[-13.141406979950684,9.027148805574221],[-13.281672444733399,9.274683557466311],[-13.625553098114747,9.623440347627444],[-13.680051770600098,9.915645204500002],[-14.058002438935059,10.080054841951174],[-14.466443028839844,10.333368860200686],[-14.591384854706543,10.466548524812502],[-14.550901379975098,10.644569002107424],[-14.574861493500489,10.784330926851077],[-14.820922818573731,10.8028579577959],[-14.966219869049805,10.847027383760256],[-15.01801106015088,10.916822038606448],[-14.991490331085938,11.056686960176272],[-15.008295026215333,11.101744256929202],[-14.863874402436036,11.268847070649905],[-14.50885578671338,11.55701120944385],[-14.337188687714356,11.640667520479006],[-14.156576123627442,11.648089967683596],[-13.925490346344727,11.662176691011233],[-13.77546783963086,11.745701394990725],[-13.691763844879883,11.886055551484866],[-13.743656125458497,12.267163835481448],[-13.693857160004395,12.623442254976077]]]]}},{"type":"Feature","properties":{"name":"French Equatorial Africa","subject":"France","partOf":"French Equatorial Africa","borderPrecision":3,"color":"#b47c6f"},"geometry":{"type":"MultiPolygon","coordinates":[[[[11.217659983245117,2.05425675959949],[11.2381086679375,2.27685459704761],[11.633699450103027,2.234717927888674],[12.431829485503417,2.194967828706545],[12.80571177920459,2.178124748185915],[13.266093287078125,2.110948883012576],[13.517912897673828,2.061599098161501],[13.906134638396484,2.051195465043826],[14.301358255950195,2.085326515153689],[14.423670801726562,2.060629449800295],[14.63940146884082,2.042847476915163],[14.891231569854003,1.987135015443606],[15.150396380034667,1.899689875558657],[15.539230379668457,1.749464117006106],[15.927998575774414,1.618290267900271],[16.05000594576953,1.657159768060488],[16.005181345549804,2.044619165376467],[16.076737436858398,2.127680860475344],[15.982544931975585,2.330517135576052],[15.895121607390625,2.692308746293826],[15.671300921050292,3.053268753007693],[15.123709711638671,3.609356723741335],[15.073161158171875,3.755255065873904],[15.044041666594726,4.111025415376467],[14.849661860076171,4.383181653932375],[14.669760737029296,4.680842481569094],[14.57628825625537,4.947243295625491],[14.453518900481445,5.480437360719485],[14.402967485991699,5.829723916963381],[14.431731257048828,6.020577035859866],[14.49652865847705,6.109944902375979],[14.734201464263183,6.289334379152102],[14.914376291838867,6.519220910981936],[15.304347071257812,7.303332410768313],[15.463161501494628,7.450469099000735],[15.556958231536132,7.501873098329348],[15.463439020720703,7.583939634279055],[15.291549715605957,8.059619508699221],[15.004431757537109,8.540975175813479],[14.400074038115722,9.07129343600635],[13.910858187285644,9.551455102876467],[14.056006464568359,9.793832384065432],[14.186445269194824,9.934441171602053],[14.294907602874023,9.979571901277346],[14.511344942656738,9.942727647737307],[15.045208010283691,9.856906496003909],[15.348471674529296,9.871409021333498],[15.449829134551269,9.935572229341311],[15.42845061740039,9.992654405549807],[15.335136446562988,10.08743342013721],[15.16351035555957,10.372434221223635],[15.071205172148925,10.632476411775393],[14.995400461760742,11.18498858065967],[15.055362734404785,11.477711282686037],[15.00175384005664,12.017644487336916],[14.82423976382373,12.41700991244678],[14.409240755645019,12.973859392122073],[14.315442118254882,13.011446557954592],[14.033436808196289,13.060618959382815],[13.875680002776367,13.244003854707522],[13.616890940276367,13.477647386506838],[13.538728746978027,13.65514525027637],[13.532556566802246,13.775870881990237],[13.477517160979492,14.099687181428713],[13.480414423552734,14.404780946687502],[13.737988504973632,14.76222189517383],[14.129488024321777,15.361960969880862],[14.395339998809082,15.713093362764162],[15.488629374114257,16.888942323640627],[15.513874086943847,17.098826967195315],[15.529364618865234,17.588288865999026],[15.537596735564453,18.05864866824512],[15.565241846648437,18.376576982454104],[15.555137667266113,18.618026338533205],[15.592863115874511,19.063123308137698],[15.668408426848632,19.552930437043948],[15.787386927214843,19.998500429109377],[15.96227744540332,20.323638521150393],[15.64554217776416,20.59508093448047],[15.39631942233203,20.955875001863284],[15.207608255950195,21.418717943147463],[15.131394419280273,22.002967439607424],[14.967711481658203,22.968030534700198],[15.785828623381835,23.35409887881641],[15.97051719149707,23.38058813662891],[18.324734720793945,22.23128279300098],[20.548014673796875,21.16387327762012],[23.057890925017578,19.90755232425098],[23.949723276702148,19.47427710147266],[23.94083503207324,19.003964982942385],[23.93393615206836,18.57816084475879],[23.917330774871093,18.292085252717776],[23.9555101724541,17.167478166536135],[23.93839362582324,16.830562196687502],[23.95474341830371,16.379447542146487],[23.968827280608398,15.826636873201174],[23.95093825778125,15.69943007083301],[23.57317260226367,15.703569017366213],[23.013073954192382,15.681200586274905],[22.909775766936523,15.617037378267092],[22.722136530486328,15.056673608735842],[22.4599047037041,14.692884050325198],[22.404845270720703,14.495547853425784],[22.463698420134765,14.190841279939455],[22.396458658782226,14.095108591035647],[22.073573145476562,13.90254458041553],[22.049708399382812,13.794365488008303],[22.20341971835254,13.496561609224123],[22.16431716403125,13.343803964570803],[21.920403513518554,13.075436197236819],[21.778044733611328,12.80131109805469],[21.87671950778125,12.6430097446001],[22.109034571257812,12.682509027437014],[22.26095679720996,12.677052102998537],[22.324366602507812,12.575745187715334],[22.423705134001953,12.023399911836428],[22.485079798308593,11.788608156160159],[22.555325541106445,11.655555330232424],[22.754965815154296,11.472437463716311],[22.874703440276367,11.263401590303225],[22.88672164401172,11.098231874421877],[22.818951639739257,10.907167993501467],[23.422722849456054,10.154428087190432],[23.578520807830078,9.9074779376543],[23.6336164804375,9.666291795686526],[23.446473154631835,9.004177652314944],[23.450902018157226,8.705489717439455],[23.52215865573047,8.610577188447756],[23.88284972628711,8.619072519258303],[24.00546363314746,8.619802080110354],[24.09869101962207,8.563150011018557],[24.21204665621875,8.341372095063967],[24.31209090670703,8.240274034456057],[24.670792612639648,8.039018236116213],[25.030308756438476,7.933093152955813],[25.188126597014648,7.845050416902346],[25.287985834685546,7.724888883546633],[25.221285852996093,7.508388124421877],[25.299120936003906,7.330889783815188],[25.499640497771484,7.173185430482668],[25.75049880465625,7.003076635316653],[26.07319930514453,6.807962022737307],[26.16628364047168,6.732233606294436],[26.25871947726367,6.567537866548342],[26.285311731902343,6.243543706849856],[26.413655314055664,6.047280393556399],[26.57865050753711,5.946555696443362],[26.945387873259765,5.872465692476077],[27.196070704070312,5.65785463900928],[27.267125162688476,5.499388299897952],[27.229491266814453,5.194083295778078],[27.243727717009765,5.16238173098926],[27.020283732024414,5.097489915803713],[26.587632212249023,4.942377649263186],[26.443781885710937,4.954240880922121],[26.314650568572265,5.029738031343264],[26.005698237029296,5.148670755342287],[25.48817733248828,5.310847364381594],[25.30797484835742,5.252572141603274],[25.27098754366992,5.00447329135303],[25.212754282561523,4.896072946504397],[25.097445520964843,4.86996229739551],[24.917609247771484,4.881601892427248],[24.529561075774414,4.974636159852786],[24.2630052896416,4.928563199952883],[23.844685587493164,4.760818563417239],[23.426285776702148,4.542230211213869],[23.303935083953125,4.535150609926028],[23.05279830416797,4.692555986360354],[22.880425486174804,4.761445604280276],[22.721734079924804,4.677875600770754],[22.417393717375976,4.065897546724123],[22.338086161223632,3.995504461244387],[22.072003397551757,4.025701604799075],[21.202136072722656,4.255694471315188],[20.56206229647754,4.340873323396487],[20.33220389804004,4.485701166108889],[20.260552439299804,4.593327604249758],[20.109980616179687,4.770393453553957],[19.772501978484375,5.003559671357912],[19.57827094515918,5.078677259401125],[19.362330469695312,5.05196913333301],[19.124541315642578,4.917083822206301],[18.965806040374023,4.763597570375246],[18.61234191378711,4.322929941133303],[18.568999323455078,4.189193330720705],[18.611979517546875,3.986060224489016],[18.604689631072265,3.827105604127688],[18.575900110808593,3.559985004380984],[18.503987345305664,3.534127317384524],[18.561543497649414,3.445489011720461],[18.547205957976562,3.375482402757449],[18.368090662566406,2.834137521699709],[18.11729911288379,2.457633815721316],[17.960280451384765,2.088033519700808],[17.91808227023242,1.839888058618349],[17.847699198333007,1.496234260515017],[17.759408030120117,0.586759589628024],[17.645358118621093,-0.016971983],[17.593514475432617,-0.2914125397646],[17.51721671542285,-0.609697498365598],[17.454712900725585,-0.84525028614636],[17.248156580535156,-1.037175215765195],[17.011998209563476,-1.140284456297117],[16.64820388278125,-1.409428395315366],[16.463509592620117,-1.613933481260496],[16.252083811370117,-1.990227498098569],[16.09792426547168,-2.328039087339597],[16.01102355441211,-2.849800266309934],[15.977423700896484,-3.027983583494382],[16.032195124236328,-3.351844467207151],[15.993580851165039,-3.669907487913328],[15.532317194548828,-4.092194475218015],[15.36841872653125,-4.194871820493894],[14.9495926233208,-4.559702791258054],[14.700578722563964,-4.739167608305173],[14.443861994353515,-4.886899866148191],[14.37759498080371,-4.791942991300779],[14.358566317168457,-4.493286527677732],[14.334116015044433,-4.302732862516599],[13.661402735320312,-4.541935361906248],[13.514250788298828,-4.803432859464841],[13.314621004668457,-4.925396360441404],[13.235374483672363,-4.919509328886228],[13.017197641936523,-4.768244661375242],[12.704266581145507,-4.528561510130125],[12.54681113680957,-4.586705602689939],[12.240757975188476,-4.817366041227537],[11.999688181487304,-5.004106916471677],[11.949000391570312,-4.924229063078123],[11.772603067961914,-4.536981023832517],[11.151153597441894,-3.932286657377439],[11.134011301604492,-3.91559473423596],[10.880460772124511,-3.693730272337156],[10.641218218413574,-3.446424879118162],[10.524656328765136,-3.236963666959959],[9.931443247405273,-2.710815109296995],[10.06008246859668,-2.570729650541502],[9.893924746123535,-2.443995393797117],[9.656445536223632,-2.419099487348753],[9.243190798369628,-1.771810568853574],[9.415137323943359,-1.637990154310422],[9.465267214385253,-1.593399681135374],[9.320650133696777,-1.415781296774107],[9.111855539885742,-1.352692641302305],[8.981377634612304,-1.098785199209409],[8.81520942172168,-0.895802535101133],[8.958716425505859,-0.819237269445615],[9.202508005706054,-0.634416438623624],[9.302547487822753,-0.456271924062925],[9.433660540190917,-0.016971983],[9.473350557891113,0.116013906911654],[9.66036323031543,0.08463979514007],[9.883252176848632,0.078766025618357],[9.854229006377441,0.174033097938342],[9.602188143340332,0.332348339275164],[9.350058588591796,0.535152576879305],[9.44347861727832,0.554414831117434],[9.565582308379394,0.611869774774355],[9.628979715911132,0.889529608205599],[10.002586397734863,0.909247420743746],[10.419461283293945,0.905371807531161],[10.980116877166015,0.895995877698702],[11.238758120146972,0.910244964078707],[11.238287958708984,0.980162166074557],[11.229525599089843,1.228009186700625],[11.217659983245117,2.05425675959949]]]]}},{"type":"Feature","properties":{"name":"Spanish Sahara","subject":"Spanish Sahara","partOf":"Spanish Sahara","borderPrecision":3,"color":"#8f9a74"},"geometry":{"type":"MultiPolygon","coordinates":[[[[-14.671170871760827,25.595958649178414],[-14.660057988556641,25.6356273517168],[-14.36725422421338,26.119227968171877],[-14.187764134796875,26.27212866397266],[-14.005799260529297,26.361482225374026],[-13.628725018891114,26.591056428865237],[-13.466317143830079,26.813827119783205],[-13.316015210541504,27.163680635408205],[-13.123640027436036,27.546344362214846],[-12.388050046356934,27.564267717317385],[-11.258037534149903,27.564410768464846],[-10.05367943325879,27.56499060244922],[-9.280450787934083,27.56308516116504],[-8.641209569367188,27.566762529329104],[-8.629150357636231,27.172677598909182],[-8.642788854035157,26.38431318850879],[-8.641704526337403,26.091888032869143],[-8.688412633332032,25.913617692903323],[-8.94025227108838,25.918521486238284],[-11.642722096833008,25.92831953616504],[-11.893217053803223,25.895093522981448],[-11.914518323334473,25.66609915347461],[-11.916973217912457,25.587128121941785],[-14.671170871760827,25.595958649178414]]]]}},{"type":"Feature","properties":{"name":"Rio De Oro","subject":"Rio De Oro","partOf":"Rio De Oro","borderPrecision":3,"color":"#b3a46e"},"geometry":{"type":"MultiPolygon","coordinates":[[[[-17.016083684357422,21.314147554353518],[-16.98365112820508,21.59526976199512],[-16.806021657379883,21.989650331453127],[-16.571900334748047,22.238000474885744],[-16.352530446442383,22.492660127595705],[-16.24251457730176,22.721679292634768],[-15.714025464447754,23.873057924226565],[-15.607041325958985,23.981320939973635],[-14.975213017853516,24.510123811677737],[-14.820046391876954,24.73287733645801],[-14.797224011811036,25.1459976062334],[-14.671170871760827,25.595958649178414],[-11.916973217912457,25.587128121941785],[-11.946144071015137,24.64873655887012],[-11.990525212677735,23.478738389924807],[-12.05500599423291,23.421145997957034],[-12.41909405270459,23.291894517854494],[-12.74580475369336,23.15013464541797],[-13.00448509732129,22.957912050203127],[-13.116560902985352,22.78560408206348],[-13.120932546051758,22.46771963687305],[-13.047333684357422,21.775199495271487],[-13.024399724396485,21.279456697419924],[-13.120129552277344,21.291616044954104],[-13.449706998261231,21.276986680940432],[-14.528037038239258,21.28340681643848],[-16.80259415188672,21.30827673526172],[-17.016083684357422,21.314147554353518]]]]}},{"type":"Feature","properties":{"name":"Hungary","subject":"Hungary","partOf":"Hungary","borderPrecision":3,"color":"#8f9a74"},"geometry":{"type":"MultiPolygon","coordinates":[[[[18.816056284514648,45.889117799714846],[18.55100158175586,45.79777868838672],[18.356125864592773,45.78375967593555],[18.055813822356445,45.762698732332034],[17.794407877532226,45.806651674226565],[17.292401346770507,46.10867651553516],[16.656750712004882,46.38426931949024],[16.560086283293945,46.47294195742969],[16.39636710604785,46.62312277408008],[16.25957396945117,46.888804994539065],[16.415217432585937,47.02313955874805],[16.484496149626953,47.155772767976565],[16.392897638884765,47.240192018464846],[16.410809549895507,47.40908011050586],[16.595057520476562,47.43724783511524],[16.665478739348632,47.52977713199024],[16.604519877043945,47.618304811433596],[16.40086844882129,47.64647635074024],[16.50115683993457,47.73503836245899],[16.647442850676757,47.73503836245899],[16.72155478915332,47.67465551944141],[17.03687003573535,47.69880636783008],[17.045186075774414,47.86388357730274],[17.331217798796875,47.99467810244922],[17.441786799041015,48.05999334903125],[17.621508631316406,47.98272665591602],[17.8991136880791,47.9060016498125],[18.085612330046875,47.89397390933399],[18.828471216765625,47.87797125430469],[18.97896674594043,48.13345678897266],[19.093541178313476,48.13406714053516],[19.436102900115234,48.194598756746096],[19.66031554659961,48.221881471589846],[19.92614463290332,48.18953665347461],[20.118067774382812,48.21782644839649],[20.579073938933593,48.5595775470293],[20.901715311614257,48.580916963533205],[21.379544291106445,48.59650381656055],[21.62014106234668,48.43464621158008],[21.816264185515625,48.37044485659961],[22.09947112521289,48.40459021182422],[22.174159082976562,48.41149099917774],[22.474713358489257,48.2761188373125],[22.7239427896416,48.186141572908205],[23.02892783602832,48.012225709871096],[22.82629683932422,47.86007269473438],[22.3200121255791,47.74009283633594],[22.05867293795703,47.55636938662891],[21.62300399264453,46.90352972598438],[21.339722666350585,46.525245271638674],[21.00061515292285,46.270274721101565],[20.83824828585742,46.19802054019336],[20.51258376559375,46.176803194001955],[20.39403441866992,46.13075979800586],[20.31473449191211,46.131507478669924],[19.906415018645507,46.16173132510547],[19.50673201998828,46.12713202090625],[18.816056284514648,45.889117799714846]]]]}},{"type":"Feature","properties":{"name":"White Russia","subject":"White Russia","partOf":"White Russia","borderPrecision":3,"color":"#8f9a74"},"geometry":{"type":"MultiPolygon","coordinates":[[[[27.58046821078418,55.78117712588672],[27.611302408782226,55.87367971988086],[27.642136606780273,55.9199291095293],[27.703803095427734,55.958472810701174],[27.765471491423828,56.02784689517383],[27.865681681243164,56.04326590152149],[27.919642481414062,56.09722479434375],[28.027560267058593,56.12034948916797],[28.1364183755791,56.140418611482424],[28.210373911467773,56.0738597735918],[28.313910517302734,56.04427679629688],[28.402657541838867,56.103438936189455],[28.484007868376953,56.096046052888674],[28.62452224215625,56.08125265689258],[28.68368628939746,56.014693819001955],[28.720664057341796,55.94813498111133],[28.809409174529296,55.96292456241016],[28.905550989714843,55.99250753970508],[29.068251642791015,56.014693819001955],[29.208766016570312,55.99250753970508],[29.341885599700195,55.96292456241016],[29.40844443759082,55.95553167910938],[29.40844443759082,55.90376242251758],[29.33449080905078,55.85938986392383],[29.327094111052734,55.81501730533008],[29.356677088347656,55.74845465274219],[29.430630716887695,55.681895814851565],[29.519377741423828,55.681895814851565],[29.615519556609375,55.77064474673633],[29.74124244174121,55.77803763003711],[29.815197977629882,55.77803763003711],[29.881756815520507,55.82241018863086],[29.98529342135547,55.85938986392383],[30.04445746859668,55.837203584626955],[30.088831934539062,55.81501730533008],[30.199763331023437,55.837203584626955],[30.443814310637695,55.78543432803516],[30.502978357878906,55.726268373445315],[30.628703150359375,55.681895814851565],[30.673075708953125,55.637523256257815],[30.73963454684375,55.593150697664065],[30.81359008273242,55.57836111636524],[30.880148920623046,55.593150697664065],[30.90233519991992,55.54138144107227],[30.872754129973632,55.48961218448047],[30.872754129973632,55.45263632388477],[30.85796264132617,55.378680787996096],[30.79879859408496,55.304725252107424],[30.887545618621093,55.19379385562305],[30.95410445651172,55.1494212970293],[30.976290735808593,55.07546576114063],[30.946709665862304,55.01630362124805],[30.894940409270507,55.01630362124805],[30.894940409270507,54.97932394595508],[30.84317115267871,54.94234808535938],[30.79879859408496,54.9201618060625],[30.7840071054375,54.84620627017383],[30.761820826140625,54.779647432283205],[30.917126688567382,54.75746115298633],[30.976290735808593,54.67610891909961],[31.01326850375293,54.624339662507815],[31.094618830291015,54.64652594180469],[31.153782877532226,54.63173636050586],[31.109410318938476,54.579967103914065],[31.079827341643554,54.52080496402149],[31.0872240396416,54.47643240542774],[31.183363947478515,54.46903570742969],[31.257319483367187,54.35070761294727],[31.309088739958984,54.247169099763674],[31.50876716097949,54.15102728457813],[31.612303766814453,54.12144812198047],[31.73802665194629,54.0844684466875],[31.811984095183593,54.04009588809375],[31.84156325778125,53.97353705020313],[31.7971906991875,53.88479193301563],[31.76760962924121,53.80343969912891],[31.848959955779296,53.77385672183399],[32.011660608855465,53.80343969912891],[32.18175795992968,53.77385672183399],[32.344458613005855,53.72948416324024],[32.46278670748828,53.699901185945315],[32.44799331149218,53.67032202334766],[32.41841414889453,53.648135744050784],[32.38143447360156,53.64073904605274],[32.42580703219531,53.55938681216602],[32.558928522673824,53.49282797427539],[32.68465331515429,53.46324881167774],[32.69944289645312,53.40408285708789],[32.6698599191582,53.33012732119922],[32.53674224337695,53.33012732119922],[32.470183405486324,53.29315146060352],[32.44799331149218,53.263568483308596],[32.24831679782031,53.15263708682422],[32.011660608855465,53.10826452823047],[31.78240111788867,53.11565741153125],[31.69365409335254,53.174823366121096],[31.545744928923828,53.19700964541797],[31.383044275847656,53.189612947419924],[31.323880228606445,53.11565741153125],[31.279505762664062,53.056495271638674],[31.28690246066211,52.98253973575],[31.412625345793945,52.86421164126758],[31.545744928923828,52.79025610537891],[31.545744928923828,52.71630056949024],[31.486580881682617,52.68672140689258],[31.530953440276367,52.62015875430469],[31.59751227816699,52.56099661441211],[31.560534510222656,52.51662405581836],[31.575325998870117,52.44266851992969],[31.590117487517578,52.339130006746096],[31.575325998870117,52.294757448152346],[31.64928153475879,52.25778158755664],[31.686259302703125,52.206012330964846],[31.760214838591796,52.176429353669924],[31.761313471404296,52.11269720645313],[31.527974161711914,52.11479910464649],[31.292752298918945,52.08959921450977],[31.24234870394824,52.03079184146289],[31.14993957003711,52.05599554629688],[31.065932306853515,52.07279547305469],[30.914719614592773,52.039195619539065],[30.88951781710742,51.98038824649219],[30.839112314788085,51.92998465152149],[30.69629958590625,51.84597738833789],[30.612292322722656,51.72836645694141],[30.49468139132617,51.62755545230274],[30.46947959384082,51.53514822574024],[30.578688654509765,51.44274099917774],[30.603890451995117,51.375533662751955],[30.545084986296875,51.283126436189455],[30.427475962249023,51.29152639956836],[30.36026862582324,51.316730104402346],[30.293063196746093,51.409137330964846],[30.24265960177539,51.43434103579883],[30.158650431243164,51.467940889314455],[30.057843241301757,51.484744630769534],[29.95703414401172,51.467940889314455],[29.84782317599414,51.43434103579883],[29.713412317839843,51.42593725772266],[29.646204981414062,51.484744630769534],[29.545395884124023,51.45114096255664],[29.46138862094043,51.409137330964846],[29.318575892058593,51.38393362613086],[29.234568628875,51.409137330964846],[29.217766794768554,51.501544557527346],[29.16736319979785,51.56035193057422],[29.091755899993164,51.61915548892383],[29.03295043429492,51.60235556216602],[28.97414496859668,51.56875189395313],[28.89853766879199,51.56875189395313],[28.764126810637695,51.501544557527346],[28.705321344939453,51.43434103579883],[28.629714045134765,51.43434103579883],[28.58771041354297,51.518348298982424],[28.528904947844726,51.551951967195315],[28.436497721282226,51.551951967195315],[28.335688623992187,51.501544557527346],[28.276883158293945,51.58555182071094],[28.176074061003906,51.62755545230274],[28.117268595305664,51.577151857332034],[27.957654032317382,51.551951967195315],[27.840043100920898,51.60235556216602],[27.789639505950195,51.60235556216602],[27.781237635222656,51.50994452090625],[27.70563033541797,51.467940889314455],[27.66362670382617,51.49314459414844],[27.688830408660156,51.59395559878711],[27.579619440642578,51.610755525544924],[27.495612177458984,51.63595923037891],[27.338407566456915,51.60343227106253],[27.270271142770905,51.726077833697346],[27.324195194140568,52.31924239876364],[27.081536962977086,52.91240696382994],[27.16242304003158,53.85607786279905],[27.674701528043382,55.12329306998614],[27.728625579413045,55.50076142957378],[27.58046821078418,55.78117712588672]]]]}},{"type":"Feature","properties":{"name":"Poland","subject":"Poland","partOf":"Poland","borderPrecision":3,"color":"#8f9a74"},"geometry":{"type":"MultiPolygon","coordinates":[[[[22.24723492656511,49.19488585203009],[22.196431192961914,49.215037904695315],[22.005814585295898,49.26047094912891],[21.95915893038867,49.357493959382815],[21.642890009490234,49.44101294131641],[21.585009607878906,49.49957998843555],[21.33275321444629,49.465518556550784],[21.10421088656543,49.48392065616016],[21.071120295134765,49.422183595613284],[20.903170618621093,49.34132345767383],[20.696087870208007,49.45559271426563],[20.478842768279296,49.43480261416797],[20.403084787932617,49.45992621035938],[20.152379068938476,49.36827810855274],[20.105381998625976,49.288863740876955],[20.038085016814453,49.22814138980274],[19.957100901213867,49.28203543277149],[19.782160791960937,49.244300447419924],[19.780903849211914,49.33592947574024],[19.792792353240234,49.3736644610918],[19.762906107512695,49.45453604312305],[19.613717112151367,49.443255983308596],[19.58110526522754,49.519244752839846],[19.49343970736621,49.627120576814455],[19.376227411833984,49.616344057039065],[19.348418268767578,49.566173158601565],[19.261565241423828,49.573184572175784],[19.17931273898242,49.46532019229297],[18.986033472625,49.44375189395313],[18.97212508639453,49.54621084781055],[18.84419539889453,49.56454046817188],[18.79631522616504,49.71344717593555],[18.624680552092773,49.75661429019336],[18.53995612582324,49.849979005769534],[18.548720392791015,49.96172674746875],[18.267882504738814,50.00804259791558],[18.55732403005702,50.43088952486223],[18.14750123964758,51.40152244951617],[17.759248069786,51.59564903444696],[17.54355186430735,52.09175030704787],[16.939602488967118,52.09175030704787],[16.42193159581835,52.26430727143079],[16.314083493079025,52.48000347690944],[16.292513872531156,53.14866171389327],[16.723906283488464,53.127092093345404],[17.71610882869027,53.66633260704204],[17.608260725950945,53.81731995087709],[18.299497234635083,54.716281906351476],[18.759530100432617,54.536414705232424],[18.362916025725585,54.66889151187305],[18.338496241179687,54.602645479158205],[18.453806910125,54.52537878604297],[18.513155970183593,54.315780244783205],[18.673077616301757,54.25514181704883],[18.96497634371875,54.227584444001955],[19.255003962126953,54.27719458194141],[19.733597788420898,54.46117361636524],[19.757716211882812,54.45917471499805],[19.317608866301757,54.271678529695315],[19.232062372771484,54.22207220645313],[19.230307612029296,54.166968904451174],[19.328099283782226,54.16145285220508],[19.456822428313476,54.216563783601565],[19.733119043914062,54.31026800723438],[19.977538141814453,54.42394217105274],[20.356268915740234,54.421458803132815],[21.366742167083007,54.369544588044924],[22.699036631194335,54.414901338533205],[22.98705771884082,54.42470892520313],[23.00508407076953,54.418258272126955],[23.3106184335625,54.30889471621875],[23.43854049166797,54.089915834382815],[23.48289397677539,54.00617941470508],[23.489806208220703,53.99312552066211],[23.53050139865039,53.91629370303516],[23.572062525359375,53.90031012149219],[23.641440424529296,53.91572531314258],[23.772482904998046,53.90031012149219],[23.88040259799121,53.91572531314258],[24.049988779631835,53.92343481631641],[24.157906565276367,53.94655951114063],[24.211867365447265,53.92343481631641],[24.24269965609668,53.87718542666797],[24.373744043914062,53.87718542666797],[24.543330225554687,53.94655951114063],[24.635832819548828,53.969684205964846],[24.69749930819629,53.954269014314455],[24.774584803191406,53.969684205964846],[24.805419001189453,54.02364309878711],[24.76687720736621,54.10073050113086],[24.890212092009765,54.1469798907793],[24.975005182830078,54.13156469912891],[25.044381174651367,54.13156469912891],[25.15230086764453,54.185523591951174],[25.183133158293945,54.24719198794727],[25.314177546111328,54.23177298159961],[25.368136438933593,54.27031668277149],[25.44522193392871,54.293441377595705],[25.483763727751953,54.26260717959766],[25.499180826750976,54.224063478425784],[25.499180826750976,54.15468939395313],[25.599391016570312,54.12385519595508],[25.722725901213867,54.13156469912891],[25.76126960238574,54.21635778994922],[25.699601206389648,54.308856569246096],[25.60710051974414,54.308856569246096],[25.530015024749023,54.32427557559375],[25.56084922274707,54.385943971589846],[25.591683420745117,54.424483858064455],[25.591683420745117,54.48615225406055],[25.699601206389648,54.55553015323047],[25.730435404387695,54.617198549226565],[25.684184107390625,54.69428213687305],[25.722725901213867,54.771365724519534],[25.738144907561523,54.840743623689455],[25.79210380038379,54.89470251651172],[25.85377028903125,54.956370912507815],[26.046483072844726,54.956370912507815],[26.162110361663085,54.98720511050586],[26.208359751311523,55.05657919497852],[26.246903452483398,55.12595709414844],[26.316279444304687,55.14137228579883],[26.42419722994922,55.12595709414844],[26.478156122771484,55.14908178897266],[26.532116922942382,55.110538087800784],[26.609200510588867,55.11824759097461],[26.616910013762695,55.187625490144534],[26.663159403411132,55.25699957461719],[26.701703104583007,55.25699957461719],[26.755661997405273,55.28012426944141],[26.71712020358203,55.30325277896289],[26.593783411589843,55.32637747378711],[26.43961432894824,55.3417926654375],[26.478156122771484,55.403461061433596],[26.532116922942382,55.46512945742969],[26.547534021941406,55.519088350251955],[26.586075815764648,55.58846624942188],[26.593783411589843,55.66554983706836],[26.63232711276172,55.68867453189258],[26.678576502410156,55.68096502871875],[26.747954401580078,55.68096502871875],[26.84816268405078,55.71950872989063],[26.894415888396484,55.78117712588672],[26.97149947604297,55.81201132388477],[27.133376154509765,55.81201132388477],[27.27983764132617,55.79659231753711],[27.387757334319335,55.78117712588672],[27.495675119963867,55.765758119539065],[27.58046821078418,55.78117712588672],[27.728625579413045,55.50076142957378],[27.674701528043382,55.12329306998614],[27.16242304003158,53.85607786279905],[27.081536962977086,52.91240696382994],[27.324195194140568,52.31924239876364],[27.270271142770905,51.726077833697346],[27.405081271195066,51.48341960253386],[27.48596734824956,50.8363309860979],[26.946726834552926,50.3240524980861],[27.00065088592259,49.67696388165014],[26.946726834552926,49.110761342268674],[26.98940102500732,48.68075763845361],[26.16266290937989,48.9405896176508],[26.081657029454437,49.12960333747686],[25.946647229578687,48.85958373772535],[25.676627629827188,49.21060921740231],[25.514615869976286,49.21060921740231],[25.487613910001137,48.9405896176508],[24.947574710498134,48.85958373772535],[24.677555110746635,48.535560218023555],[24.326529631069683,48.5085582580484],[24.20902798028015,47.94408615108111],[24.043796223426902,47.95392466347582],[23.965783445801677,48.354107046990556],[23.8620959194971,48.31954453822236],[23.77568964757662,48.509638336447416],[23.63743961250385,48.47507582767923],[23.63743961250385,48.61332586275199],[23.32637703359012,48.786138406592954],[23.274533270437832,48.630607117136094],[22.92890818275591,48.751575897824765],[22.756095638914953,49.01079471358621],[22.530689318599666,49.01079471358621],[22.24723492656511,49.19488585203009]]]]}},{"type":"Feature","properties":{"name":"Romania","subject":"Romania","partOf":"Romania","borderPrecision":3,"color":"#b3a46e"},"geometry":{"type":"MultiPolygon","coordinates":[[[[24.20902798028015,47.94408615108111],[24.326529631069683,48.5085582580484],[24.677555110746635,48.535560218023555],[24.947574710498134,48.85958373772535],[25.487613910001137,48.9405896176508],[25.514615869976286,49.21060921740231],[25.676627629827188,49.21060921740231],[25.946647229578687,48.85958373772535],[26.081657029454437,49.12960333747686],[26.16266290937989,48.9405896176508],[26.98940102500732,48.68075763845361],[27.107731508510145,48.643568057924156],[27.107731508510145,48.83258177775021],[27.485758948162246,48.6705700178993],[27.485758948162246,48.75157589782475],[27.647770708013145,48.75157589782475],[27.70611861666797,48.43969687075977],[27.72314170321582,48.43402060122852],[27.819605860320312,48.39430197329883],[27.882025751677734,48.33755835147266],[27.944443735686523,48.31486090274219],[28.01253608187793,48.30918463321094],[28.057930979338867,48.28081091494922],[28.080628428069335,48.25244101138477],[28.11467460116504,48.218394838289065],[28.160069498625976,48.22406729312305],[28.216813120452148,48.212718568757815],[28.29625419100879,48.2297435626543],[28.347323450652343,48.2297435626543],[28.358672175017578,48.20136984439258],[28.318951639739257,48.15597494693164],[28.301928553191406,48.133277498201174],[28.347323450652343,48.15030249209766],[28.387043985930664,48.138953767732424],[28.387043985930664,48.10490759463672],[28.41541579684375,48.08221014590625],[28.426790289144513,48.09737613564061],[28.90822219965315,47.818388161083575],[29.115597252262305,47.282669275176595],[29.426659831176035,46.81607540680601],[29.80684742762615,46.50501282789227],[29.964310147469543,46.36854513736133],[30.06606624338759,46.280356520899026],[30.43284740345622,46.17574956961106],[30.068821940032226,45.861400209382815],[29.729748758879882,45.76999243350391],[29.629511866179687,45.75035818667774],[29.50043014010547,45.52336844058399],[29.536093744841796,45.45219763369922],[29.615916285125,45.41020544619922],[29.68321135958789,45.37478979678516],[29.7107649179375,45.25833471866016],[29.578961405364257,45.0575023517168],[29.45752242526172,44.91514929385547],[29.261582407561523,44.895423494294924],[29.089749369231445,44.87573202700977],[28.91823676547168,44.765750490144534],[28.686247858611328,44.48805197329883],[28.573113474456054,44.19782217593555],[28.52988532504199,43.84347113223438],[28.510106119719726,43.74307592959766],[28.480538401213867,43.59228476138477],[28.445693049041015,43.476363740876955],[28.32809546908496,43.43752630801563],[28.187058481780273,43.450118623689455],[28.03463843783496,43.39190252871875],[27.854167511508024,43.476709050102016],[27.719357383083864,43.476709050102016],[27.584547254659707,43.58455715284135],[27.368851049181057,43.61151917852618],[27.126192818017568,43.85417740968966],[26.721762432745095,43.988987538113825],[26.5728607660635,44.213209927211935],[26.406205210295898,44.15441855044727],[25.549092325774414,43.80730398745899],[25.378106150237304,43.780623994783205],[24.75501540621875,43.93818625064258],[24.62034514865039,43.94390066714649],[24.309523615447265,43.826312623933596],[24.156373056975585,43.812606416658205],[23.638304743376953,43.99007376284961],[23.410887751189453,43.990924440339846],[23.06405738314746,43.906024537996096],[22.94437507113574,43.89540823550586],[22.923110041228515,43.98031576724414],[23.02825644930957,44.12361105533008],[22.870383295623046,44.171390138582034],[22.69400123080371,44.26309164615039],[22.505961451140625,44.34659918399219],[22.440566095916015,44.49529989810352],[22.58481505831836,44.58559759707813],[22.742365870085937,44.58028372378711],[22.691102060881835,44.638717256501955],[22.409525904265625,44.75029715152149],[22.29590133151172,44.691852174714846],[22.199408564177734,44.56434591861133],[22.13289741000293,44.511233888582034],[21.94650939425586,44.618777833894534],[21.858902964202148,44.68122061343555],[21.591851267424804,44.707782350496096],[21.583313974944335,44.79280050845508],[21.47765258273242,44.79280050845508],[21.367487940398437,44.80874975772266],[21.34424880465625,44.88314779849414],[21.424141916838867,44.92547186465625],[21.54576781710742,44.95756109805469],[21.438292536345703,44.99479254336719],[21.355780634490234,45.021442018464846],[21.411772760955078,45.08694418521289],[21.49739364108203,45.14403494449024],[21.466031107512695,45.2080150470293],[21.32853606661914,45.26117666812305],[21.07910636386035,45.324534975007815],[20.758687052336914,45.536456666902346],[20.784533533660156,45.576087556794924],[20.73825934847949,45.629466615632815],[20.772049936858398,45.789630495027346],[20.68108848055957,45.805648408845705],[20.595047983733398,45.912471376375],[20.33922294100879,45.99261053653125],[20.31473449191211,46.131507478669924],[20.39403441866992,46.13075979800586],[20.51258376559375,46.176803194001955],[20.83824828585742,46.19802054019336],[21.00061515292285,46.270274721101565],[21.339722666350585,46.525245271638674],[21.62300399264453,46.90352972598438],[22.05867293795703,47.55636938662891],[22.3200121255791,47.74009283633594],[22.82629683932422,47.86007269473438],[23.02892783602832,48.012225709871096],[23.090203318206054,48.05048330874805],[23.444392237273437,47.99612387271289],[23.55292037448047,48.044471345857424],[23.983685526458007,47.957503877595705],[24.043796223426902,47.95392466347582],[24.20902798028015,47.94408615108111]]]]}},{"type":"Feature","properties":{"name":"Czechoslovakia","subject":"Czechoslovakia","partOf":"Czechoslovakia","borderPrecision":3,"color":"#739b91"},"geometry":{"type":"MultiPolygon","coordinates":[[[[22.530689318599666,49.01079471358621],[22.756095638914953,49.01079471358621],[22.92890818275591,48.751575897824765],[23.274533270437832,48.630607117136094],[23.32637703359012,48.786138406592954],[23.63743961250385,48.61332586275199],[23.63743961250385,48.47507582767923],[23.77568964757662,48.509638336447416],[23.8620959194971,48.31954453822236],[23.965783445801677,48.354107046990556],[24.043796223426902,47.95392466347582],[23.983685526458007,47.957503877595705],[23.55292037448047,48.044471345857424],[23.444392237273437,47.99612387271289],[23.090203318206054,48.05048330874805],[23.02892783602832,48.012225709871096],[22.7239427896416,48.186141572908205],[22.474713358489257,48.2761188373125],[22.174159082976562,48.41149099917774],[22.09947112521289,48.40459021182422],[21.816264185515625,48.37044485659961],[21.62014106234668,48.43464621158008],[21.379544291106445,48.59650381656055],[20.901715311614257,48.580916963533205],[20.579073938933593,48.5595775470293],[20.118067774382812,48.21782644839649],[19.92614463290332,48.18953665347461],[19.66031554659961,48.221881471589846],[19.436102900115234,48.194598756746096],[19.093541178313476,48.13406714053516],[18.97896674594043,48.13345678897266],[18.828471216765625,47.87797125430469],[18.085612330046875,47.89397390933399],[17.8991136880791,47.9060016498125],[17.621508631316406,47.98272665591602],[17.441786799041015,48.05999334903125],[17.331217798796875,47.99467810244922],[16.988965067473632,48.24063452334766],[16.919251474944335,48.357684694246096],[16.962897333708984,48.61903341861133],[16.9387865396416,48.66104467959766],[16.914334330168945,48.70365484805469],[16.669154200164062,48.79378470034961],[16.06963065585254,48.712195955232424],[15.611516031829101,48.81425055117969],[14.993143114653808,48.96778830142383],[14.657484087554199,48.61972387881641],[14.38850978335498,48.54647787661914],[14.170937571135742,48.59099920840625],[14.011806521025878,48.64891394229297],[13.946682962981445,48.655101381257815],[13.745481524077636,48.9399486407793],[13.652069124785644,48.956100069001955],[13.578151735869628,49.03689154239063],[13.479734453765136,48.999183259919924],[13.39694312533496,49.08953436465625],[13.20311168154834,49.16617163272266],[12.945256266204101,49.39791830630664],[12.860805544463378,49.36557348819141],[12.64577582797168,49.48458441348438],[12.536298784819824,49.56257589908008],[12.519705805388671,49.66758307071094],[12.448309931365234,49.70614584536914],[12.484350237456542,49.88884695620899],[12.554163012114746,50.00162085147266],[12.368390116301757,50.045638643220705],[12.252341303435546,50.215892396882815],[12.2353592248833,50.24080618472461],[12.34475043734668,50.31673773379688],[12.461618456450683,50.39812429995899],[12.593851122466308,50.383563600496096],[12.783669504729492,50.474105440095705],[12.98234466036914,50.474105440095705],[13.01750091036914,50.5555492267168],[13.189395937529785,50.560977540925784],[13.232996019927246,50.663768373445315],[13.394154581633789,50.69134481997852],[13.47326377352832,50.65874060244922],[13.524158510771972,50.75654562564258],[13.85478118380664,50.76741751284961],[13.910657915679199,50.843509279207034],[14.146485361663085,50.86525686831836],[14.274748835173828,50.908755861238284],[14.388769182769042,50.94682653994922],[14.261660608855468,51.04473837466602],[14.45779803713916,51.07738455386524],[14.596383127776367,51.02297552676563],[14.610322985259277,50.89788015933399],[14.764811548796875,50.86525686831836],[14.828880343047363,50.91691168399219],[14.997266802397949,50.91691168399219],[15.008268389312011,50.98489340396289],[14.980959925261718,51.017535768464846],[15.009285959807617,51.055621705964846],[15.171886477080566,51.063785158113284],[15.26701262911914,51.02297552676563],[15.308753046599609,50.90603598208789],[15.472163233367187,50.832637392],[15.56279948672412,50.82128866763477],[15.81834319552539,50.79730948062305],[15.87748626193164,50.71578940005664],[16.00293258151172,50.732093416169924],[16.00085738619922,50.65602072329883],[16.21020797213672,50.685908876375],[16.23778441866992,50.71578940005664],[16.35314658602832,50.70491751284961],[16.442826304045898,50.623431764558596],[16.39859107455371,50.56911810489063],[16.30474570712207,50.55826147647266],[16.204402002898437,50.46324881167774],[16.451422724333984,50.35200461001758],[16.584954294768554,50.18115194888477],[16.728022608367187,50.148624025300784],[16.82705787142871,50.232669435457034],[17.01153281649707,50.286902986482424],[16.884440455046875,50.42254599185352],[16.885588678923828,50.48769339175586],[17.014424357024414,50.476825319246096],[17.243329081145507,50.38998755069141],[17.35974601229785,50.33572348208789],[17.678759607878906,50.338267885164065],[17.597117457,50.21097906680469],[17.745572123137695,50.248939119294924],[17.74470809420703,50.13507040591602],[17.750657114592773,50.03597601504688],[17.882494959441406,50.030109010652346],[18.048035654631835,50.102550111726565],[18.18776801547168,50.02125509829883],[18.548720392791015,49.96172674746875],[18.53995612582324,49.849979005769534],[18.624680552092773,49.75661429019336],[18.79631522616504,49.71344717593555],[18.84419539889453,49.56454046817188],[18.97212508639453,49.54621084781055],[18.986033472625,49.44375189395313],[19.17931273898242,49.46532019229297],[19.261565241423828,49.573184572175784],[19.348418268767578,49.566173158601565],[19.376227411833984,49.616344057039065],[19.49343970736621,49.627120576814455],[19.58110526522754,49.519244752839846],[19.613717112151367,49.443255983308596],[19.762906107512695,49.45453604312305],[19.792792353240234,49.3736644610918],[19.780903849211914,49.33592947574024],[19.782160791960937,49.244300447419924],[19.957100901213867,49.28203543277149],[20.038085016814453,49.22814138980274],[20.105381998625976,49.288863740876955],[20.152379068938476,49.36827810855274],[20.403084787932617,49.45992621035938],[20.478842768279296,49.43480261416797],[20.696087870208007,49.45559271426563],[20.903170618621093,49.34132345767383],[21.071120295134765,49.422183595613284],[21.10421088656543,49.48392065616016],[21.33275321444629,49.465518556550784],[21.585009607878906,49.49957998843555],[21.642890009490234,49.44101294131641],[21.95915893038867,49.357493959382815],[22.005814585295898,49.26047094912891],[22.196431192961914,49.215037904695315],[22.570443186370117,49.06668051333789],[22.530689318599666,49.01079471358621]]]]}},{"type":"Feature","properties":{"name":"South Russia","subject":"South Russia","partOf":"South Russia","borderPrecision":3,"color":"#739b91"},"geometry":{"type":"MultiPolygon","coordinates":[[[[33.52794555148242,46.134063325837886],[33.83908370455859,46.19305380435351],[33.839083704558604,46.19305380435351],[34.1272573800957,46.06389959903125],[35.00805190524218,45.6119457110918],[35.031897577849605,45.53427466006641],[34.99001220187304,45.450015626863284],[35.063418421355465,45.340098939851565],[35.31667617282031,45.32118185611133],[35.54621795138476,45.379893861726565],[35.84976485690234,45.445228181794924],[36.32316497286914,45.43969687075977],[36.52104857882617,45.38828619571094],[36.41513350924609,45.27157171817188],[36.3671141000664,45.161483369783205],[36.26475432833789,45.09658773990039],[36.0046987863457,45.04433401675586],[35.865454706755855,45.03111990542774],[35.59955504855273,45.10174139590625],[35.386660608855465,45.08192404361133],[35.0673208566582,44.86172445865039],[34.61416152438281,44.841468416169924],[34.3722410531914,44.75717505069141],[34.13495543917773,44.53749807925586],[34.01372436007617,44.49212225528125],[33.66015532931445,44.523658357576174],[33.39549544772265,44.60049017520313],[33.55937865695117,44.93613775821094],[33.516673121062496,45.12350805850391],[33.39787200411914,45.2526813373125],[33.013491663542965,45.38137014956836],[32.92628768405078,45.387672029451174],[32.64344695529101,45.380633912996096],[32.57530120333789,45.36108358950977],[32.50324157199023,45.44510229678516],[32.902258905974605,45.67258032412891],[33.19164946993945,45.78977545352344],[33.539458307830074,45.874713502839846],[33.63883880099414,45.92677267642383],[33.52794555148242,46.134063325837886]]]]}},{"type":"Feature","properties":{"name":"Georgia","subject":"USSR","partOf":"Georgia","borderPrecision":3,"color":"#b3a46e"},"geometry":{"type":"MultiPolygon","coordinates":[[[[40.09806350192187,43.37755163760547],[40.14862731417773,43.51660116763477],[40.265635523406246,43.59106405825977],[40.393286738005855,43.56978949160938],[40.42519668063281,43.54851492495899],[40.60603240450976,43.53787573428516],[40.80813888033984,43.527240358308596],[40.93578628024218,43.484691225007815],[41.06343749484179,43.42086752505664],[41.148535761443355,43.37831839175586],[41.23363402804492,43.35704382510547],[41.38255599459765,43.35704382510547],[41.47828963717578,43.35704382510547],[41.57402709445117,43.28258093448047],[41.69103530367968,43.24003180117969],[41.829321894255855,43.20812185855274],[41.98888305148242,43.186847291902346],[42.127165827361324,43.186847291902346],[42.31863692721484,43.22939642520313],[42.563296351042965,43.22939642520313],[42.74413207491992,43.15493353457813],[42.82923034152148,43.15493353457813],[42.956877741423824,43.17620810122852],[43.11643508395312,43.101749025300784],[43.15898803195117,43.03792532534961],[43.28663543185351,42.94218786807422],[43.52065566500781,42.88899954409961],[43.680213007537105,42.85708960147266],[43.78658584078906,42.80390127749805],[43.92487243136523,42.750716768220705],[43.86104873141406,42.697528444246096],[43.83977416476367,42.64434393496875],[43.95678618868945,42.59115561099414],[44.052519831267574,42.55924566836719],[44.169531855193355,42.612430177644534],[44.2971792550957,42.612430177644534],[44.37163833102343,42.686893068269534],[44.414187464324215,42.729442201570315],[44.509924921599605,42.76135214419727],[44.6694822641289,42.76135214419727],[44.78649428805468,42.729442201570315],[44.871592554656246,42.66561850161914],[44.93541625460742,42.74007757754688],[44.9779653879082,42.771991334871096],[45.03115371188281,42.771991334871096],[45.13752654513476,42.71880301089649],[45.20135024508593,42.676253877595705],[45.29708388766406,42.676253877595705],[45.38218596896289,42.62306936831836],[45.47791961154101,42.54860647769336],[45.64811614474414,42.54860647769336],[45.8076773019707,42.5379711017168],[45.86086181124804,42.47414740176563],[45.8076773019707,42.389049135164065],[45.75448897799609,42.25076254458789],[45.91405013522265,42.12311514468555],[46.041697535124996,42.04865225406055],[46.15870955905078,42.00610312075977],[46.28635695895312,41.98482855410938],[46.392729792205074,41.995467744783205],[46.49910262545703,41.96355398745899],[46.55577758273242,41.878455720857424],[46.435278925505855,41.79335745425586],[46.37145522555468,41.72953375430469],[46.3289060922539,41.69762381167774],[46.392729792205074,41.580611787751955],[46.4884634347832,41.442325197175784],[46.76503661593554,41.36786612124805],[46.81822112521289,41.27212866397266],[46.775671991912105,41.123206697419924],[46.66929915866015,41.08065756411914],[46.5629263254082,41.05938299746875],[46.44591430148242,41.144481264070315],[46.382090601531246,41.176395021394534],[46.29699233492968,41.187030397371096],[46.16934493502734,41.165755830720705],[45.88213637789843,41.25085409732227],[45.79703811129687,41.34659155459766],[45.64811614474414,41.43168982119922],[45.43537047824023,41.442325197175784],[45.32899764498828,41.442325197175784],[45.14101317843554,41.30404242129688],[45.00987914523242,41.261493287996096],[44.83968261202929,41.240218721345705],[44.57374862155078,41.197669588044924],[44.30781463107226,41.218944154695315],[44.126982721892574,41.165755830720705],[43.93551162203906,41.15512045474414],[43.79722503146289,41.11257132144336],[43.658938440886715,41.123206697419924],[43.489268335906246,41.07472952456836],[43.47533706149218,41.08736761660938],[42.87842467745898,41.54550512881641],[42.69377807101367,41.5637164935625],[42.35151961764453,41.40158041568164],[42.25010970553515,41.368968568757815],[42.02903655490039,41.39981039615039],[41.48396209200976,41.436542116121096],[41.52111342867968,41.46583517642383],[41.666113886443355,41.72915228457813],[41.6804685922539,41.793338380769534],[41.65183547457812,42.120643220857424],[41.502722773162105,42.608478151277346],[41.40974334200976,42.78824194522266],[41.12255385836718,43.019088350251955],[40.969336542693355,43.07665976138477],[40.55709365328906,43.14658697696094],[40.251616510955074,43.268184267],[40.09806350192187,43.37755163760547]]]]}},{"type":"Feature","properties":{"name":"Iran","subject":"Iran","partOf":"Iran","borderPrecision":3,"color":"#739b91"},"geometry":{"type":"MultiPolygon","coordinates":[[[[44.78417113741992,37.270370088533205],[44.66005996188281,37.28615912051563],[44.47119048556445,37.45463141055469],[44.42675307711718,37.64417990298633],[44.491763147917965,37.754344545320315],[44.300913843718746,37.80425222964649],[44.20520690402148,37.8674274310625],[45.06317012903871,37.91412418066838],[45.204635318181445,38.16876152112532],[45.020730572295875,38.21120107786815],[45.408782038298824,39.02770193667774],[45.559458765593746,38.932906709626955],[45.749243769255855,38.87657888980274],[45.97950652560351,38.86510428042774],[46.1666746469414,38.88207968325977],[46.28053954562304,38.822146974519534],[46.28439620455859,38.822452150300784],[46.45406249484179,38.835860811189455],[48.05175689181445,38.687110506013674],[48.220225367156246,38.63969000430469],[48.38041594943164,38.44475134463672],[48.501048121062496,38.452010713533205],[48.824954065886715,38.3095775470293],[48.83150771578906,38.306312166169924],[48.80918792208789,37.98856695742969],[48.744780573455074,37.72701605410938],[48.837229761687496,37.51097448916797],[49.05953124484179,37.397559724763674],[49.475806269255855,37.291610322908205],[49.84801391085742,37.26821478457813],[50.03871444186328,37.22470434756641],[50.11132338961718,37.097755037263674],[50.25221160372851,36.894786439851565],[50.56095412692187,36.68642767520313],[51.4170408578789,36.455691896394534],[51.79552367648242,36.432349763826174],[51.993052515593746,36.45890387149219],[52.60216430148242,36.576881013826174],[53.139014277068355,36.64352758975391],[53.79965499362109,36.67903860659961],[53.98448852023242,36.78191336245899],[54.06743911227343,36.94152411075],[54.008704218474605,37.34868963809375],[54.015112909880855,37.34832724185352],[54.21389296969531,37.337100587800784],[54.466582331267574,37.39581259341602],[54.6760855050957,37.53070028872852],[54.95576384982226,37.82522924991016],[55.16967299899218,37.972919069246096],[55.35565856417773,38.03765066714649],[55.62962630709765,38.05191382022266],[55.98069671115039,38.034747682527346],[56.13091186007617,38.04833181949024],[56.363257441130855,38.202498994783205],[56.517310175505855,38.260692201570315],[56.75084975680468,38.23650320620899],[57.225466761199215,38.18818625064258],[57.40650847872851,37.99171408267383],[57.72487929782031,37.878829561189455],[58.09498885592578,37.728030763582034],[58.44981292208789,37.698165498689455],[58.674895319548824,37.67394217105274],[58.9716062875664,37.59917028994922],[59.240481409636715,37.44784124942188],[60.05139831027148,36.83485373111133],[60.34631255587695,36.60736807437305],[60.65985778292773,36.60276373477344],[61.01400283297656,36.63655813784961],[61.09687713107226,36.54155691714649],[61.1140737863457,36.15988119693164],[61.11867812594531,35.90544470401172],[61.186247858611324,35.59415014834766],[61.221343073455074,35.581615053132815],[61.15630629977343,35.47314413638477],[61.11872771700976,35.3203082904375],[61.00771621188281,34.95730551333789],[60.787024530974605,34.384776674226565],[60.68726256808398,34.25091513247852],[60.41922286471484,34.07801779361133],[60.41223815402148,34.01450689883594],[60.46580794772265,33.716441713289065],[60.50892547091601,33.672252260164065],[60.84135344943164,33.566207490876955],[60.8530874582207,33.48375662417774],[60.555369410124996,33.063094697908205],[60.54009536227343,32.993175111726565],[60.654212030974605,32.50499304385547],[60.72947982272265,31.92770918460254],[60.79381469210742,31.578881822541994],[60.88004973849414,31.48415144534473],[60.97412017306445,31.465636812166018],[61.51323607882617,31.341720186189455],[61.69356826266406,31.266557298616213],[61.75819304904101,31.10186155887012],[61.77916625460742,30.9051528796709],[61.587805780974605,30.65645559878711],[61.20433715304492,30.298715196565432],[60.82045653781054,29.833345018342776],[61.18114760836718,29.346154771760744],[61.50095656832812,28.86539801211719],[61.65926650485156,28.656762681916994],[61.97238448580859,28.480758272126955],[62.486819300261715,28.305913530305666],[62.67098144015429,28.205365739778323],[62.74660018405078,28.03434904666309],[62.79671004733203,27.43137701602344],[62.87982848605273,27.254054628328127],[63.17317107638476,27.230338655427737],[63.25704101046679,27.10381468387012],[63.240542444792965,26.665551744416994],[63.15620330294726,26.550750337556643],[63.06232360324023,26.51845511050586],[62.61229232272265,26.48410566897754],[62.29843429049609,26.36798246951465],[61.94130996188281,26.15635260196094],[61.81273940524218,25.9841323718584],[61.67348006686328,25.627675615266604],[61.65140822848437,25.468776308015627],[61.56996444186328,25.03957136721973],[61.34399321993945,25.026860795930666],[60.85827544650195,25.095714174226565],[60.75223067721484,25.18442877383594],[60.479590448943355,25.29820593448047],[60.29817870577929,25.32323607058887],[59.65458587130664,25.321876131013674],[59.302092585173824,25.34019621463184],[59.03145888766406,25.307866655305666],[58.81800750216601,25.478932939485354],[58.74442580660937,25.535960756257815],[58.36867812594531,25.54787977786426],[58.10963729342578,25.54732283206348],[57.900454554167965,25.540891252473635],[57.805090937224605,25.64833029361133],[57.464880976287105,25.70479353518848],[57.32798293551562,25.787087999299807],[57.254771265593746,25.793286882356448],[57.24507049044726,26.018462739900393],[57.112402948943355,26.076190553621096],[57.06634047946093,26.30746801944141],[56.93497756442187,26.464543901399416],[56.929087671843746,26.75186689944629],[56.79043105563281,26.97391279788379],[56.68355086764453,26.96835669131641],[56.66781905612109,27.049895845369143],[56.43094924410937,27.106566987947268],[56.06776717623828,27.11216887088184],[55.89973357638476,27.10480459781055],[55.80531981906054,27.005092225984377],[55.65757277926562,26.996945939973635],[55.42489913424609,26.96310766787891],[55.34008696993945,26.79935225100879],[55.09812835177539,26.73744162173633],[54.92553237399218,26.53802641482715],[54.75987533053515,26.41062506289844],[54.6460562082207,26.39131888003711],[54.064944300261715,26.70138319583301],[53.63393691500781,26.74793966861133],[53.380679163542965,26.909589372590823],[52.89083388766406,27.052323900178713],[52.77987197360156,27.187848649934573],[52.63377669772265,27.314601503328127],[52.41038802584765,27.580957017854494],[51.961550745574215,27.776948533967776],[51.698863062468746,27.81452139468555],[51.611304316130855,27.82704123111133],[51.350134882537105,28.0361343249834],[51.08225921115039,28.512019716218752],[50.796755823699215,29.01329382510547],[50.702456507292965,29.133781038240237],[50.704722437468746,29.40060766787891],[50.359839472380855,29.74293478579883],[50.1323728891289,30.06642874331836],[49.71784881075976,30.002053819612307],[49.51097396334765,30.020675264314455],[49.45236495455859,30.07772596927051],[49.321360621062496,30.102862916902346],[49.235083613005855,30.223380647615237],[49.2222280832207,30.47745855899219],[49.020171198455074,30.43257101626758],[48.94572356661914,30.387942872957034],[48.8013296457207,30.08272513003711],[48.713843378630855,29.99996145816211],[48.5536489816582,29.99462278933887],[48.54736236056445,30.048701845125002],[48.38981536349414,30.149411760286135],[48.08126357516406,30.395333848909182],[48.11039260348437,30.49075850100879],[48.106963190642574,30.668550096467776],[48.033457789031246,30.87770804019336],[47.93673232516406,30.883508287385744],[47.68874648532031,30.882104478791994],[47.67329314669726,31.0280776843584],[47.6981687875664,31.28859480471973],[47.786936792937496,31.568513475374026],[47.793040308562496,31.797170244172854],[47.74243834933398,31.90484007449512],[47.61200622042773,32.03110846133594],[47.2636099191582,32.30219229312305],[47.067576441374996,32.39632757754688],[46.508486780730465,32.81228216739063],[46.26843169650195,32.823627077058596],[46.12398436984179,32.77201422305469],[46.089934382048824,32.84167440982227],[46.105105433074215,33.21007116885547],[45.64643767794726,33.639293275789065],[45.50621322116015,33.797252260164065],[45.505007776824215,33.87979467959766],[45.56502059420703,34.27382620425586],[45.67085174044726,34.61730917544727],[46.18439391574023,35.05844458194141],[45.99489882907031,35.40087088199024],[46.00066283663867,35.515426240876955],[46.21102050265429,35.7838207110918],[45.73042205294726,35.832042299226565],[45.38811400851367,35.925574861482424],[45.358653101531246,36.014503084138674],[45.10513595065234,36.50318869204883],[44.79458907565234,37.13180502505664],[44.78417113741992,37.270370088533205]]]]}},{"type":"Feature","properties":{"name":"Armenia","subject":"USSR","partOf":"Armenia","borderPrecision":3,"color":"#b3a46e"},"geometry":{"type":"MultiPolygon","coordinates":[[[[44.669585260955074,39.75698813052539],[44.78302672824023,39.66830786319141],[44.90211776217578,39.49677237124805],[45.0287351938164,39.30899389834766],[45.27645019015429,39.20884283633594],[45.408782038298824,39.02770193667774],[45.020730572295875,38.21120107786815],[45.204635318181445,38.16876152112532],[45.06317012903871,37.91412418066838],[44.20520690402148,37.8674274310625],[41.356782173498786,37.82924506718273],[40.86165401149918,38.05558936981112],[40.196767622528284,38.26778715352524],[39.35078980078583,39.07146608418057],[39.347976487671815,39.07413873163889],[38.87874702483161,40.97887310348781],[39.13864425143359,41.0443187579668],[39.3701773019707,41.06399878116016],[39.66300490817187,41.0004955157793],[40.00671294650195,40.95632895083789],[40.36101439913867,40.963443361238284],[40.609892878142574,41.028026185945315],[41.29311660250781,41.28582342715625],[41.48396209200976,41.436542116121096],[42.02903655490039,41.39981039615039],[42.25010970553515,41.368968568757815],[42.35151961764453,41.40158041568164],[42.69377807101367,41.5637164935625],[42.87842467745898,41.54550512881641],[43.47533706149218,41.08736761660938],[43.489268335906246,41.07472952456836],[43.84727004489062,40.74996527285938],[43.85885909518359,40.66039236636524],[43.66971877535937,40.2945514545],[43.68453124484179,40.109115205720705],[43.81239226779101,40.01388128848438],[44.44808104952929,39.95989187808399],[44.669585260955074,39.75698813052539]]]]}},{"type":"Feature","properties":{"name":"Azerbaijan","subject":"USSR","partOf":"Azerbaijan","borderPrecision":3,"color":"#b3a46e"},"geometry":{"type":"MultiPolygon","coordinates":[[[[46.45406249484179,38.835860811189455],[46.28439620455859,38.822452150300784],[46.28053954562304,38.822146974519534],[46.1666746469414,38.88207968325977],[45.97950652560351,38.86510428042774],[45.749243769255855,38.87657888980274],[45.559458765593746,38.932906709626955],[45.408782038298824,39.02770193667774],[45.27645019015429,39.20884283633594],[45.0287351938164,39.30899389834766],[44.90211776217578,39.49677237124805],[44.78302672824023,39.66830786319141],[44.669585260955074,39.75698813052539],[44.44808104952929,39.95989187808399],[43.81239226779101,40.01388128848438],[43.68453124484179,40.109115205720705],[43.66971877535937,40.2945514545],[43.85885909518359,40.66039236636524],[43.84727004489062,40.74996527285938],[43.489268335906246,41.07472952456836],[43.658938440886715,41.123206697419924],[43.79722503146289,41.11257132144336],[43.93551162203906,41.15512045474414],[44.126982721892574,41.165755830720705],[44.30781463107226,41.218944154695315],[44.57374862155078,41.197669588044924],[44.83968261202929,41.240218721345705],[45.00987914523242,41.261493287996096],[45.14101317843554,41.30404242129688],[45.32899764498828,41.442325197175784],[45.43537047824023,41.442325197175784],[45.64811614474414,41.43168982119922],[45.79703811129687,41.34659155459766],[45.88213637789843,41.25085409732227],[46.16934493502734,41.165755830720705],[46.29699233492968,41.187030397371096],[46.382090601531246,41.176395021394534],[46.44591430148242,41.144481264070315],[46.5629263254082,41.05938299746875],[46.66929915866015,41.08065756411914],[46.775671991912105,41.123206697419924],[46.81822112521289,41.27212866397266],[46.76503661593554,41.36786612124805],[46.4884634347832,41.442325197175784],[46.392729792205074,41.580611787751955],[46.3289060922539,41.69762381167774],[46.37145522555468,41.72953375430469],[46.435278925505855,41.79335745425586],[46.55577758273242,41.878455720857424],[46.658659967986324,41.88909491153125],[46.66929915866015,41.81463202090625],[46.76503661593554,41.83590658755664],[46.850134882537105,41.83590658755664],[46.91395858248828,41.75080832095508],[47.12670424899218,41.62316092105274],[47.169253382292965,41.56997641177539],[47.22243789157031,41.56997641177539],[47.35008529147265,41.442325197175784],[47.35008529147265,41.30404242129688],[47.61601928195117,41.261493287996096],[47.81812957247851,41.197669588044924],[47.98832610568164,41.218944154695315],[48.06278518160937,41.31467779727344],[48.20107177218554,41.463599763826174],[48.32871917208789,41.506148897126955],[48.55210402926562,41.633800111726565],[48.683238062468746,41.83590658755664],[48.89249709567187,41.68698462100391],[48.998869928923824,41.516788087800784],[49.115881952849605,41.43168982119922],[49.24352935275195,41.29340323062305],[49.28607848605273,41.05938299746875],[49.3499021860039,40.9530101642168],[49.477549585906246,40.836001954988284],[49.60519698580859,40.761539064363284],[49.60519698580859,40.687076173738284],[49.80730346163867,40.58070334048633],[50.02005294283984,40.60197790713672],[50.190249476042965,40.57006796450977],[50.31789687594531,40.49560507388477],[50.42426970919726,40.410506807283205],[50.46681884249804,40.32540854068164],[50.46681884249804,40.26158484073047],[50.30725768527148,40.32540854068164],[50.12642577609179,40.346683107332034],[50.0306883188164,40.346683107332034],[49.91368010958789,40.32540854068164],[49.849856409636715,40.2722240314043],[49.66902068575976,40.24031027408008],[49.57328322848437,40.17648657412891],[49.55200866183398,40.091388307527346],[49.54137328585742,39.87864264102344],[49.48818496188281,39.76163061709766],[49.44563582858203,39.655257783845705],[49.403086695281246,39.48506125064258],[49.49882415255664,39.37868841739063],[49.48818496188281,39.293590150789065],[49.381812128630855,39.32550009341602],[49.339262995330074,39.28295096011524],[49.30735305270312,39.1340289935625],[49.2754392953789,39.01702078433399],[49.22225478610156,39.03829535098438],[49.17970565280078,39.14466818423633],[49.115881952849605,39.18721731753711],[49.041419062224605,39.14466818423633],[49.020144495574215,39.00638159366016],[49.05205825289843,38.931922517732424],[48.998869928923824,38.878734193757815],[48.945681604949215,38.836185060457034],[48.988230738249996,38.71917685122852],[48.824954065886715,38.3095775470293],[48.501048121062496,38.452010713533205],[48.38041594943164,38.44475134463672],[48.220225367156246,38.63969000430469],[48.05175689181445,38.687110506013674],[46.45406249484179,38.835860811189455]]]]}},{"type":"Feature","properties":{"name":"Germany","subject":"Germany","partOf":"Germany","borderPrecision":3,"color":"#b47c6f"},"geometry":{"type":"MultiPolygon","coordinates":[[[[14.205406221953613,53.81320532412891],[14.145425829497558,53.826453767732424],[14.068350824919921,53.84347494693164],[14.028717074004394,53.865481935457034],[13.827770266143066,53.8297191485918],[13.777402910796386,53.94862326236133],[13.778410944548828,54.04440649600391],[14.069946322051269,53.917769990876955],[14.17416766604541,53.90676077456836],[14.205406221953613,53.81320532412891]]],[[[14.33385947665332,53.8297191485918],[14.24789527377246,53.815963350251955],[14.22724154910205,53.90951117129688],[14.305262598601562,53.91501959414844],[14.424838099089843,53.91501959414844],[14.472936663237792,53.87677725406055],[14.459070238677246,53.81871374698047],[14.33385947665332,53.8297191485918]]],[[[8.412250551787597,47.60370596499805],[8.2530594201958,47.59443625064258],[8.127995524016601,47.64388235659961],[7.872660669890625,47.572799287751955],[7.751046690551025,47.616065584138674],[7.628408941832763,47.56352957339649],[7.506581816283447,47.60370596499805],[7.445963415709716,47.70879324527149],[7.543118509856445,48.02423056216602],[7.502136263457519,48.058272920564455],[7.536028418151123,48.19133719058399],[7.68064263781665,48.358523927644534],[7.704579386321289,48.519576631501955],[7.729077848998291,48.615619264558596],[8.15829566439746,48.97834738345508],[7.885707888213378,49.06520804019336],[7.670458349791748,49.05900915713672],[7.465429815856201,49.09933432193164],[7.422812018004638,49.183108888582034],[7.317378077117187,49.18621405215625],[7.284997973052246,49.164493165925784],[6.974740538207275,49.13656958194141],[6.954413923827392,49.20173605533008],[6.77724269351123,49.17690237613086],[6.625501665679199,49.30178793521289],[6.433043036071044,49.445331178621096],[6.3994536729729,49.60418661685352],[6.511355433074218,49.668929658845705],[6.530922445861084,49.79842718692188],[6.321478399840576,49.84161337466602],[6.136599573699218,49.981978975251955],[6.108513388243896,50.11745413394336],[6.298354181853515,50.286868654207034],[6.28142503222583,50.49760016055469],[6.154545816985351,50.66175802798633],[5.999575647917968,50.74159964175586],[6.073926481810791,50.866614900544924],[6.009666475859863,50.964496217683596],[5.927895102111084,50.98081549258594],[5.964243445006591,51.024337373689455],[6.070175680724365,51.084186159089846],[6.176207575408203,51.1440502032793],[6.089237246123535,51.19848593325977],[6.179620298949462,51.322330079988284],[6.222278151122314,51.389102540925784],[6.153822455016357,51.52067144961719],[6.1168608995354,51.63985785098438],[5.947897944060546,51.72167166324024],[5.979368242827636,51.80352743716602],[6.13267425021289,51.83843573184375],[6.211378130522949,51.87994345279102],[6.381445440856201,51.81990011783008],[6.680369410125,51.88775213809375],[6.82461646517871,51.95638617129688],[6.882234129515869,52.12573202700977],[7.067718062010986,52.21864279361133],[7.069026503173095,52.366283021882815],[6.996851477233154,52.442874513582034],[6.911921534148437,52.41551931949024],[6.713568243590576,52.47569998355274],[6.726836237517578,52.558333955720705],[6.778090509978515,52.639930330232424],[7.034791025725585,52.62350424380664],[7.072895083037597,52.804263673738284],[7.228004488555175,52.96671637149219],[7.159938845244628,53.16400106997852],[7.189745459166748,53.230140291169924],[6.980709108916503,53.3166576251543],[7.03733209094165,53.51014669986133],[7.165639433470947,53.591670595125],[7.332391771880371,53.60442694278125],[7.836380991545898,53.63209494204883],[7.968539270964843,53.63753470034961],[8.011022600737792,53.565692506746096],[8.098732981291992,53.44393499942188],[8.029082331267578,53.37264975161914],[8.174986872283203,53.32174261660938],[8.241933855620605,53.3522907123125],[8.260771784392578,53.438846193269534],[8.189001116362792,53.530520997957034],[8.30565074404834,53.52543219180469],[8.501803431121093,53.44902762027149],[8.42865756472705,53.61204870791797],[8.539542231169921,53.80068167300586],[8.848478350249511,53.749679170564455],[9.125039133635742,53.790477357820315],[8.857097658721191,53.866988740876955],[8.818971666899902,53.969039522126955],[8.946340593901855,54.014972291902346],[8.832654032317382,54.066016756013674],[8.778787645903808,54.132403932527346],[8.853296312895996,54.168155275300784],[8.884012255278808,54.229449830964846],[8.580725702849609,54.19368704409961],[8.553946528044921,54.27543982119922],[8.852422747222167,54.331649385408205],[8.950601610747558,54.418555818513674],[8.742068323699218,54.60780294986133],[8.595986399260742,54.76135214419727],[8.616097483245117,54.88736303897266],[8.668599161711914,54.88034018130664],[8.81858111403023,54.89084545610566],[8.850276749999963,54.87631825000007],[9.178610250000034,54.83117875000009],[9.410277250000078,54.838539],[9.545277750000096,54.898399],[9.567068497358305,54.90205941127411],[9.610262903777343,54.880042634919924],[9.618444047655922,54.875093946541575],[9.61861,54.87353475000012],[9.649720750000085,54.84839600000012],[9.670790037988283,54.843430404394475],[9.864443811980468,54.72629126162891],[9.986687693206054,54.592444978669924],[9.978010210601074,54.49014624209766],[9.864808115569335,54.41139944644336],[10.06492808779834,54.43389471621875],[10.141728434172851,54.33675345034961],[10.21287730654834,54.37191732974414],[10.340239557830078,54.362315736726565],[10.445974382964355,54.29203375430469],[10.648594889250976,54.258975587800784],[11.03860572299121,54.313251100496096],[11.0730057092583,54.21963080020313],[11.041366610137207,54.15269812198047],[11.01588729342578,54.096656404451174],[10.716716799346191,53.963931642488284],[10.858920130339843,53.87718542666797],[11.15137771090625,53.93841513247852],[11.202488932219726,53.85678442569141],[11.407822641936523,53.859290681794924],[11.565019640532714,54.035384736970705],[12.04107383212207,54.096656404451174],[12.311884913054687,54.201942048982424],[12.652518305388671,54.32142599673633],[12.764800104705078,54.270328126863284],[12.943138155547363,54.34698446841602],[13.025811228362304,54.265216432527346],[13.06376555880664,54.19368704409961],[13.349167856780273,54.063487611726565],[13.431016001311523,54.03024633975391],[13.667614969817382,54.08416708560352],[13.737782511321289,54.03028830142383],[13.764326128569824,53.87718542666797],[13.780499491301757,53.77517660708789],[13.850170168486816,53.72928961367969],[14.009740862456542,53.67320974917774],[14.17686370333789,53.68340643496875],[14.189576181975585,53.624793611482424],[14.280191454497558,53.61341818423633],[14.433155092803222,53.594214998201174],[14.537060770598632,53.538165651277346],[14.495303186980468,53.624793611482424],[14.565300974456054,53.6935993060625],[14.55694011172412,53.75988348575],[14.482524904814941,53.81853064151172],[14.472936663237792,53.87677725406055],[14.467412027922851,53.910350404695315],[14.885758432952148,53.979564271882815],[15.07968238314746,54.00251730533008],[15.311689409819824,54.071002565339846],[15.89836028536914,54.128402315095705],[16.114680323210937,54.19960745425586],[16.473248514739257,54.4150348529375],[16.9759016366875,54.54930838199024],[17.657612833586914,54.685462556794924],[18.279448542205078,54.72412069888477],[18.299497234635083,54.716281906351476],[17.608260725950945,53.81731995087709],[17.71610882869027,53.66633260704204],[16.723906283488464,53.127092093345404],[16.292513872531156,53.14866171389327],[16.314083493079025,52.48000347690944],[16.42193159581835,52.26430727143079],[16.939602488967118,52.09175030704787],[17.54355186430735,52.09175030704787],[17.759248069786,51.59564903444696],[18.14750123964758,51.40152244951617],[18.55732403005702,50.43088952486223],[18.267882504738814,50.00804259791558],[18.18776801547168,50.02125509829883],[18.048035654631835,50.102550111726565],[17.882494959441406,50.030109010652346],[17.750657114592773,50.03597601504688],[17.74470809420703,50.13507040591602],[17.745572123137695,50.248939119294924],[17.597117457,50.21097906680469],[17.678759607878906,50.338267885164065],[17.35974601229785,50.33572348208789],[17.243329081145507,50.38998755069141],[17.014424357024414,50.476825319246096],[16.885588678923828,50.48769339175586],[16.884440455046875,50.42254599185352],[17.01153281649707,50.286902986482424],[16.82705787142871,50.232669435457034],[16.728022608367187,50.148624025300784],[16.584954294768554,50.18115194888477],[16.451422724333984,50.35200461001758],[16.204402002898437,50.46324881167774],[16.30474570712207,50.55826147647266],[16.39859107455371,50.56911810489063],[16.442826304045898,50.623431764558596],[16.35314658602832,50.70491751284961],[16.23778441866992,50.71578940005664],[16.21020797213672,50.685908876375],[16.00085738619922,50.65602072329883],[16.00293258151172,50.732093416169924],[15.87748626193164,50.71578940005664],[15.81834319552539,50.79730948062305],[15.56279948672412,50.82128866763477],[15.472163233367187,50.832637392],[15.308753046599609,50.90603598208789],[15.26701262911914,51.02297552676563],[15.171886477080566,51.063785158113284],[15.009285959807617,51.055621705964846],[14.980959925261718,51.017535768464846],[15.008268389312011,50.98489340396289],[14.997266802397949,50.91691168399219],[14.828880343047363,50.91691168399219],[14.764811548796875,50.86525686831836],[14.610322985259277,50.89788015933399],[14.596383127776367,51.02297552676563],[14.45779803713916,51.07738455386524],[14.261660608855468,51.04473837466602],[14.388769182769042,50.94682653994922],[14.274748835173828,50.908755861238284],[14.146485361663085,50.86525686831836],[13.910657915679199,50.843509279207034],[13.85478118380664,50.76741751284961],[13.524158510771972,50.75654562564258],[13.47326377352832,50.65874060244922],[13.394154581633789,50.69134481997852],[13.232996019927246,50.663768373445315],[13.189395937529785,50.560977540925784],[13.01750091036914,50.5555492267168],[12.98234466036914,50.474105440095705],[12.783669504729492,50.474105440095705],[12.593851122466308,50.383563600496096],[12.461618456450683,50.39812429995899],[12.34475043734668,50.31673773379688],[12.2353592248833,50.24080618472461],[12.252341303435546,50.215892396882815],[12.368390116301757,50.045638643220705],[12.554163012114746,50.00162085147266],[12.484350237456542,49.88884695620899],[12.448309931365234,49.70614584536914],[12.519705805388671,49.66758307071094],[12.536298784819824,49.56257589908008],[12.64577582797168,49.48458441348438],[12.860805544463378,49.36557348819141],[12.945256266204101,49.39791830630664],[13.20311168154834,49.16617163272266],[13.39694312533496,49.08953436465625],[13.479734453765136,48.999183259919924],[13.578151735869628,49.03689154239063],[13.652069124785644,48.956100069001955],[13.745481524077636,48.9399486407793],[13.946682962981445,48.655101381257815],[13.640039476958496,48.538158021882815],[13.443694147673828,48.606326662019534],[13.384143862334472,48.59393271060352],[13.366653475371582,48.44213827700977],[13.29362395724414,48.36471518130664],[12.85824969729541,48.23158224673633],[12.694188150969726,48.12943609805469],[12.936306032744628,47.87266119571094],[12.847529444304687,47.73971136660938],[12.998080286589843,47.733523927644534],[13.022998842803222,47.66242178531055],[12.978917154875976,47.50790747256641],[12.942021402922851,47.48320349307422],[12.743726763335449,47.56352957339649],[12.76539138278125,47.637698732332034],[12.700078997222167,47.69024618716602],[12.446094545928222,47.66242178531055],[12.358181032744628,47.724254213289065],[12.163277659026367,47.70879324527149],[12.122032198516113,47.628429017976565],[11.55956748446582,47.612979494050784],[11.503432306853515,47.535716615632815],[11.359831842986328,47.52954062075977],[11.340007814971191,47.47084005923633],[11.17034629305957,47.42449911685352],[10.902938875762207,47.41523703189258],[10.876619371978027,47.480113588289065],[10.834806475249511,47.544993959382815],[10.613203081694824,47.58516653628711],[10.495405230132324,47.560435853914065],[10.38832667788623,47.5789867267168],[10.403125795928222,47.45539053531055],[10.199509653655273,47.30096014590625],[10.102937731353027,47.30096014590625],[10.13797381838916,47.388656221345705],[10.02095321139453,47.40597113223438],[10.025811228362304,47.480113588289065],[9.938269648162109,47.50173147769336],[9.891994509307128,47.56352957339649],[9.779980692473632,47.56662329287891],[9.736709627715332,47.616065584138674],[9.665470719275044,47.55624011404333],[9.653150344436488,47.55618248403419],[9.62819114515806,47.57039558844471],[9.606712670379503,47.57248189051159],[9.60088044237073,47.58531266106803],[9.56335717626282,47.584746979125],[9.5339256480945,47.59678061932501],[9.502257340469352,47.64637098550931],[9.488171047056394,47.651505682883],[9.466080995855355,47.64798023777849],[9.421182075871505,47.66594768445761],[9.347634956983754,47.660919078143486],[9.287804878151578,47.683765275235324],[9.237245446629197,47.711482986700766],[9.225777565070517,47.739347885480086],[9.132380912926813,47.77233665825951],[9.105701403173684,47.79244785892643],[9.042968426858371,47.817624090976025],[9.030608947173162,47.80499434017611],[9.06687405483502,47.779532244267855],[9.173649406371743,47.734443430470506],[9.179800812772427,47.70459486004789],[9.201323419921486,47.707409761844914],[9.188048383707981,47.69930759937596],[9.211480461040331,47.68278743369377],[9.216057312656227,47.67100283816657],[9.1985578866875,47.67788656802539],[9.118142444734893,47.67853423872031],[9.112519530198746,47.68572201095995],[9.081389504422836,47.68320700711846],[9.043323638417071,47.69346286852432],[9.048183735261208,47.70827352674581],[9.084469172589861,47.68972093590616],[9.10902282658467,47.69016204849861],[9.100921224629866,47.702421832185856],[8.987175500981742,47.74340889394121],[9.01401797736814,47.71960763133936],[8.959238171322115,47.73739127940454],[8.939972749823733,47.726182321942055],[8.994297857106877,47.70671364928088],[9.00635064628403,47.694759228843544],[8.99458859182209,47.68441116867369],[8.983487283772465,47.679618759299416],[8.815385851470214,47.680972658113284],[8.748005899993164,47.72116430850391],[8.658565554229003,47.7149730548418],[8.65083602389453,47.78298910708789],[8.33202842196582,47.693343721345705],[8.412250551787597,47.60370596499805]]]]}},{"type":"Feature","properties":{"name":"USSR","subject":"USSR","partOf":"USSR","borderPrecision":3,"color":"#b3a46e"},"geometry":{"type":"MultiPolygon","coordinates":[[[[60.26166500000011,80.163315],[60.23027,80.161652],[60.193321,80.16304000000014],[60.15221400000013,80.166931],[60.123878,80.17109700000015],[60.084717,80.173874],[59.943604,80.175812],[59.91693900000013,80.179153],[59.909142,80.18162500000011],[59.89777400000014,80.19165],[59.900543,80.197479],[59.928047000000106,80.201385],[59.959435,80.203049],[59.992767,80.203598],[60.063606,80.204437],[60.098877,80.203873],[60.139992,80.200272],[60.17499500000014,80.196091],[60.231934,80.187485],[60.276382,80.17804000000012],[60.285828,80.17276],[60.28943600000014,80.166931],[60.26166500000011,80.163315]]],[[[58.585823,81.736099],[58.485268,81.72804300000013],[58.323051,81.712204],[58.23027,81.700821],[58.201935,81.695816],[58.135269,81.69026200000013],[58.061378000000104,81.687759],[57.98054500000012,81.688583],[57.939713,81.6922],[57.913322,81.69664000000012],[57.88888500000013,81.70694],[57.890831,81.712769],[57.93832400000014,81.796646],[57.947769,81.80304],[57.976379,81.8077550000001],[58.043610000000115,81.81330900000012],[58.115829,81.81694],[58.627487,81.84082000000012],[58.699997,81.844147],[59.087494,81.850815],[59.164993,81.851929],[59.208328,81.85054],[59.25666,81.846939],[59.421661,81.827209],[59.433327,81.82193],[59.43776700000012,81.816666],[59.37249,81.75833100000011],[59.345543,81.752487],[59.287498,81.742752],[59.224709,81.73526],[59.159714,81.728867],[59.123604000000114,81.727203],[58.88694,81.728317],[58.7052690000001,81.732758],[58.664711,81.736649],[58.62165800000014,81.73803700000013],[58.585823,81.736099]]],[[[70.734711,73.108032],[70.57859800000011,73.081375],[70.53970300000015,73.074707],[70.50332600000013,73.063309],[70.450546,73.042206],[70.431931,73.03776600000015],[70.411652,73.035538],[70.34915200000012,73.034149],[70.284988,73.034988],[70.241089,73.03776600000015],[70.217758,73.0416560000001],[70.198029,73.046936],[70.163315,73.063873],[70.15277100000014,73.075821],[70.15359500000011,73.08194],[70.142212,73.087769],[70.13053900000011,73.093323],[70.106369,73.098328],[70.08692900000011,73.094986],[70.002213,73.063873],[70.000549,73.051651],[70.016098,73.046097],[70.037491,73.045822],[70.060257,73.04304500000012],[70.079987,73.03776600000015],[70.095535,73.032486],[70.110535,73.020828],[70.10054,73.015274],[69.926926,73.02331500000014],[69.904984,73.024704],[69.882202,73.027481],[69.866379,73.03276100000011],[69.868042,73.045258],[69.873505,73.050552],[69.885818,73.08194],[69.916382,73.126648],[69.925537,73.13333100000011],[69.952209,73.146942],[69.986923,73.160812],[70.013611,73.174423],[70.031937,73.187759],[70.0522,73.213318],[70.06303400000013,73.232483],[70.066666,73.257217],[70.06330900000012,73.263321],[70.0205380000001,73.31694],[70.00972000000013,73.328598],[69.979706,73.351929],[69.968597,73.363876],[69.957764,73.37580900000012],[69.955261,73.387772],[69.9561,73.39415],[69.961105,73.400543],[69.974426,73.407211],[69.989426,73.411652],[70.20138500000013,73.458328],[70.240814,73.464996],[70.403595,73.484421],[70.485535,73.493042],[70.506943,73.489426],[70.720825,73.502487],[70.86554,73.515823],[70.886932,73.51666300000011],[70.930542,73.51609800000011],[70.97608900000012,73.511932],[71.046936,73.5],[71.247482,73.454163],[71.263046,73.448593],[71.266098,73.442474],[71.264999,73.43637100000012],[71.142212,73.38832100000013],[70.999146,73.288879],[71.038589,73.26944],[71.210541,73.268051],[71.27609300000012,73.283051],[71.382477,73.310532],[71.401093,73.3163760000001],[71.414993,73.323044],[71.420532,73.329437],[71.423035,73.3416600000001],[71.4327550000001,73.348328],[71.454987,73.346649],[71.474701,73.34137],[71.486099,73.335541],[71.601929,73.27249100000012],[71.620255,73.260818],[71.6624910000001,73.225815],[71.676376,73.213882],[71.679153,73.20776400000011],[71.676651,73.176926],[71.657486,73.172485],[71.613876,73.170258],[71.550812,73.168869],[71.506653,73.172211],[71.399429,73.173874],[71.357483,73.172211],[71.338043,73.169144],[71.32415800000012,73.162201],[71.304977,73.149155],[71.291367,73.142487],[71.272766,73.136932],[71.253052,73.133606],[71.192474,73.127197],[71.089981,73.119431],[71.069443,73.118591],[71.005829,73.118317],[70.937759,73.126648],[70.91581700000012,73.128036],[70.89444,73.128311],[70.734711,73.108032]]],[[[52.31916,80.205826],[52.31805400000013,80.211655],[52.318916,80.218506],[52.263054,80.229156],[52.25,80.234146],[52.181381,80.271927],[52.19776900000011,80.276657],[52.311378,80.288879],[52.34166,80.291092],[52.37471,80.292206],[52.41304800000012,80.291367],[52.513329,80.288879],[52.588043,80.29914900000011],[52.667213,80.313599],[52.681938,80.33888200000013],[52.68027500000011,80.350815],[52.697769,80.3583220000001],[52.718048000000124,80.364426],[52.783882,80.381363],[52.875267,80.402481],[52.900826,80.40664700000013],[52.931664,80.408875],[53.157768,80.411377],[53.229988000000105,80.411652],[53.271103,80.409714],[53.302773,80.405823],[53.3408280000001,80.39637800000014],[53.335266,80.389984],[53.317215,80.382751],[53.31832900000012,80.370529],[53.338043,80.359985],[53.35083,80.354706],[53.382767,80.344986],[53.433327,80.330276],[53.452217,80.325546],[53.5961,80.299423],[53.621101,80.294983],[53.683052,80.287201],[53.802773,80.282211],[53.83387800000014,80.27832000000012],[53.852493,80.273605],[53.864998,80.26832600000012],[53.87137600000011,80.262772],[53.871658,80.256653],[53.8597180000001,80.25000000000011],[53.80054500000011,80.22998000000013],[53.779991,80.223877],[53.754715,80.219711],[53.724159,80.217484],[53.68721000000011,80.220825],[53.680824,80.226654],[53.680275,80.23248300000012],[53.673882000000106,80.238037],[53.649162,80.24247700000012],[53.616104,80.241364],[53.59054600000013,80.23719800000015],[53.55249,80.22360200000014],[53.528877,80.209717],[53.523323,80.203323],[53.51805100000013,80.190811],[53.5186,80.18470800000011],[53.513054,80.178314],[53.49276700000013,80.17221100000012],[53.431938,80.167755],[53.39666,80.167755],[53.365829,80.171646],[53.347214,80.17637600000012],[53.316383,80.180267],[53.126656,80.18470800000011],[53.09638200000012,80.182755],[52.93499,80.175812],[52.711662,80.168045],[52.636658,80.172485],[52.623604,80.177475],[52.622765,80.183594],[52.615829,80.1891480000001],[52.592491,80.194138],[52.54916400000013,80.19693],[52.478325,80.19664],[52.332214,80.20054600000014],[52.31916,80.205826]]],[[[56.685547,80.346649],[56.686653,80.352768],[56.700546,80.35942100000011],[56.724991,80.3647],[56.756386,80.366653],[56.899994,80.365814],[56.97693600000014,80.35971100000012],[57.049438,80.352203],[57.079437,80.348038],[57.096939000000134,80.343048],[57.127769,80.315262],[57.13249200000013,80.309708],[57.129715,80.29748500000011],[57.104439,80.213043],[57.090546,80.17276],[57.11805,80.116089],[57.13499500000012,80.111374],[57.139717,80.105545],[57.1322100000001,80.09915200000012],[57.072495,80.081375],[57.050545,80.07499700000011],[57.024437,80.071106],[56.995827,80.06805400000013],[56.963051,80.06749],[56.761665,80.064423],[56.662766,80.065262],[56.542221,80.073318],[56.504997,80.0747070000001],[56.208328,80.073608],[56.105553,80.073044],[56.007217,80.070267],[55.96554600000013,80.07193],[55.929718,80.075546],[55.713608,80.101089],[55.720268,80.107483],[55.756943,80.119431],[55.802849,80.127136],[55.82444,80.131653],[55.848045,80.136658],[55.959991,80.16554300000013],[56.024712,80.183868],[56.043884000000105,80.191086],[56.044716,80.19720500000011],[55.991661000000136,80.211655],[55.954712,80.257217],[55.96971100000013,80.323883],[55.983047,80.330551],[56.007217,80.335815],[56.035828,80.33888200000013],[56.189713,80.349716],[56.263611,80.348328],[56.447212,80.335815],[56.539436,80.325821],[56.685547,80.346649]]],[[[52.17999300000014,80.344986],[52.166664,80.350266],[52.180275,80.356094],[52.188278,80.357178],[52.199432,80.359985],[52.227486,80.36303700000013],[52.260551,80.364151],[52.299164,80.363312],[52.343048000000124,80.360535],[52.482765,80.34027100000014],[52.50804900000014,80.336105],[52.521378,80.330826],[52.513611,80.325546],[52.48555,80.32222000000013],[52.452492,80.321106],[52.38110400000011,80.320541],[52.342491,80.32165500000013],[52.307495,80.323883],[52.281937,80.328049],[52.17999300000014,80.344986]]],[[[55.521378,80.316376],[55.543884,80.293869],[55.54277,80.281662],[55.523605,80.274429],[55.368881,80.248871],[55.28833,80.237762],[55.1511,80.22026100000011],[55.120544,80.218323],[55.019440000000145,80.228317],[54.869438,80.247208],[54.857498,80.252487],[54.894104,80.262756],[54.899162,80.266663],[54.914154,80.27249100000012],[54.94249,80.275543],[55.009163,80.277481],[55.073051,80.28054800000012],[55.103607000000125,80.284424],[55.1057320000001,80.293686],[55.09748800000011,80.305542],[55.297493,80.342484],[55.328606,80.344437],[55.371376,80.34137],[55.504997,80.32193000000012],[55.521378,80.316376]]],[[[49.20555100000013,80.03804],[49.231659,80.041656],[49.263611,80.040543],[49.295273,80.03692600000011],[49.435265,80.002487],[49.428879,79.99720800000011],[49.405548000000124,79.992477],[49.379158,79.9891510000001],[49.312767,79.987198],[49.226051,79.992508],[49.194435,79.996094],[49.193604,80.032211],[49.20555100000013,80.03804]]],[[[58.984161,79.901382],[58.988045,79.895538],[58.894157,79.87359600000013],[58.865829,79.870819],[58.831383,79.871094],[58.794716,79.872482],[58.760551,79.876648],[58.73832700000014,79.881088],[58.7061,79.891098],[58.63916,79.90498400000013],[58.525551,79.922211],[58.484718,79.925812],[58.448044,79.9272],[58.315826,79.925262],[58.279160000000104,79.926651],[58.28110500000014,79.932755],[58.362465,79.93808],[58.399162,79.938583],[58.425552,79.942474],[58.449997,79.947479],[58.494713000000104,79.95942700000012],[58.631660000000124,79.976929],[58.662209,79.978592],[58.66638200000011,79.973038],[58.651932,79.96638500000012],[58.649719,79.960266],[58.669991,79.949417],[58.686378000000104,79.944702],[58.757217,79.924988],[58.779434,79.920258],[58.81415600000014,79.916382],[58.85054800000012,79.914993],[58.927773,79.90998800000011],[58.962212,79.90582300000011],[58.984161,79.901382]]],[[[48.576103,68.733047],[48.225548,68.882751],[48.217766,68.88832100000013],[48.216103,68.89498900000012],[48.212212,69.05636600000014],[48.21666,69.0641480000001],[48.232101,69.084091],[48.260826,69.11499],[48.265549,69.123032],[48.266937,69.13026400000012],[48.266937,69.14444],[48.266663,69.17248500000011],[48.266388,69.186371],[48.264717,69.193039],[48.26915700000012,69.214996],[48.275269,69.23027],[48.289162,69.253876],[48.31276700000012,69.27916],[48.32222000000013,69.286377],[48.371101000000124,69.32193],[48.391663,69.335266],[48.413879,69.347763],[48.437492000000134,69.35887100000014],[48.582497,69.424988],[48.607773,69.435257],[48.634995,69.444138],[48.663879,69.4519350000001],[48.832771,69.489151],[48.90971400000012,69.502487],[48.943321,69.506943],[48.99943500000012,69.50943],[49.0186,69.509995],[49.119438,69.509155],[49.244156,69.50555400000013],[49.291939,69.4997100000001],[49.312767,69.496368],[49.347488,69.48831200000012],[49.37943300000012,69.479706],[49.478874,69.448029],[49.570549,69.421646],[49.693321,69.386932],[49.72470900000013,69.37831100000011],[49.906937,69.3311],[50.104164,69.2810970000001],[50.1427690000001,69.266663],[50.17527,69.251389],[50.193604,69.24054000000012],[50.305267,69.161926],[50.320274,69.150543],[50.32888,69.138321],[50.331108,69.124695],[50.32888,69.11747700000012],[50.311935,69.10081500000013],[50.262215,69.064697],[50.1772160000001,69.011383],[50.143051,68.993042],[50.127213,68.99026500000014],[50.11332700000014,68.99498],[50.11721,69.0333250000001],[50.119438,69.04054300000013],[50.127769000000114,69.048874],[50.147491,69.063309],[50.165825,69.078873],[50.182495,69.095535],[50.2249910000001,69.14305100000013],[50.223877,69.149719],[50.20694,69.15387],[50.18943000000013,69.152206],[50.12999,69.138321],[49.959435,69.076096],[49.867767,69.004715],[49.80555,68.952209],[49.755272000000105,68.917206],[49.702217,68.884155],[49.691101,68.878036],[49.678329,68.873032],[49.49554400000011,68.821655],[49.48137700000012,68.817764],[49.45166,68.811371],[49.435822000000144,68.808594],[49.147217,68.76748700000013],[48.912766,68.736099],[48.82888,68.726654],[48.811935,68.724991],[48.794716,68.72331200000013],[48.7761,68.722763],[48.589989,68.728592],[48.576103,68.733047]]],[[[59.213051,79.923874],[59.184715,79.92804],[59.17471300000011,79.933319],[59.195541,79.940536],[59.19776900000011,79.94664000000012],[59.181938,79.95138500000013],[59.159714,79.9561],[59.080551,79.969437],[59.052216,79.973877],[59.019714,79.97665400000011],[58.909431,79.981094],[58.881104,79.98526],[58.799683,80.006699],[58.763054,80.016937],[58.759163,80.022766],[58.76138300000014,80.02887],[58.775826,80.035538],[58.800545,80.040543],[58.905823,80.057205],[58.932495,80.06109600000013],[59.015274,80.071381],[59.32444,80.109421],[59.353607,80.112198],[59.45082900000011,80.11499000000015],[59.553879,80.111374],[59.787216,80.088593],[59.80915800000014,80.084152],[59.825272,80.078873],[59.84471100000013,80.06832900000012],[59.86055,79.987762],[59.743324,79.959152],[59.718323,79.95416300000011],[59.691376,79.950272],[59.633881,79.944977],[59.54361,79.938583],[59.43082400000014,79.926376],[59.422218,79.920258],[59.3647160000001,79.914429],[59.213051,79.923874]]],[[[50.665825,80.044708],[50.689713,80.048874],[50.71666,80.052475],[50.746101000000124,80.054703],[50.842766,80.058594],[50.869713000000104,80.062195],[50.907211,80.07499700000011],[50.9272160000001,80.088882],[50.943321,80.096375],[50.970268,80.099716],[51.008049,80.09887700000013],[51.027489,80.094437],[51.204994,80.03804],[51.385826,79.96582],[51.50193800000011,79.931656],[51.491661000000136,79.924698],[51.467766,79.920532],[51.438324,79.918045],[51.374435,79.915543],[51.339989,79.915268],[51.071106,79.923599],[50.95388,79.92776500000014],[50.91415400000011,79.929428],[50.84027100000014,79.936096],[50.754997,79.94165],[50.71749100000011,79.9422],[50.648331,79.94165],[50.616386,79.94026200000013],[50.5472180000001,79.93969700000014],[50.50972,79.94026200000013],[50.289436,79.950821],[50.166382,79.95942700000012],[50.08638,79.96527100000014],[50.054993,79.968872],[50.043884,79.973038],[50.056381,79.978867],[50.066368,79.9792020000001],[50.107216,79.982483],[50.256386000000134,79.993591],[50.28833,79.99470500000012],[50.325829,79.994141],[50.363052,79.991089],[50.40638,79.981369],[50.44360400000011,79.978317],[50.513054,79.978867],[50.544998,79.98027],[50.571663000000115,79.983871],[50.58998900000012,79.990265],[50.603882,80.003601],[50.607773,80.010269],[50.647217000000126,80.03804],[50.665825,80.044708]]],[[[49.683052,80.036377],[49.679436,80.029984],[49.650269,80.027481],[49.46666,80.015823],[49.431664,80.015274],[49.414711000000125,80.018875],[49.400543,80.024155],[49.3780440000001,80.034714],[49.35556,80.047836],[49.35527000000013,80.0452580000001],[49.332771,80.055817],[49.330276,80.0619200000001],[49.431381,80.092758],[49.460548,80.092758],[49.492218,80.089157],[49.576103,80.077484],[49.5961,80.072769],[49.674713,80.041931],[49.683052,80.036377]]],[[[60.612495,80.43830900000012],[60.496384,80.45582600000012],[60.428604,80.469711],[60.412209,80.474701],[60.389717,80.479431],[60.331383,80.488312],[60.249161,80.494431],[60.21666,80.493042],[60.192490000000134,80.486923],[60.187305,80.48082000000011],[60.186378,80.4749910000001],[60.170547,80.46832300000011],[60.14444,80.463608],[60.088043,80.4561],[59.945541,80.438034],[59.885551,80.4327550000001],[59.853325,80.431091],[59.659431,80.422211],[59.625824,80.424988],[59.564995000000124,80.45694],[59.53833,80.46720900000014],[59.52166,80.472214],[59.498604000000114,80.476654],[59.445824,80.485809],[59.357216,80.498596],[59.311104000000114,80.507767],[59.271103,80.51748700000013],[59.25416600000011,80.522491],[59.243881,80.52777100000014],[59.246384,80.5336],[59.30249,80.541367],[59.313347,80.541428],[59.356941,80.551651],[59.372215,80.558319],[59.368324,80.564148],[59.275269,80.58248900000012],[59.25833100000011,80.587494],[59.25444,80.593048],[59.220825,80.64276100000012],[59.22332,80.64888000000013],[59.280273,80.696091],[59.369987,80.73442100000011],[59.54805,80.798325],[59.613327,80.816666],[59.638046,80.822495],[59.664711,80.827484],[59.693878,80.8311000000001],[59.724709,80.833878],[59.875267,80.842484],[59.9086,80.844147],[60.07888000000014,80.85026600000015],[60.116386,80.84971600000011],[60.157768,80.847214],[60.2011030000001,80.843597],[60.23137700000012,80.839157],[60.254715,80.834717],[60.25833100000011,80.828873],[60.229156,80.825272],[60.16082,80.823044],[60.123604000000114,80.823608],[60.057213000000104,80.82026700000011],[60.0261,80.81749],[59.996941000000106,80.813873],[59.969986,80.808868],[59.964996,80.804153],[60.00222,80.803589],[60.101662,80.808594],[60.13694,80.809143],[60.281662,80.809143],[60.318886,80.808868],[60.34887700000013,80.804428],[60.352493,80.798874],[60.560822000000144,80.811371],[60.893326,80.827209],[61.120827,80.84137],[61.360825,80.85054],[61.412491,80.8541560000001],[61.478043,80.85998500000011],[61.532494,80.87414600000011],[61.53611,80.879974],[61.561935,80.885818],[61.595543,80.887207],[61.85193600000014,80.886108],[61.928604,80.883881],[62.04610400000013,80.878586],[62.089157,80.874695],[62.12137600000011,80.8647],[62.199715,80.821655],[62.218323,80.81109600000013],[62.282768,80.773605],[62.28527100000014,80.768051],[62.276939,80.756104],[62.251106,80.737762],[62.21888000000013,80.718872],[62.20138500000013,80.712494],[62.149719,80.700821],[62.106941,80.688583],[62.038048,80.6624910000001],[62.0472180000001,80.657211],[62.069443,80.652481],[62.098328,80.648041],[62.12082700000013,80.64305100000013],[62.136383,80.638046],[62.145546,80.632751],[62.141663,80.626648],[62.086655,80.61747700000012],[62.057495,80.613876],[61.93915600000014,80.600266],[61.873604000000114,80.597214],[61.804436,80.596375],[61.768051,80.596939],[61.735268,80.595535],[61.704163,80.593048],[61.579994,80.554703],[61.388329,80.483047],[61.38472000000013,80.47720300000015],[61.36832400000014,80.470535],[61.345268,80.463608],[61.32054900000014,80.457764],[61.246101,80.440262],[61.094437,80.407211],[61.066101,80.403595],[61.033882,80.4019320000001],[61,80.40165700000011],[60.958328,80.405258],[60.612495,80.43830900000012]]],[[[48.497215,80.63693200000012],[48.339714,80.647217],[48.266388,80.646103],[48.137772,80.653046],[48.097771,80.65582300000011],[48.063881,80.659424],[48.03611,80.663315],[48.014442000000145,80.66775500000011],[47.90638,80.710541],[47.779716,80.762497],[47.75166300000012,80.766388],[47.659431,80.758606],[47.631935,80.755264],[47.60443900000013,80.75166300000012],[47.58027600000014,80.74720800000011],[47.559158,80.741653],[47.513054000000125,80.707764],[47.410820000000115,80.684143],[47.377213,80.68248],[47.353325,80.67804],[47.3324970000001,80.67248500000011],[47.303322,80.657486],[47.301102,80.65109300000012],[47.310822000000144,80.645538],[47.35833,80.630814],[47.386108,80.626923],[47.433601000000124,80.61219800000015],[47.443047,80.60664400000013],[47.446938,80.60081500000013],[47.444435,80.59414700000013],[47.42360700000012,80.588882],[47.384163,80.58915700000011],[47.356384,80.593048],[47.306656,80.601379],[47.284721,80.60582],[47.268883,80.610535],[47.191376,80.622757],[47.166664,80.62580900000012],[47.061104,80.5916600000001],[47.043884000000105,80.584991],[47.035553,80.578049],[47.03138,80.564987],[47.023048,80.558029],[47.005829,80.551651],[46.844711,80.553864],[46.728874,80.556366],[46.648605,80.556366],[46.634163,80.55137600000012],[46.68415800000014,80.524155],[46.682213,80.51748700000013],[46.664711000000125,80.513611],[46.52748900000012,80.520264],[46.507217,80.514709],[46.49360700000011,80.507217],[46.501663,80.495255],[46.511665,80.489975],[46.520546,80.483597],[46.528603,80.471924],[46.517494,80.46582],[46.491104,80.462204],[46.4313810000001,80.459427],[46.320274,80.458328],[46.28749800000014,80.45665],[46.228325,80.451385],[46.149437,80.440262],[46.08416000000011,80.4369200000001],[46.056099,80.440811],[46.039993,80.445816],[46.027214,80.463608],[46.01998900000012,80.481934],[46.01749400000011,80.494431],[46.026382,80.508041],[46.033882,80.514999],[46.054993,80.529709],[46.08194,80.54470800000013],[46.083603,80.55108600000011],[46.079437,80.55720500000012],[46.052773,80.56749],[46.03638500000011,80.57222],[45.99971800000014,80.574158],[45.776657,80.55276500000014],[45.62582400000014,80.52638200000013],[45.573051000000135,80.518875],[45.536942000000124,80.518326],[45.494438,80.51944],[45.471931,80.523605],[45.450829,80.53442400000012],[45.44165800000013,80.546371],[45.431107,80.551926],[45.403877000000136,80.562195],[45.387215,80.56694],[45.319717,80.579987],[45.291382,80.583603],[45.251106,80.58638],[45.158325,80.590546],[45.072495,80.592758],[44.98304700000011,80.5961],[44.901932,80.601379],[44.87943300000012,80.60582],[44.862495,80.610535],[44.857498000000135,80.616379],[44.880547,80.621094],[45,80.63267500000012],[45.161102,80.647491],[45.227486,80.65109300000012],[45.464714,80.66304],[45.534439000000134,80.665543],[45.733879,80.664429],[45.954163,80.666382],[45.987495,80.66804500000012],[46.298607,80.69165],[46.358887,80.69693],[46.38582600000012,80.700546],[46.517769,80.719437],[46.516663,80.724426],[46.42943600000012,80.729431],[46.398331,80.731934],[46.406654,80.736374],[46.43693500000012,80.739151],[46.53777300000013,80.743866],[46.685547,80.746643],[46.76332900000011,80.741928],[46.80027,80.742477],[46.833878,80.744141],[46.99943500000012,80.753326],[47.026657,80.756943],[47.19471,80.796097],[47.203049,80.80304],[47.193321,80.808594],[47.17083,80.812759],[47.130272,80.815811],[47.101662,80.819717],[47.09166,80.824997],[47.112770000000125,80.83055100000013],[47.19860100000011,80.840271],[47.46471400000013,80.854706],[47.501938,80.85554500000012],[47.649437,80.843872],[47.772217,80.822769],[47.897774,80.803314],[47.93804200000011,80.800262],[47.975266,80.80081200000012],[48.009438,80.802475],[48.101936,80.809982],[48.160820000000115,80.815811],[48.185547,80.820541],[48.213326,80.82388300000014],[48.244156,80.826385],[48.284721,80.825821],[48.340828,80.81805400000013],[48.530273,80.789978],[48.616936,80.771927],[48.653877,80.750275],[48.638329,80.745255],[48.60443900000013,80.743866],[48.558044,80.746368],[48.521103,80.745819],[48.496384,80.741364],[48.478043,80.734985],[48.462769,80.72747800000013],[48.453606,80.720535],[48.462769,80.714996],[48.49360700000011,80.712494],[48.530548,80.713043],[48.561378,80.710541],[48.582771,80.7061],[48.634995,80.69165],[48.754166,80.657761],[48.763329,80.652481],[48.766388,80.646378],[48.75972,80.621094],[48.750549,80.6141510000001],[48.72304500000013,80.610535],[48.683327,80.61360200000013],[48.598045,80.624146],[48.497215,80.63693200000012]]],[[[55.552773,80.73082],[55.783882,80.757767],[55.924713,80.762207],[56.337494,80.774994],[56.476936,80.778595],[56.51416,80.77832],[56.553879,80.777206],[56.778877,80.735809],[56.93055,80.6974790000001],[56.948601,80.692749],[56.935547,80.6624910000001],[56.910271,80.657486],[56.73804500000011,80.636658],[56.708328,80.633881],[56.439987,80.623871],[56.351105,80.63749700000011],[56.339432,80.64276100000012],[56.308327,80.646652],[56.26915700000012,80.647766],[56.200272,80.646103],[56.136108,80.642212],[56.106384,80.63916],[56.015274,80.631363],[55.904991,80.63165300000014],[55.7866590000001,80.63859600000012],[55.64305100000013,80.6499940000001],[55.61193800000012,80.65416],[55.599716,80.659149],[55.606659,80.665817],[55.631378,80.670822],[55.6586,80.674698],[55.68082400000014,80.6808170000001],[55.700829,80.688034],[55.708046,80.694427],[55.69582400000013,80.699707],[55.67083000000014,80.704163],[55.631378,80.705261],[55.520271,80.705551],[55.448601,80.704712],[55.432495,80.708328],[55.445824,80.71527100000014],[55.500282,80.723312],[55.552773,80.73082]]],[[[53.30110200000013,80.494705],[53.256386,80.50360100000012],[53.236938,80.508331],[53.214447,80.515747],[53.205551,80.520538],[53.1988750000001,80.526093],[53.197487,80.538315],[53.214439,80.55748],[53.22637900000012,80.56442300000015],[53.262772,80.5788730000001],[53.28360700000013,80.585266],[53.301659,80.592484],[53.30110200000013,80.598328],[53.275551,80.602768],[53.150543,80.611099],[53.118599,80.6147],[53.10527000000013,80.61998000000011],[53.14138,80.64888000000013],[53.1586,80.65387],[53.187492,80.656937],[53.216934,80.65416],[53.398605,80.626648],[53.538605,80.533875],[53.545547,80.52832],[53.54583000000014,80.52221700000013],[53.533882,80.515549],[53.442215,80.48498500000011],[53.428879,80.481659],[53.389992,80.482758],[53.351936,80.486099],[53.30110200000013,80.494705]]],[[[50.343323,80.711105],[50.374161,80.711105],[50.40248900000012,80.714432],[50.46971100000013,80.730545],[50.616661,80.758606],[50.641937,80.76304600000014],[50.928329,80.771927],[51.030548,80.773315],[51.173882,80.776382],[51.267212,80.785263],[51.30999,80.7833250000001],[51.311661,80.777481],[51.306938,80.771103],[51.327492,80.766388],[51.449432,80.74054000000012],[51.476097,80.736374],[51.50888800000013,80.732758],[51.580276,80.73414600000012],[51.686104000000114,80.72608900000012],[51.725266,80.7227630000001],[51.745544,80.718048],[51.746941,80.712204],[51.73360400000013,80.68692],[51.728874,80.68054200000012],[51.705826,80.675262],[51.500549,80.640823],[51.415543,80.630814],[51.356102,80.625259],[51.319443,80.624985],[51.240547,80.626648],[51.206383,80.625259],[51.18110700000011,80.621094],[51.1586,80.61554],[51.10777300000012,80.5935970000001],[51.07416500000011,80.5788730000001],[51.029991,80.55720500000012],[51.01944,80.550262],[51,80.543869],[50.949715,80.5352630000001],[50.921661,80.531937],[50.890831,80.529434],[50.809715,80.531937],[50.773323,80.531662],[50.591377,80.52998400000013],[50.342216,80.525818],[50.198044,80.522491],[50.131104,80.519714],[50.10054800000012,80.51748700000013],[50.073051000000135,80.513885],[50.080364,80.508789],[50.080551,80.50360100000012],[50.053047,80.5],[49.85277600000012,80.491928],[49.752777,80.487488],[49.722488,80.48526],[49.694992,80.481659],[49.673325,80.476379],[49.681938,80.470825],[49.696381,80.46582],[49.72304500000013,80.461655],[49.788605,80.454712],[49.803047000000106,80.4497070000001],[49.831665,80.4086],[49.828049,80.402206],[49.806656,80.396652],[49.782211,80.392212],[49.630272,80.367752],[49.603325,80.364151],[49.570274,80.362762],[49.462769,80.361649],[49.421104,80.36303700000013],[49.37943300000012,80.3647],[49.281662,80.37525900000014],[49.24305,80.378311],[49.201103,80.379974],[48.902489,80.382751],[48.866661,80.382477],[48.83665500000012,80.379974],[48.809715,80.37637300000011],[48.791664,80.36998],[48.631660000000124,80.307205],[48.62276500000013,80.300262],[48.625549,80.294144],[48.634438,80.288879],[48.649437,80.283875],[48.669991,80.27916],[48.714439,80.276657],[48.847771,80.281662],[48.883331,80.282211],[48.918884,80.279984],[48.94832600000012,80.269989],[48.994995,80.249146],[49.101936,80.194427],[49.110275,80.18887300000011],[49.113052,80.182755],[49.10388200000011,80.175812],[48.988327,80.147491],[48.95916,80.144989],[48.92083,80.145264],[48.79805,80.149994],[48.765831,80.15359500000011],[48.739433,80.157486],[48.698601,80.166656],[48.669159,80.1766510000001],[48.660545,80.18220500000012],[48.645828,80.187195],[48.604713,80.196091],[48.566383,80.19914200000011],[48.528328,80.199707],[48.495827,80.198029],[48.49305,80.19165],[48.51944,80.174988],[48.534164,80.170258],[48.543053,80.164703],[48.548882,80.152481],[48.543053,80.139435],[48.519714000000135,80.124985],[48.50222,80.1183170000001],[48.481659,80.113037],[48.397491,80.091934],[48.374161,80.087204],[48.347771,80.088882],[48.327492,80.09332300000011],[48.253883,80.1183170000001],[48.244995,80.123871],[48.229988,80.12886],[48.203606,80.132751],[48.162766,80.13443000000012],[48.10721600000011,80.12831100000011],[48.060822000000144,80.119141],[48.04055000000011,80.113602],[47.995457,80.101654],[47.901932,80.083878],[47.720825,80.069717],[47.688881,80.06805400000013],[47.65416,80.06749],[47.616104,80.070541],[47.595268,80.07499700000011],[47.591934,80.08082600000012],[47.599998,80.088043],[47.634438,80.114426],[47.648331,80.121918],[47.75499700000012,80.168594],[47.774994,80.174149],[47.801384,80.177765],[47.942215,80.179977],[48.000549,80.184982],[48.056381,80.191086],[48.082497,80.19470200000012],[48.082497,80.199707],[48.04999500000014,80.203049],[47.9086,80.20082100000013],[47.864441,80.203323],[47.843605,80.20776400000011],[47.85499600000014,80.213882],[47.939987,80.222488],[47.96332600000011,80.226929],[47.965828,80.233597],[47.956657,80.239151],[47.924164,80.24247700000012],[47.879715,80.24498],[47.841103,80.2452550000001],[47.698044,80.242203],[47.486107,80.236374],[47.453606,80.234711],[47.161377,80.18470800000011],[47.159431,80.17804000000012],[47.16304800000012,80.17221100000012],[47.146103,80.16554300000013],[47.114159,80.164154],[46.933052,80.179428],[46.911659,80.183868],[46.896385,80.18858300000011],[46.886658000000125,80.194138],[46.890831000000105,80.207214],[46.904434,80.214706],[46.90638,80.221375],[46.902771,80.227203],[46.881378,80.231659],[46.726097,80.2622070000001],[46.698875,80.266098],[46.6560970000001,80.274704],[46.640549,80.27970900000014],[46.626099000000124,80.285538],[46.616386,80.29081700000012],[46.624161,80.29803500000014],[46.637772,80.305542],[46.683601,80.31469700000014],[46.955269,80.361099],[47.011108,80.367203],[47.04055000000011,80.36998],[47.076385,80.370529],[47.115547,80.367752],[47.142769,80.36387600000012],[47.173882,80.353867],[47.193047,80.343048],[47.23175,80.329338],[47.311378,80.308594],[47.477211000000125,80.315536],[47.646942,80.311371],[47.849434,80.301376],[47.876381,80.299988],[47.977211,80.301086],[48.003883,80.30470300000013],[48.183876,80.331375],[48.18693500000012,80.3352660000001],[48.153877000000136,80.33888200000013],[47.929161,80.363312],[47.890274,80.36637900000011],[47.818604,80.36526500000014],[47.705269,80.36554000000012],[47.66944100000012,80.367477],[47.622215,80.39498900000012],[47.6188810000001,80.40081800000013],[47.630547,80.404434],[47.651382,80.40748600000012],[47.716934,80.410538],[47.752777,80.41110200000014],[48.043327,80.414429],[48.193047,80.414703],[48.223045,80.417206],[48.234718,80.42330900000013],[48.137497,80.4624940000001],[48.122215,80.467484],[48.088882,80.468597],[47.709717000000126,80.466385],[47.619987,80.458603],[47.467766,80.44693],[47.43499,80.445251],[47.395828,80.445816],[47.380272000000105,80.450546],[47.394440000000145,80.458038],[47.4180530000001,80.462769],[47.808601000000124,80.519989],[47.835548,80.523315],[48.010277,80.54054300000013],[48.040276,80.543045],[48.079994,80.540268],[48.122765,80.531372],[48.149994,80.527481],[48.183327,80.52638200000013],[48.213608000000136,80.52887],[48.231377,80.535538],[48.240273,80.54248],[48.258331,80.548874],[48.279434,80.554428],[48.30360400000012,80.558868],[48.330826,80.562485],[48.394440000000145,80.5663760000001],[48.434158,80.563309],[48.540276,80.5410920000001],[48.546387,80.524155],[48.748604000000114,80.494705],[48.787773,80.491653],[48.824165,80.49220300000013],[48.848328,80.49664300000012],[48.89388300000013,80.506378],[48.900269,80.51944],[48.912491,80.525543],[48.951935000000105,80.524994],[49.039436,80.520828],[49.11805,80.519714],[49.192215,80.521378],[49.21666,80.525818],[49.2291560000001,80.531937],[49.220268,80.537201],[49.178329,80.546371],[49.175552,80.5522],[49.258888,80.577484],[49.280548,80.580551],[49.335266,80.58248900000012],[49.38472,80.59137],[49.400269,80.598602],[49.40998800000011,80.605545],[49.407494,80.611649],[49.35305,80.619705],[49.319717,80.62330600000013],[49.298607,80.627762],[49.289719,80.633331],[49.287216,80.63916],[49.316383,80.643326],[49.43943,80.653046],[49.478874,80.6499940000001],[49.506104,80.645828],[49.539436,80.642487],[49.584991,80.639709],[49.627769,80.638321],[49.6586,80.640549],[49.668053,80.644989],[49.681381,80.71748400000013],[49.660271,80.72192400000012],[49.626381,80.723038],[49.595268,80.720825],[49.570274,80.71638500000012],[49.50999500000012,80.709717],[49.419991,80.70166],[49.234993,80.68692],[49.204163,80.68692],[49.211105,80.699997],[49.220543000000134,80.70694],[49.236382,80.714157],[49.258331,80.719711],[49.30804400000011,80.7285920000001],[49.336105,80.731934],[49.330276,80.736374],[49.25610400000011,80.735535],[49.194153,80.73082],[49.163322,80.728317],[49.138603,80.723877],[49.094994,80.713043],[49.061104,80.71165500000012],[49.021103,80.711929],[48.963051,80.72608900000012],[48.954163,80.731369],[48.96666,80.737488],[49.116936,80.788879],[49.304436,80.815811],[49.332771,80.81915300000014],[49.423325,80.827484],[49.485825,80.832214],[49.520271,80.833603],[49.560547,80.83305400000012],[49.591934,80.835541],[49.619987,80.838882],[49.66777,80.84860200000014],[49.764442000000145,80.88053900000011],[49.788605,80.88665800000012],[49.81415600000014,80.89109800000011],[50.02916,80.909714],[50.184433,80.922485],[50.216103,80.924988],[50.250832,80.92637600000012],[50.297218,80.923599],[50.411659,80.913879],[50.43915600000014,80.909714],[50.441376,80.90387],[50.412766,80.900543],[50.343323,80.8977660000001],[50.268326,80.897217],[50.233604,80.895828],[50.141937,80.887772],[50.116104,80.883331],[50.016937,80.8647],[49.99749,80.858597],[50.015831000000105,80.85498],[50.133049,80.846649],[50.16693900000013,80.845535],[50.664993,80.88665800000012],[50.722488,80.89332600000012],[50.748329,80.8977660000001],[50.808601,80.916656],[50.8461,80.916931],[50.873604,80.91304],[50.888046000000145,80.907761],[51.03555300000011,80.851654],[51.04361,80.8461],[51.039162,80.839706],[51.018883,80.833328],[50.721931,80.809143],[50.690544,80.80693100000013],[50.650269,80.80748000000011],[50.563881,80.81080600000013],[50.529716,80.809708],[50.498329000000126,80.807205],[50.46971100000013,80.803864],[50.46888000000013,80.798874],[50.535828,80.791656],[50.544159,80.786102],[50.53360700000013,80.779434],[50.508049,80.774994],[50.42305,80.7649990000001],[50.391663,80.762497],[50.32332600000012,80.75999500000012],[50.294998000000135,80.756653],[50.269714000000135,80.752213],[50.247215,80.746643],[50.249435,80.740814],[50.316383,80.71527100000014],[50.343323,80.711105]]],[[[57.824715,80.812195],[57.841934,80.81776400000012],[57.86805,80.822769],[57.944382,80.829987],[58.025269,80.841934],[58.10388200000011,80.856644],[58.127769000000114,80.862488],[58.18499,80.870255],[58.248604,80.874985],[58.515549,80.888046],[58.650543,80.893875],[58.719154,80.896378],[58.75666,80.896103],[58.794159,80.892212],[58.824997,80.888046],[58.910545,80.874985],[58.95888500000012,80.865814],[58.976379,80.860809],[59.025269,80.822495],[58.986656,80.791656],[58.94249,80.777481],[58.9161,80.772491],[58.885269,80.76971400000014],[58.845825,80.77137800000014],[58.77166000000011,80.7791600000001],[58.7347180000001,80.779434],[58.664711,80.77804600000013],[58.638329,80.773041],[58.62082700000013,80.767487],[58.611938,80.761383],[58.59665700000011,80.754715],[58.568329,80.750824],[58.537773,80.748032],[58.50499700000012,80.746094],[58.469986,80.745529],[58.433052,80.745819],[58.393608,80.74720800000011],[58.352219000000105,80.74971],[58.323883,80.752777],[58.27555100000012,80.761932],[58.244995,80.766098],[58.207771,80.76998900000012],[58.163879,80.773315],[58.122215,80.77581800000013],[58.082771,80.777206],[58.045547,80.777481],[57.924995,80.78248600000012],[57.863327,80.790817],[57.838882,80.795258],[57.821106,80.800262],[57.816383,80.805817],[57.824715,80.812195]]],[[[54.260277,80.768326],[54.223320000000115,80.768326],[54.180824,80.7705380000001],[54.103607,80.777481],[54.077774,80.781662],[54.00666,80.79498300000012],[53.976097,80.805542],[53.97554800000012,80.81749],[53.990829,80.823318],[54.0047,80.826645],[54.03860500000013,80.84137],[54.060272,80.847488],[54.089989,80.85054],[54.261665,80.856934],[54.33416,80.858032],[54.424713,80.845825],[54.46471400000013,80.844711],[54.7741620000001,80.861923],[54.961105,80.88472],[54.98832700000014,80.888885],[55.018600000000106,80.891937],[55.05555,80.8936],[55.130821,80.8936],[55.171104,80.89248700000013],[55.254715,80.885544],[55.286942000000124,80.881653],[55.306099,80.876923],[55.44999700000011,80.851379],[55.600548,80.83194000000015],[55.632492,80.828049],[55.811378,80.815262],[55.977211,80.801376],[55.982765,80.7958220000001],[55.955269,80.791931],[55.925270000000125,80.788879],[55.828049,80.783051],[55.52971600000012,80.768326],[55.371376,80.763321],[55.306938000000116,80.75943],[55.14388300000013,80.748596],[55.114998,80.743866],[55.0655440000001,80.733871],[55.006386,80.727768],[54.87832600000013,80.719437],[54.841103,80.719711],[54.801659,80.720535],[54.666382,80.73359700000015],[54.66027100000014,80.739151],[54.666664,80.745529],[54.679718,80.752213],[54.686378,80.758606],[54.692764,80.7649990000001],[54.693047,80.771103],[54.673882000000106,80.77581800000013],[54.641663,80.779709],[54.596939,80.782761],[54.56221,80.781662],[54.431107,80.774704],[54.260277,80.768326]]],[[[58.092766,80.243591],[58.128326,80.2397],[58.163879,80.239426],[58.23082000000011,80.240814],[58.343605,80.236649],[58.462494,80.229156],[58.479156,80.224152],[58.477211,80.218323],[58.444153,80.174988],[58.435822000000144,80.168594],[58.406937,80.165817],[58.369438,80.167206],[58.169716,80.184143],[58.063324,80.195526],[58.052773000000116,80.201096],[58.01944,80.200272],[57.990547000000106,80.19720500000011],[57.941101,80.187485],[57.918602,80.18136600000014],[57.904434,80.174423],[57.902489,80.168594],[57.913322,80.163315],[57.963608000000136,80.148331],[57.974159,80.143051],[58.013054,80.109711],[58.017494,80.1041560000001],[57.994995,80.098038],[57.966103,80.095261],[57.900269,80.093597],[57.755554,80.096939],[57.718597,80.098328],[57.676941,80.101654],[57.647774,80.106094],[57.63501,80.110519],[57.578331,80.12136800000013],[57.5366590000001,80.124985],[57.43332700000013,80.124695],[57.40221400000013,80.126373],[57.271935,80.1660920000001],[57.238884,80.336105],[57.257217,80.381088],[57.273323,80.386658],[57.2686,80.392487],[57.203606,80.42469800000015],[57.186104000000114,80.42942800000014],[57.079163,80.452774],[56.994438,80.465546],[56.946381,80.474426],[56.964996,80.4791560000001],[57.264442,80.4897],[57.366661000000136,80.49220300000013],[57.404991,80.49081400000011],[57.61221300000011,80.487488],[57.714439,80.491653],[57.782494,80.493042],[57.818604,80.492752],[57.929718,80.49081400000011],[57.968323,80.489426],[58.047218,80.485809],[58.394997,80.468597],[58.48027,80.461655],[58.526939,80.452484],[58.677773,80.437195],[58.800827,80.428864],[59.152489,80.380539],[59.198601,80.371094],[59.245827,80.350266],[59.276382000000126,80.33415200000013],[59.27388,80.328323],[59.246384,80.324432],[59.21666,80.32165500000013],[58.792221,80.331375],[58.708046,80.338318],[58.636658000000125,80.339157],[58.607216,80.33638],[58.598698,80.32888],[58.598602,80.319443],[58.58194,80.313873],[58.54805,80.313034],[58.432495,80.318329],[58.4011,80.316666],[58.371658,80.313873],[58.183327,80.285263],[58.1336060000001,80.275269],[58.09221600000012,80.261108],[58.077774,80.25444],[58.075829,80.248322],[58.092766,80.243591]]],[[[54.508606,80.453323],[54.62027000000012,80.482483],[54.67305,80.49054],[54.714439,80.488586],[54.733047,80.48387100000014],[54.863052,80.450272],[54.862495,80.43830900000012],[54.849716000000114,80.425537],[54.830826,80.41832],[54.806938,80.41304],[54.668327,80.395538],[54.637215,80.3936000000001],[54.565269,80.3936000000001],[54.454712,80.394714],[54.413879,80.396652],[54.376381,80.400269],[54.37027,80.405823],[54.396385,80.409988],[54.45166,80.41543600000011],[54.496101,80.44664],[54.508606,80.453323]]],[[[54.988884,80.421371],[55.0177690000001,80.4244230000001],[55.103073,80.42330900000013],[55.122215,80.42276],[55.153603,80.42469800000015],[55.179993,80.428864],[55.20388,80.434143],[55.210548,80.440536],[55.226097,80.446365],[55.252495,80.450272],[55.286385,80.451385],[55.324997,80.450272],[55.343323,80.445251],[55.361107,80.434418],[55.366936,80.428864],[55.313049,80.393326],[55.303879,80.387772],[55.20082900000011,80.370529],[55.167496,80.369431],[54.983604,80.411377],[54.977486,80.416931],[54.988884,80.421371]]],[[[55.819717,80.4272],[55.873047,80.435257],[55.913879,80.433044],[56.029991,80.426086],[56.206940000000145,80.41081200000013],[56.286942000000124,80.40387],[56.311104,80.399429],[56.322495,80.39415],[56.327774,80.388596],[56.30804400000011,80.381363],[56.2594380000001,80.371094],[56.22332,80.371368],[55.979713,80.38472],[55.82222,80.397491],[55.791664,80.40165700000011],[55.78611000000012,80.407211],[55.7930530000001,80.41360500000013],[55.80275,80.41714500000012],[55.819717,80.4272]]],[[[58.54860700000012,80.618042],[58.600273,80.627762],[58.80582400000014,80.646942],[58.844711,80.645538],[58.85527,80.640274],[58.806381,80.582764],[58.769989,80.583054],[58.5655440000001,80.595535],[58.537773,80.60582],[58.539719000000105,80.611649],[58.54860700000012,80.618042]]],[[[58.010551,80.641098],[58.021378,80.635818],[58.034996,80.61914100000013],[58.03138,80.607208],[57.923882,80.562195],[57.900543,80.556366],[57.870827,80.553314],[57.8022160000001,80.551926],[57.52804600000013,80.547485],[57.489433,80.548874],[57.264717,80.583054],[57.240547,80.587494],[57.218048000000124,80.598038],[57.213051,80.603592],[57.229431,80.609146],[57.257217,80.61331200000012],[57.282707,80.61473100000012],[57.314713,80.618317],[57.369987,80.626083],[57.384438,80.633041],[57.392494,80.63916],[57.41610000000014,80.641937],[57.602219000000105,80.639435],[57.84388,80.641373],[57.975822,80.643875],[58.010551,80.641098]]],[[[53.87249,80.54693600000013],[53.853325,80.551651],[53.840271,80.56275900000014],[53.8394320000001,80.580551],[53.844711,80.599152],[53.871101000000124,80.603317],[53.902771,80.605255],[53.968323,80.608597],[54.00750000000011,80.60748300000012],[54.205269,80.593048],[54.274712,80.585541],[54.312767,80.576096],[54.28638500000011,80.57193],[54.220825000000104,80.568878],[54.18943,80.56666600000011],[54.160271,80.563599],[54.13916,80.55748],[54.133049,80.55108600000011],[54.151932,80.54609700000015],[54.189713,80.542755],[54.301659,80.541656],[54.379715,80.539703],[54.411377,80.535812],[54.45888500000012,80.498032],[54.464996,80.474426],[54.45888500000012,80.46804800000012],[54.330276,80.422485],[54.301659,80.41914400000013],[54.26805100000013,80.41832],[54.229431,80.41914400000013],[54.192215,80.42276],[54.16721300000012,80.426926],[54.14222,80.431366],[54.129433,80.436646],[54.11055,80.44136000000015],[54.054161,80.4497070000001],[53.9727630000001,80.4561],[53.848877,80.462204],[53.811378000000104,80.465546],[53.779991,80.469437],[53.799721,80.473312],[53.830826,80.47554],[53.856941,80.479706],[53.856659,80.48553500000014],[53.83141300000011,80.499969],[53.944153,80.518051],[53.967766,80.523041],[53.967491,80.52916],[53.954994,80.53442400000012],[53.929436,80.53858900000012],[53.898048,80.54248],[53.87249,80.54693600000013]]],[[[55.015831,80.556931],[55.12665600000014,80.51638800000012],[55.163322,80.500824],[55.16304800000012,80.494705],[55.149994,80.488037],[55.053879,80.467484],[55.01998900000012,80.466385],[54.947487,80.46666],[54.87137600000011,80.4711],[54.846657,80.47554],[54.68721000000011,80.511932],[54.665588,80.51939400000015],[54.653603,80.523041],[54.641106,80.528046],[54.647491,80.53442400000012],[54.65638,80.539703],[54.675552,80.54721100000012],[54.704437,80.550262],[54.850548,80.549988],[54.88472,80.55108600000011],[54.9161,80.55304000000012],[54.969437,80.561371],[54.997215,80.56192],[55.015831,80.556931]]],[[[57.531105,81.123596],[57.377487,81.12442],[57.153603,81.14637800000014],[56.994713,81.16554300000013],[57.00972,81.172211],[57.067497,81.17997700000012],[57.08329,81.18139600000012],[57.18693500000012,81.187759],[57.460823,81.21775800000012],[57.733047,81.232208],[57.874161,81.237198],[57.91054500000013,81.238037],[57.949432000000115,81.237762],[57.981377,81.233597],[58.068886000000134,81.214996],[58.080551,81.209717],[58.058044,81.202774],[57.775269,81.149429],[57.721931,81.139709],[57.692764,81.135818],[57.564995,81.12525900000014],[57.531105,81.123596]]],[[[59.766388,81.170258],[59.729988,81.16970800000013],[59.576103,81.171371],[59.496941,81.173309],[59.085266,81.193588],[59.039993,81.197205],[59.015274,81.20166],[59.010826,81.207214],[59.015511,81.212097],[59.095825000000104,81.220535],[59.17527,81.218872],[59.411934,81.214157],[59.643608,81.211655],[59.684433,81.210266],[59.727486,81.20776400000011],[59.763611,81.204712],[59.788048,81.200272],[59.840828,81.185532],[59.84471100000013,81.17997700000012],[59.832771,81.17469800000015],[59.800545,81.171921],[59.766388,81.170258]]],[[[60.25416600000011,69.688583],[60.205551,69.679428],[60.186104,69.67997700000012],[60.167213,69.684708],[60.158325,69.690262],[60.142769,69.69497700000011],[60.10443900000013,69.704163],[60.085548,69.708603],[60.040276,69.716934],[60.019989,69.718597],[60.001663,69.71804800000012],[59.971375,69.709427],[59.943321,69.69859300000013],[59.93055,69.691925],[59.92083,69.685532],[59.911934,69.666382],[59.885551,69.683044],[59.876656,69.688583],[59.858604,69.691925],[59.839157,69.69247400000012],[59.766106,69.689697],[59.745544,69.69136000000015],[59.601662,69.7124940000001],[59.578331000000105,69.725815],[59.54277000000013,69.748032],[59.53388200000012,69.75360100000012],[59.548332,69.774994],[59.556656,69.782486],[59.576103,69.781937],[59.591934,69.776932],[59.611382,69.776657],[59.620827,69.782761],[59.625824,69.78997800000013],[59.616386,69.808594],[59.610825,69.81442300000015],[59.439156,69.881088],[59.4230500000001,69.885818],[59.403877,69.890274],[59.384163000000115,69.890823],[59.332497,69.884995],[59.295547,69.883606],[59.27582600000011,69.884155],[59.123878,69.91192600000011],[59.00332600000013,69.93386800000013],[58.958603,69.94053600000012],[58.94249,69.937485],[58.941101,69.9308170000001],[58.998329,69.910812],[59.017769,69.906647],[59.06916,69.892487],[59.085266,69.887772],[59.113884,69.877762],[59.12276500000013,69.872208],[59.128326,69.866379],[59.127213,69.859711],[59.11332700000014,69.854156],[59.038605,69.852203],[59.017769,69.853867],[58.671104,70.010269],[58.649162,70.02082800000011],[58.621376,70.037491],[58.588043,70.059982],[58.572769,70.071381],[58.57054900000014,70.077774],[58.575272,70.084991],[58.59388,70.113312],[58.608887,70.13749700000011],[58.606659,70.1436],[58.588043,70.174423],[58.582214,70.180267],[58.568329,70.182755],[58.517212,70.179703],[58.49499500000013,70.19026200000013],[58.4086,70.250275],[58.409714,70.256943],[58.421379,70.264709],[58.436378,70.26915],[58.490273,70.269989],[58.59415400000012,70.259155],[58.61055,70.25444],[58.638329,70.23803700000013],[58.654709,70.2333220000001],[58.673325,70.22998],[58.782768,70.213318],[58.821381,70.213608],[58.824715,70.218048],[58.788048,70.253876],[58.680824,70.28804],[58.648048,70.297485],[58.631660000000124,70.325821],[58.75666,70.3936],[58.867493,70.431931],[59.003609,70.473038],[59.018883,70.477478],[59.033051,70.478867],[59.042496,70.47331200000013],[59.04471600000011,70.467209],[59.034996,70.453049],[59.044159,70.447479],[59.106102,70.42804000000012],[59.249435,70.38443000000012],[59.308884,70.371368],[59.334435,70.361099],[59.352776,70.349991],[59.40416,70.316086],[59.415543,70.30442800000014],[59.430275,70.29275500000011],[59.461105,70.276657],[59.640831,70.196365],[59.76416,70.167755],[59.773048,70.161926],[59.778603,70.156097],[59.815269,70.124695],[59.87027,70.110809],[59.928604,70.097488],[60.079437,70.062485],[60.256104,69.989426],[60.321106,69.963608],[60.357216,69.953049],[60.373604,69.9561],[60.412766,69.95498700000013],[60.424995,69.949707],[60.477486,69.916092],[60.547775,69.805817],[60.546104,69.799149],[60.439713,69.743591],[60.269157,69.6927490000001],[60.25416600000011,69.688583]]],[[[59.381660000000124,81.324158],[59.378876,81.318329],[59.369438,81.31192],[59.350548,81.306366],[59.320274,81.30276500000014],[59.053322,81.28498800000011],[58.977768,81.284714],[58.641106,81.30276500000014],[58.489433,81.319443],[58.4711,81.324158],[58.461937,81.335266],[58.461937,81.338593],[58.4711,81.344986],[58.697487,81.38165300000014],[58.759995,81.38832100000013],[58.854996,81.397491],[58.954994,81.404709],[58.99665800000014,81.40332],[59.086655,81.397217],[59.128044,81.392487],[59.267769,81.370255],[59.29277,81.365814],[59.339989,81.350815],[59.373322,81.335266],[59.381660000000124,81.324158]]],[[[57.109993,81.253601],[57.078331,81.250549],[56.869987,81.22526600000015],[56.75666,81.208603],[56.624435,81.183594],[56.57666000000012,81.171646],[56.55027,81.166656],[56.519157,81.16387900000012],[56.483047,81.162766],[56.441933,81.16415400000011],[56.409431,81.168045],[56.390549,81.17276],[56.38472,81.178314],[56.38582600000012,81.184418],[56.393608,81.190536],[56.394714,81.19664],[56.3836060000001,81.207489],[56.371101,81.212769],[56.344994,81.217209],[56.312492,81.2211],[56.2686,81.22331200000013],[56.229988,81.22360200000014],[56.19609800000012,81.221649],[56.164711,81.2185970000001],[56.018883,81.199997],[55.925552,81.191086],[55.855827,81.18803400000013],[55.615829,81.193588],[55.585266,81.19664],[55.57249500000012,81.20166],[55.566383,81.207214],[55.556335000000104,81.219162],[55.564713,81.221924],[55.579437,81.234421],[55.586937,81.240814],[55.610275,81.27165200000013],[55.57972,81.274429],[55.543327,81.273605],[55.47332,81.270538],[55.431664,81.27165200000013],[55.432213,81.277771],[55.466103,81.319717],[55.490547,81.32222000000013],[55.859161,81.32083100000011],[55.893883,81.319443],[56.114716,81.28970300000015],[56.23027000000013,81.27388],[56.455826000000116,81.257217],[56.531662,81.2544400000001],[56.570549,81.2544400000001],[56.60193600000014,81.257217],[56.603325,81.263321],[56.579437,81.26832600000012],[56.475266,81.285812],[56.4561,81.290543],[56.443604,81.295822],[56.387772,81.32193000000012],[56.332771,81.376083],[56.33387800000014,81.38220200000012],[56.365829,81.384995],[56.43943000000013,81.386658],[56.631378,81.387772],[56.709991,81.387497],[56.75193800000011,81.386383],[57.024162,81.376373],[57.1105500000001,81.369431],[57.143326,81.36554000000012],[57.169441,81.361099],[57.273048,81.343323],[57.458046,81.313599],[57.49749,81.309708],[57.534164,81.310532],[57.563606,81.314423],[57.588326,81.320267],[57.615547000000106,81.325272],[57.649994,81.327209],[57.693878,81.324707],[57.891106,81.295532],[57.902771,81.290268],[57.887215,81.283875],[57.857773,81.27998400000013],[57.78943600000014,81.274704],[57.716103,81.27304100000015],[57.633606,81.275818],[57.51666300000011,81.276657],[57.411934,81.272217],[57.377769000000114,81.270264],[57.109993,81.253601]]],[[[54.29361,81.33332800000011],[54.421936,81.276093],[54.421936,81.270264],[54.393608,81.266098],[54.35471300000012,81.266098],[54.317215,81.2686],[54.29694400000011,81.27304100000015],[54.269989,81.283325],[54.25976600000013,81.291702],[54.257774,81.29081700000012],[54.230545,81.301086],[54.114716,81.34721400000012],[54.11721,81.352203],[54.153877,81.353317],[54.198601,81.35108900000012],[54.239159,81.347763],[54.279991,81.338318],[54.29361,81.33332800000011]]],[[[59.722214,81.283325],[59.748047,81.289154],[59.7783280000001,81.293045],[59.861725,81.300262],[59.88724500000012,81.302704],[59.960823,81.303864],[60.110275,81.305252],[60.188324,81.304153],[60.426102,81.29914900000011],[60.510277,81.294983],[60.55555,81.291367],[60.59360500000014,81.287201],[60.624992,81.283051],[60.635269,81.277771],[60.63888500000013,81.272217],[60.635269,81.266388],[60.611107,81.25943],[60.580826000000116,81.25582900000012],[60.48333,81.247757],[60.45082900000011,81.2452550000001],[60.377487,81.244141],[60.334717,81.246643],[60.208328,81.256943],[60.14554600000014,81.265549],[60.107216,81.26944],[60.066383,81.270828],[59.99305,81.269714],[59.874161,81.272217],[59.833328,81.273605],[59.746941,81.27887],[59.722214,81.283325]]],[[[56.04916400000013,81.039429],[56.089714,81.038315],[56.12860100000012,81.034424],[56.410545,81.00138900000013],[56.442764,80.997482],[56.599998,80.978317],[56.625267,80.973877],[56.624161,80.967758],[56.616386,80.96138],[56.615273,80.955551],[56.620544,80.949997],[56.64444,80.939697],[56.67499500000014,80.929703],[56.749161,80.9102630000001],[56.774162,80.905823],[56.855827,80.892761],[56.932213000000104,80.885544],[57.021378,80.87886],[57.103607,80.875259],[57.183327,80.872757],[57.225548,80.870255],[57.301384,80.862762],[57.50833100000011,80.839157],[57.60193600000014,80.8269350000001],[57.626381,80.82222],[57.716103,80.798035],[57.720825000000104,80.79248000000013],[57.719154,80.786377],[57.70416300000011,80.779709],[57.541382,80.73997500000013],[57.51332900000011,80.736099],[57.369156,80.718597],[57.25332600000013,80.70498700000013],[57.163322,80.694427],[57.130821,80.692474],[57.096382,80.691925],[57.059433,80.691925],[57.017769,80.694427],[56.988327,80.704437],[56.930275,80.730545],[56.83416000000011,80.760269],[56.681381,80.798599],[56.631660000000124,80.80748000000011],[56.545273,80.813034],[56.468048,80.814423],[56.29694400000011,80.8247070000001],[56.220825,80.83194000000015],[56.178604,80.834152],[56.1013870000001,80.835541],[56.033607,80.832489],[55.993881,80.833878],[55.808884,80.852203],[55.777214,80.856369],[55.764717,80.86137400000013],[55.766937,80.879425],[55.761108,80.884995],[55.725266,80.887497],[55.687492000000134,80.887772],[55.654991,80.885544],[55.577217,80.886932],[55.556656,80.88916],[55.53110500000014,80.8936],[55.42305,80.916656],[55.403877,80.921371],[55.378876000000105,80.931656],[55.372765,80.937195],[55.399994,80.950821],[55.400543,80.95665],[55.388046000000145,80.961929],[55.362213,80.966095],[55.31916,80.968323],[55.291382,80.964432],[55.239159,80.953323],[55.208885,80.95054600000014],[55.171104,80.95054600000014],[55.095268,80.95054600000014],[54.984436,80.949707],[54.954712,80.952774],[54.915825,80.962204],[54.883606,80.971924],[54.883881,80.97804300000013],[54.871658,80.99498000000011],[54.845543,80.99942],[54.812767,81.003326],[54.724709,80.993042],[54.659157,80.988876],[54.618599,80.989975],[54.494438,80.99414100000013],[54.457771,80.996643],[54.431381,81.00109900000012],[54.418327,81.006104],[54.424995,81.018326],[54.429459,81.024155],[54.440826,81.03610200000014],[54.45388,81.04275500000011],[54.609161,81.110535],[54.634438,81.11554],[54.690269,81.123596],[54.749435,81.109711],[54.939713,81.079712],[54.97804300000013,81.079712],[55.11610400000012,81.070267],[55.185547,81.063873],[55.302773000000116,81.047211],[55.425827,81.024994],[55.464157,81.015549],[55.483604,81.010818],[55.522491,81.007217],[55.565544,81.00499],[55.598602,81.006943],[55.819717,81.024704],[55.97804300000013,81.0374910000001],[56.011108,81.039429],[56.04916400000013,81.039429]]],[[[56.952217,81.069717],[56.990829,81.065811],[57.129433,81.05470300000013],[57.216103,81.059708],[57.247215,81.062485],[57.28110500000014,81.060806],[57.486656,81.04637100000014],[57.51194,81.041931],[57.657768,81.010269],[57.658043,81.00665300000014],[57.662766,81.00109900000012],[57.686104,80.99054],[57.697487,80.985535],[57.727211,80.975266],[57.770271,80.966095],[57.864441,80.953598],[57.902489,80.949707],[57.98943300000013,80.943863],[58.069443,80.94136],[58.153877,80.936371],[58.236107,80.929153],[58.267212,80.924988],[58.278603,80.919708],[58.25222,80.914703],[58.078049000000135,80.892761],[57.86610400000012,80.8541560000001],[57.774162,80.845825],[57.736656,80.8461],[57.610275,80.856644],[57.534721,80.864151],[57.389992,80.879425],[57.226379,80.899719],[57.20166,80.90416],[57.203049,80.9102630000001],[57.217766,80.916931],[57.233879000000115,80.929428],[57.22387700000013,80.940536],[57.20555100000013,80.945526],[57.18055,80.949997],[57.14222,80.953598],[57.061935,80.9561],[56.97665400000011,80.960815],[56.93832400000014,80.964432],[56.909431,80.980545],[56.89222,80.991089],[56.893608,80.997208],[56.869156,81.011108],[56.786659,81.024155],[56.665268,81.040543],[56.404991,81.064423],[56.199432000000115,81.0811],[56.1586,81.082214],[56.122215,81.084717],[56.096382,81.089157],[56.097214,81.094986],[56.104507,81.103073],[56.109993,81.108871],[56.124161,81.11554],[56.155266,81.118317],[56.185265,81.11554],[56.242493,81.101089],[56.288048,81.0977630000001],[56.32638500000013,81.0977630000001],[56.359993000000145,81.099716],[56.388329,81.1035920000001],[56.421661,81.105545],[56.633606,81.10582],[56.67193600000013,81.105545],[56.71527100000014,81.10331700000012],[56.78638500000011,81.095535],[56.850548,81.087494],[56.876099,81.083054],[56.894714,81.078049],[56.920273,81.073608],[56.952217,81.069717]]],[[[58.796387,81.0852660000001],[58.787216000000114,81.078873],[58.75804900000014,81.073318],[58.690544,81.069992],[58.609718,81.071106],[58.564713,81.074432],[58.546661,81.079437],[58.546631,81.08473200000014],[58.515274,81.104431],[58.537773,81.108032],[58.632492,81.112762],[58.67083,81.112488],[58.713608000000136,81.109985],[58.79694400000011,81.102768],[58.808044,81.09748800000011],[58.796387,81.0852660000001]]],[[[58.339714,81.091934],[58.369156,81.088882],[58.658882,81.041092],[58.683327,81.03637700000013],[58.694435,81.031372],[58.6988750000001,81.025543],[58.696381,81.019714],[58.591103,80.960815],[58.564438,80.955826],[58.533333,80.953049],[58.399994000000106,80.94609100000014],[58.27777100000014,80.951096],[58.24665800000014,80.955261],[58.197487,80.964432],[57.86610400000012,81.034149],[57.847969,81.03920000000011],[57.83416000000011,81.0452580000001],[57.836105,81.051376],[58.012772,81.107208],[58.051102,81.106934],[58.084991,81.105255],[58.339714,81.091934]]],[[[64.786652,80.786377],[64.695251,80.776093],[64.666382,80.771652],[64.615265,80.75833100000011],[64.586655,80.753601],[64.30304,80.72998],[64.237762,80.72637900000012],[64.202484,80.72608900000012],[64.165817,80.726929],[63.922768,80.721375],[63.757774,80.713318],[63.587494,80.713318],[63.466385,80.700272],[63.373604,80.691925],[63.212494,80.681656],[63.141106,80.681931],[63.10277600000012,80.68386800000013],[63.088512,80.688217],[63.086937,80.693588],[63.078331000000105,80.69886800000012],[63.00999500000012,80.718872],[62.93277,80.733322],[62.728325,80.7705380000001],[62.53833,80.802475],[62.509163000000115,80.80693100000013],[62.504166,80.818329],[62.508606,80.824158],[62.519714,80.83055100000013],[62.557465,80.844116],[62.57582900000011,80.8461],[62.91332200000011,80.90277100000014],[62.966660000000104,80.914154],[62.984993,80.920532],[63.007774,80.93304400000011],[63.037216000000114,80.945816],[63.087494000000106,80.959152],[63.11610400000012,80.96388200000013],[63.306099,80.98082],[63.34027100000014,80.98220800000013],[63.376099,80.98248300000012],[63.666664,80.982758],[63.823051,80.97804300000013],[63.901382,80.974152],[63.939156,80.973602],[63.973320000000115,80.974701],[64.06553600000012,80.98526],[64.094711,80.9897],[64.122208,80.995529],[64.148041,81.002213],[64.166931,81.0086060000001],[64.19136000000015,81.020828],[64.196365,81.026657],[64.216095,81.0558170000001],[64.19914200000011,81.066666],[64.128036,81.081375],[64.119431,81.086929],[64.118042,81.09248400000013],[64.233597,81.153595],[64.245819,81.15971400000012],[64.265274,81.166092],[64.29332000000011,81.171646],[64.418869,81.185257],[64.483597,81.191086],[64.550262,81.195816],[64.662766,81.197205],[64.701096,81.196365],[64.820831,81.190536],[64.863876,81.186371],[65.035812,81.16554300000013],[65.07193,81.161102],[65.187759,81.142761],[65.216934,81.13804600000014],[65.238586,81.1330410000001],[65.2686,81.123032],[65.269714,81.117203],[65.27859500000011,81.106369],[65.294708,81.095535],[65.349152,81.063599],[65.45248400000014,81.027771],[65.470261,80.92804],[65.464432,80.92221100000012],[65.444702,80.91581700000012],[65.391937,80.902481],[65.23526,80.867477],[65.046097,80.820541],[65.033875,80.814423],[65.00776700000011,80.8077550000001],[64.978867,80.803314],[64.917755,80.796371],[64.786652,80.786377]]],[[[50.4786,81.056931],[50.47637900000012,81.063034],[50.467766,81.06832900000012],[50.446381,81.073044],[50.418602,81.076935],[50.384163000000115,81.080551],[50.356102,81.084717],[50.347488,81.09027100000014],[50.3647160000001,81.118042],[50.492767,81.156647],[50.516388,81.161926],[50.54860700000012,81.16415400000011],[50.738327,81.166931],[50.782768,81.164993],[50.817497,81.161377],[50.924713,81.13888500000013],[50.93943000000013,81.133881],[50.948044,81.128311],[50.973045,81.111923],[50.981377,81.106369],[50.98333000000014,81.10054],[50.9786,81.094147],[50.955269,81.088882],[50.88472,81.08638],[50.74943500000012,81.078873],[50.597214,81.046097],[50.435547,81.008881],[50.410271,81.00943],[50.388885,81.01416],[50.373878,81.018875],[50.3780440000001,81.025269],[50.388885,81.032211],[50.408882,81.038589],[50.415245,81.039459],[50.458328,81.050812],[50.4786,81.056931]]],[[[58.32083100000011,81.140274],[58.345543,81.146103],[58.37249,81.151093],[58.40665400000012,81.152771],[58.48333,81.152206],[58.567215,81.148331],[58.61249500000014,81.14471400000014],[58.637215,81.140274],[58.648605,81.13499500000012],[58.639435,81.12886],[58.612213,81.123871],[58.58055100000013,81.121094],[58.476936,81.116928],[58.445267,81.114151],[58.41137700000013,81.112488],[58.370827,81.113876],[58.328049,81.11637900000011],[58.2061,81.120255],[58.16082,81.123871],[58.149437,81.12886],[58.167213,81.13472000000013],[58.215881,81.136353],[58.32083100000011,81.140274]]],[[[60.024994,80.991653],[60.034996,80.998032],[60.051384,81.004715],[60.083054,81.007217],[60.101089,81.00747700000011],[60.159714,81.011658],[60.21888000000013,81.01915],[60.246384,81.02388000000013],[60.395271,81.05748],[60.630272,81.089157],[60.660271,81.092758],[60.756386,81.100815],[61.066383,81.11554],[61.169159,81.120255],[61.239716,81.12220800000011],[61.38472000000013,81.124146],[61.49749,81.123306],[61.53749800000014,81.12164300000012],[61.65416,81.110809],[61.6560970000001,81.093872],[61.63333100000011,81.053864],[61.629433,81.04776],[61.60804700000011,81.035538],[61.583603,81.028595],[61.380547,80.979156],[61.143608,80.929428],[61.08416,80.92192100000011],[61.05249,80.919434],[60.985268,80.9160920000001],[60.914154,80.915268],[60.839157000000114,80.91638200000011],[60.482765,80.930542],[60.399162,80.935806],[60.331940000000145,80.944138],[60.065544,80.978592],[60.041939,80.9833220000001],[60.024994,80.991653]]],[[[63.463051,81.71388200000013],[63.60083,81.701935],[63.639435000000105,81.697754],[63.70166,81.688873],[63.749435,81.679428],[63.782494,81.669434],[63.791664,81.664154],[63.802773,81.65332000000012],[63.79193900000013,81.641663],[63.76666300000011,81.629425],[63.746658,81.623032],[63.692764,81.609711],[63.539436,81.587204],[63.506943,81.583878],[63.470825,81.58248900000012],[63.429161,81.584152],[63.385551000000135,81.58692900000011],[63.186378000000104,81.59082],[63.07054900000014,81.59082],[63.028877,81.592484],[62.726379,81.61026],[62.68055,81.614151],[62.61055,81.622482],[62.530548,81.63638300000014],[62.506386,81.641098],[62.503609,81.646652],[62.444435,81.65332000000012],[62.265831,81.665543],[62.221657,81.66832000000011],[62.141106,81.669434],[62.104164,81.67248500000011],[62.108604,81.67831400000011],[62.13694,81.68414300000012],[62.161926,81.687195],[62.184715,81.69165],[62.215271,81.696091],[62.24749,81.699707],[62.38888500000013,81.707489],[62.68055,81.718872],[62.716934,81.720261],[62.755272,81.7208250000001],[62.788605,81.71971100000013],[62.80555,81.714706],[62.793327,81.708603],[62.764717,81.703049],[62.96554600000013,81.708603],[63.105827,81.717209],[63.217209,81.720261],[63.296104,81.719986],[63.33638,81.719147],[63.463051,81.71388200000013]]],[[[58.29969,81.590927],[58.29471600000011,81.596375],[58.296944,81.602203],[58.306381,81.608322],[58.3394320000001,81.611099],[58.377213,81.6119230000001],[58.568604,81.614426],[58.64888,81.61360200000013],[58.689156,81.609711],[58.714996,81.60525500000011],[58.719711,81.59971600000011],[58.717209,81.593872],[58.700546000000145,81.587494],[58.674713,81.581665],[58.490829,81.558868],[58.455551,81.556931],[58.420273,81.558868],[58.27166,81.57222],[58.231659,81.576096],[58.226654,81.581375],[58.29969,81.590927]]],[[[61.843605,81.559418],[61.66443600000014,81.598038],[61.654434,81.603043],[61.684158,81.6077580000001],[61.77668000000011,81.608322],[61.848877,81.60498000000013],[61.997215,81.596375],[62.120544,81.584427],[62.152214,81.579987],[62.176384,81.575272],[62.193604,81.57026700000011],[62.203606,81.564987],[62.199158,81.559143],[62.178329,81.553864],[62.114716,81.546646],[62.080826,81.544144],[62.007217,81.542206],[61.967491,81.543045],[61.923882,81.5458220000001],[61.89222000000012,81.549988],[61.843605,81.559418]]],[[[58.035828,81.48414600000012],[58.119987,81.481659],[58.33027600000014,81.474701],[58.376938,81.471375],[58.409714,81.46720900000014],[58.435265,81.462769],[58.45388,81.457764],[58.54943800000012,81.422211],[58.572495,81.41192600000011],[58.570274,81.4060970000001],[58.5472180000001,81.399155],[58.327492,81.376373],[58.263054000000125,81.370819],[58.228325,81.369141],[58.080551,81.366379],[58.039162,81.367477],[57.833054,81.3766480000001],[57.793327,81.380539],[57.681381,81.391937],[57.576103,81.40387],[57.5711060000001,81.409424],[57.559158,81.414703],[57.539993,81.41943400000014],[57.48804500000011,81.428314],[57.441376,81.431656],[57.401657,81.43193100000013],[57.3647160000001,81.431091],[57.327774,81.428589],[57.106941,81.429703],[56.849716,81.439148],[56.80526700000013,81.44165],[56.76749400000011,81.444138],[56.74137900000011,81.44859300000013],[56.749435,81.454712],[56.774162,81.460815],[56.828331000000105,81.470825],[56.907398,81.502861],[56.944153,81.521652],[56.969711,81.524155],[57.04694400000011,81.524704],[57.248878,81.522491],[57.423607,81.531662],[57.4711,81.548035],[57.498878000000104,81.552765],[57.676941,81.560806],[57.714439,81.561646],[57.75444,81.561371],[57.792221,81.558594],[57.811378,81.553589],[57.823608,81.548599],[57.796661,81.529984],[57.8461,81.491928],[57.872215,81.487488],[57.916664,81.48526],[58.035828,81.48414600000012]]],[[[54.16777,80.214996],[54.177017,80.21856700000012],[54.21971100000013,80.25000000000011],[54.213608,80.25555400000013],[54.151657,80.281372],[54.145271,80.286926],[54.145271,80.293045],[54.151382,80.299423],[54.163322,80.306366],[54.200272,80.320831],[54.2211,80.327209],[54.24943500000012,80.330276],[54.285271,80.330276],[54.32222,80.326935],[54.396385,80.313873],[54.433327,80.304153],[54.439713,80.298599],[54.445824,80.28082300000011],[54.445541,80.262772],[54.43943000000013,80.23831200000012],[54.433327,80.23193400000014],[54.42110400000013,80.224991],[54.395271,80.220825],[54.221931,80.204163],[54.186378000000104,80.204163],[54.168053,80.208878],[54.16777,80.214996]]],[[[50.182213,80.1455380000001],[50.149994,80.14415],[50.12027000000012,80.141937],[50.101936,80.135544],[50.09221600000012,80.12831100000011],[50.07888000000014,80.11499000000015],[50.048332,80.081375],[50.088043,80.07222],[50.084435,80.065811],[50.06610100000012,80.059143],[50.039436,80.055817],[50.007217,80.05442800000014],[49.972488,80.054153],[49.931938,80.055817],[49.89444,80.058868],[49.87435900000014,80.06366],[49.810822,80.094437],[49.695541000000105,80.109711],[49.583328,80.131653],[49.5430530000001,80.140823],[49.534721,80.146103],[49.53221100000013,80.152206],[49.541664,80.159149],[49.559715,80.16554300000013],[49.601936,80.1766510000001],[49.625824,80.181091],[49.895271,80.227768],[49.922218,80.231369],[49.952217,80.233597],[50.020271,80.235535],[50.099716,80.233322],[50.143608,80.230545],[50.1813810000001,80.227203],[50.23333000000014,80.21914700000013],[50.273323,80.209991],[50.307213,80.200272],[50.321381,80.195251],[50.329437,80.189697],[50.333603,80.177765],[50.32972,80.17109700000015],[50.313881,80.163605],[50.276657,80.150818],[50.252777,80.146378],[50.220268,80.144989],[50.182213,80.1455380000001]]],[[[-178.320038,71.515259],[-178.314453,71.511093],[-178.327515,71.509331],[-178.330841,71.50553900000011],[-178.246094,71.478867],[-178.22998,71.475525],[-178.20752,71.47526600000015],[-178.182526,71.475815],[-178.161987,71.478867],[-178.140564,71.48025500000011],[-178.124176,71.476929],[-178.061707,71.462204],[-178.017548,71.44969200000014],[-178.005585,71.44413800000012],[-177.992523,71.425995],[-177.961945,71.396103],[-177.833313,71.3461],[-177.750336,71.319153],[-177.694733,71.301361],[-177.637268,71.284424],[-177.621399,71.28082300000011],[-177.601105,71.27941900000013],[-177.577484,71.281662],[-177.556976,71.284714],[-177.502838,71.277466],[-177.460541,71.248871],[-177.441406,71.23497],[-177.439453,71.226929],[-177.443909,71.22052],[-177.484467,71.176926],[-177.492249,71.17109700000015],[-177.513641,71.160797],[-177.620026,71.116638],[-177.633911,71.112198],[-177.710846,71.0930330000001],[-177.921967,71.041367],[-177.938904,71.037491],[-177.988617,71.03331],[-178.037231,71.03219600000011],[-178.077484,71.034973],[-178.121948,71.035538],[-178.170563,71.034134],[-178.223358,71.030823],[-178.243591,71.027771],[-178.297546,71.016922],[-178.357483,71.007477],[-178.463043,71.00053400000013],[-178.513947,70.998032],[-178.611115,70.995255],[-178.742798,70.986084],[-178.818604,70.979965],[-178.86499,70.975266],[-178.88504,70.97192400000012],[-178.951935,70.95665],[-179.031708,70.943863],[-179.251404,70.910538],[-179.274445,70.907761],[-179.324738,70.905243],[-179.486115,70.9124910000001],[-179.504181,70.914688],[-179.578064,70.934708],[-179.74472,70.96469100000013],[-179.929749,70.99720800000011],[-179.97226,70.998581],[-180,70.99720800000011],[-180,71.53584300000011],[-179.927246,71.535538],[-179.905273,71.544144],[-179.901474,71.550804],[-179.891113,71.556076],[-179.628601,71.577194],[-179.502258,71.5663760000001],[-179.305298,71.551361],[-179.227783,71.562195],[-179.217224,71.567215],[-179.202484,71.57916300000011],[-179.188629,71.583603],[-179.053894,71.597214],[-179.03421,71.597748],[-178.748322,71.580261],[-178.568604,71.564148],[-178.429443,71.5410920000001],[-178.394745,71.535248],[-178.34613,71.525269],[-178.33197,71.52052300000014],[-178.320038,71.515259]]],[[[147.346344,75.34971600000011],[147.332184,75.362198],[147.319702,75.367203],[147.297211,75.3702550000001],[147.27359000000013,75.370819],[147.248566,75.36775200000011],[147.232452,75.362198],[147.2069090000001,75.358032],[147.182739,75.356094],[147.165527,75.361374],[147.16775500000017,75.367203],[147.212189,75.384155],[147.33136,75.428864],[147.35662800000011,75.433044],[147.406097,75.437759],[147.45440700000017,75.438873],[147.59329200000013,75.44026200000013],[147.664429,75.438583],[147.732727,75.4308170000001],[147.84356700000012,75.409714],[147.86718800000017,75.40914900000013],[148.104401,75.406372],[148.14498900000012,75.406097],[148.19302400000015,75.407211],[148.302155,75.412552],[148.34024,75.416092],[148.36413600000014,75.4166560000001],[148.387756,75.416092],[148.41079700000012,75.414154],[148.432739,75.40998800000011],[148.56301900000017,75.381088],[148.574982,75.375809],[148.572479,75.36998],[148.54498300000012,75.340546],[148.53775,75.334991],[148.525543,75.329163],[148.496918,75.318054],[148.475525,75.312485],[148.45886200000018,75.306931],[148.444122,75.295258],[148.443573,75.2833250000001],[148.445526,75.277206],[148.452454,75.271103],[148.46386700000016,75.264709],[148.555817,75.216385],[148.578033,75.213318],[148.6008,75.21138000000013],[148.766083,75.21138000000013],[148.789978,75.211929],[148.887482,75.218597],[148.912476,75.221375],[148.948853,75.238312],[148.974396,75.242203],[149.055817,75.25444],[149.27719100000013,75.281097],[149.30218500000012,75.283875],[149.32608,75.28442400000012],[149.46273800000017,75.272766],[149.599396,75.261108],[149.643585,75.25499],[149.89444,75.231369],[149.939697,75.22747800000013],[149.963013,75.226654],[150.0122070000001,75.229706],[150.058594,75.228043],[150.104401,75.225266],[150.14831500000014,75.218872],[150.163879,75.2124940000001],[150.211639,75.18637100000012],[150.473297,75.09054600000013],[150.496918,75.091095],[150.521912,75.093597],[150.54776,75.097488],[150.62661700000012,75.112762],[150.64386,75.118317],[150.656372,75.123871],[150.66442900000015,75.129425],[150.667755,75.135544],[150.6663820000001,75.141663],[150.660522,75.148041],[150.66387900000018,75.15387],[150.684418,75.15664700000013],[150.82717900000011,75.1586],[150.873566,75.156937],[150.895264,75.153595],[150.953033,75.1394350000001],[150.90164200000015,75.13165300000014],[150.874969,75.1266480000001],[150.857727,75.121094],[150.819977,75.104431],[150.644989,75.001938],[150.641663,74.996094],[150.644135,74.983597],[150.684692,74.972488],[150.68997200000013,74.948029],[150.68801900000017,74.936096],[150.637482,74.8955380000001],[150.629669,74.889709],[150.603577,74.88443000000012],[150.576355,74.881363],[150.5086060000001,74.88499500000012],[150.46023600000012,74.88192700000013],[150.362732,74.873596],[150.140808,74.848877],[150.042206,74.837769],[149.831085,74.804977],[149.77832,74.796646],[149.761658,74.791092],[149.749695,74.785538],[149.73468,74.77388000000013],[149.73162800000011,74.76776100000012],[149.7196960000001,74.762207],[149.695801,74.760818],[149.649139,74.75972],[149.53469800000016,74.761383],[149.233856,74.759155],[149.20996100000013,74.757492],[149.163605,74.75665300000014],[149.025818,74.757217],[148.979675,74.757492],[148.704407,74.759995],[148.681641,74.760818],[148.63665800000012,74.76332100000013],[148.300537,74.785538],[148.256104,74.789154],[148.23413100000016,74.792206],[148.127441,74.813309],[148.025269,74.834427],[147.83468600000015,74.890274],[147.7271730000001,74.923309],[147.724976,74.929428],[147.718018,74.935806],[147.70190400000013,74.9422],[147.658875,74.950546],[147.592468,74.959427],[147.547485,74.963043],[147.45523100000014,74.965546],[147.408875,74.965546],[147.385254,74.964706],[147.339417,74.966095],[147.31665,74.96775800000012],[147.27249100000017,74.97360200000014],[147.14025900000013,74.993866],[147.118286,74.998032],[147.09692400000017,75.00332600000013],[147.054962,75.016388],[146.97525,75.0410920000001],[146.890808,75.067215],[146.73941000000013,75.103317],[146.67358400000012,75.11554000000012],[146.47189300000014,75.143875],[146.380249,75.15081800000013],[146.357727,75.153595],[146.313019,75.160538],[146.17996200000016,75.184982],[146.136108,75.195526],[146.08081100000015,75.214706],[146.07330300000012,75.220825],[146.070251,75.226654],[146.072205,75.232758],[146.094421,75.244431],[146.126343,75.255554],[146.14886500000011,75.267212],[146.161926,75.27887],[146.170258,75.290817],[146.18692,75.344437],[146.2446900000001,75.42248500000011],[146.35800200000017,75.558319],[146.3780210000001,75.57609600000012],[146.38916000000017,75.58055100000013],[146.414978,75.586105],[146.464691,75.591095],[146.489136,75.59166],[146.507263,75.587189],[146.624969,75.560532],[146.64749100000017,75.55525200000011],[146.664429,75.548874],[146.772217,75.501099],[146.749115,75.4897],[146.724121,75.486649],[146.6997070000001,75.48471100000012],[146.678589,75.479156],[146.62912,75.432205],[146.631897,75.426376],[146.639435,75.419983],[146.76971400000014,75.370529],[146.836365,75.35693400000014],[146.972198,75.33831800000013],[147.01831100000015,75.334717],[147.1113590000001,75.33027600000014],[147.135254,75.330826],[147.184143,75.334427],[147.33136,75.347763],[147.346344,75.34971600000011]]],[[[97.969437,80.715546],[97.963608,80.701385],[97.753601,80.676376],[97.486099,80.665543],[97.272766,80.66832000000011],[97.164993,80.664154],[97.12915,80.66276600000015],[97.05304,80.58831800000013],[97.0452580000001,80.580551],[97.015549,80.541367],[97.01332100000013,80.53442400000012],[97.01944000000015,80.521378],[97.078598,80.507767],[97.112198,80.498032],[97.140549,80.487762],[97.149155,80.481934],[97.205826,80.428314],[97.21192900000011,80.415543],[97.207214,80.401093],[97.195526,80.39444],[97.187485,80.386658],[97.185257,80.379425],[97.194427,80.359985],[97.205826,80.347488],[97.21998600000012,80.342484],[97.239151,80.337769],[97.281662,80.337494],[97.316666,80.33888200000013],[97.357483,80.336929],[97.415268,80.323318],[97.423599,80.317215],[97.426376,80.310806],[97.418594,80.30304],[97.403046,80.297211],[97.3641510000001,80.286926],[97.158875,80.233597],[96.995529,80.226089],[96.8435970000001,80.22554],[96.805252,80.224991],[96.774704,80.222488],[96.6519320000001,80.222763],[96.35859700000015,80.216934],[96.09082,80.212769],[95.964157,80.21360800000014],[95.929977,80.212204],[95.56469700000014,80.192474],[95.511932,80.185806],[95.50138900000013,80.178864],[95.4869230000001,80.17276],[95.43830900000012,80.165268],[95.378036,80.160263],[95.073044,80.136383],[95.031097,80.136383],[94.847488,80.140823],[94.80970800000011,80.13998400000014],[94.795532,80.133881],[94.789429,80.126083],[94.775543,80.11998],[94.715546,80.11499000000015],[94.681656,80.113312],[94.641098,80.11499000000015],[94.605545,80.117477],[94.486099,80.107208],[94.476089,80.100266],[94.462494,80.094147],[94.39109800000011,80.073318],[94.262497,80.056366],[94.181366,80.046936],[94.122208,80.041656],[94.0038760000001,80.031372],[93.82554600000014,80.007217],[93.782486,79.998322],[93.753052,79.995819],[93.719711,79.994141],[93.678314,79.994141],[93.400543,80.020538],[93.292206,80.031372],[93.139709,80.06776400000012],[92.99054,80.10331700000012],[92.964996,80.106934],[92.934143,80.10998500000011],[92.872757,80.11581400000011],[92.811371,80.12164300000012],[92.759995,80.12886],[92.677475,80.13916],[92.621094,80.145828],[92.517212,80.151657],[92.311096,80.157486],[92.105255,80.164703],[92.082489,80.1660920000001],[92.061646,80.170258],[92.078598,80.17553700000013],[92.099716,80.179977],[92.18397500000015,80.190338],[92.25305200000014,80.19497700000011],[92.59082000000012,80.18136600000014],[92.626923,80.179153],[92.657761,80.17608600000011],[92.73526,80.165268],[92.766098,80.162491],[92.8022,80.160263],[92.844147,80.160263],[92.873871,80.162766],[92.886932,80.168869],[92.881653,80.17553700000013],[92.860809,80.179703],[92.773315,80.18942300000015],[92.742203,80.1922],[92.701096,80.193863],[92.659988,80.195251],[92.623871,80.197479],[92.448318,80.209152],[92.417206,80.212204],[92.334152,80.222214],[92.255829,80.233047],[92.10720800000013,80.277481],[92.106369,80.284714],[92.136108,80.2874910000001],[92.26609800000011,80.283875],[92.359421,80.282211],[92.401657,80.282486],[92.469986,80.286102],[92.529709,80.291367],[92.593597,80.295822],[92.72998000000013,80.30304],[92.819153,80.3022],[92.933594,80.296097],[93.00610400000011,80.2916560000001],[93.104706,80.2836],[93.135818,80.28054800000012],[93.25499,80.26805100000013],[93.275543,80.263611],[93.305542,80.266388],[93.318878,80.27249100000012],[93.313873,80.27887],[93.272491,80.301926],[93.246643,80.305542],[93.148041,80.313873],[92.849716,80.320831],[92.811371,80.319992],[92.718048,80.314423],[92.658035,80.30886800000013],[92.555817,80.303589],[92.449142,80.29914900000011],[92.410812,80.29803500000014],[92.20694,80.295822],[92.076935,80.299423],[92.034424,80.299423],[91.958038,80.29748500000011],[91.813599,80.2916560000001],[91.568604,80.282761],[91.540817,80.283051],[91.437759,80.302765],[91.42137100000014,80.307755],[91.420258,80.314987],[91.474701,80.33888200000013],[91.525543,80.354706],[91.657211,80.380539],[91.70416300000011,80.388596],[91.747208,80.388596],[91.783875,80.386658],[91.82666,80.386658],[91.86526500000014,80.387772],[92.006653,80.39415],[92.072769,80.4019320000001],[92.08387800000014,80.404984],[92.126923,80.404984],[92.174149,80.40416],[92.210815,80.402206],[92.367477,80.393326],[92.44081100000011,80.388885],[92.51416000000012,80.38443],[92.556091,80.3830410000001],[92.60331700000012,80.38220200000012],[92.623871,80.38499500000012],[92.613037,80.390823],[92.597214,80.39582800000011],[92.54443400000014,80.403046],[92.513046,80.405823],[92.43414300000012,80.409714],[92.339981,80.41110200000014],[92.124695,80.417755],[92.087769,80.41998300000012],[92.061096,80.423599],[91.964996,80.439148],[91.900543,80.452209],[91.889435,80.457764],[91.911102,80.462204],[92.30053700000013,80.506653],[92.335266,80.508606],[92.374146,80.50943000000012],[92.412201,80.508881],[92.506378,80.505829],[92.661377,80.508041],[92.739426,80.50972],[92.765549,80.513321],[92.783325,80.5186],[92.79332000000011,80.53414900000013],[92.8169400000001,80.5788730000001],[92.811371,80.585266],[92.77916,80.595261],[92.778595,80.602478],[92.809418,80.635269],[92.828049,80.649155],[92.91415400000011,80.69165],[93.073654,80.725266],[93.23997500000013,80.768051],[93.25833100000011,80.773315],[93.272491,80.779434],[93.325546,80.805817],[93.295258,80.80497700000012],[93.232483,80.799713],[93.17831400000011,80.792755],[93.15554800000012,80.788589],[93.151382,80.78221100000013],[93.151382,80.775269],[93.1202550000001,80.772491],[92.91110200000014,80.761108],[92.658875,80.751389],[92.526382,80.751099],[92.49386600000014,80.7538760000001],[92.487488,80.767487],[92.496643,80.774429],[92.542206,80.791656],[92.560257,80.796936],[92.636932,80.81694],[92.686646,80.840546],[92.688866,80.86174800000015],[92.67608600000011,80.877762],[92.694138,80.882751],[92.74859600000013,80.88998400000014],[92.913879,80.906647],[92.945526,80.90942400000012],[93.02192700000012,80.911926],[93.058029,80.913879],[93.14888000000013,80.922485],[93.16304,80.928314],[93.16832000000011,80.936096],[93.161652,80.948029],[93.128586,80.9580380000001],[93.084427,80.9666600000001],[93.068054,80.971649],[93.049988,80.9891510000001],[93.068604,80.994431],[93.15109300000012,81.004715],[93.468323,81.040268],[93.684708,81.052765],[93.7211,81.05442800000014],[93.82083100000011,81.052475],[93.861923,81.053314],[93.898605,81.054977],[94.066376,81.062759],[94.098877,81.065262],[94.128586,81.07748400000014],[94.167206,81.087494],[94.195251,81.09109500000011],[94.35331700000012,81.104431],[94.390274,81.106094],[94.43470800000011,81.104431],[94.535812,81.103867],[94.642487,81.109711],[94.744705,81.1160890000001],[94.80137600000012,81.122757],[94.825272,81.127197],[94.917206,81.14471400000014],[94.976654,81.159988],[95.0516510000001,81.18136600000014],[95.138596,81.209152],[95.167206,81.212494],[95.200272,81.214996],[95.296936,81.21360800000014],[95.430817,81.213882],[95.51416,81.215271],[95.54748500000011,81.21775800000012],[95.52998400000013,81.2211],[95.496933,81.224152],[95.2836,81.2327580000001],[95.140549,81.234146],[95.095825,81.236099],[95.062485,81.239151],[95.034988,81.24275200000011],[95.05748000000011,81.256378],[95.073318,81.26249700000011],[95.093323,81.26748700000013],[95.122208,81.270828],[95.193039,81.274704],[95.452209,81.286377],[95.527481,81.289429],[95.653046,81.290543],[95.699417,81.290268],[95.732758,81.287201],[95.787766,81.27998400000013],[95.830826,81.271103],[95.948318,81.243317],[95.958603,81.217209],[96.151657,81.193863],[96.276657,81.154709],[96.526932,81.049149],[96.531937,81.029434],[96.541367,81.023605],[96.648331,80.97998000000013],[96.663315,80.974701],[96.743591,80.949707],[96.78471400000012,80.940811],[96.95416300000011,80.905548],[97.41943400000014,80.844147],[97.487198,80.8374940000001],[97.523605,80.838882],[97.5663760000001,80.83692900000011],[97.707764,80.82026700000011],[97.88472,80.76416000000012],[97.9666600000001,80.72192400000012],[97.969437,80.715546]]],[[[108.30031061291854,53.57389652887161],[106.81515219602073,52.707554119014546],[105.82504658475554,52.21250131338195],[105.70128338334739,51.8412117091575],[104.46365136926589,51.46992210493305],[105.1551008554375,50.443309389070315],[104.79693892916796,50.4085765704668],[103.68075850924609,50.16643484683399],[103.37787154635546,50.21730764956836],[102.63903335055468,50.4561839923418],[102.44960311373828,50.60624273867969],[102.26568892916796,50.808997713044924],[102.18423751315234,51.0256420001543],[102.18224624117968,51.26922567935352],[102.11743453463671,51.36111029239063],[101.77236464938281,51.42517050357227],[101.3269758554375,51.56784018130664],[101.01121047457812,51.671710573152346],[100.22460463961718,51.8193317279375],[99.75820449313281,51.902694307283205],[99.29542067965625,51.946490846589846],[98.91755965670703,52.03695639224414],[98.34688857516406,51.604816041902346],[97.93963149508593,51.2269359454668],[97.8954344125664,51.09500464053516],[98.079539332,50.70785482974414],[98.2577391000664,50.57079275699024],[98.30989364108203,50.47910650821094],[98.23633101901171,50.24239691348438],[97.90157607516406,49.98485525699024],[97.76233199557421,49.912234865144534],[97.42278579196093,49.78633841128711],[97.16955855807421,49.7784496173418],[96.91001418551562,49.86199148745899],[96.76998427828906,49.91350134463672],[96.37613204440234,49.944068513826174],[95.99401381930468,49.942035280183596],[95.67062667330859,49.97952231021289],[95.01427749117968,49.97603949160938],[94.69996932467578,50.026797853425784],[94.52293685397265,50.20952566714649],[94.21045974215625,50.54928549380664],[93.83646682223437,50.58671148867969],[93.00797561129687,50.64146002383594],[92.58859542330859,50.711543642],[92.15972426852343,50.755286775544924],[91.78171065768359,50.67437704654102],[91.10167983492968,50.46047552676563],[90,50.30670126529102],[90,50.12759359927539],[89.796336207,49.816444002107424],[89.78877547701953,49.81105764956836],[89.46210006198046,49.63949926944141],[89.19085219821093,49.57278021426563],[88.56673720797656,49.53679236026172],[88.29726699313281,49.443980775789065],[87.93771651705859,49.25282248111133],[87.86840346774218,49.232886873201174],[87.75841811617968,49.19966848941211],[87.50229934176562,49.19830282779102],[87.39988234957812,49.19203146548633],[87.15221694430468,49.17686804385547],[86.90806106051562,49.110362611726565],[86.78273299655078,48.99230536075],[86.77767470797656,48.8684154376543],[86.76208785494921,48.653323732332034],[86.6243391366875,48.554881654695315],[86.49448684176562,48.52814444156055],[85.9544172616875,48.486182771638674],[85.76193526705859,48.36144980044727],[85.60924819430468,48.1003375873125],[85.65256789645312,47.76246603579883],[85.74855330905078,47.44462164492969],[85.67801192721484,47.26895102115039],[85.47764876803515,47.092662416414065],[85.29040816744921,47.04623755069141],[84.96707442721484,47.01854284854297],[84.33619216403125,47.05407675357227],[84.06906417330859,47.11751516909961],[83.74472335299609,47.180675111726565],[83.25171187838671,47.29487570376758],[83.05951980075,47.066669069246096],[82.82747939547656,46.55318411441211],[82.62998488864062,46.19588430972461],[82.50125411471484,45.92336996646289],[82.4398908945,45.735477052644534],[82.71966842135546,45.504283510164065],[82.77654555758593,45.375362001375],[82.70616439303515,45.26516302676563],[82.60192397555468,45.20002707095508],[82.42505935153125,45.16678198428516],[81.91517165621875,45.273807130769534],[81.69031051119921,45.35655935855274],[81.53267196139453,45.32986029239063],[81.04586318453906,45.236793123201174],[80.23662856539843,45.12263449283008],[80.0599851938164,45.03777273745899],[79.96291640719531,44.90189703555469],[79.93243697604296,44.8051830157793],[80.03676131686328,44.72207602115039],[80.20167830905078,44.74871405215625],[80.41951278170703,44.68553503604297],[80.43285659274218,44.07457312198047],[80.58789351901171,43.792586885408205],[80.71861556491015,43.5941234454668],[80.77205947360156,43.382457338289065],[80.67250350436328,43.23421820254688],[80.35506728610156,42.988544069246096],[80.21090224703906,42.80807837100391],[80.20231154879687,42.628402315095705],[80.26470473727343,42.241439424470705],[80.27875045260546,42.154300294832034],[80.25599196871875,42.08367117495899],[80.10927871188281,41.99955328555469],[79.67309096774218,41.90105017276172],[79.0710935922539,41.743976198152346],[78.87063125094531,41.67883261294727],[78.68826583346484,41.543319307283205],[78.40125564059375,41.22801550479297],[78.11065200289843,41.07281073184375],[77.8960676523125,41.026839815095705],[77.68919661959765,41.01930197329883],[77.12774184664843,41.12502249331836],[77.02039626559375,41.11162146182422],[76.81067183932421,40.89929159732227],[76.60212996920703,40.54634817691211],[76.481638941375,40.43697317691211],[76.08359816989062,40.37723883242969],[75.85559371432421,40.31206091494922],[75.70093062838671,40.336776338533205],[75.61860946139453,40.59209021182422],[75.59170058688281,40.62392386050586],[75.42999556979296,40.6102367267168],[74.64844802340625,40.27984579654102],[74.00865462741015,39.963199220613284],[73.88494399508593,39.87966116519336],[73.8270750375664,39.78373297305469],[73.76455977877734,39.45107992740039],[73.75992873629687,39.42010458560352],[73.77017501315234,38.95586737246875],[73.67699721774218,38.85573538394336],[73.71202376803515,38.718734346345705],[73.85831740817187,38.541507326082034],[74.066599878875,38.56176718325977],[74.16916945895312,38.63442572207813],[74.26817611178515,38.60747107119922],[74.57975295504687,38.59007986636524],[74.70292190035937,38.520709596589846],[74.83551314791796,38.29854544253711],[74.83175948580859,38.17083700747852],[74.84434035739062,38.060218416169924],[74.91275313815234,38.054950319246096],[74.93470290621875,37.99982412906055],[74.87815383395312,37.80742605777149],[74.98836806735156,37.70091971011524],[74.92007735690234,37.53887899966602],[75.01015761813281,37.465518556550784],[74.92869094332812,37.382327638582034],[74.89278701266406,37.27037771792774],[74.73327163180468,37.20940359683399],[74.4785642953789,37.27799566836719],[74.25550368746875,37.30219992251758],[74.13705733737109,37.370399080232424],[73.88264754733203,37.26831015200977],[73.44465926608203,37.201942048982424],[73.38334182223437,37.22826346011524],[73.4412336679375,37.307227693513674],[73.3519773813164,37.34173544497852],[73.04716018160937,37.32828863711719],[72.71422103366015,37.18614538760547],[72.4481687875664,36.96757849307422],[72.18286422213671,36.938758455232424],[71.84756759127734,36.7160716876543],[71.68982222994921,36.70247610659961],[71.52447036227343,36.714278779939455],[71.46695235690234,36.75213583560352],[71.39291671237109,36.93624838443164],[71.30323317965625,37.17035635562305],[71.3865232797539,37.370399080232424],[71.43059829196093,37.71935232730274],[71.44410994967578,37.83401449771289],[71.36744216403125,37.91801794619922],[71.14935592135546,37.87588080020313],[71.2197981210625,38.14477499575977],[70.9606199594414,38.34712942691211],[70.8914289804375,38.37221487613086],[70.71880629977343,38.364886842683596],[70.59022048434375,38.29198034854297],[70.52996352633593,38.12868841739063],[70.33407882174609,37.93609579654102],[70.31235793551562,37.744971834138674],[70.31502822360156,37.630389772371096],[70.22142318209765,37.52801474185352],[70.02215102633593,37.45688208194141],[69.96237472018359,37.462909303621096],[69.69838241061328,37.531470857576174],[69.56701186617968,37.50527533145313],[69.53382399996875,37.42233236880664],[69.53726485690234,37.28231009097461],[69.40218642672656,37.14154013247852],[69.30783370455859,37.08373221011524],[69.13641646823046,37.076419435457034],[68.85298446139453,37.18304022403125],[68.70652297457812,37.18221624942188],[68.44501021823046,37.0534740314043],[68.18420699557421,36.899276338533205],[67.96541884860156,36.83441885562305],[67.8555403085625,36.85289343448047],[67.79717544039843,36.916209779695315],[67.77926925143359,36.940791688875],[67.6217527719414,37.15708502383594],[67.51531508883593,37.213782869294924],[66.9677000375664,37.236190401033205],[66.6765852304375,37.24093206973438],[66.63383010348437,37.24810751529102],[65.97912887057421,37.35799749942188],[65.72472670992968,37.490279756501955],[65.52440932711718,37.33000906558399],[65.33691695651171,37.23984106631641],[64.82598403414843,37.14788397403125],[64.6321287485039,36.78401907534961],[64.540720972625,36.338092409089846],[64.49449447116015,36.28057058902149],[64.26583388766406,36.1711383685625],[63.372283014861324,35.86080511660938],[63.11659530123828,35.78940924258594],[63.06297973116992,35.70006521792774],[63.06273177584765,35.49018820376758],[62.96358016451953,35.40060766787891],[62.67759231051562,35.265460573152346],[62.43746093234179,35.25139578433399],[62.17949584445117,35.28810843081836],[61.72973159274218,35.44456060977344],[61.30818084200976,35.53123053164844],[61.221343073455074,35.581615053132815],[61.186247858611324,35.59415014834766],[61.11867812594531,35.90544470401172],[61.1140737863457,36.15988119693164],[61.09687713107226,36.54155691714649],[61.01400283297656,36.63655813784961],[60.65985778292773,36.60276373477344],[60.34631255587695,36.60736807437305],[60.05139831027148,36.83485373111133],[59.240481409636715,37.44784124942188],[58.9716062875664,37.59917028994922],[58.674895319548824,37.67394217105274],[58.44981292208789,37.698165498689455],[58.09498885592578,37.728030763582034],[57.72487929782031,37.878829561189455],[57.40650847872851,37.99171408267383],[57.225466761199215,38.18818625064258],[56.75084975680468,38.23650320620899],[56.517310175505855,38.260692201570315],[56.363257441130855,38.202498994783205],[56.13091186007617,38.04833181949024],[55.98069671115039,38.034747682527346],[55.62962630709765,38.05191382022266],[55.35565856417773,38.03765066714649],[55.16967299899218,37.972919069246096],[54.95576384982226,37.82522924991016],[54.6760855050957,37.53070028872852],[54.466582331267574,37.39581259341602],[54.21389296969531,37.337100587800784],[54.015112909880855,37.34832724185352],[53.98521712741015,37.51772650332813],[53.92775252780078,37.82421835513477],[53.87986281832812,38.02535589785938],[53.937327417937496,38.15944632144336],[53.937327417937496,38.33184774966602],[53.937327417937496,38.5712962970293],[53.98521712741015,38.65749701114063],[54.03310683688281,38.79158743472461],[54.07141784152148,38.89694555850391],[54.03310683688281,38.992721162751955],[53.91817382296679,39.050189577058596],[53.774504694548824,39.136390291169924],[53.67872527560351,39.251327119783205],[53.65957168063281,39.318370424226565],[53.5829458566582,39.318370424226565],[53.49674514254687,39.337527833894534],[53.3339224191582,39.38541754336719],[53.24772170504687,39.29921682925586],[53.2094107004082,39.40457113833789],[53.24772170504687,39.45246084781055],[53.31476500949023,39.56739767642383],[53.37223342379687,39.519507966951174],[53.54463485201953,39.53866156192188],[53.73619368991015,39.500350557283205],[53.79366210421679,39.49077185244922],[53.812815699187496,39.54824026675586],[53.66914657076953,39.644019685701174],[53.55421355685351,39.65359839053516],[53.51590255221484,39.77811010928516],[53.59252456149218,39.89304693789844],[53.688303980437496,39.97924765200977],[53.506323847380855,39.99840124698047],[53.36265471896289,39.9600902423418],[53.19025329074023,39.9600902423418],[53.04658416232226,39.99840124698047],[52.98911574801562,39.93135794253711],[52.91249373873828,40.04629095645313],[52.84545043429492,40.18038138003711],[52.84545043429492,40.333629213289065],[52.82629302462695,40.46771963687305],[52.90291503390429,40.56349905581836],[52.95080474337695,40.707164369539065],[52.96996215304492,40.822101198152346],[53.017851862517574,40.946612916902346],[53.056162867156246,41.05197104068164],[53.15194228610156,40.89872320742969],[53.180674585906246,40.84125479312305],[53.257300409880855,40.764632783845705],[53.43927672824023,40.80294378848438],[53.61168197116015,40.745479188875],[53.65957168063281,40.81252249331836],[53.649992975798824,40.87956961245899],[53.69788268527148,40.87956961245899],[53.76492598971484,40.869990907625],[53.79366210421679,40.726321779207034],[53.84155181368945,40.640121065095705],[53.97564223727343,40.64969976992969],[54.10973266085742,40.67843206973438],[54.22466567477343,40.726321779207034],[54.33002379855273,40.68801077456836],[54.41622451266406,40.659278474763674],[54.45453551730273,40.71674307437305],[54.387488398162105,40.80294378848438],[54.3683348031914,40.89872320742969],[54.45453551730273,40.91788061709766],[54.50242522677539,40.850833497957034],[54.60778335055468,40.81252249331836],[54.7227163644707,40.850833497957034],[54.81849578341601,40.87956961245899],[54.828074488249996,40.98492392154102],[54.75144866427539,41.13817175479297],[54.5982046457207,41.24352987857227],[54.35875609835742,41.38719519229297],[54.16719726046679,41.482974611238284],[54.138464960662105,41.62664373965625],[54.11930755099414,41.779891572908205],[54.023528132048824,41.85651358218555],[54.023528132048824,41.95229300113086],[54.023528132048824,42.048072420076174],[53.98521712741015,42.10553701968555],[53.73619368991015,42.1342731341875],[53.4584341379082,42.09596212954883],[53.266875300017574,42.086383424714846],[53.06574157199023,42.028915010408205],[52.9795408578789,41.904403291658205],[52.94122985324023,41.77031286807422],[52.998694452849605,41.68411215396289],[52.96996215304492,41.55960043521289],[52.931651148406246,41.37762030215625],[52.96038344821093,41.272262178376955],[52.96996215304492,41.13817175479297],[52.85502532443164,41.38719519229297],[52.692202601042965,41.53086432071094],[52.71136001071093,41.60749014468555],[52.68262389620898,41.69369085879688],[52.55927184542773,41.75783880801563],[52.600745234099605,41.93767889590625],[52.573767695037105,42.01860388369922],[52.51981643160937,42.072555147126955],[52.58275893649218,42.1894489154375],[52.672678980437496,42.279368959382815],[52.73562148532031,42.42324026675586],[52.75360778292773,42.558116517976565],[52.8345327707207,42.64803656192188],[52.76259902438281,42.755939088777346],[52.58275893649218,42.82787283511524],[52.37594893893359,42.80089529605274],[52.295020136443355,42.87283285708789],[52.16014388522265,42.84585531802539],[52.07022384127734,42.82787283511524],[51.98030379733203,42.90880163760547],[51.8813963266289,43.05266913028125],[51.737525019255855,43.17855414004688],[51.58466247042773,43.17855414004688],[51.42280868014453,43.1695628985918],[51.42280868014453,43.25948294253711],[51.458777460662105,43.38536795230274],[51.36885741671679,43.55621298404102],[51.260954889861324,43.61016424746875],[51.17103484591601,43.71806677432422],[50.99119857272265,44.077743135408205],[50.955229792205074,44.20362814517383],[50.703459772673824,44.257579408601565],[50.388743433562496,44.29354818911914],[50.32580092867968,44.365481935457034],[50.33479217013476,44.563304506257815],[50.40672591647265,44.61725576968555],[50.54160598239062,44.64423330874805],[50.72144225558398,44.635238252595705],[50.874304804412105,44.62624701114063],[51.09010985812304,44.563304506257815],[51.332888636199215,44.482379518464846],[51.41381743868945,44.51834448428516],[51.57567122897265,44.55431326480274],[51.48575118502734,44.62624701114063],[51.36885741671679,44.68019827456836],[51.18902114352343,44.770118318513674],[51.09910109957812,44.87802084536914],[51.21599486788867,45.039874635652346],[51.34188369235156,45.0578571185625],[51.37784865817187,45.17475088687305],[51.458777460662105,45.30963095279102],[51.51272872408984,45.37257345767383],[51.62962249240039,45.354590974763674],[51.77349379977343,45.39055594058399],[51.845427546111324,45.43551596255664],[51.99829009493945,45.38156469912891],[52.10619262179492,45.38156469912891],[52.60973647555468,45.39955099673633],[53.059329065886715,45.33660467715625],[53.284129175749996,45.327613435701174],[53.21219161471484,45.36358221621875],[53.059329065886715,45.4534984454668],[52.84352401217578,45.5074535235918],[52.8345327707207,45.6423297748125],[52.92445281466601,45.732249818757815],[53.05033782443164,45.831161104158205],[53.14924910983203,45.95704611392383],[53.20320037325976,46.190833650544924],[53.257151636687496,46.316722475007815],[53.185217890349605,46.42462118716602],[53.12227538546679,46.496558748201174],[53.16723159274218,46.58647497744922],[53.284129175749996,46.676395021394534],[53.23017791232226,46.73034628482227],[53.185217890349605,46.86522635074024],[53.0233641000664,46.91917761416797],[52.8615103097832,46.93716009707813],[52.55578521212695,46.982120119050784],[52.46586516818164,46.91018255801563],[52.37594893893359,46.874217592195315],[52.14215758761523,46.83824881167774],[51.93534759005664,46.89220007510547],[51.79147628268359,47.00909384341602],[51.67458251437304,47.03607138247852],[51.36885741671679,47.09002264590625],[51.11708358248828,47.06304510684375],[50.82035354098437,46.91917761416797],[50.63152221163867,46.91018255801563],[50.27184966525195,46.68538626284961],[49.94814208468554,46.55950125308399],[49.72334578951953,46.53252371402149],[49.534514460173824,46.54151877017383],[49.4086294504082,46.43361624331836],[49.31320479830859,46.35268744082813],[49.23778441866992,46.262767396882815],[49.05794433077929,46.13688238711719],[48.88709929904101,46.082931123689455],[48.83314803561328,46.082931123689455],[48.83314803561328,46.01998861880664],[48.83314803561328,45.92107733340625],[48.770205530730465,45.885108552888674],[48.63532927950976,45.97502859683399],[48.48246673068164,45.885108552888674],[48.30262664279101,45.76821478457813],[48.01488784274218,45.71426352115039],[47.87101653536914,45.67829855533008],[47.75412276705859,45.71426352115039],[47.67319777926562,45.75023230166797],[47.628237757292965,45.732249818757815],[47.60126403292773,45.66031225772266],[47.6552114816582,45.54341848941211],[47.556304010955074,45.4534984454668],[47.47537520846484,45.318622194246096],[47.39445022067187,45.17475088687305],[47.250578913298824,44.98592337222461],[47.169653925505855,44.86003836245899],[47.02578261813281,44.78810080142383],[46.87292006930468,44.68019827456836],[46.80997756442187,44.53633078189258],[46.84594634493945,44.44641073794727],[46.99880507907031,44.356490694001955],[47.142676386443355,44.3385082110918],[47.223601374236324,44.20362814517383],[47.33150771578906,44.185645662263674],[47.43940642794726,44.03278311343555],[47.56529525241015,43.84395559878711],[47.53831771334765,43.67311056704883],[47.49336150607226,43.58319052310352],[47.520335230437496,43.51125677676563],[47.56529525241015,43.601173006013674],[47.61025527438281,43.7540355548418],[47.66420653781054,43.85294684024219],[47.73614028414843,43.86193808169727],[47.67319777926562,43.66411551089649],[47.57428649386523,43.502261720613284],[47.60126403292773,43.322425447419924],[47.6552114816582,43.27746542544727],[47.58327773532031,43.18754919619922],[47.56529525241015,43.007709108308596],[47.73614028414843,42.89980658145313],[47.79009154757617,42.85484655948047],[47.8440428110039,42.62105902285938],[47.96992782076953,42.59408529849414],[48.13178161105273,42.40525396914844],[48.22170165499804,42.279368959382815],[48.419524225798824,42.09053763003711],[48.50044921359179,41.92868383975391],[48.662303003874996,41.901710115388674],[48.683238062468746,41.83590658755664],[48.55210402926562,41.633800111726565],[48.32871917208789,41.506148897126955],[48.20107177218554,41.463599763826174],[48.06278518160937,41.31467779727344],[47.98832610568164,41.218944154695315],[47.81812957247851,41.197669588044924],[47.61601928195117,41.261493287996096],[47.35008529147265,41.30404242129688],[47.35008529147265,41.442325197175784],[47.22243789157031,41.56997641177539],[47.169253382292965,41.56997641177539],[47.12670424899218,41.62316092105274],[46.91395858248828,41.75080832095508],[46.850134882537105,41.83590658755664],[46.76503661593554,41.83590658755664],[46.66929915866015,41.81463202090625],[46.658659967986324,41.88909491153125],[46.55577758273242,41.878455720857424],[46.49910262545703,41.96355398745899],[46.392729792205074,41.995467744783205],[46.28635695895312,41.98482855410938],[46.15870955905078,42.00610312075977],[46.041697535124996,42.04865225406055],[45.91405013522265,42.12311514468555],[45.75448897799609,42.25076254458789],[45.8076773019707,42.389049135164065],[45.86086181124804,42.47414740176563],[45.8076773019707,42.5379711017168],[45.64811614474414,42.54860647769336],[45.47791961154101,42.54860647769336],[45.38218596896289,42.62306936831836],[45.29708388766406,42.676253877595705],[45.20135024508593,42.676253877595705],[45.13752654513476,42.71880301089649],[45.03115371188281,42.771991334871096],[44.9779653879082,42.771991334871096],[44.93541625460742,42.74007757754688],[44.871592554656246,42.66561850161914],[44.78649428805468,42.729442201570315],[44.6694822641289,42.76135214419727],[44.509924921599605,42.76135214419727],[44.414187464324215,42.729442201570315],[44.37163833102343,42.686893068269534],[44.2971792550957,42.612430177644534],[44.169531855193355,42.612430177644534],[44.052519831267574,42.55924566836719],[43.95678618868945,42.59115561099414],[43.83977416476367,42.64434393496875],[43.86104873141406,42.697528444246096],[43.92487243136523,42.750716768220705],[43.78658584078906,42.80390127749805],[43.680213007537105,42.85708960147266],[43.52065566500781,42.88899954409961],[43.28663543185351,42.94218786807422],[43.15898803195117,43.03792532534961],[43.11643508395312,43.101749025300784],[42.956877741423824,43.17620810122852],[42.82923034152148,43.15493353457813],[42.74413207491992,43.15493353457813],[42.563296351042965,43.22939642520313],[42.31863692721484,43.22939642520313],[42.127165827361324,43.186847291902346],[41.98888305148242,43.186847291902346],[41.829321894255855,43.20812185855274],[41.69103530367968,43.24003180117969],[41.57402709445117,43.28258093448047],[41.47828963717578,43.35704382510547],[41.38255599459765,43.35704382510547],[41.23363402804492,43.35704382510547],[41.148535761443355,43.37831839175586],[41.06343749484179,43.42086752505664],[40.93578628024218,43.484691225007815],[40.80813888033984,43.527240358308596],[40.60603240450976,43.53787573428516],[40.42519668063281,43.54851492495899],[40.393286738005855,43.56978949160938],[40.265635523406246,43.59106405825977],[40.14862731417773,43.51660116763477],[40.09806350192187,43.37755163760547],[39.458689722624996,43.832931123689455],[38.92371276339648,44.21186026187305],[38.5560903879082,44.38509710879688],[38.27700332125781,44.42320593448047],[38.10918334445117,44.49377401919727],[37.880373987761715,44.71894796939258],[37.774050745574215,44.74454077334766],[37.62174514254687,44.67330893130664],[37.47389129122851,44.692359529451174],[37.31793883761523,44.92420919986133],[36.959868464080074,45.22735556216602],[37.22774795016406,45.3120189532793],[37.46097091158984,45.312476716951174],[37.661265406218746,45.345233522371096],[37.70609572848437,45.57840307803516],[37.86787703951953,45.79251440616016],[37.98994353732226,46.00666006656055],[38.22715285739062,46.020091615632815],[38.45897963961718,46.07891424746875],[38.26491454562304,46.31855734439258],[37.97017196139453,46.44128378482227],[37.75709823092578,46.60319098086719],[37.86659911593554,46.65535696597461],[38.031863245574215,46.66868170352344],[38.401091608611324,46.721351228669924],[38.72273925265429,46.87792166324024],[39.282359156218746,47.07403143496875],[39.194094690886715,47.24295004458789],[39.159853968230465,47.26889380069141],[38.80024627169726,47.22916754336719],[38.209727320281246,47.15045889468555],[38.21488479098437,47.20717962832813],[38.22493651827929,47.2574420795],[38.22493651827929,47.35796316714649],[38.265147242156246,47.58916433902149],[38.36566832980273,47.62937506289844],[38.52650741061328,47.63942679019336],[38.69739440402148,47.69974096866016],[38.79791930636523,47.7801586017168],[38.80797103366015,47.86057623477344],[38.92859557589648,47.86057623477344],[39.26032165011523,47.88068350406055],[39.62220672091601,47.81031759829883],[39.77299025973437,47.87063177676563],[39.77299025973437,47.940997682527346],[39.84335616549609,48.07167776675586],[39.91372207125781,48.29282721133594],[39.88356307467578,48.322982393220705],[39.84335616549609,48.413455568269534],[39.82324889620898,48.493873201326174],[39.80314544161914,48.55418737979297],[39.722727808562496,48.58434256167774],[39.65236190280078,48.61450155825977],[39.67246535739062,48.71502264590625],[39.69257262667773,48.79544027896289],[39.80314544161914,48.79544027896289],[39.943877253142574,48.79544027896289],[40.00419143160937,48.86580618472461],[39.873511347380855,48.885909639314455],[39.75288299044726,48.92612036319141],[39.65236190280078,49.03669699283008],[39.793093714324215,49.056800447419924],[39.95393279513476,49.14726980777149],[40.02429870089648,49.17742880435352],[40.11476806124804,49.217635713533205],[40.13487151583789,49.318160615876955],[40.0946646066582,49.398578248933596],[40.044402155486324,49.43878897281055],[40.054453882781246,49.51920660586719],[40.0946646066582,49.569469057039065],[40.02429870089648,49.60967596621875],[39.93382552584765,49.569469057039065],[39.873511347380855,49.549361787751955],[39.75288299044726,49.549361787751955],[39.59204772433398,49.619727693513674],[39.541785273162105,49.720252595857424],[39.33068755587695,49.730304323152346],[39.20000747164843,49.770511232332034],[39.10953811129687,49.85093268008594],[38.94870284518359,49.82077368350391],[38.828074488249996,49.871036134675784],[38.61697677096484,49.92129858584766],[38.42598250826953,49.951453767732424],[38.29530242404101,50.07208212466602],[38.19478133639453,50.04192312808399],[38.17467406710742,49.97155722232227],[38.0439939828789,49.91124685855274],[37.94347289523242,49.961505495027346],[37.86305526217578,50.04192312808399],[37.68211272677539,50.062030397371096],[37.672060999480465,50.12234457583789],[37.5815916391289,50.202762208894534],[37.5815916391289,50.26307638736133],[37.46096328219531,50.34349402041797],[37.41070083102343,50.41385992617969],[37.24986556491015,50.383704744294924],[37.008608851042965,50.32339056582813],[36.88798049410937,50.32339056582813],[36.74724868258593,50.27312811465625],[36.55625441989062,50.22286566348438],[36.47583678683398,50.293231569246096],[36.39541915377734,50.30328329654102],[36.30494979342578,50.27312811465625],[36.09385207614062,50.40380819888477],[35.97322371920703,50.433963380769534],[35.76212600192187,50.40380819888477],[35.64149764498828,50.32339056582813],[35.51081756075976,50.45407065005664],[35.43039992770312,50.49427755923633],[35.39018920382617,50.59480246158008],[35.43039992770312,50.67522009463672],[35.39018920382617,50.78579672427539],[35.28966811617968,50.90642126651172],[35.28966811617968,51.06726034732227],[35.10872558077929,51.06726034732227],[35.10872558077929,51.207992158845705],[34.93783858737109,51.21804388614063],[34.706633600798824,51.187884889558596],[34.636267695037105,51.23814734073047],[34.34475234469531,51.23814734073047],[34.224123987761715,51.36882742495899],[34.173865351287105,51.52966269107227],[34.11355117282031,51.660342775300784],[34.254282984343746,51.72065695376758],[34.39501479586718,51.71060522647266],[34.39501479586718,51.83123358340625],[34.254282984343746,51.90159948916797],[34.143706354705074,51.97196539492969],[34.08339217623828,52.06243475528125],[33.97281936129687,52.21321829409961],[33.83208373507617,52.27353247256641],[33.741614374724605,52.3941608295],[33.510413202849605,52.333846651033205],[33.1987905832207,52.38410910220508],[32.89722350558398,52.28358419986133],[32.65596679171679,52.27353247256641],[32.41471389254687,52.38410910220508],[32.354399714080074,52.26348074527149],[32.27398208102343,52.13280066104297],[32.13324645480273,52.06243475528125],[31.922148737517578,52.072486482576174],[31.761313471404296,52.11269720645313],[31.760214838591796,52.176429353669924],[31.686259302703125,52.206012330964846],[31.64928153475879,52.25778158755664],[31.575325998870117,52.294757448152346],[31.590117487517578,52.339130006746096],[31.575325998870117,52.44266851992969],[31.560534510222656,52.51662405581836],[31.59751227816699,52.56099661441211],[31.530953440276367,52.62015875430469],[31.486580881682617,52.68672140689258],[31.545744928923828,52.71630056949024],[31.545744928923828,52.79025610537891],[31.412625345793945,52.86421164126758],[31.28690246066211,52.98253973575],[31.279505762664062,53.056495271638674],[31.323880228606445,53.11565741153125],[31.383044275847656,53.189612947419924],[31.545744928923828,53.19700964541797],[31.69365409335254,53.174823366121096],[31.78240111788867,53.11565741153125],[32.011660608855465,53.10826452823047],[32.24831679782031,53.15263708682422],[32.44799331149218,53.263568483308596],[32.470183405486324,53.29315146060352],[32.53674224337695,53.33012732119922],[32.6698599191582,53.33012732119922],[32.69944289645312,53.40408285708789],[32.68465331515429,53.46324881167774],[32.558928522673824,53.49282797427539],[32.42580703219531,53.55938681216602],[32.38143447360156,53.64073904605274],[32.41841414889453,53.648135744050784],[32.44799331149218,53.67032202334766],[32.46278670748828,53.699901185945315],[32.344458613005855,53.72948416324024],[32.18175795992968,53.77385672183399],[32.011660608855465,53.80343969912891],[31.848959955779296,53.77385672183399],[31.76760962924121,53.80343969912891],[31.7971906991875,53.88479193301563],[31.84156325778125,53.97353705020313],[31.811984095183593,54.04009588809375],[31.73802665194629,54.0844684466875],[31.612303766814453,54.12144812198047],[31.50876716097949,54.15102728457813],[31.309088739958984,54.247169099763674],[31.257319483367187,54.35070761294727],[31.183363947478515,54.46903570742969],[31.0872240396416,54.47643240542774],[31.079827341643554,54.52080496402149],[31.109410318938476,54.579967103914065],[31.153782877532226,54.63173636050586],[31.094618830291015,54.64652594180469],[31.01326850375293,54.624339662507815],[30.976290735808593,54.67610891909961],[30.917126688567382,54.75746115298633],[30.761820826140625,54.779647432283205],[30.7840071054375,54.84620627017383],[30.79879859408496,54.9201618060625],[30.84317115267871,54.94234808535938],[30.894940409270507,54.97932394595508],[30.894940409270507,55.01630362124805],[30.946709665862304,55.01630362124805],[30.976290735808593,55.07546576114063],[30.95410445651172,55.1494212970293],[30.887545618621093,55.19379385562305],[30.79879859408496,55.304725252107424],[30.85796264132617,55.378680787996096],[30.872754129973632,55.45263632388477],[30.872754129973632,55.48961218448047],[30.90233519991992,55.54138144107227],[30.880148920623046,55.593150697664065],[30.81359008273242,55.57836111636524],[30.73963454684375,55.593150697664065],[30.673075708953125,55.637523256257815],[30.628703150359375,55.681895814851565],[30.502978357878906,55.726268373445315],[30.443814310637695,55.78543432803516],[30.199763331023437,55.837203584626955],[30.088831934539062,55.81501730533008],[30.04445746859668,55.837203584626955],[29.98529342135547,55.85938986392383],[29.881756815520507,55.82241018863086],[29.815197977629882,55.77803763003711],[29.74124244174121,55.77803763003711],[29.615519556609375,55.77064474673633],[29.519377741423828,55.681895814851565],[29.430630716887695,55.681895814851565],[29.356677088347656,55.74845465274219],[29.327094111052734,55.81501730533008],[29.33449080905078,55.85938986392383],[29.40844443759082,55.90376242251758],[29.40844443759082,55.95553167910938],[29.341885599700195,55.96292456241016],[29.208766016570312,55.99250753970508],[29.068251642791015,56.014693819001955],[28.905550989714843,55.99250753970508],[28.809409174529296,55.96292456241016],[28.720664057341796,55.94813498111133],[28.68368628939746,56.014693819001955],[28.62452224215625,56.08125265689258],[28.484007868376953,56.096046052888674],[28.402657541838867,56.103438936189455],[28.313910517302734,56.04427679629688],[28.210373911467773,56.0738597735918],[28.1364183755791,56.140418611482424],[28.16357711276172,56.15928991885547],[28.170126947966796,56.211688600496096],[28.18977645358203,56.250987611726565],[28.150477442351562,56.35578116031055],[28.15702727755664,56.440929017976565],[28.09808066805957,56.493323884919924],[28.124280008879882,56.53262289615039],[28.052231821624023,56.55227240176563],[27.986735376921875,56.598121248201174],[27.97363570651172,56.670169435457034],[27.914689097014648,56.69636496158008],[27.862290415374023,56.74221380801563],[27.881939920989257,56.77496298404102],[27.90813926180957,56.81426199527149],[27.87539008578418,56.83391150088672],[27.83609107455371,56.8404613360918],[27.77714446505664,56.87321051211719],[27.71164611300586,56.86666067691211],[27.619950327483398,56.8404613360918],[27.639599833098632,56.886310182527346],[27.68544867953418,56.91905554385547],[27.718195948210937,56.95835455508594],[27.70509627780078,57.010753236726565],[27.73784545382617,57.06970175357227],[27.6788988443291,57.10899695010547],[27.724745783416015,57.12209662051563],[27.764044794646484,57.128646455720705],[27.80989364108203,57.161395631746096],[27.81644347628711,57.200694642976565],[27.829541239348632,57.25309332461719],[27.83609107455371,57.29239233584766],[27.74439528903125,57.318587861970705],[27.70509627780078,57.351337037996096],[27.61340049227832,57.390636049226565],[27.508606943694335,57.423385225251955],[27.508606943694335,57.47578390689258],[27.51515487155078,57.52817877383594],[27.348862680999023,57.52635916324024],[27.312113794890625,57.57402762027149],[27.36451247653125,57.6002269610918],[27.371062311736328,57.63952597232227],[27.384161982146484,57.69192465396289],[27.443108591643554,57.69192465396289],[27.482407602874023,57.74431952090625],[27.508606943694335,57.7901683673418],[27.580653223601562,57.81636770816211],[27.698548349944335,57.836017213777346],[27.77714446505664,57.86876638980274],[27.750945124236328,57.89496573062305],[27.672349009124023,57.914615236238284],[27.65269950350879,57.9801097735918],[27.64614966830371,58.01940878482227],[27.64614966830371,58.05215796084766],[27.606852564421875,58.08490713687305],[27.51515487155078,58.12420614810352],[27.436558756438476,58.2289996966875],[27.436558756438476,58.30759771914844],[27.51515487155078,58.36654242129688],[27.502057108489257,58.43859060855274],[27.469307932463867,58.52373846621875],[27.410359415618164,58.72022970767383],[27.397259745208007,58.792274080232424],[27.436558756438476,58.864322267488284],[27.528254541960937,58.92327078433399],[27.672349009124023,58.982215486482424],[27.770594629851562,59.07391317935352],[27.849190744963867,59.19835623355274],[27.87539008578418,59.25730475039844],[27.914689097014648,59.276954256013674],[27.96708587130664,59.276954256013674],[28.052231821624023,59.276954256013674],[28.13082984408496,59.29660376162891],[28.150477442351562,59.37519796939258],[28.078431162444335,59.434146486238284],[28.01309302767871,59.45822104068164],[27.97339347323535,59.51671179385547],[27.89665702304004,59.53378256411914],[27.94168761691211,59.64759787173633],[28.094189676848632,59.664676271394534],[28.16310409030078,59.590682588533205],[28.266337427703125,59.56222876162891],[28.35098365267871,59.602061830476565],[28.30910018405078,59.66440161319141],[28.444363627043945,59.733741365388674],[28.662732157317382,59.64434012027149],[28.795933756438476,59.67222174258594],[28.93626883944629,59.82455023379688],[29.076066050139648,59.907794557527346],[29.413628611174804,59.860030733064455],[29.7654524179375,59.736243806794924],[29.963156733123046,59.736617647126955],[30.12663939913867,59.80604513736133],[29.952874216643554,59.98558386416797],[29.687296900359375,60.131000123933596],[29.510743174163085,60.14456518741016],[28.968979868499023,60.10878714175586],[28.69163421115039,60.14997824283008],[28.569397959319335,60.19842108340625],[28.43523124179004,60.33733709903125],[28.55124762972949,60.53264196963672],[28.52150824984668,60.62326391787891],[28.431775126067382,60.60346945376758],[28.510039362517578,60.73181112857227],[29.38611319979785,61.24664267154102],[30.278626474944335,61.78445013614063],[30.90184691866992,62.12546881289844],[31.167542490569335,62.36660345645313],[31.36091903170703,62.60777624698047],[31.40830138644336,62.79196508975391],[31.33592704257129,62.947433076814455],[31.13995078524707,63.12374075503711],[30.823624643889648,63.24279745669727],[30.212641748992187,63.46712454409961],[30.01492980441211,63.615577302888674],[30.162203821746093,63.70183523745899],[30.40582564791797,63.88850363345508],[30.43152335604785,64.00285681338673],[30.363450083342773,64.11682470889454],[29.784417185393554,64.7442813739336],[29.61822226962207,64.97341497989063],[29.631157908049804,65.13976629825001],[29.71532157382129,65.32123907657032],[29.91344932040332,65.56172522158985],[30.001729044524414,65.72212561221485],[29.65425971469043,66.26003607364063],[29.022913965789062,66.88741644473438],[29.170870813933593,67.02063330264454],[29.75697616061328,67.37029608340626],[29.946114573088867,67.53390844912892],[29.701823267546875,67.71039160342579],[29.268128428069335,67.9381519183672],[28.87572959384082,68.0252872333086],[28.622220072356445,68.12066992373829],[28.57012084445117,68.35876043887501],[28.68595221957324,68.56834753604298],[28.69715407809375,68.69552954287892],[29.00741675814746,68.8318286761797],[29.462780985442382,69.13418921084767],[29.923598322478515,69.35460241885548],[30.26993659457324,69.40906866641407],[30.64079955538867,69.41849096866017],[30.871699366179687,69.51008947940235],[31.0537824960625,69.63959082217579],[31.33127501925586,69.6627612933672],[31.782200846282226,69.7770191058672],[32.07155898532031,69.88349493594532],[32.07601073702929,69.81535681338673],[32.190562281218746,69.64171179385548],[32.35172561129687,69.51367529483204],[32.59630874117968,69.42361792178517],[33.00963118991015,69.38669165225392],[33.2805662485039,69.34201391787892],[33.3156004281914,69.07128485293751],[33.62837508639453,69.21468695254688],[33.81804564913867,69.19247778506642],[34.30514815768359,69.17082556338673],[34.698889765349605,69.16405066104298],[34.93413833102343,69.14944037051563],[35.436553034392574,69.15035589785938],[36.018279108611324,69.02370794864063],[37.24586394747851,68.7934985980547],[37.68857863864062,68.62961157412892],[38.406443628874996,68.2426944598711],[38.66845229586718,68.14634283633595],[39.33470824679492,68.03593786807423],[39.91807082614062,67.94037970157032],[40.826052698699215,67.66004522891407],[40.973391565886715,67.53437384219532],[40.95082763156054,67.33465918155079],[41.01687148532031,67.20186194033985],[41.20882705172656,67.06946142764454],[41.2552976938164,66.93697699160938],[41.14697173556445,66.7822681293047],[40.83637908419726,66.56139715762501],[40.34514907321093,66.3186450824297],[39.97752288302539,66.20091589541798],[39.19002822360156,66.03870733828907],[38.78211120089648,66.00145300479298],[38.04786971530078,66.00737341494923],[37.42243102511523,66.09382208438282],[36.505225214568355,66.17248877139454],[35.77174666842578,66.25886877627735],[35.16772368868945,66.41150244326954],[34.15295318087695,66.62963446231251],[33.65127852877734,66.68010290713673],[33.43749144991992,66.70173987002735],[33.157725367156246,66.91447790713673],[32.99095061740039,66.98781927676563],[32.64433959445117,67.04610022158985],[32.21943572482226,66.99374731631642],[32.35782149752734,66.9203296527422],[32.42472747286914,66.89102514834767],[32.75353911837695,66.649043642],[32.970862421599605,66.58338507266407],[33.469668421355465,66.31309851260548],[33.844214472380855,66.18213995547657],[34.258494410124996,66.10982855410938],[34.54369643649218,66.00083502383595],[34.726172480193355,65.79697760196095],[34.725588831511715,65.61499365420704],[34.60118773898242,65.4839282855547],[34.29341414889453,65.39624365420704],[34.33201507052539,65.34550818057423],[34.425662073699215,65.10652502627735],[34.772864374724605,64.68222387881642],[34.814768824187496,64.45981939883595],[34.884612116423824,64.36677130313282],[35.081763300505855,64.28833349795704],[35.62327102145312,64.25356634707813],[36.015471491423824,64.19702490420704],[36.23997024020312,63.91862066836719],[36.420622858611324,63.876102052644534],[36.98754027804492,63.84148367495899],[37.2465086313164,63.78487738223438],[37.41054061373828,63.749496065095705],[37.591460260955074,63.80693777652149],[37.94491866549609,63.85039480777149],[38.054080042449215,63.98631628604297],[38.05385879000781,64.12927588076954],[37.87985518893359,64.30789526553517],[37.668128046599605,64.34331091494923],[37.463286432830074,64.29996069522267],[37.26195052584765,64.31389196963673],[36.996741327849605,64.40655859561329],[36.56850722750781,64.76457556338673],[36.88390639742968,65.06769903750782],[37.10194304904101,65.06812628360157],[37.604094538298824,64.85277136416798],[38.25292113741992,64.70306738467579],[39.19344237765429,64.51103552432423],[39.62159636935351,64.47596319766407],[39.99705031832812,64.54121740908985],[40.322173151580074,64.4629321918047],[40.43979171237109,64.56356390567188],[40.46206191500781,64.75027807803517],[40.36595061740039,64.8579288348711],[39.97938826998828,65.15314062686329],[39.82310393771289,65.43561132998829],[39.95132735690234,65.58116491885548],[40.036868128386715,65.60313757510548],[40.681407007781246,65.79355963321095],[41.35424712618945,65.95517309756642],[41.62328246554492,66.06516607852345],[42.13344481906054,66.38788946719532],[42.21078780612109,66.41000708194142],[42.41852477511523,66.38109930606251],[43.241431269255855,66.2508960589922],[43.87621978243945,66.01096685977345],[44.02943328341601,66.0112491473711],[44.05284026583789,66.04050024600392],[44.12211135348437,66.26716192813282],[44.383608851042965,66.61201819033985],[44.36195281466601,66.90596350283985],[44.2191648813164,67.08982428164845],[43.83810714205859,67.16285284610157],[43.70359710177539,67.26593359561329],[44.21583465060351,67.71826513858204],[44.26107314547656,67.82963903994923],[44.1687498422539,68.09702643008595],[43.82216552218554,68.32731970401173],[43.85324386080859,68.46920355410938],[44.012026819792965,68.49190863223438],[44.66781142672656,68.3885913714922],[45.57964232882617,68.44253882022267],[45.86343673190234,68.38334997744923],[46.16195205172656,68.1081958636797],[46.439368280974605,67.90793951602345],[46.63406661471484,67.70051153750782],[46.16411498507617,67.67742498965626],[45.46258071383593,67.63906439395313],[45.092505488005855,67.54207953067188],[44.87120727023242,67.3124194964922],[44.95714095553515,67.23135717959767],[45.38563445529101,67.09937628360157],[45.71535018405078,66.8496280536211],[46.07677749117968,66.76208075137501],[46.40205291232226,66.71860083194142],[46.97264007052539,66.7784610614336],[47.57118895968554,66.81631048770313],[47.706187281218746,66.89010962100392],[47.82212737521289,67.11129339785938],[47.952918085662105,67.37729223819142],[48.08066085299609,67.56245764346485],[48.63532165011523,67.6523853168047],[49.18562987765429,67.83882483096485],[49.63012221774218,67.93619116397267],[50.4958982797539,68.15346869082813],[51.13895705660937,68.2663989886797],[51.83080962618945,68.40938147158985],[52.244875940886715,68.54455908389454],[52.33738234957812,68.33572729678517],[52.46266845187304,68.29867132754688],[52.719729456511715,68.35138281436329],[52.9387693735039,68.47117956729298],[53.00575164279101,68.68056830020313],[53.17943480929492,68.75574835391407],[53.50243285616992,68.81625708194142],[53.88911727389453,68.78699835391407],[53.80839446505664,68.60726507754688],[53.78207686862109,68.3384204730547],[53.39590743502734,68.30042608828907],[53.31618407687304,68.23320349307423],[53.316844019499996,68.13638647647267],[53.62573913058398,68.04768713565235],[53.85399154147265,68.08530005069142],[54.37974837741015,68.16070898623829],[54.575957331267574,68.16109045596485],[54.648467096892574,68.0719180926836],[54.752295527068355,68.04978521914845],[54.87719634493945,68.10954626651173],[54.99598601779101,68.20653112979298],[55.12649825533984,68.40060766787892],[55.335391077605465,68.48309668155079],[55.72289184054492,68.53610571475392],[56.19510177096484,68.56686743350392],[56.54026320895312,68.55256994815235],[57.02422622164843,68.44890936465626],[57.36369231661914,68.45701941104298],[57.52586654147265,68.49463995547657],[57.959197077361324,68.70476111026173],[58.40928939303515,68.83285864444142],[58.77038100680468,68.85600622744923],[59.19904998263476,68.77440985293751],[59.3458738656914,68.69986303897267],[59.06195739230273,68.49748571963673],[59.119788202849605,68.39309271426563],[59.217661890593746,68.34854467959767],[59.501860651580074,68.28942450137501],[59.76234725436328,68.29738958926563],[59.89204696139453,68.40200384707813],[59.92537597140429,68.58127173037892],[60.07908919772265,68.61895330996876],[60.51208404025195,68.58985479922657],[60.7562742563164,68.67254980655079],[60.93412307223437,68.8150821551836],[60.98595717867968,69.00259741397267],[60.36923507174609,69.4676929339922],[60.55171493014453,69.54342230410938],[60.84873488864062,69.71004065127735],[61.030039820281246,69.74060400576954],[61.30434707125781,69.73352392764454],[62.28127196749804,69.70512732119923],[62.85394957980273,69.61560400576954],[63.41231826266406,69.54873999209767],[63.92324355563281,69.45921667666798],[64.87299636325,69.22766455264454],[65.35536483248828,69.18344458194142],[66.12549880465625,68.99715765567188],[66.58425429782031,68.8855396136797],[67.17168715914843,68.64709814639454],[67.82653335055468,68.37205084414845],[68.2154035898125,68.20135077090626],[68.38463118991015,68.1793399676836],[68.48788741549609,68.22421606631642],[69.0026121469414,68.69536932559376],[69.10895064791796,68.83031042666798],[68.69183639010546,68.81454809756642],[68.5117674203789,68.83668097110157],[68.25765517672656,68.94111975283985],[68.09354690035937,69.13594397158985],[68.10592940768359,69.42932470889454],[67.77870467623828,69.55685003848438],[66.88444045504687,69.62308081241017],[66.79896834811328,69.74374731631642],[66.82803634127734,69.8193775043047],[66.96485427340625,69.95582159610157],[67.27720168551562,70.07055243106251],[67.38328841647265,70.13940008731251],[67.42175582369921,70.2234302386797],[67.3982420297539,70.59850653262501],[67.28530410250781,70.70580633731251],[66.77481368502734,70.73557623477345],[66.67020705660937,70.8661304339922],[66.81797316989062,71.10538061709767],[66.97964766940234,71.21384008975392],[67.15545180758593,71.22964819522267],[67.82254317721484,71.41665228457813],[68.31624892672656,71.63485296817188],[68.55076125582812,71.82196386905079],[68.81211379489062,72.09546240420704],[69.0566892953789,72.64471777530079],[69.34311202487109,72.83426245303517],[69.51156142672656,72.80304297061329],[70.21435836276171,72.73346289248829],[70.94033339938281,72.78995092959767],[71.66292098483203,72.8307071551836],[71.975779566375,72.79976233096485],[72.45530227145312,72.82427557559376],[72.71399978121875,72.76958807559376],[72.85272506198046,72.64393194766407],[72.84480575045703,72.49460943789845],[72.65456679782031,72.11825903506642],[72.49832442721484,71.9618106708086],[71.89781478366015,71.58716162295704],[71.797556910125,71.4318042621172],[72.13623336276171,71.27759131045704],[72.5549803110039,70.97724493594532],[72.67970565280078,70.82351263614063],[72.77420333346484,70.45523413272267],[72.69588759860156,70.35557898135548],[72.43689254244921,70.18696936221485],[72.55148604830859,69.65626104922657],[72.52553084811328,69.06907995791798],[72.64349654635546,68.80691107364063],[72.84616378268359,68.63523443789845],[73.30861190280078,68.51655157657032],[73.39412215670703,68.44205053897267],[73.39364913424609,68.38238867373829],[73.175242457,68.16592749209767],[72.98776534518359,67.79414709658985],[72.8376951547539,67.6456485614336],[72.48502639254687,67.43782385440235],[71.93047622164843,67.15627630801563],[71.6471433969414,67.06732519717579],[71.39950087985156,66.94906958194142],[71.54405501803515,66.71412237735157],[71.34951308688281,66.6623950824297],[70.83993056735156,66.55140265078907],[70.12074569186328,66.71882208438282],[69.79152205905078,66.75493200869923],[69.35537246188281,66.73943670840626],[69.0847654672539,66.68753393741017],[69.17261031588671,66.54828985782032],[69.43512252291796,66.4242359027422],[69.76729873141406,66.32971533389454],[70.47356704196093,66.23597296328907],[70.98342421969531,66.20038946719532],[71.25953200778125,66.22281225772267],[71.79433730563281,66.15806158633595],[72.2088117929375,66.17345770450001],[72.42107680758593,66.33466681094532],[72.55741408785937,66.4959903583086],[73.1654539438164,66.64375647158985],[73.69016555270312,66.86506994815235],[73.81080916842578,66.99035223575001],[73.98450759371875,67.26336248965626],[74.35252669772265,67.40435370059376],[74.74171737155078,67.68622168155079],[74.77064803561328,67.84936865420704],[74.6693601938164,68.10174902530079],[74.39512923678515,68.34698828311329],[74.50497725924609,68.59347876162892],[74.6121092172539,68.63851507754688],[74.91630080660937,68.70638617129688],[75.53720382174609,68.77486761660938],[76.32775405367968,68.77634008975392],[76.66087630709765,68.67222174258595],[77.03982070407031,68.46377142520313],[77.10788253268359,68.11375006289845],[76.95493606051562,67.65331610293751],[77.09069350680468,67.52774389834767],[77.50477889498828,67.43239935489063],[78.08904555758593,67.41131170840626],[78.47786239108203,67.47854193301563],[78.53574660739062,67.6118350848711],[78.30457595309375,67.69286688418751],[77.94601729830859,67.77371557803517],[77.68886092623828,67.75840338321095],[77.4832258554375,67.80251654239063],[77.51418593844531,67.97325476260548],[77.97751906832812,68.14512213321095],[78.00718215426562,68.25683935733204],[77.90906051119921,68.32369574160938],[77.83420089205859,68.47270544619923],[77.63582900485156,68.81619604678517],[77.40597823580859,68.93561895938282],[77.02994826754687,68.97991522403126],[76.53798964938281,69.08405645938282],[76.17751601657031,69.13594397158985],[75.59802535494921,69.2100025043047],[75.1886473031914,69.12659796328907],[74.90170577487109,69.08100470157032],[74.31795791110156,69.16254004092579],[73.91452315768359,69.15427740664845],[73.90792373141406,69.27452429385548],[73.65407851657031,69.756465517],[73.79099563082812,70.05221136660938],[74.12222579440234,70.36587866397267],[74.24957564791796,70.57294806094532],[74.18918899020312,70.67260321231251],[73.69797042330859,71.1413989886797],[73.27066329440234,71.37258490176563],[73.21685317477343,71.45773657412892],[73.59136489352343,71.70685919375782],[74.1371565195,71.75452765078907],[74.58655074557421,71.87217291446095],[74.92115310153125,72.02874334903126],[74.99873641451953,72.13043554873829],[75.07459548434375,72.42029150576954],[75.01610854586718,72.7187686786211],[75.11987594088671,72.68748053164845],[75.40757277926562,72.66441687198048],[75.61734298190234,72.62549170108204],[75.66617873629687,72.41353949160938],[75.58253768405078,72.17061956973438],[75.296580347625,71.8968692645586],[75.22127059420703,71.64770849795704],[75.28428939303515,71.4460864886797],[75.45202926119921,71.32248266787892],[75.67058852633593,71.19912298770313],[76.29318526705859,71.13853033633595],[77.00164321383593,71.0626407489336],[77.73619368991015,71.02547796817188],[78.10473159274218,70.84130438418751],[78.24920943698046,70.83387335391407],[78.60852340182421,70.84992560000782],[78.37160018405078,71.25054510684376],[78.13690474948046,71.37392767520313],[77.28489974459765,71.41880377383595],[76.86612990817187,71.44902380557423],[76.60715011080859,71.51833685489063],[76.33285811862109,71.7197452411211],[76.45669845065234,71.86785467715626],[77.074900660125,71.89238318057423],[77.27492812594531,71.81488379092579],[77.78991988619921,71.77691229434376],[78.12636855563281,71.84759863467579],[78.08573440035937,72.17527350039845],[78.26955703219531,72.21474798770313],[78.64725783785937,72.26237829776173],[79.22255996188281,72.27128943057423],[79.70315841158984,72.17827948184376],[80.33872512301562,72.00764044375782],[80.82826522311328,71.76702459903126],[81.42526534518359,71.61268194766407],[81.67136672457812,71.57430609317188],[82.49135116061328,71.56809576602345],[82.81835463961718,71.64632757754688],[82.88012221774218,71.49126776309376],[82.52887252291796,71.32020147891407],[82.21532729586718,71.20361670108204],[82.10357192477343,70.85644110293751],[82.04561141451953,70.41893347354298],[82.19571975192187,70.35798224063282],[82.50152877291796,70.71113165469532],[82.6754637094414,70.84212835879688],[82.80373671969531,70.81927832217579],[83.07590774020312,70.58175238223438],[83.03633407076953,70.24492987246876],[83.37072280367968,70.33726080508595],[83.67697432955859,70.46026190371876],[83.65711501559375,70.59817083926563],[83.57093337496875,70.65170630069142],[83.50470260104296,70.81292303653126],[83.16804793795703,71.18223150821095],[83.25261977633593,71.2828555926836],[83.56109145602343,71.62442358584767],[83.20242598971484,71.82590826602345],[82.85464766940234,71.94214972110157],[82.43625930270312,72.05058630557423],[82.32062056979296,72.22227820010548],[82.02602675875781,72.24522741885548],[81.5852537485039,72.35400732608204],[80.98231795748828,72.44697912783985],[80.84419539889453,72.58019598575001],[80.87170699557421,72.83999212832813],[80.82886794528125,73.01351507754688],[80.46401504000781,73.31357916446095],[80.50051406344531,73.42474707217579],[80.62013534030078,73.49647101016407],[80.83822921237109,73.55255468936329],[81.87746718844531,73.60222204776173],[83.02044204196093,73.61229284854298],[83.97656539401171,73.66978796573048],[84.61605361422656,73.74268683047657],[84.82945540866015,73.59973486514454],[85.00149825533984,73.5761905536211],[85.38118270358203,73.69632299991017],[85.85619643649218,73.82476385684376],[86.49205306491015,73.87382849307423],[86.75694564303515,73.78657110782032],[86.32635024508593,73.63435705752735],[86.12352279147265,73.45112188907032],[86.90497115573046,73.55588873477345],[87.13968184908984,73.60405310244923],[87.5696287485039,73.77212866397267],[87.69079116305468,73.90001257510548],[87.54062179049609,74.09967382998829],[87.3939695688164,74.17949255557423],[86.97762587985156,74.29900702090626],[86.81353286227343,74.43529089541798],[86.81261733492968,74.53988226504688],[86.9583235116875,74.78206213565235],[87.48745254000781,74.96091803164845],[87.92226699313281,75.05988653750782],[89.28468612155078,75.46612127871876],[89.68456557711718,75.50820501895313],[89.79632857760546,75.5244327411211],[90,75.55852850528126],[90,75.60154303164845],[91.63467696627734,75.6527286395586],[92.67054274996875,75.7626148089922],[93.59205916842578,75.88084753604298],[94.30955031832812,76.07406958194142],[94.69433883151171,76.18358191104298],[95.48768142184375,76.16833075137501],[95.96726516207812,76.16923864932423],[96.13936904391406,76.08590277285938],[95.98182204684375,75.90201147647267],[96.65822890719531,75.85330542178517],[97.11641219576953,75.87083014102345],[97.68372634371875,75.9552188739336],[98.28865340670703,76.0565372333086],[98.71624282321093,76.07403906436329],[99.15855697116015,75.99971350283985],[99.4672346445,75.96692236514454],[99.77942946871875,76.05931433291798],[99.83340743502734,76.21003302188282],[99.7736082406914,76.28535040469532],[99.98323348483203,76.43696936221485],[100.4073973031914,76.47143896670704],[100.83031753024218,76.45540960879688],[101.38946059664843,76.62499579043751],[101.11151412448046,76.85285528750782],[101.16646102389453,77.00576361270313],[101.69046309908984,77.20258673282032],[102.38966659030078,77.37482031436329],[103.39330581149218,77.55778845401173],[103.94659713229296,77.59216650576954],[104.39374068698046,77.56721838565235],[105.06251052340625,77.56850775332813],[105.44954207858203,77.4491382464922],[105.46972945651171,77.32931860537892],[104.78229049166796,77.14876898379688],[104.48514083346484,76.99502905459767],[104.70460799655078,76.92750128360157],[105.5281477304375,76.98001440616017],[106.24293807467578,76.91346319766407],[107.16025832614062,76.94913061709767],[107.24013045748828,76.89837225528126],[107.07137587985156,76.77097662539845],[106.53744033297656,76.56722601504688],[106.40403274020312,76.43227728457813],[107.29075149020312,76.43394812198048],[107.66595748385546,76.44307287783985],[107.77148726901171,76.40122564883595],[108.24447158297656,76.64641913028126],[108.85952285250781,76.64754828067188],[109.65640548190234,76.69128759951954],[109.94024947604296,76.6327319964922],[110.54772475680468,76.64229925723438],[111.42728713473437,76.56807287783985],[112.05716231783984,76.45135840030079],[112.5885496469414,76.25924261660938],[112.8223142953789,76.05888708682423],[113.1488752695,76.0594898089922],[113.5330076547539,76.09365423770313],[113.72303298434375,75.86883886905079],[113.11340621432421,75.49444922061329],[113.22163680514453,75.4368091449297],[113.6250486703789,75.27267035098438],[112.57712844332812,74.88621100039845],[112.11134627780078,74.78037603946095],[111.586619410125,74.73096045108204],[110.05470565280078,74.25368841739063],[108.69690230807421,73.81940802188282],[108.33986190280078,73.69124182315235],[107.26554397067187,73.52222784610157],[106.20830825289843,73.25850256533985],[105.27881911715625,72.75153692813282],[105.60022262057421,72.74426611514454],[106.0869856210625,72.85539587588673],[106.50154403170703,73.06131323428517],[107.24994185885546,73.13382299991017],[107.80428603610156,73.14277227969532],[108.74962905367968,73.2632251605547],[109.59518722018359,73.39159735293751],[109.99058822116015,73.43995245547657],[110.44228652438281,73.56786688418751],[110.40001967867968,73.74287756533985],[110.17844680270312,73.79822119326954],[110.16323379000781,73.83008917422657],[110.28963759860156,73.94206579776173],[110.55127242526171,74.03844793887501],[110.94413283785937,73.94327124209767],[111.21531203707812,73.76829870791798],[111.49485305270312,73.74487646670704],[111.76165297946093,73.65779455752735],[112.09338668307421,73.63455542178517],[112.47680190524218,73.65914496035938],[112.99697402438281,73.77956732364063],[113.22158339938281,73.74810370059376],[113.30773452242968,73.6129566058672],[113.31173995455859,73.38266333194142],[113.54699233492968,73.20093115420704],[114.18667891940234,73.55099829287892],[114.93411544283984,73.5603214129961],[115.61149123629687,73.62520178408985],[116.67113784274218,73.61922796817188],[117.53464797457812,73.54927404971485],[117.91884902438281,73.53409155459767],[118.46038344821093,73.51922949405079],[118.33846572360156,73.18611487002735],[118.49779799899218,73.03624304385548],[119.41744521578906,72.96692999453907],[119.79856399020312,72.91246374698048],[120.11277297457812,72.88152655215626],[120.57851699313281,72.83511694522267],[121.69950393160937,72.90021856875782],[122.24328139742968,72.90912207217579],[122.88243392428515,72.75281103701954],[123.51475051364062,73.17200811953907],[123.44220260104296,73.33018835635548],[123.4249754281914,73.43322332950001],[123.40985396823046,73.48077734561329],[124.22215560397265,73.69691046328907],[124.45666793307421,73.70529516787892],[124.81766036471484,73.65822943301563],[125.33462813815234,73.52407415957813],[125.71732619723437,73.39780005069142],[126.48701766451953,73.38340338321095],[127.09683516940234,73.41625555606251],[127.71956160983203,73.40153845401173],[128.31478408297656,73.20751532168751],[128.49888137301562,73.12594183535938],[128.5249281259453,72.95234259219532],[128.2910414071953,72.91247900576954],[128.1705580087578,72.8965259418047],[127.31350234469531,72.7138858661211],[126.21644118746875,72.38231237979298],[126.11130050143359,72.28037603946095],[126.22529891451953,72.24934729190235],[126.69000533541796,72.21892889590626],[127.12090590914843,72.2119327411211],[127.41754439791796,72.14218481631642],[127.71409896334765,72.01011236758595],[128.17013076266406,71.83187445254688],[128.43249038180468,71.75462683291798],[128.78353408297656,71.53804358096485],[129.35520461520312,71.17568548770313],[130.17171767672656,70.8153491839922],[130.77927688082812,70.678340517],[131.05480483492968,70.68650396914845],[131.41268447360156,70.86376532168751],[131.79166701754687,71.18792303653126],[132.28361037692187,71.66087683291798],[132.55375197848437,71.80897101016407],[132.68426040133593,71.8014102801836],[132.79061416110156,71.59201391787892],[133.13840774020312,71.45321234317188],[133.74390700778125,71.32284887881642],[134.2413587900078,71.26194342227345],[134.62290481051562,71.3013110980547],[135.51061538180468,71.51182135196095],[135.86063674410937,71.54344519229298],[136.22661879977343,71.51315649600392],[136.76502517184375,71.4057803973711],[137.62967971285937,71.07541998477345],[137.7712660165703,71.09882696719532],[137.85494521578906,71.1298023089922],[138.07578566989062,71.24595221133595],[138.1754408212578,71.36201056094532],[138.11381057223437,71.38510473819142],[138.11939528903125,71.47020300479298],[138.4461164804375,71.6102710589922],[138.6748762460625,71.6184497699297],[138.899851832,71.50264319033985],[139.1587629648125,71.41796454043751],[139.74447158297656,71.40359839053517],[139.82569411715625,71.62836035342579],[139.73856643160937,71.83789404483204],[139.8059797616875,72.00147589297657],[139.84789565524218,72.23560675235157],[139.3387708993828,72.16435583682423],[139.0499525400078,72.16382177920704],[138.96934035739062,72.21052130313282],[139.16831496676562,72.3437915668047],[139.3117933603203,72.3831973895586],[139.75561049899218,72.42317541690235],[140.21502212008593,72.43185003848438],[140.58907607516406,72.49523504825001],[141.2939710946953,72.78707464785938],[141.408396753875,72.78729590030079],[142.20023635348437,72.67872198672657],[142.90252212008593,72.61721380801563],[143.81882766207812,72.53262671084767],[144.26743606051562,72.50207861514454],[144.5618391366875,72.45562323184376],[145.59995559176562,72.42622717471485],[144.82036879977343,72.14334448428517],[145.20955947360156,72.12067755313282],[145.6646223398125,72.16052588076954],[145.81499770602343,72.09839972110157],[145.67818740328906,71.92672308535938],[145.26140883883593,71.84038122744923],[144.88077834567187,71.72314795108204],[144.80126479586718,71.59111364932423],[145.10038283785937,71.57618292422657],[145.33378127535937,71.63085516543751],[145.7462416025078,71.69371374698048],[146.1860609384453,71.84209784121876],[146.91512587985156,72.20190008731251],[148.15946486910937,72.19639929385548],[148.69796279391406,72.16618689151173],[149.10447219332812,72.08892401309376],[149.53032973727343,72.0273624286211],[149.62253859957812,71.94185980410938],[149.72198012789843,71.89520605655079],[148.71085647067187,71.62939795108204],[148.96216872653125,71.56785925479298],[149.71541884860156,71.43764837832813],[150.69370559176562,71.34668310733204],[151.11947158297656,71.25476416201954],[151.47996047457812,71.08581122012501],[151.6448469491875,70.89377935977345],[151.8990736337578,70.73301275821095],[152.13401320895312,70.66443213076954],[152.79058364352343,70.68098791690235],[153.40442946871875,70.72815283389454],[153.91649917086718,70.79046972842579],[155.04923537692187,70.93854864688282],[156.04317763766406,70.98655279727345],[157.39641860446093,70.92751654239063],[158.0779524179375,70.86731299014454],[158.40867141207812,70.81418951602345],[158.93413833102343,70.62346991153126],[159.22921279391406,70.54745062442188],[159.46557143649218,70.39498480410938],[159.62790969332812,70.21980627627735],[159.57267287692187,69.99896582217579],[159.44381240328906,69.76456030459767],[159.67295363864062,69.65192755313282],[160.01661208590625,69.62243231387501],[160.39239028414843,69.61560400576954],[160.68160537203906,69.57847937198048],[160.67403701266406,69.27026709170704],[160.86234572848437,69.08311804385548],[161.17081740817187,69.15864904971485],[161.41610244235156,69.35423620791798],[161.96099379977343,69.52816351504688],[162.11776259860156,69.55855902285938],[162.274851832,69.53628119082813],[163.0382337900078,69.5452075824297],[163.72240737399218,69.67448767276173],[164.05369094332812,69.66003759951954],[164.31817153414843,69.46485479922657],[164.63646987399218,69.41282232852345],[165.3301496835625,69.40657385440235],[166.30924514254687,69.37832983584767],[166.70035842379687,69.4316593036211],[167.32007888278125,69.65857275576954],[167.50323012789843,69.56856115908985],[167.92161086520312,69.32873877139454],[168.09997085055468,69.23150213809376],[168.59241774996875,69.11246069522267],[168.98606399020312,68.9633975848711],[169.11321547946093,68.78420599551563],[169.38860610446093,68.71748694033985],[170.0888929696953,68.77854498477345],[170.83280471285937,68.92194708438282],[170.90487197360156,69.0343204364336],[170.79320815524218,69.1840015277422],[170.4313001962578,69.55891760440235],[170.05626967867968,69.61091955752735],[170.23629287203906,69.76195105166798],[170.45170119723437,70.01921423526173],[171.30224135836718,69.97523077578907],[171.84838393649218,69.93847998233204],[172.35924819430468,69.90922888369923],[172.90816787203906,69.83476599307423],[173.00828078707812,69.69170721621876],[173.63665297946093,69.76070746035938],[174.57445815524218,69.78506048770313],[175.61097243746875,69.77942999453907],[176.19217971285937,69.71265753360157],[176.54601577242968,69.6229434833086],[177.07915786227343,69.53360327334767],[177.70499709567187,69.4896427020586],[178.04284194430468,69.4076114520586],[178.62885573825,69.25851782412892],[178.96496108492968,69.22913702578907],[179.28148940524218,69.1472583636797],[180,68.91989477725392],[180,67.96313055606251],[180,66.96313055606251],[180,65.96313055606251],[180,65.3816333636797],[180,65.31103094668751],[180,65.05193670840626],[180,64.95347937198048],[179.3091078134453,64.78647192569142],[179.01597121676562,64.77292975039845],[178.726023707,64.60632666201954],[178.47384170016406,64.57721289248829],[178.00438979586718,64.54774054141407],[177.84412673434375,64.58320959658985],[177.4266615243828,64.60673864932423],[177.37353042086718,64.76135595889454],[177.25146010836718,64.85610540957813],[177.02625564059375,64.84421881289845],[177.13465407809375,64.92744024844532],[176.71245864352343,64.7816577777422],[176.33170608004687,64.77292975039845],[176.18017104586718,64.86799200625782],[175.96505263766406,64.90365942569142],[176.155955347625,64.67792852969532],[175.89977553805468,64.54742773623829],[176.04404738864062,64.50115545840626],[176.46778396090625,64.40898474307423],[176.75323012789843,64.57114752383595],[176.93052199801562,64.55288275332813],[177.08159926852343,64.51739843936329],[177.08158400973437,64.30297430606251],[177.19323256930468,64.21035345645313],[177.53472426852343,64.08968695254688],[178.0111341806328,64.19211157412892],[177.81341079196093,64.04743536563282],[178.14725783785937,64.1566348895586],[178.17650893649218,64.00532110782032],[178.28776076754687,63.912913881257815],[178.37162307223437,63.74938162417774],[178.4026136728203,63.66409262271289],[178.07767775973437,63.42905005069141],[178.34437087496875,63.457957826570315],[178.5011244150078,63.38018759341602],[178.71395400485156,63.153731904939455],[178.93949416598437,63.08333548159961],[179.00428298434375,62.970199190095705],[178.93163588961718,62.76506765933399],[179.28769973239062,62.81507834048633],[179.23177627047656,62.63853796573047],[179.24216750582812,62.525699220613284],[179.04876235446093,62.391395173982424],[178.73766616305468,62.29927023501758],[178.45186904391406,62.31985434146289],[178.2502699228203,62.38287314029102],[177.69097426852343,62.45226629825],[177.2908430429375,62.48678549380664],[177.13486770114062,62.549964509919924],[177.19034865817187,62.67001303286914],[176.96834853610156,62.69078405948047],[176.83198073825,62.676410280183596],[176.58050063571093,62.42905005069141],[176.54911330660937,62.37968786807422],[175.1726332040703,61.96908529849414],[174.65267470797656,61.8908649310625],[174.5423078866875,61.89065512271289],[174.34871962985156,61.79903372378711],[174.2504377695,61.71468313784961],[173.92676833590625,61.6159625873125],[173.4809065195,61.60110052676563],[173.34258559664843,61.551822267488284],[173.12633803805468,61.36941488833789],[172.9182844491875,61.27812918277149],[172.49244216403125,61.263324342683596],[172.10816482028125,60.9832836017168],[172.00008681735156,60.85757406802539],[171.24840835055468,60.654178224519534],[171.07238295992968,60.4521442279375],[170.51969436129687,60.339942537263674],[170.33680251559375,60.277103029207034],[170.26842788180468,60.145137392],[170.27305129489062,60.013431154207034],[170.0601301523125,59.88180121035938],[169.87749770602343,59.87456091494922],[169.61364272555468,60.0122028216875],[169.53161147555468,60.129893861726565],[169.4557142587578,60.296268068269534],[169.1541242929375,60.434642396882815],[168.67075637301562,60.45457800479297],[168.21090224703906,60.43286093325977],[167.68961623629687,60.35544928164844],[167.10398391207812,60.27102621646289],[166.86841872653125,60.17341574283008],[166.26851943453906,59.83327826114063],[166.02721694430468,59.70872076602344],[165.9449720712578,59.77061041446094],[166.20342544039843,60.352637849763674],[165.95633986910937,60.31051596255664],[165.77999404391406,60.35411413760547],[165.41538527926562,60.11518820376758],[165.1135969491875,60.03144033999805],[164.93296340426562,59.96187552066211],[164.88157180270312,59.7341380939043],[164.58460524996875,59.66465338321094],[164.44190505465625,59.74018820376758],[164.32805922946093,59.96072729678516],[164.11052993258593,60.07820852847461],[163.64969924410937,59.79202231021289],[163.76682570895312,59.88375815005664],[163.51627639254687,59.85569342227344],[163.38868239840625,59.814063631013674],[163.10639480075,59.579173646882815],[163.04290297946093,59.46200140567188],[163.09977248629687,59.35886725039844],[163.25451186617968,59.29037436099414],[162.83521560153125,59.05590780825977],[162.7534437509453,58.96646460147266],[162.90740493258593,58.891280733064455],[162.61590102633593,58.73296316714649],[162.22001174410937,58.48553045840625],[161.93841079196093,58.25918539615039],[161.80436233004687,58.101722322419924],[161.79993728121875,57.862735353425784],[161.98922255953906,57.719852052644534],[162.20365432223437,57.67936285586719],[162.82566359957812,57.70098074527149],[163.07837966403125,57.62649878116016],[163.1278333993828,57.55162390323047],[162.9320326181328,57.37424048037891],[162.59327224215625,57.169540010408205],[162.512400660125,57.033492647126955],[162.6128187509453,56.80288275332813],[162.74430373629687,56.599708162263674],[163.0979719491875,56.55972632022266],[163.1722669931328,56.38381537051563],[163.16599563082812,56.10649832339649],[163.00907424410937,55.944068513826174],[162.77128127535937,55.91659506411914],[162.55463698825,56.01072271914844],[162.5471906991875,56.10531576724414],[162.721873316375,56.342349611238284],[162.52181533297656,56.34873541446094],[162.317576441375,56.24010046573047],[161.86132338961718,55.86087378116016],[161.60943129977343,55.55691488833789],[161.50274184664843,55.287372194246096],[161.64737990817187,54.985091768220705],[161.93853286227343,54.8451000079668],[162.0082044931328,54.738223634675784],[161.87586501559375,54.56412848086719],[161.56661513766406,54.42324026675586],[161.13636306246875,54.409068666414065],[160.837595972625,54.448566041902346],[160.68291762789843,54.448279939607424],[160.40430739840625,54.36758764834766],[160.02738479098437,54.15326651187305],[159.93114760836718,54.08635672183399],[159.69506362399218,53.85922583194141],[159.63321975192187,53.70584448428516],[159.6834974618828,53.57943304629688],[159.90476516207812,53.40018042178516],[159.92208388766406,53.30046804995899],[159.89686110934375,53.240577302888674],[159.59176162203906,53.133624635652346],[159.31981948336718,53.1264720782793],[158.78814223727343,52.95936544986133],[158.46136001071093,52.82596167178516],[158.4316664071953,52.713084779695315],[158.46236709078906,52.58713873477344],[158.38950637301562,52.20268591494922],[158.25802138766406,52.01712378116016],[157.8977766366875,51.6660228595293],[157.20952895602343,51.22900351138477],[156.82464126071093,51.00411947818164],[156.69637587985156,50.957748018220705],[156.56373122653125,51.234359346345705],[156.47469619235156,51.60382040591602],[156.36185744723437,51.91423758120899],[156.33323195895312,52.271556459382815],[156.175242457,52.609256349519534],[156.03809646090625,52.7814899310625],[155.9418440195,53.19308050723438],[155.71079543551562,53.8049388751543],[155.7074690195,54.064952455476565],[155.63807204684375,54.31840857119922],[155.63018325289843,54.465350709871096],[155.58306411227343,54.552074037507815],[155.46520522555468,54.91977270694141],[155.45347121676562,55.27581366153125],[155.5056867929375,55.63962133975391],[155.62757399996875,56.26791723819141],[155.70299819430468,56.36959799380664],[156.23583510836718,56.75682791324024],[156.55787185153125,56.94747122378711],[156.81467727145312,57.260570131257815],[156.87765029391406,57.362742982820315],[156.83948806246875,57.50565680117969],[156.77685073336718,57.580455385164065],[157.51116469821093,57.74545248599414],[157.9616957040703,57.88275869937305],[158.32625869235156,58.02682074160938],[159.10428908785937,58.424884401277346],[159.39269545992968,58.61035116763477],[159.58628371676562,58.802676759675784],[159.649119410125,58.953746400789065],[160.4519300790703,59.3538890704668],[160.84424880465625,59.554244600251955],[161.53524306735156,59.941688142732424],[161.70084670504687,60.07350882144336],[161.81792739352343,60.26799353213672],[162.3811292978203,60.463573060945315],[163.329295191375,60.694949708894534],[163.44480422457812,60.8902660235918],[163.79265883883593,61.128192506746096],[163.8313703866875,61.23308905215625],[163.57572463473437,61.33047064395313],[163.9422865243828,61.73741491885547],[163.92588332614062,61.955001436189455],[164.00829604586718,62.130897127107424],[164.27720168551562,62.22288092227344],[165.05478957614062,62.25954397769336],[165.2857160898125,62.28813513369922],[165.0671644540703,62.435687623933596],[164.13767531832812,62.53265341372852],[163.81841567477343,62.48973806949024],[163.34025100192187,62.411300264314455],[162.99024489840625,62.32608374209766],[163.00915053805468,62.17827948184375],[162.71056655367968,61.763187013582034],[162.76685622653125,61.67209967227344],[162.74877456149218,61.608985506013674],[162.45061782321093,61.55937918277149],[162.23524001559375,61.509925447419924],[161.53577712496875,61.18681677432422],[160.64498427828906,60.71775396914844],[160.118845972625,60.56362494082813],[160.0071058603203,60.591250978425784],[160.07699111422656,60.737586580232424],[160.23559096774218,60.94700964541797],[159.81551650485156,60.981082521394534],[159.74351027926562,61.09963568301563],[159.85686782321093,61.3024974689043],[160.05623916110156,61.51285132022266],[160.14934829196093,61.660167299226565],[160.11825087985156,61.75127752871875],[159.96580031832812,61.76504095645313],[159.45463088473437,61.56075247378711],[159.23105910739062,61.546310029939455],[159.10642531832812,61.70729025454883],[158.841258082,61.78396948428516],[158.118357691375,61.71947439761524],[157.52826980075,61.66927298159961],[157.09798720797656,61.633399568513674],[156.82523635348437,61.56281241031055],[156.42315200289843,61.401004396394534],[156.3811750741875,61.205081544832034],[156.41843703707812,61.12132986636524],[155.85076430758593,60.88296850772266],[155.66668227633593,60.77804144473438],[155.73389724215625,60.55536612124805],[155.151804957,60.394351564363284],[154.69332412203906,60.199019990876955],[154.31565383395312,59.983348451570315],[154.09215835055468,59.77587851138477],[153.94297316989062,59.56882818789844],[153.94446853121875,59.396678529695315],[154.1817884775078,59.3007770404375],[154.75280288180468,59.28121908755664],[154.87804702242968,59.15770300479297],[154.90589431246875,59.102767549470705],[154.38708022555468,59.03995092959766],[153.92443374117968,58.922347627595705],[153.45414260348437,58.948916994050784],[153.13988784274218,59.01012381167774],[152.96824172457812,58.99606665225391],[152.82833388766406,58.947738252595705],[152.50420669039843,58.76871832461719],[152.19124892672656,58.925941072419924],[151.69065383395312,58.75345953555469],[151.35448745211718,58.691119752839846],[151.1354017587578,58.73182638736133],[151.00748733004687,58.7933421954668],[151.0561781259453,58.923812471345705],[151.39268020114062,58.979373537019534],[151.78330520114062,59.03504904361133],[151.85726455172656,59.05581244082813],[151.52360061129687,59.343944154695315],[151.1402082773125,59.43957098575],[150.66341689547656,59.431800447419924],[150.27865127047656,59.362247072175784],[150.12006667575,59.38945349307422],[149.72957900485156,59.59532888980274],[149.38030532321093,59.60845526309375],[149.04528335055468,59.5871539935625],[148.72844985446093,59.476337037996096],[148.74720290621875,59.29743155093555],[148.63029006442187,59.19402655215625],[148.4160871835625,59.09739264102344],[148.10282424410937,59.206798158601565],[147.91918471774218,59.26147421450977],[147.35222915133593,59.232886873201174],[146.99962905367968,59.19095953555469],[146.70640090426562,59.224795900300784],[146.30735305270312,59.285953126863284],[146.05396560153125,59.25107153506641],[146.02347854098437,59.195994935945315],[145.95696547946093,58.98285635562305],[145.65258315524218,58.975406251863284],[145.51279738864062,59.03694876284961],[145.49566176852343,59.208751283601565],[145.40413955172656,59.325503908113284],[144.84569838961718,59.28319510074024],[144.38981154879687,59.309859834626955],[143.82409194430468,59.29501303286914],[143.30285170992968,59.26652868838672],[142.92681411227343,59.27957113833789],[142.8458509775078,59.272525392488284],[142.35776809176562,59.14095648379688],[141.92383864840625,58.940894685701174],[141.59083083590625,58.72753103824024],[141.34955886325,58.500865541414065],[140.99425795992968,58.3906322345293],[140.58739760836718,58.23931082339649],[140.49984267672656,58.17075689883594],[140.02874282321093,57.64412649722461],[139.29383376559375,57.3361774310625],[138.86675551852343,57.12446554751758],[138.34592727145312,56.8042064532793],[137.60193923434375,56.24034842105274],[137.22909072360156,55.98272284121875],[136.5212660165703,55.58989294619922],[136.11939528903125,55.42064627261524],[135.26954177340625,55.02874334903125],[134.98522475680468,54.85393484683399],[134.89373305758593,54.71992453189258],[130.57768686638556,54.68776534154495],[123.52318438612102,55.18281814717755],[118.44889312838686,55.059054945769404],[114.8597602875505,55.801634154218306],[111.8894434537549,57.65808217534055],[110.28052183544895,57.410555772524255],[110.15675863404078,57.03926616829981],[109.4141794255919,56.5442133626672],[109.53794262700004,55.18281814717755],[108.30031061291854,53.57389652887161]]],[[[-175.10054489651563,66.76504858584767],[-174.63516708889844,66.40478857608204],[-174.1933335928047,66.28795965762501],[-174.20201584378125,66.3688159808672],[-174.06827255764844,66.43529089541798],[-174.09120651760938,66.52358587832813],[-174.37830063382032,66.69997747989063],[-174.37114426175,66.9437442645586],[-174.33661362210157,67.07699926944142],[-173.87494370022657,67.15932806582813],[-173.4322251943672,67.03428228946095],[-173.17439743557813,66.9903751239336],[-172.82922836819532,66.96141394229298],[-172.37796494046094,67.0140567645586],[-171.95799728909375,66.95566900821095],[-171.53966232815625,66.76436194033985],[-171.22723862210157,66.60267218203907],[-170.47313400784375,66.2949405536211],[-170.06616684475782,66.17817267032032],[-169.87270065823438,66.08316382022267],[-169.83243271389844,66.02456244082813],[-169.9869126943672,66.00963934512501],[-170.44873520413282,66.05273779483204],[-170.61266037503125,66.0377612933672],[-170.9761705068672,65.67843969912892],[-171.66856857815625,65.88923987002735],[-171.60648056546094,65.8088565692461],[-171.40962692776563,65.70685156436329],[-171.20030685940625,65.5611759051836],[-171.7300309805,65.61127050967579],[-172.18362900296094,65.58850439639454],[-172.72432419339063,65.76287420840626],[-173.0431413320625,65.80616339297657],[-172.9825944570625,65.74776037783985],[-172.85268112698438,65.63107641787892],[-172.81468674221875,65.6311450824297],[-172.56233688870313,65.51480444522267],[-172.47015854397657,65.37645300479298],[-172.4112291006172,65.17272528262501],[-172.43655869046094,65.02004583926563],[-172.80272385159375,64.99756201358204],[-173.16508957425,64.96792944522267],[-173.25040146389844,64.89551123233204],[-173.02515121975782,64.50645788760548],[-173.07701584378125,64.38398321719532],[-173.54488083401563,64.41909369082813],[-173.72377487698438,64.38278540225392],[-174.26068588772657,64.46094091983204],[-174.379445043,64.61921270938282],[-175.18715378323438,64.84854467959767],[-175.3008775381172,64.72565039248829],[-175.82738205471875,64.93402441592579],[-175.95168015042188,65.00617560000782],[-176.07092758694532,65.18765600772267],[-175.99268051663282,65.26787146182423],[-176.13722702542188,65.45704229922657],[-176.52850815335157,65.60957678408985],[-176.78275009671094,65.63828619571095],[-177.12561508694532,65.62305029483204],[-177.51186081448438,65.52012213321095],[-178.11627670803907,65.48249395938282],[-178.6535386709297,65.53986700625782],[-178.62723251858594,65.68596991153126],[-178.6969499258125,65.83212622256642],[-178.97508713284375,66.05139502139454],[-179.37857529202344,65.9959903583086],[-179.58118149319532,65.81180151553517],[-180,65.25922735782032],[-180,65.31103094668751],[-180,65.38161810489063],[-180,65.96313055606251],[-180,66.96313055606251],[-180,67.96313055606251],[-180,68.91692694278126],[-178.89124008694532,68.64245184512501],[-178.12918564358594,68.37364538760548],[-177.70938583889844,68.29199560733204],[-175.99059006253125,67.84674414248829],[-175.51398178616407,67.66881140323048],[-175.42215439358594,67.60198553653126],[-175.38904282132032,67.50534399600392],[-175.18892380276563,67.31261023135548],[-175.00623032132032,66.95733221621876],[-175.10054489651563,66.76504858584767]]],[[[56.27160552462695,72.85721167178517],[56.13589766940234,72.78598364444142],[55.822093042937496,72.75388678164845],[55.62266829928515,72.6511417254961],[55.51757720431445,72.47799261660938],[55.52035811862109,72.10975226016407],[55.72066405734179,71.64242132754688],[56.151465448943355,71.27099188418751],[56.378794703093746,71.13226660342579],[56.727488550749996,70.99396856875782],[57.2506590219414,70.81779821963673],[57.23775390109179,70.69104345889454],[56.05858519991992,70.73096808047657],[55.678801569548824,70.7071948871172],[55.26625350436328,70.56052740664845],[54.998293909636715,70.52167090030079],[54.694060358611324,70.74377020450001],[54.52245238741992,70.75885351748829],[54.03161147555468,70.71947821231251],[53.72863677462695,70.76506384463673],[53.714697870818355,70.92670019717579],[54.320654902068355,71.08981665225392],[54.35347655734179,71.19802435489063],[54.30786803683398,71.20566137881642],[53.88306334933398,71.32867010684376],[53.23379806002734,71.51353796573048],[52.55046752413867,71.58989294619923],[52.40185073336718,71.51972540469532],[52.12104705294726,71.4648853168047],[51.81493667086718,71.47981604190235],[51.53354171237109,71.65794714541798],[51.48213485201953,71.84467657657032],[51.58508971652148,71.9852481708086],[51.76045897921679,72.07929571719532],[51.91487792452929,72.09522589297657],[52.058257135955074,72.04857977481251],[52.35105422457812,72.04133185000782],[52.58397963961718,72.12773474307423],[53.088538202849605,72.47346838565235],[53.19784835299609,72.63089331241017],[53.05286315402148,72.63060339541798],[52.61114028414843,72.74000128360157],[53.07971862277148,72.90652044864063],[53.30976012667773,73.04128607364063],[53.50230315646289,73.13657721133595],[54.1440916391289,73.14571722598438],[54.73616317233203,73.25771673770313],[55.18068984469531,73.2664981708086],[55.81617644747851,73.30733831973438],[56.06405929049609,73.27609594912892],[56.50850203951953,73.1738696918047],[56.480105433074215,73.0946231708086],[56.27160552462695,72.85721167178517]]],[[[55.18793395480273,74.10351904483204],[55.88524154147265,74.10480841250782],[55.94557479342578,74.26536139102345],[55.618506464568355,74.41746100039845],[55.775942835417965,74.53853186221485],[55.96450332125781,74.60336645694142],[56.26875594576953,74.61199530215626],[56.6520262094414,74.69341620059376],[56.53924087008593,74.7658878192461],[56.30263808688281,74.87056311221485],[56.99497893771289,75.27312811465626],[57.22605422457812,75.3313175067461],[57.32729629000781,75.2984805926836],[57.7286978097832,75.29101141543751],[58.17005828341601,75.53156622500782],[58.5585317941582,75.68162878604298],[59.01763061007617,75.79893072696095],[59.45592788180468,75.86640509219532],[60.042971644011715,75.9175220355547],[60.61674025973437,75.89358862491017],[60.948985132781246,75.9609790668047],[61.302588495818355,76.23785742373829],[61.42554381808398,76.22968634219532],[61.81874755343554,76.28919561953907],[62.59329513033984,76.16482885928517],[62.805266413298824,76.18198736758595],[63.67331984957812,76.32630499453907],[64.10461715182421,76.34393652530079],[65.08725264987109,76.45518835635548],[65.92605880221484,76.50735815616017],[66.2732649179375,76.76152380557423],[66.44234755953906,76.82964666934376],[67.57229903658984,76.89120825381642],[68.4567137094414,76.92682226748829],[68.66830733737109,76.86778601260548],[68.86719039401171,76.76642187686329],[68.93684676608203,76.60583838076954],[68.5714598031914,76.39442022891407],[68.328318628875,76.31829413028126],[67.72246840914843,76.17451819033985],[66.54819014987109,75.97989233584767],[64.60047439059375,75.75954779239063],[63.61646941622851,75.63308294864063],[62.66149428805468,75.49864538760548],[61.83259490450976,75.35651739688282],[60.88701919039843,75.24749334903126],[60.463328394499996,75.15610846133595],[60.333655390349605,75.03255804629688],[60.6233511300957,74.93528326602345],[60.4335203500664,74.83779486270313],[60.00877288302539,74.67541082950001],[59.77162078341601,74.65884741397267],[58.85056594332812,74.68941839785938],[58.65640548190234,74.60839422793751],[58.60250380953906,74.50352057071095],[58.88194564303515,74.39136084170704],[58.73313430270312,74.28661688418751],[58.19052413424609,74.08507879825001],[58.009348902312496,74.14886816592579],[57.67119887789843,74.18831213565235],[57.404734644499996,74.05159338565235],[57.79941848239062,73.92428930850392],[57.8228140207207,73.78055151553517],[57.330393824187496,73.4849048480547],[56.96043685397265,73.35708960147267],[56.69509032687304,73.42014654727345],[56.2649526925957,73.51473578067188],[55.75743392428515,73.5774341449297],[55.424868616667965,73.55293615908985],[54.99362472018359,73.53622778506642],[54.66363051852343,73.47199591250782],[54.47870543917773,73.51936682315235],[54.01755050143359,73.73358496280079],[54.34921554049609,73.86993750186329],[54.89357665499804,74.06292303653126],[55.18793395480273,74.10351904483204]]],[[[102.693039,79.034149],[102.62859300000014,78.988037],[102.575546,78.960541],[102.542763,78.948868],[102.476929,78.908035],[102.40277100000014,78.856369],[102.397774,78.849152],[102.393333,78.828598],[102.405548,78.824707],[102.462196,78.828598],[102.52887,78.840546],[102.567207,78.850266],[102.586647,78.855255],[102.660538,78.882477],[102.79866,78.9515990000001],[102.808868,78.95942700000012],[102.8605270000001,79.005264],[102.876083,79.0269320000001],[102.876373,79.0336],[102.88165300000014,79.040817],[102.894989,79.04776],[102.914703,79.052475],[102.94053600000012,79.055542],[102.969437,79.05748000000011],[103.039703,79.05748000000011],[103.118874,79.054428],[103.170532,79.060257],[103.247757,79.078049],[103.29414400000013,79.099152],[103.45166000000012,79.104706],[103.474701,79.108597],[103.494713,79.113312],[103.508614,79.120255],[103.51944,79.12803600000012],[103.519707,79.13472],[103.639709,79.156937],[103.94693000000012,79.133331],[103.992752,79.124985],[104.0080410000001,79.11998],[104.017761,79.114426],[104.021103,79.095261],[104.020264,79.08859300000012],[104.014427,79.081375],[104.020264,79.0452580000001],[104.071114,78.997482],[104.09554300000013,78.996094],[104.127472,78.996933],[104.156372,78.998871],[104.19109300000014,78.998596],[104.231934,78.996643],[104.303307,78.9910890000001],[104.333878,78.988037],[104.384163,78.98027],[104.423866,78.971375],[104.438583,78.96638500000012],[104.486366,78.938873],[104.499153,78.920532],[104.52388,78.877197],[104.646942,78.832764],[104.656372,78.827209],[104.660263,78.8211060000001],[104.659416,78.81442300000015],[104.647217,78.799988],[104.641098,78.792755],[104.629967,78.784988],[104.60999300000015,78.780273],[104.601646,78.771378],[104.681664,78.77887],[104.704437,78.782486],[104.724426,78.787491],[104.738586,78.794144],[104.74971,78.801926],[104.755829,78.809143],[104.756943,78.815811],[104.752777,78.82193],[104.738312,78.8269350000001],[104.728867,78.83248900000012],[104.724991,78.838593],[104.7447130000001,78.843323],[104.767761,78.847214],[104.917213,78.854156],[104.971916,78.846939],[105.021378,78.83915700000011],[105.070831,78.831375],[105.148613,78.813599],[105.168053,78.809143],[105.195534,78.79248],[105.221649,78.76915],[105.234421,78.757492],[105.408043,78.583603],[105.415817,78.571381],[105.414429,78.56469700000014],[105.373596,78.507767],[105.356644,78.501938],[105.317207,78.49247700000012],[105.252777,78.47998000000013],[105.23027000000013,78.476379],[105.18692,78.466934],[105.10027300000013,78.43887300000011],[105.083328,78.433044],[104.99971,78.40387],[104.952477,78.385544],[104.902771,78.368042],[104.855263,78.35220300000015],[104.81915300000014,78.34137],[104.780548,78.33194],[104.758614,78.328049],[104.72747800000013,78.329712],[104.708603,78.33415200000013],[104.694702,78.339432],[104.685532,78.344986],[104.681664,78.351089],[104.647491,78.353867],[104.424423,78.341095],[104.369431,78.337204],[104.267487,78.326935],[104.16832,78.31553600000012],[104.102768,78.303864],[104.018051,78.287491],[103.996368,78.2836],[103.931091,78.271927],[103.881927,78.266098],[103.829712,78.261383],[103.739151,78.2586060000001],[103.667213,78.260818],[103.575821,78.260818],[103.315262,78.248322],[103.195251,78.23526],[103.164993,78.234421],[103.058594,78.248322],[103.027481,78.25],[102.994431,78.25],[102.9727630000001,78.246094],[102.935806,78.236374],[102.883041,78.220535],[102.883041,78.20694],[102.892487,78.20138500000013],[102.876923,78.195526],[102.818878,78.181656],[102.71804800000012,78.15998800000011],[102.689972,78.160538],[102.661102,78.163605],[102.661102,78.170532],[102.68026700000013,78.186371],[102.685257,78.193588],[102.684982,78.200272],[102.68026700000013,78.206375],[102.670532,78.211929],[102.64637800000014,78.21582],[102.617203,78.21887200000015],[102.54248,78.22192400000012],[102.482208,78.219986],[102.4580380000001,78.216934],[102.13053900000011,78.20138500000013],[101.99664300000012,78.2061],[101.9713670000001,78.205826],[101.821381,78.20054600000014],[101.76138300000014,78.198318],[101.71331800000013,78.1922],[101.65358700000013,78.18997200000013],[101.49498000000011,78.187485],[101.45887800000014,78.188309],[101.381088,78.1922],[101.309143,78.193863],[101.27638200000013,78.193588],[101.174698,78.183319],[101.133041,78.175262],[101.118317,78.169144],[101.09471100000013,78.155258],[101.068047,78.142212],[101.032494,78.132202],[100.994141,78.123032],[100.911102,78.10664400000013],[100.543869,78.043869],[100.344711,78.011932],[100.123306,77.976379],[100.01582300000013,77.957764],[99.966385,77.95248400000014],[99.939972,77.950272],[99.910538,77.94886800000012],[99.878311,77.948593],[99.789154,77.95166],[99.772217,77.95498700000013],[99.761658,77.9602660000001],[99.736923,77.963882],[99.64749100000012,77.962769],[99.61804200000012,77.96138],[99.598038,77.957214],[99.57026700000011,77.945251],[99.55304,77.939972],[99.52082800000011,77.93969700000014],[99.491653,77.942474],[99.4308170000001,77.954437],[99.34137,78.019989],[99.353592,78.053589],[99.390823,78.062759],[99.408035,78.068054],[99.436096,78.08027600000014],[99.461105,78.093323],[99.526932,78.135544],[99.533051,78.141937],[99.52082800000011,78.154434],[99.51944,78.161102],[99.522491,78.16832000000011],[99.784149,78.266663],[99.90637200000015,78.309708],[99.99443100000013,78.335266],[100.003883,78.368042],[100.073608,78.430817],[100.088318,78.43692],[100.152481,78.474152],[100.15109300000012,78.48082],[100.133041,78.499146],[100.25360100000012,78.658325],[100.366379,78.738312],[100.378311,78.745255],[100.393333,78.751099],[100.41165200000012,78.75610400000011],[100.551376,78.785812],[100.594437,78.794144],[100.632202,78.79332],[100.896652,78.767159],[100.915154,78.765327],[100.927483,78.762817],[100.936989,78.759827],[100.939583,78.75715600000012],[101.02192700000012,78.742477],[101.030273,78.738876],[101.135818,78.74914600000011],[101.142784,78.75],[101.160812,78.752213],[101.168053,78.758331],[101.136658,78.768051],[101.095261,78.776657],[100.995926,78.796265],[100.974434,78.797768],[100.904259,78.80126200000012],[100.885765,78.803093],[100.873268,78.805595],[100.869766,78.809265],[100.781937,78.857208],[100.779984,78.870529],[100.778053,78.883881],[100.786102,78.898605],[100.881653,78.969711],[100.893883,78.976654],[100.9897,79.013885],[101.00360100000012,79.018326],[101.03777300000013,79.025269],[101.063026,79.02832],[101.08138300000013,79.0291600000001],[101.164146,79.025543],[101.200546,79.023041],[101.288879,79.013611],[101.372208,79.003326],[101.434982,78.99054000000012],[101.51805100000013,78.98027],[101.549149,78.977203],[101.58719600000012,78.97637900000012],[101.61554,78.978317],[101.62442,78.98220800000013],[101.598602,78.985809],[101.536652,78.991928],[101.459152,78.996094],[101.42804,78.999146],[101.381088,79.006943],[101.233871,79.036652],[101.207764,79.040268],[101.176651,79.04332],[101.0572130000001,79.049149],[101.026093,79.0522],[100.99971,79.055817],[100.988876,79.06109600000013],[100.988037,79.06776400000012],[101.018883,79.116089],[101.02832000000012,79.12387100000012],[101.197197,79.205826],[101.242203,79.224701],[101.287201,79.23248300000012],[101.3463670000001,79.237488],[101.378593,79.238586],[101.449707,79.238876],[101.481934,79.239975],[101.511108,79.241928],[101.53692600000011,79.24498000000011],[101.55330700000013,79.250824],[101.55554200000012,79.284424],[101.527771,79.301376],[101.527206,79.308029],[101.537773,79.34137],[101.550812,79.348328],[101.570541,79.35331700000012],[101.62608300000011,79.358322],[101.776382,79.367477],[101.808868,79.368317],[101.84108700000013,79.358871],[101.944702,79.303864],[101.961113,79.29248],[101.96666,79.28637700000013],[101.966927,79.27970900000014],[101.95694,79.271927],[101.957764,79.258606],[101.9841540000001,79.25499],[102.207764,79.2391510000001],[102.243317,79.2391510000001],[102.26304600000014,79.24414100000013],[102.262772,79.250824],[102.220261,79.265823],[102.172493,79.28054800000012],[102.15582300000011,79.30525200000011],[102.14415,79.330551],[102.137772,79.356369],[102.14276100000012,79.363602],[102.172493,79.389435],[102.18248,79.39721700000013],[102.196091,79.4041600000001],[102.212769,79.409988],[102.232758,79.414993],[102.27916,79.42276],[102.305542,79.42553700000013],[102.3647,79.429703],[102.39888,79.42804],[102.425537,79.424423],[102.5338670000001,79.411102],[102.67804,79.398041],[102.809982,79.386108],[102.841927,79.3830410000001],[102.894707,79.375534],[102.910263,79.370819],[102.920822,79.35859700000015],[102.920532,79.345261],[102.936096,79.340546],[102.9727630000001,79.331375],[103.00444,79.328049],[103.108597,79.329163],[103.140266,79.325821],[103.161102,79.32165500000013],[103.160812,79.314987],[103.155258,79.307755],[103.141373,79.300812],[103.09055300000011,79.2836],[103.044144,79.275818],[103.00833100000011,79.275818],[102.96138,79.28054800000012],[102.90442700000011,79.264999],[102.877197,79.25138900000013],[102.82554600000014,79.223038],[102.7544400000001,79.169983],[102.746094,79.163605],[102.740807,79.156372],[102.691093,79.085815],[102.703323,79.048599],[102.693039,79.034149]]],[[[97.193039,79.702209],[97.206375,79.69693],[97.239426,79.698318],[97.549149,79.737488],[97.649429,79.751389],[97.719986,79.76304600000014],[97.7211,79.7686],[97.71582,79.781662],[97.723602,79.803314],[97.742203,79.808319],[97.821106,79.827774],[97.866379,79.836105],[97.893326,79.862762],[97.877472,79.874695],[97.874985,79.881088],[97.881363,79.88749700000011],[97.89665200000013,79.89332600000012],[97.941925,79.901657],[97.971924,79.90387],[98.04304500000012,79.90582300000011],[98.077209,79.903046],[98.1766510000001,79.887772],[98.22387700000013,79.87970000000013],[98.24192800000014,79.874985],[98.288879,79.867203],[98.31749,79.863876],[98.35498,79.864151],[98.384995,79.866379],[98.400543,79.872482],[98.439697,79.892212],[98.580826,79.971649],[98.578598,79.978317],[98.542206,79.987488],[98.5186,79.991653],[98.46054100000015,79.998322],[98.44220000000013,80.002777],[98.434708,80.008881],[98.470261,80.037491],[98.482208,80.04443400000014],[98.505554,80.048599],[98.528595,80.052475],[98.57026700000011,80.051926],[98.604706,80.0494230000001],[98.633606,80.045822],[98.670258,80.036652],[98.693863,80.03276100000011],[98.728317,80.029984],[98.769714,80.029434],[98.803864,80.030548],[98.906097,80.038589],[99.02304100000015,80.046646],[99.06164600000011,80.04776],[99.148331,80.045822],[99.188034,80.043594],[99.216934,80.040268],[99.240265,80.03610200000014],[99.37359600000013,79.997482],[99.445251,79.974701],[99.49693300000013,79.94693000000012],[99.50416600000011,79.941086],[99.550262,79.933044],[99.589706,79.9308170000001],[99.661102,79.932205],[99.68414300000012,79.92804],[99.801086,79.901093],[100.015266,79.824158],[100.069443,79.780548],[100.076103,79.774704],[100.063309,79.767761],[100.043587,79.762772],[99.965271,79.743042],[99.898331,79.74054],[99.77609300000012,79.634995],[99.72554000000014,79.574997],[99.68470800000011,79.466934],[99.6922,79.389709],[99.70054600000014,79.37692300000015],[99.712204,79.37164300000012],[99.734146,79.367477],[99.746094,79.362198],[99.683319,79.309708],[99.65914900000013,79.295822],[99.601379,79.291367],[99.594437,79.276932],[99.578873,79.270828],[99.455826,79.246933],[99.388321,79.261658],[99.3205410000001,79.280823],[99.281372,79.289429],[99.214996,79.301651],[99.187759,79.30525200000011],[99.15387,79.306366],[99.118042,79.306091],[99.089432,79.303864],[99.063873,79.300812],[99.041931,79.296646],[99.035263,79.290268],[99.042206,79.284424],[99.059418,79.27970900000014],[99.416931,79.194138],[99.438583,79.18997200000013],[99.487488,79.18248],[99.514435,79.179153],[99.584991,79.167206],[99.601654,79.162491],[99.608322,79.156647],[99.59304800000012,79.150543],[99.57443200000012,79.145538],[99.510544,79.143051],[99.48858600000011,79.138885],[99.48526,79.131653],[99.501938,79.126923],[99.52887,79.123306],[99.560532,79.12052900000015],[99.702774,79.111099],[99.734421,79.108032],[99.81469700000014,79.09748800000011],[99.8477630000001,79.088043],[99.85914600000012,79.08276400000011],[99.946091,78.968048],[99.938873,78.95332300000013],[99.930267,78.945526],[99.914993,78.939423],[99.896652,78.934418],[99.874985,78.930267],[99.850266,78.9272],[99.785263,78.914993],[99.723877,78.901657],[99.687485,78.891663],[99.656647,78.87886000000015],[99.644989,78.871918],[99.63665800000012,78.863876],[99.518051,78.83638],[99.475266,78.828049],[99.426086,78.82193],[99.394989,78.8205410000001],[99.360535,78.820267],[99.288315,78.824707],[99.209717,78.8269350000001],[99.178589,78.82554600000014],[99.150543,78.823318],[99.01832600000012,78.810257],[98.856094,78.81387300000011],[98.653046,78.810532],[98.591095,78.808029],[98.566666,78.804703],[98.55720500000012,78.799423],[98.599991,78.7910920000001],[98.602203,78.78442400000012],[98.584427,78.779434],[98.559982,78.776093],[98.342484,78.77916],[98.304977,78.779709],[98.288315,78.78442400000012],[98.281372,78.790268],[98.257492,78.80108600000011],[98.221375,78.803314],[98.183594,78.803864],[98.016388,78.806366],[97.87052900000015,78.808868],[97.743317,78.818329],[97.646553,78.8302690000001],[97.601089,78.8394320000001],[97.584152,78.84414700000013],[97.555817,78.845825],[97.411377,78.845825],[97.30470300000013,78.84526100000011],[97.27304100000015,78.848038],[97.246368,78.851379],[97.119705,78.881653],[97.033325,78.904984],[96.956375,78.929428],[96.86720300000013,78.964996],[96.6927490000001,78.991653],[96.52859500000011,78.99026500000014],[96.3477630000001,78.989151],[96.306091,78.99026500000014],[96.282211,78.992477],[96.30304,78.996933],[96.35137900000012,79.003601],[96.368317,79.008881],[96.36998,79.016098],[96.347488,79.01998900000012],[96.310532,79.021927],[96.272217,79.022217],[96.2061,79.020264],[96.181931,79.016937],[96.161102,79.012497],[96.084717,79.002487],[96.00166300000012,78.99498],[95.970535,78.993591],[95.935806,78.992752],[95.695251,78.99720800000011],[95.666656,78.998871],[95.653595,79.00416600000011],[95.649994,79.010818],[95.642212,79.0452580000001],[95.648041,79.053314],[95.66748000000013,79.067215],[95.569153,79.0961],[95.533051,79.10525500000011],[95.495529,79.107208],[95.464157,79.10554500000012],[95.4086,79.10054],[95.38472000000013,79.096939],[95.364151,79.09275800000012],[95.347214,79.0874940000001],[95.33415200000013,79.081375],[95.2836,79.065536],[95.150818,79.042206],[95.123032,79.039703],[95.088318,79.038879],[95.007767,79.040268],[94.98471100000012,79.04414400000013],[94.777206,79.084427],[94.69999700000011,79.109146],[94.649429,79.16638200000011],[94.649994,79.173599],[94.646103,79.180267],[94.641937,79.18692],[94.6330410000001,79.192749],[94.614426,79.19720500000011],[94.567764,79.204987],[94.506653,79.210541],[94.450272,79.2166600000001],[94.426651,79.220535],[94.366089,79.2333220000001],[94.333603,79.243042],[94.324432,79.248871],[94.320267,79.25526400000012],[94.31109600000013,79.344711],[94.319992,79.39637800000014],[94.338593,79.410263],[94.35331700000012,79.42553700000013],[94.35887100000014,79.433319],[94.35582000000011,79.454437],[94.346649,79.460266],[94.332489,79.465546],[94.29443400000014,79.47442600000011],[94.270538,79.478317],[94.235535,79.4791560000001],[94.095535,79.4749910000001],[94.06749,79.472214],[94.049988,79.466385],[94.054428,79.459717],[94.08248900000012,79.4422],[94.073318,79.434982],[94.052765,79.430542],[93.988876,79.4272],[93.949142,79.4272],[93.915543,79.429703],[93.886658,79.432755],[93.709427,79.4519350000001],[93.698868,79.4561000000001],[93.72331200000013,79.459717],[93.807755,79.467484],[93.93609600000013,79.47442600000011],[93.96054100000015,79.478043],[93.99026500000014,79.489426],[93.98082000000011,79.495255],[93.908325,79.499146],[93.826096,79.50915500000013],[93.688873,79.536926],[93.687195,79.5410920000001],[93.719437,79.542755],[93.747757,79.545532],[93.772217,79.548874],[93.789154,79.554153],[93.853867,79.584991],[93.87997400000012,79.597488],[93.878036,79.60137900000012],[93.799988,79.604706],[93.771378,79.602203],[93.746933,79.598602],[93.726089,79.594147],[93.709152,79.58915700000011],[93.528046,79.535538],[93.461655,79.514435],[93.448868,79.508331],[93.43997200000013,79.501099],[93.44470200000012,79.494705],[93.46388200000013,79.475815],[93.357208,79.453049],[93.33305400000012,79.449417],[93.252487,79.440536],[93.224426,79.437759],[93.193588,79.437759],[93.16470300000015,79.440536],[93.1499940000001,79.445816],[93.12580900000012,79.45665],[93.116089,79.462769],[93.124695,79.469711],[93.141098,79.4749910000001],[93.213608,79.485535],[93.245819,79.487488],[93.301926,79.49275200000011],[93.318604,79.498032],[93.284424,79.514709],[93.26998900000012,79.519989],[93.235809,79.522217],[93.156097,79.522217],[93.04470800000013,79.52859500000011],[92.850815,79.553864],[92.85942100000011,79.561096],[92.923874,79.564697],[92.963043,79.563034],[93.02165200000013,79.557205],[93.0705410000001,79.549713],[93.089981,79.545258],[93.114426,79.541656],[93.148605,79.539429],[93.188583,79.539429],[93.256943,79.541931],[93.28137200000015,79.545532],[93.630264,79.611649],[93.646103,79.615265],[93.779434,79.668869],[93.78997800000013,79.684708],[93.79914900000011,79.69165],[93.850266,79.707489],[94.079163,79.765274],[94.104156,79.7686],[94.281937,79.7833250000001],[94.347763,79.786652],[94.413605,79.789978],[94.512772,79.79498300000012],[94.6160890000001,79.81192],[94.631653,79.82666],[94.538315,79.842484],[94.424698,79.85554500000012],[94.345825,79.866089],[94.22221400000012,79.897766],[94.22554000000014,79.902481],[94.35998500000011,79.949142],[94.43220500000012,79.96609500000011],[94.47360200000014,79.96582],[94.613312,79.980545],[94.638885,79.983871],[94.751663,80.00444],[94.773315,80.008881],[94.92303500000014,80.052475],[94.93692,80.058594],[94.9433140000001,80.066666],[94.938873,80.073044],[94.910812,80.090546],[94.910538,80.0961],[94.93664600000011,80.099426],[94.970535,80.101089],[95.006943,80.100266],[95.089981,80.075821],[95.104431,80.070831],[95.108597,80.064148],[95.106369,80.049988],[95.2333220000001,80.017212],[95.26944000000015,80.016388],[95.2994230000001,80.018875],[95.325272,80.022217],[95.34332300000011,80.027206],[95.3535920000001,80.034424],[95.357483,80.055817],[95.35331700000012,80.062195],[95.354706,80.069443],[95.36499000000015,80.076385],[95.3936,80.088593],[95.43803400000013,80.097214],[95.490265,80.103867],[95.580276,80.111374],[95.968323,80.106094],[96.098328,80.094711],[96.101929,80.088318],[96.138321,80.0874940000001],[96.17637600000012,80.088043],[96.36998,80.095535],[96.438034,80.098602],[96.72831700000012,80.113876],[96.914154,80.12719700000014],[97.051086,80.152206],[97.069992,80.157486],[97.085266,80.163315],[97.111923,80.166656],[97.142487,80.168869],[97.184418,80.168594],[97.316376,80.16387900000012],[97.49220300000013,80.169983],[97.534149,80.16970800000013],[97.61499,80.16554300000013],[97.70359800000011,80.155823],[97.826935,80.124695],[98.034424,80.06749],[97.9711,80.00665300000014],[97.828598,79.926086],[97.648605,79.833878],[97.632111,79.801842],[97.62997400000012,79.782761],[97.623871,79.77638200000013],[97.538315,79.758881],[97.449142,79.742203],[97.397491,79.735809],[97.290268,79.723602],[97.260818,79.721375],[97.234985,79.718048],[97.213043,79.713882],[97.19470200000012,79.708603],[97.193039,79.702209]]],[[[142.470245,73.847763],[142.513031,73.838882],[142.57663,73.820267],[142.61441000000013,73.8077550000001],[142.660522,73.790543],[142.673035,73.784149],[142.702179,73.771927],[142.7355040000001,73.75943],[143.01470900000015,73.660812],[143.05691500000012,73.653046],[143.120789,73.645264],[143.141937,73.641373],[143.179138,73.62886],[143.212189,73.616379],[143.43191500000012,73.522491],[143.470245,73.491653],[143.53164700000013,73.44220000000013],[143.526642,73.43609600000013],[143.507751,73.424149],[143.49411,73.41832],[143.476074,73.412491],[143.436371,73.403046],[143.448578,73.366379],[143.451904,73.36026],[143.475525,73.317215],[143.504425,73.280273],[143.51193200000012,73.27415500000012],[143.50582900000018,73.23027],[143.227448,73.204163],[143.18496700000014,73.203323],[143.14331100000015,73.207489],[143.080811,73.214157],[143.018311,73.222214],[142.896942,73.234421],[142.643311,73.258041],[142.62246700000014,73.25943],[142.579681,73.257217],[142.45135500000015,73.242477],[142.408875,73.24054],[142.38580300000012,73.241089],[142.364685,73.243866],[142.323303,73.251389],[142.28192100000012,73.263885],[142.261108,73.268875],[142.218842,73.2727660000001],[142.134705,73.279434],[142.092468,73.282211],[142.050262,73.2836],[142.02887,73.282486],[142.007751,73.282761],[141.965515,73.28414900000013],[141.842743,73.28970300000015],[141.800537,73.29248],[141.631622,73.305252],[141.589417,73.310257],[141.547211,73.31666600000011],[141.505249,73.325272],[141.23468000000014,73.373871],[140.97995000000014,73.41804500000012],[140.809418,73.44636500000013],[140.788025,73.44886800000012],[140.745514,73.451385],[140.70275900000013,73.451385],[140.63858,73.44999700000011],[140.574402,73.44636500000013],[140.424988,73.433044],[140.294861,73.413864],[140.28204300000016,73.412376],[140.269196,73.410202],[140.2565310000001,73.407204],[140.24885600000016,73.403542],[140.093567,73.370529],[140.051361,73.361923],[140.009155,73.354431],[139.966644,73.349426],[139.881897,73.345535],[139.839142,73.345535],[139.775269,73.347763],[139.75415,73.348877],[139.732727,73.351089],[139.71136500000011,73.354706],[139.676636,73.36554000000012],[139.66748,73.377762],[139.653595,73.402206],[139.652771,73.4202580000001],[139.665253,73.426651],[139.68637100000012,73.4327550000001],[139.707458,73.437485],[139.728577,73.440262],[139.771088,73.4427490000001],[140.069977,73.45582600000012],[140.15524300000016,73.458328],[140.17663600000014,73.457214],[140.263184,73.458054],[140.28118900000015,73.45654300000012],[140.29403700000012,73.457375],[140.306702,73.459541],[140.31951900000013,73.463211],[140.416077,73.483047],[140.48413100000016,73.507217],[140.60412600000018,73.549988],[140.63638300000014,73.562759],[140.649414,73.568878],[140.657745,73.574997],[140.679413,73.591934],[140.74441500000012,73.66470300000015],[140.82275400000015,73.743591],[140.892761,73.792206],[140.923584,73.810257],[140.949982,73.822495],[141.068298,73.8647],[141.085785,73.870819],[141.12966900000015,73.87776200000013],[141.160797,73.877335],[141.175537,73.872208],[141.225525,73.863037],[141.312744,73.86053500000014],[141.35635400000012,73.86026],[141.378021,73.861374],[141.3999940000001,73.863876],[141.42190600000015,73.868591],[141.43969700000014,73.874695],[141.474976,73.88415500000013],[141.519135,73.8936],[141.563293,73.898331],[141.697205,73.90942400000012],[142.00415,73.919983],[142.026093,73.91970800000013],[142.04776,73.917206],[142.09079,73.907486],[142.112183,73.902206],[142.154968,73.88998400000014],[142.34024,73.857208],[142.405243,73.854431],[142.448578,73.850266],[142.470245,73.847763]]],[[[179.957458,70.992203],[179.904694,70.981094],[179.80523700000015,70.957489],[179.791931,70.953049],[179.784698,70.93969700000014],[179.77804600000013,70.93386800000013],[179.74774200000013,70.918045],[179.724396,70.908035],[179.71136500000011,70.903595],[179.678314,70.895538],[179.51831100000015,70.876923],[179.441925,70.872208],[179.405823,70.876373],[179.3916630000001,70.880814],[179.379395,70.886108],[179.36328100000014,70.889435],[179.345245,70.891663],[179.2988590000001,70.890823],[179.272766,70.88859600000012],[179.09552,70.86747700000012],[179.05636600000014,70.86080900000013],[178.98468,70.8461],[178.91943400000014,70.829987],[178.890259,70.821381],[178.851074,70.80720500000012],[178.834961,70.803314],[178.8152470000001,70.799713],[178.791016,70.796402],[178.7836,70.805542],[178.783875,70.834427],[178.74884,70.892212],[178.70303300000012,70.934708],[178.647766,70.989151],[178.621063,71.027481],[178.617737,71.035538],[178.617737,71.049988],[178.621063,71.056366],[178.63107300000013,71.069153],[178.650818,71.086929],[178.673859,71.1041560000001],[178.858307,71.209991],[178.87219200000015,71.217484],[178.958588,71.24414100000013],[179.0083310000001,71.256104],[179.094696,71.275543],[179.197479,71.30331400000011],[179.210785,71.307755],[179.224121,71.312485],[179.382172,71.375809],[179.462463,71.408035],[179.466064,71.414429],[179.47302200000013,71.420532],[179.530273,71.43830900000012],[179.56414800000016,71.446091],[179.604401,71.452774],[179.65387,71.454712],[179.699127,71.454437],[179.72052,71.4561000000001],[179.764435,71.465546],[179.863861,71.488037],[179.864136,71.495255],[179.858002,71.503876],[179.849701,71.511383],[179.86022900000012,71.516663],[179.89413500000012,71.524429],[179.931366,71.531662],[179.98162800000011,71.536102],[180,71.53585800000013],[180,70.99720800000011],[179.9771730000001,70.995529],[179.957458,70.992203]]],[[[139.34024,76.050262],[139.365234,76.048035],[139.389984,76.044708],[139.464691,76.031937],[139.50970500000017,76.019989],[139.549988,76.008331],[139.57995600000015,75.996643],[139.644989,75.9791560000001],[139.669708,75.97554],[139.694122,75.973312],[139.767761,75.973602],[139.792206,75.97248800000011],[139.816925,75.969986],[139.8366390000001,75.964157],[139.866638,75.952484],[139.90164200000015,75.9369200000001],[139.906647,75.931091],[139.90692100000012,75.925262],[139.88272100000017,75.921371],[139.85800200000017,75.924988],[139.833588,75.926086],[139.786652,75.89166300000011],[139.7869260000001,75.885544],[139.801636,75.8797],[139.935242,75.836105],[140.0330510000001,75.818329],[140.15969800000016,75.800812],[140.2199710000001,75.819153],[140.24411,75.82415800000012],[140.268311,75.82415800000012],[140.389984,75.81581100000011],[140.438568,75.811096],[140.496918,75.79332000000011],[140.52609300000017,75.781372],[140.535797,75.775543],[140.545532,75.763611],[140.545532,75.757492],[140.540802,75.745819],[140.536102,75.7397],[140.488007,75.721924],[140.4735720000001,75.71582],[140.46386700000016,75.709991],[140.454407,75.698029],[140.43081700000016,75.656372],[140.43081700000016,75.64444],[140.454956,75.639709],[140.479126,75.636108],[140.64721700000018,75.621918],[140.863007,75.609711],[140.887207,75.608597],[140.911102,75.608597],[140.935242,75.611923],[140.983307,75.62164300000012],[141.031647,75.633331],[141.05108600000017,75.639435],[141.0607910000001,75.645264],[140.979675,75.679977],[140.87439,75.731369],[140.86468500000012,75.73719800000015],[140.86969,75.743317],[140.89444,75.784714],[140.909698,75.832489],[140.909973,75.850266],[140.881348,75.886108],[140.87661700000012,75.897766],[140.87661700000012,75.90387],[140.90219100000013,75.981094],[140.922211,76.004715],[140.9422,76.021378],[140.957184,76.033051],[140.97189300000014,76.039154],[140.991913,76.044983],[141.016388,76.049713],[141.041077,76.051926],[141.189148,76.057755],[141.213593,76.056366],[141.38497900000016,76.035812],[141.50720200000012,76.018875],[141.53137200000015,76.015274],[141.550812,76.01026900000011],[141.565247,76.0044400000001],[141.579681,75.99971],[141.604401,76.000824],[141.61441000000013,76.006653],[141.61969,76.012497],[141.619965,76.0186],[141.6105040000001,76.024429],[141.48968500000012,76.06526200000013],[141.485229,76.071106],[141.389984,76.148605],[141.380249,76.154434],[141.306641,76.17248500000011],[141.30691500000012,76.178314],[141.3319090000001,76.18054200000012],[141.356628,76.18054200000012],[141.405823,76.171097],[141.581909,76.127762],[141.763031,76.099716],[142.00943,76.033325],[142.129395,75.99971],[142.363281,75.933044],[142.401093,75.920822],[142.429138,75.9086],[142.433319,75.902771],[142.432739,75.896942],[142.45108,75.88472],[142.46496600000012,75.87886],[142.512756,75.867752],[142.560242,75.857758],[142.656372,75.846375],[142.753052,75.84109500000011],[142.873291,75.831665],[142.897217,75.829163],[142.992462,75.814148],[143.088562,75.806091],[143.13693200000012,75.8058170000001],[143.16137700000013,75.806641],[143.235504,75.814423],[143.359406,75.82998700000013],[143.369965,75.835815],[143.38552900000013,75.84137],[143.410797,75.84721400000012],[143.55996700000014,75.865814],[143.58441200000016,75.866928],[143.633026,75.86637900000011],[143.6571960000001,75.86499],[143.900543,75.837204],[143.924133,75.833328],[144.017487,75.813309],[144.22525,75.760544],[144.475525,75.709717],[144.52221700000018,75.70166000000012],[144.61746200000016,75.695526],[144.6416630000001,75.696365],[144.689697,75.69470200000012],[144.713013,75.691925],[144.73135400000012,75.68692],[144.76416000000017,75.662491],[144.80304000000012,75.643875],[144.82553100000018,75.637772],[144.895813,75.629425],[145.013306,75.618042],[145.107452,75.61053500000014],[145.154144,75.60498],[145.200256,75.597214],[145.222748,75.591934],[145.28497300000015,75.573044],[145.30246,75.56694],[145.383606,75.529434],[145.391357,75.52331500000014],[145.39471400000014,75.517487],[145.393036,75.511383],[145.373566,75.510544],[145.349701,75.510818],[145.279144,75.514709],[145.23107900000014,75.51416000000012],[145.206635,75.512207],[145.083038,75.49498],[145.057739,75.490814],[144.986908,75.473877],[144.925812,75.4580380000001],[144.877167,75.454163],[144.803864,75.445526],[144.77887,75.441086],[144.753876,75.435532],[144.73828100000014,75.42970300000013],[144.71637,75.41832000000011],[144.70553600000017,75.412201],[144.688568,75.400543],[144.66442900000015,75.335266],[144.66775500000017,75.329163],[144.68081700000016,75.324158],[144.703033,75.318878],[144.78887900000018,75.300812],[144.8116460000001,75.298035],[144.858582,75.29609700000015],[144.88134800000012,75.293594],[144.903595,75.287201],[144.916382,75.281097],[144.94165,75.2686],[144.931091,75.26388500000013],[144.834137,75.25360100000012],[144.7258,75.232208],[144.719116,75.202484],[144.712189,75.172485],[144.706085,75.166656],[144.695526,75.16081200000013],[144.680267,75.154984],[144.631348,75.146103],[144.607178,75.143051],[144.587189,75.137207],[144.5122070000001,75.114426],[144.47106900000017,75.096939],[144.46051,75.091095],[144.45468100000016,75.085266],[144.412476,75.06164600000011],[144.39721700000018,75.055817],[144.34829700000012,75.044434],[144.324982,75.043594],[144.301636,75.043869],[144.278595,75.045532],[144.256104,75.048325],[144.233032,75.049713],[144.1866460000001,75.050262],[144.115509,75.044144],[144.066925,75.032761],[144.019135,75.026093],[143.995789,75.025269],[143.97247300000015,75.025543],[143.9497070000001,75.026932],[143.904419,75.0336],[143.859955,75.046097],[143.824982,75.058594],[143.780548,75.071106],[143.758026,75.074997],[143.597198,75.08888200000013],[143.574127,75.090271],[143.550812,75.09054600000013],[143.503601,75.086105],[143.479675,75.082764],[143.478851,75.078049],[143.459412,75.073318],[143.435791,75.069992],[143.38858,75.06581100000011],[143.365509,75.067215],[143.342468,75.069717],[143.3199770000001,75.073608],[143.297211,75.07859800000011],[143.25247200000013,75.091095],[143.206909,75.098877],[143.041656,75.119431],[142.97247300000015,75.126083],[142.949127,75.126373],[142.926086,75.12886000000015],[142.903595,75.133881],[142.89025900000013,75.139984],[142.873016,75.152206],[142.86911,75.158325],[142.870514,75.1702580000001],[142.862732,75.182205],[142.83441200000016,75.21832300000011],[142.81137100000012,75.222214],[142.788025,75.223602],[142.764435,75.22248800000011],[142.741058,75.223877],[142.71801800000014,75.227768],[142.70468100000016,75.23387100000014],[142.679688,75.26388500000013],[142.665527,75.3022],[142.656647,75.308319],[142.63858,75.31442300000015],[142.615509,75.320541],[142.569427,75.330551],[142.5330510000001,75.34275800000012],[142.50582900000018,75.35498000000013],[142.496918,75.36080900000013],[142.492737,75.36692800000014],[142.506042,75.45372],[142.512482,75.462494],[142.632172,75.51304600000014],[142.67718500000012,75.530548],[142.7319030000001,75.546936],[142.805237,75.559418],[142.89303600000017,75.573044],[142.96136500000011,75.58194],[143.01052900000013,75.59220900000014],[143.021088,75.598038],[143.03775,75.61581400000011],[143.03942900000015,75.627762],[143.043579,75.657486],[143.0405270000001,75.66970800000013],[143.02746600000012,75.681656],[143.01886,75.687485],[143.004974,75.693863],[142.9497070000001,75.711929],[142.926086,75.716934],[142.902191,75.718323],[142.666656,75.727478],[142.5938420000001,75.72442600000011],[142.54498300000012,75.71998600000012],[142.447479,75.711105],[142.432297,75.688965],[142.428864,75.67192100000011],[142.42358400000012,75.665817],[142.399139,75.662491],[142.374664,75.6602630000001],[142.22995,75.655258],[142.140259,75.59082000000012],[142.113586,75.501389],[142.150818,75.381653],[142.15524300000016,75.375534],[142.213013,75.333328],[142.286377,75.309143],[142.31829800000014,75.296936],[142.390808,75.268875],[142.41803,75.256653],[142.58081100000015,75.15387],[142.593567,75.141663],[142.60968000000014,75.117752],[142.604401,75.111649],[142.61245700000018,75.099716],[142.634979,75.093597],[142.680817,75.085815],[142.749695,75.076935],[142.818573,75.069153],[142.843842,75.067215],[142.890533,75.06694],[142.9605100000001,75.069717],[143.029968,75.065536],[143.098846,75.057755],[143.166382,75.042755],[143.34719800000016,75.008606],[143.392761,75.002213],[143.415802,75.000549],[143.43914800000016,75.001663],[143.510254,75.01165800000012],[143.533875,75.013885],[143.55719,75.014709],[143.579956,75.0122070000001],[143.6021730000001,75.00582900000012],[143.637207,74.993317],[143.663025,74.981094],[143.671356,74.974991],[143.703308,74.944702],[143.7069090000001,74.938583],[143.691925,74.932755],[143.64444,74.923599],[143.454132,74.889709],[143.430817,74.887497],[143.31665,74.89471400000014],[143.2705380000001,74.895264],[143.1783140000001,74.893875],[143.131897,74.893051],[142.95553600000017,74.883881],[142.78524800000014,74.885269],[142.76647900000012,74.890656],[142.7446900000001,74.893875],[142.698578,74.89444],[142.679688,74.890823],[142.656097,74.88499500000012],[142.619965,74.84915200000012],[142.62384,74.84332300000011],[142.646637,74.841934],[142.69357300000013,74.848602],[142.711914,74.847214],[142.71109,74.84137],[142.696625,74.83554100000015],[142.579681,74.8169400000001],[142.55636600000014,74.813599],[142.487457,74.811646],[142.44165,74.813309],[142.396088,74.81721500000015],[142.373566,74.819717],[142.3508,74.823608],[142.07135,74.889984],[142.017212,74.9083250000001],[141.977173,74.9266510000001],[141.968292,74.932755],[141.969116,74.944702],[141.978851,74.950546],[141.99774200000013,74.95665],[142.021088,74.959991],[142.044434,74.962204],[142.067749,74.96331800000013],[142.113861,74.96081500000014],[142.136658,74.958328],[142.218292,74.938583],[142.258881,74.927475],[142.28137200000015,74.921371],[142.304138,74.916382],[142.327179,74.91748],[142.3508,74.921921],[142.3605040000001,74.92804000000012],[142.356628,74.933868],[142.237183,74.994705],[142.219116,75.000824],[142.19384800000012,75.004166],[142.170532,75.004166],[141.98468000000014,74.996933],[141.79830900000013,74.98580900000013],[141.6905210000001,74.964706],[141.583313,74.94693],[141.536652,74.941086],[141.513611,74.938873],[141.443848,74.933044],[141.2355040000001,74.916931],[141.120239,74.911102],[141.050812,74.909988],[140.981628,74.907761],[140.916931,74.905548],[140.824677,74.891098],[140.755554,74.883881],[140.68637100000012,74.878036],[140.640259,74.87442],[140.594116,74.87191800000011],[140.45636,74.857483],[140.295807,74.836929],[140.066376,74.821106],[140.058777,74.82748400000014],[140.054413,74.838318],[139.983582,74.892487],[139.974121,74.898331],[139.857452,74.931656],[139.759155,74.95776400000011],[139.693573,74.97442600000011],[139.669983,74.979156],[139.646942,74.979156],[139.533051,74.949707],[139.464691,74.931656],[139.4605100000001,74.92553700000013],[139.468292,74.87747200000013],[139.478302,74.86554],[139.496918,74.860809],[139.520264,74.856094],[139.5663760000001,74.856369],[139.56665,74.84915200000012],[139.537476,74.800812],[139.533051,74.794708],[139.503052,74.764709],[139.49411,74.7586060000001],[139.392761,74.7038730000001],[139.379395,74.697754],[139.343842,74.685806],[139.32135,74.679703],[139.231628,74.659988],[139.209137,74.656097],[139.164154,74.651093],[139.096069,74.647217],[139.0735780000001,74.646942],[139.050537,74.64804100000015],[139.027771,74.650269],[139.00470000000018,74.65387],[138.934692,74.671371],[138.892761,74.683319],[138.85495000000014,74.694977],[138.812744,74.70694],[138.766083,74.718597],[138.742737,74.723038],[138.67358400000012,74.72998000000013],[138.465515,74.75],[138.257202,74.767487],[138.208588,74.771378],[138.185516,74.772217],[138.162476,74.77442900000011],[138.13916000000017,74.777771],[138.115509,74.782486],[138.068298,74.79275500000011],[138.025269,74.80442800000014],[137.89053300000012,74.845261],[137.876068,74.851089],[137.865784,74.857208],[137.8330380000001,74.89166300000011],[137.820801,74.909424],[137.81442300000015,74.921371],[137.809692,74.951385],[137.803314,74.96331800000013],[137.79776,74.969437],[137.78192100000012,74.981094],[137.767487,74.98580900000013],[137.743286,74.991653],[137.675812,75.006378],[137.623291,75.015549],[137.599701,75.017761],[137.528595,75.026382],[137.50470000000018,75.02970900000014],[137.480804,75.034424],[137.324402,75.074432],[137.1408080000001,75.13220200000012],[137.119965,75.143875],[136.975525,75.232208],[136.91079700000012,75.27192700000012],[136.861359,75.349152],[136.859955,75.35498000000013],[136.86828600000013,75.361374],[136.88580300000012,75.36747700000012],[136.908325,75.37359600000013],[136.93081700000016,75.37886],[136.976624,75.38665800000012],[137,75.388046],[137.023865,75.388321],[137.04776,75.38638300000014],[137.069122,75.374695],[137.09301800000014,75.351089],[137.103577,75.34498600000012],[137.123566,75.3394320000001],[137.148315,75.334991],[137.172485,75.331665],[137.219971,75.329712],[137.266937,75.33276400000011],[137.382446,75.3461],[137.404968,75.352203],[137.424408,75.376373],[137.42804000000012,75.382477],[137.424683,75.400543],[137.414154,75.406372],[137.39444,75.410812],[137.345245,75.419708],[137.297211,75.42276],[137.27331500000014,75.42248500000011],[137.25,75.421097],[137.2271730000001,75.416092],[137.20468100000016,75.409714],[137.19165,75.403595],[137.1738590000001,75.39749100000012],[137.149719,75.399429],[137.133026,75.41137700000013],[137.130524,75.423309],[137.138885,75.453323],[137.18801900000017,75.470535],[137.207642,75.528992],[137.277771,75.586929],[137.2916560000001,75.589432],[137.290253,75.595535],[137.210236,75.636383],[137.16470300000015,75.6477660000001],[137.139862,75.646744],[137.12219200000015,75.6436],[137.029968,75.62442],[137.007812,75.617645],[136.971985,75.601974],[136.98886100000016,75.59166],[137.029694,75.580276],[137.070251,75.568878],[137.081085,75.563034],[137.062195,75.561646],[136.986633,75.578598],[136.97607400000015,75.584427],[136.96386700000016,75.5961],[136.958557,75.604218],[136.96752900000013,75.608688],[136.983856,75.61554],[137.00164800000016,75.62164300000012],[137.04776,75.631927],[137.071075,75.63472000000013],[137.137634,75.651215],[137.1535950000001,75.655823],[137.164429,75.673874],[137.163025,75.679977],[137.156097,75.69165],[137.140259,75.697479],[137.11969,75.703323],[137.094696,75.707764],[137.074127,75.71331800000013],[137.068298,75.71914700000013],[137.07189900000014,75.725266],[137.16830400000015,75.774155],[137.181641,75.780273],[137.205231,75.784149],[137.22912600000018,75.785538],[137.301636,75.7874910000001],[137.51165800000012,75.77916],[137.5616,75.77121],[137.606232,75.76521300000013],[137.621246,75.762543],[137.633423,75.759048],[137.63992300000018,75.75553900000011],[137.687195,75.7452550000001],[137.711914,75.74192800000014],[137.735779,75.743317],[137.74469,75.748322],[137.731079,75.771927],[137.72525,75.777771],[137.71469100000013,75.7836],[137.689423,75.788315],[137.61026,75.807426],[137.59539800000016,75.809433],[137.58609,75.812927],[137.441071,75.871368],[137.430267,75.877197],[137.424408,75.8830410000001],[137.40554800000018,75.93026700000013],[137.409424,75.936371],[137.41803,75.94247400000012],[137.449982,75.954712],[137.496613,75.966934],[137.56747400000017,75.982208],[137.68637100000012,76.004715],[137.71023600000012,76.008606],[137.73440600000015,76.011108],[137.783051,76.013885],[137.905548,76.01638800000012],[137.95468100000016,76.015549],[137.979126,76.016937],[138.003326,76.01944],[138.06857300000013,76.043869],[138.09606900000017,76.056091],[138.10495,76.06192],[138.11328100000014,76.073883],[138.11245700000018,76.079987],[138.091644,76.085541],[138.07275400000015,76.080826],[138.034973,76.068604],[137.992737,76.056366],[137.968842,76.05137600000012],[138.127441,76.109711],[138.146362,76.115814],[138.170258,76.121918],[138.21829200000013,76.131927],[138.33969100000013,76.148041],[138.340515,76.143326],[138.343567,76.119705],[138.37884500000018,76.078598],[138.384705,76.07249500000012],[138.395264,76.06666600000011],[138.415802,76.060806],[138.440796,76.05748],[138.450256,76.061096],[138.474396,76.102768],[138.457458,76.120529],[138.4616390000001,76.126373],[138.491638,76.162201],[138.500824,76.16832000000011],[138.52386500000011,76.180267],[138.562195,76.192474],[138.635254,76.204712],[138.708588,76.213608],[138.733307,76.21609500000011],[138.782745,76.218872],[138.832184,76.220261],[138.87017800000012,76.219772],[138.945526,76.207214],[138.96109,76.201385],[138.961639,76.195526],[138.957184,76.189423],[138.959137,76.171921],[138.98107900000014,76.148331],[139.023041,76.124695],[139.094971,76.095535],[139.190796,76.07222000000013],[139.2905270000001,76.05720500000012],[139.34024,76.050262]]]]}},{"type":"Feature","properties":{"name":"Xinjiang","subject":"Xinjiang","partOf":"Xinjiang","borderPrecision":3,"color":"#739b91"},"geometry":{"type":"MultiPolygon","coordinates":[[[[95.96662584636492,42.51575268180888],[96.09402888609944,41.997127116158495],[95.32961064769245,41.54579371770068],[95.10665532815707,41.85494388977917],[94.15113253014836,41.402607955643425],[93.73707265101123,40.60943993873609],[93.00450517253789,40.585255611586604],[92.39934073379902,38.994567356782895],[90.1060860185781,38.4728141468336],[91.34826565598944,37.088337324540916],[90.8068027371178,36.80833928796445],[91.25271337618855,36.11672049090093],[89.56634295279785,36.05746181310546],[89.68372078291482,36.08609160656327],[89.56933963191477,36.14824930590877],[89.51380204996416,36.17842987579359],[88.52206235539614,36.50017951780404],[86.24796657894365,36.158577147950666],[86.14060583413259,35.85601504893767],[85.29040653530996,35.76100463964198],[85.04830047176331,35.75475821716659],[84.45554080650486,35.55380669735774],[84.4790941706873,35.49629917158538],[84.09831478307095,35.355551851087746],[84.08653810097974,35.40356152035473],[83.89026006612593,35.413160025655664],[83.894185626823,35.36835722268628],[83.5526618461774,35.33633998592126],[83.52125736060081,35.39716188179652],[83.15919498239413,35.38076645509092],[82.58687285875473,35.749077741967945],[81.69217848547466,35.257227884756894],[80.4470681468025,35.424481512339725],[79.83720520687247,34.50647205116811],[78.80669692477343,34.19973715396289],[78.70733931979296,34.31565435977344],[78.5086164804375,34.497813783601565],[78.14430526217578,34.5474925860918],[78.04494765719531,34.77933081241016],[77.84622481783984,35.24300345034961],[77.84622481783984,35.47484167666797],[77.62022689303515,35.406436525300784],[77.55409530123828,35.46328695865039],[77.41709426364062,35.513377748445315],[76.81541732272265,35.560428224519534],[76.56105330905078,35.75654562564258],[76.48086074313281,35.79707296939258],[76.4339094491875,35.886485658601565],[76.326365503875,35.886485658601565],[76.0923338266289,35.79842337222461],[75.97902205905078,35.92497595401172],[75.88974288424609,36.023238740876955],[75.75437453707812,36.05480154605274],[75.8946028085625,36.2869945392168],[75.89146712741015,36.512496553376955],[75.79564956149218,36.62358816714649],[75.62776473483203,36.76897390933399],[75.34684279879687,36.76508291812305],[75.21973708590625,36.707198701814455],[75.21800521334765,36.91244467349414],[74.96863082369921,36.96506842227344],[74.83580306491015,36.98612555117969],[74.70906356295703,36.89139135928516],[74.66170791110156,36.94174536319141],[74.52053359469531,37.004581056550784],[74.49906447848437,37.044025026277346],[74.39273360690234,37.04928930850391],[74.38844588717578,37.17035635562305],[74.64683059176562,37.14403494449024],[74.73327163180468,37.20940359683399],[74.89278701266406,37.27037771792774],[74.92869094332812,37.382327638582034],[75.01015761813281,37.465518556550784],[74.92007735690234,37.53887899966602],[74.98836806735156,37.70091971011524],[74.87815383395312,37.80742605777149],[74.93470290621875,37.99982412906055],[74.91275313815234,38.054950319246096],[74.84434035739062,38.060218416169924],[74.83175948580859,38.17083700747852],[74.83551314791796,38.29854544253711],[74.70292190035937,38.520709596589846],[74.57975295504687,38.59007986636524],[74.26817611178515,38.60747107119922],[74.16916945895312,38.63442572207813],[74.066599878875,38.56176718325977],[73.85831740817187,38.541507326082034],[73.71202376803515,38.718734346345705],[73.67699721774218,38.85573538394336],[73.77017501315234,38.95586737246875],[73.75992873629687,39.42010458560352],[73.76455977877734,39.45107992740039],[73.8270750375664,39.78373297305469],[73.88494399508593,39.87966116519336],[74.00865462741015,39.963199220613284],[74.64844802340625,40.27984579654102],[75.42999556979296,40.6102367267168],[75.59170058688281,40.62392386050586],[75.61860946139453,40.59209021182422],[75.70093062838671,40.336776338533205],[75.85559371432421,40.31206091494922],[76.08359816989062,40.37723883242969],[76.481638941375,40.43697317691211],[76.60212996920703,40.54634817691211],[76.81067183932421,40.89929159732227],[77.02039626559375,41.11162146182422],[77.12774184664843,41.12502249331836],[77.68919661959765,41.01930197329883],[77.8960676523125,41.026839815095705],[78.11065200289843,41.07281073184375],[78.40125564059375,41.22801550479297],[78.68826583346484,41.543319307283205],[78.87063125094531,41.67883261294727],[79.0710935922539,41.743976198152346],[79.67309096774218,41.90105017276172],[80.10927871188281,41.99955328555469],[80.25599196871875,42.08367117495899],[80.27875045260546,42.154300294832034],[80.26470473727343,42.241439424470705],[80.20231154879687,42.628402315095705],[80.21090224703906,42.80807837100391],[80.35506728610156,42.988544069246096],[80.67250350436328,43.23421820254688],[80.77205947360156,43.382457338289065],[80.71861556491015,43.5941234454668],[80.58789351901171,43.792586885408205],[80.43285659274218,44.07457312198047],[80.41951278170703,44.68553503604297],[80.20167830905078,44.74871405215625],[80.03676131686328,44.72207602115039],[79.93243697604296,44.8051830157793],[79.96291640719531,44.90189703555469],[80.0599851938164,45.03777273745899],[80.23662856539843,45.12263449283008],[81.04586318453906,45.236793123201174],[81.53267196139453,45.32986029239063],[81.69031051119921,45.35655935855274],[81.91517165621875,45.273807130769534],[82.42505935153125,45.16678198428516],[82.60192397555468,45.20002707095508],[82.70616439303515,45.26516302676563],[82.77654555758593,45.375362001375],[82.71966842135546,45.504283510164065],[82.4398908945,45.735477052644534],[82.50125411471484,45.92336996646289],[82.62998488864062,46.19588430972461],[82.82747939547656,46.55318411441211],[83.05951980075,47.066669069246096],[83.25171187838671,47.29487570376758],[83.74472335299609,47.180675111726565],[84.06906417330859,47.11751516909961],[84.33619216403125,47.05407675357227],[84.96707442721484,47.01854284854297],[85.29040816744921,47.04623755069141],[85.47764876803515,47.092662416414065],[85.67801192721484,47.26895102115039],[85.74855330905078,47.44462164492969],[85.65256789645312,47.76246603579883],[85.60924819430468,48.1003375873125],[85.76193526705859,48.36144980044727],[85.9544172616875,48.486182771638674],[86.49448684176562,48.52814444156055],[86.6243391366875,48.554881654695315],[86.76208785494921,48.653323732332034],[86.77767470797656,48.8684154376543],[86.78273299655078,48.99230536075],[86.90806106051562,49.110362611726565],[87.15221694430468,49.17686804385547],[87.39988234957812,49.19203146548633],[87.50229934176562,49.19830282779102],[87.75841811617968,49.19966848941211],[87.86840346774218,49.232886873201174],[87.89636519869921,49.167804323152346],[87.95492080172656,48.985511384919924],[88.06297591647265,48.7319408282793],[88.22992232760546,48.53742178531055],[88.81551650485156,48.202090822175784],[89.19093612155078,48.015452943757815],[89.46732619723437,47.98443564029102],[89.796336207,47.909522615388674],[90,47.844684205964846],[90,47.78054388614063],[90,47.50257834048633],[90,46.84983404727344],[91.1582517953789,46.55270727725391],[91.06154159030078,46.35141333194141],[90,46.01429709048633],[90,45.83915289492969],[90,45.68309362979297],[90,45.62484320254688],[90,45.43126257510547],[90,45.328494630769534],[91.15474990328906,45.188216768220705],[91.63235000094531,45.106883607820315],[92.30939010104296,45.097640596345705],[92.75745681246875,45.08071096988086],[93.05795577487109,45.04362066836719],[93.50710586032031,44.942916475251955],[93.79153731783984,44.82220038028125],[94.53164199313281,44.4596019610918],[94.90885451754687,44.320209108308596],[95.24398330172656,44.27702673526172],[95.2910642953789,44.03305395694141],[95.99814895114062,43.06096228213672],[96.20859054049609,42.863257966951174],[96.33866025508883,42.78884234223151],[95.96662584636492,42.51575268180888]]]]}},{"type":"Feature","properties":{"name":"Italy","subject":"Italy","partOf":"Italy","borderPrecision":3,"color":"#b47c6f"},"geometry":{"type":"MultiPolygon","coordinates":[[[[14.261167631679626,45.95438808935758],[14.60423414647198,45.646364200395276],[14.524190241417882,45.266416170406494],[14.354488405791503,45.32289084048633],[14.238621744719726,45.062354646638674],[14.17460826357959,45.010387025789065],[14.188512835112792,44.94254644961719],[14.060400042144042,44.89470251651172],[13.991256746855957,44.783099733308596],[13.895102533904296,44.75918158145313],[13.672059092131835,45.050357423738284],[13.629036268576202,45.07426416775247],[13.526890787688476,45.45431097598438],[13.50614843757813,45.49899121245987],[13.570664548852118,45.484992573854676],[13.595242115051732,45.52267328979589],[13.799984011260253,45.56637152285938],[13.67318061312793,45.71450766177539],[13.564614328948242,45.72652395816211],[13.437729868499023,45.638431154207034],[13.367695841399414,45.69448813052539],[13.156165155974609,45.72652395816211],[13.10460856875537,45.58238562198047],[12.898650202361328,45.55837210269336],[12.448155436125976,45.39428671450977],[12.48321250399707,45.46231421084766],[12.279743227568847,45.40228994937305],[12.251417193022949,45.29028280825977],[12.180371317473632,45.27027853579883],[12.176189455596191,45.21429022403125],[12.312513384429199,45.178294740632815],[12.322136911956054,45.0423656329668],[12.408988031951171,44.9890094623125],[12.523090395537597,44.88275106997852],[12.47604468783496,44.787086091951174],[12.273584398833496,44.67263754458789],[12.280731234160644,44.55012472720508],[12.34507659396289,44.30104025454883],[12.697230372039062,43.934756837800784],[13.600871119109375,43.53480490298633],[13.731556925383789,43.37416037173633],[13.791634592620117,43.12334402652149],[13.915090593901855,42.87276419253711],[14.092769655791503,42.60952719302539],[14.404933008757812,42.35311087222461],[14.519309076873046,42.22970160098438],[14.719955477324707,42.141761384919924],[14.738527330962402,42.047156892732424],[14.922405275908691,41.97177084536914],[15.44860557040332,41.856727205232424],[16.012843165007812,41.90432318301563],[16.187411341277343,41.84086187930469],[16.19841483554004,41.745669923738284],[15.98914626559375,41.634646974519534],[15.87325385531543,41.50214346499805],[15.991044077483398,41.40614279361133],[16.420268091765625,41.278724275544924],[16.945963892546875,41.093814454988284],[17.31927207430957,40.92925222964649],[18.03391936740039,40.59665258975391],[18.05994132479785,40.513534151033205],[18.383612665740234,40.307750307039065],[18.5226488443291,40.09413107486133],[18.43367866000293,39.89840658755664],[18.36491874179004,39.746722780183596],[18.160130533782226,39.87313421817188],[18.01706794222949,39.947894655183596],[17.967745813933593,40.16689261050586],[17.849604639617187,40.24349554629688],[17.619149241057617,40.2878375873125],[17.40165046176074,40.29192694278125],[17.204171213713867,40.39794119449024],[17.24280265292285,40.49576147647266],[17.084080729094726,40.52511175723438],[16.948712381926757,40.481090150789065],[16.844130549041015,40.363135896638674],[16.727564844695312,40.183604799226565],[16.604413065520507,40.089908204988284],[16.623852762786132,39.96775396914844],[16.535006556121093,39.83156546206836],[16.53210166415332,39.697513185457034],[16.87398627719043,39.543651185945315],[17.149069819060546,39.42180212588672],[17.10741904696582,39.28047140689258],[17.120997461882812,39.08602102847461],[17.180712732878906,39.02220877261524],[17.09468940219043,38.915023408845705],[16.79769996127246,38.92585714908008],[16.613329920378906,38.82732733340625],[16.522202524749023,38.72502478213672],[16.572001490203125,38.45711859317188],[16.33069327792285,38.320743165925784],[16.052943262664062,37.93117483706836],[15.785237345305664,37.909705720857424],[15.710227045623046,37.94143637271289],[15.62747577151416,38.00421103091602],[15.626577410308105,38.23308142276172],[15.790868792144042,38.296397767976565],[15.933466944304687,38.53991659732227],[15.827300104705078,38.62273367495899],[15.989846262541992,38.73476370425586],[16.152209314910156,38.70126684756641],[16.212225946990234,38.77795370669727],[16.17720893344043,38.93099173159961],[16.082562479583007,39.01247366519336],[15.989552530852539,39.4283519610918],[15.824671778289062,39.660628877595705],[15.757021936980468,39.93362768741016],[15.666200670806152,40.091861329988284],[15.51592448672412,40.06594809146289],[15.432033571807128,39.988971315339846],[15.027263674346191,40.212195955232424],[14.898671183196289,40.241458497957034],[14.99232009371875,40.37221869082813],[14.951005014983398,40.55147894473438],[14.74331763705371,40.70481451602344],[14.33412745913623,40.593604646638674],[14.349769625273925,40.64252432437305],[14.494590792266113,40.72996100039844],[14.370310816375,40.85147055240039],[14.239995989409667,40.852943025544924],[14.05087378939746,40.76751288028125],[13.94187835177539,40.99803503604297],[13.852500948516113,41.09095724673633],[13.797006640044433,41.19344671817188],[13.498390230742675,41.301864229158205],[13.271446261016113,41.31423910708789],[12.97677710970996,41.371375642732424],[12.641516718474609,41.53109701724414],[12.394848856536132,41.72954901309375],[11.963433298674804,42.00474127383594],[11.497365030852539,42.376353822664065],[11.104763063994628,42.549083314851565],[10.742755922881347,42.850509248689455],[10.487745318022949,43.235938631013674],[10.292479548064453,43.70543631167774],[10.136747393218261,43.904769502595705],[9.909300837126953,44.110477052644534],[9.691935572234375,44.219600282625],[9.157044443694335,44.37323721499805],[8.896585497466308,44.43718679995899],[8.671724352446777,44.417403779939455],[8.186360392180664,44.12639959903125],[7.97952655276416,43.964915834382815],[7.689120325652343,43.88704641909961],[7.552810225096923,43.867450319246096],[7.618774447051269,44.078311525300784],[7.591079744902832,44.204696260408205],[7.209197077361328,44.17309530825977],[6.869778189269287,44.34917028994922],[6.782917532531005,44.54787405581836],[6.924694094268066,44.71501883120899],[7.003469976989013,44.71953543277149],[6.942603621093017,44.86865194888477],[6.665318045226318,44.95452078433399],[6.507319483367187,45.115707002595705],[6.703588518706542,45.199195466951174],[6.7859282823479,45.14932211490039],[7.029197249022705,45.30801733584766],[7.11911395510791,45.430484376863284],[6.925548586455566,45.516681276277346],[6.914330515471679,45.64829596133594],[6.674510035125,45.80327185244922],[6.955283197966796,45.93890341372852],[7.22479489764331,45.910934053376955],[7.506788763610107,46.002513490632815],[7.789928946105224,45.92696722598438],[7.913880381194335,45.99897726626758],[8.070898089019042,46.19337423892383],[8.024794611541015,46.28884466739063],[8.374507937041503,46.47075995059375],[8.381559404937011,46.28429754825],[8.621939692107421,46.12065847964649],[8.761700663176757,46.088843904451174],[8.717579874602539,46.00704535098438],[8.890725168791992,45.86623724551563],[9.018927607146484,45.93436010928516],[9.026975664702636,46.17519339175586],[9.218277010527832,46.34795721621875],[9.210068735686523,46.4980541095293],[9.376799616423828,46.53445013614063],[9.44099715670703,46.37523611636524],[9.544866594878417,46.31158407779102],[9.642048868743164,46.32522162051563],[9.67374041995166,46.37979086490039],[9.884957346526367,46.402530275300784],[9.994528803435546,46.25247534366016],[10.097109827605468,46.438914857820315],[9.987427744475585,46.4980541095293],[10.023653063384277,46.62089880557422],[10.151240381804687,46.66186483950977],[10.23034385165332,46.58925589175586],[10.372107538787109,46.566302858308596],[10.389193567839843,46.65275915713672],[10.338723215666992,46.74834784121875],[10.395699534026367,46.88741263003711],[10.679364237395507,46.8102985248125],[10.947841677275878,46.794879518464846],[11.095800432769042,46.97994955630664],[11.260845217314941,47.02315481753711],[11.342970881072265,46.986129365876955],[11.543255838958007,47.03549154849414],[11.678601297942382,46.98921164126758],[12.064329180327636,47.09104498477344],[12.074753794280273,46.92750509829883],[12.217808756438476,46.88431891055469],[12.361854586211425,46.708541475251955],[12.951894793120605,46.597457490876955],[13.354013475981933,46.56066092105274],[13.568899187651855,46.51042517276172],[14.036648783293945,46.48105963321094],[14.117423090544921,46.43291815371875],[14.140745735586886,46.43325753192397],[14.261167631679626,45.95438808935758]]],[[[8.696099314299804,38.99581106753711],[8.582376513091308,39.06576880069141],[8.417174372283203,39.212203584626955],[8.374221834746582,39.307845674470705],[8.465033564177734,39.639937959626955],[8.508480105010253,39.946475587800784],[8.487975153533203,40.20879705996875],[8.428189310637695,40.464854799226565],[8.201552424041015,40.66299780459766],[8.159486803618652,40.7846752032793],[8.240707430449707,40.85533865542774],[8.405552897063476,40.86208304019336],[8.766072306243164,40.8628002032793],[8.918423685637695,40.94002493472461],[9.306203875151855,41.18444784732227],[9.59085181674121,40.902911745027346],[9.793739351836425,40.56368216128711],[9.787847551909667,40.44195517154102],[9.69572356661914,40.31368979068164],[9.630800280181152,40.09585531802539],[9.698009523955566,39.69349630923633],[9.648338350859863,39.45721396060352],[9.478920015898925,39.14415701480274],[9.29627517184375,39.23312338443164],[9.062541994658691,39.21989019961719],[8.998516115752441,39.175094209626955],[8.931367907134277,39.05370291324024],[8.819559130278808,38.976913057283205],[8.696099314299804,38.99581106753711]]],[[[14.622022661772949,36.776141725496096],[14.21591285189746,37.0493236407793],[13.868404421416503,37.15695150943164],[13.01156714877246,37.52489431949024],[12.636879000273925,37.581500612214846],[12.532035860625488,37.63867148013477],[12.454147371855957,37.766009889558596],[12.516644510833007,37.91916998477344],[12.664325747100097,38.07249792666797],[12.782839808074218,38.11737783999805],[13.06595233401416,38.066932283357424],[13.322475466338378,38.22051199527149],[13.627963099089843,38.02980764956836],[13.80953029116748,37.966415010408205],[14.134472879973632,37.973453126863284],[14.765865358916503,38.0576129779375],[15.386741671172363,38.20554693789844],[15.453687700835449,38.16741522403125],[15.472892794219238,38.110057435945315],[15.422523531523925,38.05257376284961],[15.181032213774902,37.68228109927539],[15.112180742827636,37.45903357119922],[15.116248163787109,37.286944948152346],[15.301346811858398,37.057899080232424],[15.220631632415039,37.000377260164065],[15.027343782988769,36.74511679263477],[14.942398104277832,36.738563142732424],[14.622022661772949,36.776141725496096]]]]}},{"type":"Feature","properties":{"name":"British Raj","subject":"United Kingdom","partOf":"British Raj","borderPrecision":3,"color":"#739b91"},"geometry":{"type":"MultiPolygon","coordinates":[[[[91.94604781588671,21.362578950837893],[91.84590438326953,21.908670030549807],[91.57107070407031,22.543313585237307],[91.41017440280078,22.720834337190432],[91.08137801608203,22.561330400422854],[90,22.560958467439455],[90,22.325391374543948],[90,22.134809099153323],[90,22.05844648929004],[90,22.0199046954668],[90,21.930253587678713],[89.90268996676562,22.107825838044924],[89.86968520602343,22.13322790713672],[89.796336207,21.832069002107424],[89.67017653903125,21.719838701204104],[89.57895186862109,21.70058210940723],[89.4566145273125,21.94171293826465],[89.23388198336718,21.65538176150684],[89.07225326022265,21.77433928103809],[88.99476912936328,21.62947615237598],[89.02553847750781,21.546960435823244],[88.88093856295703,21.51488646121387],[88.7234602304375,21.53995283694629],[88.65697768649218,21.857440553621096],[88.56759932955859,21.89536627383594],[88.45388320407031,21.73631437869434],[88.37705520114062,21.577336870149416],[88.29957107028125,21.551770769075198],[88.24792769869921,21.596122346833987],[88.12160781344531,21.86265143008594],[88.05304244479296,21.93874128909473],[87.86748794039843,21.696960054353518],[87.64071944674609,21.563081346467776],[87.19423964938281,21.384255968049807],[86.93719771823046,21.288428865388674],[86.81869796237109,21.186534486726565],[86.7961912485039,21.13566931338672],[86.84421065768359,20.875316225007815],[86.92611220797656,20.69125898929004],[86.77521041354296,20.46860083194141],[86.63785079440234,20.31910666079883],[86.63238051852343,20.20364721866016],[86.38562301119921,20.01674421878223],[86.11916640719531,19.806542955354494],[85.90894607028125,19.723508439973635],[85.71477797946093,19.697682939485354],[85.37910750826953,19.60537489505176],[85.1132078500664,19.442306123689455],[84.90661910494921,19.18141134829883],[84.65877059420703,18.933131776765627],[84.26272872408984,18.455840669587893],[83.98768142184375,18.20749434085254],[83.68471816500781,18.08344992251758],[83.3813963266289,17.71067961306934],[83.0769758554375,17.500392518953127],[82.74959090670703,17.33451994510059],[82.54642013033984,17.226087175325198],[82.35399917086718,17.085914216951174],[82.26742080172656,16.857019029573244],[82.23458388766406,16.647302232698244],[82.08141616305468,16.46274145694141],[81.78898147067187,16.32870253177051],[81.59676650485156,16.30287703128223],[81.36909774264453,16.34686430545215],[81.2531004281914,16.22591169925098],[81.08790114840625,15.826792322114748],[80.96311477145312,15.723398767427248],[80.73596480807421,15.837270341829104],[80.45975783785937,15.773146234468264],[80.3002195688164,15.64574297519092],[80.16343215426562,15.391318880037112],[80.0894041391289,15.175155244783205],[80.08706954440234,14.946433626130862],[80.16166213473437,14.254099451020998],[80.16971877535937,13.89198549838428],[80.07589248141406,13.669416986421389],[80.17812636813281,13.52351626010303],[80.31988051852343,13.333213411287112],[80.31345656832812,13.104481302217287],[80.22375777682421,12.831091485933108],[79.92280868014453,12.106162630037112],[79.76935103854296,11.730975709871096],[79.71073440035937,11.444942079500002],[79.73182967623828,11.152719102815432],[79.82626632174609,10.358728013948244],[79.78994277438281,10.250633798555178],[79.50091842135546,10.250013910249514],[79.30626967867968,10.255945764497561],[79.2224836679375,10.192222200349612],[79.07228377780078,9.759851060823244],[78.92660811862109,9.492679201082034],[78.93772414645312,9.435519777253909],[79.15964797457812,9.277156434968752],[78.79764846285937,9.130231462434573],[78.66012862643359,9.123585306123537],[78.31383803805468,8.995764337495608],[78.18113234957812,8.81121214480762],[78.13577559908984,8.499774537996096],[78.06494430026171,8.385257326082034],[77.89976027926562,8.257814966157717],[77.66318038424609,8.142932496980471],[77.61860946139453,8.117421709016604],[77.58883956393359,8.09830530734424],[77.48439315280078,8.028187356904787],[77.41947463473437,8.028042398408694],[77.34137252291796,8.053283296541018],[76.70353225192187,8.706356607393069],[76.66238692721484,8.884175859407229],[76.53785994967578,9.11899908633594],[76.38528731783984,9.747702203706545],[76.07506087741015,10.553955636934084],[75.65175155123828,11.423489175752444],[75.21094039401171,12.102367959932131],[74.9617414804375,12.876961313203616],[74.73362258395312,13.683358751252932],[74.40150741061328,14.419635377839846],[74.03218368014453,15.058832727388186],[73.84143355807421,15.390475831941409],[73.57273391207812,16.037927232698244],[73.40928939303515,16.558538042024416],[73.06422713717578,18.031716905549807],[72.85335067233203,19.244680009797854],[72.78251174410937,19.94968756289844],[72.75949386080859,20.057649217561526],[72.86443618258593,20.311982713655276],[73.10968306979296,20.687320314363284],[73.1128645273125,20.827090822175784],[72.93113234957812,20.95375784488086],[72.76573470553515,21.150355897859377],[72.71466353854296,21.436120592073244],[72.6659422250664,21.848943315461916],[72.69562056979296,22.128535829500002],[72.31904891451953,22.11503180117969],[72.2329817148125,22.01955183596973],[72.12713912448046,21.8287425860918],[72.13103774508593,21.746179185823244],[72.25569442233203,21.632083497957034],[72.28899672946093,21.549569688752932],[72.25619796237109,21.352563463166994],[72.12086013278125,21.155339799836916],[71.89442733248828,20.989677034333987],[71.52892592867968,20.823730073884768],[71.30259231051562,20.772426210359377],[71.02444747408984,20.657476030305666],[70.8550520273125,20.650762163118166],[70.467478785125,20.77700003238086],[70.20994857272265,20.94797857852344],[69.75222304782031,21.398070894197268],[69.12606337985156,21.9685073718584],[68.89417556246875,22.285655580476565],[69.0142317148125,22.30496748538379],[69.49224379977343,22.248809419587893],[69.76916793307421,22.287507615999026],[69.96852401217578,22.351457200959963],[70.17620376071093,22.478955827668948],[70.41056350192187,22.752622209504885],[70.38064864596484,22.860560975984377],[70.31022170504687,22.828643403962893],[70.0459471078789,22.777261339143557],[69.66488936862109,22.789163194612307],[69.39181807955859,22.83940466494922],[69.10719588717578,22.898904405549807],[68.88241103610156,22.997148118928713],[68.79081252535937,23.028724275544924],[68.37294295748828,23.326415620759768],[68.07217696627734,23.675187669709963],[68.04699996432421,23.764070115999026],[67.69232467135546,23.81415518374805],[67.48602584323046,23.92806013675098],[67.31589034518359,24.092885576204104],[67.20423415621875,24.588166795686526],[67.15359786471484,24.65159185977344],[66.99953750094531,24.714782319978518],[66.70171645602343,24.75227888675098],[66.65421584567187,24.783935152009768],[66.64811233004687,24.90462454409961],[66.70050338229296,25.114379487947268],[66.62050918063281,25.31748541446094],[66.43233016451953,25.488610826448244],[66.30008986910937,25.494687639192385],[65.76880172213671,25.309339128450198],[65.21567061862109,25.270059190706057],[64.85119155367968,25.20576437564258],[64.4249754281914,25.17311628909473],[64.23826125582812,25.210826478914065],[64.12006667575,25.312226854280276],[64.05922225436328,25.40103491397266],[63.650332483855465,25.336646638826174],[63.40352538546679,25.164601884797854],[63.01806167086718,25.157439790681643],[62.44957259616015,25.1625991687334],[62.13830092867968,25.104774080232424],[61.81326583346484,25.05325659366016],[61.56996444186328,25.03957136721973],[61.65140822848437,25.468776308015627],[61.67348006686328,25.627675615266604],[61.81273940524218,25.9841323718584],[61.94130996188281,26.15635260196094],[62.29843429049609,26.36798246951465],[62.61229232272265,26.48410566897754],[63.06232360324023,26.51845511050586],[63.15620330294726,26.550750337556643],[63.240542444792965,26.665551744416994],[63.25704101046679,27.10381468387012],[63.17317107638476,27.230338655427737],[62.87982848605273,27.254054628328127],[62.79671004733203,27.43137701602344],[62.74660018405078,28.03434904666309],[62.67098144015429,28.205365739778323],[62.486819300261715,28.305913530305666],[61.97238448580859,28.480758272126955],[61.65926650485156,28.656762681916994],[61.50095656832812,28.86539801211719],[61.18114760836718,29.346154771760744],[60.82045653781054,29.833345018342776],[61.2195425363457,29.68925818057422],[61.50305083712695,29.601979814485354],[61.98402694186328,29.490441881135744],[62.36863997897265,29.384700380281252],[62.612090143767574,29.36703260989551],[62.94639495333789,29.356259904817385],[63.479983362761715,29.45455130191211],[63.63710311373828,29.4554458484209],[64.08925918063281,29.3945327624834],[64.64487746676562,29.448518358186526],[65.07828048190234,29.52718123050098],[65.61050704440234,29.612763963655276],[66.09057143649218,29.736140809968752],[66.2015867563164,29.80660780520801],[66.23276809176562,29.88932951541309],[66.27732375582812,30.2959056720293],[66.38170913180468,30.690103136018557],[66.46658614596484,30.842952333406252],[66.65230086764453,31.009072862581057],[66.92075637301562,31.207393251375002],[67.04813674410937,31.239852510408205],[67.33748153170703,31.222463212922854],[67.5698957773125,31.18569143863086],[67.68370345553515,31.224425874666018],[67.82870772799609,31.53630217166309],[67.9917707773125,31.6578384265459],[68.24271682223437,31.76717909427051],[68.49619582614062,31.755920015291018],[68.94655898532031,31.587081514314455],[69.05334762057421,31.625777803376955],[69.20640853366015,31.798038087800784],[69.21534255465625,31.836165986970705],[69.27774337252734,32.38241537661914],[69.407420191375,32.75763662906055],[69.50792220553515,32.94862326236133],[69.63955977877734,33.050914369539065],[69.82672408541796,33.10275229068164],[70.05731490573046,33.11674841494922],[70.1991453500664,33.168330751375],[70.28924087008593,33.28308065982227],[70.24929336032031,33.479598604158205],[70.19142440280078,33.6062084064043],[70.02721694430468,33.78934057803516],[69.86998275241015,33.94076880069141],[70.02968123873828,33.998797975496096],[70.47825149020312,33.94420202823047],[70.79246047457812,33.92692907901172],[71.02349379977343,34.02341803164844],[71.15353682955859,34.138385377839846],[71.13860610446093,34.27792318911914],[71.0383787485039,34.49313315005664],[71.09665969332812,34.62038763614063],[71.27683547457812,34.773692689851565],[71.51278975924609,34.93367727847461],[71.65887740573046,35.12511023135547],[71.56948379000781,35.33958777041797],[71.62324813326953,35.55721624942188],[71.51839736422656,35.634044252351565],[71.51419356783984,35.7855296954668],[71.32899764498828,35.90752752871875],[71.32484725436328,36.05156668277149],[71.53341964205859,36.23719748111133],[71.64950850924609,36.3336139545],[71.76033309420703,36.32309301944141],[72.01185897311328,36.500682435945315],[72.13431838473437,36.586165986970705],[72.37272170504687,36.717723451570315],[72.88985732516406,36.786136232332034],[73.49485305270312,36.79139669986133],[73.78628066500781,36.72689016909961],[73.93819716891406,36.80718954654102],[74.08755019625781,36.80492361636524],[74.29262832125781,36.938758455232424],[74.45376876315234,36.94058569522266],[74.52053359469531,37.004581056550784],[74.66170791110156,36.94174536319141],[74.70906356295703,36.89139135928516],[74.83580306491015,36.98612555117969],[74.96863082369921,36.96506842227344],[75.21800521334765,36.91244467349414],[75.21973708590625,36.707198701814455],[75.34684279879687,36.76508291812305],[75.62776473483203,36.76897390933399],[75.79564956149218,36.62358816714649],[75.89146712741015,36.512496553376955],[75.8946028085625,36.2869945392168],[75.75437453707812,36.05480154605274],[75.88974288424609,36.023238740876955],[75.97902205905078,35.92497595401172],[76.0923338266289,35.79842337222461],[76.326365503875,35.886485658601565],[76.4339094491875,35.886485658601565],[76.48086074313281,35.79707296939258],[76.56105330905078,35.75654562564258],[76.81541732272265,35.560428224519534],[77.41709426364062,35.513377748445315],[77.55409530123828,35.46328695865039],[77.62022689303515,35.406436525300784],[77.84622481783984,35.47484167666797],[77.84622481783984,35.24300345034961],[78.04494765719531,34.77933081241016],[78.14430526217578,34.5474925860918],[78.5086164804375,34.497813783601565],[78.70733931979296,34.31565435977344],[78.80669692477343,34.19973715396289],[78.65765670260546,34.100379548982424],[78.57485488375781,34.017581544832034],[78.60797408541796,33.75262411685352],[78.62453750094531,33.50422628970508],[78.75701430758593,33.40486868472461],[79.07998183688281,33.36180456729297],[79.12105849703906,33.3267894610918],[79.14090255221484,33.244945131257815],[79.44696334323046,33.20030554385547],[79.40037826022265,33.01429709048633],[79.56532576998828,32.70180853457813],[79.30527022799609,32.53811987491016],[79.13616469821093,32.41163595767383],[78.97054580172656,32.38931616397266],[78.81878951510546,32.50836142154102],[78.80396560153125,32.67204626651172],[78.45068648776171,32.5827594623125],[78.52110579928515,32.2702709064043],[78.78180221041796,32.002418123201174],[78.73491958102343,31.80152853579883],[78.85763076266406,31.637843690828127],[78.76067641696093,31.54111822696094],[78.80533126315234,31.347673021272463],[78.89426711520312,31.31791266055469],[79.10879043063281,31.45927771182422],[79.28126052340625,31.347673021272463],[79.6285887094414,30.968219362214846],[79.79214004000781,31.020301423982424],[80.27717879733203,30.759891115144534],[80.22518447360156,30.596202455476565],[80.56510451754687,30.484597764924807],[80.63441756686328,30.514360032991213],[81.02130416354296,30.246511064485354],[80.53981307467578,29.837293230012698],[80.41290572604296,29.785207353547854],[80.41650680026171,29.621524415925784],[80.31736281832812,29.502481065706057],[80.33550551852343,29.323911272004885],[80.19650557955859,29.14534720034961],[80.09826949557421,28.951900087312502],[80.11586287936328,28.840295396760744],[80.39947799166796,28.669168077424807],[80.60916427096484,28.70636709781055],[80.90857985934375,28.4906020984209],[81.22500899752734,28.423640809968752],[81.3623762460625,28.185552202180666],[81.92122939547656,27.8805003985918],[82.02530959567187,27.954904161409182],[82.48791030367968,27.68705328555469],[82.72996047457812,27.716809831575198],[82.81183150729296,27.53824385257129],[83.18719771823046,27.46384008975391],[83.32403853854296,27.374557100251955],[83.39164260348437,27.404315553621096],[83.43074325045703,27.50103911013965],[83.65725234469531,27.50103911013965],[83.87434676608203,27.382001481965823],[84.13611129244921,27.53824385257129],[84.35837081393359,27.404315553621096],[84.64774611910937,27.374557100251955],[84.71129897555468,27.270391069368166],[84.66636184176562,27.069509111360354],[84.96470931491015,27.00254400821094],[85.09327987155078,26.876056276277346],[85.37141707858203,26.757009111360354],[85.63416579684375,26.883494935945315],[85.77540114840625,26.85373457522754],[85.75989058932421,26.704934678987307],[85.90053847750781,26.59332426638965],[86.07120803317187,26.697492204622073],[86.39541915377734,26.63052710147266],[86.7765379281914,26.46684416385059],[87.0493879648125,26.600764833406252],[87.16964248141406,26.437078081086916],[87.349314722625,26.38499792666797],[87.51009658297656,26.444518648103518],[87.63218978366015,26.407317720369143],[87.94073775729296,26.46684416385059],[88.09216597994921,26.444518648103518],[88.23191359957812,26.757009111360354],[88.03892806491015,27.1290298327959],[88.07058242282031,27.523368440583987],[88.21383956393359,27.865617357209963],[88.19726088961718,27.87575491519336],[88.35230544528125,27.93377836795215],[88.56406691989062,27.979426942781252],[88.66831496676562,27.948281846956057],[88.73070052584765,27.86612280459766],[88.7072019906914,27.478784166291994],[88.80257705172656,27.18099173159961],[88.76133254489062,27.129973970369143],[88.86752608737109,26.908403001741213],[89.153758082,26.827533327058596],[89.40531447848437,26.790891252473635],[89.79632857760546,26.69479902835254],[89.83439162692187,26.685449205354494],[90,26.71859510989551],[90,26.778745256379885],[91.16184524020312,26.750220857576174],[91.62820723971484,26.778298936799807],[91.90890029391406,26.805301271394534],[92.00631240328906,27.066119752839846],[91.99893477877734,27.19302710147266],[91.88308242282031,27.30026777835254],[91.74180892428515,27.331195436433596],[91.594920191375,27.46365126223926],[91.57607558688281,27.57144507022266],[91.60775283297656,27.641450487092776],[91.69296554049609,27.68637617679004],[92.0460691781914,27.70109709353809],[92.36727431735156,27.798141084626955],[92.54606154879687,27.919770799592776],[93.05136397799609,28.417733751252932],[93.2955808969414,28.58414038272266],[93.66897109469531,28.70051535220508],[94.16620162448046,29.027028642610354],[94.41172316989062,29.16170462222461],[94.57171157321093,29.200709901765627],[94.70051864108203,29.125276170686526],[95.13930800875781,28.981837831453127],[95.30896285494921,29.001842103914065],[95.92862990817187,29.37979658694629],[96.13341811617968,29.203286729768557],[96.45532515963671,28.881480775789065],[96.47584060153125,28.710242830232424],[96.31656936129687,28.50626143069629],[96.2545652719414,28.385312639192385],[96.30007461032031,28.36019667239551],[96.4351072641289,28.3355785235918],[96.73091414889453,28.299193941072268],[97.0596418710625,28.21858748050098],[97.34041884860156,28.18211515994434],[97.34068587741015,28.23923262210254],[97.47846511325,28.392329774812502],[97.60302260836718,28.41209562869434],[97.82999709567187,28.28646048159961],[98.00866225680468,28.090755067781252],[98.11807540377734,27.68520125003223],[98.21602157076953,27.546138368562502],[98.34509566744921,27.527837358430666],[98.57173446139453,27.54182966800098],[98.63722518405078,27.478742204622073],[98.72535994967578,26.736657701448244],[98.73374465426562,26.34318121524219],[98.57541182955859,25.955068193391604],[98.38228896578906,25.63022192569141],[98.10718062838671,25.393762193635744],[97.88796523532031,25.27188452334766],[97.80182174166796,25.18251761050586],[97.52405074557421,24.799996934846682],[97.55812362155078,24.59066542239551],[97.63116744479296,24.273633562043948],[97.53085616549609,24.01274450869922],[97.53059676608203,23.89210470767383],[97.62800887545703,23.860911928132815],[97.76786330660937,23.89982946963672],[98.13675216158984,24.098785005525393],[98.48349288424609,24.138892732576174],[98.69875625094531,24.146489702180666],[98.76916030367968,24.08975752444629],[98.8939695688164,23.296832643464846],[98.98499587496875,23.151317201570315],[99.23398879489062,23.184506975129885],[99.46892837008593,23.14143332095508],[99.4835691781914,23.0208755359209],[99.15594008883593,22.307843767122073],[99.20855239352343,22.14940794558887],[99.31092360934375,22.105556093171877],[99.53885940035937,22.10688742251758],[99.75549605807421,22.12718351931934],[99.88666823825,21.956513963655276],[100.0402098031914,21.62087782473926],[100.20995620211718,21.5012222156084],[100.32079604586718,21.463782869294924],[100.61217025241015,21.535323701814455],[100.89465621432421,21.721107088044924],[100.94498733004687,21.549958787874026],[101.0139875741875,21.442420564607424],[100.78777602633593,21.282365404084963],[100.54932692965625,21.00792845340137],[100.3503904672539,20.74643286319141],[100.08843520602343,20.541713319734377],[100.00115493258593,20.458650194124026],[99.9653807016289,20.420341096833987],[99.89406875094531,20.388179384187502],[99.6039533945,20.3610854968584],[99.40796187838671,20.283744417146487],[99.17015365084765,20.12996443362598],[98.99334243258593,19.862233720735354],[98.50814345797656,19.719703279451174],[98.22884658297656,19.711715303376955],[98.01566604098437,19.748574815706057],[97.85290053805468,19.563476167634768],[97.78882125338671,19.39800413699512],[97.77231887301562,19.02960928531055],[97.72088149508593,18.80069502444629],[97.75005629977343,18.616712175325198],[97.71114638766406,18.508534990266604],[97.63807967623828,18.50810583682422],[97.37346938571093,18.44939573855762],[97.70602706393359,18.051280580476565],[97.73726180514453,17.968904100374026],[97.78759292086718,17.575469575837893],[97.90217879733203,17.512631975129885],[98.39312270602343,17.083663545564455],[98.45952895602343,16.937985979036135],[98.7500715585625,16.469729982332034],[98.82361129244921,16.317746721223635],[98.73598006686328,16.209258638337893],[98.53294661959765,16.1064468249834],[98.47556594332812,16.004500947908205],[98.57976821383593,15.471605859712405],[98.50286391696093,15.382237039521975],[98.1370344491875,15.189550958589358],[98.21724227389453,15.018537126497073],[98.48691848239062,14.372261606172366],[98.72998336276171,14.157741151765627],[99.00300887545703,13.886227212861819],[99.09447005709765,13.670798860505862],[99.13364699801562,13.372485719636721],[99.09527877291796,13.086422525361819],[99.09757522067187,12.972101770356936],[99.31733230075,12.439803682283205],[99.58108809908984,11.888709627107424],[99.54658797701953,11.755106531099123],[99.09185317477343,11.053625665620608],[98.63720229586718,10.288574777559084],[98.59324172457812,10.120483003572268],[98.43165114840625,10.201866708711428],[98.39786056002734,10.563940607026858],[98.60528090914843,10.862991891816897],[98.68356612643359,11.085537515596194],[98.73837569674609,11.435081087068362],[98.86735061129687,11.645017229036135],[98.63706496676562,11.6572337970293],[98.59017470797656,11.695243440583987],[98.58831313571093,11.822311960176272],[98.67653945407031,12.0512128696001],[98.59676650485156,12.737181268647952],[98.48591903170703,13.111775957063479],[98.19888595065234,13.644810281709475],[97.97914412936328,14.235167108491702],[97.82298568209765,14.61600836367969],[97.74229720553515,15.009702287629885],[97.66407302340625,15.790937028840823],[97.61144545992968,16.095754228547854],[97.59611037692187,16.34982069583301],[97.57322219332812,16.4450698718584],[97.41847518405078,16.482848726228518],[97.35199264010546,16.527171693757815],[97.21499160250781,16.93980749698047],[96.9830808969414,17.244233690217776],[96.88161757907031,17.345660768464846],[96.77038100680468,17.332707963899416],[96.73407271823046,16.88796003909473],[96.66289809664843,16.69722708316211],[96.46924880465625,16.512576662019534],[96.20389846285937,16.384957872346682],[95.7137937875664,16.15521391482715],[95.55232528170703,15.875349603608889],[95.41820052584765,15.741652093843264],[95.32981399020312,15.677930437043948],[95.2229719491875,15.804764352754397],[95.22019484957812,16.00168951602344],[95.12479690035937,15.995128236726565],[94.97264388522265,15.835991464570803],[94.82800582369921,15.842039667085452],[94.75341323336718,15.937169633821291],[94.81964400729296,16.15965422244434],[94.81927779635546,16.21047171206836],[94.5397215219414,16.133636079744143],[94.4155989023125,16.076203905061526],[94.30408767184375,15.94890459628467],[94.1443586679375,16.0057388171709],[94.1433592172539,16.21537932010059],[94.39200118502734,16.90835913272266],[94.46485427340625,17.26426275821094],[94.46533492526171,17.664472185090823],[94.4204588266289,18.140813432649416],[94.24740889987109,18.578780733064455],[94.05371383151171,19.061149202302737],[93.96558669528125,19.19435652346973],[93.8390379281914,18.95269163699512],[93.69466689547656,19.009553514436526],[93.45794204196093,19.174213014558596],[93.67500594576953,19.250913225129885],[93.81499770602343,19.257560335115237],[93.74783614596484,19.473397813752932],[93.72381881198046,19.594037614778323],[93.41599563082812,19.942758165315432],[93.33432296237109,20.025172792390627],[93.2484846445,20.03769262881641],[93.06563094576953,19.99283369632129],[92.89442733248828,20.1131664142168],[92.93328383883593,20.31016882510547],[92.92148116549609,20.37367209048633],[92.82709792575,20.424287401155276],[92.662791285125,20.404885850862307],[92.40335372408984,20.613961778596682],[92.17629531344531,20.886634431794924],[92.12366774996875,20.996430955842776],[92.06685927828906,21.115090928987307],[91.94604781588671,21.362578950837893]]]]}},{"type":"Feature","properties":{"name":"Syria (France)","subject":"France","partOf":"Syria (France)","borderPrecision":3,"color":"#b47c6f"},"geometry":{"type":"MultiPolygon","coordinates":[[[[38.77528626354115,33.16590867963963],[36.83574134638448,32.27142181748867],[35.86631972467118,32.74636016316226],[35.68798907835729,32.71063290125933],[35.70218184908984,32.719405733064455],[35.66515639742968,32.75782736392383],[35.68643477877734,32.81278570742969],[35.67710784396289,32.89522513003711],[35.586558374968746,32.952796541169924],[35.50439361056445,33.10851248355274],[35.473032984343746,33.11898382754688],[35.4331541391289,33.10066183658008],[35.40285018405078,33.01396521182422],[35.399138483611324,32.93840368838672],[35.23912719210742,32.906993471101565],[35.20756057223437,32.951488100007815],[35.13920119723437,32.961654268220705],[34.97200683077929,32.93840750308399],[35.08897307833789,33.069259248689455],[35.13231185397265,33.231517396882815],[35.20838836154101,33.33358725161914],[35.356089624968746,33.639781557039065],[35.3485594125664,33.74446829409961],[35.42986587008593,33.74446829409961],[35.491850885955074,33.83082541079883],[35.52440169772265,33.974769197419924],[35.532080683318355,34.11870535464649],[35.71620849093554,34.31236990542774],[35.82100585421679,34.34377630801563],[35.87306502780078,34.422286592439455],[35.85191634616015,34.49294622989063],[35.75075438937304,34.74680670352344],[35.80885222872851,35.013797365144534],[35.841380152312496,35.04263266177539],[35.79643157443164,35.27071722598438],[35.60734084567187,35.417544923738284],[35.66395858248828,35.45949514956836],[35.680430445281246,35.52767141909961],[35.73317626437304,35.58536108584766],[35.69143203219531,35.68502005191211],[35.739504847136715,35.690265260652346],[35.85594466647265,35.83450277896289],[35.829051050749996,35.884784303621096],[35.71850493868945,36.091556154207034],[35.664946589080074,36.133529268220705],[35.70863250216601,36.21223410220508],[35.81724074801562,36.301028810457034],[36.0952635141289,36.48246344180469],[36.104521784392574,36.56117209048633],[36.08243087252734,36.621532045320315],[35.96168002345125,36.74259453314459],[36.73979464590442,38.329420474288625],[36.93394489858056,38.72535527429905],[39.35078980078583,39.07146608418057],[40.196767622528284,38.26778715352524],[40.86165401149918,38.05558936981112],[41.356782173498786,37.82924506718273],[44.20520690402148,37.8674274310625],[44.300913843718746,37.80425222964649],[44.491763147917965,37.754344545320315],[44.42675307711718,37.64417990298633],[44.47119048556445,37.45463141055469],[44.66005996188281,37.28615912051563],[44.78417113741992,37.270370088533205],[44.79458907565234,37.13180502505664],[44.61140731295703,37.13876684756641],[44.41649535616992,36.964130006746096],[44.34297088107226,36.90718039126758],[44.199770960417965,36.95454367251758],[44.153697046843746,37.07560309024219],[44.16743377169726,37.19200476260547],[44.04384520968554,37.259845338777346],[43.879302057830074,37.29668768496875],[43.76945022067187,37.1914020404375],[43.61513045748828,37.201663576082034],[43.25041106661914,37.270370088533205],[43.08650115450976,37.25603827090625],[42.949797663298824,37.32827719302539],[42.75331405123828,37.286029420808596],[42.6337156625664,37.22166784854297],[42.53002837618945,37.201984010652346],[42.55647185763476,37.09386404605274],[42.13163283785937,36.69667776675586],[41.92573836764453,36.530006013826174],[41.53615096530078,36.451419435457034],[41.3968992563164,36.35515936465625],[41.2930288644707,36.19542654605274],[41.28896239718554,36.08083685489063],[41.37303451022265,35.852191530183596],[41.38395598849414,35.64225348086719],[41.1190672250664,34.426646791414065],[38.753577265349605,33.2066608295],[38.77528626354115,33.16590867963963]]]]}},{"type":"Feature","properties":{"name":"Mesopotamia (GB)","subject":"United Kingdom of Great Britain and Ireland","partOf":"Mesopotamia (GB)","borderPrecision":3,"color":"#a88992"},"geometry":{"type":"MultiPolygon","coordinates":[[[[47.935923609343746,29.80140646548633],[47.9960317941582,29.490258775666994],[47.8449087472832,29.50315435977344],[47.61403945407031,29.272241197541994],[47.803557428923824,29.184920869783205],[47.99150756320117,29.277490220979494],[48.12906173190234,29.268191896394534],[48.44353393038867,28.44023474307422],[48.153628382292965,28.42055281253223],[47.67212584933398,28.44319113345508],[47.589026484099605,28.550696931794924],[47.43863967379687,28.829289995149416],[47.25528243502734,28.853646837190432],[47.2040116905677,28.861645767449268],[46.509158167449215,28.97005232425098],[44.68786147555468,29.029479585603518],[43.98733046969531,29.34305342288379],[43.62164977511523,29.46798475833301],[43.56853393038867,29.58201750369434],[43.54749968966601,29.950280748323244],[43.60056594332812,30.12843283267383],[43.53986266574023,30.2932144031084],[43.10237029513476,30.271667085603518],[43.039031061736324,30.303056322053713],[42.85903457125781,30.58785017581348],[42.74318984469531,30.67610128970508],[41.64505294283984,31.17160566897754],[41.13203338107226,31.384635530427737],[40.21699431857226,31.80497320742969],[39.876170191374996,31.904658876375002],[39.368384394255855,32.11136969180469],[39.32646850070117,32.13654287906055],[39.1195669504082,31.938474260286135],[39.00411513766406,31.86160048098926],[38.567351374236324,31.74479254336719],[37.40371230563281,31.465066514924807],[37.113013300505855,31.361793123201174],[37.62904265841601,30.76765402408008],[37.94301131686328,30.3692699298418],[37.59901336154101,30.043353639558596],[37.39369491061328,29.877017579988284],[37.28544143160937,29.844649873689455],[36.72347167452929,29.695338808015627],[36.65648111290936,29.6068802713197],[36.51570418795703,29.420989595369143],[36.076968226042965,29.069091402009768],[35.141760859099605,29.203488908723635],[35.07210448702929,29.211360536531252],[35.09547332247851,29.342677675203127],[35.07339766940234,29.418868623689455],[34.9846792550957,29.467219911531252],[35.033171686736324,29.545907579377932],[35.16422942599414,29.959563814119143],[35.15767196139453,30.327973924592776],[35.390410456267574,30.818418107942385],[35.52509978732226,31.2193675860918],[35.523413691130855,31.403564058259768],[35.58311751803515,31.530948244050784],[35.614714655486324,31.867774568513674],[35.62980178317187,32.24896963687305],[35.6572866769707,32.327315889314455],[35.66946700533984,32.45244940371875],[35.63999465426562,32.63743933291797],[35.65637114962695,32.69108923526172],[35.68798907835729,32.71063290125933],[35.86631972467118,32.74636016316226],[36.83574134638448,32.27142181748867],[38.77528626354115,33.16590867963963],[38.753577265349605,33.2066608295],[41.1190672250664,34.426646791414065],[41.38395598849414,35.64225348086719],[41.37303451022265,35.852191530183596],[41.28896239718554,36.08083685489063],[41.2930288644707,36.19542654605274],[41.3968992563164,36.35515936465625],[41.53615096530078,36.451419435457034],[41.92573836764453,36.530006013826174],[42.13163283785937,36.69667776675586],[42.55647185763476,37.09386404605274],[42.53002837618945,37.201984010652346],[42.6337156625664,37.22166784854297],[42.75331405123828,37.286029420808596],[42.949797663298824,37.32827719302539],[43.08650115450976,37.25603827090625],[43.25041106661914,37.270370088533205],[43.61513045748828,37.201663576082034],[43.76945022067187,37.1914020404375],[43.879302057830074,37.29668768496875],[44.04384520968554,37.259845338777346],[44.16743377169726,37.19200476260547],[44.153697046843746,37.07560309024219],[44.199770960417965,36.95454367251758],[44.34297088107226,36.90718039126758],[44.41649535616992,36.964130006746096],[44.61140731295703,37.13876684756641],[44.79458907565234,37.13180502505664],[45.10513595065234,36.50318869204883],[45.358653101531246,36.014503084138674],[45.38811400851367,35.925574861482424],[45.73042205294726,35.832042299226565],[46.21102050265429,35.7838207110918],[46.00066283663867,35.515426240876955],[45.99489882907031,35.40087088199024],[46.18439391574023,35.05844458194141],[45.67085174044726,34.61730917544727],[45.56502059420703,34.27382620425586],[45.505007776824215,33.87979467959766],[45.50621322116015,33.797252260164065],[45.64643767794726,33.639293275789065],[46.105105433074215,33.21007116885547],[46.089934382048824,32.84167440982227],[46.12398436984179,32.77201422305469],[46.26843169650195,32.823627077058596],[46.508486780730465,32.81228216739063],[47.067576441374996,32.39632757754688],[47.2636099191582,32.30219229312305],[47.61200622042773,32.03110846133594],[47.74243834933398,31.90484007449512],[47.793040308562496,31.797170244172854],[47.786936792937496,31.568513475374026],[47.6981687875664,31.28859480471973],[47.67329314669726,31.0280776843584],[47.68874648532031,30.882104478791994],[47.93673232516406,30.883508287385744],[48.033457789031246,30.87770804019336],[48.106963190642574,30.668550096467776],[48.11039260348437,30.49075850100879],[48.08126357516406,30.395333848909182],[48.38981536349414,30.149411760286135],[48.54736236056445,30.048701845125002],[48.5536489816582,29.99462278933887],[48.51058486422656,29.993188463166994],[48.21184829196093,29.94809301944141],[48.02827743014453,29.973121248201174],[47.95715239962695,29.94756468387012],[47.91136077365039,29.89029272647266],[47.935923609343746,29.80140646548633]]]]}},{"type":"Feature","properties":{"name":"Emirate of Bin Shal'an","subject":"Emirate of Bin Shal'an","partOf":"Emirate of Bin Shal'an","borderPrecision":3,"color":"#b69578"},"geometry":{"type":"MultiPolygon","coordinates":[[[[39.88122273095834,24.79851795994633],[40.02387499330237,24.87767009407586],[40.28086746730831,24.680149760086913],[41.443126523631975,24.680149760086913],[42.98088465969095,24.956051149350206],[42.9028727677701,26.475112814288153],[47.2040116905677,28.861645767449268],[47.25528243502734,28.853646837190432],[47.43863967379687,28.829289995149416],[47.589026484099605,28.550696931794924],[47.67212584933398,28.44319113345508],[48.153628382292965,28.42055281253223],[48.44353393038867,28.44023474307422],[48.462683710662105,28.38585051150684],[48.58751204928515,28.093883119539065],[48.751738581267574,27.871879182771487],[48.83184340914843,27.57345350833301],[48.85502150973437,27.52269133181934],[49.13191131075976,27.53597220034961],[49.243506464568355,27.479030214265627],[49.151927027312496,27.37245710940723],[49.23915770968554,27.28848799319629],[49.321604761687496,27.161550126985354],[49.427317652312496,27.131045900300784],[49.532542261687496,27.009526811555666],[49.93138411959765,26.934125505403323],[50.1217642160332,26.737586580232424],[50.09017470797656,26.61149176211719],[49.983958277312496,26.59574469180469],[49.934172663298824,26.48306807132129],[50.07624724825976,26.311841569856448],[49.99197677096484,26.04484137149219],[49.93686202487109,25.95578344912891],[50.01140502413867,25.835229478791994],[50.14689162692187,25.535644136384768],[50.214324030486324,25.588124834016604],[50.38191894015429,25.461173616365237],[50.429209742156246,25.18402250857715],[50.61889556368945,24.870853029207034],[50.606543573943355,24.68021734805469],[50.70592025241015,24.559718690828127],[50.77828124484179,24.470929704622073],[50.90739348849414,24.433082185701174],[50.968333277312496,24.436244569734377],[51.11975005587695,24.398660264924807],[51.58892348727343,23.409576021150393],[51.835452112761715,22.89007719607715],[51.95289901217578,22.484189592317385],[53.466094050017574,22.315116487458987],[54.99007323702929,22.114350877717776],[55.367381128874996,22.065713487581057],[55.63009932955859,22.276885591462893],[55.69875243624804,22.302699647859377],[55.96019652804492,21.891305528596682],[56.03019240817187,21.237395845369143],[53.624358210173824,19.895621858552737],[52.56736663302539,19.34944876284961],[51.80605224093554,18.982875429109377],[51.72984984835742,18.94430311770801],[51.21339705905078,18.78880461306934],[49.81961348971484,18.32320173831348],[47.74172118624804,17.61849173159961],[47.5233641000664,17.515559755281252],[47.50493529757617,17.458270631746096],[47.33266738375781,17.279355607942385],[46.47456267794726,16.25771292300586],[45.77568454620093,15.344919362371362],[39.88122273095834,24.79851795994633]]]]}},{"type":"Feature","properties":{"name":"Hejaz","subject":"Hejaz","partOf":"Hejaz","borderPrecision":3,"color":"#739b91"},"geometry":{"type":"MultiPolygon","coordinates":[[[[45.555815729705074,15.057752214387698],[43.87023393922843,12.657193460689454],[43.84059050997851,12.663913331941409],[43.56005004366992,12.860278688386721],[43.483645472136715,12.930004678682131],[43.340849909392574,13.12666567416553],[43.30284789523242,13.240954004243655],[43.38397887667773,13.565180383638186],[43.347563776580074,13.851036630586428],[43.20694259127734,14.079471193269534],[43.05326369723437,14.60650786013965],[42.79587844332812,15.470080934480471],[42.763525995818355,15.666981302217287],[42.883879694548824,15.984922014192385],[42.82804778536914,16.321475587800784],[42.81439879855273,16.40412863345508],[42.76366332491992,16.645455919221682],[42.53529265841601,17.07066687198047],[42.206519159880855,17.514735780671877],[42.00944426974414,17.73668058963184],[41.62855819186328,18.047204576448244],[41.39917663058398,18.440644823030276],[41.033022913542965,19.284907899812502],[40.81975844821093,19.68472059817676],[40.69382003268359,19.86870726199512],[40.33634856661914,20.0966869220293],[39.76407912692187,20.406795106843752],[39.52690032443164,20.692212663606448],[39.16673949679492,21.218801103547854],[39.13041213473437,21.650762163118166],[39.10333922824023,22.000165544465823],[39.10219481906054,22.40044554324512],[39.0556021066582,22.571889482454104],[38.91509536227343,22.87021406741504],[38.490122828093746,23.612683855012698],[38.329417261687496,23.8347183093584],[38.25454885029316,23.895940551977173],[37.98842147311328,24.11356123538379],[37.78184798678515,24.214786134675784],[37.55722335299609,24.2714858874834],[37.41881087741015,24.398265443757815],[37.201453241912105,24.65831335635547],[37.26854232272265,24.96978148074512],[37.21826842745898,25.166631303743166],[37.00525573214648,25.534686647371096],[36.66929534396289,26.016835771516604],[36.312224421111324,26.42269667239551],[35.83107284030078,27.095153413728518],[35.59481337985156,27.513986192659182],[35.43649581393359,27.72965582461719],[35.11159041842578,28.072061143831057],[34.87561706027148,28.09697302432422],[34.76388076266406,28.09674795718555],[34.798899683562496,28.230243287996096],[34.88559249362109,28.357480607942385],[35.02567962130664,28.948632799104494],[35.07210448702929,29.211360536531252],[35.141760859099605,29.203488908723635],[36.076968226042965,29.069091402009768],[36.51570418795703,29.420989595369143],[36.65648111290936,29.6068802713197],[39.13051495792412,26.207022165001614],[38.975561142514046,25.68338747056278],[40.02387499330237,24.87767009407586],[39.88122273095834,24.79851795994633],[45.77568454620093,15.344919362371362],[45.555815729705074,15.057752214387698]]]]}},{"type":"Feature","properties":{"name":"Hail","subject":"Hail","partOf":"Hail","borderPrecision":3,"color":"#8b7fa6"},"geometry":{"type":"MultiPolygon","coordinates":[[[[40.28086746730831,24.680149760086913],[38.975561142514046,25.68338747056278],[39.54775021639647,27.616983297620973],[40.978222901102505,27.99656922047841],[42.87359920833801,27.04513285654906],[42.98088465969095,24.956051149350206],[41.443126523631975,24.680149760086913],[40.28086746730831,24.680149760086913]]]]}},{"type":"Feature","properties":{"name":"Greece","subject":"Greece","partOf":"Greece","borderPrecision":3,"color":"#b3a46e"},"geometry":{"type":"MultiPolygon","coordinates":[[[[27.03391755193366,41.319074515278984],[26.029814383014124,40.663473980450355],[26.020724329558593,40.669322572664065],[25.992875132170898,40.85245855899219],[25.63570502719043,40.87737616153125],[25.301114115325195,40.89594229312305],[25.04631713351367,40.952273927644534],[25.018929514495117,41.01714666934375],[24.812115702239257,40.933421693757815],[24.700663599578125,40.878341279939455],[24.51912787875293,40.873065553621096],[24.504952463713867,40.98406942935352],[24.354302439299804,40.97096212954883],[24.21905806979297,40.82968481631641],[24.025155100432617,40.74636038394336],[23.885952982512695,40.732894502595705],[23.748394999114257,40.80443152041797],[23.634697947112304,40.77275427432422],[23.632977518645507,40.71316870303516],[23.7090559335625,40.63003500552539],[23.78517440280078,40.477191530183596],[23.92370322665332,40.450809083894534],[24.29535201510547,40.176490388826174],[24.220635447112304,40.144847475007815],[24.054778132048828,40.260882936433596],[24.047778162566406,40.3083568439043],[23.923533472625,40.34528311343555],[23.774773630706054,40.392764650300784],[23.722168955413085,40.348243318513674],[23.62723449191211,40.34528311343555],[23.658801111785156,40.28726156802539],[23.651745829192382,40.22922857852344],[23.803664240447265,40.15539129825],[23.868659052458984,40.16067465396289],[23.9201097818291,40.05519827456836],[23.906617197600585,39.997195802644534],[23.796032938567382,39.986651979402346],[23.595772776213867,40.19231756778125],[23.442486795989257,40.25560721011524],[23.34907821139453,40.2819782123125],[23.291760477629882,40.28726156802539],[23.293139490691406,40.24505575747852],[23.259058985320312,40.22922857852344],[23.32103446444629,40.15539129825],[23.36683944186328,40.107928834871096],[23.4364672037041,40.044654451326174],[23.523348841277343,40.018287263826174],[23.592185053435546,40.00246389956836],[23.638585123625976,39.96034201236133],[23.596890482512695,39.93405493350391],[23.37439254244922,39.955089174226565],[23.260525736418945,39.970870576814455],[23.27630904635547,40.04992254825],[23.214777979460937,40.181766115144534],[23.141140970793945,40.26615484805469],[22.960160288420898,40.314708314851565],[22.748055491057617,40.482467256501955],[22.86390212496875,40.535228334382815],[22.875462565032226,40.596324525789065],[22.85194686373828,40.65133627505664],[22.769967112151367,40.66717108340625],[22.701254877654296,40.57744940371875],[22.492066416350585,40.49829062075977],[22.60226539095996,40.39723929019336],[22.489617380706054,40.23052557559375],[22.467362436858398,40.118480287507815],[22.52561286410449,40.064166627839846],[22.555129084197265,39.986651979402346],[22.695097956267578,39.834483705476565],[22.75447371920703,39.81834753604297],[22.813431772795898,39.602740846589846],[23.07416823825,39.41345175357227],[23.236084971038085,39.20315893741016],[23.15849975070117,39.140079103425784],[23.05191710909961,39.10328634829883],[23.099806818572265,39.1873851642168],[23.045252832976562,39.27149923892383],[22.98130134066699,39.329330049470705],[22.918986353484375,39.345103822664065],[22.85085395297168,39.36613043399219],[22.720257792083007,39.287269197419924],[22.766058954802734,39.20278891177539],[22.83488372286914,39.16636236758594],[22.871062311736328,39.02434881778125],[22.784213099089843,38.94033392520313],[22.490498575774414,38.87685354800586],[22.60231307467578,38.856238923982424],[22.723288569060546,38.793170534089846],[22.899373087493164,38.766891084626955],[22.98423102816699,38.66704138369922],[23.099801096526367,38.67229803653125],[23.16949180087207,38.66704138369922],[23.190995249358398,38.61034353824024],[23.356156382170898,38.48950155825977],[23.493844065276367,38.483131013826174],[23.555766138640625,38.351764284089846],[23.682751688567382,38.34651144595508],[23.803948435393554,38.34651144595508],[23.96074393710254,38.20991476626758],[23.966990503875,38.15213354678516],[23.880024942961914,38.11535605044727],[23.987299952117187,37.76342733950977],[23.918181452361328,37.684642396882815],[23.83551314791797,37.684642396882815],[23.733683619109375,37.85785635562305],[23.634148630706054,37.878978334382815],[23.5407152505791,38.004100404695315],[23.495701822844726,38.06807669253711],[23.419257196990234,38.06807669253711],[23.195841822234375,38.00503882022266],[22.98061469515918,37.957767091707034],[22.898057016936523,37.89998968692188],[23.03996756991504,37.85796698184375],[23.045392069426757,37.773578248933596],[23.048874888030273,37.64263113589649],[23.151383432952148,37.59012182803516],[23.220547709075195,37.601825319246096],[23.32170775851367,37.63738211245899],[23.312159571257812,37.548106752351565],[23.418124231902343,37.46934088321094],[23.184979471770507,37.42733343692188],[23.185792002288085,37.374827943757815],[23.109564814177734,37.34664114566211],[22.970976862517578,37.38532217593555],[23.025345835295898,37.479842744783205],[22.94206908663867,37.518390260652346],[22.713290247527343,37.543433748201174],[22.64231780490039,37.58486517520313],[22.638745340911132,37.492286287263674],[22.726239237395507,37.28850897403125],[22.813349756804687,37.212054811433596],[22.79310897311328,37.1385570392168],[22.886887583342773,37.04668005557422],[22.982552561370117,36.6147533282793],[22.67355445345996,36.754283510164065],[22.524447474089843,36.722125612214846],[22.39029601534961,36.524371705964846],[22.191407236663085,36.855235658601565],[21.984171900359375,37.02048071475391],[21.78091529330371,36.82254370303516],[21.588168177214843,36.9814411029375],[21.531443628875,37.11514624209766],[21.626500162688476,37.30651815982227],[21.613707575408203,37.41484793277149],[21.517313990203125,37.53575857730274],[21.296347651091796,37.72654303164844],[21.221131357756835,37.82839544864063],[21.22843078097461,37.90490683169727],[21.440451654998046,38.179515443757815],[21.714499506560546,38.135440431550784],[21.90576652011035,38.26973684878711],[21.99668792208789,38.25078161807422],[22.747214350310546,37.95260580630664],[22.898655924407226,37.9975543841875],[23.116345438567382,38.157394014314455],[22.99674323519824,38.17934378238086],[22.875638041106445,38.204600892976565],[22.333741221038085,38.426707826570315],[21.826472315398437,38.46395834536914],[21.66125777682422,38.43810995669727],[21.364455256072265,38.412005983308596],[21.172404322234375,38.34783896060352],[20.771830591765625,38.85093268008594],[20.892598185149414,38.895831666902346],[21.00650886019824,38.87054403872852],[21.104685816375,38.92177542300586],[21.15951636752246,39.004825197175784],[21.007184061614257,39.112987123445315],[20.901148829070312,39.06173285098438],[20.67775252780078,39.08042486758594],[20.211808237639648,39.404925905183596],[20.122382196990234,39.551009736970705],[20.38468078097461,39.948566041902346],[20.60791495761035,40.16091497989063],[20.78894523104785,40.33477362246875],[20.99117377719043,40.7137523517168],[21.031638178435546,40.726790986970705],[21.39526084384082,40.76083334536914],[21.66838744601367,40.82640799136524],[21.84570029696582,41.01964148135547],[22.01024535616992,41.09105261416797],[22.172940287200195,41.07271536441211],[22.452584299651367,41.048621736482424],[22.69236663302539,41.158919893220705],[22.920243296233398,41.230689607576174],[22.960978540984375,41.243732057527346],[23.795615229216796,41.33168753238086],[24.155411753264648,41.449092470125],[24.418063196746093,41.47619589419727],[25.08090880831836,41.248981080964846],[25.359320673552734,41.15435751529102],[25.533679041472656,41.16813238711719],[26.03642180880664,41.29269751162891],[26.075196299163085,41.408328615144534],[26.031794581023437,41.555614076570315],[26.18628982028125,41.65268286319141],[26.349875483123046,41.6407543048418],[26.57383635958789,41.84088095279102],[26.8571215005791,42.00929983706836],[27.08068564852832,42.02978476138477],[27.317938837615234,41.97972830386524],[27.91795257052539,41.977672182039065],[28.02620223483203,41.88238485904102],[28.01817801913379,41.75320776553516],[28.069838556853515,41.62496908755664],[28.07004130722518,41.624781365263196],[27.03391755193366,41.319074515278984]]],[[[28.362740027287675,38.92409540660316],[28.389329289528472,38.0080918128353],[27.18399270013948,37.35644841518752],[27.160407099333984,37.36008032412891],[27.12256148776172,37.49385031314258],[27.141085657683593,37.64686544986133],[27.179783854094726,37.77442892642383],[27.13977340182422,37.88909109683399],[26.961377176848632,37.94610556216602],[26.67933181246875,38.104938112214846],[26.51232055148242,38.066348634675784],[26.393214258757812,38.10436209292774],[26.39159873446582,38.219127260164065],[26.468710932341796,38.44475897403125],[26.527411493865234,38.41824301333789],[26.742451700774414,38.27838858218555],[26.997431788054687,38.40005835147266],[26.819674524871093,38.52725180240039],[26.828822168914062,38.58296164126758],[26.69569686373828,38.640765748933596],[26.709471735564453,38.69857367129688],[26.9663801523125,38.76993139834766],[27.034913096038085,38.82109793277149],[27.004220041838867,38.88482626529102],[26.936802897063476,38.924563966707034],[26.78533652743457,38.94033392520313],[26.78984740695117,39.024425111726565],[26.87075141390918,39.05596884341602],[26.797139200774414,39.12955816836719],[26.70794394930957,39.18212851138477],[26.704054865447265,39.250472627595705],[26.602242502776367,39.25572928042774],[26.7201586099541,39.33724936099414],[26.85351279696582,39.46076925845508],[26.92615226229785,39.476546846345705],[26.944731277980836,39.519064491600396],[27.392231955498733,39.654637108485666],[27.512850018521476,39.5638428867787],[28.362740027287675,38.92409540660316]]],[[[23.78977264119343,38.71863293758614],[24.131872762759194,38.65335708482884],[24.207895011996026,38.5523591317064],[24.291519486156545,38.19476089687233],[24.588006258180208,38.15292605377605],[24.527188458790736,37.967368965721576],[24.3143261609276,37.98534666287396],[24.192690562148663,38.15292605377605],[24.02544161382762,38.38569989188942],[23.660534817490806,38.40357465937644],[23.59971701810134,38.45717244335585],[23.63772814271976,38.52262680680808],[23.462876969475033,38.62366656002873],[23.120776847909273,38.86676557896794],[22.869903425427715,38.83716368115139],[23.014345698977706,38.961408842619434],[23.242412446688213,39.04411813294447],[23.409661395009252,38.943672845059965],[23.78977264119343,38.71863293758614]]],[[[24.013197931853515,35.21041449160938],[23.7855940195,35.26285132022266],[23.567723307219726,35.254981599763674],[23.513134989348632,35.275958620027346],[23.466885599700195,35.31790503116016],[23.529439005461914,35.569625459626955],[23.67146590670703,35.572249971345705],[23.669087442961914,35.611583314851565],[23.665133509246093,35.66665609927539],[23.696656260100585,35.698123537019534],[23.733677897063476,35.62731894107227],[23.742875132170898,35.56175955386524],[23.87945273837207,35.55241736026172],[23.956812891570312,35.52767141909961],[24.03900435885547,35.56175955386524],[24.033263239470703,35.59847220034961],[24.081856760588867,35.611583314851565],[24.152676615325195,35.56438025088672],[24.135817560759765,35.52242621035938],[24.091456446257812,35.51980169864063],[24.073323282805664,35.49620398135547],[24.11320403536914,35.48571737857227],[24.17774489840625,35.46998556704883],[24.21970275363086,35.44900091739063],[24.22960380038379,35.39131888003711],[24.38828376254199,35.37296637149219],[24.768567118254882,35.42802771182422],[24.99748137911914,35.42102011294727],[25.01360038241504,35.36247976870899],[25.100091013518554,35.34674795718555],[25.374018702117187,35.31790503116016],[25.51163581332324,35.29476507754688],[25.67320731600879,35.349368654207034],[25.713534388152343,35.327010713533205],[25.66846755465625,35.18682058902149],[25.741803202239257,35.13700445742969],[25.788973841277343,35.13700445742969],[25.935492548552734,35.21303518863086],[26.0641527505791,35.23924978824024],[26.099352869597656,35.215648256257815],[26.16882613619922,35.247108064607424],[26.2735090585625,35.312659822419924],[26.236044916716796,35.228763185457034],[26.24266723116992,35.144874177888674],[26.16048530062793,35.02428396792774],[25.898680719939453,35.04525717349414],[25.74173644503711,35.008853517488284],[25.590724024382812,35.01641806216602],[24.693467173186523,34.94047125430469],[24.715638193694335,35.03477057071094],[24.69006637057422,35.09244116397266],[24.324357065764648,35.20778997989063],[24.013197931853515,35.21041449160938]]],[[[25.76635112135116,36.33755930622052],[25.713135546885383,36.34980613615219],[25.73594222165643,36.38653506822634],[25.789157796122215,36.40489303146257],[25.872782270282734,36.35592882884054],[25.76635112135116,36.33755930622052]]],[[[25.492671024098556,36.331435169041356],[25.386239875166982,36.319185450416924],[25.31781985085383,36.39877419215787],[25.3330243007012,36.45994089964729],[25.37103542531962,36.49661778527289],[25.492671024098556,36.42324665835019],[25.492671024098556,36.331435169041356]]],[[[26.024826768756405,36.95968659606273],[26.085644568145874,36.89891612690345],[25.956406744443257,36.84418129487496],[25.834771145664316,36.78331883149609],[25.751146671503797,36.78331883149609],[25.751146671503797,36.81375611186905],[25.857577820435367,36.83809722624421],[25.94880451951957,36.91107409621058],[26.024826768756405,36.95968659606273]]],[[[24.67923295726441,36.75896029963509],[24.46637065940127,36.649251177336765],[24.29912171108023,36.75286945753905],[24.42835953478285,36.79549519508755],[24.588006258180208,36.86851272864293],[24.67923295726441,36.75896029963509]]],[[[24.97571972928807,36.637051610171376],[24.94531082959334,36.56991946228899],[24.8236752308144,36.637051610171376],[24.8236752308144,36.661448812220584],[24.876890805280183,36.679741640978875],[24.97571972928807,36.637051610171376]]],[[[25.10495755299069,36.637051610171376],[25.05934420344859,36.618748636935905],[25.044139753601222,36.661448812220584],[25.16577535238016,36.74068632260297],[25.196184252074893,36.673644514576154],[25.10495755299069,36.637051610171376]]],[[[25.431853224709084,36.6980301207178],[25.386239875166982,36.637051610171376],[25.26460427638805,36.704125314038706],[25.241797601616994,36.75286945753905],[25.249399826540678,36.75896029963509],[25.29501317608278,36.807669623462985],[25.431853224709084,36.6980301207178]]],[[[24.42835953478285,37.20833853996449],[24.534790683714423,37.11746294371295],[24.44356398463022,37.0992747162255],[24.42835953478285,37.20833853996449]]],[[[24.261110586461815,37.540613155635555],[24.29912171108023,37.66107502189996],[24.39795063508812,37.667092994189616],[24.382746185240748,37.570746906161986],[24.261110586461815,37.540613155635555]]],[[[24.3599395104697,37.39580161737422],[24.39795063508812,37.46824245164144],[24.48917733417232,37.39580161737422],[24.3599395104697,37.30515202694268],[24.3599395104697,37.39580161737422]]],[[[24.84648190558545,37.36559724964213],[24.861686355432816,37.52855624381453],[24.94531082959334,37.51046722146939],[25.044139753601222,37.377680456560746],[24.84648190558545,37.36559724964213]]],[[[25.469864349327505,37.43806729073237],[25.31781985085383,37.40184103098311],[24.922504154822285,37.69116000393879],[24.65642628249336,37.901413077728705],[24.76285743142493,38.003319956303606],[25.27220650131173,37.56472113091166],[25.469864349327505,37.43806729073237]]],[[[24.67923295726441,36.90499535372954],[24.648824057569676,37.014338584785854],[24.71724408188283,37.050751425742014],[24.78566410619598,36.947536378182036],[24.67923295726441,36.90499535372954]]],[[[25.112559777914374,36.94146054239683],[24.937708604669652,36.95968659606273],[25.15057090253279,37.17200141281893],[25.31021762593015,37.19622810717101],[25.31021762593015,37.00219709179456],[25.112559777914374,36.94146054239683]]],[[[25.599102173030126,37.026478138264174],[25.545886598564337,36.95968659606273],[25.454659899480134,36.9232301280182],[25.36343320039593,37.00826808071462],[25.34062652562488,37.087146804747654],[25.378637650243302,37.11746294371295],[25.538284373640657,37.220447029530426],[25.60670439795381,37.12352471549815],[25.599102173030126,37.026478138264174]]]]}},{"type":"Feature","properties":{"name":"Ottoman Sultanate","subject":"Ottoman Sultanate","partOf":"Ottoman Sultanate","borderPrecision":3,"color":"#b3a46e"},"geometry":{"type":"MultiPolygon","coordinates":[[[[33.217222577811256,38.31053118669922],[29.313669593368143,39.528002106128326],[28.55605946844283,40.03745644503963],[29.595155955398855,40.17507684515804],[30.32059342227628,40.816795991658225],[30.304679478508675,41.17031383005895],[30.744805368987304,41.04032476992969],[31.21768287142871,41.05409201236133],[31.404126200286132,41.16353949160938],[31.385666880217773,41.2850414142168],[31.666388544646484,41.394813142732424],[31.871287378875,41.49144323916797],[32.418982538787105,41.74916800113086],[32.68791106661914,41.84597357364063],[33.15546325167773,41.94960745425586],[33.55554107150195,41.982501588777346],[33.8966551156914,41.95108374209766],[34.30390075167773,41.89411886783008],[34.66290954074023,41.87558325381641],[35.001868280974605,42.043162904695315],[35.09883025607226,41.80586203189258],[35.286074671355465,41.67147787661914],[35.4114370675957,41.626815401033205],[35.67785552462695,41.62093313784961],[35.957793268767574,41.685645662263674],[36.16136840304492,41.35250052066211],[36.38289550265429,41.23751791568164],[36.641245874968746,41.31498297305469],[36.81701186617968,41.289683900789065],[37.25282576998828,41.027721010164065],[37.821841272917965,41.00963171573047],[38.31396392306445,40.920901857332034],[38.6511831613457,40.92156942935352],[38.87874702483161,40.97887310348781],[39.347976487671815,39.07413873163889],[39.35078980078583,39.07146608418057],[36.93394489858056,38.72535527429905],[36.73979464590442,38.329420474288625],[34.74758476056047,38.28344712268784],[33.217222577811256,38.31053118669922]]]]}},{"type":"Feature","properties":{"name":"Italy","subject":"Italy","partOf":"Italy","borderPrecision":3,"color":"#b47c6f"},"geometry":{"type":"MultiPolygon","coordinates":[[[[27.730274,35.91333],[27.728611,35.916664],[27.722221,35.929718],[27.719166,35.94082600000013],[27.72138600000011,35.94944],[27.730831000000137,35.978882],[27.740829000000133,36.10443900000013],[27.719719,36.1661],[27.788883000000112,36.251656],[27.803055,36.268326],[27.805832,36.27055400000012],[27.876106,36.31971],[27.895828,36.332222],[27.909161,36.339722],[28.068333,36.404999],[28.107494,36.41861],[28.207222000000115,36.44249],[28.210831,36.452492],[28.212772,36.455544000000145],[28.215832,36.45776400000011],[28.219166,36.456940000000145],[28.225826,36.453049],[28.233887,36.441376],[28.238049,36.431107],[28.206944,36.343597],[28.186939,36.299988],[28.141388,36.210541],[28.122772,36.185822000000144],[28.063606,36.111931],[28.009163,36.068886],[27.95666100000011,36.044991],[27.945827,36.03471400000012],[27.931664,36.0186],[27.906109,35.988052],[27.898888000000113,35.975555],[27.89277600000014,35.960831],[27.865555,35.93222],[27.842777000000126,35.91360500000013],[27.839443,35.911659],[27.799721,35.893326],[27.786663,35.890549],[27.781387,35.890274],[27.768608,35.893608],[27.733055,35.91111],[27.730274,35.91333]]],[[[26.919167,36.946663],[26.881943,37.068886],[26.886662,37.073318],[26.890831,37.076378],[26.960548,37.056107],[26.985828,37.044167],[27.04832800000014,36.993607],[27.049995,36.990555],[27.049995,36.949158000000125],[27.049438,36.946106],[27.04583,36.944153],[26.975552,36.924431],[26.969719,36.924431],[26.946384000000137,36.928055],[26.935555000000136,36.932213],[26.919167,36.946663]]],[[[26.946384000000137,36.679153],[26.923054,36.7061],[26.92083,36.708878],[26.91861,36.716103],[26.917770000000132,36.755272],[26.921944,36.761101],[27.060833000000116,36.837212000000136],[27.06415900000013,36.838875],[27.152493000000106,36.881386],[27.168053,36.887215],[27.177498000000128,36.888878],[27.284443,36.900551],[27.340549000000124,36.885277],[27.346661,36.881104],[27.35277600000012,36.872208],[27.355553,36.865273],[27.35527,36.858887],[27.344166,36.849442],[27.329437,36.842766],[27.302498,36.837494],[27.27944200000013,36.83416],[27.243332,36.826935],[27.218327,36.8197100000001],[27.03611,36.766106],[27.028049,36.763611],[26.992222,36.751389],[26.980553,36.746941000000106],[26.974159,36.742775],[26.971943000000124,36.740273000000116],[26.970551,36.736382],[26.966389,36.703606],[26.965832,36.681664],[26.971386,36.672211],[26.96666,36.672493000000145],[26.953053,36.675278],[26.946384000000137,36.679153]]],[[[26.849442,37.097771],[26.820553,37.11055],[26.769444,37.169434],[26.768330000000105,37.173325],[26.76916100000011,37.176384],[26.778049,37.187775],[26.7808270000001,37.189995],[26.785553,37.190819],[26.820553,37.18721800000014],[26.855,37.18277],[26.85833,37.181107],[26.860554,37.177216],[26.87249800000012,37.150551],[26.888882,37.1091540000001],[26.889721,37.101662],[26.889164,37.09861],[26.886662,37.09665700000011],[26.863888,37.095276],[26.853886,37.09665700000011],[26.849442,37.097771]]],[[[34.74758476056047,38.28344712268784],[36.73979464590442,38.329420474288625],[35.96168002345125,36.74259453314459],[35.95679381808398,36.74749334903125],[35.89087584933398,36.7711139545],[35.67174056491015,36.605784975007815],[35.56761458834765,36.58741720767383],[35.50617125949023,36.55855520816211],[35.54760268649218,36.54018362613086],[35.49458983859179,36.443099580720705],[35.417082819548824,36.43260534854297],[35.38869765719531,36.45359381289844],[35.35417846163867,36.41423758120899],[35.22052672824023,36.388003908113284],[35.07137206515429,36.487708650544924],[34.869910273162105,36.576922975496096],[34.662383112517574,36.64777334781055],[34.48512938937304,36.626781068757815],[34.103220972624996,36.38032492251758],[33.95171264132617,36.25157888980274],[33.95405486544726,36.15975912661914],[33.89098266085742,36.13877447696094],[33.8358755441582,36.107295595125],[33.83369735201953,36.07057150454883],[33.753176722136715,36.14664038272266],[33.481699976531246,36.05428274722461],[33.171336207,35.97088202090625],[32.904116663542965,35.976695619539065],[32.64034179171679,36.007999025300784],[32.33497909030078,36.128367982820315],[31.902007135955078,36.496863923982424],[31.37069037875293,36.712344728425784],[30.90531066378711,36.79421576114063],[30.59359076937793,36.76173361392383],[30.540066752043945,36.64696081729297],[30.496651682463867,36.37298163028125],[30.472832712737304,36.18825491519336],[30.394862207976562,36.118045412019534],[30.279892954436523,36.1178050860918],[30.166131052581054,36.18761786075],[29.661955866423828,36.078345857576174],[29.471932444182617,36.090694032625],[29.29818824252246,36.17311819644336],[29.002251658049804,36.69479712100391],[28.81352714022754,36.53515585513477],[28.46984580477832,36.73830755801563],[28.266922983733398,36.7124095782793],[28.014189753142578,36.527164064363284],[27.91190246066211,36.69894369693164],[27.941855463591796,36.75633963199024],[28.051039728728515,36.8330150470293],[27.998808893767578,36.909366212800784],[27.55347732028125,36.91482504458789],[27.30811027011035,36.92070730777149],[27.268630060759765,37.04168280215625],[27.52563956698535,37.131412111238284],[27.49252418002246,37.23967321963672],[27.364632639495117,37.328631959871096],[27.18399270013948,37.35644841518752],[28.389329289528472,38.0080918128353],[28.362740027287675,38.92409540660316],[27.512850018521476,39.5638428867787],[28.055451944067176,39.971154798684644],[28.55605946844283,40.03745644503963],[29.313669593368143,39.528002106128326],[33.217222577811256,38.31053118669922],[34.74758476056047,38.28344712268784]]]]}},{"type":"Feature","properties":{"name":"Denmark","subject":"Denmark","partOf":"Denmark","borderPrecision":3,"color":"#8f9a74"},"geometry":{"type":"MultiPolygon","coordinates":[[[[-25.694897618683594,71.27300604434376],[-26.08600708523633,71.19479712100392],[-26.329421010407227,71.13240393252735],[-27.084376302155274,71.08456762881642],[-27.606051412018555,71.0681568011797],[-27.916172948273438,70.99798925967579],[-28.083531346710938,70.89728125186329],[-28.221779790314454,70.6273380145586],[-28.38448235073926,70.45799597354298],[-27.911971059235352,70.2824893817461],[-27.47493645230176,70.20676001162892],[-26.522614446076172,70.17790564151173],[-26.25201126614453,70.17839392276173],[-25.45328995266797,70.28709753604298],[-24.58473297634961,70.30402716250782],[-24.195229497345704,70.24348791690235],[-23.77526375332715,70.14480932803517],[-23.587447133454102,70.08399542422657],[-23.459464040192383,70.09187658877735],[-23.008885350617188,70.09273108096485],[-22.43398376980664,70.07851751895313],[-22.1575269369209,70.05610998721485],[-22.73232933560254,69.77407415957813],[-23.444350209625977,69.56847723575001],[-24.333291020783204,69.33282049746876],[-24.583540883454102,69.33987005801563],[-24.896557774933594,69.39209326358204],[-25.324379887970704,69.08993109317188],[-25.801573720368165,68.86358984561329],[-26.36213776150586,68.66002997012501],[-26.868672337921875,68.52670630069142],[-26.963623967560547,68.50170477481251],[-27.959057774933594,68.47738989444142],[-28.195338216217774,68.41711767764454],[-28.42120644131543,68.41671331973438],[-28.86312004605176,68.3262134418047],[-29.162135091217774,68.25097998233204],[-29.39970108548047,68.22812994571095],[-29.82538887539746,68.4140811786211],[-29.994490590485352,68.39135321231251],[-30.305041280182618,67.9804874286211],[-30.736491170319336,67.92756994815235],[-31.020314183625,67.95681341739063],[-31.354681935700196,68.04555853457813],[-31.634581532868165,68.25381811709767],[-32.0187501577461,68.44738348575001],[-32.30990311184766,68.54410132022267],[-32.3590707449043,68.54400976748829],[-32.35546967068555,68.45423468203907],[-32.03717514553907,67.98469885440235],[-32.1238355306709,67.87289007754688],[-32.26753708401563,67.86519964785938],[-32.57804962674024,67.75312384219532],[-32.95602127591016,67.64102514834767],[-33.21397491970899,67.46998175235157],[-33.66419693508985,67.06237372012501],[-33.960053410919926,66.76694067569142],[-34.43306061306836,66.3839526996172],[-34.782311406525395,66.26602514834767],[-35.24768158474805,66.22850378604298],[-35.70800873318555,66.35223730655079],[-35.7744874624336,66.10307653994923],[-35.97189804592969,65.84693487735157],[-36.32437988797071,65.72228582950001],[-36.77052780667188,65.76518591494923],[-37.047902074250004,65.74278601260548],[-37.578881230744145,65.54509314151173],[-37.154782262238285,66.32019384951954],[-37.20936676541211,66.3127628192461],[-37.567257848175785,66.31942328067188],[-38.04184814968946,66.39921911807423],[-37.92492004910352,66.20884283633595],[-37.93667313137891,66.00396307559376],[-38.11029526272657,65.82104071231251],[-38.46742340603711,65.64538153262501],[-38.989411321076176,65.5715747699297],[-39.42711731472852,65.57073553653126],[-39.9920167593086,65.53330572696095],[-39.78176590481641,65.35187872500782],[-39.68630692044141,65.17055853457813],[-39.726918187531254,64.99653967471485],[-39.89782043972852,64.9529224261797],[-40.04237457791211,64.98147162051563],[-40.253720250519535,64.96666296573048],[-41.060334172638676,65.0374942645586],[-40.827748265656254,64.89353521914845],[-40.48362061062696,64.68540533633595],[-40.350705113800785,64.52752264590626],[-40.35533234158399,64.42695196719532],[-40.47241684475782,64.3477969989336],[-41.01111313382032,64.33243139834767],[-41.484120335968754,64.2741886004961],[-41.10417267361524,64.08855017276173],[-40.89255234280469,64.03168066592579],[-40.691220250519535,63.931869111970705],[-40.51624771633985,63.78206976504688],[-40.76570221463086,63.574527345613284],[-40.89390656033399,63.52436789126758],[-41.163422551544926,63.5666576251543],[-41.37823959866407,63.52343710513477],[-41.223019566925785,63.309932313875],[-41.22700974026563,63.25296362491016],[-41.43446823635938,63.039203248933596],[-41.65309616604688,63.09566458316211],[-41.91557022610547,63.123607240632815],[-41.90392395535352,63.05252417178516],[-41.78910538235547,62.84676321597461],[-41.834408727082035,62.69062002749805],[-41.96372696438672,62.69039114566211],[-42.2588624624336,62.73238714785938],[-42.29883667508008,62.739398561433596],[-42.73952957669141,62.68891104312305],[-43.22596832791211,62.68092306704883],[-42.919098821076176,62.46190603824024],[-42.42036530056836,62.286014162019534],[-42.27136322537305,62.19441946597461],[-42.30619522610547,61.72888144107227],[-42.47826477566602,61.30676230044727],[-42.67033096829297,61.264285646394534],[-43.03725906887891,61.29165991397266],[-42.81712051907422,61.02562292666797],[-42.8244142202461,60.801612459138674],[-42.7540902761543,60.69687231631641],[-42.78493210354688,60.52916296573047],[-42.92721268216016,60.50099142642383],[-43.149933782013676,60.51450689883594],[-43.49708649197461,60.47896917910938],[-43.15411850491407,60.30526693911914],[-42.96204468289258,60.03407248111133],[-43.01451202908399,59.832881532625],[-43.14357086697461,59.81878241153125],[-43.57877823391797,59.935687623933596],[-44.05226608792188,60.164222322419924],[-44.27613541165235,60.03158529849414],[-44.46744247952344,59.76092108340625],[-44.753144231232426,60.03066214175586],[-44.68221756497266,60.288447938875],[-44.85624023953321,60.378726564363284],[-45.36200806179883,60.461490236238284],[-45.62170502224805,60.60060080142383],[-45.6040658620918,60.68450506778125],[-45.489926305207035,60.79656561465625],[-45.46025177517774,60.89458426089649],[-45.606476750763676,61.02036627383594],[-45.77090164700391,61.104121767],[-46.07186600247266,60.942447267488284],[-46.195851293,60.93519552798633],[-46.331086125763676,60.871944032625],[-46.53102585354688,60.89255865664844],[-46.97205444851758,60.86373861880664],[-47.15937134304883,60.85638006778125],[-47.41620346585157,60.72299536319141],[-47.63047501126172,60.596805177644534],[-47.82239243069532,60.77819021792774],[-47.869355168732426,60.93902548404102],[-47.96923157254102,61.036910615876955],[-48.20001694241407,61.14162787051563],[-48.56791397610547,61.24614294619922],[-48.915463414582035,61.42103537173633],[-49.14827438870313,61.77232702823047],[-49.116444554718754,62.103831850007815],[-49.20595261135938,62.17429693789844],[-49.401295628937504,62.21632345767383],[-49.61146256008985,62.194739900544924],[-50.04793259182813,62.3140827045],[-50.09668442288282,62.35641058535938],[-50.15892883816602,62.46242865176563],[-50.095936742218754,62.66799124331836],[-49.88932510891797,62.84574469180469],[-49.8574838308418,62.96654471011524],[-49.97367950955274,62.99473150821094],[-50.22172638455274,63.008494935945315],[-50.465817418488285,63.0506664142168],[-50.59093567410352,63.14998587222461],[-50.61674210110547,63.43480642886524],[-50.82308670559766,63.491458497957034],[-51.10051819363477,63.46953924746875],[-51.36576553860547,63.72601278872852],[-51.35501572171094,63.81178244204883],[-51.26595016995313,63.92637213321094],[-50.987946477326176,64.09154089541798],[-50.439015355500004,64.24309118838673],[-50.25692459622266,64.37973364444142],[-50.042633977326176,64.43757208438282],[-50.01991364041211,64.61005743594532],[-50.1444825796211,64.73932226748829],[-50.35739990750196,64.69574316592579],[-50.771840062531254,64.65900763125782],[-50.99374863186719,64.61542852969532],[-51.27965637722852,64.42807348819142],[-51.52139755764844,64.37018927188282],[-51.80484863797071,64.23334082217579],[-51.95738312283399,64.37656744571095],[-51.940175023468754,64.65683325381642],[-51.99165436306836,65.00974615664845],[-52.08433243313672,65.21262701602345],[-52.07773300686719,65.37242468448048],[-52.18693634549024,65.51769598575001],[-52.41381165066602,65.48089178653126],[-52.536007848175785,65.49521978946095],[-52.83536240139844,65.65488775821095],[-53.10253998318555,65.87324865908985],[-53.10843369046094,66.03403814883595],[-52.72966095486524,66.27637823672657],[-52.61050125637891,66.26797827334767],[-52.860444035919926,66.35319861026173],[-53.348053899201176,66.32427557559376],[-53.39427277127149,66.45181616397267],[-53.22169968167188,66.53085669131642],[-52.91685196438672,66.54446753116017],[-52.65323730984571,66.5677677020586],[-52.448048558625004,66.60731085391407],[-52.30317017117383,66.9094653949297],[-52.84682938137891,66.9305835589922],[-53.10420319119336,66.90795477481251],[-53.26725861111524,66.92242010684376],[-53.39741608181836,66.99593695254688],[-53.44956299343946,67.08444555850392],[-53.34943100491407,67.21025427432423],[-53.25116440335157,67.21393927188282],[-53.170311894806645,67.2858081683672],[-52.97809692898633,67.31033667178517],[-53.14671036282422,67.39514502139454],[-53.3949594167793,67.36226233096485],[-53.49412247219922,67.47349890323048],[-53.4684457449043,67.55819281192188],[-53.435761418732426,67.61761816592579],[-53.31903549710157,67.61784704776173],[-53.18010803738477,67.66264685244923],[-52.80789658108594,67.77477606387501],[-52.25998398342969,67.73864325137501],[-51.87598511258008,67.6650806293047],[-51.52680298367383,67.65088232608204],[-51.35653397122266,67.5918155536211],[-50.939362492951176,67.52581366153126],[-50.47708984890821,67.48220404239063],[-50.49110886135938,67.64538153262501],[-50.35670944729688,67.89093359561329],[-50.49096008816602,67.97258337588673],[-50.94993683377149,68.09095343203907],[-51.56045242825391,68.2315860614336],[-51.96674057522657,68.30552252383595],[-52.68336578884961,68.45371588321095],[-52.84246155300977,68.50580938907032],[-52.691193547638676,68.66340979190235],[-52.33688065091016,68.66408880801563],[-51.67873093167188,68.50049933047657],[-51.213734593781254,68.47891577334767],[-51.00517365017774,68.50921972842579],[-50.95377441922071,68.53928717227345],[-50.913849797638676,68.80927618594532],[-50.87435623684766,68.94456060977345],[-50.60660645047071,68.96008642764454],[-50.36876770535352,68.90792425723438],[-50.26649185696485,68.95322760196095],[-50.27879044094922,69.11117132754688],[-50.36649033108594,69.1938663348711],[-50.76742264309766,69.33636816592579],[-50.6943978933418,69.5328784808672],[-50.45657059231641,69.73762091250782],[-50.572628941925785,69.8662525043047],[-51.11710068264844,69.94110449405079],[-51.63651749173047,69.94015081973438],[-52.16676804104688,70.06875952334767],[-52.9091310171211,70.28938635440235],[-53.25990768948438,70.33472784610157],[-53.6663331655586,70.35698278994923],[-54.00848862210157,70.50991400332813],[-54.373532262238285,70.72469671817188],[-54.30318924466016,70.74024542422657],[-54.15798660794141,70.80991705508595],[-53.88545700589063,70.81042822451954],[-53.628136601837895,70.8186450824297],[-52.68983170071485,70.68165167422657],[-52.36747833767774,70.66685827823048],[-51.80567261258008,70.52941473575001],[-51.15283676663282,70.32332953067188],[-50.824459996613285,70.24730261416798],[-50.799469914826176,70.38535650821095],[-50.93915268460157,70.57715185733204],[-51.3263673452461,70.82296331973438],[-51.40384384671094,71.02361639590626],[-51.6753663686836,71.22444494815235],[-51.893422093781254,71.24730261416798],[-52.19804474392774,71.3553653583086],[-52.035641637238285,71.48001440616017],[-51.79139420071485,71.54270514102345],[-51.720124211701176,71.58955725283985],[-52.03681274929883,71.69804724307423],[-52.53196426907422,71.70492132754688],[-52.813378301056645,71.74341162295704],[-53.32285019436719,71.89084204287892],[-53.71871658841016,71.61697729678517],[-53.86456772366407,71.54661902041798],[-53.98821350613477,71.41414221377735],[-54.38157745877149,71.3047061786211],[-55.0124025014961,71.33458288760548],[-55.476551976593754,71.48911627383595],[-55.61430450955274,71.59785040469532],[-55.62637039700391,71.73035009951954],[-55.42961212674024,71.87128027530079],[-55.29756638089063,72.16119726748829],[-55.366085973175785,72.72777136416798],[-55.10402390042188,72.75197943301563],[-54.79313751736524,72.66567572207813],[-54.626069035919926,72.72125586123829],[-54.55815216580274,72.87157782168751],[-54.73041245022657,73.03760107608204],[-55.14999100247266,73.28298529239063],[-55.3534555105293,73.34626349063282],[-55.77934357205274,73.70446356387501],[-56.18216415921094,74.12061651797657],[-56.67945190945508,74.7005802020586],[-56.93939682522657,74.91901739688282],[-57.77429672757032,75.08952673526173],[-58.07462784329297,75.20451696963673],[-58.20533081570508,75.29522284121876],[-58.22853180447461,75.61058386416798],[-58.63566299954297,75.79326208682423],[-59.0682992605293,75.8425479754961],[-59.78349396267774,75.91648443789845],[-60.651085820587895,76.1077075824297],[-61.507496800812504,76.25751074405079],[-62.46763321438672,76.33999212832813],[-62.91620728054883,76.36447485537892],[-63.65076920071485,76.37993963809376],[-64.00380035916211,76.29492529483204],[-64.47335526028516,76.25186499209767],[-64.83591934719922,76.1670337543047],[-65.47452255764844,76.09859808535938],[-66.02683731594922,76.17316778750782],[-66.68391891995313,76.3066821918047],[-66.54037949124219,75.97068365664845],[-66.56342026272657,75.92873724551563],[-67.03665634671094,75.93623694033985],[-67.61905380764844,76.01897009463673],[-69.04484268704297,76.29375799746876],[-68.35297104397657,76.5486255511797],[-68.14439865628125,76.59984930606251],[-68.18594070950391,76.70160254092579],[-68.37633987942579,76.77777441592579],[-68.85623642483594,76.78535803408985],[-69.85101028958204,76.79198797793751],[-70.21667191067579,76.82532843203907],[-70.4999513296211,76.83332403750782],[-71.05698868313672,77.02849920840626],[-71.44827744046094,77.12186010928517],[-71.18388077298047,77.25953253360157],[-70.61842056790235,77.27779730410938],[-69.25207230130079,77.2117114886797],[-68.34064194241407,77.1963077411211],[-67.73630234280469,77.1888843402422],[-66.78378006497266,77.25932653994923],[-66.30934616604688,77.35474737735157],[-66.17778488675,77.39800604434376],[-66.15340897122266,77.55317267032032],[-66.43559738675,77.682246767],[-66.80472275296094,77.77682074160938],[-67.35228439846875,77.70645483584767],[-67.85181137600782,77.59308966250782],[-68.4412355093086,77.58333929629688],[-68.95322128811719,77.63422735782032],[-69.29207321682813,77.59898718448048],[-69.68751999417188,77.55508001895313],[-69.99364182034375,77.58039435000782],[-70.37952133694532,77.66610296817188],[-70.67803665676954,77.83014257998829],[-71.04520889798047,77.91627081485157],[-71.34299942532422,77.94179876895313],[-71.66946884671094,77.91511114688282],[-71.88843246975782,77.94943579287892],[-72.52538010159375,78.16613348575001],[-72.54527756253125,78.32353552432423],[-72.3832292226875,78.52572973819142],[-72.01876541653516,78.57922705264454],[-71.46276566067579,78.62432440371876],[-70.7802018789375,78.68733557315235],[-69.84684464016797,78.75975378604298],[-69.26627060452344,78.79619177432423],[-68.83852860012891,78.97410925479298],[-68.34851547757032,79.09048040957813],[-67.96912857571485,79.12678869815235],[-66.85430618801954,79.12891729922657],[-66.3587159780586,79.17436560244923],[-65.48489090481641,79.15823706241017],[-65.30409714260938,79.22092016787892],[-65.16448685208204,79.31037481875782],[-64.89053818264844,79.38237341494923],[-64.7995118764961,79.67840155215626],[-64.67545792141797,79.90390356631642],[-64.62318131008985,79.94921454043751],[-65.02371689358594,80.05176886172657],[-65.89964005032422,80.06920965762501],[-66.41940781155469,79.98192938418751],[-66.85121628323438,80.03850897403126],[-67.41029068508985,80.21074255557423],[-67.14280411282422,80.56214483828907],[-66.5216798452461,80.71127661319142],[-65.24133774319532,80.87276800723438],[-64.6083268789375,80.97394903750782],[-63.72541138211133,81.08617743106251],[-62.77484985867383,81.15874823184376],[-62.25126740017774,81.11947210879688],[-61.70533081570508,81.15087469668751],[-61.111805882843754,81.18244513125782],[-60.95673080960157,81.26372870059376],[-60.95171448269727,81.36545141787892],[-61.11219116726758,81.70417364688282],[-61.12241455593946,81.79757269473438],[-60.88732239285352,81.86060675235157],[-60.03867050686719,81.8833194598711],[-59.351918187531254,81.79096563907032],[-58.38867279568555,81.60661657901173],[-57.805268254669926,81.5050464496172],[-57.44419571438672,81.42388495059376],[-57.07404037991407,81.54767950625782],[-57.8196420339668,81.7838321551836],[-58.13328262844922,82.01317938418751],[-58.057797398957035,82.03437384219532],[-57.06813522854688,82.08920630069142],[-56.54333588162305,82.14315374942188],[-55.709225621613285,82.24036749453907],[-54.57519623318555,82.32805975528126],[-54.24669739285352,82.29677923770313],[-53.767933812531254,82.24457892032032],[-53.66354843655469,81.46255835147267],[-53.25270172634961,81.53522833438282],[-53.01039215603711,81.68004187198048],[-52.81596085110547,82.13006170840626],[-52.36427399197461,82.12047155948048],[-51.4623422292793,81.9749942645586],[-50.62612625637891,81.78882177920704],[-49.93803116360547,81.67624243350392],[-49.84602448025586,81.8112979754961],[-50.135853734406254,81.94643744082813],[-50.50304504910352,82.18799933047657],[-50.90543076077344,82.36811407657032],[-50.77243515530469,82.49711950869923],[-50.4385499624336,82.48709448428517],[-49.64758774319532,82.47806128116017],[-49.13649460354688,82.38263281436329],[-47.89701935330274,82.21480902285938],[-47.3191651968086,82.08913763614063],[-46.370263066681645,81.94403418155079],[-45.52521606961133,81.82053717227345],[-44.68298431912305,81.72886999698048],[-44.322804418,81.82313116641407],[-43.95536133328321,82.49050482364063],[-44.102047887238285,82.57641180606251],[-44.68352600613477,82.72695501895313],[-45.212861028107426,82.96670874209767],[-44.89413925686719,83.07786902041798],[-43.81246658841016,83.08030279727345],[-42.47936340847852,83.22789343448048],[-41.88109680691602,83.26275976748829],[-41.19401260891797,83.18616827578907],[-40.19461533108594,82.96682318301563],[-39.48935791531446,82.89145239444142],[-38.58716675320508,82.82771643252735],[-38.452076878937504,83.17000921817188],[-38.58720490017774,83.38235052676563],[-37.39664932766797,83.47525366397267],[-36.4871225027168,83.51127966494923],[-35.32196518460157,83.46865423770313],[-34.4269418386543,83.40296515078907],[-33.57840439358594,83.48393591494923],[-32.513173070343754,83.57699926944142],[-31.59369179287793,83.57906683535938],[-30.757185902985352,83.47897680850392],[-29.936020818146485,83.50346716494923],[-29.344035115631836,83.47088965030079],[-29.06531807461621,83.42636450381642],[-28.817721333893555,83.4720645770586],[-27.941941228302735,83.40635260196095],[-27.173754659088868,83.38556250186329],[-26.420754399689454,83.34231146426563],[-25.323594060333985,82.99988134951954],[-24.707919087799805,82.89126928897267],[-24.102585759552735,82.92551001162892],[-23.59960457363965,82.84991034121876],[-22.432360616120118,82.74334295840626],[-22.23186966458203,82.5596118793047],[-22.368836369904297,82.50545080752735],[-22.58999535122754,82.41913183780079],[-23.34740730801465,82.35327490420704],[-24.383666005524415,82.29774054141407],[-24.902256932648438,82.2434497699297],[-25.4572038320625,82.22100409121876],[-26.118378606232422,82.25143774600392],[-27.392374959381836,82.28057440371876],[-28.39144226590039,82.31035955996876],[-29.016371694000977,82.23453100772267],[-29.74276062527539,82.22236212344532],[-30.612675633820313,82.20986517520313],[-31.134682622345704,82.19813116641407],[-31.80309578457715,82.12261541934376],[-32.00284668484571,82.0694766864336],[-32.598053899201176,81.97361334414845],[-32.74866577664258,81.76472052188282],[-32.41453262844922,81.65156134219532],[-31.266507115753907,81.77827032657032],[-30.65127464810254,81.81073340030079],[-28.890700307282227,81.79370459170704],[-27.89046379605176,81.84788855166798],[-26.84167763272168,81.8501392230547],[-26.393269505890625,81.86151465030079],[-25.974671330841797,81.83114966006642],[-25.17848297634961,81.6360050067461],[-24.876639333161133,81.59542425723438],[-24.387282338532227,81.67901953311329],[-23.63881584683301,81.77379950137501],[-22.947590794953125,81.90018042178517],[-22.063565221222657,81.96482428164845],[-21.79792877713086,81.75696905703907],[-22.05288025418164,81.53975256533985],[-23.09529968777539,81.25213965030079],[-23.53285881558301,81.09987982364063],[-24.109570470246094,80.76941259951954],[-24.05536743679883,80.63131292910938],[-23.911742177399415,80.56283911319142],[-23.553282704743165,80.60284765811329],[-23.33884903469922,80.62295874209767],[-22.611891713532227,80.87178381533985],[-21.817265477570313,81.11350592227345],[-21.181658711823243,81.28657873721485],[-20.414093938263672,81.43065985293751],[-20.065401997956055,81.52346380801563],[-19.31735893765332,81.59698828311329],[-18.58937737027051,81.54714544864063],[-17.96345039883496,81.51765783877735],[-17.289740529450196,81.65280493350392],[-16.973427739533204,81.79840429873829],[-16.465405431183594,81.90362127871876],[-15.498786893280762,81.90568884463673],[-14.746256795319336,81.85518225283985],[-14.252507176789063,81.83540686221485],[-13.713973966034668,81.77421911807423],[-13.20332142392041,81.6717944964922],[-12.705125775727051,81.62130316348438],[-12.563114133270997,81.50860174746876],[-12.644468274506348,81.38583716006642],[-13.530973401459473,81.27225073428517],[-14.201948132904786,81.21013220401173],[-14.76216217556836,80.98785742373829],[-15.012563672455567,80.85772284121876],[-15.734444585236329,80.69778021426563],[-16.440903630646485,80.45099981875782],[-16.91961380520703,80.41103705020313],[-17.332715001496094,80.42967566104298],[-18.04922386685254,80.40871771426563],[-19.045023885163086,80.42615851016407],[-19.715798345001954,80.33725317569142],[-20.04474922695996,80.23965796084767],[-20.267426457794922,79.99886664004688],[-20.192950215729493,79.85377081485157],[-19.315922704132813,79.99120672793751],[-18.604607549103516,80.01177557559376],[-17.769204106720704,79.96663244815235],[-17.76769730130078,79.77737768741017],[-18.102253880890625,79.66893347354298],[-19.17675301113965,79.61304052920704],[-19.38537117520215,79.54992254825001],[-19.48134514370801,79.46026190371876],[-19.551485982331055,79.1926456317461],[-19.763188329132813,78.87305792422657],[-20.06821342984082,78.80182226748829],[-20.544981923493165,78.83621557803517],[-20.878828969391602,78.81792028994923],[-21.25574776211621,78.4126392230547],[-21.69997498074414,77.92346533389454],[-21.767640080841797,77.76732214541798],[-21.56354042569043,77.62942083926563],[-21.3820085195625,77.58661230655079],[-21.111176457794922,77.80318792910938],[-20.77668282070996,77.96861609073048],[-20.391341176422852,77.98672827334767],[-19.335820165070313,77.86724432559376],[-19.177308049591797,77.82422216983204],[-19.059224095734375,77.69463690371876],[-19.08565613308789,77.59961279483204],[-19.640854802521485,77.63309057803517],[-19.943724599274415,77.6411319598711],[-20.174262013825196,77.59753759951954],[-20.235142674835938,77.51124151797657],[-20.104945149811524,77.38247259707813],[-19.314728703888672,77.29812201114063],[-19.064404454621094,77.23859747500782],[-18.253375020416993,77.30013617129688],[-18.016396489533204,77.2063403949297],[-17.92005440274121,77.06113775821095],[-17.942004170807618,76.86507757754688],[-18.05700394192578,76.80533178897267],[-18.882859197052735,76.88879736514454],[-19.626633611115235,76.91295202823048],[-19.97790237942578,76.9463306293047],[-20.56061836758496,76.91118200869923],[-21.182682958039063,76.69747503848438],[-21.552985158356446,76.75621374698048],[-21.77329155484082,76.82378729434376],[-22.250166860016602,76.80584295840626],[-22.37768265286328,76.63589819522267],[-21.75097366848828,76.36662634463673],[-21.217040028961915,76.26655920596485],[-20.632826772125977,76.20877417178517],[-19.88352104702832,76.17657812686329],[-19.5702409414375,76.10999640078907],[-19.32224175015332,75.8927417621172],[-19.199807134064454,75.69277533145313],[-19.193547215851563,75.44353827090626],[-19.388846364411133,75.26109655948048],[-19.56160065213086,75.22774084658985],[-20.142971959503907,75.30926855655079],[-20.511841740998047,75.35820349307423],[-20.67922302761914,75.30823858828907],[-20.668854680451172,75.06076391787892],[-20.615832295807618,74.95428808780079],[-20.423996892365235,74.8816104754961],[-20.14599892178418,74.84161718936329],[-19.82055374661328,74.74500616641407],[-19.409241643341797,74.68106421084767],[-19.070908513458985,74.60894354434376],[-18.898682561310547,74.43975409121876],[-19.051016774567383,74.33468969912892],[-19.42509171048047,74.26963385196095],[-19.7162370351875,74.2127872333086],[-20.502247777375,74.22739752383595],[-21.031514134796875,74.26662787051563],[-21.762257543,74.30548437686329],[-22.028799977692383,74.10398443789845],[-21.780911412628907,74.01619299502735],[-21.152539220246094,73.99332007022267],[-20.679366078766602,73.92206152530079],[-20.353642430695313,73.8105884418047],[-20.313813176544922,73.66680487246876],[-20.329588857086915,73.41964300723438],[-20.388081517609375,73.42206152530079],[-20.87955376187207,73.44250067325001],[-21.440495458039063,73.39368017764454],[-21.708523717316407,73.27388342471485],[-22.269171681793946,73.26490362735157],[-22.82030769863965,73.32747229190235],[-23.49375053921582,73.5092960223711],[-23.90861221829297,73.72402533145313],[-24.076420751007813,73.75567205996876],[-24.56888481655957,73.62692602725392],[-25.009919133576172,73.47462042422657],[-25.498003926666993,73.43389471621876],[-25.76292892971875,73.35379370303517],[-26.415636983307618,73.36849554629688],[-26.826634374054688,73.40751989932423],[-27.262808766754883,73.34302862735157],[-27.440558400543946,73.2870288714922],[-27.51887032070996,73.15983923526173],[-27.51636597195508,73.09634741397267],[-27.35715958157422,72.85914190860157],[-27.03771683255078,72.74911078067188],[-26.460057225617188,72.72649725528126],[-25.778231587799805,72.60948523135548],[-25.072955098541993,72.63444861026173],[-24.477763142975586,72.39153631778126],[-24.136528935822266,72.29006537051563],[-23.919608083161133,72.18848761172657],[-23.38125511685254,72.04067572207813],[-22.817797627838868,71.86973150821095],[-22.648505177887696,71.74521216006642],[-22.43088432827832,71.34115942569142],[-22.029711690338868,71.43508490176563],[-21.90442940274121,71.49748571963673],[-21.72596260586621,71.40459021182423],[-21.591755834015625,71.21096380801563],[-21.56005569973828,71.05624731631642],[-21.47082039395215,70.53233679385548],[-21.54712769070508,70.44007452578907],[-21.713845220001954,70.38606604190235],[-21.957335439118165,70.43162115664845],[-22.20320984402539,70.48489721866017],[-22.615700688751954,70.48410376162892],[-23.084202733429688,70.46792181582813],[-23.753737416657227,70.58956488223438],[-24.040173497589844,70.77374609561329],[-24.227021184357422,71.05899389834767],[-24.38637444058301,71.18250616641407],[-24.913002934845704,71.43744238467579],[-25.29125496426465,71.56889685244923],[-25.627636876496094,71.63056524844532],[-26.120182958039063,71.66856726260548],[-26.354512181671875,71.60583075137501],[-26.78747841397168,71.55832251162892],[-25.84955116787793,71.43570288272267],[-25.694897618683594,71.27300604434376]]],[[[14.69638825000007,55.148675750000066],[14.729720750000041,55.246595250000084],[14.845067500000042,55.256319],[15.04242850000007,55.177847],[15.118748250000067,55.102707],[15.07402675000003,55.030899000000105],[14.95868,55.02117525000011],[14.772708,55.073535750000076],[14.69638825000007,55.148675750000066]]],[[[8.702498500000061,56.70304875000008],[8.573609500000018,56.72471625000006],[8.54437375,56.774023],[8.614791250000025,56.850969],[8.718680250000048,56.896734],[8.856040750000076,56.911318],[8.885276500000089,56.862011250000066],[8.806387500000085,56.74881375000008],[8.702498500000061,56.70304875000008]]],[[[11.5395125000001,56.71166025000005],[11.611873500000073,56.71943875000008],[11.648193250000077,56.722494500000096],[11.648471750000112,56.7208275000001],[11.627916250000112,56.70770300000011],[11.586526750000075,56.68312100000013],[11.550207,56.68006525000011],[11.5189570000001,56.69853575000006],[11.5395125000001,56.71166025000005]]],[[[11.815902,55.03756750000012],[11.747360500000042,55.084373750000125],[11.78097150000005,55.132011250000104],[11.781041,55.167774],[11.747569000000112,55.191662],[11.6097912500001,55.20263324999996],[11.367707750000037,55.20068774999993],[11.207291250000011,55.31547949999994],[11.128541750000025,55.5470085],[11.035277750000049,55.68020425],[10.927499250000082,55.71506674999998],[10.957985250000078,55.72409425],[11.126735750000037,55.70728675000005],[11.284930250000016,55.740966750000055],[11.432568750000016,55.82513425],[11.44812425000002,55.89832875000002],[11.331596750000031,55.9605502500001],[11.395971500000016,55.9849262500001],[11.641248499999975,55.97145675000003],[11.740554,55.92708225000001],[11.693888,55.85180275000005],[11.701526249999986,55.776037],[11.76346875,55.699785],[11.824371250000027,55.72867375000001],[11.884233750000064,55.86270325000007],[11.949859750000059,55.882843],[12.021249250000011,55.789093],[12.02666625,55.719995500000095],[11.96611075,55.6755505000001],[11.966179750000023,55.6533280000001],[12.026873250000065,55.6533280000001],[12.066386750000092,55.6677722500001],[12.084720250000103,55.69666075000009],[12.080345500000064,55.764369750000085],[12.053262499999974,55.87089925000008],[11.994651749999946,55.934788],[11.90451324999998,55.956036],[11.9672215,56.00721575000007],[12.182776500000031,56.08832725],[12.372637750000052,56.107147],[12.536805250000072,56.063675],[12.605972,56.02950875000006],[12.580138,56.004648250000045],[12.55430425000003,55.97402375000006],[12.528470750000054,55.9376352500001],[12.536734750000065,55.86562150000009],[12.579096250000063,55.757982500000026],[12.497915750000061,55.647774],[12.293193250000058,55.534996],[12.258540500000052,55.43055149999998],[12.393957500000042,55.33444050000003],[12.349999250000053,55.255135],[12.126665750000086,55.192635],[12.056526750000074,55.15034325000002],[12.139582250000018,55.12825975000007],[12.178748750000011,55.087635],[12.174026250000054,55.028469],[12.146734500000065,54.99131575000004],[12.096873500000044,54.97617525000007],[11.986596,54.991592500000095],[11.815902,55.03756750000012]]],[[[10.626387500000035,55.83999850000005],[10.61805450000007,55.78888550000009],[10.592290500000061,55.76395450000008],[10.5490955,55.76520550000002],[10.52652625,55.81971924999998],[10.52458275000005,55.92749574999995],[10.55034675000006,55.95242674999996],[10.603818250000032,55.89451225],[10.626387500000035,55.83999850000005]]],[[[8.547491,56.68410975000002],[8.582291250000011,56.66020225000001],[8.56409575000005,56.608398750000035],[8.47631750000005,56.61367825000006],[8.318956500000013,56.6760407500001],[8.246248499999979,56.73860925000007],[8.258193499999948,56.80138374999997],[8.35243,56.90499474999994],[8.528958,57.049442249999984],[8.81041625000006,57.12902650000004],[9.196804750000013,57.1437475000001],[9.529929250000023,57.25923375000011],[9.809789750000093,57.47548525000005],[10.123778250000129,57.621775],[10.471894750000132,57.698103],[10.59258950000013,57.70025425000004],[10.485862500000124,57.62822875000002],[10.459929500000086,57.501661],[10.514790500000018,57.32055100000011],[10.490819749999972,57.170413250000124],[10.388017249999947,57.05124775000009],[10.254128499999965,57.016246],[10.089153500000023,57.065408],[9.815971750000074,57.06637975000004],[9.434583250000117,57.01916125],[9.211804,57.00985725000001],[9.147634,57.03846775000008],[9.004369749999967,57.0258982500001],[8.78201125000004,56.97214875000006],[8.60707325000007,56.87848725000005],[8.47955575000006,56.744913750000066],[8.459695,56.680121250000056],[8.547491,56.68410975000002]]],[[[11.068333,57.31791275000006],[11.153333,57.313190250000105],[11.146249499999968,57.28895375000009],[11.04708250000003,57.24520325000002],[10.961735,57.233259499999974],[10.890207000000103,57.25312249999996],[10.897290500000082,57.277359],[10.982985500000012,57.305969],[11.068333,57.31791275000006]]],[[[10.195554500000071,56.489717499999955],[10.217999250000076,56.49599350000001],[10.278443750000037,56.5507705000001],[10.428235250000014,56.56716025000013],[10.66737375000001,56.5451627500001],[10.8304155,56.511873],[10.917360499999987,56.467291],[10.950972,56.419651250000015],[10.93125,56.36895375000006],[10.877291500000027,56.29867550000007],[10.789096500000014,56.208816500000054],[10.711527,56.17881775000005],[10.644583,56.20867925000006],[10.594791250000029,56.19242875000006],[10.562151750000098,56.130066250000056],[10.49763750000011,56.122982250000035],[10.401248500000065,56.17117675],[10.391873750000045,56.212705249999985],[10.469513250000048,56.24756774999999],[10.481388500000065,56.2714575],[10.427499500000096,56.28437450000001],[10.354443750000115,56.254652500000034],[10.262221250000124,56.18229150000006],[10.232013000000109,56.114304],[10.263819,56.05069],[10.257082750000038,55.971174500000075],[10.211804250000014,55.87575750000008],[10.10826249999998,55.83263225000009],[9.946457499999937,55.84179875000011],[9.911319,55.83839600000012],[10.002847,55.82242400000011],[10.03465249999995,55.787077],[10.006735499999976,55.732355],[9.882082499999981,55.705202],[9.660693499999965,55.705618],[9.617290749999981,55.680549750000054],[9.751874250000029,55.629997250000045],[9.761457750000048,55.558956],[9.646041250000039,55.467426],[9.613402250000021,55.36548025000003],[9.66354075,55.25311875000004],[9.631249,55.178675],[9.516527,55.142149],[9.52624925,55.09027475000009],[9.660415750000013,55.023052250000106],[9.72992950000004,54.94902425000011],[9.734790500000074,54.868190750000096],[9.708054250000089,54.8346480000001],[9.649720750000085,54.84839600000012],[9.61861,54.87353475000012],[9.6147220000001,54.91006425000009],[9.545277750000096,54.898399],[9.410277250000078,54.838539],[9.178610250000034,54.83117875000009],[8.850276749999963,54.87631825000007],[8.68360974999996,54.952707500000045],[8.678609250000022,55.06034650000002],[8.63103975000007,55.1006925],[8.540901250000104,55.0737455],[8.48611,55.07617550000002],[8.466666,55.10798250000006],[8.469305,55.14228825000009],[8.494027,55.17909275000011],[8.552013250000059,55.18221700000011],[8.643263750000031,55.151661],[8.672638750000033,55.209161750000064],[8.640138250000064,55.35471925000003],[8.54479075000009,55.45895575000003],[8.38659625000011,55.52187125000006],[8.29486,55.53777275000009],[8.269582,55.50666025000011],[8.214512500000026,55.50554850000009],[8.1296515,55.534437500000024],[8.111804500000034,55.597424],[8.160971500000102,55.694508],[8.170971750000106,55.803675],[8.141805250000047,55.924925],[8.142013500000047,55.941662],[8.171596500000106,55.853886],[8.239096250000102,55.83187325000006],[8.344512750000035,55.875623750000045],[8.361665499999987,55.943817],[8.290554499999956,56.036453],[8.225624,56.089786250000074],[8.166874,56.103816750000036],[8.13020725,56.087568],[8.115623750000012,56.04104000000011],[8.122568250000029,56.17666400000013],[8.15104075000005,56.49444000000011],[8.179235,56.66735650000011],[8.207151,56.69541350000013],[8.228262250000043,56.68333050000011],[8.24256875,56.631107500000056],[8.36937475,56.574301],[8.608680250000049,56.512911],[8.737360750000079,56.50277149999998],[8.755416250000081,56.543882500000066],[8.743610500000045,56.5783272500001],[8.70194349999997,56.60610575000008],[8.748957249999961,56.66617575000005],[8.884651750000018,56.75853725],[8.983266,56.80540075],[9.0448,56.80676625000001],[9.09479974999995,56.781558750000045],[9.13326525,56.729778250000095],[9.12902625000001,56.669651],[9.082082749999955,56.601177],[9.11249974999997,56.58270425],[9.220277250000052,56.61423275000004],[9.286040750000069,56.603885500000075],[9.30979025000002,56.551662500000106],[9.335346,56.535412],[9.362708,56.555134],[9.358402500000054,56.59874550000002],[9.322429500000013,56.66624650000004],[9.26986,56.69451150000003],[9.200694,56.6835405],[9.169133249999987,56.737549],[9.175177750000074,56.856537],[9.211011000000113,56.93750775000004],[9.276633000000103,56.98046125000005],[9.475651500000097,57.01938650000007],[9.808066500000095,57.054283500000096],[10.05867825000007,57.0491250000001],[10.227486750000025,57.003911],[10.310237500000014,56.922991750000065],[10.306930500000036,56.80636725000004],[10.19555475000007,56.72361025],[9.976110250000119,56.67472074999998],[9.984443500000125,56.66152549999998],[10.220554500000091,56.68402450000002],[10.344859750000083,56.681176750000034],[10.357359250000101,56.65298225000002],[10.327428500000082,56.6174275],[10.255067500000024,56.57451249999994],[10.21110950000002,56.53194249999993],[10.195554500000071,56.489717499999955]]],[[[10.248332500000046,54.94617849999996],[10.376665500000016,54.891315499999976],[10.438818250000011,54.858328],[10.434790750000033,54.847216],[10.386666,54.857285],[10.294444,54.888535],[10.232291250000102,54.92152249999998],[10.200207750000075,54.95624749999996],[10.248332500000046,54.94617849999996]]],[[[11.339139,54.662290500000026],[11.106307,54.74799549999996],[11.000404250000102,54.821815749999956],[11.021430750000079,54.88375125000002],[11.065069,54.92520550000005],[11.131319,54.946178500000045],[11.25180475,54.92492875000006],[11.42652625,54.8614562500001],[11.54965125000001,54.84826125000009],[11.62117975000001,54.88534375000003],[11.705068750000038,54.869371500000014],[11.801318250000094,54.80034450000004],[11.802505997017589,54.799029179580465],[11.772569,54.842911],[11.790972,54.925619250000054],[11.955694,54.90353575000002],[12.070902,54.87916175],[12.136596,54.85249725000003],[12.11951250000007,54.80423375000004],[12.019651500000094,54.73437125000004],[11.968401500000084,54.66499525000005],[11.96576250000004,54.59610575000006],[11.900485,54.655411],[11.852706523078599,54.72544496309121],[11.854443250000031,54.70395300000011],[11.755971249999988,54.667354750000115],[11.55569374999996,54.63541025000008],[11.339139,54.662290500000026]]],[[[10.695485,54.75971774999998],[10.67673525,54.792564],[10.68020775,54.869926],[10.748749249999989,54.97173275000006],[10.88235975,55.097984250000025],[10.901109500000018,55.065138],[10.804998500000067,54.873194],[10.736457,54.77138724999999],[10.695485,54.75971774999998]]],[[[9.78145775,54.971386250000066],[9.823263249999982,54.95193875000008],[9.83284625,54.95943825000006],[9.810206750000063,54.99388475],[9.756803750000088,55.020690500000015],[9.67263725000008,55.03985550000009],[9.671040500000089,55.05582775000012],[9.752013500000118,55.06860725000011],[9.837360750000087,55.05846975000007],[9.92708225,55.02541525],[9.996734749999987,54.9753435],[10.046318250000056,54.90825450000007],[9.999790250000075,54.88255875000007],[9.857150750000045,54.89825625],[9.779512,54.92485625],[9.766874,54.962358750000035],[9.78145775,54.971386250000066]]],[[[10.665901500000032,55.00291250000009],[10.66166575000004,54.979648750000095],[10.630555250000057,54.96006425000006],[10.598541500000081,54.950203250000044],[10.565624500000112,54.95006575000005],[10.536527000000106,54.96409425000006],[10.511249,54.99228875000007],[10.53194325000004,55.015621250000066],[10.598609750000037,55.034091750000044],[10.643262500000034,55.02985550000005],[10.665901500000032,55.00291250000009]]],[[[12.373332,55.017494500000126],[12.49611,54.981941500000104],[12.464027,54.94319175000008],[12.277083,54.90124525000006],[12.166666499999977,54.886244],[12.132777500000074,54.898188],[12.164860500000103,54.93693775000003],[12.262915500000062,55.0024932500001],[12.373332,55.017494500000126]]],[[[12.660485,55.616941249999954],[12.653818249999958,55.58076074999998],[12.60423475,55.56117625000006],[12.562568250000012,55.5659675000001],[12.528818749999985,55.5951345000001],[12.5354855,55.631315],[12.582568500000036,55.674509],[12.624235,55.669717749999975],[12.660485,55.616941249999954]]],[[[10.711526,55.09909475000002],[10.569026,55.052288250000046],[10.41152624999998,55.042774250000036],[10.239026749999965,55.07055275],[10.033471249999948,55.18812175],[9.79485974999993,55.39548125000009],[9.83409574999996,55.528606500000095],[10.151179250000041,55.587497500000026],[10.353471250000084,55.595830749999976],[10.440971750000088,55.553606249999945],[10.467569250000082,55.512564],[10.433263750000066,55.472704],[10.431736,55.44909275000005],[10.462986,55.44173025000008],[10.510485750000015,55.45013225000008],[10.574235250000044,55.47429875000006],[10.60937375000006,55.519577500000054],[10.615901250000064,55.585968500000064],[10.650693,55.584927],[10.713749,55.516453],[10.767638,55.435133],[10.81236,55.340967],[10.821734750000047,55.25103750000004],[10.795762250000024,55.16534450000002],[10.711526,55.09909475000002]]],[[[8.37097150000001,55.43818824999995],[8.38479074999998,55.44992424999994],[8.433818249999945,55.43423074999997],[8.45965149999995,55.403328],[8.4622905,55.357216],[8.448471250000026,55.34548],[8.418193750000043,55.36812],[8.392360500000038,55.399022750000015],[8.37097150000001,55.43818824999995]]],[[[-54.12526032009961,69.48115881533985],[-54.4859017995918,69.56363257022267],[-54.5744027761543,69.60885199160938],[-54.68687531033399,69.70702704043751],[-54.72269150296094,70.08692511172657],[-54.59369751492383,70.24023779483204],[-54.42833801785352,70.24819525332813],[-54.13745972195508,70.18746527285938],[-53.61670013943555,70.15783270450001],[-53.03749176541211,70.03655584903126],[-52.70118805447461,69.91539343448048],[-52.433556523712895,69.87038763614063],[-52.08398529568555,69.77248724551563],[-51.81285187283399,69.62156256289845],[-51.877411809357426,69.5306812152422],[-51.927941289337895,69.51549109073048],[-52.172604527863285,69.49234350772267],[-52.52107712307813,69.47657354922657],[-52.86744019070508,69.3928409442461],[-53.321713414582035,69.32408484073048],[-53.55149933377149,69.27841528506642],[-53.80711456814649,69.33826788516407],[-54.12526032009961,69.48115881533985]]],[[[-22.83276077786328,72.26895483584767],[-23.264891591461915,72.37024267764454],[-23.58541199246289,72.44038733096485],[-23.657017674835938,72.47170599551563],[-23.798434224518555,72.66046484561329],[-23.131012883576172,72.67750128360157],[-22.729443517121094,72.61519201846485],[-22.250536885651368,72.49795111270313],[-21.882071462067383,72.36496313662892],[-21.809483495148438,72.14539679141407],[-21.906147923859375,72.05123480410938],[-22.145695653351563,72.02732428164845],[-22.83276077786328,72.26895483584767]]]]}},{"type":"Feature","properties":{"name":"Ukraine","subject":"Ukraine","partOf":"Ukraine","borderPrecision":3,"color":"#b47c6f"},"geometry":{"type":"MultiPolygon","coordinates":[[[[33.839083704558604,46.19305380435351],[33.83908370455859,46.19305380435351],[33.52794555148242,46.134063325837886],[33.52794555148242,46.13406332583789],[33.33253386935351,46.16611059756641],[32.97293380221484,46.14594992251758],[32.51644423922656,46.12558325381641],[32.20216659030078,46.170360170320315],[32.114104303923824,46.215621553376955],[31.92594054659961,46.409930787996096],[32.188792261687496,46.59223898501758],[31.95127013644336,46.864627443269534],[31.781046900359375,46.701861940339846],[31.537734064666015,46.70138128848438],[31.087231669036132,46.635535798982424],[30.83285621127246,46.57659109683399],[30.520461115447265,46.251407228425784],[30.43284740345622,46.17574956961106],[30.06606624338759,46.280356520899026],[29.964310147469543,46.36854513736133],[29.80684742762615,46.50501282789227],[29.426659831176035,46.81607540680601],[29.115597252262305,47.282669275176595],[28.90822219965315,47.818388161083575],[28.41541579684375,48.08221014590625],[28.387043985930664,48.10490759463672],[28.387043985930664,48.138953767732424],[28.347323450652343,48.15030249209766],[28.301928553191406,48.133277498201174],[28.318951639739257,48.15597494693164],[28.358672175017578,48.20136984439258],[28.347323450652343,48.2297435626543],[28.29625419100879,48.2297435626543],[28.216813120452148,48.212718568757815],[28.160069498625976,48.22406729312305],[28.11467460116504,48.218394838289065],[28.080628428069335,48.25244101138477],[28.057930979338867,48.28081091494922],[28.01253608187793,48.30918463321094],[27.944443735686523,48.31486090274219],[27.882025751677734,48.33755835147266],[27.819605860320312,48.39430197329883],[27.72314170321582,48.43402060122852],[27.70611861666797,48.43969687075977],[27.647770708013145,48.75157589782475],[27.485758948162246,48.75157589782475],[27.485758948162246,48.6705700178993],[27.107731508510145,48.83258177775021],[27.107731508510145,48.643568057924156],[26.98940102500732,48.68075763845361],[26.946726834552926,49.110761342268674],[27.00065088592259,49.67696388165014],[26.946726834552926,50.3240524980861],[27.48596734824956,50.8363309860979],[27.405081271195066,51.48341960253386],[27.338407566456915,51.60343227106253],[27.495612177458984,51.63595923037891],[27.579619440642578,51.610755525544924],[27.688830408660156,51.59395559878711],[27.66362670382617,51.49314459414844],[27.70563033541797,51.467940889314455],[27.781237635222656,51.50994452090625],[27.789639505950195,51.60235556216602],[27.840043100920898,51.60235556216602],[27.957654032317382,51.551951967195315],[28.117268595305664,51.577151857332034],[28.176074061003906,51.62755545230274],[28.276883158293945,51.58555182071094],[28.335688623992187,51.501544557527346],[28.436497721282226,51.551951967195315],[28.528904947844726,51.551951967195315],[28.58771041354297,51.518348298982424],[28.629714045134765,51.43434103579883],[28.705321344939453,51.43434103579883],[28.764126810637695,51.501544557527346],[28.89853766879199,51.56875189395313],[28.97414496859668,51.56875189395313],[29.03295043429492,51.60235556216602],[29.091755899993164,51.61915548892383],[29.16736319979785,51.56035193057422],[29.217766794768554,51.501544557527346],[29.234568628875,51.409137330964846],[29.318575892058593,51.38393362613086],[29.46138862094043,51.409137330964846],[29.545395884124023,51.45114096255664],[29.646204981414062,51.484744630769534],[29.713412317839843,51.42593725772266],[29.84782317599414,51.43434103579883],[29.95703414401172,51.467940889314455],[30.057843241301757,51.484744630769534],[30.158650431243164,51.467940889314455],[30.24265960177539,51.43434103579883],[30.293063196746093,51.409137330964846],[30.36026862582324,51.316730104402346],[30.427475962249023,51.29152639956836],[30.545084986296875,51.283126436189455],[30.603890451995117,51.375533662751955],[30.578688654509765,51.44274099917774],[30.46947959384082,51.53514822574024],[30.49468139132617,51.62755545230274],[30.612292322722656,51.72836645694141],[30.69629958590625,51.84597738833789],[30.839112314788085,51.92998465152149],[30.88951781710742,51.98038824649219],[30.914719614592773,52.039195619539065],[31.065932306853515,52.07279547305469],[31.14993957003711,52.05599554629688],[31.24234870394824,52.03079184146289],[31.292752298918945,52.08959921450977],[31.527974161711914,52.11479910464649],[31.761313471404296,52.11269720645313],[31.922148737517578,52.072486482576174],[32.13324645480273,52.06243475528125],[32.27398208102343,52.13280066104297],[32.354399714080074,52.26348074527149],[32.41471389254687,52.38410910220508],[32.65596679171679,52.27353247256641],[32.89722350558398,52.28358419986133],[33.1987905832207,52.38410910220508],[33.510413202849605,52.333846651033205],[33.741614374724605,52.3941608295],[33.83208373507617,52.27353247256641],[33.97281936129687,52.21321829409961],[34.08339217623828,52.06243475528125],[34.143706354705074,51.97196539492969],[34.254282984343746,51.90159948916797],[34.39501479586718,51.83123358340625],[34.39501479586718,51.71060522647266],[34.254282984343746,51.72065695376758],[34.11355117282031,51.660342775300784],[34.173865351287105,51.52966269107227],[34.224123987761715,51.36882742495899],[34.34475234469531,51.23814734073047],[34.636267695037105,51.23814734073047],[34.706633600798824,51.187884889558596],[34.93783858737109,51.21804388614063],[35.10872558077929,51.207992158845705],[35.10872558077929,51.06726034732227],[35.28966811617968,51.06726034732227],[35.28966811617968,50.90642126651172],[35.39018920382617,50.78579672427539],[35.43039992770312,50.67522009463672],[35.39018920382617,50.59480246158008],[35.43039992770312,50.49427755923633],[35.51081756075976,50.45407065005664],[35.64149764498828,50.32339056582813],[35.76212600192187,50.40380819888477],[35.97322371920703,50.433963380769534],[36.09385207614062,50.40380819888477],[36.30494979342578,50.27312811465625],[36.39541915377734,50.30328329654102],[36.47583678683398,50.293231569246096],[36.55625441989062,50.22286566348438],[36.74724868258593,50.27312811465625],[36.88798049410937,50.32339056582813],[37.008608851042965,50.32339056582813],[37.24986556491015,50.383704744294924],[37.41070083102343,50.41385992617969],[37.46096328219531,50.34349402041797],[37.5815916391289,50.26307638736133],[37.5815916391289,50.202762208894534],[37.672060999480465,50.12234457583789],[37.68211272677539,50.062030397371096],[37.86305526217578,50.04192312808399],[37.94347289523242,49.961505495027346],[38.0439939828789,49.91124685855274],[38.17467406710742,49.97155722232227],[38.19478133639453,50.04192312808399],[38.29530242404101,50.07208212466602],[38.42598250826953,49.951453767732424],[38.61697677096484,49.92129858584766],[38.828074488249996,49.871036134675784],[38.94870284518359,49.82077368350391],[39.10953811129687,49.85093268008594],[39.20000747164843,49.770511232332034],[39.33068755587695,49.730304323152346],[39.541785273162105,49.720252595857424],[39.59204772433398,49.619727693513674],[39.75288299044726,49.549361787751955],[39.873511347380855,49.549361787751955],[39.93382552584765,49.569469057039065],[40.02429870089648,49.60967596621875],[40.0946646066582,49.569469057039065],[40.054453882781246,49.51920660586719],[40.044402155486324,49.43878897281055],[40.0946646066582,49.398578248933596],[40.13487151583789,49.318160615876955],[40.11476806124804,49.217635713533205],[40.02429870089648,49.17742880435352],[39.95393279513476,49.14726980777149],[39.793093714324215,49.056800447419924],[39.65236190280078,49.03669699283008],[39.75288299044726,48.92612036319141],[39.873511347380855,48.885909639314455],[40.00419143160937,48.86580618472461],[39.943877253142574,48.79544027896289],[39.80314544161914,48.79544027896289],[39.69257262667773,48.79544027896289],[39.67246535739062,48.71502264590625],[39.65236190280078,48.61450155825977],[39.722727808562496,48.58434256167774],[39.80314544161914,48.55418737979297],[39.82324889620898,48.493873201326174],[39.84335616549609,48.413455568269534],[39.88356307467578,48.322982393220705],[39.91372207125781,48.29282721133594],[39.84335616549609,48.07167776675586],[39.77299025973437,47.940997682527346],[39.77299025973437,47.87063177676563],[39.62220672091601,47.81031759829883],[39.26032165011523,47.88068350406055],[38.92859557589648,47.86057623477344],[38.80797103366015,47.86057623477344],[38.79791930636523,47.7801586017168],[38.69739440402148,47.69974096866016],[38.52650741061328,47.63942679019336],[38.36566832980273,47.62937506289844],[38.265147242156246,47.58916433902149],[38.22493651827929,47.35796316714649],[38.22493651827929,47.2574420795],[38.21488479098437,47.20717962832813],[38.209727320281246,47.15045889468555],[37.85925200900195,47.103744111970705],[37.42214492282031,47.076881013826174],[37.19263366183398,46.894420228914065],[36.86455825289843,46.80929144473438],[36.35396865328906,46.77579840274219],[35.85055831393359,46.66439016909961],[35.624331507292965,46.521060548738284],[35.41610244235156,46.49468954654102],[35.21237472018359,46.63714178653125],[35.04636672457812,46.357650361970705],[34.906809839812496,46.273021303132815],[34.69234755953906,46.25312765689258],[34.4956541391289,46.27870138736133],[34.06421569308398,46.26487310977344],[33.83908370455859,46.19305380435352],[33.839083704558604,46.19305380435351]]]]}}]}