{"type":"FeatureCollection","features":[{"type":"Feature","properties":{"name":"city-states","subject":"city-states","partOf":"city-states","borderPrecision":1,"color":"#8b7fa6"},"geometry":{"type":"MultiPolygon","coordinates":[[[[43.294502686920836,35.66858681062941],[42.771664605301865,35.72267350872792],[41.154071689948154,35.126718224123934],[40.81352581303159,34.19021706260335],[40.955907875717344,33.43477825839353],[39.19593289767788,33.594261777999364],[37.2377941054076,33.84967118568679],[35.7162084908321,34.312369905669115],[35.82100585411335,34.343776308257006],[35.873065027697336,34.422286592680834],[35.85191634605671,34.492946230132006],[35.7507543892696,34.74680670376482],[35.80885222862507,35.01379736538591],[35.841380152209055,35.04263266201677],[35.796431574328196,35.270717226225756],[35.60734084556843,35.41754492397966],[35.663958582384836,35.45949514980974],[35.680430445177805,35.52767141934099],[35.7331762642696,35.58536108608904],[35.69143203209187,35.68502005215349],[35.739504847033274,35.690265260893725],[35.85594466636921,35.83450277920427],[35.829051050646555,35.884784303862475],[35.71850493858601,36.09155615444841],[35.66494658897663,36.133529268462084],[35.70863250206257,36.21223410244646],[35.81413775274349,36.29849189880415],[35.81724074791218,36.30102881069841],[36.09526351402546,36.48246344204607],[36.10452178428913,36.56117209072771],[36.0824308724239,36.62153204556169],[38.08915879769903,37.42540289331078],[40.47297993611501,37.851085239456495],[42.00543638223958,37.680812300998205],[42.94193754376015,36.48890173179021],[43.294502686920836,35.66858681062941]]]]}},{"type":"Feature","properties":{"name":"Ur","subject":"Ur","partOf":"Ur","borderPrecision":1,"color":"#b3a46e"},"geometry":{"type":"MultiPolygon","coordinates":[[[[50.13237288902546,30.06642874355974],[49.71784881065632,30.002053819853685],[49.51097396324421,30.020675264555834],[49.45236495445515,30.07772596951189],[49.321360620959055,30.102862917143725],[49.235083612902415,30.223380647856615],[49.22222808311726,30.47745855923357],[49.02017119835163,30.43257101650896],[48.945723566515696,30.387942873198412],[48.80132964561726,30.08272513027849],[48.713843378527415,29.99996145840349],[48.55364898155476,29.994622789580248],[48.51058486412312,29.993188463408373],[48.21184829185749,29.948093019682787],[48.028277430041086,29.973121248442553],[47.95715239952351,29.947564684111498],[47.911360773546946,29.890292726714037],[47.935923609240305,29.80140646572771],[47.99603179405476,29.490258775908373],[47.84490874717976,29.50315436001482],[47.61403945396687,29.272241197783373],[41.94977851818943,32.20855238803876],[41.05768490276161,32.89477824606016],[40.955907875717344,33.43477825839353],[40.81352581303159,34.19021706260335],[41.154071689948154,35.126718224123934],[42.771664605301865,35.72267350872792],[43.294502686920836,35.66858681062941],[45.240622212947,35.4672641010405],[46.60280572061329,34.36049000106165],[49.306727748969465,31.81562220966758],[49.49744567440413,31.636122985729077],[50.13237288902546,30.06642874355974]]]]}},{"type":"Feature","properties":{"name":"Elam","subject":"Elam","partOf":"Elam","borderPrecision":1,"color":"#b47c6f"},"geometry":{"type":"MultiPolygon","coordinates":[[[[55.8053198189571,27.005092226225756],[55.65757277916218,26.996945940215014],[55.42489913414265,26.963107668120287],[55.34008696983601,26.79935225125017],[55.098128351671946,26.73744162197771],[54.92553237388874,26.53802641506853],[54.75987533043171,26.41062506313982],[54.64605620811726,26.39131888027849],[54.064944300158274,26.70138319607439],[53.63393691490437,26.74793966885271],[53.380679163439524,26.9095893728322],[52.89083388756062,27.05232390042009],[52.77987197349812,27.18784865017595],[52.63377669761921,27.314601503569506],[52.41038802574421,27.580957018095873],[51.961550745470774,27.776948534209154],[51.698863062365305,27.814521394926928],[51.611304316027415,27.82704123135271],[51.350134882433665,28.03613432522478],[51.082259211046946,28.51201971646013],[50.796755823595774,29.01329382534685],[50.702456507189524,29.133781038481615],[50.704722437365305,29.400607668120287],[50.359839472277415,29.74293478604021],[50.13237288902546,30.06642874355974],[49.49744567440413,31.636122985729077],[49.306727748969465,31.81562220966758],[54.0096785435487,30.359075947291938],[56.56377262042298,29.677984193458798],[57.84081965886011,28.996892439625658],[58.18136553577668,28.06039127810509],[58.351638474234974,27.464435993501088],[58.36867812584187,25.54787977810564],[58.109637293322336,25.547322832304857],[57.900454554064524,25.540891252715014],[57.805090937121165,25.64833029385271],[57.464880976183665,25.704793535429857],[57.32798293541218,25.787087999541185],[57.254771265490305,25.793286882597826],[57.24507049034382,26.01846274014177],[57.112402948839915,26.076190553862475],[57.06634047935749,26.307468019682787],[56.93497756431843,26.464543901640795],[56.929087671740305,26.75186689968767],[56.79043105552937,26.97391279812517],[56.683550867541086,26.968356691557787],[56.66781905601765,27.04989584561052],[56.43094924400593,27.106566988188646],[56.067767176134836,27.112168871123217],[55.89973357628132,27.104804598051928],[55.8053198189571,27.005092226225756]]]]}},{"type":"Feature","properties":{"name":"Canaan","subject":"Canaan","partOf":"Canaan","borderPrecision":1,"color":"#739b91"},"geometry":{"type":"MultiPolygon","coordinates":[[[[36.6120874758201,34.03994221205645],[36.76858061584223,33.04881899191625],[36.592462404979614,30.734122506293247],[35.66155186184862,30.00448991843382],[34.68032182989974,29.941590557411455],[34.24002630274319,30.69638288967983],[34.03360358613812,31.14050449207255],[34.146304163439524,31.20857962246599],[34.19527724693562,31.23814161892595],[34.50065902183796,31.621099077422045],[34.59913543175007,31.817897402007006],[34.681338343127024,32.045978151518725],[34.758502039416086,32.300719820219896],[34.84289077232624,32.670699678618334],[34.894969019396555,32.662833772856615],[34.956587824328196,32.704818330962084],[34.959082636339915,32.796657167632006],[34.97200683067585,32.938407503325365],[35.088973078234446,33.069259248930834],[35.13231185386921,33.23151739712419],[35.20838836143757,33.33358725186052],[35.356089624865305,33.63978155728044],[35.34855941246296,33.74446829434099],[35.42986586998249,33.74446829434099],[35.49185088585163,33.83082541104021],[35.52440169761921,33.9747691976613],[35.532080683214915,34.118705354887865],[35.7162084908321,34.312369905669115],[36.6120874758201,34.03994221205645]]]]}},{"type":"Feature","properties":{"name":"Egypt","subject":"Egypt","partOf":"Egypt","borderPrecision":1,"color":"#b47c6f"},"geometry":{"type":"MultiPolygon","coordinates":[[[[32.647959742052805,29.85220106716814],[32.43838027427937,29.775519930083178],[32.318491968615305,29.54019697781267],[33.41938281716004,26.279627019384403],[33.737255442084205,24.49954031980903],[33.3453212836059,23.354044941297275],[31.278241259367615,19.972426701336538],[30.59714950553447,19.802153762878252],[30.171467159388758,19.972426701336538],[30.001194220930476,21.07920080131539],[30.426876567076185,22.781930185898247],[30.681027409357977,23.607920423314074],[31.107968320909325,24.995478385855954],[30.939976342751482,25.96175439446023],[30.74925276779698,26.724648694278244],[30.049932992963793,27.99613919397494],[29.85920941800929,29.649076843580644],[29.359381708605536,30.81107100125017],[29.683102640612372,31.05317076321306],[30.099139246447333,31.231925569731615],[30.47605613182331,31.31528814907732],[30.827059778673895,31.43673666592302],[30.995955500109442,31.468850694853685],[31.151381525500067,31.443749986845873],[31.392270121081122,31.444261156279467],[31.71741584251667,31.38775213833513],[31.808123621447333,31.178281389433764],[32.07651046226765,31.013650499541185],[32.30937865684773,31.084018312651537],[32.59724334190632,30.963901125151537],[32.76873305748249,30.95155295010271],[33.02139190147663,31.132072054106615],[33.12956527183796,31.051686845976732],[33.25459960411335,31.026528917509935],[33.557601007921946,30.967715822417162],[32.647959742052805,29.85220106716814]]]]}},{"type":"Feature","properties":{"name":"Indus valley civilization","subject":"Indus valley civilization","partOf":"Indus valley civilization","borderPrecision":1,"color":"#a88992"},"geometry":{"type":"MultiPolygon","coordinates":[[[[72.69562056968952,22.12853582974138],[72.31904891441609,22.11503180142107],[72.23298171470906,22.019551836211107],[72.12713912437702,21.828742586333178],[72.13103774498249,21.746179186064623],[72.25569442222859,21.632083498198412],[72.28899672935749,21.54956968899431],[72.25619796226765,21.352563463408373],[72.1208601326778,21.155339800078295],[71.89442733238484,20.989677034575365],[71.52892592857624,20.823730074126146],[71.30259231041218,20.772426210600756],[71.0244474739864,20.657476030547045],[70.85505202720906,20.650762163359545],[70.46747878502156,20.77700003262224],[70.20994857261921,20.94797857876482],[69.75222304771687,21.398070894438646],[69.12606337974812,21.96850737209978],[68.8941755623653,22.285655580717943],[69.01423171470906,22.30496748562517],[69.49224379966999,22.24880941982927],[69.76916793297077,22.287507616240404],[69.96852401207234,22.35145720120134],[70.17620376060749,22.478955827910326],[70.41056350181843,22.752622209746264],[70.3806486458614,22.860560976225756],[70.31022170494343,22.82864340420427],[70.04594710777546,22.777261339384935],[69.66488936851765,22.789163194853685],[69.39181807945515,22.8394046651906],[69.10719588707234,22.898904405791185],[68.88241103599812,22.99714811917009],[68.79081252525593,23.028724275786303],[68.37294295738484,23.326415621001146],[68.0721769661739,23.67518766995134],[68.04699996422077,23.764070116240404],[67.69232467125202,23.814155183989428],[67.48602584312702,23.928060136992357],[67.31589034508015,24.092885576445482],[67.2042341561153,24.588166795927904],[67.1535978646114,24.65159186001482],[66.99953750084187,24.714782320219896],[66.70171645591999,24.752278886992357],[66.65421584556843,24.783935152251146],[66.64811232994343,24.90462454434099],[66.70050338218952,25.114379488188646],[66.62050918052937,25.31748541470232],[66.43233016441609,25.488610826689623],[66.30008986900593,25.494687639433764],[65.76880172203327,25.309339128691576],[65.21567061851765,25.270059190947435],[64.85119155357624,25.20576437588396],[64.42497542808796,25.173116289336107],[64.23826125572468,25.210826479155443],[64.12006667564656,25.312226854521654],[64.05922225425984,25.401034914214037],[63.650332483752024,25.336646639067553],[63.40352538536335,25.164601885039232],[63.01806167076374,25.15743979092302],[63.29304526454925,26.877572133692844],[64.81298535067545,28.51443068798259],[67.61902858660072,28.982104560636806],[69.02205020456336,31.086636987580768],[70.77582722701666,32.02198473288919],[73.6987889311055,32.13890320105275],[78.84320153030184,30.735881583090105],[79.1939569347925,30.034370774108787],[78.84320153030184,28.631349156146143],[72.29576731314286,28.982104560636806],[70.30815335436245,28.046756815328372],[69.72356101354468,26.99449060185639],[70.07431641803534,25.474550515730204],[72.52960424946995,24.422284302258223],[73.23111505845128,23.7207734932769],[72.69562056968952,22.12853582974138]]]]}},{"type":"Feature","properties":{"name":"Hurrian Kingdoms","subject":"Hurrian Kingdoms","partOf":"Hurrian Kingdoms","borderPrecision":1,"color":"#a88992"},"geometry":{"type":"MultiPolygon","coordinates":[[[[41.976144558905375,37.68406694803534],[42.240378202531765,38.45184017668562],[42.598904560359244,38.420390496174434],[42.81905232393752,38.420390496174434],[42.91340136547107,38.30088171023195],[43.24047804278736,38.28830183802747],[44.27202756355413,37.84800631087092],[45.59920408112602,36.665498323650475],[46.196748010838476,36.388741135152074],[46.536404560359244,35.84780663035974],[45.92628075844231,35.33832180607859],[45.615393854211604,35.16276214251302],[45.240622212947,35.4672641010405],[43.294502686920836,35.66858681062941],[42.94193754376015,36.48890173179021],[42.00543638223958,37.680812300998205],[41.976144558905375,37.68406694803534]]]]}},{"type":"Feature","properties":{"name":"Kerma","subject":"Kerma","partOf":"Kerma","borderPrecision":1,"color":"#8b7fa6"},"geometry":{"type":"MultiPolygon","coordinates":[[[[31.055061787480906,19.91663183336486],[30.993972451733036,19.374463978602527],[30.993972451733036,18.59451190192521],[31.358788745662746,18.619671646334155],[31.736184911796933,19.12286653451307],[32.16390056674901,19.500262700647255],[32.64193571051898,19.902818611190384],[33.42188778719629,20.129256310870897],[33.86218331435284,19.852499122372492],[33.96282229198862,19.236085384353323],[34.28989896930492,18.55677228531179],[34.51633666898543,17.990678036110513],[33.447047531605236,17.814559825247894],[33.3715682983784,18.02841765272393],[32.994172132244216,18.657411262947573],[32.51613698847425,18.280015096813386],[32.050681716908755,17.764240336430003],[31.396528362276165,17.44974353131818],[30.52851718016754,17.600701997771854],[29.886943697739426,18.355494330040226],[29.94984305876179,19.336724361989106],[30.170721675083357,19.97727234932165],[30.171467159388758,19.972426701336538],[30.59714950553447,19.802153762878252],[31.055061787480906,19.91663183336486]]]]}},{"type":"Feature","properties":{"name":"Semites","subject":"Semites","partOf":"Semites","borderPrecision":1,"color":"#8b7fa6"},"geometry":{"type":"MultiPolygon","coordinates":[[[[34.03360358613812,31.14050449207255],[34.24002630274319,30.69638288967983],[34.68032182989974,29.941590557411455],[35.66155186184862,30.00448991843382],[36.592462404979614,30.734122506293247],[36.76858061584223,33.04881899191625],[36.6120874758201,34.03994221205645],[37.2377941054076,33.84967118568679],[39.19593289767788,33.594261777999364],[40.955907875717344,33.43477825839353],[41.05768490276161,32.89477824606016],[41.94977851818943,32.20855238803876],[47.61403945396687,29.272241197783373],[47.80355742882038,29.184920870024584],[47.99150756309773,29.277490221220873],[48.1290617317989,29.268191896635912],[48.44353393028523,28.4402347433156],[48.462683710558665,28.385850511748217],[48.58751204918171,28.093883119780443],[48.75173858116413,27.871879183012865],[48.83184340904499,27.57345350857439],[48.85502150963093,27.522691332060717],[49.13191131065632,27.53597220059099],[49.243506464464915,27.479030214507006],[49.151927027209055,27.372457109648607],[49.2391577095821,27.28848799343767],[49.321604761584055,27.161550127226732],[49.427317652209055,27.131045900542162],[49.532542261584055,27.009526811797045],[49.93138411949421,26.9341255056447],[50.12176421592976,26.737586580473803],[50.09017470787312,26.61149176235857],[49.983958277209055,26.59574469204607],[49.93417266319538,26.48306807156267],[50.07624724815632,26.311841570097826],[49.9919767708614,26.04484137173357],[49.93686202476765,25.955783449370287],[50.01140502403523,25.835229479033373],[50.14689162681843,25.535644136626146],[50.21432403038288,25.588124834257982],[50.38191894005085,25.461173616606615],[50.429209742052805,25.18402250881853],[50.61889556358601,24.870853029448412],[50.606543573839915,24.68021734829607],[50.70592025230671,24.559718691069506],[50.77828124473835,24.47092970486345],[50.907393488390696,24.433082185942553],[50.968333277209055,24.436244569975756],[50.96494582603718,24.712745271880053],[50.89617827842976,24.909551225859545],[50.8473234505489,25.265224062163256],[50.93111327598835,25.538573824126146],[51.01538756798054,25.588124834257982],[50.988955530627024,25.67209395046892],[51.06882766197468,25.945460878569506],[51.21702102134968,26.066470705229662],[51.35766509483601,26.02896078701677],[51.388796839220774,25.887261949736498],[51.50592711876179,25.845275484282396],[51.53446486900593,25.75584753628435],[51.586672815783274,25.60911902065935],[51.53905394981648,25.420184694487475],[51.55285552452351,25.10153158779802],[51.606150660021555,24.98728712673845],[51.558917078478586,24.815652452666185],[51.412005457384836,24.605685793120287],[51.287825617296946,24.410777651030443],[51.2914152474239,24.28136786099138],[51.45416930626179,24.218226991850756],[51.52285293052937,24.160663210112475],[51.60644057701374,24.202647768217943],[51.58590224693562,24.003221117216967],[51.764571222765696,24.00286444302263],[51.94559768150593,23.945495210844896],[52.25463775108601,23.987481676298998],[52.3010473580196,24.081946932036303],[52.38302901695515,24.10818251248064],[52.48116210411335,24.055703722197435],[52.671649012072336,24.074679933745287],[52.93944076011921,24.02441557522478],[53.040225061877024,24.0399604665822],[53.0757055611446,24.087190233427904],[53.68676284263874,23.987481676298998],[54.01652816246296,24.05045660610857],[54.006297144396555,24.181653581816576],[54.107520136339915,24.10293348904314],[54.27599242637898,24.109820924956225],[54.34709838341023,24.154452882964037],[54.48741439293171,24.34434279080095],[54.59216216514851,24.37732847805681],[54.7120581002071,24.59993704434099],[54.77081969688679,24.73348196621599],[55.09080031822468,25.02003630276384],[55.457198175890696,25.420184694487475],[55.53048613975788,25.37295492764177],[55.633460077746165,25.4531741964406],[56.01545623253132,25.771625124174975],[56.15673354576374,25.9664798605031],[56.29730895469929,26.15973051663103],[56.36705306480671,26.23611982937517],[56.40502837608601,25.861381136137865],[56.214846643908274,25.543342195708178],[56.16130736778523,25.47334440823259],[56.28163579109504,25.46239995693982],[56.36601928184773,25.454724870879076],[56.406260523302805,25.308688722807787],[56.40648177574421,25.07998427029314],[56.405257257921946,24.918748460966967],[56.40537551353718,24.8195072042531],[56.610796961291086,24.47688253994646],[56.79418853233601,24.26761397000017],[57.146197351916086,23.9824710714406],[57.359369486926965,23.85851371320451],[57.396296877561824,23.83704082328193],[57.45101455162312,23.805223070341967],[57.90421584556843,23.571113191801928],[58.08071807335163,23.501605592924975],[58.20529464195515,23.495515428740404],[58.46465590904499,23.50877150173845],[58.62849334190632,23.4582954275197],[59.02163604210163,23.020764909941576],[59.25432113121296,22.72900541897478],[59.46142104576374,22.538865648466967],[59.82569030235554,22.37445219631853],[59.837283167345774,22.279178224760912],[59.53569320152546,21.8020511495656],[59.25884917686726,21.47744711514177],[58.86135390709187,21.11447676296892],[58.7740605037841,20.941229844505894],[58.51204970787312,20.421229921538256],[58.403086695177805,20.357472978789232],[58.15044692466999,20.39505537625017],[58.04437163780476,20.43295057888689],[57.93127349327351,20.400937639433764],[57.80608275841023,20.171960436064623],[57.77755263756062,19.669990144926928],[57.778426203234446,19.31421049709978],[57.83862975548054,19.03480681057634],[57.65703490684773,18.970885835844896],[57.18620971153523,18.938108049590014],[56.90431121300007,18.81680067654314],[56.73888686607624,18.689376436430834],[56.608599695666086,18.466741167265795],[56.549361261828196,18.218829714018725],[56.4575529427364,18.09156187649431],[56.2575903267696,17.97677382107439],[56.01284316490437,17.93178518887224],[55.88154509971882,17.931510530669115],[55.70811751793171,17.95018347378435],[55.561072382433665,17.937171541411303],[55.38948729942585,17.8097415792531],[55.290408167345774,17.676099382597826],[55.23443511436726,17.44726141567888],[55.23563674400593,17.28843458767595],[55.19483855675007,17.148564897734545],[54.91061309288288,16.97005995388689],[54.756079706652415,16.95067175503435],[54.40687468956257,17.045220934111498],[54.08425811241413,17.01911886807146],[53.681250605089915,16.897540651518725],[53.33573440025593,16.763379656035326],[53.208453211291086,16.718633257109545],[53.02094939659382,16.653768144804857],[52.894324335558665,16.60995253201189],[52.65216735313679,16.488719545561693],[52.35659697960163,16.233945451933764],[52.23764327476765,16.10025557156267],[52.16285613487507,15.871372781950853],[52.135169062121165,15.687059961516283],[51.95041182945515,15.540526949126146],[51.59900174748452,15.378753642468041],[51.312563929064524,15.246890627104662],[50.29111770103718,14.958784662444017],[49.71286300133015,14.773288332182787],[49.33384993980671,14.632695757109545],[49.17317870567585,14.498915277678392],[48.96038726280476,14.21889742489519],[48.87929629770281,14.168719980766735],[48.76460174034382,14.097749315459154],[48.536746057970774,14.046437822539232],[48.270144495470774,14.077626787382982],[48.0361662239864,14.045357309538744],[47.662295374377024,13.847587190825365],[47.36957457969929,13.6690526830739],[46.939394983752024,13.490221582610033],[46.877734106218426,13.473871601683081],[46.601199182970774,13.40054567928972],[46.079287561877024,13.399416528899096],[45.825903925402415,13.405233942229174],[45.69247725914265,13.347759805876635],[45.51863769005085,13.207596384245775],[45.395979914171946,13.07389887448015],[45.19341567466999,12.933683000761889],[44.963572535021555,12.825172029692553],[44.788802179796946,12.80573710079851],[44.681067499621165,12.82455977078142],[44.440535578234446,12.639777742583178],[44.062747034533274,12.613552652556322],[43.84059050987507,12.663913332182787],[43.60489847704723,12.828886858628167],[43.56005004356648,12.8602786886281],[43.483645472033274,12.93000467892351],[43.34084990928913,13.126665674406908],[43.30284789512898,13.240954004485033],[43.38397887657429,13.565180383879564],[43.34756377647663,13.851036630827807],[43.2069425911739,14.079471193510912],[43.05326369713093,14.60650786038103],[42.79587844322468,15.47008093472185],[42.763525995714915,15.666981302458666],[42.88387969444538,15.984922014433764],[42.828047785265696,16.321475588042162],[42.81439879844929,16.40412863369646],[42.76366332481648,16.64545591946306],[42.53529265831257,17.07066687222185],[42.206519159777415,17.514735780913256],[42.009444269640696,17.736680589873217],[41.628558191759836,18.047204576689623],[41.39917663048054,18.440644823271654],[41.20152310600852,18.89638667414274],[41.033022913439524,19.28490790005388],[40.81975844810749,19.68472059841814],[40.69382003258015,19.868707262236498],[40.336348566515696,20.096686922270678],[39.76407912681843,20.40679510708513],[39.526900324328196,20.692212663847826],[39.16673949669148,21.218801103789232],[39.13041213463093,21.650762163359545],[39.10333922813679,22.0001655447072],[39.1021948189571,22.400445543486498],[39.05560210655476,22.571889482695482],[38.91509536216999,22.87021406765642],[38.490122827990305,23.612683855254076],[38.329417261584055,23.83471830959978],[37.988421473009836,24.11356123562517],[37.78184798668171,24.214786134917162],[37.55722335289265,24.27148588772478],[37.41881087730671,24.398265443999193],[37.201453241808665,24.65831335659685],[37.26854232261921,24.969781480986498],[37.21826842735554,25.166631303984545],[37.00525573204304,25.534686647612475],[36.669295343859446,26.016835771757982],[36.329762091157946,26.40276266471046],[36.31222442100788,26.42269667263689],[35.831072840197336,27.095153413969896],[35.59481337974812,27.51398619290056],[35.43649581383015,27.72965582485857],[35.111590418322336,28.072061144072435],[34.87561706016804,28.0969730245656],[34.76388076256062,28.096747957426928],[34.798899683459055,28.230243288237475],[34.88559249351765,28.357480608183764],[35.025679621203196,28.948632799345873],[35.07210448692585,29.21136053677263],[35.09547332237507,29.342677675444506],[35.0733976692989,29.418868623930834],[34.98467925499226,29.46721991177263],[34.9542570442989,29.43680914517107],[34.93554213951374,29.418094240385912],[34.76433471153523,29.24668654080095],[34.54894927452351,28.731626115996264],[34.398840937121165,28.095985017973803],[34.32201293419148,27.828979097563646],[34.24119857261921,27.75892027493181],[34.0580053658321,27.79031332607927],[33.85604384849812,28.024955354887865],[33.50405791710163,28.329183183867357],[33.33074096153523,28.551192842680834],[33.17847350548054,28.995608888823412],[32.94378188560749,29.19842108364763],[32.81360534141804,29.477700792509935],[32.73727706383015,29.693547807890795],[32.647959742052805,29.85220106716814],[33.557601007921946,30.967715822417162],[33.70960906456257,30.99570997830095],[33.916968378527415,31.070052705962084],[34.03360358613812,31.14050449207255]]]]}},{"type":"Feature","properties":{"name":"Beaker","subject":"Beaker","partOf":"Beaker","borderPrecision":1,"color":"#8f9a74"},"geometry":{"type":"MultiPolygon","coordinates":[[[[14.332604836131134,37.268861550946774],[15.123358306784915,36.8719158251638],[15.027343782885321,36.745116792876146],[14.942398104174384,36.7385631429738],[14.6220226616695,36.776141725737475],[14.215912851794013,37.04932364102068],[13.868404421313056,37.15695150967302],[13.608286964560348,37.26865107158347],[13.011567148669013,37.524894319731615],[12.636879000170477,37.581500612456225],[12.53203586052204,37.638671480376146],[12.454147371752509,37.766009889799975],[12.51664451072956,37.91916998501482],[12.66432574699665,38.07249792690935],[12.78283980797077,38.11737784023943],[13.065952333910712,38.0669322835988],[13.32247546623493,38.220511995512865],[13.401989870917365,38.17087416768213],[12.933795450173353,37.811377893533425],[14.332604836131134,37.268861550946774]]],[[[-8.33722988629333,38.504781513569476],[-8.831291485231784,38.267001996822486],[-8.847303357617609,38.384566866118334],[-8.788920369641534,38.43598135586443],[-8.853651967541925,38.49964102383318],[-9.0223226218388,38.46102102871599],[-9.236570325391046,38.41744955654802],[-9.285158124463312,38.61946829434099],[-9.069152799145929,38.64295920010271],[-8.941892591016046,38.74191626187029],[-8.960826840893976,38.81846197720232],[-9.040849652783624,38.92018087979021],[-9.17575451423382,38.732230745512865],[-9.361637082593194,38.67114599819841],[-9.52239700843548,38.68993719692888],[-9.549007382886163,38.77451666470232],[-9.459762540356866,38.95307882900896],[-9.397706952588312,39.23036154385271],[-9.41526981879925,39.36667593594255],[-9.299269643323175,39.41773565884294],[-9.140552111052363,39.615796202121125],[-8.38284323583543,39.05002223895124],[-8.33722988629333,38.504781513569476]]],[[[-3.066043344037286,51.17773779507341],[-3.033148971097223,51.329894624907396],[-2.894663301007501,51.3938480245656],[-2.750154700772516,51.644027315337084],[-3.172751632230035,51.46690710659685],[-3.499117579953424,51.459655367094896],[-4.159330811993829,51.67681463833513],[-4.998957601086847,51.70170172329607],[-5.178603139416925,51.78747137661638],[-5.24875780631756,51.860213838774584],[-5.061464276807062,52.006434999663256],[-4.619082894818536,52.09351690884294],[-4.294657674329034,52.20032080288591],[-4.123608317868463,52.37326391812029],[-4.093874898450128,52.745509706694506],[-4.147546020047418,52.83189734097185],[-4.468318429486505,52.81130179043474],[-4.621350255505792,52.8309818136281],[-4.491883245007745,52.99097784634294],[-4.317542043225519,53.09120901699724],[-3.956724610821954,53.20515020962419],[-3.329535689847223,53.233016573149584],[-2.914475408093683,53.267142854887865],[-3.056740966336481,53.51361425991716],[-2.979541268841974,53.820853792387865],[-2.865320411221735,54.02827414150896],[-2.8859381346867,54.168666444975756],[-3.2614743380711,54.14118155117693],[-3.479265180127374,54.27460058804216],[-3.569233384625665,54.41502722378435],[-3.430405822293512,54.64308127041521],[-3.152525153653375,54.838058077055834],[-3.308701720731012,54.88473471279802],[-3.5766758589909,54.924483858305834],[-3.90767737914776,54.78966864224138],[-4.121606317059747,54.762435518462084],[-4.460701909558527,54.86240347500505],[-4.500273671643487,54.77510794277849],[-4.59991165687298,54.68775519009294],[-4.902518239514581,54.734115205962084],[-5.111419168011896,54.79407461758318],[-5.066654172436944,54.94846686001482],[-4.909992661969415,55.110343538481615],[-4.638357129590265,55.42791327114763],[-4.77051540900921,55.488421999174975],[-4.907764401929132,55.663871370512865],[-4.895102468030206,55.77210577603044],[-4.75842520286297,55.81971319790544],[-4.623294320599786,55.90796240444841],[-4.710717168347589,56.13130911465349],[-4.84836718131756,56.097159944731615],[-5.134628739850275,55.89342840786638],[-5.333552804486505,55.87952002163591],[-5.570167508618585,55.75051840420427],[-5.633057561413995,55.93986090298357],[-5.573526479914661,56.04375306722656],[-3.927798128627381,57.54639480832433],[-3.795819249646417,57.541530214507006],[-3.400818553464166,57.57644613857927],[-3.092637029187433,57.577025972563646],[-2.853980508343927,57.543319307524584],[-2.150362935559503,57.571979128081225],[-1.944626775281183,57.4016605245656],[-2.107808676259271,57.21033056851091],[-2.20316180278515,57.064811311919115],[-2.158947673337213,57.0143199789113],[-2.413140502469293,56.71725424404802],[-2.514751401440851,56.66733893032732],[-2.667135921017877,56.471000276762865],[-2.980528798596612,56.35358389492693],[-3.152406898038141,56.336818300444506],[-2.949428287045709,56.25300558682146],[-2.720856156842462,56.17819174404802],[-2.772860255734674,56.1713138448781],[-2.895339456097833,56.085502229887865],[-3.169811215893976,56.06210669155779],[-3.29350706626629,55.9739147054738],[-3.894964662091486,55.98506888027849],[-3.713039603726617,55.884696565825365],[-3.577178683774225,55.884696565825365],[-3.355851378934137,55.8426891195363],[-3.161462274090997,55.84568365688982],[-2.927901473538629,55.94603308315935],[-2.74213143874859,55.95718725796404],[-2.540346112744562,55.884696565825365],[-2.245011058346979,55.810966097075365],[-1.941995468632928,55.55607184048357],[-1.719010558621637,55.45374258633318],[-1.665979829327814,55.37958868618669],[-1.69598897983288,55.27250250454607],[-1.55561861087536,54.92161139126482],[-1.388892021672479,54.680480562407396],[-1.192056861417047,54.595355592924975],[-0.870595899121515,54.5471683370656],[-0.604803499476663,54.300162874419115],[-0.295500931040994,54.033168398100756],[-0.234880952806822,53.79938467617693],[-0.319215585188619,53.57891424771013],[-0.203663793103448,53.52328451748552],[0.081015858156928,53.38622625942888],[0.174518886311301,53.29305990811052],[0.2678484947517,53.12666281338396],[0.250867608292349,53.04005392666521],[0.005501198871382,52.786666475493334],[0.326831850512274,52.707477174956225],[0.504670116408118,52.84751089688005],[0.741839024527319,52.90119513149919],[1.012664350970038,52.88841589565935],[1.375926765902289,52.8092418539113],[1.585714611513861,52.650043092924975],[1.691691669924506,52.311420046049975],[1.656872066958197,52.211783968169115],[1.511889729006537,52.025756441313646],[1.031286153300055,51.81272085781755],[0.686218056185492,51.56038626309099],[0.254172805054434,51.453597627837084],[0.804253611071356,51.37826880093279],[1.030067357523688,51.35884817715349],[1.18936577747608,51.40547140713396],[1.364680680735358,51.352904878813646],[1.334964427454718,51.12069662686052],[0.886016640169867,50.981891237456225],[0.888346943362006,50.89267309780779],[0.672568890555151,50.93066748257341],[0.191810223562964,50.73128470059099],[-0.203663793103448,50.79532965298357],[-0.335705709354631,50.81671484585466],[-0.839040127293817,50.721801363188646],[-1.103359904782526,50.81671484585466],[-1.372512188451044,50.7662731039113],[-2.08535870601391,50.70282324429216],[-2.023685899274103,50.57001074429216],[-2.431994643704645,50.64588888760271],[-2.550505128400079,50.57001074429216],[-2.960618939892999,50.721801363188646],[-2.97774947075124,50.71445533110324],[-3.223221542671213,51.17900900625752],[-3.066043344037286,51.17773779507341]]],[[[-3.806303831777914,48.37339493996569],[-3.730281582541079,48.12027087753356],[-2.909241290783251,47.96779489139199],[-2.179427698109626,47.61026142592466],[-1.571249704214939,47.136617119049994],[-1.495227454978103,46.76296990452793],[-1.02388950970972,46.58561841303815],[-0.719800512762376,46.007844952160475],[-1.08831605215841,46.03904421361708],[-1.165981498257867,46.183681093413256],[-1.256056633488885,46.30683096523943],[-1.402668443219415,46.40393408413591],[-1.710726466672174,46.448791109282396],[-1.942478147046319,46.70579870815935],[-2.129660335080377,46.85084494229021],[-2.004645553128473,47.04250296230974],[-2.109477606312982,47.124042116362475],[-2.263749804990045,47.18288382168474],[-2.493711915509454,47.24692114468279],[-2.576483932034723,47.3248668539113],[-2.465543475644342,47.494384371001146],[-2.613652196423761,47.572249971587084],[-2.842474189297906,47.49190481777849],[-3.062696424023859,47.60393866177263],[-3.433526244656793,47.71681173916521],[-3.711868014828912,47.798148714262865],[-3.858102050320856,47.791808687407396],[-3.954837766186944,47.90433844204607],[-4.364373651044122,47.829310976225756],[-4.390935388104669,47.94184836025896],[-4.510127511517755,47.99813040371599],[-4.675397363202325,48.0168948995656],[-4.70030638267254,48.06380423184099],[-4.312866178052179,48.10133322354021],[-4.350984063641778,48.20456656094255],[-4.587968316571466,48.25149496670427],[-4.388901677624933,48.29843863125505],[-4.350201573865167,48.39050634976091],[-4.473793950574152,48.38293799038591],[-4.592021432416193,48.392318330962084],[-4.779634442822687,48.3547740804738],[-4.761963334576837,48.552001558501146],[-4.625704255597345,48.5466686117238],[-4.488299336926691,48.61226614590349],[-4.251477208630792,48.65191229458513],[-3.998872962491266,48.73053701992693],[-3.902217355267755,48.645961366850756],[-3.821306434170953,48.721149049956225],[-3.607873406903497,48.692950807768725],[-3.557670083539239,48.810077272612475],[-3.435057845608942,48.83645971890154],[-3.091225352780572,48.87155111904802],[-2.914459434048883,48.706786714751146],[-2.816706295197107,48.614332396902974],[-3.213330287730594,48.57499259520359],[-3.806303831777914,48.37339493996569]]],[[[0.739826672584782,41.65650397719657],[2.077818259153094,42.14312601524908],[2.488338405032008,43.34895945193731],[4.677779183052883,44.76926915136629],[5.179526028015999,44.21613259674751],[6.532722064431678,43.77862969509369],[7.224120447518526,43.62420135563484],[6.9230800003841,43.44766577358904],[6.523014101488837,43.15085180874529],[6.3312249512508,43.111869417387865],[6.187778505785712,43.09228857632341],[5.828570398791083,43.02081640835466],[5.646554979784735,43.033317171294115],[5.434490236742743,43.103656374174975],[5.051816973192938,43.32809790249529],[4.909845861895331,43.366439424712084],[4.7505946488216,43.35325964565935],[4.64651397178913,43.32086523647966],[4.416764769060858,43.34614523525896],[4.078196081621893,43.487086855132006],[3.80746892402912,43.46722754116716],[3.478712830050238,43.31209524746599],[3.317868027193793,43.19595297451677],[3.067900213701972,42.944564424712084],[3.001891169054755,42.77080877896013],[3.045898947222479,42.539455019194506],[3.068452011916403,42.44591278472262],[3.08708146522785,42.368644319731615],[3.086528334124335,42.32911261196794],[3.086286100847968,42.12072332974138],[3.156553778155097,42.0757213460988],[3.128878864748724,41.8572269308156],[2.628259214861639,41.61954077358904],[2.200590166552313,41.44614752407732],[2.080724749071845,41.298488222319506],[2.065487708214854,41.295597639645],[1.609828624232062,41.2091556417531],[1.442095519139162,41.179998619443616],[1.311244878275641,41.157252870757006],[0.879201921923407,41.02173575039568],[0.766031567088621,40.90752915727346],[0.739826672584782,41.65650397719657]]]]}},{"type":"Feature","properties":{"name":"Únětice","subject":"Únětice","partOf":"Únětice","borderPrecision":1,"color":"#739b91"},"geometry":{"type":"MultiPolygon","coordinates":[[[[13.815653541320499,50.662859532911526],[14.104538088420476,50.35343538449363],[14.104538088420476,50.35343538449363],[14.667102732773058,50.12003542897048],[15.53375637407299,50.02244805289075],[15.53375637407299,50.02244805289075],[15.564165273767724,49.84629010812989],[14.849556130941465,49.91487249852404],[13.815653541320499,50.11028562699784],[13.298702246510015,50.489057965897175],[13.815653541320499,50.662859532911526]]],[[[15.929072070104535,48.317815124072894],[16.537250063999224,48.650385253601975],[17.069405808657073,49.07050517455395],[17.647174902857028,49.85119208128176],[17.69278825239913,49.32881356854588],[17.90565055026227,48.52970295674045],[17.206245857283378,47.93215220792802],[15.929072070104535,48.317815124072894]]],[[[10.873592495854938,53.225321972344496],[11.34493044112332,53.19800593667143],[11.34493044112332,53.19800593667143],[11.13206814326018,52.38896629355078],[12.241992982117985,51.89442273850715],[11.436157140207523,51.07068267749917],[9.642032058218195,51.593167371560696],[10.782365796770735,52.49091996916602],[10.782365796770735,52.49091996916602],[10.873592495854938,53.216218562163434],[10.873592495854938,53.216218562163434],[10.873592495854938,53.225321972344496]]]]}},{"type":"Feature","properties":{"name":"Oxus","subject":"Oxus","partOf":"Oxus","borderPrecision":1,"color":"#a88992"},"geometry":{"type":"MultiPolygon","coordinates":[[[[61.60686096877769,36.82371258713551],[62.09738403163499,37.02040860397883],[62.583926426750736,38.28432609815763],[61.130892040603506,38.98633652736787],[61.18321648456212,39.08838689779609],[62.35395912280939,40.03780030092586],[64.84748889777761,40.893771966825014],[66.48956948129326,41.12324083948834],[67.99481001618261,41.18048315840024],[68.91129874296689,40.98978845829093],[70.56436204038765,40.01451465873519],[69.40882385198773,38.26940622725039],[65.45566689167228,36.77418528896273],[62.96213711670407,36.38347498615786],[61.60686096877769,36.82371258713551]]]]}},{"type":"Feature","properties":{"name":"Namazga","subject":"Namazga","partOf":"Namazga","borderPrecision":1,"color":"#b3a46e"},"geometry":{"type":"MultiPolygon","coordinates":[[[[58.416212544859235,37.76401663178423],[59.102107411703656,38.47502952971013],[60.05998775208778,39.079535365946015],[61.10549439016344,38.93680251535878],[61.130892040603506,38.98633652736787],[62.583926426750736,38.28432609815763],[62.09738403163499,37.02040860397883],[61.60686096877769,36.82371258713551],[60.39448564872986,36.337559306220506],[58.84363176429841,36.77722992407008],[58.416212544859235,37.76401663178423]]]]}},{"type":"Feature","properties":{"name":"Minoan","subject":"Minoan","partOf":"Minoan","borderPrecision":1,"color":"#8f9a74"},"geometry":{"type":"MultiPolygon","coordinates":[[[[24.693467173083075,34.94047125454607],[24.715638193590888,35.03477057095232],[24.69006637047077,35.09244116421404],[24.3243570656612,35.207789980132006],[24.013197931750067,35.210414491850756],[23.78559401939655,35.26285132046404],[23.567723307116278,35.25498160000505],[23.513134989245184,35.275958620268725],[23.466885599596747,35.31790503140154],[23.529439005358466,35.569625459868334],[23.671465906603583,35.572249971587084],[23.669087442858466,35.61158331509294],[23.665133509142645,35.66665609951677],[23.696656259997138,35.69812353726091],[23.733677896960028,35.627318941313646],[23.74287513206745,35.561759554106615],[23.879452738268622,35.5524173605031],[23.956812891466864,35.52767141934099],[24.03900435875202,35.561759554106615],[24.033263239367255,35.59847220059099],[24.08185676048542,35.61158331509294],[24.152676615221747,35.5643802511281],[24.135817560656317,35.522426210600756],[24.091456446154364,35.519801698882006],[24.073323282702216,35.49620398159685],[24.113204035265692,35.485717378813646],[24.1777448983028,35.46998556729021],[24.21970275352741,35.449000917632006],[24.22960380028034,35.39131888027849],[24.388283762438544,35.37296637173357],[24.768567118151434,35.4280277120656],[24.997481379015692,35.421020113188646],[25.01360038231159,35.362479768950365],[25.100091013415106,35.34674795742693],[25.37401870201374,35.31790503140154],[25.511635813219794,35.294765077788256],[25.67320731590534,35.34936865444841],[25.713534388048895,35.327010713774584],[25.6684675545528,35.186820589262865],[25.74180320213581,35.13700445767107],[25.788973841173895,35.13700445767107],[25.935492548449286,35.21303518887224],[26.064152750475653,35.239249788481615],[26.099352869494208,35.21564825649919],[26.16882613609577,35.2471080648488],[26.27350905845905,35.3126598226613],[26.23604491661335,35.22876318569841],[26.242667231066473,35.14487417813005],[26.16048530052448,35.024283968169115],[25.898680719836005,35.04525717373552],[25.74173644493366,35.00885351772966],[25.590724024279364,35.016418062407396],[24.693467173083075,34.94047125454607]]]]}},{"type":"Feature","properties":{"name":"Cycladic","subject":"Cycladic","partOf":"Cycladic","borderPrecision":1,"color":"#8b7fa6"},"geometry":{"type":"MultiPolygon","coordinates":[[[[25.73594222165643,36.38653506822634],[25.789157796122215,36.40489303146257],[25.872782270282734,36.35592882884054],[25.76635112135116,36.33755930622052],[25.713135546885383,36.34980613615219],[25.73594222165643,36.38653506822634]]],[[[25.3330243007012,36.45994089964729],[25.37103542531962,36.49661778527289],[25.492671024098556,36.42324665835019],[25.492671024098556,36.331435169041356],[25.386239875166982,36.319185450416924],[25.31781985085383,36.39877419215787],[25.31781985085383,36.39877419215787],[25.3330243007012,36.45994089964729]]],[[[25.751146671503797,36.81375611186905],[25.857577820435367,36.83809722624421],[25.857577820435367,36.83809722624421],[25.94880451951957,36.91107409621058],[26.024826768756405,36.95968659606273],[26.024826768756405,36.95968659606273],[26.085644568145874,36.89891612690345],[25.956406744443257,36.84418129487496],[25.834771145664316,36.78331883149609],[25.751146671503797,36.78331883149609],[25.751146671503797,36.78331883149609],[25.751146671503797,36.81375611186905]]],[[[24.29912171108023,36.75286945753905],[24.42835953478285,36.79549519508755],[24.588006258180208,36.86851272864293],[24.67923295726441,36.75896029963509],[24.46637065940127,36.649251177336765],[24.29912171108023,36.75286945753905]]],[[[24.8236752308144,36.637051610171376],[24.8236752308144,36.661448812220584],[24.876890805280183,36.679741640978875],[24.97571972928807,36.637051610171376],[24.94531082959334,36.56991946228899],[24.8236752308144,36.637051610171376]]],[[[25.044139753601222,36.661448812220584],[25.16577535238016,36.74068632260297],[25.196184252074893,36.673644514576154],[25.10495755299069,36.637051610171376],[25.05934420344859,36.618748636935905],[25.044139753601222,36.661448812220584]]],[[[25.241797601616994,36.75286945753905],[25.249399826540678,36.75896029963509],[25.29501317608278,36.807669623462985],[25.29501317608278,36.807669623462985],[25.431853224709084,36.6980301207178],[25.386239875166982,36.637051610171376],[25.26460427638805,36.704125314038706],[25.241797601616994,36.75286945753905]]],[[[24.42835953478285,37.20833853996449],[24.534790683714423,37.11746294371295],[24.44356398463022,37.0992747162255],[24.42835953478285,37.20833853996449]]],[[[24.29912171108023,37.66107502189996],[24.39795063508812,37.667092994189616],[24.382746185240748,37.570746906161986],[24.261110586461815,37.540613155635555],[24.29912171108023,37.66107502189996]]],[[[24.39795063508812,37.46824245164144],[24.48917733417232,37.39580161737422],[24.3599395104697,37.30515202694268],[24.3599395104697,37.39580161737422],[24.39795063508812,37.46824245164144]]],[[[24.861686355432816,37.52855624381453],[24.94531082959334,37.51046722146939],[25.044139753601222,37.377680456560746],[24.84648190558545,37.36559724964213],[24.861686355432816,37.52855624381453]]],[[[24.65642628249336,37.901413077728705],[24.76285743142493,38.003319956303606],[25.27220650131173,37.56472113091166],[25.469864349327505,37.43806729073237],[25.31781985085383,37.40184103098311],[24.922504154822285,37.69116000393879],[24.65642628249336,37.901413077728705]]],[[[24.648824057569676,37.014338584785854],[24.71724408188283,37.050751425742014],[24.78566410619598,36.947536378182036],[24.67923295726441,36.90499535372954],[24.648824057569676,37.014338584785854]]],[[[25.15057090253279,37.17200141281893],[25.31021762593015,37.19622810717101],[25.31021762593015,37.00219709179456],[25.112559777914374,36.94146054239683],[24.937708604669652,36.95968659606273],[25.15057090253279,37.17200141281893]]],[[[25.378637650243302,37.11746294371295],[25.538284373640657,37.220447029530426],[25.538284373640657,37.220447029530426],[25.60670439795381,37.12352471549815],[25.599102173030126,37.026478138264174],[25.545886598564337,36.95968659606273],[25.454659899480134,36.9232301280182],[25.36343320039593,37.00826808071462],[25.34062652562488,37.087146804747654],[25.34062652562488,37.087146804747654],[25.378637650243302,37.11746294371295]]]]}},{"type":"Feature","properties":{"name":"Sintashta","subject":"Sintashta","partOf":"Sintashta","borderPrecision":1,"color":"#a88992"},"geometry":{"type":"MultiPolygon","coordinates":[[[[56.7340551257487,52.60399574635113],[59.78167333450113,52.96076742547283],[62.92760180805206,52.63383849021306],[63.12422233764899,50.744904775193994],[59.978293864098056,49.38826823652909],[55.35771141857017,51.20914428416229],[56.7340551257487,52.60399574635113]]]]}},{"type":"Feature","properties":{"name":"Hunters-gatherers","subject":"Hunters-gatherers","partOf":"Hunters-gatherers","borderPrecision":1,"color":"#b69578"},"geometry":{"type":"MultiPolygon","coordinates":[[[[8.81955913017536,38.976913057524584],[8.696099314196356,38.99581106777849],[8.58237651298786,39.06576880093279],[8.417174372179755,39.212203584868334],[8.374221834643134,39.307845674712084],[8.465033564074286,39.639937959868334],[8.508480104906806,39.94647558804216],[8.487975153429755,40.20879706021013],[8.428189310534247,40.46485479946794],[8.201552423937567,40.66299780483904],[8.159486803515204,40.78467520352068],[8.240707430346259,40.855338655669115],[8.405552896960028,40.86208304043474],[8.766072306139716,40.86280020352068],[8.918423685534247,40.94002493496599],[9.306203875048407,41.184447847563646],[9.590851816637763,40.902911745268725],[9.793739351732977,40.56368216152849],[9.78784755180622,40.441955171782396],[9.695723566515692,40.31368979092302],[9.630800280077704,40.09585531826677],[9.698009523852118,39.69349630947771],[9.648338350756415,39.457213960844896],[9.478920015795477,39.144157015044115],[9.296275171740302,39.23312338467302],[9.062541994555243,39.21989019985857],[8.998516115648993,39.175094209868334],[8.931367907030829,39.053702913481615],[8.81955913017536,38.976913057524584]]]]}},{"type":"Feature","properties":{"name":"Saharan pastoral nomads","subject":"Saharan pastoral nomads","partOf":"Saharan pastoral nomads","borderPrecision":1,"color":"#8b7fa6"},"geometry":{"type":"MultiPolygon","coordinates":[[[[39.061310345875505,16.864292069912157],[25.984350226293373,8.862445731951503],[-16.872428480140158,21.842211055916504],[-16.80602165748333,21.989650331694506],[-16.571900334851495,22.238000475127123],[-16.35253044654583,22.492660127837084],[-16.242514577405206,22.721679292876146],[-15.714025464551202,23.873057924467943],[-15.607041326062433,23.981320940215014],[-14.975213017956964,24.510123811919115],[-14.820046391980402,24.73287733669939],[-14.797224011914484,25.14599760647478],[-14.671170871864275,25.595958649419792],[-14.660057988660089,25.635627351958178],[-14.631950163595391,25.68205080405753],[-14.367254224316827,26.119227968413256],[-14.187764134900323,26.272128664214037],[-14.005799260632745,26.361482225615404],[-13.628725018994562,26.591056429106615],[-13.466317143933527,26.813827120024584],[-13.316015210644952,27.163680635649584],[-13.123640027539484,27.546344362456225],[-13.060138669507257,27.67262228604021],[-12.866208997266046,27.857324205595873],[-12.674118962781183,27.895850740630053],[-12.090624776379816,28.024177156645678],[-11.576458898083917,28.228616319853685],[-11.3726644187138,28.368856035429857],[-10.856226888196222,28.751227937895678],[-10.33931252052044,29.14631613369646],[-9.86958881904339,29.642983995634935],[-9.662592854993097,29.95481642361345],[-9.602674451367609,30.183719240385912],[-9.625043836133234,30.406100832182787],[-9.817042317883722,30.755221925932787],[-9.857763257519952,31.06018980618181],[-9.81326672126507,31.289060198027514],[-9.635323491589777,31.575402818877123],[-9.317557302014581,31.963718019682787],[-9.222252812878839,32.25624807949724],[-9.25076672126507,32.4214244710988],[-9.21868607093548,32.5803600179738],[-8.640263524548761,33.12173422451677],[-8.314414945142023,33.33848150845232],[-7.902406182782403,33.48548849697771],[-7.332620587842218,33.69637259121599],[-7.004007783429376,33.874984346587084],[-6.75297447730755,34.123351656157396],[-6.511472192303888,34.45429953213396],[-6.472049931221476,34.530940245135376],[-6.327673976628373,34.81162115476519],[-6.302049127118341,34.86143835659685],[-5.928758588330499,35.72785910244646],[-5.807887044446222,35.78541525479021],[-5.565000024335138,35.8623424398488],[-5.47935911704754,35.80520590420427],[-5.171789613263361,35.42376288052263],[-5.109631505505792,35.37931402798357],[-4.59297749091839,35.15118750210466],[-4.295350995557062,35.151786409575365],[-4.027887788312189,35.13323553677263],[-3.440804210202447,35.166278444487475],[-3.205772367017023,35.268607698637865],[-3.009028163449518,35.389979921538256],[-2.829877105252496,35.14205893154802],[-2.714807000653497,35.097743593413256],[-2.355662789838068,35.05391653652849],[-2.325944383435433,35.053977160872904],[-2.192973938481561,35.0542484151906],[-2.035251822964899,35.05456884976091],[-1.738327947156183,35.11883123989763],[-1.495096531407587,35.23390158291521],[-1.329105701939813,35.48890646572771],[-1.146667149560205,35.62936743374529],[-0.917491999165765,35.66803701992693],[-0.734306839005701,35.73846014614763],[-0.428770822183839,35.86006888027849],[-0.282988813416711,35.758475862700365],[-0.203663793103448,35.75072058315935],[-0.091654170946828,35.73976858730974],[0.015310812099226,35.803668581206225],[0.198671731455573,36.033309541899584],[0.474390897257575,36.22496374722185],[0.781242343886145,36.384852968413256],[1.057602915270575,36.46185644741716],[1.579693111880072,36.51388891812029],[2.293774160845526,36.540824495512865],[2.524363550646552,36.57315024014177],[2.809869083864935,36.71390112515154],[3.070006403429755,36.61885794277849],[3.323837789995917,36.65123327847185],[3.586873087389716,36.79195364590349],[3.74122456024433,36.83686789150896],[4.163919004900702,36.831351839262865],[4.394624266131171,36.83819159146013],[4.532551798327216,36.81298407192888],[4.632117304308661,36.794066988188646],[4.777191671831854,36.74338492031755],[5.144465002520331,36.66767843838396],[5.382732424242743,36.67453344937029],[5.730162176592597,36.75170477505388],[6.047393831713446,36.84155615444841],[6.322870287401923,37.09064825649919],[6.77053740928913,36.862147890288256],[6.923042807085761,36.81784018154802],[7.063241037829169,36.881854616362475],[7.204853090746649,36.99046667690935],[7.306981119616278,37.060782991606615],[7.544922861559638,37.04214438076677],[7.719043287737616,36.95327719326677],[7.792040857775458,36.83235891934099],[7.913174662096747,36.77524908657732],[8.145014795763739,36.813949190337084],[8.636709246142157,36.88525732632341],[8.86551860283161,36.96835287686052],[9.150280031664618,37.17287405605974],[9.416118654711493,37.27537878628435],[9.732199701769598,37.2823978292531],[10.02135470817829,37.200133882719896],[10.132734331591376,37.10474737759294],[10.158871683581122,36.99647482510271],[10.271508249743231,36.7545543539113],[10.392797502978095,36.716571413237475],[10.5805826515987,36.793422304350756],[10.84325126121784,36.99148901577654],[11.023757013781317,37.068324648100756],[11.039403948290595,36.90904577847185],[10.920062098009833,36.65393789883318],[10.63341239403034,36.42401465054216],[10.509244951708563,36.213553987700365],[10.511460337145575,36.08616980190935],[10.602607759936102,35.88894613857927],[10.8308267922237,35.679278932768725],[10.988951715929755,35.622298799712084],[11.125108751757391,35.24060782070818],[11.082800898058661,35.14503439541521],[10.839357408983954,34.80115469570818],[10.57402518699909,34.6481090414113],[10.116421732409247,34.2341686117238],[10.019480738146552,34.081473909575365],[10.148656877978095,33.87839850063982],[10.41260055015827,33.63112600918474],[10.650217089159735,33.49818380947771],[10.77814010093952,33.47303351040544],[10.956539186938056,33.575057588774584],[11.099118265612372,33.53722723599138],[11.208920511706122,33.25152166958513],[11.470686945421942,33.1440921651906],[12.117019686205634,32.87850149746599],[12.564756426317938,32.73963888760271],[12.798863443835028,32.73376806851091],[13.187125238878973,32.79175909634294],[13.458779367907294,32.77960928555193],[14.157023462755927,32.67937811489763],[14.433427843554266,32.46390875454607],[14.790810617907294,32.362994753081225],[15.009786638720282,32.3634410726613],[15.163704905016669,32.274806581694506],[15.241435083849677,32.17330130215349],[15.358129534228095,31.80502279873552],[15.533408197863348,31.551215730864428],[15.84332564781452,31.28500326748552],[16.013379129870184,31.228170000273607],[16.318387064440497,31.165261827666185],[16.782519373400458,31.128097139555834],[16.9837808937862,31.09674223538103],[17.421629938586005,30.99598654385271],[17.70897963951374,30.894923769194506],[17.957158121569403,30.768363558012865],[18.53721335838581,30.4137454855031],[18.608251734537422,30.374469834373926],[18.885434168210338,30.221221391013703],[18.915026697619208,30.204860292632006],[19.124539408190497,30.19894369717302],[19.318795867027976,30.255372139440905],[19.322815927965888,30.25653990383806],[19.663914713366278,30.441501222807787],[19.981537851794013,30.721730791289232],[20.11676886986042,30.957103334624193],[20.116679224474677,31.07146795864763],[19.992096933825263,31.350774370390795],[19.941582712633856,31.611169420439623],[19.961470636828192,31.795470796782396],[20.068364176256903,32.037135683257006],[20.365721735461005,32.29824026699724],[20.5155248970821,32.387511812407396],[20.76505187462116,32.496032320219896],[21.054497751696356,32.630050264555834],[21.673419031603583,32.8155895101613],[22.215989145739325,32.79128988857927],[22.543126139147528,32.722072206694506],[22.92284682701374,32.55765875454607],[23.00733283470417,32.48158987637224],[23.026656183703192,32.25291021938982],[23.153338465197333,32.138812624174975],[23.288636240465888,32.13273199673357],[23.714034113390692,32.07642325039568],[23.742419271526607,32.064098049233976],[24.034403833849677,31.937314592558764],[24.236922296984442,31.92502363796892],[24.815857920153388,31.9071536886281],[24.951525721056708,31.818492494780443],[24.982237848742255,31.647012315947435],[25.106553110583075,31.513841234404467],[25.25822928856159,31.437919222075365],[25.507155451281317,31.444781862456225],[25.78950026939655,31.489841066557787],[26.14333442161823,31.490577303130053],[26.823994669420966,31.358560167509935],[27.08809569786335,31.306726061064623],[27.438754114611395,31.251824938017748],[27.763331446154364,31.182614885527514],[27.9194498390987,30.99868544216814],[28.09982970665241,30.999057375151537],[28.517182383044013,30.961799226958178],[28.966422113878973,30.784841142851732],[29.248847040636786,30.753661714751146],[29.359381708605536,30.81107100125017],[29.85920941800929,29.649076843580644],[30.049932992963793,27.99613919397494],[30.74925276779698,26.724648694278244],[30.939976342751482,25.96175439446023],[31.107968320909325,24.995478385855954],[30.681027409357977,23.607920423314074],[30.426876567076185,22.781930185898247],[30.001194220930476,21.07920080131539],[30.170721675083357,19.97727234932165],[29.94984305876179,19.336724361989106],[29.886943697739426,18.355494330040226],[30.52851718016754,17.600701997771854],[31.396528362276165,17.44974353131818],[32.050681716908755,17.764240336430003],[32.51613698847425,18.280015096813386],[32.994172132244216,18.657411262947573],[33.3715682983784,18.02841765272393],[33.447047531605236,17.814559825247894],[34.51633666898543,17.990678036110513],[34.28989896930492,18.55677228531179],[33.96282229198862,19.236085384353323],[33.86218331435284,19.852499122372492],[33.42188778719629,20.129256310870897],[32.64193571051898,19.902818611190384],[32.16390056674901,19.500262700647255],[31.736184911796933,19.12286653451307],[31.358788745662746,18.619671646334155],[30.993972451733036,18.59451190192521],[30.993972451733036,19.374463978602527],[31.055061787480906,19.91663183336486],[31.278241259367615,19.972426701336538],[33.3453212836059,23.354044941297275],[33.737255442084205,24.49954031980903],[33.41938281716004,26.279627019384403],[32.318491968615305,29.54019697781267],[32.59057525108601,28.93719633694353],[32.64934447716023,28.765781007964037],[32.934676203234446,28.37882574673357],[33.35421660850788,27.90954741116228],[33.566939386828196,27.36995085354509],[33.80406478355671,26.93206938381853],[33.928809198839915,26.56382330532732],[34.10422042320515,26.354524217802904],[34.514842066271555,25.573916994292162],[34.99740127037312,24.71719893093767],[35.189864191515696,24.39991911526384],[35.45345977257038,24.152688585478685],[35.65656951378132,23.994273744780443],[35.72469619224812,23.91181906338396],[35.61630156944538,23.835347734648607],[35.48792937706257,23.790595613676928],[35.468489679796946,23.720668398100756],[35.575850519640696,23.231660448271654],[35.689288172228586,23.021319948393725],[35.74630263756062,22.914340578276537],[36.1113615364864,22.64825590725603],[36.29022124717976,22.572381578642748],[36.47324660728718,22.337684236723803],[36.66042998741413,22.166537843901537],[36.800112757189524,21.91489943142595],[36.90349868248249,21.728648744780443],[37.12776854942585,21.227176271635912],[37.165026901698354,20.76426918196936],[37.25457290123249,19.651727281767748],[37.39818480919148,18.91500052090349],[37.47998717735554,18.819871507841967],[37.76123717735554,18.642554842192553],[37.89511991723812,18.56012241001322],[38.0285978646114,18.477939211089037],[38.306651148302805,18.24978407498064],[38.527468714220774,18.161315523344896],[38.641741785509836,18.06071051235857],[38.685671839220774,18.002805315215014],[38.75622731981474,17.79625648407741],[38.90385722093653,17.364074841192043],[38.96278113744327,17.191577028434484],[39.008826288683665,17.056781374174975],[39.061310345875505,16.864292069912157]]]]}},{"type":"Feature","properties":{"name":"Bantu","subject":"Bantu","partOf":"Bantu","borderPrecision":1,"color":"#8aa0a8"},"geometry":{"type":"MultiPolygon","coordinates":[[[[46.22544175888997,2.552302650726346],[45.541262659533274,1.967072092253588],[44.56746962974812,1.462954007346056],[44.300696405871165,1.290809475142382],[43.724307093127024,0.800251446921251],[43.09933541455362,0.170020864515159],[42.941233667834055,0.010588750500105],[42.91478255699421,-0.016971982758619],[42.440066370470774,-0.511580146592237],[41.88418487022663,-1.21815697078047],[41.6073217720821,-1.593676365655043],[41.65220168541218,-1.752453006547071],[41.60989287803913,-1.876740492623426],[41.33932403038288,-2.051799453538038],[41.088606867296946,-2.128604806702711],[40.91536620567585,-2.078140176575758],[40.8768644661739,-2.427730954926588],[40.74980834434773,-2.593229211609938],[40.448504480822336,-2.6447261941844],[40.27134231041218,-2.816691077988722],[40.23169616173054,-3.032834209244825],[40.23441604088093,-3.191706575196363],[40.07403090904499,-3.471666492264845],[39.64013198326374,-4.08267203692732],[39.681399378283274,-4.324065603058912],[39.52981093834187,-4.61671916369734],[39.417368921740305,-4.731353200715162],[39.26727202842976,-4.776162542145826],[39.22912124107624,-4.844893850129225],[39.1224699349239,-5.03702060107527],[38.93381026695515,-5.634787000458815],[38.87236693809773,-6.092471040528395],[38.921526941759836,-6.340208925049879],[39.22087768028523,-6.784406579774],[39.5664282173946,-7.044216073792555],[39.55541900108601,-7.171341337006666],[39.437205347521555,-7.330470002930738],[39.270125421984446,-7.801093496125318],[39.28673461387898,-7.877326406281568],[39.424300226671946,-7.896092332642652],[39.43894451680135,-7.923928089744616],[13.47769873362816,-8.485613591650017],[13.476829561693915,-8.416032232087233],[13.387093576891669,-8.15567819003401],[13.167040857775458,-7.844777501862623],[13.023100691952575,-7.605400401961766],[12.968592676623114,-7.514751828950025],[12.877001795275458,-7.051051534455397],[12.795710596544989,-6.860588945191481],[12.671483072741278,-6.695635236542799],[12.371690783007391,-6.257806695740797],[12.339376482470282,-6.189817823212721],[12.194246324999579,-5.775236047547438],[12.19966224144245,-5.751352704804518],[12.263479265673407,-5.470049299042799],[12.226512941820868,-5.362102903168775],[11.999688181383856,-5.004106916230299],[11.949000391466864,-4.924229062836744],[11.772603067858466,-4.536981023591139],[11.151153597338446,-3.932286657136061],[11.134011301501044,-3.915594733994581],[10.880460772021063,-3.693730272095777],[10.641218218310126,-3.446424878876783],[10.524656328661688,-3.23696366671858],[9.931443247301825,-2.710815109055616],[10.060082468493231,-2.570729650300123],[9.893924746020087,-2.443995393555738],[9.656445536120184,-2.419099487107374],[9.24319079826618,-1.771810568612196],[9.415137323839911,-1.637990154069044],[9.465267214281806,-1.593399680893995],[9.320650133593329,-1.415781296532728],[9.111855539782294,-1.352692641060926],[8.981377634508856,-1.098785198968031],[8.815209421618231,-0.895802534859754],[8.958716425402411,-0.819237269204237],[9.202508005602606,-0.634416438382246],[9.302547487719306,-0.456271923821546],[9.43366054008747,-0.016971982758619],[9.473350557787665,0.116013907153032],[9.660363230211981,0.084639795381449],[9.883252176745184,0.078766025859736],[9.854229006273993,0.17403309817972],[9.602188143236884,0.332348339516543],[9.350058588488348,0.535152577120684],[9.443478617174872,0.554414831358812],[9.565582308275946,0.611869775015734],[9.628979715807684,0.889529608446978],[9.64398482750202,0.955186568457506],[9.622189554674872,1.088586412627123],[9.557406458361395,1.126579128462694],[9.370391878588446,1.170653425413988],[9.499513658983954,1.380638681609057],[9.700561556322821,1.616188131529711],[9.851344141466864,1.87705787296953],[9.881230387194403,2.058266245085619],[9.894341501696356,2.137687526900194],[9.800771746142157,2.378959022719286],[9.923090013964423,2.824045501906298],[9.851335558398016,3.147975765425585],[9.765205416186102,3.382905565459154],[9.585654291613348,3.674833141524218],[9.780175241930731,3.853175722319506],[9.650894197924384,4.018121801573656],[9.542992624743231,4.043305479246996],[9.2838936180904,4.017317854124926],[9.032190355761298,4.137507520872973],[8.95325282524372,4.283495985228441],[8.924869570238837,4.524912439543627],[8.874658617480048,4.620119177061937],[8.63722613762165,4.683152281004809],[8.591811213000067,4.712041460234545],[8.50779155205036,4.765486799437426],[8.407044443590888,4.784328066069506],[8.327965769274481,4.841343008238695],[8.262993845446356,4.745887361723803],[8.327561411364325,4.61258467312517],[8.298690828783759,4.555330358702562],[8.140204462511786,4.466023527342699],[7.888258966906317,4.452766023833178],[7.449147734148749,4.407335840422533],[7.175744089586981,4.527480684477709],[7.046161207659491,4.508142076689623],[6.92367986152912,4.342650972563646],[6.844479593737372,4.291642271239184],[6.650170359118231,4.322995744902514],[6.08877995918537,4.328133188444994],[5.851289782030829,4.42929085369768],[5.606589827044257,4.632113062102221],[5.419493708117255,4.955793939787767],[5.333021196825751,5.247909151274584],[5.354585680468329,5.362343393523119],[5.44819215248371,5.476928793150805],[5.383361372454413,5.610234342772387],[5.152887854082831,5.641512953001879],[5.095240149004706,5.755762659270189],[4.886312040789374,6.003147207457445],[4.634121450884589,6.212299905974291],[4.360316309435614,6.326093279082201],[4.072063478930243,6.439846121031664],[3.949497255785712,6.579388700682543],[3.718945059283026,6.54711779232683],[3.610964092715033,6.413429819304369],[3.459676537020453,6.381331049162767],[3.413565020302215,6.3790140355832],[3.063426050646552,6.361420236784838],[2.766808065874823,6.34811409588518],[2.616754564745673,6.341382108885668],[2.062096390230902,6.276640497404955],[1.922951780492069,6.265819670409864],[1.761008772356757,6.253225885588549],[1.557863506777533,6.237427316862963],[1.341844233973273,6.17976053829851],[1.17636540840412,6.084084116179369],[1.165727171404608,6.066323839384935],[0.939379486544379,5.759484850127123],[0.802637848360785,5.71471508618059],[0.536134216292151,5.720493398863695],[0.089773598416098,5.655979238707445],[-0.118851010398618,5.572919450957201],[-0.203663793103448,5.528644167143725],[-0.300653104417794,5.478011885888282],[-0.477038773028166,5.385931545678787],[-0.607789006726495,5.317674719054125],[-1.176074710385553,5.138508402068041],[-1.600233045117609,4.95330675717058],[-2.031221595303766,4.698200784880541],[-2.290958610074274,4.843784891325853],[-2.716545787350885,5.039863668639086],[-2.749738898770563,5.095558248717211],[-2.803544488446466,5.185831152159594],[-2.933519568936578,5.274515234190844],[-3.027103391186944,5.267953001219652],[-3.09144612838482,5.159785829741381],[-3.134569135205499,5.140627466399096],[-3.350640025632135,5.152871690947435],[-3.667796102063409,5.228444181639574],[-3.941593614117853,5.265976034361742],[-4.374339484038781,5.254648030026621],[-4.575233588742666,5.249389217760193],[-4.999971356885187,5.238270841795824],[-5.57543369819378,5.128995500761889],[-5.834145513074152,5.039471231657885],[-6.315529790417902,4.873208128172777],[-7.097943749921075,4.52201374645891],[-7.413408246533624,4.330689035612963],[-7.528605428235284,4.336791597563646],[-7.562493291394464,4.35118445034685],[-8.243275609509698,4.640275560576342],[-8.792475667493097,4.9186864721364],[-9.247899022595636,5.17188414211931],[-9.42929455329632,5.362137399870775],[-9.93726345588421,5.863056265074633],[-10.4371175437138,6.205133043486498],[-10.762624707715265,6.356947027403734],[-11.16827103187298,6.597549520689867],[-11.46540352393841,6.843901239592455],[-11.749388661877862,7.079251848418139],[-12.046761479871027,7.262896143156908],[-12.263942685620538,7.35138853665056],[-12.279014554517023,7.414897524077318],[-12.251578298108331,7.548413358885668],[-12.27409264137005,7.630976759154223],[-12.513051000134698,7.725783907133959],[-12.869152036206476,7.972840391356371],[-13.044136968152277,8.13769110317888],[-13.212491002576105,8.347035967070482],[-12.990156140820734,8.455546938139818],[-12.91199776221966,8.557393633086107],[-12.927251782910577,8.627264581877611],[-13.14486786414837,8.722107492644213],[-13.174346890942804,8.772887788969896],[-13.164252248303644,8.850765787321947],[-13.141406980054132,9.0271488058156],[-13.281672444836847,9.27468355770769],[-13.625553098218194,9.623440347868822],[-13.680051770703546,9.91564520474138],[-14.058002439038507,10.080054842192553],[-14.466443028943292,10.333368860442064],[-14.591384854809991,10.46654852505388],[-14.550901380078546,10.644569002348803],[-14.574861493603937,10.784330927092455],[-14.820922818677179,10.80285795803728],[-14.966219869153253,10.847027384001635],[-15.018011060254327,10.916822038847826],[-14.991490331189386,11.05668696041765],[-15.00829502631878,11.10174425717058],[-15.029396024243585,11.15828665371599],[-15.116153684155694,11.158095918852709],[-15.341422048108331,11.221154772002123],[-15.415780034558527,11.33538969631853],[-15.361260381238214,11.519795976836107],[-15.21297260810589,11.717116914946459],[-15.098965611951105,11.81267889614763],[-15.158031430737726,11.876103006560228],[-15.32538887550091,11.926575266081713],[-15.54958149482464,11.919748865324877],[-15.736251798169366,11.843088709074877],[-15.808596578137628,11.84292086239519],[-16.086015668408624,11.969427667815111],[-16.247872319714777,12.102531992155932],[-16.27898880531048,12.210499368864916],[-16.424529042737237,12.248307787138842],[-16.566605535046808,12.309811197478197],[-16.57060143043255,12.311540209013842],[-16.695794072644464,12.412958704192064],[-16.77209946204876,12.597077928740404],[-16.72550293494915,12.787829004485033],[-16.768208470837823,13.03539904232683],[-16.776349034802667,13.124526582915209],[-16.775572743909112,13.145343385893725],[-16.767117467419855,13.35967596646013],[-16.689412084119073,13.448810182768725],[-16.49428078223919,13.474656664091967],[-16.452353444592706,13.54464968319597],[-16.455103841321222,13.571074091154955],[-16.458260503308527,13.601410471159838],[-16.47089096595501,13.722545229155443],[-16.640429463879816,13.842927538115404],[-16.67105957557415,13.912758432585619],[-16.69670006324505,14.077932916838549],[-16.87041946937298,14.363524996001146],[-17.050065007703058,14.585562311369799],[-17.22053810645794,14.725009523589037],[-17.433180776135675,14.807168565947435],[-17.190234151379816,14.96020372982683],[-16.86476990272259,15.2977147924489],[-16.6003198294804,15.749488435942553],[-16.450055089490167,16.11839064236345],[-16.405699697034112,16.489955507475756],[-16.378804173962823,16.71591147061052],[-16.125475850598566,17.30111464138689],[-16.041072812573663,17.66987761135759],[-15.982691731946222,18.178399645048998],[-16.05569073249554,18.67393263455095],[-16.1906518607304,19.029531084257982],[-16.47160240699505,19.365741335112475],[-16.35130974342083,19.493095003325365],[-16.269598927991144,19.68392141934099],[-16.23956772376751,20.1224857198781],[-16.269036260144464,20.36390646572771],[-16.34728142310833,20.522616945464037],[-16.71086594154095,20.890441499907396],[-16.84450050880169,20.940990053374193],[-17.02129265357708,20.74361380215349],[-17.046217885510675,20.832524858672045],[-17.051907506482355,21.00409849758806],[-17.01608368446087,21.314147554594896],[-16.983651128308527,21.595269762236498],[-16.872428480140158,21.842211055916504],[25.984350226293373,8.862445731951503],[39.061310345875505,16.864292069912157],[39.20794204185749,16.326509081084154],[39.517928156359446,15.46304854031267],[39.79644683311726,15.088771425444506],[39.88854125450398,15.18427427883806],[39.85619262169148,15.400236688811205],[39.89788344810749,15.50198610897722],[40.03721145103718,15.387916170317553],[40.217452082140696,15.083317362028978],[40.38988402794148,14.90578707333269],[40.630530390246165,14.925351701933764],[40.739138636095774,14.919243417937182],[41.341250452502024,14.342323862273119],[41.70525649498249,13.930101000029467],[41.76108840416218,13.885752283293627],[42.07897857139851,13.861013971526049],[42.35708144615437,13.467672907072924],[42.36641982506062,13.359677873808764],[42.354964289171946,13.270696245390795],[42.40844253013874,13.175496660429857],[42.63643935631062,13.09338244076433],[43.04802230308796,12.702313982207201],[43.3304777474239,12.434074007231615],[43.458682093127024,12.224659525114916],[43.47482207725788,12.097622476775072],[43.42193129966999,12.046670519072435],[43.259139093859446,11.963715158659838],[43.061846765978586,11.91882189388933],[42.8099584908321,11.778485857207201],[42.5553312630489,11.568253122527025],[42.668772730334055,11.511313043791674],[42.95914748619343,11.537357889372728],[43.10357192466999,11.53131254788103],[43.29847625206257,11.475552164275072],[43.36809447716023,11.455634676176928],[43.788584742052805,10.941863619048021],[44.05242446373249,10.662847124297045],[44.16154769371296,10.491522394377611],[44.28083709190632,10.396465860564135],[44.44821074913288,10.428605638701342],[44.63609603355671,10.429005228239916],[44.84515288780476,10.416754327971361],[45.012576136095774,10.448878847319506],[45.270159754259836,10.570160471159838],[45.64631560753132,10.761600099760912],[45.909365686877024,10.83206423397722],[46.0882788033321,10.787970148283861],[46.43031218956257,10.66797789211931],[46.677344355089915,10.700275980193041],[46.929156336291086,10.846961580473803],[47.27975753258015,11.10187967892351],[47.39071181724812,11.159307085234545],[47.59234145591999,11.140673242766283],[47.80731872032429,11.096666895110033],[47.996157679064524,11.116128526884935],[48.442511908057725,11.296466087546179],[48.53374389122273,11.333325945097826],[48.6633520455196,11.32088717098894],[48.97027495811726,11.232596956450365],[49.3035002083614,11.246025644499682],[49.647234949572336,11.329372011382006],[50.08087066124226,11.47643622036638],[50.486067804796946,11.775948129851244],[50.69729140709187,11.94795950527849],[50.96874907921101,11.878653131682299],[51.14483169029499,11.783723436552904],[51.18070510338093,11.777448259550951],[51.24701598594929,11.656864725310228],[51.06053451011921,11.2434573995656],[51.070254358752024,10.989321314055346],[51.12975982139851,10.709877573210619],[51.055666956408274,10.506385408598803],[50.88675979088093,10.277283273894213],[50.87397674034382,9.972261034209154],[50.852705988390696,9.59732302303972],[50.77938369224812,9.36842020626726],[50.210825952990305,8.350532137114428],[49.83185485313679,7.9938817846364],[49.77715209434773,7.853968225676439],[49.82292464683796,7.695211969572924],[49.42104628990437,6.989027105528734],[49.04607299278523,6.41633804913225],[48.94951537559773,5.990390382964037],[48.791811975939524,5.704107366759203],[48.4715795845821,5.201433740813158],[48.078196558459055,4.666824423033617],[47.63646532348032,4.096041917326511],[47.55637649009968,3.992555223662279],[46.36050322960163,2.667831026274584],[46.22544175888997,2.552302650726346]]]]}},{"type":"Feature","properties":{"name":"Finno-Ugric taiga hunter-gatherers","subject":"Finno-Ugric taiga hunter-gatherers","partOf":"Finno-Ugric taiga hunter-gatherers","borderPrecision":1,"color":"#a88992"},"geometry":{"type":"MultiPolygon","coordinates":[[[[34.293414148791086,65.39624365444841],[34.332015070421946,65.3455081808156],[34.425662073595774,65.10652502651872],[34.772864374621165,64.68222387905779],[34.814768824084055,64.45981939907732],[34.88461211632038,64.3667713033742],[35.081763300402415,64.28833349819841],[35.62327102134968,64.2535663473195],[36.01547149132038,64.19702490444841],[36.23997024009968,63.91862066860857],[36.42062285850788,63.87610205288591],[36.98754027794148,63.841483675200365],[37.24650863121296,63.784877382475756],[37.410540613634836,63.749496065337084],[37.59146026085163,63.806937776762865],[37.94491866539265,63.850394808012865],[38.054080042345774,63.98631628628435],[38.05385878990437,64.12927588101091],[37.87985518883015,64.30789526577654],[37.668128046496165,64.3433109151906],[37.46328643272663,64.29996069546404],[37.26195052574421,64.3138919698781],[36.996741327746165,64.40655859585466],[36.56850722740437,64.7645755636281],[36.88390639732624,65.0676990377492],[37.10194304893757,65.06812628384294],[37.60409453819538,64.85277136440935],[38.25292113731648,64.70306738491716],[39.19344237755085,64.5110355245656],[39.62159636925007,64.47596319790544],[39.99705031822468,64.54121740933122],[40.32217315147663,64.46293219204607],[40.43979171226765,64.56356390591326],[40.46206191490437,64.75027807827654],[40.365950617296946,64.85792883511247],[39.979388269884836,65.15314062710466],[39.823103937609446,65.43561133022966],[39.9513273567989,65.58116491909685],[40.036868128283274,65.60313757534685],[40.681407007677805,65.79355963345232],[41.35424712608601,65.95517309780779],[41.62328246544148,66.06516607876482],[42.1334448189571,66.3878894674367],[42.21078780601765,66.41000708218279],[42.41852477501179,66.38109930630388],[43.241431269152415,66.25089605923357],[43.87621978233601,66.01096686001482],[44.02943328331257,66.01124914761247],[44.052840265734446,66.04050024624529],[44.12211135338093,66.2671619283742],[44.383608850939524,66.61201819058122],[44.36195281456257,66.90596350308122],[44.21916488121296,67.08982428188982],[43.83810714195515,67.16285284634294],[43.703597101671946,67.26593359585466],[44.21583465050007,67.71826513882341],[44.26107314537312,67.8296390401906],[44.16874984215046,68.09702643032732],[43.8221655220821,68.3273197042531],[43.85324386070515,68.46920355435076],[44.012026819689524,68.49190863247576],[44.66781142662312,68.38859137173357],[45.57964232872273,68.44253882046404],[45.8634367317989,68.3833499776906],[46.16195205162312,68.10819586392107],[46.439368280871165,67.90793951626482],[46.6340666146114,67.7005115377492],[46.16411498497273,67.67742498989763],[45.46258071373249,67.6390643941945],[45.092505487902415,67.54207953091326],[44.87120727012898,67.31241949673357],[44.95714095543171,67.23135717983904],[45.38563445518757,67.09937628384294],[45.715350183947336,66.84962805386247],[46.07677749107624,66.76208075161638],[46.40205291221882,66.71860083218279],[46.972640070421946,66.77846106167497],[47.5711889595821,66.8163104879445],[47.706187281115305,66.89010962124529],[47.822127375109446,67.11129339810076],[47.952918085558665,67.37729223843279],[48.08066085289265,67.56245764370622],[48.63532165001179,67.65238531704607],[49.18562987755085,67.83882483120622],[49.63012221763874,67.93619116421404],[50.49589827965046,68.1534686910695],[51.13895705650593,68.26639898892107],[51.83080962608601,68.40938147183122],[52.244875940783274,68.54455908413591],[52.33738234947468,68.33572729702654],[52.4626684517696,68.29867132778826],[52.719729456408274,68.35138281460466],[52.93876937340046,68.47117956753435],[53.00575164268757,68.6805683004445],[53.17943480919148,68.75574835415544],[53.50243285606648,68.81625708218279],[53.889117273791086,68.78699835415544],[53.808394464953196,68.60726507778826],[53.78207686851765,68.33842047329607],[53.3959074349239,68.30042608853044],[53.3161840767696,68.2332034933156],[53.316844019396555,68.13638647671404],[53.62573913048054,68.04768713589372],[53.85399154136921,68.08530005093279],[54.37974837730671,68.16070898647966],[54.57595733116413,68.16109045620622],[54.64846709678913,68.07191809292497],[54.752295526964915,68.04978521938982],[54.87719634483601,68.1095462667531],[54.99598601768757,68.20653113003435],[55.1264982552364,68.40060766812029],[55.335391077502024,68.48309668179216],[55.72289184044148,68.53610571499529],[56.1951017708614,68.56686743374529],[56.54026320884968,68.55256994839372],[57.02422622154499,68.44890936489763],[57.363692316515696,68.45701941128435],[57.52586654136921,68.49463995571794],[57.95919707725788,68.7047611105031],[58.40928939293171,68.83285864468279],[58.77038100670124,68.8560062276906],[59.19904998253132,68.77440985317888],[59.34587386558796,68.69986303921404],[59.06195739219929,68.4974857198781],[59.119788202746165,68.393092714507],[59.217661890490305,68.34854467983904],[59.50186065147663,68.28942450161638],[59.762347254259836,68.297389589507],[59.892046961291086,68.4020038473195],[59.92537597130085,68.58127173062029],[60.07908919761921,68.61895331021013],[60.51208404014851,68.58985479946794],[60.75627425621296,68.67254980679216],[60.93412307213093,68.81508215542497],[60.98595717857624,69.00259741421404],[60.36923507164265,69.46769293423357],[60.551714930041086,69.54342230435076],[60.84873488853718,69.71004065151872],[61.030039820177805,69.74060400601091],[61.30434707115437,69.73352392788591],[62.2812719673946,69.7051273214406],[62.85394957969929,69.61560400601091],[63.41231826256062,69.54873999233904],[63.92324355552937,69.45921667690935],[64.87299636314656,69.22766455288591],[65.35536483238484,69.18344458218279],[66.1254988045528,68.99715765591326],[66.58425429771687,68.88553961392107],[67.17168715904499,68.64709814663591],[67.64553669906512,68.4480727275933],[67.82653335045124,68.37205084438982],[68.21540358970906,68.20135077114763],[68.38463118980671,68.17933996792497],[68.48788741539265,68.22421606655779],[69.00261214683796,68.69536932583513],[69.10895064781452,68.83031042690935],[68.69183639000202,68.81454809780779],[68.51176742027546,68.83668097134294],[68.25765517662312,68.94111975308122],[68.09354690025593,69.13594397183122],[68.10592940758015,69.42932470913591],[67.77870467613484,69.55685003872576],[66.88444045494343,69.62308081265154],[66.79896834800984,69.74374731655779],[66.8280363411739,69.81937750454607],[66.9648542733028,69.95582159634294],[67.27720168541218,70.07055243130388],[67.38328841636921,70.13940008755388],[67.42175582359577,70.22343023892107],[67.39824202965046,70.59850653286638],[67.28530410240437,70.70580633755388],[66.7748136849239,70.73557623501482],[66.67020705650593,70.86613043423357],[66.81797316978718,71.10538061733904],[66.9796476692989,71.21384008999529],[67.15545180748249,71.22964819546404],[67.8225431771114,71.4166522848195],[68.31624892662312,71.63485296841326],[68.55076125572468,71.82196386929216],[68.81211379478718,72.09546240444841],[69.05668929527546,72.64471777554216],[69.34311202476765,72.83426245327654],[69.51156142662312,72.80304297085466],[70.21435836265827,72.73346289272966],[70.94033339927937,72.78995092983904],[71.66292098472859,72.83070715542497],[71.97577956627156,72.79976233120622],[72.45530227134968,72.82427557583513],[72.7139997811153,72.76958807583513],[72.85272506187702,72.64393194790544],[72.84480575035359,72.49460943813982],[72.65456679771687,72.11825903530779],[72.4983244271114,71.96181067104997],[71.89781478355671,71.58716162319841],[71.79755691002156,71.43180426235857],[72.13623336265827,71.27759131069841],[72.55498031090046,70.9772449361867],[72.67970565269734,70.823512636382],[72.7742033333614,70.45523413296404],[72.69588759849812,70.35557898159685],[72.43689254234577,70.18696936245622],[72.55148604820515,69.65626104946794],[72.52553084800984,69.06907995815935],[72.64349654625202,68.806911073882],[72.84616378258015,68.63523443813982],[73.30861190269734,68.5165515768117],[73.39412215660359,68.44205053921404],[73.39364913414265,68.38238867397966],[73.17524245689656,68.16592749233904],[72.98776534508015,67.79414709683122],[72.83769515465046,67.64564856167497],[72.48502639244343,67.43782385464372],[71.93047622154499,67.156276308257],[71.64714339683796,67.06732519741716],[71.39950087974812,66.94906958218279],[71.54405501793171,66.71412237759294],[71.34951308677937,66.66239508267107],[70.83993056724812,66.55140265103044],[70.12074569175984,66.7188220846242],[69.79152205894734,66.7549320089406],[69.35537246177937,66.73943670864763],[69.08476546715046,66.68753393765154],[69.17261031578327,66.5482898580617],[69.43512252281452,66.42423590298357],[69.76729873131062,66.32971533413591],[70.47356704185749,66.23597296353044],[70.98342421959187,66.2003894674367],[71.2595320076778,66.22281225796404],[71.79433730552937,66.15806158657732],[72.20881179283406,66.17345770474138],[72.42107680748249,66.3346668111867],[72.55741408775593,66.49599035854997],[73.16545394371296,66.64375647183122],[73.69016555259968,66.86506994839372],[73.81080916832234,66.99035223599138],[73.9845075936153,67.26336248989763],[74.35252669761921,67.40435370083513],[74.74171737144734,67.68622168179216],[74.77064803550984,67.84936865444841],[74.66936019371296,68.10174902554216],[74.39512923668171,68.34698828335466],[74.50497725914265,68.59347876187029],[74.61210921715046,68.63851507778826],[74.91630080650593,68.70638617153826],[75.53720382164265,68.77486761685076],[76.32775405357624,68.77634008999529],[76.66087630699421,68.67222174282732],[77.03982070396687,68.4637714254445],[77.10788253258015,68.11375006313982],[76.95493606041218,67.65331610317888],[77.09069350670124,67.52774389858904],[77.50477889488484,67.432399355132],[78.08904555748249,67.41131170864763],[78.47786239097859,67.478541933257],[78.53574660728718,67.61183508511247],[78.3045759529903,67.69286688442888],[77.94601729820515,67.77371557827654],[77.68886092613484,67.75840338345232],[77.48322585533406,67.802516542632],[77.51418593834187,67.97325476284685],[77.97751906822468,68.14512213345232],[78.00718215416218,68.25683935757341],[77.90906051109577,68.32369574185076],[77.83420089195515,68.4727054464406],[77.63582900474812,68.81619604702654],[77.40597823570515,68.9356189596242],[77.02994826744343,68.97991522427263],[76.53798964927937,69.0840564596242],[76.17751601646687,69.13594397183122],[75.59802535484577,69.21000250454607],[75.18864730308796,69.12659796353044],[74.90170577476765,69.0810047018117],[74.31795791099812,69.16254004116716],[73.91452315758015,69.15427740688982],[73.90792373131062,69.27452429409685],[73.65407851646687,69.75646551724138],[73.79099563072468,70.05221136685076],[74.1222257942989,70.36587866421404],[74.24957564781452,70.5729480611867],[74.18918899009968,70.67260321255388],[73.69797042320515,71.14139898892107],[73.2706632942989,71.372584902007],[73.21685317466999,71.45773657437029],[73.59136489341999,71.7068591939992],[74.13715651939656,71.75452765103044],[74.58655074547077,71.87217291470232],[74.9211531014278,72.02874334927263],[74.99873641441609,72.13043554897966],[75.0745954842403,72.42029150601091],[75.01610854576374,72.71876867886247],[75.11987594078327,72.68748053188982],[75.40757277916218,72.66441687222185],[75.6173429817989,72.62549170132341],[75.66617873619343,72.41353949185076],[75.58253768394734,72.17061956997576],[75.29658034752156,71.89686926479997],[75.22127059410359,71.64770849819841],[75.28428939293171,71.44608648892107],[75.45202926109577,71.32248266812029],[75.67058852623249,71.1991229879445],[76.29318526695515,71.13853033657732],[77.00164321373249,71.06264074917497],[77.73619368980671,71.02547796841326],[78.10473159263874,70.84130438442888],[78.24920943687702,70.83387335415544],[78.60852340172077,70.8499256002492],[78.37160018394734,71.25054510708513],[78.13690474937702,71.3739276754445],[77.28489974449421,71.41880377407732],[76.86612990806843,71.4490238058156],[76.60715011070515,71.518336855132],[76.33285811851765,71.71974524136247],[76.4566984505489,71.86785467739763],[77.07490066002156,71.8923831808156],[77.27492812584187,71.81488379116716],[77.78991988609577,71.77691229458513],[78.12636855552937,71.84759863491716],[78.08573440025593,72.17527350063982],[78.26955703209187,72.2147479879445],[78.64725783775593,72.2623782980031],[79.22255996177937,72.2712894308156],[79.7031584114864,72.17827948208513],[80.33872512291218,72.0076404439992],[80.82826522300984,71.76702459927263],[81.42526534508015,71.61268194790544],[81.67136672447468,71.57430609341326],[82.49135116050984,71.56809576626482],[82.81835463951374,71.64632757778826],[82.88012221763874,71.49126776333513],[82.52887252281452,71.32020147915544],[82.21532729576374,71.20361670132341],[82.10357192466999,70.85644110317888],[82.04561141441609,70.41893347378435],[82.19571975181843,70.3579822408742],[82.50152877281452,70.7111316549367],[82.67546370933796,70.84212835903826],[82.80373671959187,70.81927832241716],[83.07590774009968,70.58175238247576],[83.03633407066609,70.24492987271013],[83.37072280357624,70.33726080532732],[83.67697432945515,70.46026190396013],[83.6571150154903,70.598170839507],[83.5709333748653,70.65170630093279],[83.50470260093952,70.81292303677263],[83.16804793785359,71.18223150845232],[83.25261977623249,71.28285559292497],[83.56109145591999,71.62442358608904],[83.2024259896114,71.82590826626482],[82.8546476692989,71.94214972134294],[82.43625930259968,72.0505863058156],[82.32062056968952,72.22227820034685],[82.02602675865437,72.24522741909685],[81.58525374840046,72.35400732632341],[80.98231795738484,72.44697912808122],[80.84419539879109,72.58019598599138],[80.87170699547077,72.8399921285695],[80.8288679451778,73.01351507778826],[80.46401503990437,73.31357916470232],[80.50051406334187,73.42474707241716],[80.62013534019734,73.49647101040544],[80.83822921226765,73.55255468960466],[81.87746718834187,73.6022220480031],[83.02044204185749,73.61229284878435],[83.97656539390827,73.66978796597185],[84.61605361412312,73.74268683071794],[84.82945540855671,73.59973486538591],[85.0014982552364,73.57619055386247],[85.38118270347859,73.69632300015154],[85.85619643638874,73.82476385708513],[86.49205306480671,73.8738284933156],[86.75694564293171,73.7865711080617],[86.32635024498249,73.63435705776872],[86.12352279136921,73.4511218893117],[86.90497115562702,73.55588873501482],[87.1396818489864,73.6040531026906],[87.56962874840046,73.77212866421404],[87.69079116295124,73.90001257534685],[87.54062179039265,74.09967383022966],[87.39396956871296,74.1794925558156],[86.97762587974812,74.29900702114763],[86.81353286216999,74.43529089565935],[86.81261733482624,74.53988226528826],[86.95832351158406,74.78206213589372],[87.48745253990437,74.96091803188982],[87.92226699302937,75.0598865377492],[89.28468612144734,75.46612127896013],[89.68456557701374,75.5082050191945],[89.79632857750202,75.52443274136247],[90.03131392906452,75.55852850552263],[90.88617232750202,75.60154303188982],[91.6346769661739,75.65272863979997],[92.6705427498653,75.76261480923357],[93.59205916832234,75.88084753628435],[94.30955031822468,76.07406958218279],[94.69433883140827,76.18358191128435],[95.4876814217403,76.16833075161638],[95.96726516197468,76.1692386495656],[96.13936904381062,76.08590277310076],[95.9818220467403,75.90201147671404],[96.65822890709187,75.85330542202654],[97.11641219566609,75.87083014126482],[97.6837263436153,75.95521887417497],[98.28865340660359,76.05653723354997],[98.71624282310749,76.07403906460466],[99.15855697105671,75.99971350308122],[99.46723464439656,75.96692236538591],[99.7794294686153,76.05931433315935],[99.8334074349239,76.2100330221242],[99.77360824058796,76.2853504049367],[99.98323348472859,76.43696936245622],[100.40739730308796,76.47143896694841],[100.83031753013874,76.45540960903826],[101.38946059654499,76.62499579067888],[101.11151412437702,76.8528552877492],[101.16646102379109,77.0057636129445],[101.6904630989864,77.2025867330617],[102.38966659019734,77.37482031460466],[103.39330581138874,77.5577884542531],[103.94659713218952,77.59216650601091],[104.39374068687702,77.56721838589372],[105.0625105233028,77.5685077535695],[105.44954207847859,77.44913824673357],[105.46972945640827,77.32931860562029],[104.78229049156452,77.14876898403826],[104.4851408333614,76.99502905483904],[104.70460799644734,76.92750128384294],[105.52814773033406,76.98001440640154],[106.24293807457234,76.91346319790544],[107.16025832603718,76.94913061733904],[107.24013045738484,76.89837225552263],[107.07137587974812,76.77097662563982],[106.53744033287312,76.56722601528826],[106.40403274009968,76.4322772848195],[107.29075149009968,76.43394812222185],[107.66595748375202,76.44307287808122],[107.77148726890827,76.40122564907732],[108.24447158287312,76.64641913052263],[108.85952285240437,76.64754828091326],[109.6564054817989,76.69128759976091],[109.94024947593952,76.63273199673357],[110.54772475670124,76.64229925747576],[111.42728713463093,76.56807287808122],[112.0571623177364,76.45135840054216],[112.58854964683796,76.25924261685076],[112.82231429527546,76.0588870870656],[113.14887526939656,76.05948980923357],[113.53300765465046,76.0936542379445],[113.7230329842403,75.86883886929216],[113.11340621422077,75.49444922085466],[113.22163680504109,75.43680914517107],[113.62504867027546,75.27267035122576],[112.57712844322468,74.88621100063982],[112.11134627769734,74.78037603970232],[111.58661941002156,74.73096045132341],[110.05470565269734,74.253688417632],[108.69690230797077,73.8194080221242],[108.33986190269734,73.69124182339372],[107.26554397056843,73.52222784634294],[106.20830825279499,73.25850256558122],[105.2788191170528,72.7515369283742],[105.40307092131953,72.748726095192],[98.45947004862771,69.79094730127832],[75.85638492783956,61.42677903286463],[62.80579411405116,56.95520024672745],[59.09429166962169,56.4318399506882],[53.92448387264525,57.601384527021416],[53.97646398874319,57.7086220534561],[46.105746848468755,57.7086220534561],[32.51698734132826,60.9322458642223],[29.018890834539626,61.77074313018303],[21.225993499342607,62.4179537846397],[21.200139078600653,62.43518408413591],[21.03372863243366,62.47729834194841],[21.061806711657294,62.61173590298357],[21.19480613182331,62.76068457241716],[21.48128417442585,62.888812624174975],[21.545966181261786,62.974059663969896],[21.494656595690497,63.123031221587084],[21.666478189928778,63.1873050558156],[21.95132354210163,63.13101538296404],[22.075043711169013,63.1028209554738],[22.292357477648505,63.20269354458513],[22.42877486656452,63.39496573086443],[22.475831064684638,63.601615511137865],[22.569018396837958,63.723014436919115],[22.704222712023505,63.58064230557146],[22.82553008507038,63.58087881680193],[23.130561750232243,63.78342849447229],[23.58028510521198,64.082057558257],[24.094035181505927,64.37656744595232],[24.470093759997138,64.635524355132],[24.931916269762763,64.81603582974138],[25.3250894875362,64.8023944723195],[25.35190490196491,64.93909796353044],[25.293414148791083,65.00389441128435],[25.132559809191473,65.07594641323747],[25.18612578819538,65.24265631313982],[25.25150779197956,65.41688879604997],[25.103611978991278,65.54012640591326],[24.591139826281317,65.58278235073747],[24.214800867541083,65.78590735073747],[23.947732004626044,65.7966800558156],[23.844082865221747,65.79847296353044],[23.405688318712958,65.72483404751482],[23.204020533068427,65.68075140591326],[22.798161539538153,65.85482367153826],[22.645554575426825,65.93478735562029],[22.48980239341999,65.88341864224138],[22.201569590075263,65.71528967495622],[21.95748237083698,65.44573553677263],[21.818726572497138,65.38013800259294],[21.52232840965534,65.37231024380388],[21.27734664390827,65.21227606411638],[21.423712763293036,65.10388525601091],[21.48944953392292,65.0171619283742],[21.329442057116278,64.89435156460466],[20.92119315574909,64.71382483120622],[21.064322504503973,64.59199865933122],[21.237046274645575,64.52054175015154],[21.385829004748114,64.38455542202654],[21.048895868761786,64.2191654073781],[20.873273399290944,64.03282247139006],[20.866480860216864,64.02561529751482],[20.70065978477741,63.81812628384294],[19.9848852486446,63.51726873989763],[19.670275721056708,63.388541780669115],[19.465012583239325,63.480704866606615],[19.318224939806708,63.44482763882341],[19.075926813586005,63.202498995024584],[18.784991297228583,63.13801153774919],[18.486624750597723,62.98124273892107],[18.388949427111395,62.85337408657732],[18.30319121788288,62.78942450161638],[18.29516231170846,62.78907056017507],[9.387329534992162,63.44654486854517],[9.440897974474677,63.497523866850756],[9.832105669482,63.683620058257006],[9.870058092577704,63.87643393154802],[10.066159281237372,64.05550726528826],[10.739846262438544,64.38617285366716],[10.890596422655829,64.47251471157732],[10.996618303759345,64.49424322720232],[11.213500055773505,64.41573675747576],[11.364055666430243,64.41601904507341],[11.507721933825263,64.51671942349138],[11.406536135180243,64.61703833218279],[11.469941172106513,64.67464026089372],[11.689727816088446,64.77565344448747],[11.895566973192938,64.91273077603044],[12.112141642077216,65.12991675015154],[12.222211870653876,65.1011463033742],[12.526453051073798,65.10895117397966],[12.496170076830634,65.3844714986867],[12.28408721397663,65.4348865377492],[12.479218515856513,65.61703070278826],[12.709057840807684,65.90887793179216],[13.087389025194891,65.88041266079607],[13.108799013598212,66.0337406026906],[13.151907000048407,66.13612707729997],[13.58100989769245,66.18811377163591],[13.402801546557196,66.34881933804216],[13.255395922167548,66.39254339810076],[13.168647798998602,66.45833929653826],[13.242076906664618,66.5685306417531],[13.383193048937567,66.67895086880388],[13.592026743395575,66.65732153530779],[13.991646799547919,66.68745764370622],[13.747189554674872,66.92240484829607],[13.859066996081122,66.95944555874529],[14.054739031298407,66.9745593893117],[14.373078379137763,67.09309729214372],[14.639268908007391,67.12311133022966],[14.777660402758368,67.21653326626482],[14.616473230822333,67.2452655660695],[14.569208178026923,67.32934149380388],[14.69914725731159,67.37438543911638],[14.976157221300848,67.52293738003435],[15.226662668688544,67.50855597134294],[15.38450339744831,67.46444281216326],[15.579943689806708,67.58331640835466],[15.745667490465888,67.59729345913591],[15.761817965014227,67.67628821011247],[15.572235140307196,67.82069738979997],[15.854214701159247,67.92523535366716],[15.91974166343952,68.04896887417497],[16.071057352526434,68.04467352505388],[16.232728037340888,67.91109045620622],[16.411614450915106,67.87424811001482],[16.648547205431708,68.04574926968279],[16.521903070910223,68.34090002651872],[16.71914008568073,68.31135901089372],[17.03327468345905,68.33763464565935],[17.12642005394245,68.41608008022966],[16.854756388170966,68.55778082485857],[17.039734873278388,68.65852697964372],[17.406914743883856,68.77154120083513],[17.448914560778388,68.88699682827654],[17.565863642199286,68.97436865444841],[17.894713434679755,69.03507574673357],[17.928147348864325,69.0050769674367],[18.051545176012763,69.027858339507],[18.09735396812702,69.05800207729997],[18.31905272911335,69.35937842007341],[18.553240808947333,69.2468753683156],[18.98484519432331,69.31544073696794],[19.17015555809284,69.25552710171404],[19.289172205431708,69.21058996792497],[19.57997992943073,69.1810565816945],[19.821213755114325,69.36973150845232],[20.157650980456122,69.747829042632],[20.286376032336005,69.78590735073747],[20.358317408068427,69.71038397427263],[20.278164896471747,69.58179052944841],[20.196503672106513,69.31769140835466],[20.552685770495184,69.52190741177263],[20.733939203722723,69.77918585415544],[21.102726969225653,69.81769140835466],[21.41196349571491,70.01541479702654],[21.608561548693427,69.96254309292497],[21.908072504503973,69.80404242153826],[22.163310083849677,70.09311255093279],[22.306448969347723,70.21561773892107],[22.74557403038288,70.1706043111867],[23.203606638415106,69.9427753316945],[23.292468103869208,70.01129492397966],[23.508408579333075,70.27907141323747],[23.827288660509833,70.47883947964372],[23.954854044420966,70.50205572720232],[24.207715067370184,70.47186621304216],[24.35961440513874,70.61029394741716],[24.570508036120184,70.7413822042531],[24.849038156969794,70.82660254116716],[25.389031443102606,70.90462835903826],[25.83205512474323,70.89776190396013],[25.230692896349677,70.55818518276872],[25.122424158556708,70.43524511929216],[25.074080500109442,70.14438208218279],[25.26302436302448,70.10654791470232],[25.574040445788153,70.3671375143117],[26.2627172798946,70.79074438687029],[26.60651687095905,70.9146228658742],[26.619105371935614,70.79908331509294],[26.617423090441473,70.39204748745622],[26.93435004661823,70.4692874776906],[27.131081614001044,70.5770755636281],[27.516011270983466,70.97030981655779],[27.947543177111395,71.01741369839372],[28.211159739001044,71.01790960903826],[28.30841353843952,70.94864996548357],[28.136439356310614,70.83272894497576],[27.985291513903388,70.71700628872576],[28.01892951439167,70.60945471401872],[27.875399622423895,70.42505987759294],[28.289725336535223,70.37221106167497],[28.388907465441473,70.57175024624529],[28.794812235338934,70.864772402007],[28.98433783958698,70.85741003628435],[29.741230997545966,70.60498388882341],[30.04143813560749,70.5441394674367],[30.461960825426825,70.53725012417497],[30.754202875597723,70.43041571255388],[30.798840555651434,70.30796393032732],[30.251879724962958,70.13114508267107],[29.734896692736395,70.1148944723195],[28.730080637438544,70.13592871304216],[28.81709388206745,70.09791906948747],[29.08001998375202,69.9612308370656],[29.55593207786823,69.8334003316945],[29.728575739367255,69.69756659146013],[30.055806192858466,69.72085913296404],[30.361294779284247,69.76681097622576],[30.735358271105536,69.75236090298357],[31.05378249595905,69.63959082241716],[31.33127501915241,69.66276129360857],[31.782200846178778,69.77701910610857],[32.07155898521687,69.8834949361867],[32.07601073692585,69.8153568136281],[32.190562281115305,69.64171179409685],[32.35172561119343,69.51367529507341],[32.59630874107624,69.42361792202654],[33.00963118980671,69.38669165249529],[33.28056624840046,69.34201391812029],[33.31560042808796,69.07128485317888],[33.628375086291086,69.21468695278826],[33.81804564903523,69.19247778530779],[34.30514815758015,69.1708255636281],[34.698889765246165,69.16405066128435],[34.93413833091999,69.149440370757],[35.43655303428913,69.15035589810076],[36.01827910850788,69.023707948882],[37.24586394737507,68.79349859829607],[37.68857863853718,68.62961157437029],[38.406443628771555,68.24269446011247],[38.66845229576374,68.14634283657732],[39.33470824669148,68.0359378683156],[39.91807082603718,67.9403797018117],[40.826052698595774,67.66004522915544],[40.973391565783274,67.5343738424367],[40.9508276314571,67.33465918179216],[41.01687148521687,67.20186194058122],[41.20882705162312,67.06946142788591],[41.25529769371296,66.93697699185076],[41.14697173546101,66.78226812954607],[40.83637908409382,66.56139715786638],[40.34514907310749,66.31864508267107],[39.977522882921946,66.20091589565935],[39.19002822349812,66.03870733853044],[38.78211120079304,66.00145300503435],[38.047869715197336,66.0073734151906],[37.42243102501179,66.0938220846242],[36.505225214464915,66.17248877163591],[35.771746668322336,66.25886877651872],[35.16772368858601,66.41150244351091],[34.15295318077351,66.62963446255388],[33.6512785286739,66.6801029073781],[33.43749144981648,66.70173987026872],[33.157725367052805,66.9144779073781],[32.990950617296946,66.987819277007],[32.64433959434773,67.04610022183122],[32.21943572471882,66.99374731655779],[32.3578214974239,66.92032965298357],[32.424727472765696,66.89102514858904],[32.75353911827351,66.64904364224138],[32.970862421496165,66.58338507290544],[33.469668421252024,66.31309851284685],[33.844214472277415,66.18213995571794],[34.258494410021555,66.10982855435076],[34.54369643638874,66.00083502407732],[34.726172480089915,65.79697760220232],[34.725588831408274,65.61499365444841],[34.60118773887898,65.48392828579607],[34.293414148791086,65.39624365444841]]]]}},{"type":"Feature","properties":{"name":"Hittites","subject":"Hittites","partOf":"Hittites","borderPrecision":1,"color":"#8f9a74"},"geometry":{"type":"MultiPolygon","coordinates":[[[[39.741986474008925,40.99034636595066],[39.57920368694374,39.919639021253545],[38.79327026309065,38.94472874699909],[33.67279492586593,38.57330000663687],[30.38616424429844,39.351064260972095],[29.886024792755535,40.537852947712],[29.769267111243053,40.71103393048073],[29.882718119127997,40.746356569487475],[29.683445963366278,40.7516361105031],[29.417172464831122,40.741073213774584],[29.32035544822956,40.741073213774584],[29.289643320544013,40.806686006743334],[29.014533075793036,40.97867163296404],[29.161208185656317,41.21636541958513],[29.5777807564571,41.153365694243334],[30.13762381981159,41.131835542876146],[30.256087336046942,41.18466528530779],[30.744805368883856,41.04032477017107],[31.217682871325263,41.05409201260271],[31.404126200182684,41.163539491850756],[31.385666880114325,41.28504141445818],[31.666388544543036,41.3948131429738],[31.87128737877155,41.49144323940935],[32.418982538683665,41.74916800137224],[32.687911066515696,41.845973573882006],[33.15546325157429,41.94960745449724],[33.55554107139851,41.982501589018725],[33.89665511558796,41.95108374233904],[34.30390075157429,41.89411886807146],[34.66290954063679,41.87558325405779],[35.001868280871165,42.04316290493669],[35.09883025596882,41.80586203213396],[35.286074671252024,41.67147787686052],[35.41143706749226,41.626815401274584],[35.67785552452351,41.62093313809099],[35.95779326866413,41.68564566250505],[36.16136840294148,41.35250052090349],[36.38289550255085,41.23751791592302],[36.641245874865305,41.31498297329607],[36.81701186607624,41.28968390103044],[37.252825769884836,41.02772101040544],[37.821841272814524,41.00963171597185],[38.31396392296101,40.92090185757341],[38.65118316124226,40.921569429594896],[39.13864425133015,41.04431875820818],[39.37017730186726,41.06399878140154],[39.66300490806843,41.00049551602068],[39.741986474008925,40.99034636595066]]]]}},{"type":"Feature","properties":{"name":"Paleo-Siberian hunter-gatherers","subject":"Paleo-Siberian hunter-gatherers","partOf":"Paleo-Siberian hunter-gatherers","borderPrecision":1,"color":"#b69578"},"geometry":{"type":"MultiPolygon","coordinates":[[[[62.80579411405116,56.95520024672745],[75.85638492783956,61.42677903286463],[98.45947004862771,69.79094730127832],[105.40307092131953,72.748726095192],[105.60022262047077,72.74426611538591],[106.08698562095906,72.8553958761281],[106.50154403160359,73.06131323452654],[107.24994185875202,73.13382300015154],[107.80428603599812,73.1427722799367],[108.74962905357624,73.26322516079607],[109.59518722008015,73.39159735317888],[109.99058822105671,73.43995245571794],[110.44228652427937,73.56786688442888],[110.40001967857624,73.74287756558122],[110.17844680259968,73.79822119351091],[110.16323378990437,73.83008917446794],[110.28963759849812,73.9420657980031],[110.55127242515827,74.03844793911638],[110.94413283775593,73.94327124233904],[111.21531203697468,73.76829870815935],[111.49485305259968,73.74487646694841],[111.76165297935749,73.65779455776872],[112.09338668297077,73.63455542202654],[112.47680190513874,73.65914496060076],[112.99697402427937,73.779567323882],[113.22158339927937,73.74810370083513],[113.30773452232624,73.61295660610857],[113.31173995445515,73.38266333218279],[113.54699233482624,73.20093115444841],[114.1866789192989,73.55099829312029],[114.9341154427364,73.56032141323747],[115.61149123619343,73.62520178433122],[116.67113784263874,73.61922796841326],[117.53464797447468,73.54927404995622],[117.91884902427937,73.53409155483904],[118.46038344810749,73.51922949429216],[118.33846572349812,73.18611487026872],[118.49779799888874,73.03624304409685],[119.41744521568562,72.96692999478044],[119.79856399009968,72.91246374722185],[120.11277297447468,72.88152655239763],[120.57851699302937,72.83511694546404],[121.69950393150593,72.9002185689992],[122.24328139732624,72.90912207241716],[122.88243392418171,72.75281103726091],[123.51475051353718,73.17200811978044],[123.44220260093952,73.33018835659685],[123.42497542808796,73.43322332974138],[123.40985396812702,73.48077734585466],[123.5007008987776,73.50494943844788],[124.54383390453704,71.58610355723228],[130.86731605142418,69.90104204211539],[155.89216029229675,68.16901029658281],[168.13549806605704,67.45778023799447],[171.76813674618367,65.85917681241212],[172.4408476128738,63.07842210456581],[169.48091979943723,61.192640399715565],[170.34409823134902,60.27960975244485],[170.3368025154903,60.27710302944841],[170.26842788170123,60.14513739224138],[170.27305129478717,60.01343115444841],[170.06013015220904,59.881801210600756],[169.87749770591998,59.8745609151906],[169.61364272545123,60.01220282192888],[169.53161147545123,60.12989386196794],[169.45571425865435,60.29626806851091],[169.15412429283404,60.43464239712419],[168.67075637291217,60.45457800503435],[168.2109022469356,60.432860933501146],[167.68961623619342,60.35544928188982],[167.10398391197467,60.27102621670427],[166.8684187264278,60.17341574307146],[166.2685194344356,59.833278261382006],[166.02721694420123,59.70872076626482],[165.94497207115435,59.77061041470232],[166.20342544029498,60.35263785000505],[165.95633986900592,60.31051596279802],[165.7799940438106,60.35411413784685],[165.41538527916217,60.11518820400896],[165.11359694908404,60.03144034023943],[164.93296340416217,59.96187552090349],[164.88157180259967,59.73413809414568],[164.5846052498653,59.66465338345232],[164.4419050545528,59.74018820400896],[164.32805922935748,59.96072729702654],[164.11052993248248,60.07820852871599],[163.64969924400592,59.79202231045427],[163.76682570884967,59.88375815029802],[163.51627639244342,59.85569342251482],[163.3886823983028,59.81406363125505],[163.10639480064654,59.57917364712419],[163.04290297935748,59.462001405913256],[163.09977248619342,59.35886725063982],[163.25451186607623,59.29037436123552],[162.8352156014278,59.055907808501146],[162.75344375084185,58.96646460171404],[162.90740493248248,58.891280733305834],[162.61590102623248,58.732963167387865],[162.22001174400592,58.48553045864763],[161.93841079185748,58.25918539639177],[161.80436232994342,58.1017223226613],[161.7999372811153,57.86273535366716],[161.9892225594356,57.71985205288591],[162.20365432213092,57.67936285610857],[162.82566359947467,57.700980745512865],[163.0783796639278,57.62649878140154],[163.12783339927935,57.55162390347185],[162.93203261802935,57.37424048062029],[162.5932722420528,57.169540010649584],[162.51240066002154,57.033492647368334],[162.61281875084185,56.802882753569506],[162.74430373619342,56.59970816250505],[163.09797194908404,56.55972632046404],[163.17226699302935,56.383815370757006],[163.16599563072467,56.106498323637865],[163.00907424400592,55.94406851406755],[162.77128127525592,55.91659506436052],[162.55463698814654,56.01072271938982],[162.54719069908404,56.10531576748552],[162.72187331627154,56.34234961147966],[162.5218153328731,56.34873541470232],[162.31757644127154,56.24010046597185],[161.86132338951373,55.86087378140154],[161.60943129966998,55.55691488857927],[161.50274184654498,55.287372194487475],[161.64737990806842,54.985091768462084],[161.93853286216998,54.84510000820818],[162.00820449302935,54.73822363491716],[161.8758650154903,54.56412848110857],[161.5666151375606,54.42324026699724],[161.1363630623653,54.40906866665544],[160.83759597252154,54.448566042143725],[160.68291762779498,54.4482799398488],[160.4043073983028,54.36758764858904],[160.02738479088092,54.15326651211443],[159.93114760826373,54.086356722075365],[159.69506362388873,53.85922583218279],[159.63321975181842,53.70584448452654],[159.68349746177935,53.579433046538256],[159.90476516197467,53.40018042202654],[159.9220838875606,53.300468050200365],[159.8968611092403,53.24057730313005],[159.5917616219356,53.133624635893725],[159.31981948326373,53.12647207852068],[158.78814223716998,52.95936545010271],[158.46136001060748,52.82596167202654],[158.43166640709185,52.71308477993669],[158.4623670906856,52.58713873501482],[158.38950637291217,52.2026859151906],[158.2580213875606,52.01712378140154],[157.89777663658404,51.66602285977068],[157.20952895591998,51.229003511626146],[156.82464126060748,51.00411947842302],[156.6963758797481,50.957748018462084],[156.5637312264278,51.234359346587084],[156.4746961922481,51.603820406157396],[156.36185744713092,51.914237581450365],[156.33323195884967,52.27155645962419],[156.17524245689654,52.60925634976091],[156.0380964608028,52.78148993130388],[155.94184401939654,53.193080507475756],[155.71079543541217,53.80493887539568],[155.70746901939654,54.06495245571794],[155.6380720467403,54.3184085714406],[155.63018325279498,54.465350710112475],[155.58306411216998,54.55207403774919],[155.46520522545123,54.91977270718279],[155.45347121666217,55.27581366177263],[155.50568679283404,55.63962133999529],[155.6275739998653,56.26791723843279],[155.70299819420123,56.36959799404802],[156.23583510826373,56.756827913481615],[156.5578718514278,56.94747122402849],[156.81467727134967,57.26057013149919],[156.8776502938106,57.36274298306169],[156.8394880623653,57.50565680142107],[156.77685073326373,57.58045538540544],[157.51116469810748,57.74545248623552],[157.96169570396685,57.88275869961443],[158.3262586922481,58.026820741850756],[159.10428908775592,58.424884401518725],[159.39269545982623,58.610351167876146],[159.58628371666217,58.80267675991716],[159.64911941002154,58.95374640103044],[160.45193007896685,59.35388907070818],[160.8442488045528,59.554244600493334],[161.5352430672481,59.9416881429738],[161.70084670494342,60.07350882168474],[161.81792739341998,60.2679935323781],[162.38112929771685,60.46357306118669],[163.32929519127154,60.69494970913591],[163.44480422447467,60.89026602383318],[163.79265883873248,61.128192506987475],[163.83137038658404,61.23308905239763],[163.57572463463092,61.330470644194506],[163.94228652427935,61.73741491909685],[163.92588332603717,61.955001436430834],[164.00829604576373,62.1308971273488],[164.27720168541217,62.22288092251482],[165.05478957603717,62.25954397793474],[165.28571608970904,62.2881351339406],[165.06716445396685,62.435687624174975],[164.13767531822467,62.532653413969896],[163.81841567466998,62.489738069731615],[163.34025100181842,62.411300264555834],[162.9902448983028,62.32608374233904],[163.00915053795123,62.17827948208513],[162.71056655357623,61.76318701382341],[162.7668562264278,61.67209967251482],[162.74877456138873,61.60898550625505],[162.45061782310748,61.559379183012865],[162.2352400154903,61.5099254476613],[161.5357771248653,61.1868167745656],[160.6449842781856,60.71775396938982],[160.11884597252154,60.563624941069506],[160.00710586021685,60.59125097866716],[160.0769911141231,60.7375865804738],[160.23559096763873,60.94700964565935],[159.8155165047481,60.98108252163591],[159.74351027916217,61.099635683257006],[159.85686782310748,61.30249746914568],[160.0562391609981,61.51285132046404],[160.14934829185748,61.66016729946794],[160.1182508797481,61.75127752896013],[159.96580031822467,61.765040956694506],[159.45463088463092,61.56075247402849],[159.23105910728717,61.546310030180834],[159.10642531822467,61.70729025479021],[158.84125808189654,61.78396948452654],[158.11835769127154,61.719474397856615],[157.52826980064654,61.66927298184099],[157.0979872078731,61.63339956875505],[156.82523635338092,61.56281241055193],[156.42315200279498,61.40100439663591],[156.38117507408404,61.20508154507341],[156.41843703697467,61.121329866606615],[155.85076430748248,60.88296850796404],[155.66668227623248,60.778041444975756],[155.7338972420528,60.55536612148943],[155.15180495689654,60.39435156460466],[154.6933241219356,60.199019991118334],[154.31565383384967,59.98334845181169],[154.09215835045123,59.775878511626146],[153.94297316978717,59.56882818813982],[153.9444685311153,59.39667852993669],[154.18178847740435,59.30077704067888],[154.75280288170123,59.28121908779802],[154.87804702232623,59.15770300503435],[154.9058943123653,59.102767549712084],[154.38708022545123,59.03995092983904],[153.92443374107623,58.922347627837084],[153.45414260338092,58.94891699429216],[153.13988784263873,59.010123811919115],[152.96824172447467,58.99606665249529],[152.8283338875606,58.947738252837084],[152.50420669029498,58.76871832485857],[152.1912489266231,58.9259410726613],[151.69065383384967,58.75345953579607],[151.35448745201373,58.691119753081225],[151.13540175865435,58.73182638760271],[151.00748732994342,58.79334219570818],[151.05617812584185,58.923812471587084],[151.39268020103717,58.97937353726091],[151.78330520103717,59.03504904385271],[151.8572645516231,59.055812441069506],[151.52360061119342,59.34394415493669],[151.14020827720904,59.43957098599138],[150.6634168953731,59.4318004476613],[150.2786512703731,59.36224707241716],[150.12006667564654,59.3894534933156],[149.7295790047481,59.595328890044115],[149.38030532310748,59.60845526333513],[149.04528335045123,59.58715399380388],[148.72844985435748,59.476337038237475],[148.7472029061153,59.29743155117693],[148.63029006431842,59.19402655239763],[148.41608718345904,59.09739264126482],[148.10282424400592,59.20679815884294],[147.91918471763873,59.261474214751146],[147.35222915123248,59.23288687344255],[146.99962905357623,59.19095953579607],[146.70640090416217,59.22479590054216],[146.30735305259967,59.28595312710466],[146.0539656014278,59.25107153530779],[146.02347854088092,59.19599493618669],[145.95696547935748,58.98285635586443],[145.65258315513873,58.97540625210466],[145.51279738853717,59.03694876309099],[145.49566176841998,59.20875128384294],[145.4041395516231,59.32550390835466],[144.84569838951373,59.283195100981615],[144.38981154869342,59.309859834868334],[143.82409194420123,59.29501303311052],[143.30285170982623,59.2665286886281],[142.92681411216998,59.27957113857927],[142.84585097740435,59.27252539272966],[142.35776809166217,59.140956484038256],[141.9238386483028,58.94089468594255],[141.5908308358028,58.727531038481615],[141.34955886314654,58.50086554165544],[140.99425795982623,58.39063223477068],[140.58739760826373,58.239310823637865],[140.4998426766231,58.17075689907732],[140.02874282310748,57.64412649746599],[139.2938337654903,57.33617743130388],[138.86675551841998,57.12446554775896],[138.34592727134967,56.80420645352068],[137.6019392342403,56.240348421294115],[137.2290907234981,55.98272284146013],[136.52126601646685,55.5898929464406],[136.1193952889278,55.420646272856615],[135.2695417733028,55.02874334927263],[134.98522475670123,54.853934847075365],[134.89373305748248,54.71992453213396],[134.90200332115435,54.55941732998552],[135.09450820396685,54.432784639555834],[135.31255629966998,54.413165651518725],[135.72582534263873,54.4072643148488],[136.1964216561153,54.47499807949724],[136.49160293052935,54.4554935323781],[136.34353164146685,53.88782843228044],[136.35065749595904,53.70121344204607],[136.48705581138873,53.65484198208513],[136.77021316002154,53.695357881743334],[137.0406599373653,53.862479768950365],[137.38286879966998,53.809806429106615],[137.32575515220904,53.74305685635271],[137.12172988365435,53.58943899746599],[137.07131484459185,53.48947104092302],[137.23923781822467,53.45651587124529],[137.97939589927935,53.464583955962084],[138.23403457115435,53.571586214262865],[138.40946486900592,53.80512198086443],[138.41680434654498,54.091910921294115],[138.76041701744342,54.08589132900896],[139.05166152427935,54.08645971890154],[139.37804702232623,54.08039435024919],[139.8059187264278,53.961146913725756],[140.10245803306842,53.80170401211443],[140.3212995858028,53.53564795132341],[140.70232680748248,53.27686270352068],[140.89365676353717,53.197433077055834],[141.12119582603717,53.05163153286638],[141.08967116783404,52.98512228604021],[140.82819655845904,52.825248323637865],[141.03197768638873,52.726073824126146],[141.0472980268994,52.68965608140495],[134.8699457082304,52.00920268938546],[127.33558400130104,49.977254198409234],[119.93576446770969,51.257643821866914],[116.70675230759709,54.659373183217475],[114.0159088408366,59.54672904426065],[107.9615110406255,59.8183896994711],[99.48535412032993,55.65854236961009],[99.53745541241915,55.2811223478262],[98.7667723629188,55.419287750616604],[93.06950826344152,56.269625675911726],[85.48980757930006,55.425871917154076],[77.03512480663197,55.48162084037334],[66.14424625645674,55.07577509715613],[66.00099826340171,55.118658879071106],[65.31164209247186,55.04663307077481],[59.189973205591734,56.41019430623805],[59.09429166962169,56.4318399506882],[62.80579411405116,56.95520024672745]]]]}},{"type":"Feature","properties":{"name":"Andronovo","subject":"Andronovo","partOf":"Andronovo","borderPrecision":1,"color":"#739b91"},"geometry":{"type":"MultiPolygon","coordinates":[[[[95.51745458874362,54.4945923781092],[91.93132023245568,48.761079375302856],[84.88659179795087,45.23871515805046],[78.24441927398921,43.326574582970586],[69.79074515258347,41.31379503025493],[68.88325939343402,40.97945817162092],[67.99481001618261,41.18048315840024],[66.48956948129326,41.12324083948834],[64.84748889777761,40.893771966825014],[62.35395912280939,40.03780030092586],[61.18321648456212,39.08838689779609],[61.111514219221505,38.935980686658496],[60.05998775208778,39.079535365946015],[59.102107411703656,38.47502952971013],[58.416339871945745,37.76409902874666],[56.506400104660145,37.388874902459406],[54.00795701061114,37.388874902459406],[53.98521712730671,37.517726503569506],[53.927752527697336,37.824218355376146],[53.87986281822468,38.025355898100756],[53.937327417834055,38.15944632168474],[53.937327417834055,38.331847749907396],[53.937327417834055,38.57129629727068],[53.98521712730671,38.657497011382006],[54.03310683677937,38.79158743496599],[54.07141784141804,38.89694555874529],[54.03310683677937,38.992721162993334],[53.91817382286335,39.050189577299975],[53.77450469444538,39.1363902914113],[53.67872527550007,39.251327120024584],[53.65957168052937,39.31837042446794],[53.58294585655476,39.31837042446794],[53.49674514244343,39.33752783413591],[53.33392241905476,39.38541754360857],[53.24772170494343,39.29921682949724],[53.20941070030476,39.40457113857927],[53.24772170494343,39.45246084805193],[53.31476500938679,39.56739767666521],[53.37223342369343,39.51950796719255],[53.544634851916086,39.538661562163256],[53.73619368980671,39.500350557524584],[53.79366210411335,39.4907718526906],[53.812815699084055,39.54824026699724],[53.669146570666086,39.64401968594255],[53.55421355675007,39.65359839077654],[53.5159025521114,39.77811010952654],[53.59252456138874,39.89304693813982],[53.688303980334055,39.979247652251146],[53.506323847277415,39.99840124722185],[53.362654718859446,39.96009024258318],[53.19025329063679,39.96009024258318],[53.04658416221882,39.99840124722185],[52.98911574791218,39.93135794277849],[52.912493738634836,40.046290956694506],[52.84545043419148,40.18038138027849],[52.84545043419148,40.33362921353044],[52.82629302452351,40.46771963711443],[52.90291503380085,40.56349905605974],[52.95080474327351,40.70716436978044],[52.96996215294148,40.822101198393725],[53.01785186241413,40.946612917143725],[53.056162867052805,41.05197104092302],[53.15194228599812,40.89872320767107],[53.180674585802805,40.84125479336443],[53.257300409777415,40.764632784087084],[53.43927672813679,40.802943788725756],[53.61168197105671,40.74547918911638],[53.65957168052937,40.81252249355974],[53.64999297569538,40.879569612700365],[53.69788268516804,40.879569612700365],[53.7649259896114,40.86999090786638],[53.79366210411335,40.72632177944841],[53.84155181358601,40.640121065337084],[53.97564223716999,40.64969977017107],[54.10973266075398,40.678432069975756],[54.22466567466999,40.72632177944841],[54.33002379844929,40.68801077480974],[54.41622451256062,40.65927847500505],[54.45453551719929,40.71674307461443],[54.387488398058665,40.802943788725756],[54.36833480308796,40.89872320767107],[54.45453551719929,40.91788061733904],[54.502425226671946,40.85083349819841],[54.60778335045124,40.81252249355974],[54.72271636436726,40.85083349819841],[54.81849578331257,40.879569612700365],[54.828074488146555,40.984923921782396],[54.751448664171946,41.13817175503435],[54.59820464561726,41.243529878813646],[54.35875609825398,41.38719519253435],[54.16719726036335,41.48297461147966],[54.138464960558665,41.62664373989763],[54.119307550890696,41.779891573149584],[54.02352813194538,41.85651358242693],[54.02352813194538,41.95229300137224],[54.02352813194538,42.04807242031755],[53.98521712730671,42.10553701992693],[53.73619368980671,42.13427313442888],[53.45843413780476,42.09596212979021],[53.26687529991413,42.086383424956225],[53.06574157188679,42.028915010649584],[52.97954085777546,41.904403291899584],[52.94122985313679,41.7703128683156],[52.998694452746165,41.68411215420427],[52.96996215294148,41.55960043545427],[52.931651148302805,41.37762030239763],[52.96038344810749,41.272262178618334],[52.96996215294148,41.13817175503435],[52.855025324328196,41.38719519253435],[52.692202600939524,41.53086432095232],[52.71136001060749,41.60749014492693],[52.68262389610554,41.693690859038256],[52.55927184532429,41.757838808257006],[52.600745233996165,41.93767889614763],[52.573767694933665,42.0186038839406],[52.51981643150593,42.072555147368334],[52.58275893638874,42.18944891567888],[52.672678980334055,42.27936895962419],[52.73562148521687,42.42324026699724],[52.75360778282429,42.55811651821794],[52.83453277061726,42.648036562163256],[52.76259902427937,42.755939089018725],[52.58275893638874,42.827872835356615],[52.37594893883015,42.800895296294115],[52.295020136339915,42.87283285732927],[52.16014388511921,42.84585531826677],[52.0702238411739,42.827872835356615],[51.980303797228586,42.90880163784685],[51.88139632652546,43.05266913052263],[51.737525019152415,43.178554140288256],[51.58466247032429,43.178554140288256],[51.422808680041086,43.16956289883318],[51.422808680041086,43.25948294277849],[51.458777460558665,43.385367952544115],[51.36885741661335,43.556212984282396],[51.26095488975788,43.61016424771013],[51.17103484581257,43.7180667745656],[50.99119857261921,44.077743135649584],[50.95522979210163,44.20362814541521],[50.70345977257038,44.25757940884294],[50.388743433459055,44.29354818936052],[50.32580092857624,44.36548193569841],[50.33479217003132,44.56330450649919],[50.40672591636921,44.61725576992693],[50.54160598228718,44.64423330898943],[50.72144225548054,44.635238252837084],[50.874304804308665,44.626247011382006],[51.0901098580196,44.56330450649919],[51.332888636095774,44.482379518706225],[51.41381743858601,44.51834448452654],[51.57567122886921,44.554313265044115],[51.4857511849239,44.626247011382006],[51.36885741661335,44.68019827480974],[51.18902114341999,44.77011831875505],[51.09910109947468,44.87802084561052],[51.21599486778523,45.039874635893725],[51.34188369224812,45.05785711880388],[51.37784865806843,45.17475088711443],[51.458777460558665,45.309630953032396],[51.5127287239864,45.37257345791521],[51.629622492296946,45.35459097500505],[51.77349379966999,45.390555940825365],[51.84542754600788,45.43551596279802],[51.99829009483601,45.38156469937029],[52.10619262169148,45.38156469937029],[52.60973647545124,45.39955099697771],[53.059329065783274,45.33660467739763],[53.284129175646555,45.32761343594255],[53.2121916146114,45.36358221646013],[53.059329065783274,45.45349844570818],[52.843524012072336,45.50745352383318],[52.83453277061726,45.64232977505388],[52.92445281456257,45.73224981899919],[53.050337824328196,45.831161104399584],[53.149249109728586,45.95704611416521],[53.20320037315632,46.1908336507863],[53.257151636584055,46.31672247524919],[53.185217890246165,46.424621187407396],[53.12227538536335,46.49655874844255],[53.16723159263874,46.5864749776906],[53.284129175646555,46.67639502163591],[53.23017791221882,46.730346285063646],[50.29473278144916,51.10895279698546],[50.65110749134363,54.157771577963146],[61.76016741357031,54.93470036098012],[66.2265715077776,55.051129599174295],[78.46062364620974,55.37004417574671],[86.96446155127705,55.453756227381554],[88.08798018453147,55.32776074810536],[95.51745458874362,54.4945923781092]],[[59.978293864098056,49.38826823652909],[63.12422233764899,50.744904775193994],[62.92760180805206,52.63383849021306],[59.78167333450113,52.96076742547283],[56.7340551257487,52.60399574635113],[55.35771141857017,51.20914428416229],[59.978293864098056,49.38826823652909]]]]}},{"type":"Feature","properties":{"name":"Afanasevo","subject":"Afanasevo","partOf":"Afanasevo","borderPrecision":1,"color":"#8f9a74"},"geometry":{"type":"MultiPolygon","coordinates":[[[[87.1171427863757,55.92949050579368],[93.06950826344152,56.269625675911726],[98.7667723629188,55.419287750616604],[101.91302268651074,53.973713277614905],[100.38241442097953,52.27303742702467],[97.40623168244662,51.167598124141016],[93.32460964103007,48.02134780054908],[90.57736378262072,47.205917653843905],[88.4636930894537,47.03868331646481],[85.78473837369549,46.93809034230689],[82.93374069453998,46.904517278530335],[79.49288142659364,46.95486898509465],[74.38074765707341,47.57198351603102],[75.0008627590974,50.673867770092976],[76.65798630524573,51.7628346718476],[80.90967593172132,53.038341559790275],[85.23511732720532,55.052930702892404],[87.1171427863757,55.92949050579368]]]]}},{"type":"Feature","properties":{"name":"Tibeto-Burmanese","subject":"Tibeto-Burmanese","partOf":"Tibeto-Burmanese","borderPrecision":1,"color":"#8f9a74"},"geometry":{"type":"MultiPolygon","coordinates":[[[[73.46693611486955,34.939706522761405],[74.36233240984303,37.83749500397161],[88.98471416604454,36.917973023288745],[99.69416891149051,34.67165511375956],[98.07170335310144,29.035791459447342],[96.85469235177952,25.226938786042084],[95.50692761125671,27.315525433146938],[89.08991115709635,31.349400073300504],[73.46693611486955,34.939706522761405]]]]}},{"type":"Feature","properties":{"name":"Austroasian rice cultures","subject":"Austroasian rice cultures","partOf":"Austroasian rice cultures","borderPrecision":1,"color":"#739b91"},"geometry":{"type":"MultiPolygon","coordinates":[[[[96.41052588904839,23.47773055265207],[102.98378725218338,24.522054378366388],[106.62348659663292,20.43822296640556],[106.38092330406452,20.11008795376482],[106.28142836998249,20.046357713896654],[106.04167464683796,19.937850557524584],[105.96486953209187,19.88052328701677],[105.84338668297077,19.70240934963884],[105.70696547935749,19.2828803884572],[105.53258040855671,18.844211183745287],[105.65331557701374,18.742835603911303],[105.86413100670124,18.489196382719896],[106.36444381187702,18.007497392851732],[106.37519362877156,17.899535738188646],[106.39383986900593,17.66453894253435],[106.43306258629109,17.550279222685717],[106.62225631187702,17.328355394560717],[107.00507535871475,17.037970481707667],[107.11497024009968,16.954610429961107],[107.37534490539612,16.691467982144694],[107.69201949547077,16.37142714138689],[107.80916884849812,16.28274305935564],[108.0953474373653,16.25158842678728],[108.23614791343952,16.080380998808764],[108.36306289146687,15.623269640166185],[108.49894240806843,15.36310728665056],[108.78612044761921,15.090558611113451],[108.91776565025593,14.792262636382006],[109.07114699791218,14.170025430876635],[109.30712417076374,12.906332575041674],[109.17454055259968,12.709093652922533],[109.06843093345906,12.48651274319353],[109.09094527672077,12.118089281279467],[109.04842666099812,11.933768831450365],[109.07335189293171,11.635222040373705],[109.06130507896687,11.590727411467455],[108.94330729750659,11.41220059964261],[108.89730361412312,11.342598520476244],[108.69589522789265,11.145221315581225],[108.58152297447468,11.08779390927019],[108.3528166146114,11.042831026274584],[108.16427901695515,10.966188989836596],[107.93872359703327,10.806869112212084],[107.67287734459187,10.52675589199724],[107.41204360435749,10.3673587667531],[107.26571944664265,10.347982011992357],[107.10048444361932,10.411494267643157],[107.03562453697468,10.436424814421557],[106.85380080650593,10.575815759856127],[106.77315810631062,10.63917215939226],[106.70439437340046,10.44842108364763],[106.72699264000202,10.226109110075853],[106.74860671470906,10.067325197417162],[106.65627578209187,9.743097864348314],[106.48202804039265,9.552120767790697],[106.33506301353718,9.520029627043627],[106.22927382896687,9.55157621975603],[106.11839583824421,9.335317217070482],[105.92659285972859,9.188765131194017],[105.69075301597859,9.124719225127123],[105.50307753990437,9.02901705380144],[105.29658797691609,8.774433695036791],[105.20842269371296,8.65352591152849],[105.02568343590046,8.519705377776049],[104.90707686851765,8.474970422942064],[104.74248031090046,8.493669115263842],[104.7776213021114,8.881320558745287],[104.82237533043171,9.472297273833178],[104.89044478843952,9.6948095190114],[104.98728469322468,9.822088800627611],[104.9785261483028,9.980911813933275],[104.76486495445515,10.177400194365404],[104.42780593345906,10.284679018217943],[104.38717940758015,10.314412676054857],[104.27201369713093,10.398712717253588],[104.16030410240437,10.519180856902025],[104.0030622811153,10.537899576384447],[103.83095076988484,10.47399767513933],[103.73876479576374,10.492859445769213],[103.60692122886921,10.47350939388933],[103.52486709068562,10.52416857357683],[103.58845809410359,10.664080225188158],[103.67030623863484,10.765905939299486],[103.65232375572468,10.88022383328142],[103.52488997886921,11.057841860014818],[103.40011886070515,11.038512788969896],[103.19204238365437,10.904642664153002],[103.03959182213093,10.897970758635424],[102.96258834312702,11.367944322783373],[102.67077926109577,12.037724100310228],[102.65849593590046,12.066133104521654],[102.52975753258015,12.14844950314226],[102.32390883873249,12.186125360686205],[102.18049148243561,12.327434055051532],[101.91858199547077,12.585492693144701],[101.72353652427937,12.654962145048998],[101.58664229820515,12.661016069609545],[101.3291120858028,12.558820329863451],[101.15365889976765,12.609263025481127],[101.02302840660359,12.672516428191088],[100.87163070152546,12.678542696196459],[100.87124160240437,12.805599771696947],[100.95698073814656,13.364850603300951],[100.90870955894734,13.447337709624193],[100.58545211265827,13.472054086882494],[100.47393325279499,13.509931169707201],[100.23968032310749,13.490372263152025],[100.04000380943562,13.394650064665697],[99.9303312630489,13.261001192290209],[100.02316573570515,12.994373880583666],[99.97711471031452,12.841794573027514],[99.83370498131062,12.523833833891771],[99.87109664390827,12.263434015471361],[99.89526656578327,12.079245172697924],[99.76342299888874,11.780366502959154],[99.50129989097859,11.24612673397722],[99.18617537925984,10.489401422697924],[99.07134536216999,9.898278795439623],[99.11865523765827,9.37104185696306],[99.19562056968952,9.237786852080248],[99.29845717857624,9.16176565762224],[99.5461759896114,9.194064699370287],[99.72404769371296,9.257984720427416],[99.83726027916218,9.226458154875658],[99.89802077720906,9.067752443510912],[99.90211776207234,8.92163237209978],[99.86589339683796,8.711874567229174],[99.92937758873249,8.584942423064135],[100.00934890220906,8.490066133696459],[100.13154128502156,8.532050691801928],[100.20770553062702,8.32504805203142],[100.30192092369343,7.886848531920336],[100.2874861092403,7.772442899901293],[100.34463027427937,7.440459810454271],[100.53962233970906,7.048657499510668],[100.61492446373249,6.978928648192309],[100.97531417320515,6.85263594265642],[101.21749404381062,6.802323423582934],[101.42795852134968,6.828196607787035],[101.55989364097859,6.739531599242113],[101.67956069420124,6.46432503338518],[101.97837356041218,6.219416700560473],[102.07380202720906,6.154240690428637],[102.08966353843952,6.143415533263109],[102.32511428306843,6.099444948393725],[102.80228713463093,5.56039150829973],[103.05715718221148,5.223461512834714],[103.11419204185749,5.148063265044115],[103.34182265709187,4.805444799620531],[103.3785505623653,4.545016847807787],[103.36812118004109,4.182816110808275],[103.30778029869343,3.795101724821947],[103.33394155585638,3.393729771687659],[103.33925155113484,3.312262617308519],[103.30775741050984,3.026256643492601],[103.35107711265827,2.803951345641039],[103.43956283043171,2.632579170424364],[103.67808822105671,2.410706363875292],[103.83044722984577,2.169566951949022],[104.14766982506062,1.445869528014086],[104.17563918541218,1.388738475996874],[104.01071456383015,1.420148454863451],[103.60840133140827,1.444692217070482],[103.42773726890827,1.380763732153795],[103.34908584068562,1.412365876395128],[103.11473372886921,1.608834468085192],[102.71689895103718,1.881211601454638],[102.44667342613484,2.03313001270952],[101.89264205406452,2.336937271315477],[101.43380263756062,2.66636999722185],[101.33639815758015,2.780523143965624],[101.26427749107624,3.225161157805346],[101.06691268394734,3.536084018904589],[100.75484378682111,3.821068283767549],[100.66430953453327,3.903745018202684],[100.57663253258015,4.202192865569017],[100.59420302818562,4.424622141081713],[100.60761550377156,4.551729284483812],[100.55932906578327,4.7358890401906],[100.37971785972859,5.02142723675432],[100.22372725914265,5.853456102568529],[100.13910964439656,6.177317224699877],[100.15874007652546,6.340098463255785],[100.1644392342403,6.38705452557268],[100.22198775718952,6.520606600005053],[100.15439895103718,6.603053175169848],[99.96908095787312,6.507349573332689],[99.83384231041218,6.538828455168627],[99.6629972786739,6.710008703429125],[99.61080459068562,6.938635431486986],[99.63965133140827,7.0657811986989],[99.57172683189656,7.262594782072924],[99.46808150718952,7.33861645336809],[99.29392531822468,7.319180093962572],[99.11860183189656,7.642843805510424],[99.02450850914265,7.871374689299486],[98.88945296715046,8.017219148833178],[98.74962142418171,8.08681448574724],[98.54462722252156,8.2642675268239],[98.39026168297077,8.219458185393236],[98.29240706871296,8.155707918364428],[98.19523147056843,8.327052675444506],[98.17717269371296,8.600222192961596],[98.25056746910359,8.937120996672533],[98.50175765465046,9.71915205593767],[98.63262465904499,10.100653253752611],[98.59324172447468,10.120483003813646],[98.4316511483028,10.201866708952807],[98.3978605599239,10.563940607268236],[98.60528090904499,10.862991892058275],[98.68356612633015,11.085537515837572],[98.73837569664265,11.43508108730974],[98.86735061119343,11.645017229277514],[98.63706496666218,11.657233797270678],[98.59017470787312,11.695243440825365],[98.58831313560749,11.82231196041765],[98.67653945396687,12.051212869841478],[98.65403555502839,12.24472412495161],[98.59676650474812,12.73718126888933],[98.48591903160359,13.111775957304857],[98.40265343995057,13.266404191269851],[98.1988859505489,13.644810281950853],[98.19403629243605,13.657839339222171],[97.98979092774117,14.206563495047009],[97.97914412925984,14.23516710873308],[97.82298568199421,14.616008363921068],[97.74229720543171,15.009702287871264],[97.6738685662529,15.693107710150713],[97.6640730233028,15.790937029082201],[97.61144545982624,16.095754228789232],[97.59611037681843,16.34982069607439],[97.57322219322468,16.44506987209978],[97.41847518394734,16.482848726469896],[97.35199264000202,16.527171693999193],[97.21499160240437,16.93980749722185],[96.98308089683796,17.244233690459154],[96.88161757896687,17.345660768706225],[96.77038100670124,17.332707964140795],[96.73407271812702,16.887960039336107],[96.66289809654499,16.69722708340349],[96.4692488045528,16.512576662260912],[96.20389846275593,16.38495787258806],[95.71379378746296,16.15521391506853],[95.55232528160359,15.875349603850267],[95.41820052574421,15.741652094084642],[95.32981399009968,15.677930437285326],[95.22297194908406,15.804764352995775],[95.22019484947468,16.00168951626482],[95.12479690025593,15.995128236967943],[94.97264388511921,15.835991464812182],[94.82800582359577,15.84203966732683],[94.75341323326374,15.93716963406267],[94.81964400718952,16.159654222685717],[94.81927779625202,16.21047171230974],[94.53972152183796,16.13363607998552],[94.41559890220906,16.076203905302904],[94.3040876717403,15.948904596526049],[94.14435866783406,16.00573881741228],[94.14335921715046,16.215379320341967],[94.3920011849239,16.908359132964037],[94.4648542733028,17.26426275845232],[94.46530891052512,17.64281139009053],[94.46533492515827,17.6644721853322],[94.42045882652546,18.140813432890795],[94.24740889976765,18.578780733305834],[94.2441450107481,18.58690895858004],[94.05371383140827,19.061149202544115],[93.9655866951778,19.194356523711107],[93.83903792808796,18.952691637236498],[93.69466689537312,19.009553514677904],[93.45794204185749,19.174213014799975],[93.67500594566609,19.250913225371264],[93.81499770591999,19.257560335356615],[93.7478361458614,19.47339781399431],[93.72381881187702,19.5940376150197],[93.41599563072468,19.94275816555681],[93.33432296226765,20.025172792632006],[93.24848464439656,20.037692629057787],[93.06563094566609,19.99283369656267],[92.89442733238484,20.113166414458178],[92.93328383873249,20.31016882534685],[92.92148116539265,20.37367209072771],[92.82709792564656,20.424287401396654],[92.66279128502156,20.404885851103685],[92.4033537239864,20.61396177883806],[92.23148993818378,20.820351642708193],[92.17629531334187,20.886634432036303],[92.1236677498653,20.996430956084154],[92.06685927818562,21.115090929228685],[91.94604781578327,21.36257895107927],[91.84590438316609,21.908670030791185],[91.6517870269344,22.356924150680594],[91.57107070396687,22.543313585478685],[91.41017440269734,22.72083433743181],[91.08137801597859,22.561330400664232],[90.90481093834187,22.560958467680834],[90.88918593834187,22.599036775786303],[90.78029159019734,22.69409330959978],[90.61970809410359,22.96055182095232],[90.5640974373653,22.979495607573412],[90.4953947396114,22.922177873808764],[90.48376754234577,22.68076094265642],[90.65185073326374,22.325391374785326],[90.64937118004109,22.1348090993947],[90.58523086021687,22.05844648953142],[90.38045791099812,22.019904695708178],[90.27456191490437,21.778283678252123],[90.15706923912312,21.733573518950365],[90.04241469810749,21.93025358792009],[89.90268996666218,22.107825838286303],[89.86968520591999,22.1332279073781],[89.79633620689656,21.832069002348803],[89.6701765389278,21.719838701445482],[89.57895186851765,21.700582109648607],[89.45661452720906,21.94171293850603],[89.23388198326374,21.655381761748217],[89.07225326011921,21.774339281279467],[88.99476912925984,21.629476152617357],[89.02553847740437,21.546960436064623],[88.88093856285359,21.514886461455248],[88.72346023033406,21.53995283718767],[88.65697768638874,21.857440553862475],[88.56759932945515,21.89536627407732],[88.45388320396687,21.736314378935717],[88.37705520103718,21.577336870390795],[88.2995710701778,21.551770769316576],[88.24792769859577,21.596122347075365],[88.12160781334187,21.86265143032732],[88.09043083083515,21.897249832551104],[88.05304244468952,21.938741289336107],[87.86748794029499,21.696960054594896],[87.64071944664265,21.563081346709154],[87.19423964927937,21.384255968291185],[86.93719771812702,21.288428865630053],[86.81869796226765,21.186534486967943],[86.79619124840046,21.1356693136281],[86.84421065758015,20.875316225249193],[86.92611220787312,20.69125898953142],[86.77521041343952,20.468600832182787],[86.6378507942989,20.31910666104021],[86.63238051841999,20.203647218901537],[86.38562301109577,20.016744219023607],[86.11916640709187,19.806542955595873],[85.9089460701778,19.723508440215014],[85.71477797935749,19.697682939726732],[85.37910750816609,19.60537489529314],[85.11320784996296,19.442306123930834],[84.90661910484577,19.18141134854021],[84.75349051579194,19.028016436600147],[84.65877059410359,18.933131777007006],[84.32450759152951,18.530293666632637],[84.2627287239864,18.45584066982927],[83.9876814217403,18.20749434109392],[83.68471816490437,18.08344992275896],[83.38139632652546,17.710679613310717],[83.07697585533406,17.500392519194506],[82.84608708470168,17.383410615148662],[82.74959090660359,17.334519945341967],[82.5464201302364,17.226087175566576],[82.35399917076374,17.085914217192553],[82.26742080162312,16.857019029814623],[82.23458388756062,16.647302232939623],[82.08141616295124,16.462741457182787],[81.78898147056843,16.32870253201189],[81.59676650474812,16.302877031523607],[81.36909774254109,16.34686430569353],[81.25310042808796,16.225911699492357],[81.0879011483028,15.826792322356127],[80.96311477134968,15.723398767668627],[80.73596480797077,15.837270342070482],[80.45975783775593,15.773146234709642],[80.30021956871296,15.645742975432299],[80.16343215416218,15.39131888027849],[80.08940413902546,15.175155245024584],[80.0870695442989,14.94643362637224],[80.136367578808,14.48887190469884],[74.2091322567945,14.752583624373774],[74.15313195012304,14.849504684801884],[74.03218368004109,15.058832727629564],[73.84143355797077,15.390475832182787],[73.57273391197468,16.037927232939623],[73.50805146578091,16.243956660290955],[73.49423716325276,16.287958596003243],[73.40928939293171,16.558538042265795],[73.39573464238468,16.616407518475278],[73.18471275450153,17.51732606198986],[73.06422713707234,18.031716905791185],[73.03224302020934,18.215689800564096],[72.97611020320149,18.538566210781177],[72.85335067222859,19.244680010039232],[72.78251174400593,19.94968756313982],[72.75949386070515,20.057649217802904],[72.86443618248249,20.311982713896654],[72.88083899016083,20.337086357612478],[73.10968306968952,20.687320314604662],[73.11286452720906,20.827090822417162],[72.93113234947468,20.95375784512224],[72.76573470543171,21.150355898100756],[72.71466353843952,21.436120592314623],[72.66594222496296,21.848943315703295],[72.69562056968952,22.12853582974138],[73.23111505845128,23.7207734932769],[72.52960424946995,24.422284302258223],[70.07431641803534,25.474550515730204],[69.72356101354468,26.99449060185639],[70.30815335436245,28.046756815328372],[72.29576731314286,28.982104560636806],[78.84320153030184,28.631349156146143],[79.1939569347925,30.034370774108787],[78.84320153030184,30.735881583090105],[73.6987889311055,32.13890320105275],[70.77582722701666,32.02198473288919],[69.02205020456336,31.086636987580768],[67.61902858660072,28.982104560636806],[64.81298535067545,28.51443068798259],[63.29304526454925,26.877572133692844],[63.01806167076374,25.15743979092302],[62.44957259605671,25.16259916897478],[62.13830092857624,25.104774080473803],[61.8132658333614,25.053256593901537],[61.569964441759836,25.039571367461107],[61.34399321983601,25.026860796172045],[61.00104478495394,25.075475773045977],[62.89586038519579,32.15446204447372],[72.25839258880683,35.21744117985133],[89.08991115709635,31.349400073300504],[95.50692761125671,27.315525433146938],[96.85469235177952,25.226938786042084],[96.26652439558733,23.38616241678938],[96.41052588904839,23.47773055265207]]]]}},{"type":"Feature","properties":{"name":"Anatolian tribes","subject":"Anatolian tribes","partOf":"Anatolian tribes","borderPrecision":1,"color":"#8b7fa6"},"geometry":{"type":"MultiPolygon","coordinates":[[[[38.369771081417916,38.914008988142015],[38.06937049696869,38.107009529184424],[38.907344107552035,37.57150741292739],[38.08915879769903,37.42540289331078],[36.0824308724239,36.62153204556169],[35.95679381798054,36.74749334927263],[35.89087584923054,36.77111395474138],[35.67174056480671,36.60578497524919],[35.56761458824421,36.58741720791521],[35.50617125938679,36.55855520840349],[35.54760268638874,36.54018362637224],[35.49458983848835,36.443099580962084],[35.41708281944538,36.43260534878435],[35.38869765709187,36.45359381313982],[35.35417846153523,36.414237581450365],[35.22052672813679,36.38800390835466],[35.07137206505085,36.4877086507863],[34.869910273058665,36.576922975737475],[34.66238311241413,36.64777334805193],[34.4851293892696,36.62678106899919],[34.103220972521555,36.38032492275896],[33.95171264122273,36.251578890044115],[33.95405486534382,36.15975912686052],[33.89098266075398,36.13877447720232],[33.83587554405476,36.10729559536638],[33.833697351916086,36.07057150479021],[33.753176722033274,36.14664038296404],[33.481699976427805,36.05428274746599],[33.171336206896555,35.97088202114763],[32.904116663439524,35.97669561978044],[32.64034179161335,36.00799902554216],[32.334979090197336,36.12836798306169],[31.90200713585163,36.4968639242238],[31.37069037864948,36.71234472866716],[30.90531066368366,36.794215761382006],[30.59359076927448,36.76173361416521],[30.540066751940497,36.64696081753435],[30.49665168236042,36.37298163052263],[30.472832712633856,36.18825491543474],[30.394862207873114,36.11804541226091],[30.279892954333075,36.11780508633318],[30.166131052477606,36.18761786099138],[29.66195586632038,36.07834585781755],[29.47193244407917,36.09069403286638],[29.298188242419013,36.17311819668474],[29.002251657946356,36.69479712124529],[28.81352714012409,36.535155855376146],[28.469845804674872,36.738307558257006],[28.26692298362995,36.71240957852068],[28.01418975303913,36.52716406460466],[27.91190246055866,36.69894369717302],[27.94185546348835,36.756339632231615],[28.051039728625067,36.83301504727068],[27.99880889366413,36.90936621304216],[27.5534773201778,36.91482504482927],[27.308110270006903,36.920707308012865],[27.268630060656317,37.04168280239763],[27.525639566881903,37.13141211147966],[27.492524179919013,37.2396732198781],[27.36463263939167,37.328631960112475],[27.160407099230536,37.36008032437029],[27.12256148765827,37.49385031338396],[27.141085657580145,37.64686545010271],[27.179783853991278,37.77442892666521],[27.13977340172077,37.889091097075365],[26.961377176745184,37.946105562407396],[26.6793318123653,38.104938112456225],[26.512320551378973,38.06634863491716],[26.393214258654364,38.104362093169115],[26.391598734362372,38.21912726040544],[26.46871093223835,38.44475897427263],[26.527411493761786,38.41824301357927],[26.742451700670966,38.27838858242693],[26.99743178795124,38.40005835171404],[26.819674524767645,38.52725180264177],[26.828822168810614,38.58296164150896],[26.695696863634833,38.640765749174975],[26.709471735461005,38.698573671538256],[26.96638015220905,38.76993139858904],[27.034913095934638,38.821097933012865],[27.00422004173542,38.884826265532396],[26.936802896960028,38.92456396694841],[26.785336527331122,38.940333925444506],[26.789847406847723,39.02442511196794],[26.87075141380573,39.055968843657396],[26.797139200670966,39.12955816860857],[26.707943949206122,39.182128511626146],[26.704054865343817,39.250472627837084],[26.60224250267292,39.255729280669115],[26.720158609850653,39.33724936123552],[26.853512796862372,39.46076925869646],[26.926152262194403,39.476546846587084],[26.957518610461005,39.54832800503435],[26.804265055163153,39.56715353604021],[26.546177896960028,39.51334723110857],[26.138976129992255,39.43973883267107],[26.064057383044013,39.45551260586443],[26.084887537462958,39.60400732632341],[26.141903910143622,39.660583101469896],[26.140706095202216,39.74998053188982],[26.127575907213934,39.878558717924975],[26.186009439928778,39.99719580288591],[26.3203344673946,39.99192389126482],[26.40305236290241,40.17649038906755],[26.4817114205196,40.187038027007006],[26.76528266380573,40.37694128628435],[26.996474298937567,40.371661745268725],[27.056124720080145,40.42969473477068],[27.271754297716864,40.45080908413591],[27.3292341561153,40.355834566313646],[27.449610743029364,40.30979498501482],[27.525994333727606,40.297137819487475],[27.763894114001044,40.28725393887224],[27.830164942248114,40.34528311367693],[27.799843821032294,40.403319917876146],[27.679287943346747,40.4613529073781],[27.807831797106513,40.50357016201677],[27.95380500267292,40.48773916836443],[28.00645926903034,40.45080908413591],[27.908217463000067,40.35055502529802],[28.00399115989948,40.36212881680193],[28.477719339831122,40.39510305996599],[28.756440195544013,40.37645300503435],[28.926756891711005,40.355834566313646],[29.05242446373249,40.33473166104021],[29.122286829455145,40.413871370512865],[29.083527597887763,40.45607718105974],[28.873215708239325,40.471908174712084],[28.777958902819403,40.524676881987475],[28.9016218514278,40.62010534878435],[29.52519706199909,40.68828924771013],[29.713147196276434,40.693561159331225],[29.769267111243053,40.71103393048073],[29.886024792755535,40.537852947712],[30.38616424429844,39.351064260972095],[33.67279492586593,38.57330000663687],[38.369771081417916,38.914008988142015]]]]}},{"type":"Feature","properties":{"name":"Catacomb culture","subject":"Catacomb culture","partOf":"Catacomb culture","borderPrecision":1,"color":"#8f9a74"},"geometry":{"type":"MultiPolygon","coordinates":[[[[28.53853095366821,43.914341331763396],[24.28856466918165,45.37467369809552],[29.758808203875745,49.32759723414194],[37.01740058645059,49.36186548463426],[44.749379428758594,49.190285506942224],[52.203516676038596,48.30653161566801],[53.185217890246165,46.865226350981615],[53.02336409996296,46.91917761440935],[52.86151030967976,46.937160097319506],[52.55578521202351,46.98212011929216],[52.465865168078196,46.910182558257006],[52.37594893883015,46.87421759243669],[52.14215758751179,46.838248811919115],[51.935347589953196,46.89220007534685],[51.79147628258015,47.009093843657396],[51.6745825142696,47.036071382719896],[51.36885741661335,47.09002264614763],[51.117083582384836,47.06304510708513],[50.82035354088093,46.91917761440935],[50.63152221153523,46.910182558257006],[50.27184966514851,46.68538626309099],[49.9481420845821,46.559501253325365],[49.723345789416086,46.532523714262865],[49.53451446007038,46.54151877041521],[49.40862945030476,46.43361624355974],[49.31320479820515,46.352687441069506],[49.23778441856648,46.26276739712419],[49.05794433067585,46.13688238735857],[48.88709929893757,46.082931123930834],[48.833148035509836,46.082931123930834],[48.833148035509836,46.01998861904802],[48.833148035509836,45.92107733364763],[48.770205530627024,45.88510855313005],[48.63532927940632,45.975028597075365],[48.482466730578196,45.88510855313005],[48.30262664268757,45.768214784819506],[48.01488784263874,45.71426352139177],[47.871016535265696,45.67829855557146],[47.75412276695515,45.71426352139177],[47.67319777916218,45.75023230190935],[47.628237757189524,45.73224981899919],[47.60126403282429,45.66031225796404],[47.65521148155476,45.54341848965349],[47.55630401085163,45.45349844570818],[47.4753752083614,45.318622194487475],[47.39445022056843,45.17475088711443],[47.25057891319538,44.98592337246599],[47.169653925402415,44.860038362700365],[47.02578261802937,44.78810080166521],[46.87292006920124,44.68019827480974],[46.80997756431843,44.53633078213396],[46.84594634483601,44.446410738188646],[46.99880507896687,44.356490694243334],[47.142676386339915,44.33850821133318],[47.22360137413288,44.20362814541521],[47.33150771568562,44.18564566250505],[47.43940642784382,44.03278311367693],[47.56529525230671,43.84395559902849],[47.53831771324421,43.67311056729021],[47.49336150596882,43.583190523344896],[47.520335230334055,43.511256777007006],[47.56529525230671,43.60117300625505],[47.61025527427937,43.75403555508318],[47.6642065377071,43.85294684048357],[47.73614028404499,43.861938081938646],[47.67319777916218,43.664115511137865],[47.57428649376179,43.50226172085466],[47.60126403282429,43.3224254476613],[47.65521148155476,43.277465425688646],[47.58327773521687,43.1875491964406],[47.56529525230671,43.007709108549975],[47.73614028404499,42.899806581694506],[47.79009154747273,42.85484655972185],[47.84404281090046,42.621059023100756],[47.969927820666086,42.59408529873552],[48.13178161094929,42.40525396938982],[48.2217016548946,42.27936895962419],[48.25410039415661,42.24844277673614],[48.41952422569538,42.09053763027849],[48.50044921348835,41.92868383999529],[48.662303003771555,41.90171011563005],[48.683238062365305,41.83590658779802],[48.89249709556843,41.68698462124529],[48.99886992882038,41.51678808804216],[49.08690174463439,41.452765992874305],[49.115881952746165,41.4316898214406],[49.24352935264851,41.29340323086443],[49.28607848594929,41.05938299771013],[49.34990218590046,40.95301016445818],[49.477549585802805,40.83600195522966],[49.60519698570515,40.76153906460466],[49.60519698570515,40.68707617397966],[49.80730346153523,40.58070334072771],[50.0200529427364,40.6019779073781],[50.190249475939524,40.570067964751146],[50.31789687584187,40.495605074126146],[50.42426970909382,40.410506807524584],[50.4668188423946,40.32540854092302],[50.4668188423946,40.26158484097185],[50.30725768516804,40.32540854092302],[50.12642577598835,40.34668310757341],[50.03068831871296,40.34668310757341],[49.913680109484446,40.32540854092302],[49.849856409533274,40.27222403164568],[49.66902068565632,40.24031027432146],[49.57328322838093,40.17648657437029],[49.55200866173054,40.091388307768725],[49.54585977665416,39.968388551416716],[48.115683142416515,40.527803886605454],[44.118197482447755,43.420703055152245],[39.640184351201206,43.703665687324985],[39.458689722521555,43.832931123930834],[38.92371276329304,44.21186026211443],[38.55609038780476,44.385097109038256],[38.27700332115437,44.42320593472185],[38.10918334434773,44.493774019438646],[37.880373987658274,44.71894796963396],[37.774050745470774,44.74454077358904],[37.62174514244343,44.67330893154802],[37.47389129112507,44.69235952969255],[37.31793883751179,44.92420920010271],[36.95986846397663,45.227355562407396],[37.22774795006062,45.31201895352068],[37.4609709114864,45.31247671719255],[37.661265406115305,45.345233522612475],[37.70609572838093,45.57840307827654],[37.867877039416086,45.79251440640154],[37.98994353721882,46.00666006680193],[38.22715285728718,46.02009161587419],[38.45897963951374,46.07891424771013],[38.2649145455196,46.31855734463396],[37.970171961291086,46.441283785063646],[37.757098230822336,46.60319098110857],[37.8665991158321,46.65535696621599],[38.031863245470774,46.66868170376482],[38.40109160850788,46.7213512289113],[38.72273925255085,46.877921663481615],[39.282359156115305,47.07403143521013],[39.194094690783274,47.24295004482927],[39.159853968127024,47.26889380093279],[38.80024627159382,47.22916754360857],[38.209727320177805,47.15045889492693],[37.85925200889851,47.103744112212084],[37.42214492271687,47.07688101406755],[37.19263366173054,46.89442022915544],[36.86455825279499,46.809291444975756],[36.35396865318562,46.77579840298357],[35.85055831383015,46.66439016934099],[35.624331507189524,46.52106054897966],[35.41610244224812,46.494689546782396],[35.21237472008015,46.63714178677263],[35.04636672447468,46.357650362212084],[34.906809839709055,46.27302130337419],[34.69234755943562,46.25312765713396],[34.49565413902546,46.27870138760271],[34.06421569298054,46.26487311001482],[33.83908370445515,46.193053804594896],[34.12725737999226,46.06389959927263],[35.00805190513874,45.61194571133318],[35.031897577746165,45.53427466030779],[34.9900122017696,45.45001562710466],[35.063418421252024,45.34009894009294],[35.31667617271687,45.32118185635271],[35.54621795128132,45.37989386196794],[35.8497648567989,45.4452281820363],[36.323164972765696,45.439696871001146],[36.52104857872273,45.38828619595232],[36.41513350914265,45.271571718413256],[36.36711409996296,45.161483370024584],[36.264754328234446,45.09658774014177],[36.00469878624226,45.04433401699724],[35.865454706652415,45.031119905669115],[35.59955504844929,45.10174139614763],[35.386660608752024,45.08192404385271],[35.06732085655476,44.86172445889177],[34.61416152427937,44.8414684164113],[34.37224105308796,44.75717505093279],[34.13495543907429,44.53749807949724],[34.01372435997273,44.49212225552263],[33.66015532921101,44.52365835781755],[33.39549544761921,44.600490175444506],[33.55937865684773,44.93613775845232],[33.516673120959055,45.12350805874529],[33.397872004015696,45.25268133755388],[33.013491663439524,45.38137014980974],[32.926287683947336,45.38767202969255],[32.64344695518757,45.380633913237475],[32.575301203234446,45.361083589751146],[32.50324157188679,45.44510229702654],[32.902258905871165,45.67258032437029],[33.19164946983601,45.78977545376482],[33.53945830772663,45.874713503081225],[33.638838800890696,45.92677267666521],[33.52794555137898,46.13406332607927],[33.33253386925007,46.16611059780779],[32.9729338021114,46.14594992275896],[32.51644423912312,46.12558325405779],[32.202166590197336,46.17036017056169],[32.11410430382038,46.215621553618334],[31.92594054649616,46.409930788237475],[32.188792261584055,46.59223898525896],[31.95127013633991,46.86462744351091],[31.781046900255927,46.701861940581225],[31.537734064562567,46.701381288725756],[31.087231668932684,46.6355357992238],[30.832856211169013,46.576591097075365],[30.520461115343817,46.25140722866716],[30.43284740335277,46.175749569852435],[30.068821939928778,45.86140020962419],[29.729748758776434,45.76999243374529],[29.62951186607624,45.750358186919115],[29.50043014000202,45.523368440825365],[29.53609374473835,45.4521976339406],[29.61591628502155,45.4102054464406],[29.683211359484442,45.37478979702654],[29.71076491783405,45.25833471890154],[29.57896140526081,45.05750235195818],[29.45752242515827,44.91514929409685],[29.261582407458075,44.8954234945363],[29.089749369127997,44.875732027251146],[28.91823676536823,44.76575049038591],[28.68624785850788,44.48805197354021],[28.573113474352606,44.19782217617693],[28.53853095366821,43.914341331763396]]]]}}]}