{"type":"FeatureCollection","features":[{"type":"Feature","properties":{"name":"Meroe","subject":"Meroe","partOf":"Meroe","borderPrecision":1,"color":"#8aa0a8"},"geometry":{"type":"MultiPolygon","coordinates":[[[[33.3453212836059,23.354044941297275],[33.345321283718846,23.354044941061307],[33.76532574880635,22.476612723085886],[34.41212209908663,20.536223672245036],[34.4217777775482,20.50604967705261],[34.52779006636866,20.17476127448868],[34.55125236699957,20.183338169133883],[34.623611940676156,19.922843703898174],[35.22911804139363,18.509996135557373],[35.49823186393475,17.23170547848712],[35.969181053381675,15.482465631969934],[35.829265993318884,14.223975271975577],[35.717828472491675,13.221631095160145],[35.3839999529645,12.80434544575118],[34.21560013461938,12.5539740561058],[32.880286056510684,12.470516926224004],[32.87901205431842,12.47057777574944],[31.797916803994543,12.522213584017774],[31.0578537920065,13.127719684735261],[30.267855513278224,15.536480721828159],[29.99979853748862,17.412879552355427],[29.846841590571525,20.124679070804007],[30.7887399694654,21.941197372956474],[31.0578537920065,22.68126038494451],[31.99975217090037,22.68126038494451],[32.605258271617856,22.815817296215066],[33.3453212836059,23.354044941297275]]]]}},{"type":"Feature","properties":{"name":"Numidia","subject":"Numidia","partOf":"Numidia","borderPrecision":1,"color":"#b69578"},"geometry":{"type":"MultiPolygon","coordinates":[[[[-1.146667149560205,35.62936743374529],[-0.917491999165765,35.66803701992693],[-0.734306839005701,35.73846014614763],[-0.428770822183839,35.86006888027849],[-0.282988813416711,35.758475862700365],[-0.203663793103448,35.75072058315935],[-0.091654170946828,35.73976858730974],[0.015310812099226,35.803668581206225],[0.198671731455573,36.033309541899584],[0.474390897257575,36.22496374722185],[0.781242343886145,36.384852968413256],[1.057602915270575,36.46185644741716],[1.579693111880072,36.51388891812029],[2.293774160845526,36.540824495512865],[2.524363550646552,36.57315024014177],[2.809869083864935,36.71390112515154],[3.070006403429755,36.61885794277849],[3.323837789995917,36.65123327847185],[3.586873087389716,36.79195364590349],[3.74122456024433,36.83686789150896],[4.163919004900702,36.831351839262865],[4.394624266131171,36.83819159146013],[4.532551798327216,36.81298407192888],[4.632117304308661,36.794066988188646],[4.777191671831854,36.74338492031755],[5.144465002520331,36.66767843838396],[5.382732424242743,36.67453344937029],[5.730162176592597,36.75170477505388],[6.047393831713446,36.84155615444841],[6.322870287401923,37.09064825649919],[6.77053740928913,36.862147890288256],[6.923042807085761,36.81784018154802],[7.063241037829169,36.881854616362475],[7.204853090746649,36.99046667690935],[7.306981119616278,37.060782991606615],[7.544922861559638,37.04214438076677],[7.719043287737616,36.95327719326677],[7.792040857775458,36.83235891934099],[7.913174662096747,36.77524908657732],[8.632667566486717,34.02654754951954],[8.142171860764826,33.9343977954201],[8.142171860764824,33.9343977954201],[-1.126940078052201,32.19300357745211],[-1.329105701939813,35.48890646572771],[-1.146667149560205,35.62936743374529]]]]}},{"type":"Feature","properties":{"name":"minor states","subject":"minor states","partOf":"minor states","borderPrecision":1,"color":"#b3a46e"},"geometry":{"type":"MultiPolygon","coordinates":[[[[41.68046859215046,41.79333838101091],[42.76566686253966,41.86917068104099],[43.767084781423435,41.81026374463606],[44.78911692620956,41.75014420670747],[47.010944447102005,41.3930647837069],[48.558288613437796,40.55987946337224],[48.95504352788288,40.321826514705194],[49.66902068565632,40.24031027432146],[49.57328322838093,40.17648657437029],[49.55200866173054,40.091388307768725],[49.54137328575398,39.87864264126482],[49.48818496177937,39.76163061733904],[49.445635828478586,39.655257784087084],[49.403086695177805,39.48506125088396],[49.498824152453196,39.378688417632006],[49.48818496177937,39.29359015103044],[49.381812128527415,39.325500093657396],[49.33926299522663,39.282950960356615],[49.30735305259968,39.13402899380388],[49.27543929527546,39.017020784575365],[49.22225478599812,39.038295351225756],[49.179705652697336,39.14466818447771],[49.115881952746165,39.18721731777849],[49.041419062121165,39.14466818447771],[49.020144495470774,39.00638159390154],[49.05205825279499,38.9319225179738],[48.99886992882038,38.87873419399919],[48.945681604845774,38.83618506069841],[48.988230738146555,38.719176851469896],[48.824954065783274,38.30957754727068],[48.83150771568562,38.3063121664113],[48.809187921984446,37.98856695767107],[48.74478057335163,37.727016054350756],[48.837229761584055,37.51097448940935],[49.05953124473835,37.39755972500505],[49.475806269152415,37.291610323149584],[49.84801391075398,37.268214784819506],[50.038714441759836,37.22470434780779],[50.11132338951374,37.09775503750505],[50.25221160362507,36.89478644009294],[50.56095412681843,36.686427675444506],[51.41704085777546,36.45569189663591],[50.9393372582698,36.188662364562894],[47.91994348297564,36.600397879375734],[46.20437883792212,36.39453012196931],[44.69468195027504,36.66902046517788],[43.99560709731941,37.62389309647866],[43.39085282003438,39.34530131146134],[41.40079783177232,38.453207696033516],[39.27422361542298,38.21902546814628],[37.00895234043534,37.49249149480356],[34.05818115094331,37.49249149480356],[32.94842527117433,37.38312424868139],[32.680368295384724,38.05326668815542],[32.01022585591069,38.18729517605022],[31.60814039222628,39.393551567103465],[29.999798537488612,39.527580054998275],[28.477719339831122,40.39510305996599],[28.756440195544013,40.37645300503435],[28.926756891711005,40.355834566313646],[29.05242446373249,40.33473166104021],[29.122286829455145,40.413871370512865],[29.083527597887763,40.45607718105974],[28.873215708239325,40.471908174712084],[28.777958902819403,40.524676881987475],[28.9016218514278,40.62010534878435],[29.52519706199909,40.68828924771013],[29.713147196276434,40.693561159331225],[29.882718119127997,40.746356569487475],[29.683445963366278,40.7516361105031],[29.417172464831122,40.741073213774584],[29.32035544822956,40.741073213774584],[29.289643320544013,40.806686006743334],[29.014533075793036,40.97867163296404],[29.161208185656317,41.21636541958513],[29.5777807564571,41.153365694243334],[30.13762381981159,41.131835542876146],[30.256087336046942,41.18466528530779],[30.744805368883856,41.04032477017107],[31.217682871325263,41.05409201260271],[31.404126200182684,41.163539491850756],[31.385666880114325,41.28504141445818],[31.666388544543036,41.3948131429738],[31.87128737877155,41.49144323940935],[32.418982538683665,41.74916800137224],[32.687911066515696,41.845973573882006],[33.15546325157429,41.94960745449724],[33.55554107139851,41.982501589018725],[33.89665511558796,41.95108374233904],[34.30390075157429,41.89411886807146],[34.66290954063679,41.87558325405779],[35.001868280871165,42.04316290493669],[35.09883025596882,41.80586203213396],[35.286074671252024,41.67147787686052],[35.41143706749226,41.626815401274584],[35.67785552452351,41.62093313809099],[35.95779326866413,41.68564566250505],[36.16136840294148,41.35250052090349],[36.38289550255085,41.23751791592302],[36.641245874865305,41.31498297329607],[36.81701186607624,41.28968390103044],[37.252825769884836,41.02772101040544],[37.821841272814524,41.00963171597185],[38.31396392296101,40.92090185757341],[38.65118316124226,40.921569429594896],[39.13864425133015,41.04431875820818],[39.37017730186726,41.06399878140154],[39.66300490806843,41.00049551602068],[40.00671294639851,40.95632895107927],[40.36101439903523,40.96344336147966],[40.60989287803913,41.02802618618669],[41.2777620965858,41.28002979187384],[41.29311660240437,41.28582342739763],[41.48396209190632,41.436542116362475],[41.52111342857624,41.46583517666521],[41.666113886339915,41.729152284819506],[41.68046859215046,41.79333838101091]]]]}},{"type":"Feature","properties":{"name":"Parthia","subject":"Parthia","partOf":"Parthia","borderPrecision":1,"color":"#b3a46e"},"geometry":{"type":"MultiPolygon","coordinates":[[[[61.164102542788726,37.69835925221],[60.340631513163046,35.982794607156485],[60.54649927056947,35.09070099172867],[60.9582347853823,34.61034289111368],[61.301347714393,32.82615566025804],[60.6151218563716,31.31645877261095],[57.5957280810774,30.97334584360024],[55.46842792121106,31.17921360100666],[54.919447234793935,31.5909491158195],[54.06743911216999,36.94152411099138],[54.008704218371165,37.34868963833513],[54.015112909777415,37.348327242094896],[53.98521712730671,37.517726503569506],[56.017408607628184,38.04147218122068],[56.84087963725386,39.139433554054925],[57.252615152066696,39.27667872565921],[58.21333135329667,39.00218838245064],[61.164102542788726,37.69835925221]]]]}},{"type":"Feature","properties":{"name":"Nabatean Kingdom","subject":"Nabatean Kingdom","partOf":"Nabatean Kingdom","borderPrecision":1,"color":"#b47c6f"},"geometry":{"type":"MultiPolygon","coordinates":[[[[37.21826842735554,25.166631303984545],[37.00525573204304,25.534686647612475],[36.669295343859446,26.016835771757982],[36.329762091157946,26.40276266471046],[36.31222442100788,26.42269667263689],[35.831072840197336,27.095153413969896],[35.59481337974812,27.51398619290056],[35.43649581383015,27.72965582485857],[35.111590418322336,28.072061144072435],[34.87561706016804,28.0969730245656],[34.76388076256062,28.096747957426928],[34.798899683459055,28.230243288237475],[34.88559249351765,28.357480608183764],[35.025679621203196,28.948632799345873],[35.07210448692585,29.21136053677263],[35.09547332237507,29.342677675444506],[35.0733976692989,29.418868623930834],[34.98467925499226,29.46721991177263],[34.9542570442989,29.43680914517107],[34.93554213951374,29.418094240385912],[34.76433471153523,29.24668654080095],[34.54894927452351,28.731626115996264],[34.398840937121165,28.095985017973803],[34.32201293419148,27.828979097563646],[34.24119857261921,27.75892027493181],[34.0580053658321,27.79031332607927],[33.85604384849812,28.024955354887865],[33.50405791710163,28.329183183867357],[33.33074096153523,28.551192842680834],[33.17847350548054,28.995608888823412],[32.94378188560749,29.19842108364763],[32.81360534141804,29.477700792509935],[35.087519937975415,30.42436515718311],[35.771098633933235,31.639616172219235],[36.80587587990826,30.316586303487384],[39.150966551977774,26.246866086032853],[37.21826842735554,25.166631303984545]]]]}},{"type":"Feature","properties":{"name":"Maan","subject":"Maan","partOf":"Maan","borderPrecision":1,"color":"#b69578"},"geometry":{"type":"MultiPolygon","coordinates":[[[[42.206519159777415,17.514735780913256],[42.009444269640696,17.736680589873217],[41.628558191759836,18.047204576689623],[41.39917663048054,18.440644823271654],[41.20152310600852,18.89638667414274],[41.033022913439524,19.28490790005388],[40.81975844810749,19.68472059841814],[40.69382003258015,19.868707262236498],[40.336348566515696,20.096686922270678],[39.76407912681843,20.40679510708513],[39.526900324328196,20.692212663847826],[39.16673949669148,21.218801103789232],[39.13041213463093,21.650762163359545],[39.10333922813679,22.0001655447072],[39.1021948189571,22.400445543486498],[39.05560210655476,22.571889482695482],[38.91509536216999,22.87021406765642],[38.490122827990305,23.612683855254076],[38.329417261584055,23.83471830959978],[37.988421473009836,24.11356123562517],[37.78184798668171,24.214786134917162],[37.55722335289265,24.27148588772478],[37.41881087730671,24.398265443999193],[37.201453241808665,24.65831335659685],[37.26854232261921,24.969781480986498],[37.21826842735554,25.166631303984545],[39.150966551977774,26.246866086032853],[42.33780954984543,20.716350983676485],[43.466347014629946,19.17926376687781],[43.794690438823835,18.659795065914338],[42.206519159777415,17.514735780913256]]]]}},{"type":"Feature","properties":{"name":"Saba","subject":"Saba","partOf":"Saba","borderPrecision":1,"color":"#b3a46e"},"geometry":{"type":"MultiPolygon","coordinates":[[[[43.05326369713093,14.60650786038103],[42.79587844322468,15.47008093472185],[42.763525995714915,15.666981302458666],[42.88387969444538,15.984922014433764],[42.828047785265696,16.321475588042162],[42.81439879844929,16.40412863369646],[42.76366332481648,16.64545591946306],[42.53529265831257,17.07066687222185],[42.206519159777415,17.514735780913256],[43.794690438823835,18.659795065914338],[45.43285726632067,17.774790940407147],[45.10641746508789,16.288112481942232],[44.69468195027504,15.53326403811869],[43.05326369713093,14.60650786038103]]]]}},{"type":"Feature","properties":{"name":"Hadramaut","subject":"Hadramaut","partOf":"Hadramaut","borderPrecision":1,"color":"#b3a46e"},"geometry":{"type":"MultiPolygon","coordinates":[[[[54.756079706652415,16.95067175503435],[54.40687468956257,17.045220934111498],[54.08425811241413,17.01911886807146],[53.681250605089915,16.897540651518725],[53.33573440025593,16.763379656035326],[53.208453211291086,16.718633257109545],[53.02094939659382,16.653768144804857],[52.894324335558665,16.60995253201189],[52.65216735313679,16.488719545561693],[52.35659697960163,16.233945451933764],[52.23764327476765,16.10025557156267],[52.16285613487507,15.871372781950853],[52.135169062121165,15.687059961516283],[51.95041182945515,15.540526949126146],[51.59900174748452,15.378753642468041],[51.312563929064524,15.246890627104662],[50.29111770103718,14.958784662444017],[49.71286300133015,14.773288332182787],[48.99728849540267,17.60657485679373],[51.45350253742116,17.949302397540496],[53.61561810455328,18.140922298600017],[55.290408167345774,17.676099382597826],[55.23443511436726,17.44726141567888],[55.23563674400593,17.28843458767595],[55.19483855675007,17.148564897734545],[54.91061309288288,16.97005995388689],[54.756079706652415,16.95067175503435]]]]}},{"type":"Feature","properties":{"name":"Mauryan Empire","subject":"Mauryan Empire","partOf":"Mauryan Empire","borderPrecision":1,"color":"#a88992"},"geometry":{"type":"MultiPolygon","coordinates":[[[[72.68463852423152,22.025076633240563],[79.83155601319369,26.693471408782628],[80.662269117915,28.449562281241526],[81.95674604083719,27.816706896701795],[83.24472307510071,27.38877756752422],[86.18128250695732,26.41310806850785],[87.92639707829079,26.064085154241152],[89.75876737819094,25.976829425674474],[91.59113767809107,26.58761952564119],[93.07448506372454,26.849386711341214],[93.77253089225793,26.500363797074517],[93.68527516369126,25.715062239974454],[93.42350797799124,25.017016411441066],[92.0852380767106,23.168500221704043],[91.57107070396687,22.543313585478685],[91.41017440269734,22.72083433743181],[91.08137801597859,22.561330400664232],[90,22.560958467680834],[90,22.325391374785326],[90,22.1348090993947],[90,22.05844648953142],[90,22.019904695708178],[90,21.93025358792009],[89.90268996666218,22.107825838286303],[89.86968520591999,22.1332279073781],[89.79633620689656,21.832069002348803],[89.6701765389278,21.719838701445482],[89.57895186851765,21.700582109648607],[89.45661452720906,21.94171293850603],[89.23388198326374,21.655381761748217],[89.07225326011921,21.774339281279467],[88.99476912925984,21.629476152617357],[89.02553847740437,21.546960436064623],[88.88093856285359,21.514886461455248],[88.72346023033406,21.53995283718767],[88.65697768638874,21.857440553862475],[88.56759932945515,21.89536627407732],[88.45388320396687,21.736314378935717],[88.37705520103718,21.577336870390795],[88.2995710701778,21.551770769316576],[88.24792769859577,21.596122347075365],[88.12160781334187,21.86265143032732],[88.09043083083515,21.897249832551104],[88.05304244468952,21.938741289336107],[87.86748794029499,21.696960054594896],[87.64071944664265,21.563081346709154],[87.19423964927937,21.384255968291185],[86.93719771812702,21.288428865630053],[86.81869796226765,21.186534486967943],[86.79619124840046,21.1356693136281],[86.84421065758015,20.875316225249193],[86.92611220787312,20.69125898953142],[86.77521041343952,20.468600832182787],[86.6378507942989,20.31910666104021],[86.63238051841999,20.203647218901537],[86.38562301109577,20.016744219023607],[86.11916640709187,19.806542955595873],[85.9089460701778,19.723508440215014],[85.71477797935749,19.697682939726732],[85.37910750816609,19.60537489529314],[85.11320784996296,19.442306123930834],[84.90661910484577,19.18141134854021],[84.75349051579194,19.028016436600147],[84.65877059410359,18.933131777007006],[84.32450759152951,18.530293666632637],[84.2627287239864,18.45584066982927],[83.9876814217403,18.20749434109392],[83.68471816490437,18.08344992275896],[83.38139632652546,17.710679613310717],[83.07697585533406,17.500392519194506],[82.84608708470168,17.383410615148662],[82.74959090660359,17.334519945341967],[82.5464201302364,17.226087175566576],[82.35399917076374,17.085914217192553],[82.26742080162312,16.857019029814623],[82.23458388756062,16.647302232939623],[82.08141616295124,16.462741457182787],[81.78898147056843,16.32870253201189],[81.59676650474812,16.302877031523607],[81.36909774254109,16.34686430569353],[81.25310042808796,16.225911699492357],[81.0879011483028,15.826792322356127],[80.96311477134968,15.723398767668627],[80.73596480797077,15.837270342070482],[80.45975783775593,15.773146234709642],[80.30021956871296,15.645742975432299],[80.16343215416218,15.39131888027849],[80.08940413902546,15.175155245024584],[80.0870695442989,14.94643362637224],[80.16166213463093,14.254099451262377],[80.16971877525593,13.891985498625658],[80.07589248131062,13.669416986662767],[80.17812636802937,13.523516260344408],[80.20183669112136,13.491685502526611],[80.31988051841999,13.33321341152849],[80.31345656822468,13.104481302458666],[80.22375777672077,12.831091486174486],[79.92280868004109,12.10616263027849],[77.90801347851091,11.964889576407401],[77.42765537789593,11.34728630418814],[76.8786746914788,11.34728630418814],[75.64346814704028,13.543209049856628],[74.42143634905956,14.375454284217641],[74.40150741050984,14.419635378081225],[74.37707415176834,14.461922599128645],[74.15313195012304,14.849504684801884],[74.03218368004109,15.058832727629564],[73.84143355797077,15.390475832182787],[73.57273391197468,16.037927232939623],[73.50805146578091,16.243956660290955],[73.49423716325276,16.287958596003243],[73.40928939293171,16.558538042265795],[73.39573464238468,16.616407518475278],[73.18471275450153,17.51732606198986],[73.06422713707234,18.031716905791185],[73.03224302020934,18.215689800564096],[72.97611020320149,18.538566210781177],[72.85335067222859,19.244680010039232],[72.78251174400593,19.94968756313982],[72.75949386070515,20.057649217802904],[72.86443618248249,20.311982713896654],[72.88083899016083,20.337086357612478],[73.10968306968952,20.687320314604662],[73.11286452720906,20.827090822417162],[72.93113234947468,20.95375784512224],[72.76573470543171,21.150355898100756],[72.71466353843952,21.436120592314623],[72.66594222496296,21.848943315703295],[72.68463852423152,22.025076633240563]],[[83.52235762802674,23.630729162771246],[82.17532168450325,23.356238819562684],[81.72630970332875,22.60139037573914],[81.90591449579854,21.709296760311318],[81.81611209956365,21.091693488092055],[79.84045938239584,19.170261085632127],[79.48633295196014,18.209544884402167],[80.24118139578368,17.386073854776484],[81.33914276861793,17.18020609737006],[84.97613981613137,20.679957973279215],[86.48583670377845,21.434806417102756],[86.48583670377845,21.846541931915596],[85.13880076025494,23.013125890551983],[83.52235762802674,23.630729162771246]]]]}},{"type":"Feature","properties":{"name":"Bosporan Kingdom","subject":"Bosporan Kingdom","partOf":"Bosporan Kingdom","borderPrecision":1,"color":"#b3a46e"},"geometry":{"type":"MultiPolygon","coordinates":[[[[37.774050745470774,44.74454077358904],[37.62174514244343,44.67330893154802],[37.47389129112507,44.69235952969255],[37.31793883751179,44.92420920010271],[36.95986846397663,45.227355562407396],[37.22774795006062,45.31201895352068],[37.4609709114864,45.31247671719255],[37.661265406115305,45.345233522612475],[37.70609572838093,45.57840307827654],[37.867877039416086,45.79251440640154],[37.98994353721882,46.00666006680193],[38.22715285728718,46.02009161587419],[38.45897963951374,46.07891424771013],[38.2649145455196,46.31855734463396],[37.970171961291086,46.441283785063646],[37.757098230822336,46.60319098110857],[37.8665991158321,46.65535696621599],[38.031863245470774,46.66868170376482],[38.40109160850788,46.7213512289113],[38.72273925255085,46.877921663481615],[39.282359156115305,47.07403143521013],[39.194094690783274,47.24295004482927],[39.159853968127024,47.26889380093279],[38.80024627159382,47.22916754360857],[38.209727320177805,47.15045889492693],[37.85925200889851,47.103744112212084],[37.42214492271687,47.07688101406755],[37.19263366173054,46.89442022915544],[36.86455825279499,46.809291444975756],[36.35396865318562,46.77579840298357],[35.85055831383015,46.66439016934099],[35.624331507189524,46.52106054897966],[35.41610244224812,46.494689546782396],[35.21237472008015,46.63714178677263],[37.77345083538732,48.64151723184502],[38.44359327486134,48.77554571973982],[39.7838781538094,48.77554571973982],[40.31999210538861,48.23943176816061],[39.24776420223017,45.96094747394891],[37.774050745470774,44.74454077358904]]],[[[35.031897577746165,45.53427466030779],[34.9900122017696,45.45001562710466],[35.063418421252024,45.34009894009294],[35.31667617271687,45.32118185635271],[35.54621795128132,45.37989386196794],[35.8497648567989,45.4452281820363],[36.323164972765696,45.439696871001146],[36.52104857872273,45.38828619595232],[36.41513350914265,45.271571718413256],[36.36711409996296,45.161483370024584],[36.264754328234446,45.09658774014177],[36.00469878624226,45.04433401699724],[35.865454706652415,45.031119905669115],[35.59955504844929,45.10174139614763],[35.386660608752024,45.08192404385271],[35.06732085655476,44.86172445889177],[34.61416152427937,44.8414684164113],[34.37224105308796,44.75717505093279],[34.13495543907429,44.53749807949724],[34.01372435997273,44.49212225552263],[33.66015532921101,44.52365835781755],[33.39549544761921,44.600490175444506],[33.55937865684773,44.93613775845232],[35.031897577746165,45.53427466030779]]]]}},{"type":"Feature","properties":{"name":"Mauretania","subject":"Mauretania","partOf":"Mauretania","borderPrecision":1,"color":"#b3a46e"},"geometry":{"type":"MultiPolygon","coordinates":[[[[-9.817042317883722,30.755221925932787],[-9.857763257519952,31.06018980618181],[-9.81326672126507,31.289060198027514],[-9.635323491589777,31.575402818877123],[-9.317557302014581,31.963718019682787],[-9.222252812878839,32.25624807949724],[-9.25076672126507,32.4214244710988],[-9.21868607093548,32.5803600179738],[-8.640263524548761,33.12173422451677],[-8.314414945142023,33.33848150845232],[-7.902406182782403,33.48548849697771],[-7.332620587842218,33.69637259121599],[-7.004007783429376,33.874984346587084],[-6.75297447730755,34.123351656157396],[-6.511472192303888,34.45429953213396],[-6.472049931221476,34.530940245135376],[-6.327673976628373,34.81162115476519],[-6.302049127118341,34.86143835659685],[-5.928758588330499,35.72785910244646],[-5.807887044446222,35.78541525479021],[-5.565000024335138,35.8623424398488],[-5.47935911704754,35.80520590420427],[-5.171789613263361,35.42376288052263],[-5.109631505505792,35.37931402798357],[-4.59297749091839,35.15118750210466],[-4.295350995557062,35.151786409575365],[-4.027887788312189,35.13323553677263],[-3.440804210202447,35.166278444487475],[-3.205772367017023,35.268607698637865],[-3.009028163449518,35.389979921538256],[-2.829877105252496,35.14205893154802],[-2.714807000653497,35.097743593413256],[-2.355662789838068,35.05391653652849],[-2.325944383435433,35.053977160872904],[-2.192973938481561,35.0542484151906],[-2.035251822964899,35.05456884976091],[-1.738327947156183,35.11883123989763],[-1.495096531407587,35.23390158291521],[-1.329105701939813,35.48890646572771],[-1.126940078052201,32.19300357745211],[-4.177465875686691,31.619899269204772],[-9.625043836133234,30.406100832182787],[-9.817042317883722,30.755221925932787]]]]}},{"type":"Feature","properties":{"name":"Ptolemaic Kingdom","subject":"Ptolemaic Kingdom","partOf":"Ptolemaic Kingdom","borderPrecision":1,"color":"#b3a46e"},"geometry":{"type":"MultiPolygon","coordinates":[[[[36.32272648241394,32.6202879028516],[35.771098633933235,31.639616172219235],[35.087519937975415,30.42436515718311],[32.81360534141804,29.477700792509935],[32.73727706383015,29.693547807890795],[32.647959742052805,29.85220106716814],[32.43838027427937,29.775519930083178],[32.318491968615305,29.54019697781267],[32.59057525108601,28.93719633694353],[32.64934447716023,28.765781007964037],[32.934676203234446,28.37882574673357],[33.35421660850788,27.90954741116228],[33.566939386828196,27.36995085354509],[33.80406478355671,26.93206938381853],[33.928809198839915,26.56382330532732],[34.10422042320515,26.354524217802904],[34.514842066271555,25.573916994292162],[34.99740127037312,24.71719893093767],[35.189864191515696,24.39991911526384],[35.18986419067511,24.399919114787224],[33.657230668213316,24.017988632918694],[33.69008329238944,23.54952842916048],[33.3453212836059,23.354044941297275],[32.605258271617856,22.815817296215066],[31.99975217090037,22.68126038494451],[31.0578537920065,22.68126038494451],[31.206054928541864,24.248332434990488],[29.93157008940671,25.839243056717404],[28.406155989341126,27.743383003939627],[26.742965374334684,28.574978311442855],[25.454770481600722,28.97753921542222],[25.44282994906524,30.681699853941133],[22.092117751695117,31.753927757099575],[20.11676886986042,30.957103334624193],[20.116679224474677,31.07146795864763],[19.992096933825263,31.350774370390795],[19.941582712633856,31.611169420439623],[19.961470636828192,31.795470796782396],[20.068364176256903,32.037135683257006],[20.365721735461005,32.29824026699724],[20.5155248970821,32.387511812407396],[20.76505187462116,32.496032320219896],[21.054497751696356,32.630050264555834],[21.673419031603583,32.8155895101613],[22.215989145739325,32.79128988857927],[22.543126139147528,32.722072206694506],[22.92284682701374,32.55765875454607],[23.00733283470417,32.48158987637224],[23.026656183703192,32.25291021938982],[23.153338465197333,32.138812624174975],[23.288636240465888,32.13273199673357],[23.714034113390692,32.07642325039568],[23.742419271526607,32.064098049233976],[24.034403833849677,31.937314592558764],[24.236922296984442,31.92502363796892],[24.815857920153388,31.9071536886281],[24.951525721056708,31.818492494780443],[24.982237848742255,31.647012315947435],[25.106553110583075,31.513841234404467],[25.25822928856159,31.437919222075365],[25.507155451281317,31.444781862456225],[25.78950026939655,31.489841066557787],[26.14333442161823,31.490577303130053],[26.823994669420966,31.358560167509935],[27.08809569786335,31.306726061064623],[27.438754114611395,31.251824938017748],[27.763331446154364,31.182614885527514],[27.9194498390987,30.99868544216814],[28.09982970665241,30.999057375151537],[28.517182383044013,30.961799226958178],[28.966422113878973,30.784841142851732],[29.248847040636786,30.753661714751146],[29.359381708605536,30.81107100125017],[29.683102640612372,31.05317076321306],[30.099139246447333,31.231925569731615],[30.47605613182331,31.31528814907732],[30.827059778673895,31.43673666592302],[30.995955500109442,31.468850694853685],[31.151381525500067,31.443749986845873],[31.392270121081122,31.444261156279467],[31.71741584251667,31.38775213833513],[31.808123621447333,31.178281389433764],[32.07651046226765,31.013650499541185],[32.30937865684773,31.084018312651537],[32.59724334190632,30.963901125151537],[32.76873305748249,30.95155295010271],[33.02139190147663,31.132072054106615],[33.12956527183796,31.051686845976732],[33.25459960411335,31.026528917509935],[33.557601007921946,30.967715822417162],[33.70960906456257,30.99570997830095],[33.916968378527415,31.070052705962084],[34.146304163439524,31.20857962246599],[34.19527724693562,31.23814161892595],[34.50065902183796,31.621099077422045],[34.59913543175007,31.817897402007006],[34.681338343127024,32.045978151518725],[34.758502039416086,32.300719820219896],[34.84289077232624,32.670699678618334],[34.894969019396555,32.662833772856615],[34.956587824328196,32.704818330962084],[34.959082636339915,32.796657167632006],[34.97200683067585,32.938407503325365],[35.088973078234446,33.069259248930834],[35.13231185386921,33.23151739712419],[35.20838836143757,33.33358725186052],[35.356089624865305,33.63978155728044],[35.34855941246296,33.74446829434099],[35.42986586998249,33.74446829434099],[35.49185088585163,33.83082541104021],[35.52440169761921,33.9747691976613],[35.532080683214915,34.118705354887865],[35.7162084908321,34.312369905669115],[35.82100585411335,34.343776308257006],[36.39134906821609,33.581004104081565],[36.32272648241394,32.6202879028516]]],[[[33.92467406700398,34.95322760220232],[33.79195693443562,34.95737036343279],[33.7325773567989,34.908622347075365],[33.68582061241413,34.934867464262865],[33.53851226280476,34.94415625210466],[33.48393538902546,34.79579123135271],[33.131392511828196,34.6803356039113],[32.95861724327351,34.6593395101613],[32.91454604576374,34.635726534087084],[32.91451552818562,34.541259371001146],[32.81665709923054,34.53863867397966],[32.784136805041086,34.625228487212084],[32.60339263389851,34.61473425503435],[32.357180628283274,34.6803356039113],[32.27109054039265,34.71969565029802],[32.270979914171946,34.81415518398943],[32.19850066612507,34.861388765532396],[32.143721613390696,35.04254492397966],[32.18047622154499,35.058314882475756],[32.23445800255085,35.01363333340349],[32.30098632286335,35.016261659819506],[32.48311522911335,35.15294226284685],[32.59698394249226,35.15557440396013],[32.744952234728586,35.11427267666521],[32.779524836046946,35.15294226284685],[32.81907180259968,35.28174551602068],[32.79511168907429,35.36061056729021],[33.07747939537312,35.31861075039568],[33.37370971153523,35.30648001309099],[33.53904250572468,35.33169516201677],[33.90731719444538,35.436847292143725],[34.21733764122273,35.573566042143725],[34.45821288536335,35.64456137295427],[34.24465468834187,35.51184424038591],[34.04842666099812,35.40793188687029],[33.78049758384968,35.20813711758318],[33.77266601036335,35.12928351040544],[33.92467406700398,34.95322760220232]]],[[[24.69006637047077,35.09244116421404],[24.3243570656612,35.207789980132006],[24.013197931750067,35.210414491850756],[23.78559401939655,35.26285132046404],[23.567723307116278,35.25498160000505],[23.513134989245184,35.275958620268725],[23.466885599596747,35.31790503140154],[23.529439005358466,35.569625459868334],[23.671465906603583,35.572249971587084],[23.669087442858466,35.61158331509294],[23.665133509142645,35.66665609951677],[23.696656259997138,35.69812353726091],[23.733677896960028,35.627318941313646],[23.74287513206745,35.561759554106615],[23.879452738268622,35.5524173605031],[23.956812891466864,35.52767141934099],[24.03900435875202,35.561759554106615],[24.033263239367255,35.59847220059099],[24.08185676048542,35.61158331509294],[24.152676615221747,35.5643802511281],[24.135817560656317,35.522426210600756],[24.091456446154364,35.519801698882006],[24.073323282702216,35.49620398159685],[24.113204035265692,35.485717378813646],[24.1777448983028,35.46998556729021],[24.21970275352741,35.449000917632006],[24.22960380028034,35.39131888027849],[24.388283762438544,35.37296637173357],[24.768567118151434,35.4280277120656],[24.997481379015692,35.421020113188646],[25.01360038231159,35.362479768950365],[25.100091013415106,35.34674795742693],[25.37401870201374,35.31790503140154],[25.511635813219794,35.294765077788256],[25.67320731590534,35.34936865444841],[25.713534388048895,35.327010713774584],[25.6684675545528,35.186820589262865],[25.74180320213581,35.13700445767107],[25.788973841173895,35.13700445767107],[25.935492548449286,35.21303518887224],[26.064152750475653,35.239249788481615],[26.099352869494208,35.21564825649919],[26.16882613609577,35.2471080648488],[26.27350905845905,35.3126598226613],[26.23604491661335,35.22876318569841],[26.242667231066473,35.14487417813005],[26.16048530052448,35.024283968169115],[25.898680719836005,35.04525717373552],[25.74173644493366,35.00885351772966],[25.590724024279364,35.016418062407396],[24.693467173083075,34.94047125454607],[24.715638193590888,35.03477057095232],[24.69006637047077,35.09244116421404]]]]}},{"type":"Feature","properties":{"name":"Guanches","subject":"Guanches","partOf":"Guanches","borderPrecision":1,"color":"#739b91"},"geometry":{"type":"MultiPolygon","coordinates":[[[[-14.50982440309849,28.050049749026638],[-14.147020770578637,28.391039461179965],[-13.808404046893443,29.04858821187777],[-13.518161140877563,29.42848330171172],[-13.421413505538938,29.090868332331816],[-13.784217138058787,28.87929453021188],[-13.880964773397412,28.19936673357924],[-14.50982440309849,28.050049749026638]]],[[[-15.574048391823386,28.178048475293522],[-15.404740029980792,28.19936673357924],[-15.211244759303536,27.900525135454227],[-15.574048391823386,27.729386561264484],[-15.912665115508583,27.900525135454227],[-15.574048391823386,28.178048475293522]]],[[[-17.291318919084016,28.284597224515256],[-16.880141468894855,28.327186915315913],[-16.081973477351177,28.539879155715276],[-16.22709493035912,28.36975954738149],[-16.638272380548287,28.050049749026638],[-17.339692736753328,28.028701784947305],[-17.291318919084016,28.284597224515256]]]]}},{"type":"Feature","properties":{"name":"Celts","subject":"Celts","partOf":"Celts","borderPrecision":1,"color":"#b69578"},"geometry":{"type":"MultiPolygon","coordinates":[[[[-7.427515473859064,55.06380423184099],[-7.225492921368829,55.10419043179216],[-6.996823754803888,55.172023378569506],[-6.645197835461847,55.20642813320818],[-6.454310384289972,55.186549745757006],[-6.279264417187921,55.139693819243334],[-6.116521325604669,55.16022451992693],[-6.018187966840021,55.093001924712084],[-5.784886327283136,54.737418733794115],[-5.763683763043634,54.65699347134294],[-5.799925771252862,54.522887788969896],[-5.661512818829767,54.32224615688982],[-5.731388535992853,54.17486914272966],[-5.91215416480755,54.02737768765154],[-6.071708169476739,53.973590456206225],[-6.206393208997003,53.95674856777849],[-6.343146768109552,53.93964346523943],[-6.443396058575861,53.899379335600756],[-6.334980454938165,53.78598364468279],[-6.172213521497003,53.43919714565935],[-6.04306122352337,52.89308889980974],[-6.070682969586603,52.76660498257341],[-6.232112851636163,52.613334261137865],[-6.340896096722833,52.427062593657396],[-6.40597101737713,52.21443899746599],[-6.489150014416925,52.19435843105974],[-6.616821256177179,52.22066458340349],[-6.893897023694269,52.206649385649584],[-6.961679425732843,52.11120184536638],[-7.372407880322687,52.09211310024919],[-7.750648942486993,52.032706819731615],[-7.861649480359308,51.96809347744646],[-8.158813920514337,51.839644991118334],[-8.565231290356866,51.61545141812029],[-8.847757306592218,51.59982260342302],[-9.243309941785089,51.47262915249529],[-9.81910988380169,51.434554659087084],[-9.795244184033624,51.604632936674975],[-9.835420575635187,51.80326422329607],[-10.216907468335382,51.7583499776906],[-10.294031110303155,51.977626405913256],[-9.963774648205987,52.09211310024919],[-10.497328725354425,52.10165365811052],[-10.469237294690362,52.206649385649584],[-9.890640225903741,52.19443091030779],[-9.80160614539837,52.24108465786638],[-9.784003224866144,52.34070547695818],[-9.735718694226495,52.48028143521013],[-9.50398823310589,52.54054983730974],[-9.19263454963421,52.55445822354021],[-9.134288754956476,52.68089636440935],[-9.615690198437921,52.6366344320363],[-9.441564527051202,52.833278261382006],[-9.525756803052179,52.90455587979021],[-9.309349980847589,53.11526831265154],[-8.996998754040948,53.12044485684099],[-8.923582997815362,53.160575472075365],[-9.001670804517023,53.30037649746599],[-9.158159223096124,53.22069891567888],[-9.297359433667413,53.279803835112475],[-9.440665212170831,53.26620825405779],[-9.616703954236261,53.345878206450365],[-9.802919354932062,53.34535177822771],[-9.884814229504816,53.29739721890154],[-10.159825292126886,53.37412222500505],[-10.021073308484308,53.51185568447771],[-10.15142532874798,53.575641237456225],[-9.809599843518487,53.63241537686052],[-9.872389760510675,53.767718874174975],[-9.696483579175226,53.87342032070818],[-9.912850347058527,53.96955832119646],[-10.178537335889093,53.91187246914568],[-10.15967556525921,54.13307150479021],[-9.98878761817669,54.253715120512865],[-9.891974416272394,54.32558401699724],[-9.474293675915948,54.24130972500505],[-9.322905507580987,54.275069795805834],[-9.085844960705987,54.25818976040544],[-8.59008499671673,54.20284994717302],[-8.686731305615655,54.36411245938005],[-8.300579991833917,54.48934897061052],[-8.211479154126398,54.63391836758318],[-8.829358068005792,54.63391836758318],[-8.760042157666437,54.70142706509294],[-8.503739324109308,54.74964483853044],[-8.476253476636163,54.87985190029802],[-8.345380750195734,55.09528311367693],[-8.118318048016778,55.17663153286638],[-7.756225076215021,55.25272711392107],[-7.657281365887872,55.11682852383318],[-7.497830834882013,55.04973944302263],[-7.427515473859064,55.06380423184099]]],[[[-5.698169675366632,55.3307262289113],[-5.755679574506036,55.47726782437029],[-5.688657250897638,55.62812002773943],[-5.517836537854425,55.668021761137865],[-5.482397046582452,55.44269903774919],[-5.620342221753351,55.329520784575365],[-5.698169675366632,55.3307262289113]]],[[[-0.203663793103448,53.52328451748552],[0.081015858156928,53.38622625942888],[0.174518886311301,53.29305990811052],[0.2678484947517,53.12666281338396],[0.250867608292349,53.04005392666521],[0.005501198871382,52.786666475493334],[0.326831850512274,52.707477174956225],[0.504670116408118,52.84751089688005],[0.741839024527319,52.90119513149919],[1.012664350970038,52.88841589565935],[1.375926765902289,52.8092418539113],[1.585714611513861,52.650043092924975],[1.691691669924506,52.311420046049975],[1.656872066958197,52.211783968169115],[1.511889729006537,52.025756441313646],[1.031286153300055,51.81272085781755],[0.686218056185492,51.56038626309099],[0.254172805054434,51.453597627837084],[0.804253611071356,51.37826880093279],[1.030067357523688,51.35884817715349],[1.18936577747608,51.40547140713396],[1.364680680735358,51.352904878813646],[1.334964427454718,51.12069662686052],[0.886016640169867,50.981891237456225],[0.888346943362006,50.89267309780779],[0.672568890555151,50.93066748257341],[0.191810223562964,50.73128470059099],[-0.203663793103448,50.79532965298357],[-0.335705709354631,50.81671484585466],[-0.839040127293817,50.721801363188646],[-1.103359904782526,50.81671484585466],[-1.372512188451044,50.7662731039113],[-2.08535870601391,50.70282324429216],[-2.023685899274103,50.57001074429216],[-2.431994643704645,50.64588888760271],[-2.550505128400079,50.57001074429216],[-2.960618939892999,50.721801363188646],[-3.110884395138971,50.65736349697771],[-3.521466937558404,50.617431246001146],[-3.563183036343805,50.361434541899584],[-3.715036120908014,50.21933706875505],[-3.881743398205987,50.200397096831225],[-4.004238095776788,50.31406363125505],[-4.242629018323175,50.39146002407732],[-4.303295102612726,50.32354315396013],[-4.540565457837335,50.35795172329607],[-4.967033830182306,50.212245546538256],[-5.282338586346857,49.963824831206225],[-5.429218259351007,50.06785162563982],[-5.777813401715509,50.13411673184099],[-5.237766232983819,50.34629400845232],[-5.016647305981866,50.56051977749529],[-4.815270391003839,50.60416754360857],[-4.604564633862726,50.778747163969896],[-4.551536527173273,50.997157655913256],[-4.442557302014581,50.96866186733904],[-4.277284589307062,51.06367071743669],[-4.280993905560724,51.18723639126482],[-3.825231519238702,51.2347789632863],[-3.482996192471735,51.181109987456225],[-3.066043344037286,51.17773779507341],[-3.033148971097223,51.329894624907396],[-2.894663301007501,51.3938480245656],[-2.750154700772516,51.644027315337084],[-3.172751632230035,51.46690710659685],[-3.499117579953424,51.459655367094896],[-4.159330811993829,51.67681463833513],[-4.998957601086847,51.70170172329607],[-5.178603139416925,51.78747137661638],[-5.24875780631756,51.860213838774584],[-5.061464276807062,52.006434999663256],[-4.619082894818536,52.09351690884294],[-4.294657674329034,52.20032080288591],[-4.123608317868463,52.37326391812029],[-4.093874898450128,52.745509706694506],[-4.147546020047418,52.83189734097185],[-4.468318429486505,52.81130179043474],[-4.621350255505792,52.8309818136281],[-4.491883245007745,52.99097784634294],[-4.317542043225519,53.09120901699724],[-3.956724610821954,53.20515020962419],[-3.329535689847223,53.233016573149584],[-2.914475408093683,53.267142854887865],[-3.056740966336481,53.51361425991716],[-2.979541268841974,53.820853792387865],[-2.865320411221735,54.02827414150896],[-2.8859381346867,54.168666444975756],[-3.2614743380711,54.14118155117693],[-3.479265180127374,54.27460058804216],[-3.569233384625665,54.41502722378435],[-3.430405822293512,54.64308127041521],[-3.152525153653375,54.838058077055834],[-3.308701720731012,54.88473471279802],[-3.5766758589909,54.924483858305834],[-3.90767737914776,54.78966864224138],[-4.121606317059747,54.762435518462084],[-4.460701909558527,54.86240347500505],[-4.500273671643487,54.77510794277849],[-4.59991165687298,54.68775519009294],[-4.902518239514581,54.734115205962084],[-5.111419168011896,54.79407461758318],[-5.066654172436944,54.94846686001482],[-4.909992661969415,55.110343538481615],[-4.638357129590265,55.42791327114763],[-4.77051540900921,55.488421999174975],[-4.907764401929132,55.663871370512865],[-4.895102468030206,55.77210577603044],[-4.75842520286297,55.81971319790544],[-4.623294320599786,55.90796240444841],[-4.710717168347589,56.13130911465349],[-4.84836718131756,56.097159944731615],[-5.134628739850275,55.89342840786638],[-5.333552804486505,55.87952002163591],[-5.570167508618585,55.75051840420427],[-5.633057561413995,55.93986090298357],[-5.497018781201593,56.177272402007006],[-5.300114598767511,56.42866095181169],[-5.270704236523859,56.544147096831225],[-5.458254781262628,56.632140718657396],[-5.546579804913751,56.65235098477068],[-5.644504037396661,56.5162845480031],[-5.821677175061456,56.400497041899584],[-6.043546166913263,56.47476538296404],[-5.908959832684747,56.73325689907732],[-5.665934529797784,56.93784292813005],[-5.625289407269708,56.99921377773943],[-5.726338830487482,57.25800665493669],[-5.561600652234308,57.29925879116716],[-5.46063992072796,57.38814505215349],[-5.76296564628338,57.619777284819506],[-5.568463769452325,57.777389131743334],[-5.229971375958673,57.7096439230031],[-5.055585351483575,57.75101812954607],[-5.345933404462091,58.09274252529802],[-4.907128301160089,58.168963991362475],[-5.112714734570734,58.39491995449724],[-4.925559487836114,58.566955171782396],[-4.509851899640314,58.40292700405779],[-4.138885226742975,58.444816194731615],[-3.830548015134088,58.50719030972185],[-3.440544810788385,58.528548799712084],[-3.165008988873712,58.522201143462084],[-3.028389659421197,58.405746065337084],[-3.166374650494806,58.27510794277849],[-3.943202701108209,57.958419405180834],[-4.150455680386774,57.83481558438005],[-4.248504605786554,57.63632925625505],[-4.148425546185724,57.55452688809099],[-3.795819249646417,57.541530214507006],[-3.400818553464166,57.57644613857927],[-3.092637029187433,57.577025972563646],[-2.853980508343927,57.543319307524584],[-2.150362935559503,57.571979128081225],[-1.944626775281183,57.4016605245656],[-2.107808676259271,57.21033056851091],[-2.20316180278515,57.064811311919115],[-2.158947673337213,57.0143199789113],[-2.413140502469293,56.71725424404802],[-2.514751401440851,56.66733893032732],[-2.667135921017877,56.471000276762865],[-2.980528798596612,56.35358389492693],[-3.152406898038141,56.336818300444506],[-2.949428287045709,56.25300558682146],[-2.720856156842462,56.17819174404802],[-2.772860255734674,56.1713138448781],[-2.895339456097833,56.085502229887865],[-3.169811215893976,56.06210669155779],[-3.29350706626629,55.9739147054738],[-3.894964662091486,55.98506888027849],[-3.713039603726617,55.884696565825365],[-3.577178683774225,55.884696565825365],[-3.355851378934137,55.8426891195363],[-3.161462274090997,55.84568365688982],[-2.927901473538629,55.94603308315935],[-2.74213143874859,55.95718725796404],[-2.540346112744562,55.884696565825365],[-2.245011058346979,55.810966097075365],[-1.941995468632928,55.55607184048357],[-1.719010558621637,55.45374258633318],[-1.665979829327814,55.37958868618669],[-1.69598897983288,55.27250250454607],[-1.55561861087536,54.92161139126482],[-1.388892021672479,54.680480562407396],[-1.192056861417047,54.595355592924975],[-0.870595899121515,54.5471683370656],[-0.604803499476663,54.300162874419115],[-0.295500931040994,54.033168398100756],[-0.234880952806822,53.79938467617693],[-0.319215585188619,53.57891424771013],[-0.203663793103448,53.52328451748552]]]]}},{"type":"Feature","properties":{"name":"Seleucid Kingdom","subject":"Seleucid Kingdom","partOf":"Seleucid Kingdom","borderPrecision":1,"color":"#a88992"},"geometry":{"type":"MultiPolygon","coordinates":[[[[34.039375817680515,36.32607173203748],[33.002298698794654,36.56702319432271],[32.0946340836022,36.332922015996054],[31.90200713585163,36.4968639242238],[31.37069037864948,36.71234472866716],[32.94842527117433,37.38312424868139],[34.05818115094331,37.49249149480356],[37.00895234043534,37.49249149480356],[39.27422361542298,38.21902546814628],[41.40079783177232,38.453207696033516],[43.39085282003438,39.34530131146134],[43.99560709731941,37.62389309647866],[44.69468195027504,36.66902046517788],[46.20437883792212,36.39453012196931],[47.91994348297564,36.600397879375734],[50.9393372582698,36.188662364562894],[51.41704085777546,36.45569189663591],[51.79552367637898,36.43234976406755],[51.993052515490305,36.45890387173357],[52.60216430137898,36.57688101406755],[53.139014276964915,36.64352758999529],[53.79965499351765,36.67903860684099],[53.98448852012898,36.781913362700365],[54.06743911216999,36.94152411099138],[54.919447234793935,31.5909491158195],[55.46842792121106,31.17921360100666],[57.5957280810774,30.97334584360024],[60.6151218563716,31.31645877261095],[60.203386341558726,29.806761884963855],[60.43306964934962,29.24895956604311],[60.683744442173705,28.64017792632747],[60.340631513163004,27.885329482503927],[59.815914098660954,27.847849667182352],[58.419199110703076,27.74808431089965],[58.350576524900944,27.199103624482525],[58.74442580650593,25.535960756499193],[58.36867812584187,25.54787977810564],[58.109637293322336,25.547322832304857],[57.900454554064524,25.540891252715014],[57.805090937121165,25.64833029385271],[57.464880976183665,25.704793535429857],[57.32798293541218,25.787087999541185],[57.254771265490305,25.793286882597826],[57.24507049034382,26.01846274014177],[57.112402948839915,26.076190553862475],[57.06634047935749,26.307468019682787],[56.93497756431843,26.464543901640795],[56.929087671740305,26.75186689968767],[56.79043105552937,26.97391279812517],[56.683550867541086,26.968356691557787],[56.66781905601765,27.04989584561052],[56.43094924400593,27.106566988188646],[56.067767176134836,27.112168871123217],[55.89973357628132,27.104804598051928],[55.8053198189571,27.005092226225756],[55.65757277916218,26.996945940215014],[55.42489913414265,26.963107668120287],[55.34008696983601,26.79935225125017],[55.098128351671946,26.73744162197771],[54.92553237388874,26.53802641506853],[54.75987533043171,26.41062506313982],[54.64605620811726,26.39131888027849],[54.064944300158274,26.70138319607439],[53.63393691490437,26.74793966885271],[53.380679163439524,26.9095893728322],[52.89083388756062,27.05232390042009],[52.77987197349812,27.18784865017595],[52.63377669761921,27.314601503569506],[52.41038802574421,27.580957018095873],[51.961550745470774,27.776948534209154],[51.698863062365305,27.814521394926928],[51.611304316027415,27.82704123135271],[51.350134882433665,28.03613432522478],[51.082259211046946,28.51201971646013],[50.796755823595774,29.01329382534685],[50.702456507189524,29.133781038481615],[50.704722437365305,29.400607668120287],[50.359839472277415,29.74293478604021],[50.13237288902546,30.06642874355974],[49.71784881065632,30.002053819853685],[49.51097396324421,30.020675264555834],[49.45236495445515,30.07772596951189],[49.321360620959055,30.102862917143725],[49.235083612902415,30.223380647856615],[49.22222808311726,30.47745855923357],[49.02017119835163,30.43257101650896],[48.945723566515696,30.387942873198412],[48.80132964561726,30.08272513027849],[48.713843378527415,29.99996145840349],[48.55364898155476,29.994622789580248],[48.51058486412312,29.993188463408373],[48.21184829185749,29.948093019682787],[48.028277430041086,29.973121248442553],[47.95715239952351,29.947564684111498],[47.911360773546946,29.890292726714037],[47.935923609240305,29.80140646572771],[47.99603179405476,29.490258775908373],[47.84490874717976,29.50315436001482],[47.61403945396687,29.272241197783373],[41.94977851818943,32.20855238803876],[41.05768490276161,32.89477824606016],[38.79313957129098,32.89477824606016],[37.90821935902426,32.77935387054711],[37.21482009784175,32.68891048865375],[35.771098633933235,31.639616172219235],[36.32272648241394,32.6202879028516],[36.39134906821609,33.581004104081565],[35.82100585411335,34.343776308257006],[35.873065027697336,34.422286592680834],[35.85191634605671,34.492946230132006],[35.7507543892696,34.74680670376482],[35.80885222862507,35.01379736538591],[35.841380152209055,35.04263266201677],[35.796431574328196,35.270717226225756],[35.60734084556843,35.41754492397966],[35.663958582384836,35.45949514980974],[35.680430445177805,35.52767141934099],[35.7331762642696,35.58536108608904],[35.69143203209187,35.68502005215349],[35.739504847033274,35.690265260893725],[35.85594466636921,35.83450277920427],[35.829051050646555,35.884784303862475],[35.71850493858601,36.09155615444841],[35.66494658897663,36.133529268462084],[35.70863250206257,36.21223410244646],[35.81413775274349,36.29849189880415],[35.81724074791218,36.30102881069841],[36.09526351402546,36.48246344204607],[36.10452178428913,36.56117209072771],[36.0824308724239,36.62153204556169],[35.95679381798054,36.74749334927263],[35.89087584923054,36.77111395474138],[35.67174056480671,36.60578497524919],[35.56761458824421,36.58741720791521],[35.50617125938679,36.55855520840349],[35.54760268638874,36.54018362637224],[35.49458983848835,36.443099580962084],[35.41708281944538,36.43260534878435],[35.38869765709187,36.45359381313982],[35.35417846153523,36.414237581450365],[35.22052672813679,36.38800390835466],[35.07137206505085,36.4877086507863],[34.869910273058665,36.576922975737475],[34.66238311241413,36.64777334805193],[34.4851293892696,36.62678106899919],[34.103220972521555,36.38032492275896],[34.039375817680515,36.32607173203748]]]]}},{"type":"Feature","properties":{"name":"Roman Republic","subject":"Roman Republic","partOf":"Roman Republic","borderPrecision":1,"color":"#a88992"},"geometry":{"type":"MultiPolygon","coordinates":[[[[28.62737154582988,36.64519332928271],[28.66749876492954,37.09551046645219],[28.240015073450856,37.42678364184238],[27.488671238468942,37.24235324715889],[27.36463263939167,37.328631960112475],[27.160407099230536,37.36008032437029],[27.12256148765827,37.49385031338396],[27.141085657580145,37.64686545010271],[27.179783853991278,37.77442892666521],[27.13977340172077,37.889091097075365],[26.961377176745184,37.946105562407396],[26.6793318123653,38.104938112456225],[26.512320551378973,38.06634863491716],[26.393214258654364,38.104362093169115],[26.391598734362372,38.21912726040544],[26.46871093223835,38.44475897427263],[26.527411493761786,38.41824301357927],[26.742451700670966,38.27838858242693],[26.99743178795124,38.40005835171404],[26.819674524767645,38.52725180264177],[26.828822168810614,38.58296164150896],[26.695696863634833,38.640765749174975],[26.709471735461005,38.698573671538256],[26.96638015220905,38.76993139858904],[27.034913095934638,38.821097933012865],[27.00422004173542,38.884826265532396],[26.936802896960028,38.92456396694841],[26.785336527331122,38.940333925444506],[26.789847406847723,39.02442511196794],[26.87075141380573,39.055968843657396],[26.869946775826367,39.05677323145135],[26.797139200670966,39.12955816860857],[26.707943949206122,39.182128511626146],[26.704054865343817,39.250472627837084],[26.60224250267292,39.255729280669115],[26.720158609850653,39.33724936123552],[26.853512796862372,39.46076925869646],[26.926152262194403,39.476546846587084],[26.957518610461005,39.54832800503435],[26.804265055163153,39.56715353604021],[26.546177896960028,39.51334723110857],[26.138976129992255,39.43973883267107],[26.064057383044013,39.45551260586443],[26.084887537462958,39.60400732632341],[26.141903910143622,39.660583101469896],[26.140706095202216,39.74998053188982],[26.127575907213934,39.878558717924975],[26.186009439928778,39.99719580288591],[26.3203344673946,39.99192389126482],[26.40305236290241,40.17649038906755],[26.4817114205196,40.187038027007006],[26.76528266380573,40.37694128628435],[26.996474298937567,40.371661745268725],[27.056124720080145,40.42969473477068],[27.271754297716864,40.45080908413591],[27.3292341561153,40.355834566313646],[27.449610743029364,40.30979498501482],[27.525994333727606,40.297137819487475],[27.573541722884915,40.295162396401935],[27.763894114001044,40.28725393887224],[27.830164942248114,40.34528311367693],[27.799843821032294,40.403319917876146],[27.679287943346747,40.4613529073781],[27.807831797106513,40.50357016201677],[27.95380500267292,40.48773916836443],[28.00645926903034,40.45080908413591],[27.908217463000067,40.35055502529802],[28.00399115989948,40.36212881680193],[28.477719339831122,40.39510305996599],[29.999798537488612,39.527580054998275],[31.60814039222628,39.393551567103465],[32.01022585591069,38.18729517605022],[32.680368295384724,38.05326668815542],[32.94842527117433,37.38312424868139],[31.37069037864948,36.71234472866716],[30.90531066368366,36.794215761382006],[30.59359076927448,36.76173361416521],[30.540066751940497,36.64696081753435],[30.49665168236042,36.37298163052263],[30.472832712633856,36.18825491543474],[30.394862207873114,36.11804541226091],[30.279892954333075,36.11780508633318],[30.166131052477606,36.18761786099138],[29.66195586632038,36.07834585781755],[29.47193244407917,36.09069403286638],[29.298188242419013,36.17311819668474],[29.002251657946356,36.69479712124529],[28.81352714012409,36.535155855376146],[28.62737154582988,36.64519332928271]]]]}},{"type":"Feature","properties":{"name":"Roman Republic","subject":"Roman Republic","partOf":"Roman Republic","borderPrecision":1,"color":"#a88992"},"geometry":{"type":"MultiPolygon","coordinates":[[[[7.073113245980859,43.53564799189147],[6.9230800003841,43.44766577358904],[6.836312687584829,43.383292003662866],[6.504407869541738,43.53984130541287],[5.55284099612104,43.633829736372725],[5.379219645016482,43.531653903319715],[5.039144466746651,43.3315203113432],[4.909845861895331,43.366439424712084],[4.7505946488216,43.35325964565935],[4.64651397178913,43.32086523647966],[4.416764769060858,43.34614523525896],[4.078196081621893,43.487086855132006],[3.80746892402912,43.46722754116716],[3.478712830050238,43.31209524746599],[3.317868027193793,43.19595297451677],[3.067900213701972,42.944564424712084],[3.001891169054755,42.77080877896013],[3.045898947222479,42.539455019194506],[3.068452011916403,42.44591278472262],[3.08708146522785,42.368644319731615],[3.086528334124335,42.32911261196794],[3.086286100847968,42.12072332974138],[3.156553778155097,42.0757213460988],[3.128878864748724,41.8572269308156],[2.628259214861639,41.61954077358904],[2.200590166552313,41.44614752407732],[2.080724749071845,41.298488222319506],[2.065487708214854,41.295597639645],[1.609828624232062,41.2091556417531],[1.442095519139162,41.179998619443616],[1.311244878275641,41.157252870757006],[0.879201921923407,41.02173575039568],[0.73375180671955,40.87495382900896],[0.709782037241705,40.785148225981615],[0.827125462992438,40.72742422695818],[0.787556442721137,40.656886659819506],[0.505141589148291,40.592757784087084],[0.237927588923224,40.240199648100756],[-0.16062503744816,39.8860240804738],[-0.203663793103448,39.799438081938646],[-0.284515862064115,39.636771761137865],[-0.394848433034173,39.43445929165544],[-0.235902842776529,39.062404237944506],[-0.203663793103448,39.012652956206225],[-0.165695284204237,38.95406302090349],[0.126115980847128,38.82135351772966],[0.172570082648047,38.73834570522966],[-0.107004006104223,38.59149893398943],[-0.203663793103448,38.54402884121599],[-0.435155329005472,38.43033941860857],[-0.564126816289178,38.21486624355974],[-0.66472887684559,38.176574312407396],[-0.872343566910974,37.75979956265154],[-0.802563574807397,37.61500509854021],[-0.91827228357052,37.57034262295427],[-1.36456796218609,37.548392854887865],[-1.625712481038324,37.4394908773488],[-1.816879835622064,37.29247625942888],[-1.940475192563287,36.951598726469896],[-2.238797393338434,36.72839697476091],[-2.355097499387018,36.82405050869646],[-2.624331441418878,36.811297975737475],[-2.761496749417535,36.69013937588396],[-2.915331569211236,36.69013937588396],[-2.969792333142511,36.741149507719896],[-4.446585622327081,36.72201880093279],[-4.757303681866876,36.48610647793474],[-5.216736283795587,36.4095950948781],[-5.37422749091839,36.2374759542531],[-5.386749711529962,36.109984956938646],[-5.424260106580011,36.071742616850756],[-5.457090821759454,36.167358003813646],[-5.487933125989191,36.173724733549975],[-5.48548647453045,36.065368257719896],[-5.660587277905694,36.00800665493669],[-5.850014176861993,36.071742616850756],[-6.204461064831964,36.282096468169115],[-6.304971662060968,36.454223238188646],[-6.288880792157403,36.57217749233904],[-6.44402500678753,36.62318380947771],[-6.500485864178888,36.718829714018725],[-6.421713319318048,36.7921634542531],[-6.6321539549992,37.02175100918474],[-6.947954621808282,37.14931448574724],[-7.010098424451105,37.16525992031755],[-7.227823701398126,37.225856386382006],[-7.491503682629816,37.208156191069506],[-7.603436437146417,37.16297873135271],[-7.836042371289484,37.032252870757006],[-8.03363796760296,37.008788667876146],[-8.280239072339288,37.088580690581225],[-8.54107376624798,37.088580690581225],[-8.667059865491144,37.12144049282732],[-8.990849462048761,36.990008913237475],[-9.0166434912846,37.06980093594255],[-8.841511693494073,37.525146089751146],[-8.84871953494979,37.816767886457356],[-8.851028409497491,37.910182558257006],[-8.932785954968683,37.9618411886281],[-8.822993245618097,38.206073366362475],[-8.847303357617609,38.384566866118334],[-8.788920369641534,38.43598135586443],[-8.853651967541925,38.49964102383318],[-9.0223226218388,38.46102102871599],[-9.236570325391046,38.41744955654802],[-9.285158124463312,38.61946829434099],[-9.069152799145929,38.64295920010271],[-8.941892591016046,38.74191626187029],[-8.960826840893976,38.81846197720232],[-9.040849652783624,38.92018087979021],[-9.17575451423382,38.732230745512865],[-9.361637082593194,38.67114599819841],[-9.52239700843548,38.68993719692888],[-9.549007382886163,38.77451666470232],[-9.459762540356866,38.95307882900896],[-9.397706952588312,39.23036154385271],[-9.41526981879925,39.36667593594255],[-9.299269643323175,39.41773565884294],[-9.117922750012628,39.644034944731615],[-8.91558548499798,40.138148866850756],[-8.969669309155694,40.19001730557146],[-8.694069829480402,40.992171846587084],[-8.851777997510187,41.407828890044115],[-8.85475441505169,41.5968509542531],[-8.920735326306573,41.767020784575365],[-8.82634856489826,41.86756206109127],[-1.727667675640657,41.81332241611033],[-1.764953093580198,41.94009283710477],[-1.362867629895785,42.208149812894376],[2.122506808271261,42.395157984576144],[4.276876324943284,45.056597085714245],[4.666153682251752,44.07050148608959],[4.689751640066083,44.05266905095658],[6.201636591635151,44.03941668926901],[6.893685226850206,43.77453718750057],[7.073113245980859,43.53564799189147]]],[[[33.95171264122273,36.251578890044115],[33.95405486534382,36.15975912686052],[33.89098266075398,36.13877447720232],[33.83587554405476,36.10729559536638],[33.833697351916086,36.07057150479021],[33.753176722033274,36.14664038296404],[33.481699976427805,36.05428274746599],[33.171336206896555,35.97088202114763],[32.904116663439524,35.97669561978044],[32.64034179161335,36.00799902554216],[32.334979090197336,36.12836798306169],[32.0946340836022,36.332922015996054],[33.002298698794654,36.56702319432271],[34.039375817680515,36.32607173203748],[33.95171264122273,36.251578890044115]]],[[[10.02135470817829,37.200133882719896],[10.132734331591376,37.10474737759294],[10.158871683581122,36.99647482510271],[10.271508249743231,36.7545543539113],[10.392797502978095,36.716571413237475],[10.5805826515987,36.793422304350756],[10.84325126121784,36.99148901577654],[11.023757013781317,37.068324648100756],[11.039403948290595,36.90904577847185],[10.920062098009833,36.65393789883318],[10.63341239403034,36.42401465054216],[10.509244951708563,36.213553987700365],[10.511460337145575,36.08616980190935],[10.602607759936102,35.88894613857927],[10.8308267922237,35.679278932768725],[10.988951715929755,35.622298799712084],[11.125108751757391,35.24060782070818],[11.082800898058661,35.14503439541521],[10.839357408983954,34.80115469570818],[10.57402518699909,34.6481090414113],[10.116421732409247,34.2341686117238],[10.019480738146552,34.081473909575365],[10.148656877978095,33.87839850063982],[10.41260055015827,33.63112600918474],[10.650217089159735,33.49818380947771],[10.77814010093952,33.47303351040544],[10.956539186938056,33.575057588774584],[9.833860788435814,32.917753806181906],[8.632667566486717,34.02654754951954],[7.913174662096747,36.77524908657732],[8.145014795763739,36.813949190337084],[8.636709246142157,36.88525732632341],[8.86551860283161,36.96835287686052],[9.150280031664618,37.17287405605974],[9.416118654711493,37.27537878628435],[9.732199701769598,37.2823978292531],[10.02135470817829,37.200133882719896]]],[[[24.3143261609276,37.98534666287396],[24.192690562148663,38.15292605377605],[24.02544161382762,38.38569989188942],[23.660534817490806,38.40357465937644],[23.59971701810134,38.45717244335585],[23.63772814271976,38.52262680680808],[23.462876969475033,38.62366656002873],[23.120776847909273,38.86676557896794],[22.869903425427715,38.83716368115139],[23.014345698977706,38.961408842619434],[23.242412446688213,39.04411813294447],[23.409661395009252,38.943672845059965],[23.78977264119343,38.71863293758614],[24.131872762759194,38.65335708482884],[24.207895011996026,38.5523591317064],[24.291519486156545,38.19476089687233],[24.588006258180208,38.15292605377605],[24.527188458790736,37.967368965721576],[24.3143261609276,37.98534666287396]]],[[[25.73594222165643,36.38653506822634],[25.789157796122215,36.40489303146257],[25.872782270282734,36.35592882884054],[25.76635112135116,36.33755930622052],[25.713135546885383,36.34980613615219],[25.73594222165643,36.38653506822634]]],[[[25.386239875166982,36.319185450416924],[25.31781985085383,36.39877419215787],[25.3330243007012,36.45994089964729],[25.37103542531962,36.49661778527289],[25.492671024098556,36.42324665835019],[25.492671024098556,36.331435169041356],[25.386239875166982,36.319185450416924]]],[[[25.94880451951957,36.91107409621058],[26.024826768756405,36.95968659606273],[26.085644568145874,36.89891612690345],[25.956406744443257,36.84418129487496],[25.834771145664316,36.78331883149609],[25.751146671503797,36.78331883149609],[25.751146671503797,36.81375611186905],[25.857577820435367,36.83809722624421],[25.94880451951957,36.91107409621058]]],[[[24.29912171108023,36.75286945753905],[24.42835953478285,36.79549519508755],[24.588006258180208,36.86851272864293],[24.67923295726441,36.75896029963509],[24.46637065940127,36.649251177336765],[24.29912171108023,36.75286945753905]]],[[[24.8236752308144,36.637051610171376],[24.8236752308144,36.661448812220584],[24.876890805280183,36.679741640978875],[24.97571972928807,36.637051610171376],[24.94531082959334,36.56991946228899],[24.8236752308144,36.637051610171376]]],[[[25.044139753601222,36.661448812220584],[25.16577535238016,36.74068632260297],[25.196184252074893,36.673644514576154],[25.10495755299069,36.637051610171376],[25.05934420344859,36.618748636935905],[25.044139753601222,36.661448812220584]]],[[[25.386239875166982,36.637051610171376],[25.26460427638805,36.704125314038706],[25.241797601616994,36.75286945753905],[25.249399826540678,36.75896029963509],[25.29501317608278,36.807669623462985],[25.431853224709084,36.6980301207178],[25.386239875166982,36.637051610171376]]],[[[24.534790683714423,37.11746294371295],[24.44356398463022,37.0992747162255],[24.42835953478285,37.20833853996449],[24.534790683714423,37.11746294371295]]],[[[24.382746185240748,37.570746906161986],[24.261110586461815,37.540613155635555],[24.29912171108023,37.66107502189996],[24.39795063508812,37.667092994189616],[24.382746185240748,37.570746906161986]]],[[[24.3599395104697,37.30515202694268],[24.3599395104697,37.39580161737422],[24.39795063508812,37.46824245164144],[24.48917733417232,37.39580161737422],[24.3599395104697,37.30515202694268]]],[[[25.044139753601222,37.377680456560746],[24.84648190558545,37.36559724964213],[24.861686355432816,37.52855624381453],[24.94531082959334,37.51046722146939],[25.044139753601222,37.377680456560746]]],[[[25.31781985085383,37.40184103098311],[24.922504154822285,37.69116000393879],[24.65642628249336,37.901413077728705],[24.76285743142493,38.003319956303606],[25.27220650131173,37.56472113091166],[25.469864349327505,37.43806729073237],[25.31781985085383,37.40184103098311]]],[[[24.78566410619598,36.947536378182036],[24.67923295726441,36.90499535372954],[24.648824057569676,37.014338584785854],[24.71724408188283,37.050751425742014],[24.78566410619598,36.947536378182036]]],[[[25.15057090253279,37.17200141281893],[25.31021762593015,37.19622810717101],[25.31021762593015,37.00219709179456],[25.112559777914374,36.94146054239683],[24.937708604669652,36.95968659606273],[25.15057090253279,37.17200141281893]]],[[[25.60670439795381,37.12352471549815],[25.599102173030126,37.026478138264174],[25.545886598564337,36.95968659606273],[25.454659899480134,36.9232301280182],[25.36343320039593,37.00826808071462],[25.34062652562488,37.087146804747654],[25.378637650243302,37.11746294371295],[25.538284373640657,37.220447029530426],[25.60670439795381,37.12352471549815]]],[[[17.258607996659602,40.955994251860766],[17.319272074206122,40.929252229887865],[18.033919367296942,40.59665258999529],[18.059941324694403,40.513534151274584],[18.383612665636786,40.30775030728044],[18.522648844225653,40.09413107510271],[18.43367865989948,39.89840658779802],[18.36491874168659,39.746722780424975],[18.160130533678778,39.873134218413256],[18.017067942126044,39.947894655424975],[17.967745813830145,40.16689261074724],[17.84960463951374,40.243495546538256],[17.61914924095417,40.28783758755388],[17.401650461657294,40.29192694302263],[17.20417121361042,40.397941194731615],[17.242802652819403,40.49576147671404],[17.084080728991278,40.525111757475756],[16.94871238182331,40.48109015103044],[16.844130548937567,40.36313589688005],[16.727564844591864,40.18360479946794],[16.60441306541706,40.08990820522966],[16.623852762682684,39.96775396938982],[16.535006556017645,39.83156546230974],[16.532101664049872,39.69751318569841],[16.87398627708698,39.54365118618669],[17.1490698189571,39.4218021261281],[17.107419046862372,39.28047140713396],[17.120997461779364,39.08602102871599],[17.180712732775458,39.022208772856615],[17.09468940208698,38.915023409087084],[16.797699961169013,38.92585714932146],[16.613329920275458,38.82732733364763],[16.522202524645575,38.7250247823781],[16.572001490099677,38.457118593413256],[16.330693277819403,38.32074316616716],[16.052943262560614,37.93117483730974],[15.785237345202216,37.9097057210988],[15.710227045519598,37.94143637295427],[15.627475771410712,38.004211031157396],[15.626577410204657,38.2330814230031],[15.790868792040595,38.29639776821794],[15.933466944201239,38.539916597563646],[15.82730010460163,38.622733675200365],[15.989846262438544,38.73476370449724],[16.152209314806708,38.70126684780779],[16.212225946886786,38.777953706938646],[16.17720893333698,38.93099173184099],[16.08256247947956,39.01247366543474],[15.98955253074909,39.42835196133318],[15.846514350404568,39.62985800103884],[15.824671778185614,39.660628877837084],[15.75702193687702,39.93362768765154],[15.666200670702704,40.09186133022966],[15.515924486620673,40.06594809170427],[15.43203357170368,39.988971315581225],[15.027263674242743,40.2121959554738],[14.89867118309284,40.24145849819841],[14.992320093615302,40.372218691069506],[14.95100501487995,40.551478944975756],[14.743317636950263,40.70481451626482],[14.334127459032782,40.59360464688005],[14.349769625170477,40.64252432461443],[14.494590792162665,40.72996100063982],[14.370310816271552,40.85147055264177],[14.23999598930622,40.8529430257863],[14.050873789294013,40.76751288052263],[13.941878351671942,40.99803503628435],[13.852500948412665,41.09095724697771],[13.797006639940985,41.193446718413256],[13.760507236067033,41.20669841656926],[13.498390230639227,41.301864229399584],[13.32910725781167,41.31109494888881],[13.271446260912665,41.31423910732927],[12.976777109606513,41.3713756429738],[12.641516718371161,41.53109701748552],[12.394848856432684,41.72954901333513],[11.963433298571356,42.00474127407732],[11.960132972273149,42.00737273979235],[11.49736503074909,42.37635382290544],[11.10476306389118,42.54908331509294],[10.7427559227779,42.850509248930834],[10.4877453179195,43.23593863125505],[10.337910145780594,43.59620282818045],[10.292479547961005,43.705436311919115],[10.261382707897823,43.74523947500629],[10.155236147666239,43.8811043680133],[10.136747393114813,43.904769502837084],[9.909300837023505,44.11047705288591],[9.825498048876707,44.152548314494645],[9.691935572130927,44.21960028286638],[9.157044443590888,44.37323721523943],[8.89658549736286,44.437186800200365],[8.671724352343329,44.417403780180834],[8.342789137514062,44.220187813196446],[8.186360392077216,44.12639959927263],[8.08956766177473,44.050829496605],[8.04806702830276,44.01842822925312],[7.979526552660712,43.96491583462419],[7.689120325548895,43.88704641934099],[7.552810224993475,43.867450319487475],[7.467525371293705,43.81083423046961],[7.397118601305731,43.76409491177263],[7.297616514666327,43.66730078335466],[6.81287013168733,45.15677654658009],[6.81287013168733,45.82691898605412],[7.348984083266551,46.49706142552814],[10.029553841162652,46.49706142552814],[10.967753256426288,46.89914688921255],[11.771924183795118,46.89914688921255],[13.782351502217196,46.76511840131776],[13.673180613024481,45.71450766201677],[13.564614328844794,45.72652395840349],[13.437729868395575,45.63843115444841],[13.367695841295966,45.69448813076677],[13.156165155871161,45.72652395840349],[13.104608568651923,45.58238562222185],[12.89865020225788,45.55837210293474],[12.448155436022528,45.394286714751146],[12.483212503893622,45.46231421108904],[12.2797432274654,45.40228994961443],[12.2514171929195,45.290282808501146],[12.180371317370184,45.27027853604021],[12.176189455492743,45.21429022427263],[12.31251338432575,45.17829474087419],[12.322136911852606,45.04236563320818],[12.408988031847723,44.98900946255388],[12.52309039543415,44.882751070219896],[12.476044687731513,44.78708609219255],[12.377765212618073,44.73152979906547],[12.273584398730048,44.67263754482927],[12.280731234057196,44.55012472744646],[12.345076593859442,44.30104025479021],[12.50811700804947,44.131458090135354],[12.697230371935614,43.93475683804216],[13.600871119005927,43.53480490322771],[13.73155692528034,43.37416037197771],[13.791634592516669,43.123344026762865],[13.915090593798407,42.87276419277849],[14.076401988771625,42.633776395633475],[14.092769655688056,42.60952719326677],[14.404933008654364,42.35311087246599],[14.429446711338755,42.326661124424014],[14.519309076769598,42.229701601225756],[14.719955477221259,42.1417613851613],[14.738527330858954,42.0471568929738],[14.922405275805243,41.97177084561052],[15.448605570299872,41.8567272054738],[16.012843164904364,41.904323183257006],[16.187411341173895,41.84086187954607],[16.19841483543659,41.74566992397966],[15.989146265490302,41.63464697476091],[15.873253855211981,41.50214346523943],[15.99104407737995,41.40614279385271],[16.420268091662177,41.2787242757863],[16.945963892443427,41.09381445522966],[17.258607996659602,40.955994251860766]]],[[[19.33922294090534,40.588737093169115],[19.527255091173895,40.865890108305834],[19.44540313194538,40.964896761137865],[19.52995017479206,41.218444429594896],[19.416991266711005,41.3452525960988],[19.498915705187567,41.523620210844896],[19.619383844836005,41.55930288906755],[19.606965097887763,41.76153906460466],[20.883380474459745,41.84431837000664],[22.360174727484722,41.940092837104764],[22.94880433812131,41.914500245337955],[23.036080273643414,41.79790349833719],[26.24639600517004,41.46046353335738],[26.73869027409843,41.364360671954316],[26.80461100573426,41.34189109787411],[27.932183298571356,40.95754965420427],[27.474169764025458,40.96283300991716],[27.313046488268622,40.78991278286638],[27.26375678489948,40.66717108364763],[26.8889265389278,40.524676881987475],[26.613572153551825,40.39804037686052],[26.51393989036823,40.281974397856615],[26.37586310814167,40.21340902920427],[26.255158457262763,40.081561647612475],[26.1408853859737,40.04465445156755],[26.21428969810749,40.16066702480974],[26.222796473009833,40.223956667143725],[26.194821390612372,40.30307348843279],[26.457545313341864,40.4349742757863],[26.556477579577216,40.498290621001146],[26.454838785631903,40.584308229643725],[26.418061289294013,40.57782324429216],[26.124041590197333,40.60284765835466],[26.020724329455145,40.66932257290544],[25.99287513206745,40.85245855923357],[25.63570502708698,40.87737616177263],[25.301114115221747,40.89594229336443],[25.046317133410223,40.95227392788591],[25.01892951439167,41.01714666958513],[24.81211570213581,40.93342169399919],[24.700663599474677,40.878341280180834],[24.51912787864948,40.873065553862475],[24.50495246361042,40.984069429594896],[24.354302439196356,40.97096212979021],[24.21905806968952,40.82968481655779],[24.02515510032917,40.74636038418474],[23.885952982409247,40.732894502837084],[23.74839499901081,40.80443152065935],[23.634697947008856,40.7727542745656],[23.63297751854206,40.71316870327654],[23.70905593345905,40.63003500576677],[23.785174402697333,40.477191530424975],[23.923703226549872,40.45080908413591],[24.29535201500202,40.17649038906755],[24.220635447008856,40.14484747524919],[24.05477813194538,40.260882936674975],[24.047778162462958,40.30835684414568],[23.92353347252155,40.34528311367693],[23.774773630602606,40.39276465054216],[23.722168955309638,40.34824331875505],[23.62723449180866,40.34528311367693],[23.658801111681708,40.28726156826677],[23.651745829088934,40.22922857876482],[23.803664240343817,40.15539129849138],[23.868659052355536,40.16067465420427],[23.920109781725653,40.05519827480974],[23.906617197497138,39.99719580288591],[23.796032938463934,39.986651979643725],[23.59577277611042,40.19231756802263],[23.44248679588581,40.255607210356615],[23.349078211291083,40.28197821255388],[23.291760477526434,40.28726156826677],[23.293139490587958,40.245055757719896],[23.259058985216864,40.22922857876482],[23.32103446434284,40.15539129849138],[23.366839441759833,40.107928835112475],[23.436467203600653,40.04465445156755],[23.523348841173895,40.01828726406755],[23.5921850533321,40.00246389980974],[23.638585123522528,39.96034201260271],[23.596890482409247,39.93405493374529],[23.37439254234577,39.95508917446794],[23.260525736315497,39.970870577055834],[23.27630904625202,40.04992254849138],[23.21477797935749,40.18176611538591],[23.141140970690497,40.26615484829607],[22.96016028831745,40.31470831509294],[22.74805549095417,40.482467256743334],[22.8639021248653,40.53522833462419],[22.875462564928778,40.59632452603044],[22.851946863634833,40.65133627529802],[22.76996711204792,40.66717108364763],[22.70125487755085,40.57744940396013],[22.492066416247138,40.498290621001146],[22.602265390856513,40.39723929043474],[22.489617380602606,40.23052557583513],[22.46736243675495,40.11848028774919],[22.525612864001044,40.064166628081225],[22.555129084093817,39.986651979643725],[22.69509795616413,39.83448370571794],[22.754473719103583,39.81834753628435],[22.81343177269245,39.602740846831225],[23.07416823814655,39.413451753813646],[23.236084970934638,39.20315893765154],[23.158499750597723,39.14007910366716],[23.05191710899616,39.10328634854021],[23.099806818468817,39.18738516445818],[23.045252832873114,39.27149923916521],[22.981301340563544,39.329330049712084],[22.918986353380927,39.34510382290544],[22.85085395286823,39.36613043423357],[22.72025779197956,39.2872691976613],[22.766058954699286,39.20278891201677],[22.834883722765692,39.16636236782732],[22.87106231163288,39.02434881802263],[22.784213098986395,38.940333925444506],[22.490498575670966,38.87685354824724],[22.602313074572333,38.8562389242238],[22.7232885689571,38.793170534331225],[22.899373087389716,38.766891084868334],[22.984231028063544,38.6670413839406],[23.09980109642292,38.67229803677263],[23.169491800768622,38.6670413839406],[23.19099524925495,38.610343538481615],[23.35615638206745,38.489501558501146],[23.49384406517292,38.48313101406755],[23.555766138537177,38.351764284331225],[23.682751688463934,38.34651144619646],[23.803948435290106,38.34651144619646],[23.96074393699909,38.20991476650896],[23.96699050377155,38.15213354702654],[23.880024942858466,38.115356050688646],[23.98729995201374,37.763427339751146],[23.91818145225788,37.68464239712419],[23.83551314781452,37.68464239712419],[23.733683619005927,37.85785635586443],[23.634148630602606,37.87897833462419],[23.540715250475653,38.00410040493669],[23.495701822741278,38.06807669277849],[23.419257196886786,38.06807669277849],[23.195841822130927,38.00503882046404],[22.98061469505573,37.95776709194841],[22.898057016833075,37.899989687163256],[23.03996756981159,37.85796698208513],[23.04539206932331,37.773578249174975],[23.048874887926825,37.642631136137865],[23.1513834328487,37.59012182827654],[23.220547708971747,37.601825319487475],[23.321707758410223,37.637382112700365],[23.312159571154364,37.54810675259294],[23.418124231798895,37.46934088345232],[23.18497947166706,37.427333437163256],[23.185792002184638,37.37482794399919],[23.109564814074286,37.34664114590349],[22.97097686241413,37.38532217617693],[23.02534583519245,37.479842745024584],[22.942069086535223,37.518390260893725],[22.713290247423895,37.54343374844255],[22.642317804796942,37.584865175444506],[22.638745340807684,37.49228628750505],[22.72623923729206,37.28850897427263],[22.81334975670124,37.212054811674975],[22.793108973009833,37.13855703945818],[22.886887583239325,37.0466800558156],[22.98255256126667,36.61475332852068],[22.673554453356513,36.75428351040544],[22.524447473986395,36.722125612456225],[22.39029601524616,36.524371706206225],[22.191407236559638,36.85523565884294],[21.984171900255927,37.02048071499529],[21.780915293200263,36.82254370327654],[21.588168177111395,36.98144110317888],[21.53144362877155,37.11514624233904],[21.626500162585028,37.306518160063646],[21.613707575304755,37.414847933012865],[21.517313990099677,37.535758577544115],[21.29634765098835,37.72654303188982],[21.221131357653388,37.828395448882006],[21.22843078087116,37.904906831938646],[21.4404516548946,38.17951544399919],[21.7144995064571,38.13544043179216],[21.905766520006903,38.26973684902849],[21.996687921984442,38.2507816183156],[22.7472143502071,37.95260580654802],[22.898655924303778,37.99755438442888],[23.116345438463934,38.157394014555834],[22.996743235094794,38.17934378262224],[22.875638041002997,38.20460089321794],[22.333741220934638,38.42670782681169],[21.82647231529499,38.46395834561052],[21.66125777672077,38.438109956938646],[21.364455255968817,38.412005983549975],[21.172404322130927,38.347838960844896],[20.771830591662177,38.85093268032732],[20.892598185045966,38.895831667143725],[21.006508860094794,38.870544038969896],[21.10468581627155,38.92177542324724],[21.159516367419013,39.00482519741716],[21.00718406151081,39.11298712368669],[20.901148828966864,39.061732851225756],[20.677752527697333,39.08042486782732],[20.2118082375362,39.404925905424975],[20.122382196886786,39.551009737212084],[20.09082892845417,39.602531038481615],[20.02855971763874,39.813781343657396],[19.803648981554755,40.01696356411638],[19.369067224962958,40.260280214507006],[19.38022521446491,40.32358130093279],[19.48371222923542,40.295890413481615],[19.49448302696491,40.40271719570818],[19.33922294090534,40.588737093169115]]],[[[8.201552423937567,40.66299780483904],[8.159486803515204,40.78467520352068],[8.240707430346259,40.855338655669115],[8.405552896960028,40.86208304043474],[8.766072306139716,40.86280020352068],[8.918423685534247,40.94002493496599],[9.306203875048407,41.184447847563646],[9.590851816637763,40.902911745268725],[9.793739351732977,40.56368216152849],[9.78784755180622,40.441955171782396],[9.695723566515692,40.31368979092302],[9.630800280077704,40.09585531826677],[9.698009523852118,39.69349630947771],[9.648338350756415,39.457213960844896],[9.478920015795477,39.144157015044115],[9.296275171740302,39.23312338467302],[9.062541994555243,39.21989019985857],[8.998516115648993,39.175094209868334],[8.931367907030829,39.053702913481615],[8.81955913017536,38.976913057524584],[8.696099314196356,38.99581106777849],[8.58237651298786,39.06576880093279],[8.417174372179755,39.212203584868334],[8.374221834643134,39.307845674712084],[8.465033564074286,39.639937959868334],[8.508480104906806,39.94647558804216],[8.487975153429755,40.20879706021013],[8.428189310534247,40.46485479946794],[8.201552423937567,40.66299780483904]]],[[[9.013268503649481,41.4576793539113],[8.828752550585516,41.49197729702654],[8.72692111442829,41.56056936855974],[8.854648622973212,41.653678499419115],[8.823254618151434,41.68797644253435],[8.626926455004462,41.73208960171404],[8.742449793322333,41.88159903164568],[8.6928291649654,41.91346319790544],[8.561865839464911,41.88159903164568],[8.53793242882038,41.947780214507006],[8.589588198168524,41.95759161587419],[8.668312105639227,42.028686128813646],[8.62645438621784,42.097343050200365],[8.510698351366766,42.13412436123552],[8.517246279223212,42.207702242094896],[8.628421816332587,42.261657320219896],[8.5004463524654,42.3597789632863],[8.609300646288641,42.48734625454607],[8.879002603991278,42.62476690884294],[9.00039294670368,42.63458975430193],[9.018427881701239,42.691039644438646],[9.149460825426825,42.71067007656755],[9.237692865832098,42.66403921719255],[9.280391726000556,42.72785528774919],[9.270520243151434,42.88251074429216],[9.303189310534247,42.9831920492238],[9.367051157458075,42.98810156460466],[9.414238962633856,42.90952643032732],[9.432161364062079,42.79413565273943],[9.405494722826727,42.58059652920427],[9.458552393419989,42.556056581694506],[9.486711534960516,42.40637930508318],[9.452508959276923,42.048305116850756],[9.357456240160712,41.901210390288256],[9.304538759691962,41.57526739712419],[9.17302421043659,41.349906526762865],[9.038939508898505,41.369498811919115],[9.013268503649481,41.4576793539113]]],[[[12.66432574699665,38.07249792690935],[12.78283980797077,38.11737784023943],[13.065952333910712,38.0669322835988],[13.32247546623493,38.220511995512865],[13.627963098986395,38.02980764980974],[13.809530291064032,37.966415010649584],[14.134472879870184,37.97345312710466],[14.765865358813056,38.05761297817888],[15.386741671068915,38.20554693813982],[15.453687700732,38.16741522427263],[15.47289279411579,38.11005743618669],[15.422523531420477,38.05257376309099],[15.181032213671454,37.68228109951677],[15.112180742724188,37.4590335714406],[15.116248163683661,37.286944948393725],[15.30134681175495,37.0578990804738],[15.22063163231159,37.00037726040544],[15.027343782885321,36.745116792876146],[14.942398104174384,36.7385631429738],[14.6220226616695,36.776141725737475],[14.215912851794013,37.04932364102068],[13.868404421313056,37.15695150967302],[13.011567148669013,37.524894319731615],[12.636879000170477,37.581500612456225],[12.53203586052204,37.638671480376146],[12.454147371752509,37.766009889799975],[12.51664451072956,37.91916998501482],[12.66432574699665,38.07249792690935]]]]}},{"type":"Feature","properties":{"name":"Paleo-Siberian hunter-gatherers","subject":"Paleo-Siberian hunter-gatherers","partOf":"Paleo-Siberian hunter-gatherers","borderPrecision":1,"color":"#b69578"},"geometry":{"type":"MultiPolygon","coordinates":[[[[75.85638492783956,61.42677903286463],[98.45947004862771,69.79094730127832],[105.40307092131953,72.748726095192],[105.60022262047077,72.74426611538591],[106.08698562095906,72.8553958761281],[106.50154403160359,73.06131323452654],[107.24994185875202,73.13382300015154],[107.80428603599812,73.1427722799367],[108.74962905357624,73.26322516079607],[109.59518722008015,73.39159735317888],[109.99058822105671,73.43995245571794],[110.44228652427937,73.56786688442888],[110.40001967857624,73.74287756558122],[110.17844680259968,73.79822119351091],[110.16323378990437,73.83008917446794],[110.28963759849812,73.9420657980031],[110.55127242515827,74.03844793911638],[110.94413283775593,73.94327124233904],[111.21531203697468,73.76829870815935],[111.49485305259968,73.74487646694841],[111.76165297935749,73.65779455776872],[112.09338668297077,73.63455542202654],[112.47680190513874,73.65914496060076],[112.99697402427937,73.779567323882],[113.22158339927937,73.74810370083513],[113.30773452232624,73.61295660610857],[113.31173995445515,73.38266333218279],[113.54699233482624,73.20093115444841],[114.1866789192989,73.55099829312029],[114.9341154427364,73.56032141323747],[115.61149123619343,73.62520178433122],[116.67113784263874,73.61922796841326],[117.53464797447468,73.54927404995622],[117.91884902427937,73.53409155483904],[118.46038344810749,73.51922949429216],[118.33846572349812,73.18611487026872],[118.49779799888874,73.03624304409685],[119.41744521568562,72.96692999478044],[119.79856399009968,72.91246374722185],[120.11277297447468,72.88152655239763],[120.57851699302937,72.83511694546404],[121.69950393150593,72.9002185689992],[122.24328139732624,72.90912207241716],[122.88243392418171,72.75281103726091],[123.51475051353718,73.17200811978044],[123.44220260093952,73.33018835659685],[123.42497542808796,73.43322332974138],[123.40985396812702,73.48077734585466],[123.5007008987776,73.50494943844788],[124.54383390453704,71.58610355723228],[130.86731605142418,69.90104204211539],[155.89216029229675,68.16901029658281],[168.13549806605704,67.45778023799447],[171.76813674618367,65.85917681241212],[172.4408476128738,63.07842210456581],[169.48091979943723,61.192640399715565],[170.34409823134902,60.27960975244485],[170.3368025154903,60.27710302944841],[170.26842788170123,60.14513739224138],[170.27305129478717,60.01343115444841],[170.06013015220904,59.881801210600756],[169.87749770591998,59.8745609151906],[169.61364272545123,60.01220282192888],[169.53161147545123,60.12989386196794],[169.45571425865435,60.29626806851091],[169.15412429283404,60.43464239712419],[168.67075637291217,60.45457800503435],[168.2109022469356,60.432860933501146],[167.68961623619342,60.35544928188982],[167.10398391197467,60.27102621670427],[166.8684187264278,60.17341574307146],[166.2685194344356,59.833278261382006],[166.02721694420123,59.70872076626482],[165.94497207115435,59.77061041470232],[166.20342544029498,60.35263785000505],[165.95633986900592,60.31051596279802],[165.7799940438106,60.35411413784685],[165.41538527916217,60.11518820400896],[165.11359694908404,60.03144034023943],[164.93296340416217,59.96187552090349],[164.88157180259967,59.73413809414568],[164.5846052498653,59.66465338345232],[164.4419050545528,59.74018820400896],[164.32805922935748,59.96072729702654],[164.11052993248248,60.07820852871599],[163.64969924400592,59.79202231045427],[163.76682570884967,59.88375815029802],[163.51627639244342,59.85569342251482],[163.3886823983028,59.81406363125505],[163.10639480064654,59.57917364712419],[163.04290297935748,59.462001405913256],[163.09977248619342,59.35886725063982],[163.25451186607623,59.29037436123552],[162.8352156014278,59.055907808501146],[162.75344375084185,58.96646460171404],[162.90740493248248,58.891280733305834],[162.61590102623248,58.732963167387865],[162.22001174400592,58.48553045864763],[161.93841079185748,58.25918539639177],[161.80436232994342,58.1017223226613],[161.7999372811153,57.86273535366716],[161.9892225594356,57.71985205288591],[162.20365432213092,57.67936285610857],[162.82566359947467,57.700980745512865],[163.0783796639278,57.62649878140154],[163.12783339927935,57.55162390347185],[162.93203261802935,57.37424048062029],[162.5932722420528,57.169540010649584],[162.51240066002154,57.033492647368334],[162.61281875084185,56.802882753569506],[162.74430373619342,56.59970816250505],[163.09797194908404,56.55972632046404],[163.17226699302935,56.383815370757006],[163.16599563072467,56.106498323637865],[163.00907424400592,55.94406851406755],[162.77128127525592,55.91659506436052],[162.55463698814654,56.01072271938982],[162.54719069908404,56.10531576748552],[162.72187331627154,56.34234961147966],[162.5218153328731,56.34873541470232],[162.31757644127154,56.24010046597185],[161.86132338951373,55.86087378140154],[161.60943129966998,55.55691488857927],[161.50274184654498,55.287372194487475],[161.64737990806842,54.985091768462084],[161.93853286216998,54.84510000820818],[162.00820449302935,54.73822363491716],[161.8758650154903,54.56412848110857],[161.5666151375606,54.42324026699724],[161.1363630623653,54.40906866665544],[160.83759597252154,54.448566042143725],[160.68291762779498,54.4482799398488],[160.4043073983028,54.36758764858904],[160.02738479088092,54.15326651211443],[159.93114760826373,54.086356722075365],[159.69506362388873,53.85922583218279],[159.63321975181842,53.70584448452654],[159.68349746177935,53.579433046538256],[159.90476516197467,53.40018042202654],[159.9220838875606,53.300468050200365],[159.8968611092403,53.24057730313005],[159.5917616219356,53.133624635893725],[159.31981948326373,53.12647207852068],[158.78814223716998,52.95936545010271],[158.46136001060748,52.82596167202654],[158.43166640709185,52.71308477993669],[158.4623670906856,52.58713873501482],[158.38950637291217,52.2026859151906],[158.2580213875606,52.01712378140154],[157.89777663658404,51.66602285977068],[157.20952895591998,51.229003511626146],[156.82464126060748,51.00411947842302],[156.6963758797481,50.957748018462084],[156.5637312264278,51.234359346587084],[156.4746961922481,51.603820406157396],[156.36185744713092,51.914237581450365],[156.33323195884967,52.27155645962419],[156.17524245689654,52.60925634976091],[156.0380964608028,52.78148993130388],[155.94184401939654,53.193080507475756],[155.71079543541217,53.80493887539568],[155.70746901939654,54.06495245571794],[155.6380720467403,54.3184085714406],[155.63018325279498,54.465350710112475],[155.58306411216998,54.55207403774919],[155.46520522545123,54.91977270718279],[155.45347121666217,55.27581366177263],[155.50568679283404,55.63962133999529],[155.6275739998653,56.26791723843279],[155.70299819420123,56.36959799404802],[156.23583510826373,56.756827913481615],[156.5578718514278,56.94747122402849],[156.81467727134967,57.26057013149919],[156.8776502938106,57.36274298306169],[156.8394880623653,57.50565680142107],[156.77685073326373,57.58045538540544],[157.51116469810748,57.74545248623552],[157.96169570396685,57.88275869961443],[158.3262586922481,58.026820741850756],[159.10428908775592,58.424884401518725],[159.39269545982623,58.610351167876146],[159.58628371666217,58.80267675991716],[159.64911941002154,58.95374640103044],[160.45193007896685,59.35388907070818],[160.8442488045528,59.554244600493334],[161.5352430672481,59.9416881429738],[161.70084670494342,60.07350882168474],[161.81792739341998,60.2679935323781],[162.38112929771685,60.46357306118669],[163.32929519127154,60.69494970913591],[163.44480422447467,60.89026602383318],[163.79265883873248,61.128192506987475],[163.83137038658404,61.23308905239763],[163.57572463463092,61.330470644194506],[163.94228652427935,61.73741491909685],[163.92588332603717,61.955001436430834],[164.00829604576373,62.1308971273488],[164.27720168541217,62.22288092251482],[165.05478957603717,62.25954397793474],[165.28571608970904,62.2881351339406],[165.06716445396685,62.435687624174975],[164.13767531822467,62.532653413969896],[163.81841567466998,62.489738069731615],[163.34025100181842,62.411300264555834],[162.9902448983028,62.32608374233904],[163.00915053795123,62.17827948208513],[162.71056655357623,61.76318701382341],[162.7668562264278,61.67209967251482],[162.74877456138873,61.60898550625505],[162.45061782310748,61.559379183012865],[162.2352400154903,61.5099254476613],[161.5357771248653,61.1868167745656],[160.6449842781856,60.71775396938982],[160.11884597252154,60.563624941069506],[160.00710586021685,60.59125097866716],[160.0769911141231,60.7375865804738],[160.23559096763873,60.94700964565935],[159.8155165047481,60.98108252163591],[159.74351027916217,61.099635683257006],[159.85686782310748,61.30249746914568],[160.0562391609981,61.51285132046404],[160.14934829185748,61.66016729946794],[160.1182508797481,61.75127752896013],[159.96580031822467,61.765040956694506],[159.45463088463092,61.56075247402849],[159.23105910728717,61.546310030180834],[159.10642531822467,61.70729025479021],[158.84125808189654,61.78396948452654],[158.11835769127154,61.719474397856615],[157.52826980064654,61.66927298184099],[157.0979872078731,61.63339956875505],[156.82523635338092,61.56281241055193],[156.42315200279498,61.40100439663591],[156.38117507408404,61.20508154507341],[156.41843703697467,61.121329866606615],[155.85076430748248,60.88296850796404],[155.66668227623248,60.778041444975756],[155.7338972420528,60.55536612148943],[155.15180495689654,60.39435156460466],[154.6933241219356,60.199019991118334],[154.31565383384967,59.98334845181169],[154.09215835045123,59.775878511626146],[153.94297316978717,59.56882818813982],[153.9444685311153,59.39667852993669],[154.18178847740435,59.30077704067888],[154.75280288170123,59.28121908779802],[154.87804702232623,59.15770300503435],[154.9058943123653,59.102767549712084],[154.38708022545123,59.03995092983904],[153.92443374107623,58.922347627837084],[153.45414260338092,58.94891699429216],[153.13988784263873,59.010123811919115],[152.96824172447467,58.99606665249529],[152.8283338875606,58.947738252837084],[152.50420669029498,58.76871832485857],[152.1912489266231,58.9259410726613],[151.69065383384967,58.75345953579607],[151.35448745201373,58.691119753081225],[151.13540175865435,58.73182638760271],[151.00748732994342,58.79334219570818],[151.05617812584185,58.923812471587084],[151.39268020103717,58.97937353726091],[151.78330520103717,59.03504904385271],[151.8572645516231,59.055812441069506],[151.52360061119342,59.34394415493669],[151.14020827720904,59.43957098599138],[150.6634168953731,59.4318004476613],[150.2786512703731,59.36224707241716],[150.12006667564654,59.3894534933156],[149.7295790047481,59.595328890044115],[149.38030532310748,59.60845526333513],[149.04528335045123,59.58715399380388],[148.72844985435748,59.476337038237475],[148.7472029061153,59.29743155117693],[148.63029006431842,59.19402655239763],[148.41608718345904,59.09739264126482],[148.10282424400592,59.20679815884294],[147.91918471763873,59.261474214751146],[147.35222915123248,59.23288687344255],[146.99962905357623,59.19095953579607],[146.70640090416217,59.22479590054216],[146.30735305259967,59.28595312710466],[146.0539656014278,59.25107153530779],[146.02347854088092,59.19599493618669],[145.95696547935748,58.98285635586443],[145.65258315513873,58.97540625210466],[145.51279738853717,59.03694876309099],[145.49566176841998,59.20875128384294],[145.4041395516231,59.32550390835466],[144.84569838951373,59.283195100981615],[144.38981154869342,59.309859834868334],[143.82409194420123,59.29501303311052],[143.30285170982623,59.2665286886281],[142.92681411216998,59.27957113857927],[142.84585097740435,59.27252539272966],[142.35776809166217,59.140956484038256],[141.9238386483028,58.94089468594255],[141.5908308358028,58.727531038481615],[141.34955886314654,58.50086554165544],[140.99425795982623,58.39063223477068],[140.58739760826373,58.239310823637865],[140.4998426766231,58.17075689907732],[140.02874282310748,57.64412649746599],[139.2938337654903,57.33617743130388],[138.86675551841998,57.12446554775896],[138.34592727134967,56.80420645352068],[137.6019392342403,56.240348421294115],[137.2290907234981,55.98272284146013],[136.52126601646685,55.5898929464406],[136.1193952889278,55.420646272856615],[135.2695417733028,55.02874334927263],[134.98522475670123,54.853934847075365],[134.89373305748248,54.71992453213396],[134.90200332115435,54.55941732998552],[135.09450820396685,54.432784639555834],[135.31255629966998,54.413165651518725],[135.72582534263873,54.4072643148488],[136.1964216561153,54.47499807949724],[136.49160293052935,54.4554935323781],[136.34353164146685,53.88782843228044],[136.35065749595904,53.70121344204607],[136.48705581138873,53.65484198208513],[136.77021316002154,53.695357881743334],[137.0406599373653,53.862479768950365],[137.38286879966998,53.809806429106615],[137.32575515220904,53.74305685635271],[137.12172988365435,53.58943899746599],[137.07131484459185,53.48947104092302],[137.23923781822467,53.45651587124529],[137.97939589927935,53.464583955962084],[138.23403457115435,53.571586214262865],[138.40946486900592,53.80512198086443],[138.41680434654498,54.091910921294115],[138.76041701744342,54.08589132900896],[139.05166152427935,54.08645971890154],[139.37804702232623,54.08039435024919],[139.8059187264278,53.961146913725756],[140.10245803306842,53.80170401211443],[140.3212995858028,53.53564795132341],[140.70232680748248,53.27686270352068],[140.89365676353717,53.197433077055834],[141.12119582603717,53.05163153286638],[141.08967116783404,52.98512228604021],[140.82819655845904,52.825248323637865],[141.03197768638873,52.726073824126146],[141.0472980268994,52.68965608140495],[134.8699457082304,52.00920268938546],[127.33558400130104,49.977254198409234],[119.93576446770969,51.257643821866914],[116.70675230759709,54.659373183217475],[114.0159088408366,59.54672904426065],[107.9615110406255,59.8183896994711],[99.48535412032993,55.65854236961009],[99.53745541241915,55.2811223478262],[93.70004066679506,56.48455609390737],[78.36223290626025,56.41019430623805],[65.31164209247186,55.04663307077481],[59.189973205591734,56.41019430623805],[59.09429166962169,56.4318399506882],[62.80579411405116,56.95520024672745],[75.85638492783956,61.42677903286463]]]]}},{"type":"Feature","properties":{"name":"Saami","subject":"Saami","partOf":"Saami","borderPrecision":1,"color":"#a88992"},"geometry":{"type":"MultiPolygon","coordinates":[[[[25.195617809103457,65.26795101619156],[25.25150779197956,65.41688879604997],[25.103611978991278,65.54012640591326],[24.591139826281317,65.58278235073747],[24.214800867541083,65.78590735073747],[23.947732004626044,65.7966800558156],[23.844082865221747,65.79847296353044],[23.405688318712958,65.72483404751482],[23.204020533068427,65.68075140591326],[22.798161539538153,65.85482367153826],[22.645554575426825,65.93478735562029],[22.48980239341999,65.88341864224138],[22.201569590075263,65.71528967495622],[21.95748237083698,65.44573553677263],[21.818726572497138,65.38013800259294],[21.52232840965534,65.37231024380388],[21.27734664390827,65.21227606411638],[21.423712763293036,65.10388525601091],[21.48944953392292,65.0171619283742],[21.329442057116278,64.89435156460466],[20.92119315574909,64.71382483120622],[21.064322504503973,64.59199865933122],[21.237046274645575,64.52054175015154],[21.385829004748114,64.38455542202654],[21.048895868761786,64.2191654073781],[20.873273399290944,64.03282247139006],[20.866480860216864,64.02561529751482],[20.70065978477741,63.81812628384294],[19.9848852486446,63.51726873989763],[19.670275721056708,63.388541780669115],[19.465012583239325,63.480704866606615],[19.318224939806708,63.44482763882341],[19.075926813586005,63.202498995024584],[18.784991297228583,63.13801153774919],[18.486624750597723,62.98124273892107],[18.388949427111395,62.85337408657732],[18.30319121788288,62.78942450161638],[17.967440638048895,62.774623476225756],[17.868168863756903,62.788619600493334],[17.93625548790241,62.54800375576677],[17.831948146514197,62.4565467286232],[16.57373980077234,62.52498200836979],[15.43013132739913,61.86605293654498],[11.528408300596416,61.89775715387968],[10.155425240070853,64.09932165034176],[10.739846262438544,64.38617285366716],[10.890596422655829,64.47251471157732],[10.996618303759345,64.49424322720232],[11.213500055773505,64.41573675747576],[11.364055666430243,64.41601904507341],[11.507721933825263,64.51671942349138],[11.406536135180243,64.61703833218279],[11.469941172106513,64.67464026089372],[11.689727816088446,64.77565344448747],[11.895566973192938,64.91273077603044],[12.112141642077216,65.12991675015154],[12.222211870653876,65.1011463033742],[12.526453051073798,65.10895117397966],[12.496170076830634,65.3844714986867],[12.28408721397663,65.4348865377492],[12.479218515856513,65.61703070278826],[12.709057840807684,65.90887793179216],[13.087389025194891,65.88041266079607],[13.108799013598212,66.0337406026906],[13.151907000048407,66.13612707729997],[13.58100989769245,66.18811377163591],[13.402801546557196,66.34881933804216],[13.255395922167548,66.39254339810076],[13.168647798998602,66.45833929653826],[13.242076906664618,66.5685306417531],[13.383193048937567,66.67895086880388],[13.592026743395575,66.65732153530779],[13.991646799547919,66.68745764370622],[13.747189554674872,66.92240484829607],[13.859066996081122,66.95944555874529],[14.054739031298407,66.9745593893117],[14.373078379137763,67.09309729214372],[14.639268908007391,67.12311133022966],[14.777660402758368,67.21653326626482],[14.616473230822333,67.2452655660695],[14.569208178026923,67.32934149380388],[14.69914725731159,67.37438543911638],[14.976157221300848,67.52293738003435],[15.226662668688544,67.50855597134294],[15.38450339744831,67.46444281216326],[15.579943689806708,67.58331640835466],[15.745667490465888,67.59729345913591],[15.761817965014227,67.67628821011247],[15.572235140307196,67.82069738979997],[15.854214701159247,67.92523535366716],[15.91974166343952,68.04896887417497],[16.071057352526434,68.04467352505388],[16.232728037340888,67.91109045620622],[16.411614450915106,67.87424811001482],[16.648547205431708,68.04574926968279],[16.521903070910223,68.34090002651872],[16.71914008568073,68.31135901089372],[17.03327468345905,68.33763464565935],[17.12642005394245,68.41608008022966],[16.854756388170966,68.55778082485857],[17.039734873278388,68.65852697964372],[17.406914743883856,68.77154120083513],[17.448914560778388,68.88699682827654],[17.565863642199286,68.97436865444841],[17.894713434679755,69.03507574673357],[17.928147348864325,69.0050769674367],[18.051545176012763,69.027858339507],[18.09735396812702,69.05800207729997],[18.31905272911335,69.35937842007341],[18.553240808947333,69.2468753683156],[18.98484519432331,69.31544073696794],[19.17015555809284,69.25552710171404],[19.289172205431708,69.21058996792497],[19.57997992943073,69.1810565816945],[19.821213755114325,69.36973150845232],[20.157650980456122,69.747829042632],[20.286376032336005,69.78590735073747],[20.358317408068427,69.71038397427263],[20.278164896471747,69.58179052944841],[20.196503672106513,69.31769140835466],[20.552685770495184,69.52190741177263],[20.733939203722723,69.77918585415544],[21.102726969225653,69.81769140835466],[21.41196349571491,70.01541479702654],[21.608561548693427,69.96254309292497],[21.908072504503973,69.80404242153826],[22.163310083849677,70.09311255093279],[22.306448969347723,70.21561773892107],[22.74557403038288,70.1706043111867],[23.203606638415106,69.9427753316945],[23.292468103869208,70.01129492397966],[23.508408579333075,70.27907141323747],[23.827288660509833,70.47883947964372],[23.954854044420966,70.50205572720232],[24.207715067370184,70.47186621304216],[24.35961440513874,70.61029394741716],[24.570508036120184,70.7413822042531],[24.849038156969794,70.82660254116716],[25.389031443102606,70.90462835903826],[25.83205512474323,70.89776190396013],[25.230692896349677,70.55818518276872],[25.122424158556708,70.43524511929216],[25.074080500109442,70.14438208218279],[25.26302436302448,70.10654791470232],[25.574040445788153,70.3671375143117],[26.2627172798946,70.79074438687029],[26.60651687095905,70.9146228658742],[26.619105371935614,70.79908331509294],[26.617423090441473,70.39204748745622],[26.93435004661823,70.4692874776906],[27.131081614001044,70.5770755636281],[27.516011270983466,70.97030981655779],[27.947543177111395,71.01741369839372],[28.211159739001044,71.01790960903826],[28.30841353843952,70.94864996548357],[28.136439356310614,70.83272894497576],[27.985291513903388,70.71700628872576],[28.01892951439167,70.60945471401872],[27.875399622423895,70.42505987759294],[28.289725336535223,70.37221106167497],[28.388907465441473,70.57175024624529],[28.794812235338934,70.864772402007],[28.98433783958698,70.85741003628435],[29.741230997545966,70.60498388882341],[30.04143813560749,70.5441394674367],[30.461960825426825,70.53725012417497],[30.754202875597723,70.43041571255388],[30.798840555651434,70.30796393032732],[30.251879724962958,70.13114508267107],[29.734896692736395,70.1148944723195],[28.730080637438544,70.13592871304216],[28.81709388206745,70.09791906948747],[29.08001998375202,69.9612308370656],[29.55593207786823,69.8334003316945],[29.728575739367255,69.69756659146013],[30.055806192858466,69.72085913296404],[30.361294779284247,69.76681097622576],[30.735358271105536,69.75236090298357],[31.05378249595905,69.63959082241716],[31.33127501915241,69.66276129360857],[31.782200846178778,69.77701910610857],[32.07155898521687,69.8834949361867],[32.07601073692585,69.8153568136281],[32.190562281115305,69.64171179409685],[32.35172561119343,69.51367529507341],[32.59630874107624,69.42361792202654],[33.00963118980671,69.38669165249529],[33.28056624840046,69.34201391812029],[33.31560042808796,69.07128485317888],[33.628375086291086,69.21468695278826],[33.81804564903523,69.19247778530779],[34.30514815758015,69.1708255636281],[34.698889765246165,69.16405066128435],[34.93413833091999,69.149440370757],[35.43655303428913,69.15035589810076],[36.01827910850788,69.023707948882],[37.24586394737507,68.79349859829607],[37.68857863853718,68.62961157437029],[38.406443628771555,68.24269446011247],[38.66845229576374,68.14634283657732],[39.33470824669148,68.0359378683156],[39.91807082603718,67.9403797018117],[40.826052698595774,67.66004522915544],[40.973391565783274,67.5343738424367],[40.9508276314571,67.33465918179216],[41.01687148521687,67.20186194058122],[41.20882705162312,67.06946142788591],[41.25529769371296,66.93697699185076],[41.14697173546101,66.78226812954607],[40.83637908409382,66.56139715786638],[40.34514907310749,66.31864508267107],[39.977522882921946,66.20091589565935],[39.19002822349812,66.03870733853044],[38.78211120079304,66.00145300503435],[38.047869715197336,66.0073734151906],[37.42243102501179,66.0938220846242],[36.505225214464915,66.17248877163591],[35.771746668322336,66.25886877651872],[35.16772368858601,66.41150244351091],[34.15295318077351,66.62963446255388],[33.6512785286739,66.6801029073781],[33.43749144981648,66.70173987026872],[33.157725367052805,66.9144779073781],[32.990950617296946,66.987819277007],[32.64433959434773,67.04610022183122],[32.21943572471882,66.99374731655779],[32.3578214974239,66.92032965298357],[32.424727472765696,66.89102514858904],[32.75353911827351,66.64904364224138],[32.970862421496165,66.58338507290544],[33.469668421252024,66.31309851284685],[33.844214472277415,66.18213995571794],[34.258494410021555,66.10982855435076],[34.54369643638874,66.00083502407732],[34.726172480089915,65.79697760220232],[34.72611897050977,65.78029310527337],[25.195617809103457,65.26795101619156]]]]}},{"type":"Feature","properties":{"name":"Finno-Ugric taiga hunter-gatherers","subject":"Finno-Ugric taiga hunter-gatherers","partOf":"Finno-Ugric taiga hunter-gatherers","borderPrecision":1,"color":"#a88992"},"geometry":{"type":"MultiPolygon","coordinates":[[[[25.195617809103457,65.26795101619156],[34.72611897050977,65.78029310527337],[34.725588831408274,65.61499365444841],[34.60118773887898,65.48392828579607],[34.293414148791086,65.39624365444841],[34.332015070421946,65.3455081808156],[34.425662073595774,65.10652502651872],[34.772864374621165,64.68222387905779],[34.814768824084055,64.45981939907732],[34.88461211632038,64.3667713033742],[35.081763300402415,64.28833349819841],[35.62327102134968,64.2535663473195],[36.01547149132038,64.19702490444841],[36.23997024009968,63.91862066860857],[36.42062285850788,63.87610205288591],[36.98754027794148,63.841483675200365],[37.24650863121296,63.784877382475756],[37.410540613634836,63.749496065337084],[37.59146026085163,63.806937776762865],[37.94491866539265,63.850394808012865],[38.054080042345774,63.98631628628435],[38.05385878990437,64.12927588101091],[37.87985518883015,64.30789526577654],[37.668128046496165,64.3433109151906],[37.46328643272663,64.29996069546404],[37.26195052574421,64.3138919698781],[36.996741327746165,64.40655859585466],[36.56850722740437,64.7645755636281],[36.88390639732624,65.0676990377492],[37.10194304893757,65.06812628384294],[37.60409453819538,64.85277136440935],[38.25292113731648,64.70306738491716],[39.19344237755085,64.5110355245656],[39.62159636925007,64.47596319790544],[39.99705031822468,64.54121740933122],[40.32217315147663,64.46293219204607],[40.43979171226765,64.56356390591326],[40.46206191490437,64.75027807827654],[40.365950617296946,64.85792883511247],[39.979388269884836,65.15314062710466],[39.823103937609446,65.43561133022966],[39.9513273567989,65.58116491909685],[40.036868128283274,65.60313757534685],[40.681407007677805,65.79355963345232],[41.35424712608601,65.95517309780779],[41.62328246544148,66.06516607876482],[42.1334448189571,66.3878894674367],[42.21078780601765,66.41000708218279],[42.41852477501179,66.38109930630388],[43.241431269152415,66.25089605923357],[43.87621978233601,66.01096686001482],[44.02943328331257,66.01124914761247],[44.052840265734446,66.04050024624529],[44.12211135338093,66.2671619283742],[44.383608850939524,66.61201819058122],[44.36195281456257,66.90596350308122],[44.21916488121296,67.08982428188982],[43.83810714195515,67.16285284634294],[43.703597101671946,67.26593359585466],[44.21583465050007,67.71826513882341],[44.26107314537312,67.8296390401906],[44.16874984215046,68.09702643032732],[43.8221655220821,68.3273197042531],[43.85324386070515,68.46920355435076],[44.012026819689524,68.49190863247576],[44.66781142662312,68.38859137173357],[45.57964232872273,68.44253882046404],[45.8634367317989,68.3833499776906],[46.16195205162312,68.10819586392107],[46.439368280871165,67.90793951626482],[46.6340666146114,67.7005115377492],[46.16411498497273,67.67742498989763],[45.46258071373249,67.6390643941945],[45.092505487902415,67.54207953091326],[44.87120727012898,67.31241949673357],[44.95714095543171,67.23135717983904],[45.38563445518757,67.09937628384294],[45.715350183947336,66.84962805386247],[46.07677749107624,66.76208075161638],[46.40205291221882,66.71860083218279],[46.972640070421946,66.77846106167497],[47.5711889595821,66.8163104879445],[47.706187281115305,66.89010962124529],[47.822127375109446,67.11129339810076],[47.952918085558665,67.37729223843279],[48.08066085289265,67.56245764370622],[48.63532165001179,67.65238531704607],[49.18562987755085,67.83882483120622],[49.63012221763874,67.93619116421404],[50.49589827965046,68.1534686910695],[51.13895705650593,68.26639898892107],[51.83080962608601,68.40938147183122],[52.244875940783274,68.54455908413591],[52.33738234947468,68.33572729702654],[52.4626684517696,68.29867132778826],[52.719729456408274,68.35138281460466],[52.93876937340046,68.47117956753435],[53.00575164268757,68.6805683004445],[53.17943480919148,68.75574835415544],[53.50243285606648,68.81625708218279],[53.889117273791086,68.78699835415544],[53.808394464953196,68.60726507778826],[53.78207686851765,68.33842047329607],[53.3959074349239,68.30042608853044],[53.3161840767696,68.2332034933156],[53.316844019396555,68.13638647671404],[53.62573913048054,68.04768713589372],[53.85399154136921,68.08530005093279],[54.37974837730671,68.16070898647966],[54.57595733116413,68.16109045620622],[54.64846709678913,68.07191809292497],[54.752295526964915,68.04978521938982],[54.87719634483601,68.1095462667531],[54.99598601768757,68.20653113003435],[55.1264982552364,68.40060766812029],[55.335391077502024,68.48309668179216],[55.72289184044148,68.53610571499529],[56.1951017708614,68.56686743374529],[56.54026320884968,68.55256994839372],[57.02422622154499,68.44890936489763],[57.363692316515696,68.45701941128435],[57.52586654136921,68.49463995571794],[57.95919707725788,68.7047611105031],[58.40928939293171,68.83285864468279],[58.77038100670124,68.8560062276906],[59.19904998253132,68.77440985317888],[59.34587386558796,68.69986303921404],[59.06195739219929,68.4974857198781],[59.119788202746165,68.393092714507],[59.217661890490305,68.34854467983904],[59.50186065147663,68.28942450161638],[59.762347254259836,68.297389589507],[59.892046961291086,68.4020038473195],[59.92537597130085,68.58127173062029],[60.07908919761921,68.61895331021013],[60.51208404014851,68.58985479946794],[60.75627425621296,68.67254980679216],[60.93412307213093,68.81508215542497],[60.98595717857624,69.00259741421404],[60.36923507164265,69.46769293423357],[60.551714930041086,69.54342230435076],[60.84873488853718,69.71004065151872],[61.030039820177805,69.74060400601091],[61.30434707115437,69.73352392788591],[62.2812719673946,69.7051273214406],[62.85394957969929,69.61560400601091],[63.41231826256062,69.54873999233904],[63.92324355552937,69.45921667690935],[64.87299636314656,69.22766455288591],[65.35536483238484,69.18344458218279],[66.1254988045528,68.99715765591326],[66.58425429771687,68.88553961392107],[67.17168715904499,68.64709814663591],[67.64553669906512,68.4480727275933],[67.82653335045124,68.37205084438982],[68.21540358970906,68.20135077114763],[68.38463118980671,68.17933996792497],[68.48788741539265,68.22421606655779],[69.00261214683796,68.69536932583513],[69.10895064781452,68.83031042690935],[68.69183639000202,68.81454809780779],[68.51176742027546,68.83668097134294],[68.25765517662312,68.94111975308122],[68.09354690025593,69.13594397183122],[68.10592940758015,69.42932470913591],[67.77870467613484,69.55685003872576],[66.88444045494343,69.62308081265154],[66.79896834800984,69.74374731655779],[66.8280363411739,69.81937750454607],[66.9648542733028,69.95582159634294],[67.27720168541218,70.07055243130388],[67.38328841636921,70.13940008755388],[67.42175582359577,70.22343023892107],[67.39824202965046,70.59850653286638],[67.28530410240437,70.70580633755388],[66.7748136849239,70.73557623501482],[66.67020705650593,70.86613043423357],[66.81797316978718,71.10538061733904],[66.9796476692989,71.21384008999529],[67.15545180748249,71.22964819546404],[67.8225431771114,71.4166522848195],[68.31624892662312,71.63485296841326],[68.55076125572468,71.82196386929216],[68.81211379478718,72.09546240444841],[69.05668929527546,72.64471777554216],[69.34311202476765,72.83426245327654],[69.51156142662312,72.80304297085466],[70.21435836265827,72.73346289272966],[70.94033339927937,72.78995092983904],[71.66292098472859,72.83070715542497],[71.97577956627156,72.79976233120622],[72.45530227134968,72.82427557583513],[72.7139997811153,72.76958807583513],[72.85272506187702,72.64393194790544],[72.84480575035359,72.49460943813982],[72.65456679771687,72.11825903530779],[72.4983244271114,71.96181067104997],[71.89781478355671,71.58716162319841],[71.79755691002156,71.43180426235857],[72.13623336265827,71.27759131069841],[72.55498031090046,70.9772449361867],[72.67970565269734,70.823512636382],[72.7742033333614,70.45523413296404],[72.69588759849812,70.35557898159685],[72.43689254234577,70.18696936245622],[72.55148604820515,69.65626104946794],[72.52553084800984,69.06907995815935],[72.64349654625202,68.806911073882],[72.84616378258015,68.63523443813982],[73.30861190269734,68.5165515768117],[73.39412215660359,68.44205053921404],[73.39364913414265,68.38238867397966],[73.17524245689656,68.16592749233904],[72.98776534508015,67.79414709683122],[72.83769515465046,67.64564856167497],[72.48502639244343,67.43782385464372],[71.93047622154499,67.156276308257],[71.64714339683796,67.06732519741716],[71.39950087974812,66.94906958218279],[71.54405501793171,66.71412237759294],[71.34951308677937,66.66239508267107],[70.83993056724812,66.55140265103044],[70.12074569175984,66.7188220846242],[69.79152205894734,66.7549320089406],[69.35537246177937,66.73943670864763],[69.08476546715046,66.68753393765154],[69.17261031578327,66.5482898580617],[69.43512252281452,66.42423590298357],[69.76729873131062,66.32971533413591],[70.47356704185749,66.23597296353044],[70.98342421959187,66.2003894674367],[71.2595320076778,66.22281225796404],[71.79433730552937,66.15806158657732],[72.20881179283406,66.17345770474138],[72.42107680748249,66.3346668111867],[72.55741408775593,66.49599035854997],[73.16545394371296,66.64375647183122],[73.69016555259968,66.86506994839372],[73.81080916832234,66.99035223599138],[73.9845075936153,67.26336248989763],[74.35252669761921,67.40435370083513],[74.74171737144734,67.68622168179216],[74.77064803550984,67.84936865444841],[74.66936019371296,68.10174902554216],[74.39512923668171,68.34698828335466],[74.50497725914265,68.59347876187029],[74.61210921715046,68.63851507778826],[74.91630080650593,68.70638617153826],[75.53720382164265,68.77486761685076],[76.32775405357624,68.77634008999529],[76.66087630699421,68.67222174282732],[77.03982070396687,68.4637714254445],[77.10788253258015,68.11375006313982],[76.95493606041218,67.65331610317888],[77.09069350670124,67.52774389858904],[77.50477889488484,67.432399355132],[78.08904555748249,67.41131170864763],[78.47786239097859,67.478541933257],[78.53574660728718,67.61183508511247],[78.3045759529903,67.69286688442888],[77.94601729820515,67.77371557827654],[77.68886092613484,67.75840338345232],[77.48322585533406,67.802516542632],[77.51418593834187,67.97325476284685],[77.97751906822468,68.14512213345232],[78.00718215416218,68.25683935757341],[77.90906051109577,68.32369574185076],[77.83420089195515,68.4727054464406],[77.63582900474812,68.81619604702654],[77.40597823570515,68.9356189596242],[77.02994826744343,68.97991522427263],[76.53798964927937,69.0840564596242],[76.17751601646687,69.13594397183122],[75.59802535484577,69.21000250454607],[75.18864730308796,69.12659796353044],[74.90170577476765,69.0810047018117],[74.31795791099812,69.16254004116716],[73.91452315758015,69.15427740688982],[73.90792373131062,69.27452429409685],[73.65407851646687,69.75646551724138],[73.79099563072468,70.05221136685076],[74.1222257942989,70.36587866421404],[74.24957564781452,70.5729480611867],[74.18918899009968,70.67260321255388],[73.69797042320515,71.14139898892107],[73.2706632942989,71.372584902007],[73.21685317466999,71.45773657437029],[73.59136489341999,71.7068591939992],[74.13715651939656,71.75452765103044],[74.58655074547077,71.87217291470232],[74.9211531014278,72.02874334927263],[74.99873641441609,72.13043554897966],[75.0745954842403,72.42029150601091],[75.01610854576374,72.71876867886247],[75.11987594078327,72.68748053188982],[75.40757277916218,72.66441687222185],[75.6173429817989,72.62549170132341],[75.66617873619343,72.41353949185076],[75.58253768394734,72.17061956997576],[75.29658034752156,71.89686926479997],[75.22127059410359,71.64770849819841],[75.28428939293171,71.44608648892107],[75.45202926109577,71.32248266812029],[75.67058852623249,71.1991229879445],[76.29318526695515,71.13853033657732],[77.00164321373249,71.06264074917497],[77.73619368980671,71.02547796841326],[78.10473159263874,70.84130438442888],[78.24920943687702,70.83387335415544],[78.60852340172077,70.8499256002492],[78.37160018394734,71.25054510708513],[78.13690474937702,71.3739276754445],[77.28489974449421,71.41880377407732],[76.86612990806843,71.4490238058156],[76.60715011070515,71.518336855132],[76.33285811851765,71.71974524136247],[76.4566984505489,71.86785467739763],[77.07490066002156,71.8923831808156],[77.27492812584187,71.81488379116716],[77.78991988609577,71.77691229458513],[78.12636855552937,71.84759863491716],[78.08573440025593,72.17527350063982],[78.26955703209187,72.2147479879445],[78.64725783775593,72.2623782980031],[79.22255996177937,72.2712894308156],[79.7031584114864,72.17827948208513],[80.33872512291218,72.0076404439992],[80.82826522300984,71.76702459927263],[81.42526534508015,71.61268194790544],[81.67136672447468,71.57430609341326],[82.49135116050984,71.56809576626482],[82.81835463951374,71.64632757778826],[82.88012221763874,71.49126776333513],[82.52887252281452,71.32020147915544],[82.21532729576374,71.20361670132341],[82.10357192466999,70.85644110317888],[82.04561141441609,70.41893347378435],[82.19571975181843,70.3579822408742],[82.50152877281452,70.7111316549367],[82.67546370933796,70.84212835903826],[82.80373671959187,70.81927832241716],[83.07590774009968,70.58175238247576],[83.03633407066609,70.24492987271013],[83.37072280357624,70.33726080532732],[83.67697432945515,70.46026190396013],[83.6571150154903,70.598170839507],[83.5709333748653,70.65170630093279],[83.50470260093952,70.81292303677263],[83.16804793785359,71.18223150845232],[83.25261977623249,71.28285559292497],[83.56109145591999,71.62442358608904],[83.2024259896114,71.82590826626482],[82.8546476692989,71.94214972134294],[82.43625930259968,72.0505863058156],[82.32062056968952,72.22227820034685],[82.02602675865437,72.24522741909685],[81.58525374840046,72.35400732632341],[80.98231795738484,72.44697912808122],[80.84419539879109,72.58019598599138],[80.87170699547077,72.8399921285695],[80.8288679451778,73.01351507778826],[80.46401503990437,73.31357916470232],[80.50051406334187,73.42474707241716],[80.62013534019734,73.49647101040544],[80.83822921226765,73.55255468960466],[81.87746718834187,73.6022220480031],[83.02044204185749,73.61229284878435],[83.97656539390827,73.66978796597185],[84.61605361412312,73.74268683071794],[84.82945540855671,73.59973486538591],[85.0014982552364,73.57619055386247],[85.38118270347859,73.69632300015154],[85.85619643638874,73.82476385708513],[86.49205306480671,73.8738284933156],[86.75694564293171,73.7865711080617],[86.32635024498249,73.63435705776872],[86.12352279136921,73.4511218893117],[86.90497115562702,73.55588873501482],[87.1396818489864,73.6040531026906],[87.56962874840046,73.77212866421404],[87.69079116295124,73.90001257534685],[87.54062179039265,74.09967383022966],[87.39396956871296,74.1794925558156],[86.97762587974812,74.29900702114763],[86.81353286216999,74.43529089565935],[86.81261733482624,74.53988226528826],[86.95832351158406,74.78206213589372],[87.48745253990437,74.96091803188982],[87.92226699302937,75.0598865377492],[89.28468612144734,75.46612127896013],[89.68456557701374,75.5082050191945],[89.79632857750202,75.52443274136247],[90.03131392906452,75.55852850552263],[90.88617232750202,75.60154303188982],[91.6346769661739,75.65272863979997],[92.6705427498653,75.76261480923357],[93.59205916832234,75.88084753628435],[94.30955031822468,76.07406958218279],[94.69433883140827,76.18358191128435],[95.4876814217403,76.16833075161638],[95.96726516197468,76.1692386495656],[96.13936904381062,76.08590277310076],[95.9818220467403,75.90201147671404],[96.65822890709187,75.85330542202654],[97.11641219566609,75.87083014126482],[97.6837263436153,75.95521887417497],[98.28865340660359,76.05653723354997],[98.71624282310749,76.07403906460466],[99.15855697105671,75.99971350308122],[99.46723464439656,75.96692236538591],[99.7794294686153,76.05931433315935],[99.8334074349239,76.2100330221242],[99.77360824058796,76.2853504049367],[99.98323348472859,76.43696936245622],[100.40739730308796,76.47143896694841],[100.83031753013874,76.45540960903826],[101.38946059654499,76.62499579067888],[101.11151412437702,76.8528552877492],[101.16646102379109,77.0057636129445],[101.6904630989864,77.2025867330617],[102.38966659019734,77.37482031460466],[103.39330581138874,77.5577884542531],[103.94659713218952,77.59216650601091],[104.39374068687702,77.56721838589372],[105.0625105233028,77.5685077535695],[105.44954207847859,77.44913824673357],[105.46972945640827,77.32931860562029],[104.78229049156452,77.14876898403826],[104.4851408333614,76.99502905483904],[104.70460799644734,76.92750128384294],[105.52814773033406,76.98001440640154],[106.24293807457234,76.91346319790544],[107.16025832603718,76.94913061733904],[107.24013045738484,76.89837225552263],[107.07137587974812,76.77097662563982],[106.53744033287312,76.56722601528826],[106.40403274009968,76.4322772848195],[107.29075149009968,76.43394812222185],[107.66595748375202,76.44307287808122],[107.77148726890827,76.40122564907732],[108.24447158287312,76.64641913052263],[108.85952285240437,76.64754828091326],[109.6564054817989,76.69128759976091],[109.94024947593952,76.63273199673357],[110.54772475670124,76.64229925747576],[111.42728713463093,76.56807287808122],[112.0571623177364,76.45135840054216],[112.58854964683796,76.25924261685076],[112.82231429527546,76.0588870870656],[113.14887526939656,76.05948980923357],[113.53300765465046,76.0936542379445],[113.7230329842403,75.86883886929216],[113.11340621422077,75.49444922085466],[113.22163680504109,75.43680914517107],[113.62504867027546,75.27267035122576],[112.57712844322468,74.88621100063982],[112.11134627769734,74.78037603970232],[111.58661941002156,74.73096045132341],[110.05470565269734,74.253688417632],[108.69690230797077,73.8194080221242],[108.33986190269734,73.69124182339372],[107.26554397056843,73.52222784634294],[106.20830825279499,73.25850256558122],[105.2788191170528,72.7515369283742],[105.40307092131953,72.748726095192],[98.45947004862771,69.79094730127832],[75.85638492783956,61.42677903286463],[62.80579411405116,56.95520024672745],[59.09429166962169,56.4318399506882],[53.92448387264525,57.601384527021416],[53.97646398874319,57.7086220534561],[46.105746848468755,57.7086220534561],[32.51698734132826,60.9322458642223],[29.018890834539626,61.77074313018303],[21.225993499342607,62.4179537846397],[21.200139078600653,62.43518408413591],[21.03372863243366,62.47729834194841],[21.061806711657294,62.61173590298357],[21.19480613182331,62.76068457241716],[21.48128417442585,62.888812624174975],[21.545966181261786,62.974059663969896],[21.494656595690497,63.123031221587084],[21.666478189928778,63.1873050558156],[21.95132354210163,63.13101538296404],[22.075043711169013,63.1028209554738],[22.292357477648505,63.20269354458513],[22.42877486656452,63.39496573086443],[22.475831064684638,63.601615511137865],[22.569018396837958,63.723014436919115],[22.704222712023505,63.58064230557146],[22.82553008507038,63.58087881680193],[23.130561750232243,63.78342849447229],[23.58028510521198,64.082057558257],[24.094035181505927,64.37656744595232],[24.470093759997138,64.635524355132],[24.931916269762763,64.81603582974138],[25.3250894875362,64.8023944723195],[25.35190490196491,64.93909796353044],[25.293414148791083,65.00389441128435],[25.132559809191473,65.07594641323747],[25.18612578819538,65.24265631313982],[25.195617809103457,65.26795101619156]]]]}},{"type":"Feature","properties":{"name":"Arctic marine mammal hunters","subject":"Arctic marine mammal hunters","partOf":"Arctic marine mammal hunters","borderPrecision":1,"color":"#8b7fa6"},"geometry":{"type":"MultiPolygon","coordinates":[[[[-75.62469955970501,69.10160406704607],[-75.55168625404094,69.2223392355031],[-76.27321335365032,69.50035437222185],[-76.97148605872844,69.80196722622576],[-77.36704727699016,69.80879553433122],[-77.62225052406048,69.89180334683122],[-77.69864365150188,70.13574560757341],[-78.00343796302532,70.28839453335466],[-78.20575424720501,70.31102331753435],[-78.61879440833782,70.44847448940935],[-78.92800613929485,70.60174139614763],[-79.10110184241985,70.6553226339406],[-79.37588974525188,70.58551367397966],[-79.7404679923222,70.66953619595232],[-80.27011581947063,70.77648504849138],[-80.48997208167766,70.81468542690935],[-80.66049667884563,70.75260504360857],[-80.42231461097454,70.61433752651872],[-80.21841141273235,70.59160956021013],[-78.94103714515423,70.27132757778826],[-78.74377914954876,70.14908178921404],[-78.71291824866985,70.01144751187029],[-78.94031998206829,69.91211279507341],[-79.2414445548222,69.8811756002492],[-79.48502060462688,69.8959003316945],[-79.82562729408001,69.91806372280779],[-80.19363113929485,70.03159674282732],[-80.71258255531048,70.15307196255388],[-81.0127839713261,70.183131777007],[-81.15784927894329,70.10628088589372],[-81.13795181800579,70.01452215786638],[-80.94608780433391,69.9083743917531],[-80.82937332679485,69.71139105435076],[-81.59563919593548,69.96033819790544],[-81.80720230628704,69.98272284146013],[-81.98576828529094,69.929225527007],[-82.26922318031048,69.86035498257341],[-82.61401840736126,69.9584232198781],[-82.92619797279094,70.01121100063982],[-83.31288620521282,69.95712622280779],[-83.97604843665813,70.03979834194841],[-84.87373825599407,70.11462744351091],[-85.46806046058391,70.0982166158742],[-85.98391434241985,70.112575136382],[-86.37189194251751,70.196071230132],[-86.37334915687298,70.46471747036638],[-86.53693863441204,70.53361090298357],[-86.94351669837688,70.55594977017107],[-87.12148758460735,70.40182837124529],[-87.40170761634563,70.36290320034685],[-87.94801041175579,70.3849140035695],[-88.43217941810344,70.46083410854997],[-89.01850601722454,70.67528113003435],[-89.20502182533001,70.8446765768117],[-89.14980789710735,70.96847113247576],[-88.7594880728886,71.00014074917497],[-88.25040146400188,70.97013434048357],[-87.70470902015423,70.9247547018117],[-87.3090715079472,70.93323095913591],[-87.16879746009563,71.01859625454607],[-87.58923813392376,71.22703131313982],[-87.94921585609173,71.35059698696794],[-88.35641953040813,71.39648779507341],[-88.85416885902141,71.4500003683156],[-89.19248673011516,71.43380316372576],[-89.4350480704472,71.44115027065935],[-89.9971818595097,71.541286073882],[-89.94577499915813,71.72854956265154],[-89.81403824378704,71.97903784390154],[-89.66103073646282,72.04202612515154],[-89.37052628089641,72.06609686489763],[-89.33408829261516,72.16812475796404],[-89.82086655189251,72.34799536343279],[-89.84069534827923,72.42665442104997],[-89.63864609290813,72.782252870757],[-89.1001863150761,73.19565161343279],[-88.84568497230266,73.32347448940935],[-88.4324845938847,73.46773108120622],[-88.09924789954876,73.63606604214372],[-87.90911575843548,73.65243109341326],[-87.74258896400188,73.73274572964372],[-87.42840286781048,73.73333319302263],[-87.21197220374798,73.78979834194841],[-86.89243790199016,73.8304706441945],[-86.24622818519329,73.87976416226091],[-85.63981339027141,73.86487921353044],[-85.25420853187298,73.77745398159685],[-85.66801926185344,73.60064276333513],[-86.03497788001751,73.38448675747576],[-86.66202255775188,73.09690436001482],[-86.85536667396282,72.858668886382],[-86.77941605140423,72.69270666714372],[-86.21417709876751,72.44921454067888],[-86.41395279456829,72.31502112026872],[-86.44830795814251,72.13428076382341],[-86.33253952552532,71.99340399380388],[-85.94468399574016,71.74386938687029],[-85.24308487464641,71.4645496236867],[-85.28621384193157,71.41001471157732],[-85.85851761390423,71.26132544155779],[-85.89104172279094,71.12166937466326],[-85.45937820960735,71.10697516079607],[-84.78257462074016,71.06174811001482],[-84.48840805579876,71.34930761929216],[-84.53479477454876,71.5359378683156],[-84.68887039710735,71.66037329312029],[-85.0146379141972,71.70658453579607],[-85.20471664954876,71.76867254849138],[-85.60245987464641,72.0104480611867],[-85.55708786536907,72.08105810757341],[-85.3293351798222,72.19132574673357],[-85.11649033118938,72.2781482564992],[-84.66581436683391,72.22400244351091],[-84.28931900550579,72.256129823882],[-84.83112808753704,72.4675784933156],[-85.14729019691204,72.48272284146013],[-85.50441452552532,72.60823401089372],[-85.52945419837688,72.69505652065935],[-85.5057267813847,72.94040258999529],[-85.10701462318157,73.08395727749529],[-84.56403061439251,73.04527624722185],[-83.88481613685344,73.0703616964406],[-84.3076066641972,73.1966815816945],[-84.86234756995891,73.3548084127492],[-84.5054597525761,73.49106176968279],[-83.9261369376347,73.57995184536638],[-83.45605942298626,73.63676031704607],[-82.69679733802532,73.78223761196794],[-82.19520279456829,73.77515753384294],[-81.90644547034954,73.75168188687029],[-81.53178116370891,73.68835791226091],[-81.17988297034954,73.47333105679216],[-80.48866745521282,73.03700598354997],[-80.46250626136516,72.97363623257341],[-80.72470566322063,72.66456183071794],[-81.04362961341594,72.38013800259294],[-81.02679916908001,72.0503421651906],[-80.8631486563847,72.01147040005388],[-80.57043167640423,71.996364198882],[-80.08084579993938,72.13838537808122],[-79.95325180579876,72.34285315151872],[-79.68542954017376,72.38270147915544],[-79.32958694984173,72.36761053677263],[-79.12538620521282,72.2893558370656],[-79.12810226966594,72.17155035610857],[-79.05625626136516,71.96002539272966],[-78.66254135658001,71.87471350308122],[-78.5744294791386,71.92962225552263],[-78.6663713126347,72.31380804653826],[-78.56825729896282,72.36905249233904],[-78.36335465003704,72.58214148159685],[-77.89602371741985,72.70142706509294],[-77.45512100745891,72.72597082729997],[-77.11871048499798,72.71080359097185],[-76.67750259925579,72.6326404439992],[-76.14996811439251,72.57049902554216],[-75.63189407874798,72.6109119283742],[-75.32202621986126,72.54841955776872],[-75.17511459876751,72.43048437710466],[-74.89579483558391,72.28155096646013],[-74.63760849525188,72.19563635464372],[-74.31274887611126,72.03939398403826],[-74.31251999427532,71.9532733785695],[-74.55149551917766,71.91369970913591],[-74.76948257972454,71.78821142788591],[-75.13748642493938,71.6704593526906],[-75.20393845130657,71.56898077603044],[-75.00153824378704,71.45260962124529],[-74.80947586585735,71.42185553188982],[-74.4055070548222,71.60943945522966],[-74.11193558265423,71.68795355435076],[-73.88599869300579,71.6649890768117],[-73.67181870033001,71.55626257534685],[-73.5074128775761,71.34657629604997],[-73.27524277259563,71.16077002163591],[-73.12122818519329,71.26964911099138],[-72.53455826331829,71.62851294155779],[-71.66396805335735,71.51330145474138],[-71.25251480628704,71.35079535122576],[-71.27546402503704,71.31968268032732],[-71.56268021156048,71.1639896261281],[-71.88152023841594,70.93118628140154],[-71.35637375404094,70.955348573882],[-71.15183731605266,71.03308447476091],[-70.66658493568157,71.08045538540544],[-70.65164658118938,70.76364477749529],[-70.29289719154094,70.61790808315935],[-70.05768295814251,70.64914282437029],[-69.68381973792766,70.74232061978044],[-69.09158798743938,70.78199347134294],[-68.72420212318157,70.68246039028826],[-68.46938797523235,70.5597415792531],[-68.54205795814251,70.49039801235857],[-68.74963089515423,70.39014776821794],[-69.59112259437298,70.19687231655779],[-69.69810196449016,70.07418402310076],[-69.46268173743938,69.96011694546404],[-69.25788590003704,69.99093969937029],[-68.92173477699016,70.06799658413591],[-68.36594101478313,70.12256964321794],[-68.18324753333782,70.25313147183122],[-68.02080246497844,70.29944952603044],[-67.80499741126751,70.26916082974138],[-67.57548233558391,70.18530615444841],[-67.33066269447063,70.03273352261247],[-67.0443010001347,69.79770239468279],[-67.50281998206829,69.79684027310076],[-68.04297348548626,69.77308996792497],[-68.23383804847454,69.71212347622576],[-68.20718094398235,69.59102972622576],[-68.0399064688847,69.5308109151906],[-67.43982407142376,69.50169714565935],[-67.01748367835735,69.41935309048357],[-66.7728166251347,69.32167395229997],[-66.66814133216594,69.1860843526906],[-66.83469864417766,69.17071112271013],[-67.17119308997844,69.17010840054216],[-67.62610336829876,69.20692022915544],[-68.01994797279094,69.3042484151906],[-68.3907365470097,69.33374365444841],[-68.53315445472454,69.25049170132341],[-67.97968765784954,68.98788031216326],[-68.07704636146282,68.89747198696794],[-68.77549454261516,68.8435550558156],[-68.66534897376751,68.71612890835466],[-68.46889969398235,68.64146765347185],[-68.22118851234173,68.62696417446794],[-67.62220474769329,68.46326788540544],[-67.03155991126751,68.3073001730031],[-66.92033096839641,68.22531469937029],[-66.90283676673626,68.0984607564992],[-66.7447404532597,67.92732580776872],[-66.40713974525188,68.0248294698781],[-66.16580673743938,68.00291021938982],[-65.52998062659954,67.87005194302263],[-65.39576431800579,67.90005835171404],[-65.10330673743938,67.96766241665544],[-64.82885452796673,67.95325811978044],[-64.49024673988079,67.78271063442888],[-64.10211273719524,67.56798895474138],[-63.93301102210735,67.41257055874529],[-64.24091049720501,67.36752661343279],[-64.60143753577923,67.31503637905779],[-64.61375137855266,67.11526831265154],[-64.25592514564251,67.11595495815935],[-63.62352081824993,67.1393085348195],[-63.39402863074993,67.1988788473195],[-62.991383519665945,67.17744787808122],[-63.16489121009563,66.92600592251482],[-62.75194641639446,66.84569128628435],[-62.52050873328899,66.84611090298357],[-62.09613129188274,67.01658209438982],[-61.78801056434368,66.86221655483904],[-61.297848668591726,66.67901190396013],[-61.21058365394329,66.63500555630388],[-61.33414169837688,66.53183325405779],[-61.44880386878704,66.48754461880388],[-61.49476334144329,66.34064062710466],[-61.86359879066204,66.3179431783742],[-62.18677612830852,66.41271551724138],[-62.297665563122976,66.43455084438982],[-62.65512177039837,66.3384509908742],[-62.21956345130657,66.13405188198747],[-62.093983617322195,66.06109961147966],[-62.068253484265554,65.9368167745656],[-62.54404160072063,65.84826239224138],[-62.70428558875774,65.7457767355031],[-62.84475418616985,65.61426123257341],[-63.01228806068157,65.66497381802263],[-63.38090607215618,65.92704352017107],[-63.51127716590618,65.43099554653826],[-63.35199829627727,65.02465399380388],[-63.540646520154226,64.99533423062029],[-63.845562901990164,65.1107440816945],[-64.18360992957805,65.18993719692888],[-64.27580734779094,65.26961859341326],[-64.28371140052532,65.37862738247576],[-64.42532059241985,65.50203283901872],[-64.84370895911907,65.37758215542497],[-65.17780777503704,65.65362890835466],[-65.1550187735722,65.7849613058156],[-65.03384872962688,65.95320471401872],[-65.17034622718548,66.01143988247576],[-65.27105423499798,66.01856573696794],[-65.7173738150761,66.05430945034685],[-66.04065414954876,66.1854968893117],[-66.56691452552532,66.46326788540544],[-66.91284653236126,66.59490545864763],[-67.2559480338261,66.61633642788591],[-67.45918747474407,66.51303442593279],[-67.74914261390423,66.47574194546404],[-67.7598771720097,66.37292059536638],[-67.63354965736126,66.29246100063982],[-67.16103073646282,65.98575934048357],[-67.30549332191204,65.93429907437029],[-67.61417099525188,65.91180761929216],[-67.77575394202923,66.02852209683122],[-68.08504196693157,66.18897589321794],[-68.37565323402141,66.28372534390154],[-68.25179001380657,66.06418951626482],[-67.86520859290813,65.62672003384294],[-67.5934953360722,65.61992987271013],[-67.32944199134563,65.58400305386247],[-67.1042146353886,65.32244452114763],[-66.82871719886516,64.96029242153826],[-66.59772965003704,64.7661624776906],[-66.32095810462688,64.91077002163591],[-66.19254013587688,64.88936956997576],[-65.92605301429485,64.70982702847185],[-65.66280075599407,64.58800848599138],[-65.04182907630657,64.40951880093279],[-65.32707687904094,64.35872229214372],[-65.42321487952923,64.26522406216326],[-65.30860611488079,64.1793933736867],[-65.05298325111126,64.05087622280779],[-64.61976334144329,63.85126455898943],[-64.47394272376751,63.74430426235857],[-64.3648576407597,63.43754156704607],[-64.4153947501347,63.245040498930834],[-65.0014543204472,63.76474341030779],[-65.25071426917766,63.87155111904802],[-65.2627839713261,63.76427038784685],[-65.20952316810344,63.64290579434099],[-64.7349748282597,63.06652411099138],[-64.73933121253704,62.93145331021013],[-65.15610977699016,62.987514101225756],[-65.13249680091594,62.89520987148943],[-64.93792435218548,62.71100195522966],[-64.76775833656048,62.47744711514177],[-65.02100845863079,62.554889284331225],[-65.29797836829876,62.69613607998552],[-65.69803329993938,63.00781973477068],[-65.7630510001347,63.021930299956225],[-66.08679672767376,62.99288138027849],[-66.49595352699016,63.07743414517107],[-67.14419266273235,63.37527807827654],[-67.28792282630657,63.50336416836443],[-67.7657365470097,63.80247076626482],[-67.68161484290813,63.45271261807146],[-68.23077103187298,63.665797792632006],[-68.48602768470501,63.73677023525896],[-68.87863632728313,63.750331484038256],[-68.83601090003704,63.650382600981615],[-68.47648331214641,63.337142549712084],[-68.09262558509563,63.14558371182146],[-67.26384445716594,62.85568960781755],[-66.68069168616985,62.56592138882341],[-66.33225723792766,62.31878241177263],[-66.13322159339641,62.10004004116716],[-65.94033524085735,61.789996706206225],[-66.76501938392376,61.943568788725756],[-67.45084091712688,62.13288076992693],[-68.01396652747844,62.259032808501146],[-68.66357895423626,62.307330690581225],[-69.1552629141972,62.41962011929216],[-69.55949112464641,62.70941885586443],[-70.07523819495891,62.77230032559099],[-70.36223312904094,62.864074312407396],[-70.64810654212688,62.927447878081225],[-70.67387100745891,62.86224707241716],[-70.77940079261516,62.95563086147966],[-71.31892105628704,63.06125982876482],[-71.62173935462688,63.210143648344896],[-71.6912507682011,63.33111151333513],[-71.53545853187298,63.359908662993334],[-71.25812241126751,63.567279421049975],[-71.87857529212688,63.80190237637224],[-72.38791367103313,63.858172975737475],[-72.72998520423626,64.01499518032732],[-73.14795395423626,64.3440662252492],[-73.16355606605266,64.57397040005388],[-73.66560074378704,64.60179480190935],[-74.25550552894329,64.76624640103044],[-74.55905624915813,64.78008612271013],[-74.43120285560344,64.43503912563982],[-74.50111862708782,64.39181860562029],[-74.68512436439251,64.39863928433122],[-75.45184799720501,64.54811438198747],[-75.59100815345501,64.53346594448747],[-75.73706528236126,64.3966785299367],[-75.93552872230266,64.26706274624529],[-76.52609726478313,64.23010595913591],[-77.13303085853313,64.30788000698747],[-77.73748489906048,64.39293249722185],[-78.10336777259563,64.5072284566945],[-78.12671371986126,64.65100439663591],[-78.03855606605266,64.8312259542531],[-77.86662003089641,64.99017675991716],[-77.38702103187298,65.06357153530779],[-77.3007478385136,65.14354284878435],[-77.35837265540813,65.37593420620622],[-77.26591965247844,65.39064367886247],[-76.65509506751751,65.3408923971242],[-76.02154251624798,65.26210363979997],[-75.78904434730266,65.19718512173357],[-75.35587021400188,64.91551550503435],[-75.33303543616985,65.08917578335466],[-75.40231796790813,65.17612036343279],[-75.36760422279094,65.26336248989763],[-75.10431381751751,65.27838476772966],[-74.66482254554485,65.32281836147966],[-74.37125870277141,65.39608343716326],[-74.07912918616985,65.44756659146013],[-73.84737106849407,65.41888006802263],[-73.49424454261516,65.40500219937029],[-73.41992661048626,65.5288806783742],[-73.93200394202923,65.89995916958513],[-74.27988907386516,66.06022223110857],[-74.33333298255657,66.16263922329607],[-74.25811478187298,66.23606451626482],[-73.99428268958782,66.26588019009294],[-73.67012497474407,66.37652929897966],[-73.03596207191204,66.64232214565935],[-72.87354752113079,66.88572271938982],[-72.52695938636516,67.09307440396013],[-72.30491348792766,67.26360663052263],[-72.35401627113079,67.53031500454607],[-72.75854202796673,67.90864904995622],[-72.94171616126751,68.13196142788591],[-73.18491837074016,68.2958026754445],[-73.37102982093548,68.29544409390154],[-73.93708511878704,68.44398077603044],[-74.40533920814251,68.66039618130388],[-74.51526352454876,68.87041815396013],[-74.75226303626751,69.04297979946794],[-74.9511384635136,68.95230444546404],[-75.19905563880657,68.86163672085466],[-75.57037064124798,68.86846502896013],[-75.70226761390423,68.81561621304216],[-75.98151871253704,68.80757483120622],[-76.54644485999798,68.73144873257341],[-76.64257523109173,69.03191717739763],[-76.17831894447063,69.05538519497576],[-75.62469955970501,69.10160406704607]]],[[[-76.86277481605266,67.26248510952654],[-77.06481644202923,67.32873114224138],[-77.16953751136516,67.43970068569841],[-77.24754044105266,67.65480383511247],[-77.11246964027141,67.84839972134294],[-76.79418655921673,68.14715155239763],[-76.49629684974407,68.26720770474138],[-75.88468643714641,68.34309729214372],[-75.47483536292766,68.25416906948747],[-75.11950394202923,68.11297186489763],[-75.12882706214641,67.9042240011281],[-75.14626022865032,67.57702978726091],[-75.30917831947063,67.45801123257341],[-75.77039810706829,67.30152472134294],[-76.26923843909954,67.24877508755388],[-76.86277481605266,67.26248510952654]]],[[[-98.25264450599407,69.69410284634294],[-98.11539169837688,69.80051764126482],[-97.74158188392376,69.83156164761247],[-97.40739914466594,69.74872168179216],[-96.76149460365032,69.47729834194841],[-96.18220993568157,69.2970462667531],[-96.14881607581829,69.16884192104997],[-96.0071916251347,69.04100378628435],[-95.51456924964641,68.80868872280779],[-95.64428421546673,68.75587805386247],[-96.21271225501751,68.53721197720232],[-96.47281357337688,68.51425512905779],[-96.79360672523235,68.52864416714372],[-97.20869919349407,68.61033209438982],[-97.60563370277141,68.63960608120622],[-98.16822525550579,68.78120764370622],[-98.60599228431438,68.86307104702654],[-98.8778962760136,68.88511999722185],[-99.36504837562298,68.97447546597185],[-99.17148300697063,69.12549170132341],[-98.47739883949016,69.30786474819841],[-98.30434891273235,69.39127691860857],[-98.25264450599407,69.69410284634294]]],[[[-81.91070267249798,64.5216785299367],[-81.83135696937298,64.4068103658742],[-81.87212845374798,63.99071844692888],[-81.62959763099407,63.96968802090349],[-81.37314316322063,63.998797975737475],[-80.95304581214641,63.97811850186052],[-80.63767715980266,63.91426809902849],[-80.17938705970501,63.722003542143725],[-80.36790176917766,63.678756319243334],[-80.48860642005657,63.6213870870656],[-80.69595047523235,63.49962957974138],[-81.12308212806438,63.52020987148943],[-81.40321823646282,63.576827608305834],[-82.00050827552532,63.63282354946794],[-82.19765183021282,63.689601503569506],[-82.49345108558391,63.93942984219255],[-82.73103806068157,64.07508429165544],[-83.18854996253704,64.18176611538591],[-83.42594620277141,64.17413672085466],[-83.51739212562298,64.05209692593279],[-83.43925186683391,63.78738363857927],[-83.4958161978886,63.74437292690935],[-84.08714005042766,63.6717906820363],[-84.39013382484173,63.4498782980031],[-84.65469070960735,63.313903413969896],[-85.15679642249798,63.1847301351613],[-85.46279617835735,63.20551642056169],[-85.43207260658001,63.597831331450365],[-85.60072800208782,63.747558199126146],[-86.03205582191204,63.67527350063982],[-87.10120102454876,63.54468496914568],[-87.05285355140423,63.7519908773488],[-86.80083939124798,63.88837011929216],[-86.06107803870891,64.14051397915544],[-86.19711777259563,64.35553320522966],[-86.24284073402141,64.54231604214372],[-86.19514175941204,64.72953375454607],[-86.01604172279094,65.1054187643117],[-85.8207902579472,65.3600345480031],[-85.70657059241985,65.65157660122576],[-85.55754562904094,65.863551698882],[-85.05792709876751,65.60906561489763],[-85.19839951087688,65.37575110073747],[-84.84233566810344,65.20199164028826],[-84.60504623939251,65.18065222378435],[-84.42397781898235,65.3917499410695],[-84.12235733558391,65.34141119595232],[-83.75972458411907,65.21129187222185],[-83.34707352210735,64.97989996548357],[-83.08543106605266,64.86502417202654],[-82.1096086173222,64.64357336636247],[-81.91070267249798,64.5216785299367]]],[[[-78.75791641761516,53.74876745815935],[-78.80141922523235,53.96274145718279],[-78.93461319495891,54.07629736538591],[-79.23003860999798,54.14938315029802],[-79.39867874671673,54.276351534087084],[-79.54511734534954,54.69186361904802],[-78.98181625892376,54.813800417143725],[-78.58926865150188,54.92203100796404],[-78.30785843421673,55.04375799771013],[-77.51691910316204,55.47071417446794],[-77.23383804847454,55.60653647061052],[-76.76447006751751,56.02744253750505],[-76.56940170814251,56.272121034819506],[-76.46291061927532,56.57139166470232],[-76.43862625648235,56.80968817349138],[-76.55453964759563,57.280055605132006],[-76.66497513343548,57.51904638882341],[-76.77238174964641,57.662501894194506],[-77.19423386146282,57.990504823882006],[-77.40435501624798,58.1135745870656],[-77.65972593116685,58.236497284684546],[-77.90158554603313,58.35291632290544],[-78.06480118324016,58.407577120024584],[-78.26871201087688,58.53095205898943],[-78.33678909827923,58.551471315581225],[-78.46879288245891,58.70949514980974],[-78.43261429359173,58.7577396261281],[-78.04195114661907,58.99277456875505],[-77.7932023673222,59.38671454067888],[-77.66153427650188,59.573634706694506],[-77.54865738441204,59.61535986538591],[-77.34766098548626,59.62266119595232],[-77.21478745033001,59.747516237456225],[-77.26242538978313,59.983024202544115],[-77.3433732657597,60.14297827358904],[-77.4854402213261,60.32394751187029],[-77.50717636634563,60.414630495268725],[-77.39095017005657,60.575458131987475],[-77.38847824622844,60.69431646938982],[-78.17645737220501,60.74176748867693],[-77.68836685706829,61.156058870512865],[-77.46218582679485,61.4725833761281],[-77.4590959220097,61.52888067837419],[-77.60143753577923,61.620101534087084],[-77.87536331702923,61.739318453032396],[-77.98535629798626,61.8589244710988],[-78.00491806556438,62.09885748501482],[-77.86758896400188,62.29000052090349],[-77.61822220374798,62.432006441313646],[-77.36155411292766,62.5174938070363],[-76.98962112952923,62.48983725186052],[-76.18819138099407,62.3214488851613],[-75.69460007240032,62.21628912563982],[-75.35587021400188,62.18159063931169],[-74.7077531485722,62.17575415249529],[-74.2219133048222,62.2402835714406],[-73.83501144935344,62.34003409023943],[-73.74016281654094,62.36142309780779],[-73.65973373939251,62.38989981289568],[-73.39458176185344,62.354999147612475],[-72.94855972816204,62.17197378750505],[-72.83432480384563,62.11566885586443],[-72.49496933509563,61.91160162563982],[-72.08188339759563,61.74319800015154],[-71.72385880042766,61.54673346157732],[-71.85619827796673,61.37070425625505],[-71.67342087318157,61.265685640532396],[-70.90924545814251,61.04263647671404],[-70.02829453040813,60.883170686919115],[-69.70210739661907,60.89780005093279],[-69.53632828284954,60.98915060635271],[-69.38380142738079,60.85639151211443],[-69.38945480872844,60.67446859951677],[-69.64902206947063,60.52024420376482],[-69.7043122916386,60.31776007290544],[-69.50727554847454,59.720538698393725],[-69.44611069251751,59.39558371182146],[-69.34257217933391,59.209334932524584],[-69.36467453529094,59.050597749907396],[-69.4760408072636,58.974532686430834],[-69.6764802603886,58.98103293057146],[-69.83239456702923,58.98765143032732],[-69.89423080970501,58.68445547695818],[-69.7258195548222,58.56093557949724],[-69.2142228751347,58.74767645474138],[-69.04963394691204,58.768642030913256],[-68.6982316641972,58.7899661886281],[-68.56939407874798,58.78334768887224],[-68.26482864906048,58.63936575527849],[-68.09467026283001,58.4814945089406],[-68.09272476722454,58.36469992275896],[-68.12936874915813,58.30967291470232],[-68.00455185462688,58.16574057217302],[-67.77240463783001,58.24854239102068],[-67.63468643714641,58.269408785063646],[-67.10699173499798,58.3047366964406],[-66.82087418128704,58.387694917876146],[-66.62459274818157,58.55993231411638],[-66.47463699866985,58.80796011563005],[-66.3281144766972,58.801356874663256],[-66.24101730872844,58.746444307524584],[-65.92905136634563,58.423751436430834],[-65.91018387366985,58.45127066250505],[-65.86144730140423,58.795341097075365],[-65.71872421790813,59.05748327847185],[-65.50514694740032,59.17517813320818],[-65.26260849525188,59.348231874663256],[-65.55537125159954,59.575770937163256],[-65.55168625404094,59.714164339262865],[-65.42895218421673,59.776717745024584],[-64.9879045157597,59.81909521694841],[-64.90073868324016,59.88158758755388],[-64.6706208853886,60.18091925259294],[-64.37056442786907,60.01439245815935],[-64.09742828895305,59.74460562344255],[-63.744103398816335,59.516959749419115],[-63.47582336951946,59.15830572720232],[-63.0057153372929,58.814532839018725],[-62.886959996716726,58.65644415493669],[-63.04202362586712,58.52547415371599],[-62.99899765540813,58.37437780972185],[-62.74108215858196,58.38857992764177],[-62.576710668103445,58.03888281460466],[-62.49481293250774,57.95677527065935],[-62.34917542030071,57.90222509976091],[-62.01471802283977,57.841212831694506],[-61.888112035290945,57.72504385586443],[-61.828446355359304,57.55411871548357],[-61.99918457557415,57.512775026518725],[-62.186017003552664,57.437240205962084],[-62.00141235877727,57.294147096831225],[-61.82238098670696,57.19208105679216],[-61.476098027722585,57.104064546782396],[-61.350628819958914,57.001998506743334],[-61.33525177528118,56.811263643462084],[-61.36063477088665,56.77717169399919],[-61.544598546521414,56.72915991421404],[-61.84880920936321,56.74220236416521],[-62.1840600638554,56.79603537197771],[-62.326432195203054,56.768512331206225],[-62.28564545203899,56.69371374722185],[-62.16278931190227,56.61230047817888],[-62.07783981849407,56.50366934414568],[-61.92769333411907,56.27295645352068],[-61.743023839490164,56.171493135649584],[-61.45779892493938,56.15847738857927],[-61.24986359168743,56.07745703335466],[-60.87275406409954,55.8545299398488],[-60.46834274818157,55.65896566982927],[-60.357628789441335,55.510375581938646],[-60.373307195203054,55.42248114224138],[-60.57453247596477,55.07102545376482],[-60.34573837806438,55.04450186367693],[-60.04724213172649,55.11924322720232],[-59.69376083900188,55.15365942593279],[-59.33820053626751,55.08015402432146],[-59.079754796521414,54.99299200649919],[-58.557171788708914,54.772323213774584],[-58.11545273353313,54.71277960415544],[-57.43287369300579,54.579913698393725],[-57.51535126258587,54.46576651211443],[-57.83856674720501,54.37130697842302],[-58.16992279578899,54.27685888882341],[-58.46811005164837,54.256217561919115],[-58.84362122108196,54.14833792324724],[-59.106163945691335,53.96711691494646],[-59.398724523083914,53.86623343105974],[-59.862973180310476,53.838580690581225],[-59.991532292859304,53.804923616606615],[-60.13723846961712,53.684318147856615],[-60.12421127845501,53.51734503384294],[-60.221656217027494,53.32492080384565],[-62.88947585561168,54.72511691082654],[-65.64317158321862,55.262874161982396],[-71.0333844968322,55.19604828321671],[-74.19720512004018,52.927225836668605],[-78.74176950876009,52.74413883037645],[-78.8420304923222,53.0342288839406],[-78.84399124671673,53.28100927944841],[-78.93640610267376,53.54791983242693],[-79.03455826331829,53.74155005093279],[-78.75791641761516,53.74876745815935]]],[[[-95.05836960365032,72.28313788052263],[-95.12389847327923,72.51922949429216],[-95.54762741615032,72.8820072042531],[-95.64077469398235,73.14367254849138],[-95.61453720618938,73.3187747823781],[-95.49306198646282,73.61426123257341],[-95.32336136390423,73.75862463589372],[-94.7580461173222,73.74365576382341],[-94.79846664954876,73.81568487759294],[-94.98547073890423,73.93563421841326],[-95.06853958656048,74.06405218716326],[-94.97359177161907,74.10442694302263],[-94.86817642738079,74.13680609341326],[-93.8990144400761,74.16276129360857],[-93.35233017493938,74.123561464507],[-92.69331070472454,74.01222571011247],[-92.11629196693157,73.98919256802263],[-91.52423569251751,74.05460699673357],[-91.05135056068157,74.0474124776906],[-90.73909470130657,73.99981268521013],[-90.45173355628704,73.9039798605031],[-90.45479294349407,73.86387976284685],[-90.55534073402141,73.78354986782732],[-90.92636581947063,73.59081610317888],[-91.31957718421673,73.25516089077654],[-92.00058456947063,72.8411365377492],[-92.62426468421673,72.80831488247576],[-93.69485184241985,72.87755163784685],[-94.26578232337688,72.85271795864763],[-93.63932510902141,72.52990301724138],[-93.72375961829876,72.38791235562029],[-94.10856339027141,72.22202643032732],[-94.54240128089641,72.18979223843279],[-95.05836960365032,72.28313788052263]]],[[[-120.42398544837688,71.88257940884294],[-120.54559799720501,71.65563543911638],[-120.8434953360722,71.53027685757341],[-121.39040085365032,71.47469671841326],[-121.93623062659954,71.50484045620622],[-122.17036911536907,71.28651007290544],[-122.57442184974407,71.14598425503435],[-122.99113937904094,71.15299566860857],[-123.46767136146282,71.19864233608904],[-123.6304597525761,71.40821417446794],[-123.87772842933391,71.61818274136247],[-124.07214066077923,71.73496588345232],[-124.57726761390423,71.89828070278826],[-125.18922897865032,71.92847784634294],[-125.61702438880657,71.9903827535695],[-125.82783218909954,72.07625158901872],[-125.90372940589641,72.15463598843279],[-125.66236588050579,72.20223578091326],[-125.39703842689251,72.33649023647966],[-125.1806535391972,72.43140753384294],[-125.14468857337688,72.60512121792497],[-125.34129044105266,72.96895941372576],[-125.0927400260136,72.96944006558122],[-124.88213058997844,73.0492435323781],[-124.74393936683391,73.21648748989763],[-124.24723526527141,73.45660742397966],[-124.01027390052532,73.72098883267107],[-124.06482407142376,73.86521490688982],[-124.18706985999798,73.93727453823747],[-124.74035355140423,74.24206884976091],[-124.90926071693157,74.44366034146013],[-124.51832291175579,74.4443851339406],[-124.14805313636516,74.46935614224138],[-123.49339005042766,74.44630011196794],[-123.14841770273145,74.44057077628655],[-121.65451446815976,73.99457995121038],[-119.25235436535371,73.55256742458035],[-117.685761580263,73.21545873829851],[-118.10413071204876,73.11756476040544],[-118.58500381995891,72.97368963833513],[-119.30700394202923,72.6476322042531],[-119.76836868812298,72.39426764126482],[-120.0154924063847,72.35442694302263],[-120.45359512855266,72.2985111105031],[-120.42398544837688,71.88257940884294]]],[[[-102.43571182777141,70.4653812276906],[-101.51055618812298,70.20607336636247],[-101.05518051673626,70.03077276821794],[-100.89127823402141,69.6740222799367],[-100.96714493324016,69.62841375942888],[-101.44928452064251,69.66540106411638],[-101.81390854408001,69.77085455532732],[-102.23950668861126,69.87630804653826],[-102.4875383048222,69.79996069546404],[-102.7867097525761,69.70836981411638],[-103.24611374427532,69.69237860317888],[-103.36132523109173,69.6391101705617],[-103.2675447135136,69.329127870757],[-102.77837082435344,69.36026342983904],[-102.5022859244511,69.42879828091326],[-102.19797989417766,69.48231085415544],[-101.80372330238079,69.24127539272966],[-101.80838486243938,69.1356464254445],[-102.04508682777141,69.06739386196794],[-102.27785202552532,68.95402105923357],[-102.54044052650188,68.9083515035695],[-103.17824265052532,68.854518495757],[-103.65028091956829,68.86117132778826],[-104.18777176429485,68.89776190396013],[-104.90506454993938,69.0093265401906],[-105.93043991615032,69.23358496304216],[-106.17933365394329,69.3312488424367],[-106.37526413490032,69.48207434292497],[-106.59244247962688,69.49679907437029],[-106.85383316566204,69.45092352505388],[-107.03466507484173,69.2843509542531],[-107.53622910072063,69.05713995571794],[-108.0107316641972,69.04871710415544],[-108.64556595374798,69.0023456441945],[-109.20942398597454,68.81319006558122],[-110.44822403480266,68.65314062710466],[-111.08742233802532,68.64444311733904],[-111.62939163734173,68.6059070455617],[-112.52248093177532,68.63425787563982],[-112.73987289954876,68.58884008999529],[-113.15218063880657,68.59556921597185],[-113.60199448158001,68.72235449429216],[-113.6291398673222,68.93281897183122],[-113.53999039222454,68.97813757534685],[-113.53912827064251,69.113795839507],[-113.71682449866985,69.20395239468279],[-113.9246492057011,69.2488513814992],[-115.34070297767376,69.29905279751482],[-115.90655228187298,69.35089453335466],[-116.29550644447063,69.42576941128435],[-116.65620132972454,69.515895448882],[-116.99491592933391,69.74258764858904],[-117.56819626380657,69.99218329067888],[-117.43176743079876,70.02304419155779],[-117.19289871741985,70.12301977749529],[-116.4855622916386,70.14733465786638],[-116.21414658118938,70.23219641323747],[-115.96313950111126,70.22498663540544],[-115.55354019691204,70.23343237515154],[-115.14664932777141,70.27254828091326],[-114.3743562369511,70.25864752407732],[-113.95380112220501,70.25943335171404],[-112.99108597327923,70.23821600552263],[-112.50060745765423,70.23913153286638],[-111.73052689124798,70.25592383022966],[-111.54370590736126,70.32538183804216],[-111.84992691566204,70.42466314907732],[-112.89021774818157,70.64599188442888],[-113.76405045081829,70.73691900845232],[-115.59048172523235,70.76437719937029],[-116.29656693031048,70.77074774380388],[-117.05903336097454,70.7461658346242],[-117.48882004310344,70.72220953579607],[-117.76066299964641,70.721705995757],[-118.50345322181438,70.95989569302263],[-118.4987687735722,71.05283697720232],[-118.37258621741985,71.08408697720232],[-118.00223251868938,71.10802801724138],[-117.41016098548626,71.20223578091326],[-116.96210953284954,71.18755682583513],[-116.16113754798626,71.2511707174367],[-115.74225327064251,71.29855688687029],[-115.51704117347454,71.42342718716326],[-115.69346329261516,71.57892187710466],[-116.60404678870891,71.54600866909685],[-117.31387802650188,71.47455175991716],[-117.49078079749798,71.497584902007],[-117.74024673988079,71.58288153286638],[-118.04492661048626,71.7384296285695],[-118.33756729652141,71.8239017355031],[-118.64906784583782,71.79981573696794],[-118.9683732657597,71.90880926724138],[-118.98560806800579,72.03416784878435],[-118.39875504066204,72.47567328091326],[-117.21970840980266,72.85729559536638],[-116.93370657963686,72.90214900890444],[-114.03790926414058,72.0642120257238],[-110.34678520373127,71.19655506982303],[-105.60105426891934,71.04489158788512],[-104.62044428584238,71.09253252294585],[-104.5945710807011,71.04790838833513],[-104.49381729652141,70.99388464565935],[-103.86364456702923,70.70147284146013],[-103.6344880728886,70.62477453823747],[-103.11633011390423,70.51027258511247],[-102.43571182777141,70.4653812276906]]],[[[-40.042374578015554,64.981471620757],[-40.253720250622976,64.96666296597185],[-41.06033417274212,65.03749426479997],[-40.827748265759695,64.89353521938982],[-40.4836206107304,64.68540533657732],[-40.350705113904226,64.52752264614763],[-40.35533234168743,64.4269519674367],[-40.47241684486126,64.34779699917497],[-41.01111313392376,64.33243139858904],[-41.484120336072195,64.27418860073747],[-41.10417267371868,64.0885501730031],[-40.89255234290813,64.03168066616716],[-40.691220250622976,63.931869112212084],[-40.51624771644329,63.782069765288256],[-40.765702214734304,63.57452734585466],[-40.89390656043743,63.52436789150896],[-41.16342255164837,63.56665762539568],[-41.37823959876751,63.523437105376146],[-41.223019567029226,63.30993231411638],[-41.22700974036907,63.25296362515154],[-41.43446823646282,63.039203249174975],[-41.65309616615032,63.09566458340349],[-41.915570226208914,63.12360724087419],[-41.90392395545696,63.05252417202654],[-41.789105382458914,62.84676321621599],[-41.834408727185476,62.69062002773943],[-41.963726964490164,62.69039114590349],[-42.25886246253704,62.732387148100756],[-42.29883667518352,62.739398561674975],[-42.73952957679485,62.68891104336443],[-43.225968328015554,62.68092306729021],[-42.91909882117962,62.461906038481615],[-42.420365300671804,62.28601416226091],[-42.27136322547649,62.19441946621599],[-42.306195226208914,61.728881441313646],[-42.47826477576946,61.306762300688646],[-42.670330968396414,61.26428564663591],[-43.03725906898235,61.29165991421404],[-42.817120519177664,61.02562292690935],[-42.82441422034954,60.80161245938005],[-42.75409027625774,60.69687231655779],[-42.78493210365032,60.52916296597185],[-42.9272126822636,60.50099142666521],[-43.14993378211712,60.51450689907732],[-43.497086492078054,60.478969179350756],[-43.15411850501751,60.30526693936052],[-42.96204468299602,60.03407248135271],[-43.01451202918743,59.83288153286638],[-43.143570867078054,59.81878241177263],[-43.578778234021414,59.935687624174975],[-43.71973041143305,60.00371991495786],[-43.84796284556369,61.05825940923091],[-44.25808774116473,61.869878095613615],[-43.84796284556369,64.20612586086018],[-42.793355971161034,65.40311483729091],[-39.69494684817376,65.18696970170159],[-39.68630692054485,65.1705585348195],[-39.726918187634695,64.99653967495622],[-39.89782043983196,64.95292242642107],[-40.042374578015554,64.981471620757]]],[[[-46.97205444862102,60.86373861904802],[-47.15937134315227,60.85638006802263],[-47.41620346595501,60.72299536343279],[-47.630475011365164,60.59680517788591],[-47.82239243079876,60.778190218169115],[-47.86935516883587,60.939025484282396],[-47.96923157264446,61.036910616118334],[-48.20001694251751,61.141627870757006],[-48.567913976208914,61.2461429464406],[-48.915463414685476,61.42103537197771],[-49.14827438880657,61.77232702847185],[-49.116444554822195,62.10383185024919],[-49.20595261146282,62.17429693813982],[-49.401295629040945,62.21632345791521],[-49.61146256019329,62.1947399007863],[-50.04793259193157,62.31408270474138],[-50.09668442298626,62.356410585600756],[-50.15892883826946,62.462428652007006],[-50.095936742322195,62.66799124355974],[-49.889325109021414,62.84574469204607],[-49.85748383094524,62.966544710356615],[-49.97367950965618,62.99473150845232],[-50.22172638465618,63.00849493618669],[-50.465817418591726,63.05066641445818],[-50.59093567420696,63.14998587246599],[-50.616742101208914,63.434806429106615],[-50.8230867057011,63.49145849819841],[-51.10051819373821,63.46953924771013],[-51.365765538708914,63.726012788969896],[-51.35501572181438,63.81178244229021],[-51.26595017005657,63.92637213345232],[-50.98794647742962,64.09154089565935],[-50.439015355603445,64.2430911886281],[-50.2569245963261,64.37973364468279],[-50.04263397742962,64.4375720846242],[-50.019913640515554,64.6100574361867],[-50.14448257972454,64.73932226772966],[-50.3573999076054,64.69574316616716],[-50.771840062634695,64.6590076314992],[-50.99374863197063,64.6154285299367],[-51.27965637733196,64.42807348843279],[-51.52139755775188,64.3701892721242],[-51.80484863807415,64.23334082241716],[-51.95738312293743,64.37656744595232],[-51.940175023572195,64.65683325405779],[-51.991654363171804,65.00974615688982],[-52.084332433240164,65.21262701626482],[-52.07773300697063,65.37242468472185],[-52.18693634559368,65.51769598599138],[-52.41381165076946,65.48089178677263],[-52.536007848279226,65.49521978970232],[-52.83536240150188,65.65488775845232],[-53.10253998328899,65.87324865933122],[-53.10843369056438,66.03403814907732],[-52.72966095496868,66.27637823696794],[-52.61050125648235,66.26797827358904],[-52.86044403602337,66.3531986105031],[-53.34805389930462,66.32427557583513],[-53.39427277137493,66.45181616421404],[-53.22169968177532,66.53085669155779],[-52.916851964490164,66.54446753140154],[-52.65323730994915,66.56776770229997],[-52.448048558728445,66.60731085415544],[-52.30317017127727,66.90946539517107],[-52.84682938148235,66.93058355923357],[-53.104203191296804,66.90795477505388],[-53.26725861121868,66.92242010708513],[-53.397416081921804,66.99593695278826],[-53.4495629935429,67.08444555874529],[-53.34943100501751,67.2102542745656],[-53.25116440345501,67.2139392721242],[-53.170311894910085,67.28580816860857],[-52.97809692908977,67.31033667202654],[-53.146710362927664,67.39514502163591],[-53.39495941688274,67.36226233120622],[-53.494122472302664,67.47349890347185],[-53.46844574500774,67.55819281216326],[-53.43576141883587,67.61761816616716],[-53.31903549720501,67.6178470480031],[-53.18010803748821,67.6626468526906],[-52.80789658118938,67.77477606411638],[-52.25998398353313,67.73864325161638],[-51.87598511268352,67.66508062954607],[-51.52680298377727,67.65088232632341],[-51.3565339713261,67.59181555386247],[-50.93936249305462,67.52581366177263],[-50.53911897259659,67.48805571153352],[-49.472532842377866,67.03273287353856],[-49.06240794677684,64.7863184095137],[-47.65626544757329,62.79478134157128],[-46.13294440676946,61.75918500066533],[-46.15809589644378,60.937403792612976],[-46.195851293103445,60.93519552822771],[-46.33108612586712,60.87194403286638],[-46.53102585365032,60.89255865688982],[-46.97205444862102,60.86373861904802]]],[[[-139.52424206220468,62.41569007667785],[-144.68009789261768,63.19218524961806],[-150.1289000770314,63.324002732781025],[-160.9394989447178,63.98492305338062],[-161.00630661536908,64.15789373989763],[-161.37294479896283,64.46636541958513],[-161.3609971671269,64.50956305142107],[-160.94391342689252,64.52476843472185],[-160.7896623282597,64.64031561489763],[-160.90219589759565,64.81319006558122],[-161.12569138099408,64.9282947408742],[-161.29062363197065,64.96410711880388],[-162.13664719154096,64.78921850796404],[-162.5615129141972,64.60096319790544],[-162.80194565345502,64.47088202114763],[-163.02521225501752,64.44165381069841],[-163.88339706947065,64.59127386685076],[-164.26511093665815,64.60499914761247],[-164.59991928626752,64.61876257534685],[-165.17119308997846,64.54565008755388],[-165.74068161536908,64.5589862691945],[-166.34773727943158,64.63710363979997],[-166.58603378822065,64.73040350552263],[-166.66852280189252,65.0846210348195],[-166.6037950186894,65.15014990444841],[-166.31743332435346,65.16522558804216],[-165.86377426673627,65.16608008022966],[-165.66328903724408,65.2464862691945],[-166.1386613516972,65.35480078335466],[-166.9990586905644,65.49169500942888],[-167.60156723548627,65.6000018941945],[-168.1797990470097,65.69388922329607],[-168.0813340811894,65.74522741909685],[-167.73000046302533,65.8629642355031],[-167.02422043372846,65.95946844692888],[-166.42819687415815,66.10719641323747],[-165.99724289466596,66.2034183370656],[-165.52136704017377,66.36595495815935],[-165.09273239661908,66.46976050015154],[-164.46313950111127,66.59615667935076],[-163.78244492103315,66.53848608608904],[-163.85339829017377,66.30294378872576],[-163.84308334876752,66.17811163540544],[-163.37004562904096,66.10560186978044],[-162.75850388099408,66.06275519009294],[-162.27507492591596,66.07097967739763],[-161.97949692298627,66.1155506002492],[-161.6268205313847,66.22629126187029],[-161.37917038490033,66.35901220913591],[-161.26143356849408,66.39603003140154],[-160.9229631095097,66.36724432583513],[-160.58469101478315,66.316432558257],[-160.1252336173222,66.33931311245622],[-160.03540512611127,66.48662909146013],[-160.03227707435346,66.56761511440935],[-160.34265610267377,66.59653051968279],[-161.2183732657597,66.72757300015154],[-161.79561325599408,66.74863012905779],[-161.93573471595502,67.08837469692888],[-162.5987443595097,67.16118963833513],[-163.03088852454877,67.17517431851091],[-163.73874374915815,67.21832617397966],[-163.82597824622846,67.44821508999529],[-164.04396530677533,67.5890384542531],[-164.51266953040815,67.796657167632],[-164.74297043372846,67.86329229946794],[-165.93999191810346,68.1598163473195],[-166.84352585365033,68.40520819302263],[-166.70106979896283,68.480495058257],[-166.33539291908002,68.66138037319841],[-166.29680344154096,68.87961920376482],[-165.33554550697065,68.90401800747576],[-164.89020248939252,68.93497046108904],[-164.06718918372846,69.06467779751482],[-163.71423813392377,69.22388800259294],[-163.5107316641972,69.50418432827654],[-163.15620895911908,69.7627673971242],[-162.87912460853315,69.99906500454607],[-162.51103683997846,70.18374975796404],[-162.1772355704472,70.28422125454607],[-161.69739243079877,70.33124121304216],[-161.18759628822065,70.4398914205617],[-160.71655746986127,70.45616491909685],[-159.90466782142377,70.42692144985857],[-159.83911606361127,70.51173742886247],[-159.9095811515019,70.60412939663591],[-160.24831100990033,70.76563604946794],[-160.24033066322065,70.85846289272966],[-159.36935898353315,70.89876135464372],[-158.85516830970502,70.88426550503435],[-158.4168595938847,70.90831335659685],[-157.81194016029096,70.97140081997576],[-157.31787582923627,71.1584964620656],[-156.90474411536908,71.34585913296404],[-156.47401901771283,71.3544422018117],[-156.34712692786908,71.33133276577654],[-156.04321762611127,71.22303351040544],[-155.97292038490033,71.14548071499529],[-156.14545151283002,71.08307226772966],[-156.1379747061894,70.92808111782732],[-155.66579147865033,70.86703070278826],[-155.47481247474408,70.85190161343279],[-155.23369308997846,70.98398169155779],[-155.09985825111127,71.07726629849138],[-154.4612931876347,70.99315985317888],[-153.77106186439252,70.97122534390154],[-153.29306503822065,70.9489017355031],[-152.97116562415815,70.9340091573781],[-152.65120407630658,70.8185306417531],[-152.48952194740033,70.69520147915544],[-152.1371202140019,70.53390081997576],[-151.91501328040815,70.4957767355031],[-151.72560593177533,70.53467138882341],[-151.1442002921269,70.48183020229997],[-150.63855454017377,70.47509344692888],[-149.9385118155644,70.49947699185076],[-149.28632065345502,70.5392337667531],[-148.74062058021283,70.4940448629445],[-148.12077805091596,70.37976416226091],[-147.7235459952519,70.32667120571794],[-146.18263718177533,70.26810034390154],[-145.60702988197065,70.19242437954607],[-145.27254196693158,70.1163822042531],[-144.3603410391972,70.13342627163591],[-143.30757614661908,70.19675024624529],[-142.8024797110722,70.09034308071794],[-141.7039689688847,69.73443945522966],[-141.16135117103315,69.59894140835466],[-141.05925461341596,69.59546240444841],[-140.73939987708783,69.58456762905779],[-140.33456894447065,69.6232410299367],[-139.90065475990033,69.57098730679216],[-138.99545761634565,69.36829718228044],[-138.27507492591596,69.13548620815935],[-137.72852036048627,69.01584204312029],[-137.2608537345097,68.96400030728044],[-136.93156906654096,68.94952734585466],[-136.20306870033002,68.87561377163591],[-135.80328842689252,68.77105291958513],[-135.61018845130658,68.70377691860857],[-135.49577805091596,68.71902807827654],[-135.69887253333783,68.98949774380388],[-135.85951706458783,69.07965429897966],[-136.01494308997846,69.14723547573747],[-136.04396530677533,69.3359866964406],[-135.4391984610722,69.52628668423357],[-135.10397812415815,69.49662359829607],[-134.84383102943158,69.5273929464406],[-134.77597519447065,69.57298620815935],[-133.99483200599408,69.5062518941945],[-133.64763351966596,69.50691565151872],[-133.14131638099408,69.67456396694841],[-133.00215622474408,69.75827368374529],[-132.8031358390019,69.75862463589372],[-132.50795456458783,69.85788305874529],[-132.16646286536908,69.88893469448747],[-131.77655502845502,69.9276386129445],[-131.44623276283002,69.96627386685076],[-131.2355088858769,70.07374914761247],[-131.05905624915815,70.15834387417497],[-130.71191879798627,70.2050052511281],[-130.24182602454877,70.20590551968279],[-129.8494767813847,70.15069159146013],[-130.0497941641972,69.96887549038591],[-130.20801254798627,69.91536291714372],[-130.70325180579877,69.85365637417497],[-131.1946153311894,69.68578680630388],[-131.7543840079472,69.60890539761247],[-132.3032121329472,69.48670538540544],[-132.61789413978315,69.25174292202654],[-133.41318222572065,69.13702734585466],[-133.71957871009565,68.9178729879445],[-133.33893295814252,68.79822119351091],[-132.69037338783002,68.46158941860857],[-132.7889756827519,68.7090564596242],[-132.71330734779096,68.8670917379445],[-132.1749620108769,68.98101385708513],[-131.9994249015019,69.08687933560076],[-131.67297836829877,69.27615698452654],[-130.89580246497846,69.30025824185076],[-130.46362778236127,69.4674335348195],[-129.94267746497846,69.64258917446794],[-129.01314255286908,69.72018011685076],[-128.72375961829877,69.87253912563982],[-128.30908676673627,69.99500616665544],[-127.93980118324016,70.07992132778826],[-127.72553726722454,70.18759497280779],[-127.80552383949016,70.31023748989763],[-128.121151891248,70.48648413296404],[-128.41585251380658,70.686305605132],[-128.01105972816205,70.6407962667531],[-127.66734024574016,70.51815374966326],[-127.35170456458782,70.38026007290544],[-127.16631790687298,70.23468359585466],[-126.99711319495891,70.0204349386281],[-126.79519363929485,69.78502234097185],[-126.61845871497844,69.6791492330617],[-126.0578508048222,69.4605213033742],[-125.97399612952923,69.43039282437029],[-125.45461746741985,69.33309515591326],[-125.27735611488079,69.34096106167497],[-125.1877107291386,69.40919836636247],[-125.41768356849407,69.69653662319841],[-125.38623520423626,69.81800421353044],[-125.13956924964641,69.83365210171404],[-124.98927780677532,69.8947025167531],[-124.70693680335735,69.94081457729997],[-124.5343904166386,69.7816425191945],[-124.50809952308391,69.59213598843279],[-124.60000320960735,69.46324499722185],[-124.22530075599407,69.40343054409685],[-123.80283829261516,69.43445929165544],[-123.29193588783001,69.63985022183122],[-123.05067917396282,69.86033209438982],[-122.83527847816204,69.89112433071794],[-122.32606216956829,69.88448675747576],[-121.63505264808391,69.76427801724138],[-120.84985825111126,69.56864508267107],[-120.22155472327923,69.41844519253435],[-119.27894302894329,69.26151617642107],[-118.81795212318157,69.16424139614763],[-118.53954788734173,69.13460119839372],[-117.83234116126751,69.00779303188982],[-117.32801529456829,68.97860296841326],[-116.81318375159954,68.91183050747576],[-116.32002731849407,68.89770849819841],[-115.68983170081829,68.93648871060076],[-115.28510757972454,68.89208563442888],[-114.83145615150188,68.76513250942888],[-114.38960739661907,68.60825689907732],[-114.19450851966594,68.49615057583513],[-114.10867020179485,68.34652289028826],[-114.3446931510136,68.2862048971242],[-114.7653703360722,68.30038794155779],[-115.02009293128704,68.27746924038591],[-115.40214249183391,68.21693762417497],[-115.56165787269329,67.89568670864763],[-114.06628891517376,67.734645448882],[-113.2897615103886,67.69891699429216],[-112.5025300650761,67.69295843716326],[-112.11188217689251,67.72342260952654],[-111.77983566810344,67.74637182827654],[-111.35673233558391,67.82159002896013],[-110.95406052161907,67.87451513882341],[-110.53196426917766,67.92000921841326],[-110.13336655189251,67.9058338033742],[-109.48879715491985,67.69111975308122],[-108.83538528968548,67.61059912319841],[-108.64619919349407,67.55892523403826],[-108.09502121497844,67.35959967251482],[-108.10113235999798,67.2188220846242],[-108.32774063636516,67.18139227505388],[-108.48516556312298,67.07013281460466],[-108.34801956702923,67.00387152310076],[-107.52763840247844,66.56298407192888],[-107.60024735023235,66.73958929653826],[-107.6110734610722,66.87971838589372],[-107.40584274818157,66.90224035854997],[-107.12817856361126,66.9618411886281],[-107.15620895911907,67.0430408346242],[-107.59381577064251,67.33831366177263],[-107.65141006995891,67.42718084927263],[-107.7165193228886,67.62755926724138],[-107.66202255775188,67.96261938687029],[-107.50445267249798,67.97784002896013],[-106.62961288978313,68.03915747280779],[-106.21191879798626,68.10709723110857],[-106.11858841468548,68.24175604458513],[-105.9119538932011,68.33936651821794],[-105.6359758048222,68.35485418911638],[-105.14194199134563,68.22861822720232],[-104.45434280921673,68.10291632290544],[-104.01886459876751,68.07389410610857],[-103.58273788978313,68.11950262661638],[-103.3074617057011,67.93351324673357],[-103.19611832191204,67.89646490688982],[-102.76308914710735,67.80044897671404],[-102.21799179603313,67.74194677944841],[-101.91296860267376,67.70532568569841],[-101.39744278480266,67.70627936001482],[-101.00199600745891,67.79630621548357],[-100.21192642738079,67.8052249776906],[-99.3676652579472,67.79192694302263],[-98.88602921058391,67.81515081997576],[-98.35487839271282,67.93530615444841],[-97.92310806800579,67.72021826382341],[-97.49550339271282,67.58721502896013],[-97.26068588783001,67.59509619351091],[-97.15115829993938,67.7365222799367],[-97.15858933021282,67.96737249966326],[-97.45818039466594,68.07123144741716],[-97.78757950355266,68.13031347866716],[-98.40710922767376,68.15903051968279],[-98.36706253577923,68.36095007534685],[-97.83035751868938,68.39937170620622],[-97.57178970863079,68.36991461392107],[-97.2100495963261,68.27335699673357],[-96.81831833411907,68.18440588589372],[-96.43210312415813,68.16273077603044],[-96.20792862464641,68.07355078335466],[-96.1680574088261,67.99158819790544],[-96.21100327064251,67.93185003872576],[-96.34024521400188,67.5448261129445],[-96.25960251380657,67.31505163784685],[-96.12275406409954,67.241237245757],[-96.04299637366985,67.21179541226091],[-95.68652054359173,67.16807135220232],[-95.2586564688847,67.02838476772966],[-95.29073044349407,67.27984198208513],[-95.50044724036907,67.72474249478044],[-95.43879410316204,67.94077643032732],[-95.32254501868938,68.06028326626482],[-95.00205704261516,68.05342444058122],[-94.63704392005657,68.0690189230031],[-94.08401199866985,68.45131262417497],[-93.8626603751347,68.47417791958513],[-93.64680191566204,68.47459753628435],[-93.41411301185344,68.54245337124529],[-93.39924332191204,68.60245855923357],[-93.46689316322063,68.76744421597185],[-93.63582321693157,68.92499121304216],[-93.77388474036907,68.92471655483904],[-94.13840958167766,68.841334902007],[-94.58306595374798,68.87808569546404],[-94.34251114417766,69.11190374966326],[-93.97977158118938,69.1427265035695],[-93.78439804603313,69.21850927944841],[-93.52708145667766,69.21897467251482],[-93.19426437904094,69.03869970913591],[-92.98549362708782,68.96380957241716],[-92.95613571693157,69.08434637661638],[-92.99247452308391,69.5145755636281],[-93.32716080238079,69.48372992153826],[-93.73071762611126,69.49808081265154],[-94.0367326407597,69.55047949429216],[-94.4232072501347,69.6936527120656],[-94.74957748939251,69.65517004604997],[-95.30957504798626,69.73746832485857],[-95.6969880728886,69.84295233364763],[-96.12698074866985,69.9408450948781],[-96.42262741615032,70.09300573940935],[-96.46397110511516,70.15418585415544],[-96.4740876822636,70.29984625454607],[-96.32550522376751,70.36152990933122],[-95.94667526771282,70.56986578579607],[-96.16534134437298,70.66958960171404],[-96.69965073158001,70.83835943813982],[-96.65924545814251,70.93118628140154],[-96.39831253577923,71.2027850973195],[-96.13158890296673,71.33528479214372],[-95.95746323158001,71.35116156216326],[-95.49297806312298,71.23551519985857],[-95.43042465736126,71.25116308804216],[-95.35268112708782,71.40671118374529],[-95.67177292396282,71.56962164517107],[-95.7620515494511,71.69424780483904],[-95.65868851234173,71.71004828091326],[-95.41064926673626,71.85898932095232],[-95.24577042152141,71.8749500143117],[-94.41721054603313,71.88431128140154],[-94.16578384925579,71.84570654507341],[-93.83813950111126,71.76034887905779],[-93.27116867591594,71.5585437643117],[-93.07691666175579,71.41099890347185],[-92.98890396644329,71.24022253628435],[-93.0994538932011,70.9687991964406],[-92.53204056312298,70.7303958761281],[-92.16814896156048,70.50767859097185],[-91.65772720863079,70.28584631558122],[-91.82776352454876,70.13225897427263],[-92.27079483558391,70.1161151754445],[-92.48423477699016,69.99328955288591],[-92.67121597816204,69.74241217251482],[-92.45926376868938,69.7124515401906],[-91.97731491615032,69.60731085415544],[-91.6150788932011,69.5852542745656],[-91.44098373939251,69.6461673605031],[-91.1724519400761,69.64666327114763],[-90.50776382972454,69.4889636861867],[-90.65864273597454,69.3299823629445],[-90.91227432777141,69.23138769741716],[-90.87084671546673,69.16359289761247],[-90.51269241859173,68.95337256069841],[-90.35121628333782,68.68316992397966],[-90.34002396156048,68.30860479946794],[-90.20366379310344,68.3368640768117],[-90.19424149085735,68.3388172018117],[-90.00918289710735,68.36909826870622],[-89.7355851798222,68.53431280728044],[-89.44108292152141,69.0457034933156],[-89.14040848304485,69.2346912252492],[-88.9050187735722,69.22760351772966],[-88.5761384635136,69.1000476705617],[-88.09737106849407,68.8525882589406],[-87.88440414954876,68.68025549526872],[-87.79025742103313,68.47801550503435],[-87.86149307777141,68.2833515035695],[-88.0130510001347,68.26810034390154],[-88.37113663245891,68.31228979702654],[-88.46198746253704,68.17760809536638],[-88.48145767738079,67.99102362271013],[-88.32388016273235,67.8125491964406],[-87.80835434486126,67.5162616598195],[-87.53399368812298,67.29434546108904],[-87.3254060416386,67.16891058560076],[-87.05794235755657,67.24338873501482],[-86.65454575111126,67.31820257778826],[-86.48843857337688,67.37778814907732],[-86.39503189613079,67.67486151333513],[-86.05096146156048,67.85401495571794],[-85.78174301673626,68.04082831021013],[-85.66953751136516,68.3397937643117],[-85.50632950355266,68.67721136685076],[-85.39984604408001,68.7599597799367],[-84.77272507240032,68.7235828268117],[-84.62458511878704,68.75390967007341],[-84.56435104896282,68.98704870815935],[-85.00759598304485,69.13682898159685],[-85.42065140296673,69.29444464321794],[-85.3810701041386,69.695338808257],[-85.1133699088261,69.81714972134294],[-84.75945755531048,69.80261572476091],[-84.57021805335735,69.8333240377492],[-84.31351944495891,69.82621344204607],[-82.75667282630657,69.54878576870622],[-82.16050430824016,69.2477069723195],[-81.93275925208782,69.24814184780779],[-81.68396469642376,69.27876623745622],[-81.47992416908001,69.1886478292531],[-81.36990829993938,68.72242315884294],[-81.58302780677532,68.6020007955617],[-81.77710434486126,68.55667456265154],[-81.88645645667766,68.57896002407732],[-82.20959183265423,68.81850012417497],[-82.3278474478886,68.81827124233904],[-82.68726822425579,68.69747503872576],[-82.63178726722454,68.5550800191945],[-82.49299332191204,68.32328375454607],[-82.17829605628704,67.99535711880388],[-81.79372879554485,67.75780066128435],[-81.29496475745891,67.4987293111867],[-81.28435226966594,67.35788305874529],[-81.49921890784954,67.06891211147966],[-81.69673630286907,66.98728521938982],[-82.32999130775188,66.63962133999529],[-82.63348099281048,66.60227545376482],[-83.13871475745891,66.37349279995622],[-83.48195358802532,66.49772223110857],[-84.2264070182011,66.93088873501482],[-84.49036881019329,67.0485339986867],[-84.7138566641972,67.07027777310076],[-85.02158829261516,66.9441409933156],[-84.4077043204472,66.70936926479997],[-83.74045273353313,66.30630835171404],[-84.05871292640423,66.27637060757341],[-84.3699845938847,66.31246527310076],[-84.94954392005657,66.2747073995656],[-85.11850449134563,66.33306463833513],[-85.38676163245891,66.61182745571794],[-85.90318008949016,66.61822851772966],[-86.73898788978313,66.5651355611867],[-86.8531388907597,66.46201666470232],[-86.5768708853886,66.35237463589372],[-85.9871492057011,66.16278418179216],[-86.05865952064251,66.07476385708513],[-86.3337068228886,65.92789801235857],[-87.25401016761516,65.43011816616716],[-87.54983994056438,65.3495365011281],[-87.78694626380657,65.34908636685076],[-88.17352768470501,65.45750006313982],[-88.54085251380657,65.67544897671404],[-88.64201065589641,65.71173437710466],[-89.17739578773235,65.81294592495622],[-89.50872513343548,65.9292484151906],[-89.77756973792766,65.97996100063982],[-90.20366379310344,65.97355230923357],[-90.33375259925579,65.97159918423357],[-90.88001724769329,65.8931156026906],[-90.20366379310344,65.76792486782732],[-89.6923722891972,65.67328222866716],[-88.90442368079876,65.32516058560076],[-88.17144485999798,65.13038214321794],[-87.61630722572063,65.0733905660695],[-87.15728470374798,65.05958899136247],[-87.43523117591594,64.568873964507],[-87.9917878775761,64.25168188687029],[-88.3770646720097,64.0573230611867],[-88.7044572501347,63.985065065581225],[-89.07741257240032,63.96287115688982],[-89.49484726478313,64.01940497036638],[-89.97269150306438,64.19054754849138],[-89.99451157142376,64.03280218716326],[-90.00580307533001,63.9038577901906],[-89.86152359534954,63.6466556417531],[-89.87039658118938,63.57521780605974],[-90.20366379310344,63.56135138149919],[-90.22967239906048,63.56026419277849],[-90.8438615470097,63.609088503081225],[-91.5861711173222,63.793544374663256],[-91.98384567786907,63.82856329556169],[-93.31687637855266,63.97362097378435],[-92.3510408072636,63.58483465786638],[-91.64173599769329,63.51474722500505],[-91.02674576331829,63.39461477871599],[-90.77393814613079,63.302386842924975],[-90.62544724036907,63.181544862944506],[-90.6305818228886,63.09612616177263],[-90.9196443228886,62.94618948574724],[-91.41749283363079,62.852889620024584],[-92.06037613441204,62.88721426602068],[-92.29017349769329,62.9152103292531],[-92.45530411292766,62.7941051351613],[-91.8908586173222,62.6035533773488],[-92.10219284583782,62.411822878081225],[-92.5791902213261,62.269340120512865],[-93.23328873206829,61.971297823149584],[-93.42261978675579,61.858031831938646],[-93.3245744376347,61.54114111538591],[-93.46560379554485,61.435348116118334],[-93.87430283118938,61.343192659575365],[-94.01383682777141,61.21648748989763],[-94.25195023109173,60.92843588467302],[-94.37603470374798,60.79513510342302],[-94.48430344154094,60.49420889492693],[-94.60756393958782,60.24970587368669],[-94.75318619300579,59.94999273892107],[-94.72808548499798,59.762904726225756],[-94.80027481605266,59.513549410063646],[-94.74500748206829,59.119803987700365],[-94.68383499671673,58.87849386807146],[-94.41486069251751,58.71365316982927],[-94.30231186439251,58.70698507900896],[-94.18649765540813,58.66588934536638],[-93.88757034827923,58.65957983608904],[-93.36378952552532,58.701869569975756],[-93.23948380042766,58.68147238369646],[-93.07417770911907,58.55101355190935],[-92.88842484046673,58.207694612700365],[-92.52271744300579,57.687274538237475],[-92.42361923743938,57.386466585356615],[-92.48305222083782,56.97671469326677],[-92.40409578747519,56.97508393725052],[-92.71141469288669,56.83125797836517],[-93.82461083808953,56.86329884105465],[-102.14428729171048,57.21394132630312],[-111.28421353653351,58.55314202309659],[-114.56521270134176,60.59956315497872],[-118.19774749095093,62.712635573894396],[-124.93551363296793,64.83463268032534],[-132.43494029538678,62.496969371290604],[-139.52424206220468,62.41569007667785]]],[[[-65.47452255775188,76.09859808560076],[-66.02683731605266,76.1731677877492],[-66.68391892005657,76.30668219204607],[-66.54037949134563,75.97068365688982],[-66.56342026283001,75.928737245757],[-67.03665634681438,75.93623694058122],[-67.61905380775188,76.0189700948781],[-69.04484268714641,76.29375799771013],[-68.35297104408001,76.54862555142107],[-68.1443986563847,76.59984930630388],[-68.18594070960735,76.70160254116716],[-68.37633987952923,76.77777441616716],[-68.85623642493938,76.78535803433122],[-69.85101028968548,76.79198797817888],[-70.21667191077923,76.82532843228044],[-70.49995132972454,76.8333240377492],[-71.05698868324016,77.02849920864763],[-71.44827744056438,77.12186010952654],[-71.18388077308391,77.25953253384294],[-70.61842056800579,77.27779730435076],[-69.25207230140423,77.21171148892107],[-68.34064194251751,77.19630774136247],[-67.73630234290813,77.18888434048357],[-66.7837800650761,77.2593265401906],[-66.30934616615032,77.35474737759294],[-66.17778488685344,77.39800604458513],[-66.1534089713261,77.5531726705617],[-66.43559738685344,77.68224676724138],[-66.80472275306438,77.77682074185076],[-67.3522843985722,77.70645483608904],[-67.85181137611126,77.5930896627492],[-68.44123550941204,77.58333929653826],[-68.95322128822063,77.6342273580617],[-69.29207321693157,77.59898718472185],[-69.68751999427532,77.5550800191945],[-69.9936418204472,77.5803943502492],[-70.37952133704876,77.66610296841326],[-70.67803665687298,77.83014258022966],[-71.04520889808391,77.91627081509294],[-71.34299942542766,77.9417987691945],[-71.66946884681438,77.9151111471242],[-71.88843246986126,77.94943579312029],[-72.5253801016972,78.16613348599138],[-72.5452775626347,78.3235355245656],[-72.38322922279094,78.52572973843279],[-72.0187654166386,78.57922705288591],[-71.46276566077923,78.62432440396013],[-70.78020187904094,78.68733557339372],[-69.84684464027141,78.75975378628435],[-69.26627060462688,78.7961917745656],[-68.83852860023235,78.97410925503435],[-68.34851547767376,79.0904804098195],[-67.96912857581829,79.12678869839372],[-66.85430618812298,79.12891729946794],[-66.35871597816204,79.1743656026906],[-65.48489090491985,79.15823706265154],[-65.30409714271282,79.22092016812029],[-65.16448685218548,79.3103748189992],[-64.89053818275188,79.3823734151906],[-64.79951187659954,79.67840155239763],[-64.67545792152141,79.90390356655779],[-64.62318131019329,79.94921454067888],[-65.02371689368938,80.05176886196794],[-65.89964005042766,80.06920965786638],[-66.41940781165813,79.98192938442888],[-66.85121628333782,80.03850897427263],[-67.41029068519329,80.2107425558156],[-67.14280411292766,80.56214483853044],[-66.52167984534954,80.71127661343279],[-65.24133774329876,80.87276800747576],[-64.60832687904094,80.9739490377492],[-63.72541138221477,81.08617743130388],[-62.81141255638844,81.15595684596342],[-63.35819002201287,78.2356337190557],[-62.44868119723538,76.33836403843989],[-62.467633214490164,76.3399921285695],[-62.91620728065227,76.36447485562029],[-63.65076920081829,76.37993963833513],[-64.00380035926555,76.29492529507341],[-64.4733552603886,76.25186499233904],[-64.83591934730266,76.16703375454607],[-65.47452255775188,76.09859808560076]]],[[[-102.27919479896282,73.14715918179216],[-101.98523422767376,73.08414038296404],[-101.52065750648235,72.87084540005388],[-101.04201981116985,72.76880987759294],[-100.83488937904094,72.74547918911638],[-100.55804916908001,72.87264593716326],[-100.14954849769329,73.15112646694841],[-99.96296402503704,73.16739233608904],[-99.9550447135136,73.26287420864763],[-100.43335434486126,73.517116152007],[-100.91383072425579,73.70812567349138],[-100.99365707923626,73.81210669155779],[-100.93396469642376,73.86034735317888],[-100.17654129554485,73.82167395229997],[-99.85664078284954,73.9185291158742],[-99.66770645667766,73.91888769741716],[-99.21940323402141,73.7433353292531],[-98.96750351478313,73.72777136440935],[-98.7065324454472,73.75229986782732],[-98.51103683997844,73.86486395474138],[-97.9566316275761,73.92206152554216],[-97.34714218665813,73.89111670132341],[-96.93672653724407,73.78765448208513],[-97.08239456702923,73.66727026577654],[-97.3434724478886,73.61080511685076],[-97.4888581900761,73.458766542632],[-98.18634506751751,73.2900882589406],[-98.36283585120891,73.21812780972185],[-98.39371201087688,73.13058050747576],[-98.2796525626347,73.01959570522966],[-98.05192276527141,72.97244604702654],[-97.74046036292766,73.01267584438982],[-97.2546281485722,72.93429907437029],[-96.86413284827923,72.8241229879445],[-96.68853470374798,72.81653936978044],[-96.43457504798626,72.69835241909685],[-96.35086533118938,72.50115545864763],[-96.65746780921673,72.34305151577654],[-96.72786423255657,72.18572577114763],[-96.84962173988079,71.87977179165544],[-97.05519577552532,71.71526678677263],[-97.28400894691204,71.65240057583513],[-97.58003708411907,71.64402350063982],[-97.84193131019329,71.69036444302263],[-98.18997665931438,71.84595068569841],[-98.4839753775761,71.892360292632],[-98.47840591956829,71.79854162808122],[-98.00388046790813,71.54967840786638],[-98.37187668372844,71.36996801968279],[-98.71809097816204,71.35375555630388],[-98.93899246741985,71.39222296353044],[-99.43434616615032,71.64056738491716],[-99.86262985755657,71.92893561001482],[-100.31894394447063,72.13972815151872],[-100.75919815589641,72.24100836392107],[-101.40628525306438,72.2948490011281],[-101.65373703529094,72.373073183257],[-102.66872879554485,72.85284002896013],[-102.27919479896282,73.14715918179216]]],[[[-95.87341782142376,76.51327856655779],[-96.27653976966594,76.73324164028826],[-96.80946823646282,76.91969641323747],[-96.72310349036907,77.0223880636281],[-95.62853714515423,77.04159887905779],[-94.93447586585735,76.92328222866716],[-94.2718171744511,76.89894446011247],[-94.19506546546673,76.89906653042497],[-93.79452988197063,76.7379642355031],[-93.87482163001751,76.62733801479997],[-93.81957718421673,76.48328741665544],[-93.93760391761516,76.398463808257],[-94.50722977210735,76.42276342983904],[-95.53256699134563,76.4969745504445],[-95.72408005286907,76.47120245571794],[-95.87341782142376,76.51327856655779]]],[[[-88.32573410560344,74.68200262661638],[-88.39015671302532,74.99047430630388],[-88.94714066077923,74.93242987271013],[-89.12196060706829,74.85086401577654],[-89.26858231116985,74.70455511685076],[-89.69807907630657,74.61462744351091],[-90.15305801917766,74.62996252651872],[-90.20365616370891,74.64215429897966],[-90.52029892493938,74.71844061489763],[-91.05400558997844,74.97726782437029],[-91.35767075111126,74.75738104458513],[-91.86679550697063,74.78889807339372],[-92.16646286536907,75.09879644985857],[-92.36552139808391,75.42128332729997],[-92.10123154212688,75.63806494351091],[-92.09277817298626,75.80506476040544],[-92.22411819984173,75.94715460415544],[-92.78617569495891,76.2402835714406],[-93.06393906165813,76.37475927944841],[-93.08487412025188,76.52703436489763],[-92.79890152503704,76.58692511196794],[-92.24705215980266,76.62192114468279],[-91.1346330313847,76.63252600308122],[-90.79144760658001,76.5907703268117],[-90.28858658363079,76.4730716573781],[-90.20367142249798,76.45518072720232],[-89.81152817298626,76.37251623745622],[-90.0871247916386,76.2875476705617],[-90.20366379310344,76.28165777798357],[-90.60622116615032,76.2612796651906],[-90.99005600501751,76.18470343228044],[-91.15639969398235,75.97433813687029],[-90.64653488685344,75.95013006802263],[-90.20364853431438,75.96699865933122],[-90.18295761634563,75.96777685757341],[-89.80173965980266,75.91820105190935],[-89.59354874183391,75.85998877163591],[-89.36940475990032,75.65158423062029],[-89.04219528724407,75.46079596157732],[-88.76273056556438,75.41980322476091],[-88.66658493568157,75.45320471401872],[-88.64735123206829,75.59464605923357],[-88.51881119300579,75.61986883755388],[-88.03487106849407,75.6207767355031],[-87.63766953040813,75.70489843960466],[-87.29289719154094,75.65550573940935],[-86.91690537025188,75.54795416470232],[-86.61799332191204,75.432155214507],[-86.17895981361126,75.40808447476091],[-85.83033463050579,75.61661871548357],[-85.20330521156048,75.74293097134294],[-84.43665787269329,75.79451330776872],[-83.5586824088261,75.90492590542497],[-82.86867996741985,75.88112219448747],[-81.70312210609173,75.8749500143117],[-81.53155991126751,75.85853918667497],[-81.17606064368938,75.7171893941945],[-80.76611038734173,75.60955389614763],[-80.12798019935344,75.54416998501482],[-79.83384415199016,75.48652990933122],[-79.73917862464641,75.47008856411638],[-79.5766496329472,75.39566382046404],[-79.49518295814251,75.279811464507],[-79.6751374869511,75.21329077358904],[-80.49992081214641,75.03009375210466],[-80.56049057533001,74.91556128140154],[-80.34932419349407,74.61590155239763],[-81.4682511954472,74.5814472066945],[-81.73454758216594,74.57284124966326],[-82.02741715003704,74.53186377163591],[-82.37299057533001,74.55549963589372],[-82.75358292152141,74.6275897848195],[-82.93595596839641,74.68396338101091],[-83.07375046302532,74.98405035610857],[-83.44872757484173,75.08227118130388],[-83.61359879066204,75.02420385952654],[-83.58102890540813,74.69896277065935],[-83.82236191322063,74.6417957174367],[-84.1585359244511,74.66548498745622],[-84.56786819984173,74.61612280483904],[-84.89556595374798,74.62362249966326],[-85.11821457435344,74.62321051235857],[-85.72237106849407,74.719264589507],[-85.98914810706829,74.80799444790544],[-86.21156021644329,74.81569250698747],[-86.30568405677532,74.62095984097185],[-87.11603256751751,74.57089575405779],[-87.48978134681438,74.53784521694841],[-88.1436433463261,74.56897314663591],[-88.32573410560344,74.68200262661638]]],[[[-75.92493912269329,82.51744421597185],[-75.80209824134563,82.6801257955617],[-76.2339982657597,82.90875586147966],[-76.60654923011516,83.04038580532732],[-76.38208481361126,83.15191229458513],[-75.72928329993938,83.09775885220232],[-74.90498825599407,83.02203711147966],[-74.16105362464641,82.9905506002492],[-73.42364212562298,82.783473573882],[-73.25343796302532,82.77292212124529],[-73.22588058997844,82.86053045864763],[-73.36116501380657,83.10303839321794],[-72.5595369010136,83.10483893032732],[-71.92592331458782,83.0840564596242],[-71.55182358314251,82.96325262661638],[-71.17767044593548,82.81030615444841],[-70.89964005042766,82.81091650601091],[-70.91941544105266,82.9315906393117],[-71.06805130531048,83.14152105923357],[-70.58430191566204,83.17604406948747],[-68.92305466224407,83.00220068569841],[-67.69633194495891,82.87279852505388],[-66.82488724281048,82.90768774624529],[-65.48093124915813,82.89966162319841],[-65.0457658438847,82.87870367642107],[-64.7052888541386,82.8246570455617],[-64.6485261588261,82.82477148647966],[-64.0098428397343,82.78243597622576],[-63.51987167884563,82.69630011196794],[-63.18510529090618,82.65362127896013],[-62.4271020560429,82.633571230132],[-61.816342320935476,82.47298010464372],[-61.989376988904226,82.31192358608904],[-62.54635712196087,82.25741919155779],[-63.088700261609304,82.09728582974138],[-63.92060562659954,82.01119574185076],[-64.36049362708782,82.03129156704607],[-65.34669205238079,82.10294684048357],[-66.3745011954472,82.1007343160695],[-66.7235994010136,82.03673895474138],[-67.58518692542766,81.96132238979997],[-67.85378738929485,81.75201758022966],[-67.51643082191204,81.58725317593279],[-67.17384048988079,81.56735571499529],[-66.71056839515423,81.58894690151872],[-65.94338699866985,81.71458014126482],[-65.58789536048626,81.70499762173357],[-65.22433945228313,81.5098377096242],[-65.29983231116985,81.45840796108904],[-65.86057755042766,81.39586218472185],[-66.48169418861126,81.3028827535695],[-67.00993820716594,81.17003973599138],[-67.95411392738079,80.93699225063982],[-68.54623886634563,80.83604773159685],[-69.08180710365032,80.67632635708513],[-69.49747177650188,80.54748877163591],[-70.51105972816204,80.54539068813982],[-70.21854111243938,80.13744696255388],[-70.4205217032597,80.05044897671404],[-71.45447250892376,79.84579046841326],[-71.79983994056438,79.8541751730031],[-72.51384445716594,79.87084540005388],[-73.17184921790813,79.96901281948747],[-74.2454728751347,80.0426746236867],[-74.54227158118938,79.894069277007],[-73.37603470374798,79.58111914272966],[-73.67390152503704,79.5177493917531],[-74.10912796546673,79.5348621236867],[-74.69301315833782,79.52475317593279],[-75.17368027259563,79.51486548062029],[-76.3346833853886,79.61134680386247],[-77.23877426673626,79.5826907980031],[-77.2991609244511,79.28556402798357],[-76.73341080238079,79.33287390347185],[-76.25381180335735,79.32484778042497],[-75.21375748206829,79.19302710171404],[-74.96309372474407,79.12227209683122],[-74.90886398841594,78.82077368374529],[-75.05744644691204,78.7321277486867],[-75.52126785804485,78.6782718526906],[-75.7530412345097,78.36124762173357],[-76.23600479652141,78.35155066128435],[-76.43763443519329,78.37747534390154],[-76.61846634437298,78.29825171108904],[-76.48483749915813,78.18409308071794],[-76.14319321204876,78.0719714986867],[-76.2906388907597,78.01065405483904],[-77.01714798499798,77.97446783657732],[-77.40726944495891,77.99114569302263],[-78.17676254798626,78.06809576626482],[-78.36676498939251,78.03287085171404],[-78.18244644691204,77.67718084927263],[-78.21856400062298,77.57334478970232],[-78.51054092933391,77.44339331265154],[-78.85540482093548,77.3738284933156],[-79.53947159339641,77.42421301479997],[-80.4571199088261,77.47416266079607],[-81.10028549720501,77.57650335903826],[-81.55392929603313,77.54110296841326],[-82.10242935706829,77.31605108853044],[-81.6384172110722,77.26539953823747],[-81.47284409095501,77.2399402486867],[-80.5033845572636,77.19032629604997],[-79.71194931556438,77.13182409878435],[-79.02187820960735,77.05609472866716],[-78.1214265494511,77.04070623989763],[-77.82433792640423,76.88757666226091],[-77.8040666251347,76.72584112759294],[-78.21225449134563,76.54684790249529],[-79.42032333900188,76.42604406948747],[-79.83747574378704,76.37455328579607],[-80.31186386634563,76.27240332241716],[-80.81350418616985,76.23771246548357],[-81.02364059974407,76.36385687466326],[-81.38230606605266,76.65105780239763],[-81.63404556800579,76.63363226528826],[-81.91791245033001,76.63306006069841],[-82.57185074378704,76.77632483120622],[-82.57236191322063,76.69974859829607],[-82.4235734610722,76.47110327358904],[-83.08795639564251,76.47829016323747],[-83.76330277015423,76.53631170864763],[-84.15717789222454,76.6797595846242],[-84.62186905433391,76.89168127651872],[-84.79639908363079,76.8657718526906],[-84.55935379554485,76.54324682827654],[-84.66750809241985,76.46683081265154],[-85.03705307533001,76.40692480679216],[-85.81091019202923,76.45618017788591],[-86.83530899574016,76.47118719692888],[-87.27270981361126,76.50420721646013],[-87.89473434974407,76.68114813442888],[-88.18344589759563,76.74010046597185],[-88.31023880531048,76.53611334438982],[-88.58884140540813,76.46783026333513],[-89.41812607337688,76.61032446499529],[-89.34565445472454,76.87417944546404],[-89.24700638343548,76.97679480190935],[-88.56066605140423,77.02938421841326],[-88.2863435416386,77.14117773647966],[-87.85390183021282,77.21921881313982],[-87.32338425208782,77.2030521261281],[-87.09915634681438,77.28074225063982],[-87.58183762122844,77.46057470913591],[-88.0512361197636,77.75362738247576],[-88.02763840247844,77.82307776089372],[-87.8124665885136,77.87560614224138],[-87.21999832679485,77.85935553188982],[-86.43570419837688,77.81746252651872],[-86.03608414222454,77.72281988735857],[-85.5375871329472,77.49034460659685],[-84.92994400550579,77.34507330532732],[-84.4417390494511,77.30302008267107],[-83.6917390494511,77.31302984829607],[-83.3188142447636,77.37395819302263],[-83.2797746329472,77.49463995571794],[-83.04858109046673,77.63122137661638],[-84.4070939688847,77.63070257778826],[-84.86829849769329,77.70772894497576],[-84.93851181556438,78.09006079312029],[-84.84344193031048,78.15964087124529],[-85.62624069740032,78.22853430386247],[-86.50986954261516,78.29687842007341],[-86.63319107581829,78.29664190884294],[-86.91718765784954,78.24524267788591],[-86.82543655921673,78.58613928433122],[-86.30379196693157,78.83436926479997],[-85.80681320716594,78.90618475552263],[-84.9799699454472,78.90774878140154],[-84.45631119300579,78.89104803677263],[-83.83996292640423,78.85679205532732],[-82.92934128333782,78.71704443569841],[-82.32560440589641,78.66527899380388],[-82.10682388831829,78.73631628628435],[-81.59718033363079,78.75461920376482],[-83.12690445472454,79.11556585903826],[-83.9108781485722,79.25663336392107],[-85.51047989417766,79.82787665005388],[-85.69302078773235,79.71915777798357],[-86.32239243079876,80.11429175015154],[-86.31092545081829,80.23020514126482],[-86.17014786292766,80.2789798605031],[-85.38410660316204,80.23207434292497],[-84.52676865150188,80.23385199185076],[-83.6183747916386,80.20665320034685],[-82.89854141761516,80.03467138882341],[-81.75810715247844,79.68190344448747],[-81.10627457191204,79.70112951870622],[-80.73164841224407,79.6585193502492],[-81.35573288490032,79.90811499233904],[-82.2625627188847,80.05098303433122],[-81.71874710609173,80.38537939663591],[-81.0636872916386,80.53345068569841],[-80.28473373939251,80.54488714810076],[-79.59666153480266,80.64473303433122],[-78.67793747474407,80.67624243374529],[-78.15715500404094,80.72676428433122],[-77.52088638831829,80.74994238491716],[-78.32092758704876,80.965358339507],[-78.5658794653794,80.99165344853304],[-76.95456267707235,81.39861690021824],[-75.98783970886988,82.34208530365676],[-76.02439977354966,82.53072468985056],[-75.92493912269329,82.51744421597185]]],[[[-54.48590179969524,69.56363257046404],[-54.57440277625774,69.60885199185076],[-54.68687531043743,69.70702704067888],[-54.72269150306438,70.08692511196794],[-54.59369751502727,70.24023779507341],[-54.42833801795696,70.2481952535695],[-54.13745972205852,70.18746527310076],[-53.61670013953899,70.15783270474138],[-53.037491765515554,70.03655584927263],[-52.701188054578054,69.91539343472185],[-52.433556523816335,69.870387636382],[-52.08398529578899,69.772487245757],[-51.81285187293743,69.62156256313982],[-51.87741180946087,69.53068121548357],[-51.927941289441335,69.51549109097185],[-52.172604527966726,69.49234350796404],[-52.52107712318157,69.47657354946794],[-52.86744019080852,69.39284094448747],[-53.321713414685476,69.32408484097185],[-53.55149933387493,69.27841528530779],[-53.80711456824993,69.33826788540544],[-54.125260320203054,69.48115881558122],[-54.48590179969524,69.56363257046404]]],[[[-60.1714630701033,53.29857710058178],[-59.71703430701946,53.4313121664113],[-59.47287079383587,53.471854768950365],[-59.18075653602337,53.51914175625505],[-58.64011093665813,53.867675386626146],[-58.07691666175579,54.08285864468279],[-57.56114288856243,54.13071020718279],[-57.2630395560429,54.02418097134294],[-57.105824437634695,53.870631777007006],[-57.285199132458914,53.66976126309099],[-57.268944707410085,53.616324983794115],[-57.13083359290813,53.48302801724138],[-56.85379883338665,53.58374365444841],[-56.64929291297649,53.65759619351091],[-56.35446259071087,53.57132300015154],[-56.12695583342671,53.46584387832734],[-58.78822689960135,52.57259027862411],[-60.1714630701033,53.29857710058178]]],[[[169.48091979943723,61.192640399715565],[172.4408476128738,63.07842210456581],[171.76813674618367,65.85917681241212],[168.13549806605704,67.45778023799447],[155.89216029229675,68.16901029658281],[130.86731605142418,69.90104204211539],[124.54383390453704,71.58610355723228],[123.5007008987776,73.50494943844788],[124.22215560386921,73.69691046353044],[124.45666793297077,73.70529516812029],[124.8176603646114,73.658229433257],[125.3346281380489,73.5240741598195],[125.71732619713093,73.39780005093279],[126.48701766441609,73.38340338345232],[127.0968351692989,73.41625555630388],[127.71956160972859,73.4015384542531],[128.3147840828731,73.20751532192888],[128.49888137291217,73.12594183560076],[128.52492812584185,72.9523425924367],[128.29104140709185,72.91247900601091],[128.17055800865435,72.89652594204607],[127.31350234459187,72.71388586636247],[126.2164411873653,72.38231238003435],[126.11130050133015,72.28037603970232],[126.22529891441609,72.24934729214372],[126.69000533531452,72.21892889614763],[127.12090590904499,72.21193274136247],[127.41754439781452,72.14218481655779],[127.71409896324421,72.01011236782732],[128.1701307625606,71.83187445278826],[128.43249038170123,71.75462683315935],[128.7835340828731,71.53804358120622],[129.35520461509967,71.1756854879445],[130.1717176766231,70.81534918423357],[130.77927688072467,70.67834051724138],[131.05480483482623,70.68650396938982],[131.4126844734981,70.86376532192888],[131.79166701744342,71.18792303677263],[132.28361037681842,71.66087683315935],[132.55375197838092,71.80897101040544],[132.68426040123248,71.80141028042497],[132.7906141609981,71.59201391812029],[133.13840774009967,71.45321234341326],[133.7439070076778,71.32284887905779],[134.24135878990435,71.26194342251482],[134.62290481041217,71.30131109829607],[135.51061538170123,71.51182135220232],[135.86063674400592,71.54344519253435],[136.22661879966998,71.51315649624529],[136.7650251717403,71.40578039761247],[137.62967971275592,71.07541998501482],[137.77126601646685,71.0988269674367],[137.8549452156856,71.12980230923357],[138.07578566978717,71.24595221157732],[138.17544082115435,71.3620105611867],[138.11381057213092,71.38510473843279],[138.1193952889278,71.47020300503435],[138.44611648033404,71.61027105923357],[138.67487624595904,71.61844977017107],[138.89985183189654,71.50264319058122],[139.15876296470904,71.41796454067888],[139.7444715828731,71.40359839077654],[139.8256941170528,71.62836035366716],[139.73856643150592,71.83789404507341],[139.80597976158404,72.00147589321794],[139.84789565513873,72.23560675259294],[139.33877089927935,72.1643558370656],[139.04995253990435,72.16382177944841],[138.96934035728717,72.2105213033742],[139.16831496666217,72.34379156704607],[139.31179336021685,72.38319738979997],[139.75561049888873,72.42317541714372],[140.21502211998248,72.43185003872576],[140.5890760750606,72.49523504849138],[141.29397109459185,72.78707464810076],[141.40839675377154,72.78729590054216],[142.20023635338092,72.67872198696794],[142.90252211998248,72.617213808257],[143.81882766197467,72.53262671108904],[144.26743606041217,72.50207861538591],[144.56183913658404,72.45562323208513],[145.59995559166217,72.42622717495622],[144.82036879966998,72.14334448452654],[145.2095594734981,72.1206775533742],[145.66462233970904,72.16052588101091],[145.81499770591998,72.09839972134294],[145.6781874031856,71.92672308560076],[145.26140883873248,71.8403812276906],[144.88077834556842,71.72314795132341],[144.80126479576373,71.5911136495656],[145.10038283775592,71.57618292446794],[145.33378127525592,71.63085516567888],[145.74624160240435,71.69371374722185],[146.18606093834185,71.84209784146013],[146.9151258797481,72.20190008755388],[148.15946486900592,72.19639929409685],[148.6979627938106,72.1661868917531],[149.10447219322467,72.08892401333513],[149.53032973716998,72.02736242886247],[149.62253859947467,71.94185980435076],[149.72198012779498,71.89520605679216],[148.71085647056842,71.62939795132341],[148.9621687264278,71.56785925503435],[149.7154188484981,71.4376483785695],[150.69370559166217,71.34668310757341],[151.1194715828731,71.25476416226091],[151.47996047447467,71.08581122036638],[151.64484694908404,70.89377936001482],[151.89907363365435,70.73301275845232],[152.13401320884967,70.66443213101091],[152.79058364341998,70.68098791714372],[153.4044294686153,70.72815283413591],[153.91649917076373,70.79046972866716],[155.04923537681842,70.9385486471242],[156.0431776375606,70.98655279751482],[157.39641860435748,70.927516542632],[158.07795241783404,70.86731299038591],[158.40867141197467,70.81418951626482],[158.93413833091998,70.62346991177263],[159.2292127938106,70.54745062466326],[159.46557143638873,70.39498480435076],[159.62790969322467,70.21980627651872],[159.57267287681842,69.99896582241716],[159.4438124031856,69.76456030483904],[159.67295363853717,69.6519275533742],[160.0166120858028,69.62243231411638],[160.39239028404498,69.61560400601091],[160.6816053719356,69.57847937222185],[160.6740370125606,69.27026709194841],[160.86234572838092,69.08311804409685],[161.17081740806842,69.15864904995622],[161.4161024422481,69.35423620815935],[161.96099379966998,69.52816351528826],[162.1177625984981,69.55855902310076],[162.27485183189654,69.5362811910695],[163.03823378990435,69.54520758267107],[163.72240737388873,69.6744876730031],[164.05369094322467,69.66003759976091],[164.31817153404498,69.46485479946794],[164.63646987388873,69.41282232876482],[165.33014968345904,69.40657385464372],[166.30924514244342,69.37832983608904],[166.70035842369342,69.43165930386247],[167.3200788826778,69.65857275601091],[167.50323012779498,69.56856115933122],[167.92161086509967,69.32873877163591],[168.09997085045123,69.23150213833513],[168.5924177498653,69.11246069546404],[168.98606399009967,68.96339758511247],[169.11321547935748,68.784205995757],[169.38860610435748,68.71748694058122],[170.08889296959185,68.77854498501482],[170.83280471275592,68.9219470846242],[170.9048719734981,69.03432043667497],[170.79320815513873,69.18400152798357],[170.43130019615435,69.55891760464372],[170.05626967857623,69.61091955776872],[170.2362928719356,69.76195105190935],[170.45170119713092,70.0192142355031],[171.30224135826373,69.97523077603044],[171.84838393638873,69.93847998257341],[172.35924819420123,69.9092288839406],[172.9081678719356,69.8347659933156],[173.00828078697467,69.69170721646013],[173.63665297935748,69.76070746060076],[174.57445815513873,69.7850604879445],[175.6109724373653,69.77942999478044],[176.19217971275592,69.71265753384294],[176.54601577232623,69.62294348354997],[177.07915786216998,69.53360327358904],[177.70499709556842,69.48964270229997],[178.04284194420123,69.40761145229997],[178.62885573814654,69.25851782437029],[178.96496108482623,69.22913702603044],[179.28148940513873,69.14725836392107],[180,68.91989477749529],[180,67.96313055630388],[180,66.96313055630388],[180,65.96313055630388],[180,65.38163336392107],[180,65.31103094692888],[180,65.05193670864763],[180,64.95347937222185],[179.30910781334185,64.78647192593279],[179.01597121666217,64.77292975063982],[178.72602370689654,64.60632666226091],[178.4738417000606,64.57721289272966],[178.00438979576373,64.54774054165544],[177.8441267342403,64.58320959683122],[177.42666152427935,64.6067386495656],[177.37353042076373,64.76135595913591],[177.25146010826373,64.8561054098195],[177.0262556404903,64.84421881313982],[177.1346540779903,64.9274402486867],[176.71245864341998,64.78165777798357],[176.33170607994342,64.77292975063982],[176.18017104576373,64.8679920064992],[175.9650526375606,64.90365942593279],[176.15595534752154,64.6779285299367],[175.89977553795123,64.54742773647966],[176.04404738853717,64.50115545864763],[176.4677839608028,64.4089847433156],[176.75323012779498,64.57114752407732],[176.93052199791217,64.5528827535695],[177.08159926841998,64.51739843960466],[177.08158400963092,64.30297430630388],[177.19323256920123,64.2103534566945],[177.53472426841998,64.08968695278826],[178.01113418052935,64.19211157437029],[177.81341079185748,64.0474353658742],[178.14725783775592,64.15663488979997],[178.17650893638873,64.0053211080617],[178.28776076744342,63.91291388149919],[178.37162307213092,63.749381624419115],[178.40261367271685,63.66409262295427],[178.07767775963092,63.42905005093279],[178.3443708748653,63.45795782681169],[178.50112441490435,63.380187593657396],[178.7139540047481,63.153731905180834],[178.93949416588092,63.08333548184099],[179.0042829842403,62.970199190337084],[178.93163588951373,62.765067659575365],[179.28769973228717,62.81507834072771],[179.2317762703731,62.63853796597185],[179.24216750572467,62.52569922085466],[179.04876235435748,62.3913951742238],[178.73766616295123,62.29927023525896],[178.4518690438106,62.31985434170427],[178.25026992271685,62.382873140532396],[177.69097426841998,62.45226629849138],[177.29084304283404,62.48678549404802],[177.13486770103717,62.5499645101613],[177.19034865806842,62.67001303311052],[176.9683485359981,62.69078405972185],[176.83198073814654,62.676410280424975],[176.58050063560748,62.42905005093279],[176.54911330650592,62.3796878683156],[175.17263320396685,61.96908529873552],[174.6526747078731,61.89086493130388],[174.54230788658404,61.89065512295427],[174.3487196297481,61.79903372402849],[174.25043776939654,61.71468313809099],[173.9267683358028,61.61596258755388],[173.48090651939654,61.601100527007006],[173.34258559654498,61.55182226772966],[173.12633803795123,61.36941488857927],[172.91828444908404,61.278129183012865],[172.4924421639278,61.263324342924975],[172.1081648201778,60.98328360195818],[172.0000868172481,60.85757406826677],[171.24840835045123,60.65417822476091],[171.07238295982623,60.45214422817888],[170.51969436119342,60.33994253750505],[170.34409823134902,60.27960975244485],[169.48091979943723,61.192640399715565]]],[[[-170.4731340079472,66.29494055386247],[-170.32910629798627,66.25848730679216],[-170.06616684486127,66.1781726705617],[-169.87270065833783,66.08316382046404],[-169.8324327140019,66.0245624410695],[-169.98691269447065,66.00963934536638],[-170.44873520423627,66.05273779507341],[-170.6126603751347,66.03776129360857],[-170.97617050697065,65.67843969937029],[-171.6685685782597,65.88923987026872],[-171.6064805655644,65.80885656948747],[-171.40962692786908,65.70685156460466],[-171.2003068595097,65.56117590542497],[-171.73003098060346,65.61127050991716],[-172.1836290030644,65.58850439663591],[-172.72432419349408,65.76287420864763],[-173.04314133216596,65.80616339321794],[-172.98259445716596,65.74776037808122],[-172.85268112708783,65.63107641812029],[-172.8146867423222,65.63114508267107],[-172.56233688880658,65.51480444546404],[-172.47015854408002,65.37645300503435],[-172.41122910072065,65.17272528286638],[-172.4365586905644,65.020045839507],[-172.8027238516972,64.99756201382341],[-173.16508957435346,64.96792944546404],[-173.2504014640019,64.89551123257341],[-173.02515121986127,64.50645788784685],[-173.0770158438847,64.3839832174367],[-173.54488083411908,64.4190936910695],[-173.72377487708783,64.38278540249529],[-174.26068588783002,64.46094092007341],[-174.37944504310346,64.6192127096242],[-175.18715378333783,64.84854467983904],[-175.30087753822065,64.72565039272966],[-175.8273820548222,64.93402441616716],[-175.95168015052533,65.0061756002492],[-176.07092758704877,65.18765600796404],[-175.99268051673627,65.2678714620656],[-176.13722702552533,65.45704229946794],[-176.52850815345502,65.60957678433122],[-176.7827500968144,65.63828619595232],[-177.12561508704877,65.62305029507341],[-177.51186081458783,65.52012213345232],[-178.11627670814252,65.4824939596242],[-178.65353867103315,65.5398670064992],[-178.6272325186894,65.68596991177263],[-178.69694992591596,65.83212622280779],[-178.9750871329472,66.05139502163591],[-179.3785752921269,65.99599035854997],[-179.58118149329877,65.81180151577654],[-180,65.2592273580617],[-180,65.31103094692888],[-180,65.381618105132],[-180,65.96313055630388],[-180,66.96313055630388],[-180,67.96313055630388],[-180,68.91692694302263],[-178.89124008704877,68.64245184536638],[-178.1291856436894,68.37364538784685],[-177.7093858390019,68.29199560757341],[-175.9905900626347,67.84674414272966],[-175.51398178626752,67.66881140347185],[-175.4221543936894,67.60198553677263],[-175.38904282142377,67.50534399624529],[-175.18892380286908,67.31261023159685],[-175.00623032142377,66.95733221646013],[-175.10054489661908,66.76504858608904],[-174.6351670890019,66.40478857632341],[-174.19333359290815,66.28795965786638],[-174.2020158438847,66.36881598110857],[-174.0682725577519,66.43529089565935],[-174.09120651771283,66.5235858785695],[-174.37830063392377,66.699977480132],[-174.37114426185346,66.94374426479997],[-174.33661362220502,67.07699926968279],[-173.87494370033002,67.1593280660695],[-173.43222519447065,67.03428228970232],[-173.17439743568158,66.99037512417497],[-172.82922836829877,66.96141394253435],[-172.3779649405644,67.01405676479997],[-171.9579972891972,66.95566900845232],[-171.5396623282597,66.76436194058122],[-171.22723862220502,66.60267218228044],[-170.4731340079472,66.29494055386247]]]]}},{"type":"Feature","properties":{"name":"Blemmyes","subject":"Blemmyes","partOf":"Blemmyes","borderPrecision":1,"color":"#8b7fa6"},"geometry":{"type":"MultiPolygon","coordinates":[[[[35.45345977257038,24.152688585478685],[35.65656951378132,23.994273744780443],[35.72469619224812,23.91181906338396],[35.61630156944538,23.835347734648607],[35.48792937706257,23.790595613676928],[35.468489679796946,23.720668398100756],[35.575850519640696,23.231660448271654],[35.689288172228586,23.021319948393725],[35.74630263756062,22.914340578276537],[36.1113615364864,22.64825590725603],[36.29022124717976,22.572381578642748],[36.47324660728718,22.337684236723803],[36.66042998741413,22.166537843901537],[36.800112757189524,21.91489943142595],[36.90349868248249,21.728648744780443],[37.12776854942585,21.227176271635912],[37.135740918059156,21.128125569264505],[34.551252367032575,20.183338169145948],[34.52779006636866,20.17476127448868],[34.4217777775482,20.50604967705261],[34.41212209908663,20.536223672245036],[33.76532574880635,22.476612723085886],[33.345321283718846,23.354044941061307],[33.690083292409675,23.54952842887194],[33.657230668213316,24.017988632918694],[35.1898641916191,24.399919115022463],[35.189864191515696,24.39991911526384],[35.45345977257038,24.152688585478685]]]]}},{"type":"Feature","properties":{"name":"Pomeranian culture ","subject":"Pomeranian culture ","partOf":"Baltic archeological cultures","borderPrecision":1,"color":"#8b7fa6"},"geometry":{"type":"MultiPolygon","coordinates":[[[[19.388211162524872,54.187188874070735],[19.566438242717922,53.79933441598993],[19.111626677127315,53.49495751620811],[18.730171815664225,53.29812505354991],[18.649479441123958,53.02985240203387],[19.04560564341255,52.76433957844214],[18.97383065981087,52.73651720819371],[18.598129748234694,52.59088304236021],[17.563800220036708,52.59088304236021],[16.57348471431523,52.866311783498915],[16.24337954574141,53.113592579372295],[16.228708204915904,53.63437386140107],[15.641854571895767,53.82532170331641],[15.470547657955025,53.796035298635765],[15.085587000343935,54.004260266794844],[15.310833,54.149437],[15.833332,54.239998],[16.047775,54.261665],[16.408222,54.461525],[16.54361,54.544716],[16.884163,54.589722],[17.247219,54.729164],[17.530552,54.762215],[18.033607,54.833611],[18.349998,54.833611],[18.774719,54.666382],[18.836388,54.611938],[18.815552,54.594994],[18.750832,54.662773],[18.480276,54.757996],[18.466944,54.736832],[18.405277,54.74305],[18.46833,54.665833],[18.511387,54.631104],[18.572498,54.486107],[18.576664,54.441666],[18.708332,54.382774],[18.836388,54.353333],[18.973053,54.344719],[19.138885,54.346664],[19.4175,54.380554],[19.627258,54.463272],[19.870161,54.638554],[19.898203,54.625957],[19.812452,54.55117800000011],[19.651108,54.455826],[19.439675348877444,54.368977190121704],[19.227493,54.33194],[19.256107,54.277496],[19.371109,54.2686],[19.40025287435172,54.28091894222511],[19.388211162524872,54.187188874070735]]]]}},{"type":"Feature","properties":{"name":"Sambian-Nothangian culture","subject":"Sambian-Nothangian culture","partOf":"Baltic archeological cultures","borderPrecision":1,"color":"#b69578"},"geometry":{"type":"MultiPolygon","coordinates":[[[[21.163130710521042,54.899357283106404],[21.32699914177832,54.800944702562916],[21.48165452666879,54.43566231453169],[21.52506224292262,54.333137114627334],[21.121600370221273,54.011092777592026],[20.219312909452817,54.14450845924961],[19.913670163055254,54.394238522394225],[19.914581807227407,54.394662508857884],[19.817505400323594,54.4619724075029],[19.83265380560191,54.46945429810502],[19.935186,54.493874],[19.961820747549393,54.529463792377925],[20.04175289695268,54.55966389058645],[20.404999,54.6827770000001],[20.084277343750017,54.673144531249996],[19.981386,54.705494],[19.9008290000001,54.628326],[19.872772,54.64222000000012],[19.959438,54.76416],[19.942570719225653,54.84985693569841],[19.969440000000134,54.9574970000001],[20.785275,54.941658],[20.870274,54.900826],[20.98444,54.892494],[21.090275,54.894997],[21.163130710521042,54.899357283106404]]]]}},{"type":"Feature","properties":{"name":"Bell-shaped burials culture","subject":"Bell-shaped burials culture","partOf":"Baltic archeological cultures","borderPrecision":1,"color":"#b69578"},"geometry":{"type":"MultiPolygon","coordinates":[[[[20.985529588134696,52.61572329987666],[22.009216490164217,51.84485601229426],[23.314965823634015,51.20590721100519],[24.488673089674318,51.384801403199006],[24.60604381627834,51.164524908446836],[25.721065719016593,49.61191586701183],[25.104869404345454,48.82614347004016],[24.077875546560225,49.38322651715821],[22.434685374103847,50.53466230405623],[21.14360738145955,49.76378203628978],[18.414737987915924,49.55484370464976],[17.886569718197805,50.627822850395766],[16.44877831729847,51.27479516892307],[16.33140759069445,52.039307237218715],[15.099014961352164,53.09157147740414],[15.48046982281525,53.79066840614625],[15.470547657955025,53.796035298635765],[15.641854571895767,53.82532170331641],[16.228708204915904,53.63437386140107],[16.24337954574141,53.113592579372295],[16.57348471431523,52.866311783498915],[17.563800220036708,52.59088304236021],[18.598129748234694,52.59088304236021],[18.97383065981087,52.73651720819371],[19.493081538590403,52.53291106843914],[20.263326931929324,52.47933045944128],[20.985529588134696,52.61572329987666]]]]}},{"type":"Feature","properties":{"name":"Western Masurian culture","subject":"Western Masurian culture","partOf":"Baltic archeological cultures","borderPrecision":1,"color":"#739b91"},"geometry":{"type":"MultiPolygon","coordinates":[[[[21.48165452666879,54.43566231453169],[21.62776162870114,54.43566231453169],[22.126587216768257,54.328859672235716],[21.979873808513215,54.09291454527669],[21.723125344066908,53.71693500753162],[21.774475036956172,53.48186366654177],[21.862503081909193,53.069539100653806],[21.34900615301658,52.68436829957303],[20.985529588134696,52.61572329987666],[20.263326931929324,52.47933045944128],[19.493081538590403,52.53291106843914],[18.97383065981087,52.73651720819371],[19.04560564341255,52.76433957844214],[18.649479441123958,53.02985240203387],[18.730171815664225,53.29812505354991],[19.111626677127315,53.49495751620811],[19.566438242717922,53.79933441598993],[19.388211162524872,54.187188874070735],[19.40025287435172,54.28091894222511],[19.480859375000023,54.300439453125],[19.58136884064331,54.346397312880114],[19.623608,54.348877],[19.713608,54.383331],[19.797007,54.43755],[19.817505400323594,54.4619724075029],[19.913670163055254,54.394238522394225],[20.219312909452817,54.14450845924961],[21.121600370221273,54.011092777592026],[21.52506224292262,54.333137114627334],[21.48165452666879,54.43566231453169]]]]}},{"type":"Feature","properties":{"name":"Eastern Masurian culture","subject":"Eastern Masurian culture","partOf":"Baltic archeological cultures","borderPrecision":1,"color":"#8b7fa6"},"geometry":{"type":"MultiPolygon","coordinates":[[[[24.488673089674318,51.384801403199006],[23.314965823634015,51.20590721100519],[22.009216490164217,51.84485601229426],[20.985529588134696,52.61572329987666],[21.34900615301658,52.68436829957303],[21.862503081909193,53.069539100653806],[21.774475036956172,53.48186366654177],[21.723125344066908,53.71693500753162],[21.979873808513215,54.09291454527669],[22.126587216768257,54.328859672235716],[21.62776162870114,54.43566231453169],[21.48165452666879,54.43566231453169],[21.32699914177832,54.800944702562916],[21.163130710521042,54.899357283106404],[21.17252720186542,54.91899715141203],[21.979591270487724,54.99148323100261],[23.09489571125147,55.09165377458651],[23.916490797479657,54.881204833264334],[23.96050481995616,54.23464333525524],[24.1365609098622,53.66480995213237],[24.76742856535885,53.32442199508908],[24.63538649792932,52.69770703113777],[25.11954074517093,52.07989969791781],[25.05574229362601,51.9761341436252],[24.78209990618438,51.53106606872307],[24.488673089674318,51.384801403199006]]]]}},{"type":"Feature","properties":{"name":"Curonians","subject":"Curonians","partOf":"Baltic archeological cultures","borderPrecision":1,"color":"#8b7fa6"},"geometry":{"type":"MultiPolygon","coordinates":[[[[21.863052,57.596657],[21.92523220250292,57.49707591129883],[22.317314647499792,56.80818846623281],[22.816140235566905,56.143780961050076],[22.449356714929316,55.45105005997746],[21.979591270487724,54.99148323100261],[21.17252720186542,54.91899715141203],[21.242218,54.94360400000011],[21.227772,54.984436],[21.174783980713737,55.06750827550117],[21.19083,55.1491620000001],[21.224163,55.199997],[21.266109,55.205551],[21.276735,55.32284900000013],[21.216296228869208,55.3436656820363],[21.018450769884833,55.63400992031755],[21.014815363390692,55.69705542202654],[21.067219000000136,55.991379],[21.046387,56.109161],[20.975273,56.229988],[20.995548,56.508331],[21.026665,56.614159],[21.049442,56.671936],[21.069996,56.845825],[21.261387,56.922768],[21.41555,57.069443],[21.420551,57.289436],[21.482494,57.333878],[21.596107,57.443321],[21.724716,57.572495],[21.863052,57.596657]]]]}},{"type":"Feature","properties":{"name":"Brushed Pottery culture","subject":"Brushed Pottery culture","partOf":"Baltic archeological cultures","borderPrecision":1,"color":"#8b7fa6"},"geometry":{"type":"MultiPolygon","coordinates":[[[[29.699468343418623,55.657418463082564],[29.88772651345952,55.175524651991765],[28.978103382278313,54.618713409582675],[29.707330483904446,53.29722057045511],[29.71167042355348,53.28935580630187],[27.775053434587036,52.313712174001026],[25.662380355714546,52.007709816384896],[25.05574229362601,51.9761341436252],[25.11954074517093,52.07989969791781],[24.63538649792932,52.69770703113777],[24.76742856535885,53.32442199508908],[24.1365609098622,53.66480995213237],[23.96050481995616,54.23464333525524],[23.916490797479657,54.881204833264334],[23.09489571125147,55.09165377458651],[21.979591270487724,54.99148323100261],[22.449356714929316,55.45105005997746],[22.816140235566905,56.143780961050076],[22.317314647499792,56.80818846623281],[21.92523220250292,57.49707591129883],[21.863052,57.596657],[21.930828,57.590546],[21.981937,57.59388],[22.049164,57.616661],[22.098331,57.633881],[22.474438,57.738045],[22.603607,57.7575],[22.637218,57.588882],[22.942772,57.429436],[23.134163,57.365829],[23.259163,57.098045],[23.351387,57.052216],[23.586109,56.976654],[23.668606,56.964714],[23.785831,56.970268],[23.955273,57.011383],[24.309745156734483,57.100335371114525],[25.721065719016593,57.004449882959555],[28.127165614399146,56.09880008067002],[29.699468343418623,55.657418463082564]]]]}},{"type":"Feature","properties":{"name":"Milograd culture","subject":"Milograd culture","partOf":"Baltic archeological cultures","borderPrecision":1,"color":"#b47c6f"},"geometry":{"type":"MultiPolygon","coordinates":[[[[29.707330483904446,53.29722057045511],[30.66530757721119,53.122397863784485],[31.795000820774952,52.875167628167254],[32.05908495563401,52.11595092228516],[31.69230143499642,51.11389607292905],[31.555996317925665,50.90291518585386],[30.591950873083714,50.16017551466333],[27.804396116238067,50.92469919035528],[26.219891307083707,50.943191415214166],[24.78209990618438,51.53106606872307],[25.05574229362601,51.9761341436252],[25.662380355714546,52.007709816384896],[27.775053434587036,52.313712174001026],[29.71167042355348,53.28935580630187],[29.707330483904446,53.29722057045511]]]]}},{"type":"Feature","properties":{"name":"Plain-Pottery culture","subject":"Plain-Pottery culture","partOf":"Baltic archeological cultures","borderPrecision":1,"color":"#8aa0a8"},"geometry":{"type":"MultiPolygon","coordinates":[[[[31.555996317925665,50.90291518585386],[31.69230143499642,51.11389607292905],[32.05908495563401,52.11595092228516],[31.795000820774952,52.875167628167254],[30.66530757721119,53.122397863784485],[29.707330483904446,53.29722057045511],[28.978103382278313,54.618713409582675],[29.88772651345952,55.175524651991765],[29.699468343418623,55.657418463082564],[29.946411876761566,55.588095721228875],[31.648287412519956,56.31097404718781],[33.73161780974143,56.73180931763887],[36.724571338144116,56.68348974373227],[38.455789555553515,55.93478950269306],[38.01564933078841,55.455209973504374],[36.959312791352176,54.29034266662991],[38.30907614729848,53.6517686033654],[38.27973346564747,53.19716998531016],[36.92997010970116,52.71992919570989],[34.9053250757817,51.476271742537214],[31.56025936756693,50.906199612024594],[31.555996317925665,50.90291518585386]]]]}},{"type":"Feature","properties":{"name":"Sarmates","subject":"Sarmates","partOf":"Scythians","borderPrecision":1,"color":"#8f9a74"},"geometry":{"type":"MultiPolygon","coordinates":[[[[46.86779364911123,50.338443417045525],[49.757041535798955,46.53656750116608],[49.723345789416086,46.532523714262865],[49.53451446007038,46.54151877041521],[49.40862945030476,46.43361624355974],[49.31320479820515,46.352687441069506],[49.23778441856648,46.26276739712419],[49.05794433067585,46.13688238735857],[48.88709929893757,46.082931123930834],[48.833148035509836,46.082931123930834],[48.833148035509836,46.01998861904802],[48.833148035509836,45.92107733364763],[48.770205530627024,45.88510855313005],[48.63532927940632,45.975028597075365],[48.482466730578196,45.88510855313005],[48.30262664268757,45.768214784819506],[48.01488784263874,45.71426352139177],[47.871016535265696,45.67829855557146],[47.75412276695515,45.71426352139177],[47.67319777916218,45.75023230190935],[47.628237757189524,45.73224981899919],[47.60126403282429,45.66031225796404],[47.65521148155476,45.54341848965349],[47.55630401085163,45.45349844570818],[47.4753752083614,45.318622194487475],[47.39445022056843,45.17475088711443],[47.25057891319538,44.98592337246599],[47.169653925402415,44.860038362700365],[47.02578261802937,44.78810080166521],[46.87292006920124,44.68019827480974],[46.80997756431843,44.53633078213396],[46.84594634483601,44.446410738188646],[46.99880507896687,44.356490694243334],[47.142676386339915,44.33850821133318],[47.22360137413288,44.20362814541521],[47.33150771568562,44.18564566250505],[47.43940642784382,44.03278311367693],[47.56529525230671,43.84395559902849],[47.53831771324421,43.67311056729021],[47.49336150596882,43.583190523344896],[47.520335230334055,43.511256777007006],[47.56529525230671,43.60117300625505],[47.61025527427937,43.75403555508318],[47.6642065377071,43.85294684048357],[47.73614028404499,43.861938081938646],[47.67319777916218,43.664115511137865],[47.57428649376179,43.50226172085466],[47.60126403282429,43.3224254476613],[47.65521148155476,43.277465425688646],[47.58327773521687,43.1875491964406],[47.56529525230671,43.007709108549975],[47.73614028404499,42.899806581694506],[47.79009154747273,42.85484655972185],[47.84404281090046,42.621059023100756],[47.969927820666086,42.59408529873552],[48.13178161094929,42.40525396938982],[48.2217016548946,42.27936895962419],[48.25410039415661,42.24844277673614],[48.41952422569538,42.09053763027849],[48.50044921348835,41.92868383999529],[48.662303003771555,41.90171011563005],[48.683238062365305,41.83590658779802],[48.89249709556843,41.68698462124529],[48.99886992882038,41.51678808804216],[49.08690174463439,41.452765992874305],[49.115881952746165,41.4316898214406],[49.24352935264851,41.29340323086443],[49.28607848594929,41.05938299771013],[49.34990218590046,40.95301016445818],[49.477549585802805,40.83600195522966],[49.60519698570515,40.76153906460466],[49.60519698570515,40.68707617397966],[49.80730346153523,40.58070334072771],[50.0200529427364,40.6019779073781],[50.190249475939524,40.570067964751146],[50.31789687584187,40.495605074126146],[50.42426970909382,40.410506807524584],[50.4668188423946,40.32540854092302],[50.4668188423946,40.26158484097185],[50.30725768516804,40.32540854092302],[50.12642577598835,40.34668310757341],[50.03068831871296,40.34668310757341],[49.913680109484446,40.32540854092302],[49.849856409533274,40.27222403164568],[49.66902068565632,40.24031027432146],[48.95504352788288,40.321826514705194],[48.558288613437796,40.55987946337224],[47.010944447102005,41.3930647837069],[44.78911692620956,41.75014420670747],[43.767084781423435,41.81026374463606],[42.76566686253966,41.86917068104099],[41.68046859215046,41.79333838101091],[41.65183547447468,42.1206432210988],[41.502722773058665,42.608478151518725],[41.40974334190632,42.78824194546404],[41.12255385826374,43.019088350493334],[40.969336542589915,43.076659761626146],[40.55709365318562,43.14658697720232],[40.25161651085163,43.26818426724138],[40.09806350181843,43.37755163784685],[39.458689722521555,43.832931123930834],[38.92371276329304,44.21186026211443],[38.55609038780476,44.385097109038256],[38.27700332115437,44.42320593472185],[38.10918334434773,44.493774019438646],[37.880373987658274,44.71894796963396],[37.774050745470774,44.74454077358904],[39.24776420223017,45.96094747394891],[40.31999210538861,48.23943176816061],[39.7838781538094,48.77554571973982],[38.44359327486134,48.77554571973982],[37.77345083538732,48.64151723184502],[35.21237472008015,46.63714178677263],[35.04636672447468,46.357650362212084],[34.906809839709055,46.27302130337419],[34.69234755943562,46.25312765713396],[34.49565413902546,46.27870138760271],[34.06421569298054,46.26487311001482],[33.83908370445515,46.193053804594896],[34.12725737999226,46.06389959927263],[35.00805190513874,45.61194571133318],[35.031897577746165,45.53427466030779],[33.55937865684773,44.93613775845232],[33.516673120959055,45.12350805874529],[33.397872004015696,45.25268133755388],[33.013491663439524,45.38137014980974],[32.926287683947336,45.38767202969255],[32.64344695518757,45.380633913237475],[32.575301203234446,45.361083589751146],[32.50324157188679,45.44510229702654],[32.902258905871165,45.67258032437029],[33.19164946983601,45.78977545376482],[33.53945830772663,45.874713503081225],[33.638838800890696,45.92677267666521],[33.52794555137898,46.13406332607927],[33.33253386925007,46.16611059780779],[32.9729338021114,46.14594992275896],[32.51644423912312,46.12558325405779],[32.202166590197336,46.17036017056169],[32.11410430382038,46.215621553618334],[31.92594054649616,46.409930788237475],[32.188792261584055,46.59223898525896],[31.95127013633991,46.86462744351091],[31.781046900255927,46.701861940581225],[31.537734064562567,46.701381288725756],[31.087231668932684,46.6355357992238],[30.832856211169013,46.576591097075365],[30.520461115343817,46.25140722866716],[30.43284740335277,46.175749569852435],[30.068821939928778,45.86140020962419],[29.75497275959239,45.77679235170258],[29.729748758776434,45.76999243374529],[29.62951186607624,45.750358186919115],[29.50043014000202,45.523368440825365],[29.53609374473835,45.4521976339406],[29.61591628502155,45.4102054464406],[29.683211359484442,45.37478979702654],[29.71076491783405,45.25833471890154],[29.57896140526081,45.05750235195818],[29.45752242515827,44.91514929409685],[29.261582407458075,44.8954234945363],[29.089749369127997,44.875732027251146],[28.91823676536823,44.76575049038591],[28.68624785850788,44.48805197354021],[28.573113474352606,44.19782217617693],[28.529885324938544,43.843471132475756],[28.510106119616278,43.74307592983904],[28.48053840111042,43.592284761626146],[28.445693048937567,43.476363741118334],[28.328095468981513,43.437526308257006],[28.187058481676825,43.450118623930834],[28.1748939761971,43.445472450186564],[27.58485379909128,43.794362793888226],[28.03655807489525,44.37528915400409],[27.94415859628378,44.92968602567291],[28.22135703211819,45.48408289734172],[29.156562253621654,46.69107669541431],[28.8547775370354,47.15215991302711],[35.17508663347846,49.290610902493285],[46.86779364911123,50.338443417045525]]]]}},{"type":"Feature","properties":{"name":"Daces","subject":"Daces","partOf":"Daces","borderPrecision":1,"color":"#8b7fa6"},"geometry":{"type":"MultiPolygon","coordinates":[[[[26.24639600517004,41.46046353335738],[23.036080273643414,41.79790349833719],[21.897262325439925,43.31931335080425],[21.706808916058158,46.2491630445579],[26.57244369665322,47.12656953074755],[27.180241125991454,43.25511879071399],[27.185200291697708,43.28037771605281],[27.58485379909128,43.794362793888226],[28.1748939761971,43.445472450186564],[28.034638437731513,43.39190252896013],[27.887320551378973,43.0635257589406],[27.869908365710028,42.79987677212419],[27.83616355369831,42.7355228292531],[27.654044184191473,42.68373831387224],[27.501950296862372,42.51634558315935],[27.494702372057684,42.40090139980974],[27.60787108848835,42.41677816982927],[27.722533258898505,42.316215120512865],[27.737710031969794,42.247001253325365],[27.91340735862995,42.07810171719255],[27.917952570421942,41.97767218228044],[28.026202234728583,41.882384859282396],[28.01817801903034,41.75320776577654],[28.069838556750067,41.62496908779802],[28.104397806627997,41.59297140713396],[28.371457132799872,41.43312796230974],[28.740222010119208,41.324828706938646],[29.012368235094794,41.25483282681169],[29.081099543078192,41.20051153774919],[28.96445373008991,40.98923834438982],[28.827807459337958,40.914699159819506],[28.596150431139716,40.946986757475756],[28.173314127428778,41.05789526577654],[28.026368174059638,41.02620657559099],[27.932183298571356,40.95754965420427],[26.80461100573426,41.34189109787411],[26.806426403765414,41.351137613527214],[26.24639600517004,41.46046353335738]]]]}},{"type":"Feature","properties":{"name":"Scythians","subject":"Scythians","partOf":"Scythians","borderPrecision":1,"color":"#8f9a74"},"geometry":{"type":"MultiPolygon","coordinates":[[[[65.21066267438749,42.85364392075104],[66.1514788397478,39.69330977099362],[61.164102542788726,37.69835925221],[58.21333135329667,39.00218838245064],[57.252615152066696,39.27667872565921],[56.84087963725386,39.139433554054925],[56.017408607628184,38.04147218122068],[53.98521712730671,37.517726503569506],[53.927752527697336,37.824218355376146],[53.87986281822468,38.025355898100756],[53.937327417834055,38.15944632168474],[53.937327417834055,38.331847749907396],[53.937327417834055,38.57129629727068],[53.98521712730671,38.657497011382006],[54.03310683677937,38.79158743496599],[54.07141784141804,38.89694555874529],[54.03310683677937,38.992721162993334],[53.91817382286335,39.050189577299975],[53.77450469444538,39.1363902914113],[53.67872527550007,39.251327120024584],[53.65957168052937,39.31837042446794],[53.58294585655476,39.31837042446794],[53.49674514244343,39.33752783413591],[53.33392241905476,39.38541754360857],[53.24772170494343,39.29921682949724],[53.20941070030476,39.40457113857927],[53.24772170494343,39.45246084805193],[53.31476500938679,39.56739767666521],[53.37223342369343,39.51950796719255],[53.544634851916086,39.538661562163256],[53.73619368980671,39.500350557524584],[53.79366210411335,39.4907718526906],[53.812815699084055,39.54824026699724],[53.669146570666086,39.64401968594255],[53.55421355675007,39.65359839077654],[53.5159025521114,39.77811010952654],[53.59252456138874,39.89304693813982],[53.688303980334055,39.979247652251146],[53.506323847277415,39.99840124722185],[53.362654718859446,39.96009024258318],[53.19025329063679,39.96009024258318],[53.04658416221882,39.99840124722185],[52.98911574791218,39.93135794277849],[52.912493738634836,40.046290956694506],[52.84545043419148,40.18038138027849],[52.84545043419148,40.33362921353044],[52.82629302452351,40.46771963711443],[52.90291503380085,40.56349905605974],[52.95080474327351,40.70716436978044],[52.96996215294148,40.822101198393725],[53.01785186241413,40.946612917143725],[53.056162867052805,41.05197104092302],[53.15194228599812,40.89872320767107],[53.180674585802805,40.84125479336443],[53.257300409777415,40.764632784087084],[53.43927672813679,40.802943788725756],[53.61168197105671,40.74547918911638],[53.65957168052937,40.81252249355974],[53.64999297569538,40.879569612700365],[53.69788268516804,40.879569612700365],[53.7649259896114,40.86999090786638],[53.79366210411335,40.72632177944841],[53.84155181358601,40.640121065337084],[53.97564223716999,40.64969977017107],[54.10973266075398,40.678432069975756],[54.22466567466999,40.72632177944841],[54.33002379844929,40.68801077480974],[54.41622451256062,40.65927847500505],[54.45453551719929,40.71674307461443],[54.387488398058665,40.802943788725756],[54.36833480308796,40.89872320767107],[54.45453551719929,40.91788061733904],[54.502425226671946,40.85083349819841],[54.60778335045124,40.81252249355974],[54.72271636436726,40.85083349819841],[54.81849578331257,40.879569612700365],[54.828074488146555,40.984923921782396],[54.751448664171946,41.13817175503435],[54.59820464561726,41.243529878813646],[54.35875609825398,41.38719519253435],[54.16719726036335,41.48297461147966],[54.138464960558665,41.62664373989763],[54.119307550890696,41.779891573149584],[54.02352813194538,41.85651358242693],[54.02352813194538,41.95229300137224],[54.02352813194538,42.04807242031755],[53.98521712730671,42.10553701992693],[53.73619368980671,42.13427313442888],[53.45843413780476,42.09596212979021],[53.26687529991413,42.086383424956225],[53.06574157188679,42.028915010649584],[52.97954085777546,41.904403291899584],[52.94122985313679,41.7703128683156],[52.998694452746165,41.68411215420427],[52.96996215294148,41.55960043545427],[52.931651148302805,41.37762030239763],[52.96038344810749,41.272262178618334],[52.96996215294148,41.13817175503435],[52.855025324328196,41.38719519253435],[52.692202600939524,41.53086432095232],[52.71136001060749,41.60749014492693],[52.68262389610554,41.693690859038256],[52.55927184532429,41.757838808257006],[52.600745233996165,41.93767889614763],[52.573767694933665,42.0186038839406],[52.51981643150593,42.072555147368334],[52.58275893638874,42.18944891567888],[52.672678980334055,42.27936895962419],[52.73562148521687,42.42324026699724],[52.75360778282429,42.55811651821794],[52.83453277061726,42.648036562163256],[52.76259902427937,42.755939089018725],[52.58275893638874,42.827872835356615],[52.37594893883015,42.800895296294115],[52.295020136339915,42.87283285732927],[52.16014388511921,42.84585531826677],[52.0702238411739,42.827872835356615],[51.980303797228586,42.90880163784685],[51.88139632652546,43.05266913052263],[51.737525019152415,43.178554140288256],[51.58466247032429,43.178554140288256],[51.422808680041086,43.16956289883318],[51.422808680041086,43.25948294277849],[51.458777460558665,43.385367952544115],[51.36885741661335,43.556212984282396],[51.26095488975788,43.61016424771013],[51.17103484581257,43.7180667745656],[50.99119857261921,44.077743135649584],[50.95522979210163,44.20362814541521],[50.70345977257038,44.25757940884294],[50.388743433459055,44.29354818936052],[50.32580092857624,44.36548193569841],[50.33479217003132,44.56330450649919],[50.40672591636921,44.61725576992693],[50.54160598228718,44.64423330898943],[50.72144225548054,44.635238252837084],[50.874304804308665,44.626247011382006],[51.0901098580196,44.56330450649919],[51.332888636095774,44.482379518706225],[51.41381743858601,44.51834448452654],[51.57567122886921,44.554313265044115],[51.4857511849239,44.626247011382006],[51.36885741661335,44.68019827480974],[51.18902114341999,44.77011831875505],[51.09910109947468,44.87802084561052],[51.21599486778523,45.039874635893725],[51.34188369224812,45.05785711880388],[51.37784865806843,45.17475088711443],[51.458777460558665,45.309630953032396],[51.5127287239864,45.37257345791521],[51.629622492296946,45.35459097500505],[51.77349379966999,45.390555940825365],[51.84542754600788,45.43551596279802],[51.99829009483601,45.38156469937029],[52.10619262169148,45.38156469937029],[52.60973647545124,45.39955099697771],[53.059329065783274,45.33660467739763],[53.284129175646555,45.32761343594255],[53.2121916146114,45.36358221646013],[53.059329065783274,45.45349844570818],[52.843524012072336,45.50745352383318],[52.83453277061726,45.64232977505388],[52.92445281456257,45.73224981899919],[53.050337824328196,45.831161104399584],[53.149249109728586,45.95704611416521],[53.20320037315632,46.1908336507863],[53.257151636584055,46.31672247524919],[53.185217890246165,46.424621187407396],[53.12227538536335,46.49655874844255],[53.16723159263874,46.5864749776906],[53.284129175646555,46.67639502163591],[53.23017791221882,46.730346285063646],[53.185217890246165,46.865226350981615],[53.02336409996296,46.91917761440935],[52.86151030967976,46.937160097319506],[52.55578521202351,46.98212011929216],[52.465865168078196,46.910182558257006],[52.37594893883015,46.87421759243669],[52.14215758751179,46.838248811919115],[51.935347589953196,46.89220007534685],[51.79147628258015,47.009093843657396],[51.6745825142696,47.036071382719896],[51.36885741661335,47.09002264614763],[51.117083582384836,47.06304510708513],[50.82035354088093,46.91917761440935],[50.63152221153523,46.910182558257006],[50.27184966514851,46.68538626309099],[49.9481420845821,46.559501253325365],[49.757041535798955,46.53656750116608],[46.86779364911123,50.338443417045525],[54.537303389248464,51.025740350565414],[68.562514125815,46.35921582135506],[65.21066267438749,42.85364392075104]],[[61.31278194532028,46.681937132565],[61.24960821771218,46.61146341148169],[61.123260762496,46.56533479526449],[60.938085937500006,46.48984375],[60.84619140625,46.524365234375],[60.799414062500006,46.568994140624994],[60.78310546875002,46.632666015625],[60.858720778137084,46.69751026967617],[60.84292734623507,46.77328051105081],[60.657354521386296,46.82193373637954],[60.50336856034156,46.805720882530835],[60.52311035021909,46.72728984709923],[60.637792968750006,46.72080078125],[60.72802734375,46.676025390625],[60.725683593750006,46.625830078125],[60.65117187500002,46.5890625],[60.6044921875,46.578076171875],[60.55458984375002,46.58564453125],[60.50117187500001,46.611767578125],[60.459570312500006,46.592822265624996],[60.4296875,46.52890625],[60.39628906250002,46.54306640625],[60.359375,46.63525390625],[60.3173828125,46.687451171875],[60.2705078125,46.69970703125],[60.1890625,46.676806640624996],[60.07304687500002,46.618798828124994],[60.00917968750002,46.56064453125],[59.99765625,46.502392578125],[60.02070312500001,46.4494140625],[60.078710937500006,46.401757812499994],[60.211190070154124,46.28705644180795],[60.45598826463549,46.27341226361115],[60.56654228794965,46.2652241257784],[60.82255859375002,46.2431640625],[60.82412109375002,46.213427734374996],[60.785676155590224,46.15182938169456],[60.72348951747596,46.167896476527744],[60.60503877821078,46.126864803693984],[60.55272303503533,46.15490642262496],[60.47869132299459,46.204798832250326],[60.300028124602946,46.16379468557784],[60.018707618848154,46.212995991577614],[59.8154296875,46.181396484375],[59.80078125,46.254541015624994],[59.77890625,46.30146484375],[59.74941406250002,46.322119140625],[59.698828125,46.331298828125],[59.57695312500002,46.33349609375],[59.548828125,46.344775390624996],[59.53076171875,46.342675781249994],[59.48074384468552,46.317061674124076],[59.54589175128136,46.239286952813195],[59.54984010925688,45.99432927168688],[59.431389369991685,45.80335953140493],[59.28727430388571,45.835004190392546],[59.3010935568,45.88037598402809],[59.36031892643258,45.93257643269082],[59.366241463395845,45.99021455721743],[59.328732062628525,46.02586525287821],[59.263584156032685,46.027235974618826],[59.19843624943684,46.02312370742909],[59.14315923777975,46.00667157960924],[59.0701146152329,46.001186449324834],[58.98164062500001,45.974609375],[58.95742187500002,45.968212890625],[58.88059343240862,45.95591337306103],[58.81544552581277,45.931203365557586],[58.771582031250006,45.89501953125],[58.720703125,45.84765625],[58.68125,45.783642578125],[58.6552734375,45.715722656249994],[58.6279296875,45.600244140624994],[58.611328125,45.584716796875],[58.58867187500002,45.537060546875],[58.56005859375,45.4572265625],[58.51357421875002,45.385693359375],[58.44921875,45.322412109374994],[58.40410156250002,45.25302734375],[58.37832031250002,45.177539062499996],[58.27216796875001,44.981689453125],[58.23808593750002,44.903125],[58.23212890625001,44.851318359375],[58.2509765625,44.786425781249996],[58.29462890625001,44.708349609375],[58.29667968750002,44.638427734375],[58.25712890625002,44.5765625],[58.19851459213994,44.519655010233876],[58.230101455943974,44.45205058963847],[58.241946529870496,44.35896658585433],[58.39988084889073,44.16669007761383],[58.3761907010377,44.03910251772735],[58.344603837233656,43.86571091710029],[58.367306895592854,43.73711826857644],[58.596311658172205,43.757084295777624],[58.77991030403322,43.74710211465171],[58.8272905997393,43.84400139886814],[58.91020611722492,43.85254379171691],[59.01878596155133,43.86108496114885],[59.00792797711865,43.9794674283752],[59.126378716383826,44.00219262770618],[59.24779072413068,43.85396740491545],[59.50542108203239,43.91408401214207],[59.715671144228125,43.66932676263591],[60.07694589898692,43.608606228433],[60.94361047461047,44.44112794636124],[61.109441509581735,44.71673774845503],[61.72735953274841,44.933769350611186],[61.86160370391561,45.048255586483364],[61.67997923704234,45.10680631329251],[61.174589416177575,45.18756344758733],[61.02060345513286,45.48730774453474],[61.040345245010386,45.73863843187627],[60.99888748626755,45.92159094381482],[61.0344227080471,46.01489825533447],[60.99888748626755,46.077928785099836],[61.11931240452051,46.103942147040485],[61.158795984275535,46.18327546866901],[61.21802135390813,46.221533398390704],[61.26935000758971,46.251574511149656],[61.28909179746724,46.29524131783685],[61.36805895697736,46.35522636912424],[61.56152849777715,46.59722199905923],[61.654314910201485,46.76888604094127],[61.46578081687108,46.76685770303427],[61.31278194532028,46.681937132565]]],[[[59.28530012489797,45.27515277351341],[59.44718280189373,45.18756344758731],[59.461002054807985,45.05522905711862],[59.237919829191895,44.79664436075891],[59.04642446737987,44.95472904529073],[59.133288342841006,45.19451991285216],[59.28530012489797,45.27515277351341]]],[[[59.776870692848455,45.70142426027984],[59.9012439690769,45.695908941637335],[60.06707500404815,45.71383173817757],[60.11445529975422,45.68901402831039],[60.01772052935433,45.65866631123701],[59.91308904300342,45.59792150566706],[59.792664124750495,45.58963302260518],[59.763051439934195,45.63244367542048],[59.776870692848455,45.70142426027984]]]]}},{"type":"Feature","properties":{"name":"Saces","subject":"Saces","partOf":"Scythians","borderPrecision":1,"color":"#b47c6f"},"geometry":{"type":"MultiPolygon","coordinates":[[[[68.562514125815,46.35921582135506],[69.28469128094895,46.118930133519974],[73.79452430689872,45.307742048543254],[73.83974609375002,45.2638671875],[73.87675781250002,45.2392578125],[73.98066406250001,45.20419921875],[73.99931640625002,45.188720703125],[74.00771484375002,45.146533203124996],[73.99335937500001,45.112353515624996],[74.015625,45.056494140625],[74.00957031250002,45.0337890625],[74.0171875,45.012939453125],[74.05605468750002,44.994433593749996],[74.1,44.988916015624994],[74.11953125000002,44.99970703125],[74.09423828125,45.040087890624996],[74.10097656250002,45.05859375],[74.13564453125002,45.070166015625],[74.14335937500002,45.102929687499994],[74.15365193604765,45.243145410025754],[77.51112534298595,44.63923337876802],[80.21982924146154,41.41345722133914],[77.34505492599318,40.03152716948276],[73.58479057297609,40.03152716948276],[72.48682920014187,40.23739492688918],[72.28096144273545,40.99224337071273],[66.31079647794922,39.757036826274195],[66.1514788397478,39.69330977099362],[65.21066267438749,42.85364392075104],[68.562514125815,46.35921582135506]],[[78.13632812500003,42.607666015625],[78.11894531249999,42.641503906249994],[78.1513671875,42.671777343749994],[78.24882812499999,42.733740234375],[78.06376953124999,42.72666015625],[77.68408203125,42.701806640624994],[77.53486328125001,42.651318359375],[77.33740234375,42.669677734375],[77.19023437499999,42.646875],[76.96503906250001,42.612255859375],[76.7470703125,42.565332031249994],[76.45283203125001,42.488574218749996],[76.22646484375002,42.460595703124994],[76.21542968750003,42.435205078124994],[76.22724609375001,42.388916015625],[76.26308593750002,42.327587890625],[76.32871093750003,42.329980468749994],[76.43212890625,42.31953125],[76.57773437500003,42.291357421875],[76.92148437500003,42.1904296875],[77.02294921875,42.173046875],[77.13652343749999,42.1681640625],[77.51455078125002,42.1818359375],[77.59501953124999,42.200390625],[77.71621093750002,42.240380859374994],[77.85390625000002,42.366650390625],[77.85175781250001,42.402197265625],[77.87070312500003,42.428271484374996],[78.01416015625,42.487451171874994],[78.15800781249999,42.550097656249996],[78.29238281250002,42.5640625],[78.30263671875002,42.58837890625],[78.13632812500003,42.607666015625]]]]}},{"type":"Feature","properties":{"name":"Zhangzhung Kingdom","subject":"Zhangzhung Kingdom","partOf":"Zhangzhung Kingdom","borderPrecision":1,"color":"#a88992"},"geometry":{"type":"MultiPolygon","coordinates":[[[[75.59966909604243,37.53716144400912],[80.53490417409674,36.167572953909854],[84.39731528858971,35.39440548108133],[83.24472307510071,27.38877756752422],[81.95674604083719,27.816706896701795],[80.662269117915,28.449562281241526],[78.86872967974088,29.326403784348877],[76.60418434827025,31.041968429402388],[75.76208435453725,32.22936026678509],[74.75078206472305,33.655333539541765],[74.22724769332301,34.178867910941804],[74.75137453161247,36.5317752935736],[75.59966909604243,37.53716144400912]]]]}},{"type":"Feature","properties":{"name":"Kushan Empire","subject":"Kushan Empire","partOf":"Kushan Empire","borderPrecision":1,"color":"#8aa0a8"},"geometry":{"type":"MultiPolygon","coordinates":[[[[79.83155601319369,26.693471408782628],[72.68463852423152,22.025076633240563],[72.69562056968952,22.12853582974138],[72.31904891441609,22.11503180142107],[72.23298171470906,22.019551836211107],[72.12713912437702,21.828742586333178],[72.13103774498249,21.746179186064623],[72.25569442222859,21.632083498198412],[72.28899672935749,21.54956968899431],[72.25619796226765,21.352563463408373],[72.1208601326778,21.155339800078295],[71.89442733238484,20.989677034575365],[71.52892592857624,20.823730074126146],[71.30259231041218,20.772426210600756],[71.0244474739864,20.657476030547045],[70.85505202720906,20.650762163359545],[70.46747878502156,20.77700003262224],[70.20994857261921,20.94797857876482],[69.75222304771687,21.398070894438646],[69.12606337974812,21.96850737209978],[68.8941755623653,22.285655580717943],[69.01423171470906,22.30496748562517],[69.49224379966999,22.24880941982927],[69.76916793297077,22.287507616240404],[69.96852401207234,22.35145720120134],[70.17620376060749,22.478955827910326],[70.41056350181843,22.752622209746264],[70.3806486458614,22.860560976225756],[70.31022170494343,22.82864340420427],[70.04594710777546,22.777261339384935],[69.66488936851765,22.789163194853685],[69.39181807945515,22.8394046651906],[69.10719588707234,22.898904405791185],[68.88241103599812,22.99714811917009],[68.79081252525593,23.028724275786303],[68.37294295738484,23.326415621001146],[68.0721769661739,23.67518766995134],[68.04699996422077,23.764070116240404],[67.69232467125202,23.814155183989428],[67.48602584312702,23.928060136992357],[67.31589034508015,24.092885576445482],[67.2042341561153,24.588166795927904],[67.1535978646114,24.65159186001482],[66.99953750084187,24.714782320219896],[66.70171645591999,24.752278886992357],[66.65421584556843,24.783935152251146],[66.64811232994343,24.90462454434099],[66.70050338218952,25.114379488188646],[66.62050918052937,25.31748541470232],[66.43233016441609,25.488610826689623],[66.30008986900593,25.494687639433764],[65.76880172203327,25.309339128691576],[65.21567061851765,25.270059190947435],[64.85119155357624,25.20576437588396],[64.42497542808796,25.173116289336107],[64.23826125572468,25.210826479155443],[64.12006667564656,25.312226854521654],[64.05922225425984,25.401034914214037],[63.650332483752024,25.336646639067553],[63.40352538536335,25.164601885039232],[63.01806167076374,25.15743979092302],[62.44957259605671,25.16259916897478],[62.13830092857624,25.104774080473803],[61.8132658333614,25.053256593901537],[61.569964441759836,25.039571367461107],[61.34399321983601,25.026860796172045],[60.85827544639851,25.095714174467943],[60.7522306771114,25.18442877407732],[60.479590448839915,25.29820593472185],[60.29817870567585,25.323236070830248],[59.654585871203196,25.321876131255053],[59.30209258507038,25.340196214873217],[59.03145888756062,25.307866655547045],[58.81800750206257,25.478932939726732],[58.74442580650593,25.535960756499193],[58.350576524900944,27.199103624482525],[58.419199110703076,27.74808431089965],[59.815914098660954,27.847849667182352],[60.340631513163004,27.885329482503927],[60.683744442173705,28.64017792632747],[60.43306964934962,29.24895956604311],[60.203386341558726,29.806761884963855],[60.6151218563716,31.31645877261095],[61.301347714393,32.82615566025804],[60.9582347853823,34.61034289111368],[60.54649927056947,35.09070099172867],[60.340631513163046,35.982794607156485],[61.164102542788726,37.69835925221],[66.1514788397478,39.69330977099362],[66.31079647794922,39.757036826274195],[72.28096144273545,40.99224337071273],[72.48682920014187,40.23739492688918],[73.58479057297609,40.03152716948276],[77.34505492599318,40.03152716948276],[77.77076830690665,40.03152716948276],[77.83939089270878,39.61979165466992],[76.60418434827025,38.72769803924209],[75.59966909604243,37.53716144400912],[74.75137453161247,36.5317752935736],[74.22724769332301,34.178867910941804],[74.75078206472305,33.655333539541765],[75.76208435453725,32.22936026678509],[76.60418434827025,31.041968429402388],[78.86872967974088,29.326403784348877],[80.662269117915,28.449562281241526],[79.83155601319369,26.693471408782628]]]]}}]}