{"type":"FeatureCollection","features":[{"type":"Feature","properties":{"name":"Cyprus","subject":"Cyprus","partOf":"Cyprus","borderPrecision":1,"color":"#739b91"},"geometry":{"type":"MultiPolygon","coordinates":[[[[33.78049758384968,35.20813711758318],[33.77266601036335,35.12928351040544],[33.92467406700398,34.95322760220232],[33.79195693443562,34.95737036343279],[33.7325773567989,34.908622347075365],[33.68582061241413,34.934867464262865],[33.53851226280476,34.94415625210466],[33.48393538902546,34.79579123135271],[33.131392511828196,34.6803356039113],[32.95861724327351,34.6593395101613],[32.91454604576374,34.635726534087084],[32.91451552818562,34.541259371001146],[32.81665709923054,34.53863867397966],[32.784136805041086,34.625228487212084],[32.60339263389851,34.61473425503435],[32.357180628283274,34.6803356039113],[32.27109054039265,34.71969565029802],[32.270979914171946,34.81415518398943],[32.19850066612507,34.861388765532396],[32.143721613390696,35.04254492397966],[32.18047622154499,35.058314882475756],[32.23445800255085,35.01363333340349],[32.30098632286335,35.016261659819506],[32.48311522911335,35.15294226284685],[32.59698394249226,35.15557440396013],[32.744952234728586,35.11427267666521],[32.779524836046946,35.15294226284685],[32.81907180259968,35.28174551602068],[32.79511168907429,35.36061056729021],[33.07747939537312,35.31861075039568],[33.37370971153523,35.30648001309099],[33.53904250572468,35.33169516201677],[33.90731719444538,35.436847292143725],[34.21733764122273,35.573566042143725],[34.45821288536335,35.64456137295427],[34.24465468834187,35.51184424038591],[34.04842666099812,35.40793188687029],[33.78049758384968,35.20813711758318]]]]}},{"type":"Feature","properties":{"name":"Makkura","subject":"Makkura","partOf":"Makkura","borderPrecision":1,"color":"#8aa0a8"},"geometry":{"type":"MultiPolygon","coordinates":[[[[37.47998717735554,18.819871507841967],[37.76123717735554,18.642554842192553],[37.89511991723812,18.56012241001322],[37.07907389023707,17.094748381529282],[35.32767061354656,15.422954344688346],[34.45196897520131,16.457874462732732],[33.81509505640476,16.776311422131005],[32.38212873911253,16.696702182281438],[31.66564558046642,16.61709294243187],[31.18799014136901,16.219046743184027],[30.78994394212117,15.502563584537913],[29.45340165386746,17.829544899145432],[28.612697221302753,20.56183430498075],[29.344724201269283,24.0279744911095],[30.818889214610202,23.659433237774273],[32.51417897995226,23.73314148844132],[35.189864191515696,24.39991911526384],[35.45345977257038,24.152688585478685],[35.65656951378132,23.994273744780443],[35.72469619224812,23.91181906338396],[35.61630156944538,23.835347734648607],[35.48792937706257,23.790595613676928],[35.468489679796946,23.720668398100756],[35.575850519640696,23.231660448271654],[35.689288172228586,23.021319948393725],[35.74630263756062,22.914340578276537],[36.1113615364864,22.64825590725603],[36.29022124717976,22.572381578642748],[36.47324660728718,22.337684236723803],[36.66042998741413,22.166537843901537],[36.800112757189524,21.91489943142595],[36.90349868248249,21.728648744780443],[37.12776854942585,21.227176271635912],[37.165026901698354,20.76426918196936],[37.25457290123249,19.651727281767748],[37.39818480919148,18.91500052090349],[37.47998717735554,18.819871507841967]]]]}},{"type":"Feature","properties":{"name":"Wessex","subject":"Wessex","partOf":"Wessex","borderPrecision":1,"color":"#b69578"},"geometry":{"type":"MultiPolygon","coordinates":[[[[-2.050836567350612,51.254633940160886],[-2.039885543641979,51.44614037073709],[-0.857685075996148,51.4515374136455],[0.266603298733671,51.45667007326279],[0.254172805054434,51.453597627837084],[0.451482089131212,51.42657782139364],[0.204670566234646,51.091947381820624],[0.191810223562964,50.73128470059099],[-0.203663793103448,50.79532965298357],[-0.335705709354631,50.81671484585466],[-0.839040127293817,50.721801363188646],[-1.103359904782526,50.81671484585466],[-1.372512188451044,50.7662731039113],[-1.771317503580192,50.730775783468715],[-2.050836567350612,51.254633940160886]]]]}},{"type":"Feature","properties":{"name":"Aghlabid Emirate","subject":"Aghlabid Emirate","partOf":"Aghlabid Emirate","borderPrecision":1,"color":"#a88992"},"geometry":{"type":"MultiPolygon","coordinates":[[[[6.502893292137674,32.73261356640473],[5.681251390019591,32.815410169955875],[2.453117778055343,32.6686768239575],[0.45780318303137,32.54744071220754],[0.870562547937594,33.07391500413463],[1.237401925164406,35.886350229540184],[1.579693111880072,36.51388891812029],[2.293774160845526,36.540824495512865],[2.524363550646552,36.57315024014177],[2.809869083864935,36.71390112515154],[3.070006403429755,36.61885794277849],[3.323837789995917,36.65123327847185],[3.586873087389716,36.79195364590349],[3.74122456024433,36.83686789150896],[4.163919004900702,36.831351839262865],[4.394624266131171,36.83819159146013],[4.532551798327216,36.81298407192888],[4.632117304308661,36.794066988188646],[4.777191671831854,36.74338492031755],[5.144465002520331,36.66767843838396],[5.382732424242743,36.67453344937029],[5.730162176592597,36.75170477505388],[6.047393831713446,36.84155615444841],[6.322870287401923,37.09064825649919],[6.77053740928913,36.862147890288256],[6.923042807085761,36.81784018154802],[7.063241037829169,36.881854616362475],[7.204853090746649,36.99046667690935],[7.306981119616278,37.060782991606615],[7.544922861559638,37.04214438076677],[7.719043287737616,36.95327719326677],[7.792040857775458,36.83235891934099],[7.913174662096747,36.77524908657732],[8.145014795763739,36.813949190337084],[8.636709246142157,36.88525732632341],[8.86551860283161,36.96835287686052],[9.150280031664618,37.17287405605974],[9.416118654711493,37.27537878628435],[9.732199701769598,37.2823978292531],[10.02135470817829,37.200133882719896],[10.132734331591376,37.10474737759294],[10.158871683581122,36.99647482510271],[10.271508249743231,36.7545543539113],[10.392797502978095,36.716571413237475],[10.5805826515987,36.793422304350756],[10.84325126121784,36.99148901577654],[11.023757013781317,37.068324648100756],[11.039403948290595,36.90904577847185],[10.920062098009833,36.65393789883318],[10.63341239403034,36.42401465054216],[10.509244951708563,36.213553987700365],[10.511460337145575,36.08616980190935],[10.602607759936102,35.88894613857927],[10.8308267922237,35.679278932768725],[10.988951715929755,35.622298799712084],[11.125108751757391,35.24060782070818],[11.082800898058661,35.14503439541521],[10.839357408983954,34.80115469570818],[10.57402518699909,34.6481090414113],[10.116421732409247,34.2341686117238],[10.019480738146552,34.081473909575365],[10.148656877978095,33.87839850063982],[10.41260055015827,33.63112600918474],[10.650217089159735,33.49818380947771],[10.77814010093952,33.47303351040544],[10.956539186938056,33.575057588774584],[11.099118265612372,33.53722723599138],[11.208920511706122,33.25152166958513],[11.470686945421942,33.1440921651906],[12.117019686205634,32.87850149746599],[12.564756426317938,32.73963888760271],[12.798863443835028,32.73376806851091],[13.187125238878973,32.79175909634294],[13.458779367907294,32.77960928555193],[14.157023462755927,32.67937811489763],[14.433427843554266,32.46390875454607],[14.790810617907294,32.362994753081225],[15.009786638720282,32.3634410726613],[15.163704905016669,32.274806581694506],[15.241435083849677,32.17330130215349],[15.358129534228095,31.80502279873552],[15.533408197863348,31.551215730864428],[15.84332564781452,31.28500326748552],[16.013379129870184,31.228170000273607],[16.318387064440497,31.165261827666185],[16.782519373400458,31.128097139555834],[16.9837808937862,31.09674223538103],[17.421629938586005,30.99598654385271],[17.70897963951374,30.894923769194506],[17.957158121569403,30.768363558012865],[18.53721335838581,30.4137454855031],[18.885434168210338,30.221221391013703],[18.915026697619208,30.204860292632006],[19.124539408190497,30.19894369717302],[19.316482184359216,28.41987671981849],[17.97053029535464,28.61240420414305],[17.00195254530468,28.750951383364868],[15.75226322608803,29.325276687515498],[12.53270264948299,30.804904526976536],[7.892289991693659,32.592604485305216],[6.502893292137674,32.73261356640473]]]]}},{"type":"Feature","properties":{"name":"Asturias","subject":"Asturias","partOf":"Asturias","borderPrecision":1,"color":"#8b7fa6"},"geometry":{"type":"MultiPolygon","coordinates":[[[[-8.644062963025323,42.41974981899919],[-8.805045094983331,42.631557069975756],[-8.941723790662042,42.82419546719255],[-9.173123326794855,42.85590323086443],[-9.246859517590753,42.900775514799975],[-9.270803418652765,43.048690401274584],[-9.19746681739544,43.15821417446794],[-9.013589826123468,43.28085669155779],[-8.84921642829632,43.32624395962419],[-8.595722165601007,43.339618288237475],[-8.310413327710382,43.35304983730974],[-8.250697103039972,43.43042715664568],[-8.220224347607843,43.61720999355974],[-7.979528871075861,43.74005468960466],[-7.636274781720392,43.72141226406755],[-7.151302304761163,43.55494269009294],[-6.807975736157648,43.523421846587084],[-6.467573609845392,43.56272467251482],[-6.208046403424493,43.640521608549975],[-5.979656186597101,43.70537909146013],[-5.820451226727716,43.705688081938646],[-5.537417855756036,43.577453218657396],[-5.224896398083917,43.507247530180834],[-4.802335706250421,43.46944388027849],[-4.110216107861749,43.45151098843279],[-3.847605910794488,43.43916281338396],[-3.417000499264947,43.37565191860857],[-3.195965257184259,43.446883760649584],[-3.007205691830865,43.55027350063982],[-2.768362489239923,43.53787573452654],[-2.367384400861017,43.32624395962419],[-2.142923348755845,43.331471028881836],[-2.065644708173028,43.333270631987475],[-1.914577808873407,43.30541571255388],[-1.941654499720986,42.63856786012367],[-4.171856536107931,42.245002794878914],[-5.549334264464571,42.245002794878914],[-8.644062963025323,42.41974981899919]]]]}},{"type":"Feature","properties":{"name":"Lombard duchies","subject":"Lombard duchies","partOf":"Lombard duchies","borderPrecision":1,"color":"#8b7fa6"},"geometry":{"type":"MultiPolygon","coordinates":[[[[15.448605570299872,41.8567272054738],[16.012843164904364,41.904323183257006],[16.187411341173895,41.84086187954607],[16.19841483543659,41.74566992397966],[15.989146265490302,41.63464697476091],[15.873253855211981,41.50214346523943],[15.99104407737995,41.40614279385271],[16.420268091662177,41.2787242757863],[16.945963892443427,41.09381445522966],[17.258607996659602,40.955994251860766],[17.084080728991278,40.525111757475756],[16.94871238182331,40.48109015103044],[16.844130548937567,40.36313589688005],[16.727564844591864,40.18360479946794],[16.60441306541706,40.08990820522966],[16.623852762682684,39.96775396938982],[16.535006556017645,39.83156546230974],[16.532101664049872,39.69751318569841],[15.846514350404568,39.62985800103884],[15.824671778185614,39.660628877837084],[15.75702193687702,39.93362768765154],[15.666200670702704,40.09186133022966],[15.515924486620673,40.06594809170427],[15.43203357170368,39.988971315581225],[15.027263674242743,40.2121959554738],[14.89867118309284,40.24145849819841],[14.992320093615302,40.372218691069506],[14.95100501487995,40.551478944975756],[14.743317636950263,40.70481451626482],[14.334127459032782,40.59360464688005],[14.349769625170477,40.64252432461443],[14.494590792162665,40.72996100063982],[14.370310816271552,40.85147055264177],[14.23999598930622,40.8529430257863],[14.050873789294013,40.76751288052263],[13.941878351671942,40.99803503628435],[13.852500948412665,41.09095724697771],[13.797006639940985,41.193446718413256],[13.760507236067033,41.20669841656926],[13.906235436490105,41.86503637239754],[14.076401988771625,42.633776395633475],[14.092769655688056,42.60952719326677],[14.404933008654364,42.35311087246599],[14.519309076769598,42.229701601225756],[14.719955477221259,42.1417613851613],[14.738527330858954,42.0471568929738],[14.922405275805243,41.97177084561052],[15.448605570299872,41.8567272054738]]]]}},{"type":"Feature","properties":{"name":"Idrisid Caliphate","subject":"Idrisid Caliphate","partOf":"Idrisid Caliphate","borderPrecision":1,"color":"#b47c6f"},"geometry":{"type":"MultiPolygon","coordinates":[[[[-1.802211619772078,32.42724029347477],[-4.772797416149867,31.65974739446365],[-6.730029460198837,29.51973235196518],[-8.566666431341025,27.158341960496656],[-9.681767449534497,26.10883511984398],[-11.190433532972722,25.715270054599223],[-14.631950163595391,25.68205080405753],[-14.367254224316827,26.119227968413256],[-14.187764134900323,26.272128664214037],[-14.005799260632745,26.361482225615404],[-13.628725018994562,26.591056429106615],[-13.466317143933527,26.813827120024584],[-13.316015210644952,27.163680635649584],[-13.123640027539484,27.546344362456225],[-13.060138669507257,27.67262228604021],[-12.866208997266046,27.857324205595873],[-12.674118962781183,27.895850740630053],[-12.090624776379816,28.024177156645678],[-11.576458898083917,28.228616319853685],[-11.3726644187138,28.368856035429857],[-10.856226888196222,28.751227937895678],[-10.33931252052044,29.14631613369646],[-9.86958881904339,29.642983995634935],[-9.662592854993097,29.95481642361345],[-9.602674451367609,30.183719240385912],[-9.625043836133234,30.406100832182787],[-9.817042317883722,30.755221925932787],[-9.857763257519952,31.06018980618181],[-9.81326672126507,31.289060198027514],[-9.635323491589777,31.575402818877123],[-9.317557302014581,31.963718019682787],[-9.222252812878839,32.25624807949724],[-9.25076672126507,32.4214244710988],[-9.21868607093548,32.5803600179738],[-8.640263524548761,33.12173422451677],[-8.314414945142023,33.33848150845232],[-7.902406182782403,33.48548849697771],[-7.332620587842218,33.69637259121599],[-7.004007783429376,33.874984346587084],[-6.75297447730755,34.123351656157396],[-6.511472192303888,34.45429953213396],[-6.472049931221476,34.530940245135376],[-6.302049127118341,34.86143835659685],[-5.928758588330499,35.72785910244646],[-5.807887044446222,35.78541525479021],[-5.565000024335138,35.8623424398488],[-5.47935911704754,35.80520590420427],[-5.171789613263361,35.42376288052263],[-5.109631505505792,35.37931402798357],[-4.59297749091839,35.15118750210466],[-4.295350995557062,35.151786409575365],[-4.027887788312189,35.13323553677263],[-3.440804210202447,35.166278444487475],[-3.205772367017023,35.268607698637865],[-3.009028163449518,35.389979921538256],[-2.829877105252496,35.14205893154802],[-2.714807000653497,35.097743593413256],[-2.355662789838068,35.05391653652849],[-2.325944383435433,35.053977160872904],[-2.192973938481561,35.0542484151906],[-2.035251822964899,35.05456884976091],[-1.738327947156183,35.11883123989763],[-1.495096531407587,35.23390158291521],[-1.329105701939813,35.48890646572771],[-1.146667149560205,35.62936743374529],[-0.917491999165765,35.66803701992693],[-0.734306839005701,35.73846014614763],[-0.428770822183839,35.86006888027849],[-0.282988813416711,35.758475862700365],[-0.203663793103448,35.75072058315935],[-0.091654170946828,35.73976858730974],[0.015310812099226,35.803668581206225],[0.198671731455573,36.033309541899584],[0.474390897257575,36.22496374722185],[0.781242343886145,36.384852968413256],[1.057602915270575,36.46185644741716],[1.579693111880072,36.51388891812029],[1.237401925164406,35.886350229540184],[0.870562547937594,33.07391500413463],[0.45780318303137,32.54744071220754],[-1.081275251404993,32.45392569180193],[-1.179210466069484,32.450300628164904],[-1.802211619772078,32.42724029347477]]]]}},{"type":"Feature","properties":{"name":"Emirate of Córdoba","subject":"Emirate of Córdoba","partOf":"Emirate of Córdoba","borderPrecision":1,"color":"#8f9a74"},"geometry":{"type":"MultiPolygon","coordinates":[[[[-2.624331441418878,36.811297975737475],[-2.761496749417535,36.69013937588396],[-2.915331569211236,36.69013937588396],[-2.969792333142511,36.741149507719896],[-4.446585622327081,36.72201880093279],[-4.757303681866876,36.48610647793474],[-5.216736283795587,36.4095950948781],[-5.37422749091839,36.2374759542531],[-5.386749711529962,36.109984956938646],[-5.424260106580011,36.071742616850756],[-5.457090821759454,36.167358003813646],[-5.487933125989191,36.173724733549975],[-5.48548647453045,36.065368257719896],[-5.660587277905694,36.00800665493669],[-5.850014176861993,36.071742616850756],[-6.204461064831964,36.282096468169115],[-6.304971662060968,36.454223238188646],[-6.288880792157403,36.57217749233904],[-6.44402500678753,36.62318380947771],[-6.500485864178888,36.718829714018725],[-6.421713319318048,36.7921634542531],[-6.6321539549992,37.02175100918474],[-6.947954621808282,37.14931448574724],[-7.010098424451105,37.16525992031755],[-7.227823701398126,37.225856386382006],[-7.491503682629816,37.208156191069506],[-7.603436437146417,37.16297873135271],[-7.836042371289484,37.032252870757006],[-8.03363796760296,37.008788667876146],[-8.280239072339288,37.088580690581225],[-8.54107376624798,37.088580690581225],[-8.667059865491144,37.12144049282732],[-8.990849462048761,36.990008913237475],[-9.0166434912846,37.06980093594255],[-8.841511693494073,37.525146089751146],[-8.851028409497491,37.910182558257006],[-8.932785954968683,37.9618411886281],[-8.822993245618097,38.206073366362475],[-8.847303357617609,38.384566866118334],[-8.788920369641534,38.43598135586443],[-8.853651967541925,38.49964102383318],[-9.0223226218388,38.46102102871599],[-9.236570325391046,38.41744955654802],[-9.285158124463312,38.61946829434099],[-9.069152799145929,38.64295920010271],[-8.941892591016046,38.74191626187029],[-8.960826840893976,38.81846197720232],[-9.040849652783624,38.92018087979021],[-9.17575451423382,38.732230745512865],[-9.361637082593194,38.67114599819841],[-9.52239700843548,38.68993719692888],[-9.549007382886163,38.77451666470232],[-9.459762540356866,38.95307882900896],[-9.397706952588312,39.23036154385271],[-9.41526981879925,39.36667593594255],[-9.299269643323175,39.41773565884294],[-9.117922750012628,39.644034944731615],[-8.91558548499798,40.138148866850756],[-8.969669309155694,40.19001730557146],[-8.694069829480402,40.992171846587084],[-8.851777997510187,41.407828890044115],[-8.85475441505169,41.5968509542531],[-8.920735326306573,41.767020784575365],[-8.806055036084405,41.889178835112475],[-8.860485997693292,42.01453360195818],[-8.79857060004925,42.19453009243669],[-8.644062963025323,42.41974981899919],[-5.549334264464571,42.245002794878914],[-4.171856536107931,42.245002794878914],[-1.941654499720986,42.63856786012367],[-0.498582593823553,42.90094457028684],[0.485330069288334,42.572973682582884],[2.065487708214854,41.295597639645],[1.609828624232062,41.2091556417531],[1.442095519139162,41.179998619443616],[1.311244878275641,41.157252870757006],[0.879201921923407,41.02173575039568],[0.73375180671955,40.87495382900896],[0.709782037241705,40.785148225981615],[0.827125462992438,40.72742422695818],[0.787556442721137,40.656886659819506],[0.505141589148291,40.592757784087084],[0.237927588923224,40.240199648100756],[-0.16062503744816,39.8860240804738],[-0.203663793103448,39.799438081938646],[-0.284515862064115,39.636771761137865],[-0.394848433034173,39.43445929165544],[-0.235902842776529,39.062404237944506],[-0.203663793103448,39.012652956206225],[-0.165695284204237,38.95406302090349],[0.126115980847128,38.82135351772966],[0.172570082648047,38.73834570522966],[-0.107004006104223,38.59149893398943],[-0.203663793103448,38.54402884121599],[-0.435155329005472,38.43033941860857],[-0.564126816289178,38.21486624355974],[-0.66472887684559,38.176574312407396],[-0.872343566910974,37.75979956265154],[-0.802563574807397,37.61500509854021],[-0.91827228357052,37.57034262295427],[-1.36456796218609,37.548392854887865],[-1.625712481038324,37.4394908773488],[-1.816879835622064,37.29247625942888],[-1.940475192563287,36.951598726469896],[-2.238797393338434,36.72839697476091],[-2.355097499387018,36.82405050869646],[-2.624331441418878,36.811297975737475]]]]}},{"type":"Feature","properties":{"name":"West Francia","subject":"West Francia","partOf":"Carolingian Empire","borderPrecision":1,"color":"#b69578"},"geometry":{"type":"MultiPolygon","coordinates":[[[[3.598057457283223,51.31862352034122],[4.94438580191331,47.538245860797474],[4.107614962666455,46.56305366405475],[4.46133696802767,43.34124082156746],[4.416764769060858,43.34614523525896],[4.078196081621893,43.487086855132006],[3.80746892402912,43.46722754116716],[3.478712830050238,43.31209524746599],[3.317868027193793,43.19595297451677],[3.067900213701972,42.944564424712084],[3.001891169054755,42.77080877896013],[3.045898947222479,42.539455019194506],[3.08708146522785,42.368644319731615],[3.086528334124335,42.32911261196794],[3.086286100847968,42.12072332974138],[3.156553778155097,42.0757213460988],[3.128878864748724,41.8572269308156],[2.628259214861639,41.61954077358904],[2.200590166552313,41.44614752407732],[2.080724749071845,41.298488222319506],[2.065487708214854,41.295597639645],[0.485330069288334,42.572973682582884],[-0.498582593823553,42.90094457028684],[-1.941654499720986,42.63856786012367],[-1.914577808873407,43.30541571255388],[-1.746070232884637,43.360160433012865],[-1.561407771603815,43.52442511196794],[-1.314379182355157,44.55896338101091],[-1.135849919812433,44.60010107632341],[-1.230320539967767,44.73041113491716],[-1.331778016583673,44.61382635708513],[-1.275514092938653,45.12873037930193],[-1.17519172717785,45.50050314541521],[-1.123440351979486,45.43161734219255],[-0.900364187257043,45.293910585600756],[-0.814226654069177,45.12184103604021],[-0.72848602821087,45.018642030913256],[-0.854702380196802,45.3214488851613],[-1.138394918935052,45.58316382046404],[-1.247395124928705,45.6881481039113],[-1.23650559474682,45.80004461880388],[-1.075199690358392,46.01461752529802],[-1.165981498257867,46.183681093413256],[-1.256056633488885,46.30683096523943],[-1.402668443219415,46.40393408413591],[-1.710726466672174,46.448791109282396],[-1.942478147046319,46.70579870815935],[-2.129660335080377,46.85084494229021],[-2.004645553128473,47.04250296230974],[-2.109477606312982,47.124042116362475],[-2.263749804990045,47.18288382168474],[-2.493711915509454,47.24692114468279],[-2.575529757355314,47.32396831567053],[-2.010361521016347,47.745650369834415],[-1.75196905427781,48.17821145459153],[-1.999109269065851,48.67695685862887],[-1.870566812054864,48.71174200649919],[-1.85761269618725,48.60836752529802],[-1.591356840626947,48.6375003683156],[-1.45658775855755,48.683551393706225],[-1.57554790069317,48.76814230557146],[-1.588412251965753,48.88095053311052],[-1.563408580319635,49.036239229399584],[-1.579779472844354,49.22901114102068],[-1.638999786870233,49.21960791226091],[-1.891543593899957,49.526351534087084],[-1.941284146802179,49.70930441494646],[-1.524247136609308,49.652770601469896],[-1.250969496266595,49.6998782980031],[-1.288660493390314,49.52097281094255],[-1.177143421666376,49.33254965420427],[-1.023191001908533,49.39845999355974],[-0.464948442475549,49.351378999907396],[-0.239364930139534,49.285487734038256],[-0.203663793103448,49.29181250210466],[0.032870042426833,49.333705507475756],[0.330848249895819,49.454955660063646],[0.090372207863577,49.51055487271013],[0.115054044230231,49.60227545376482],[0.189372840626486,49.68102606411638],[0.528559717638739,49.82580145474138],[0.868757519228705,49.90724905605974],[1.274518880350836,50.00430258389177],[1.41622832725788,50.10984381313982],[1.55198911140705,50.2288089620656],[1.52829686115528,50.57772787686052],[1.588920149309882,50.821883760649584],[1.796177011821845,50.92141446466973],[1.823555263979681,50.934562288481615],[2.030328068239935,51.00665625210466],[2.442595991595038,51.04803045864763],[2.522131952746161,51.09112127896013],[2.995262178881415,51.31347998257341],[3.213605198366889,51.353568636137865],[3.472019943697699,51.314391695219896],[3.598057457283223,51.31862352034122]]]]}},{"type":"Feature","properties":{"name":"Welsh","subject":"Welsh","partOf":"Welsh","borderPrecision":1,"color":"#b47c6f"},"geometry":{"type":"MultiPolygon","coordinates":[[[[-3.499117579953424,51.459655367094896],[-4.159330811993829,51.67681463833513],[-4.998957601086847,51.70170172329607],[-5.178603139416925,51.78747137661638],[-5.24875780631756,51.860213838774584],[-5.061464276807062,52.006434999663256],[-4.619082894818536,52.09351690884294],[-4.294657674329034,52.20032080288591],[-4.123608317868463,52.37326391812029],[-4.093874898450128,52.745509706694506],[-4.147546020047418,52.83189734097185],[-4.468318429486505,52.81130179043474],[-4.621350255505792,52.8309818136281],[-4.491883245007745,52.99097784634294],[-4.317542043225519,53.09120901699724],[-3.956724610821954,53.20515020962419],[-3.329535689847223,53.233016573149584],[-2.914475408093683,53.267142854887865],[-2.750154700772516,51.644027315337084],[-3.172751632230035,51.46690710659685],[-3.499117579953424,51.459655367094896]]]]}},{"type":"Feature","properties":{"name":"Sindh","subject":"Sindh","partOf":"Sindh","borderPrecision":1,"color":"#8b7fa6"},"geometry":{"type":"MultiPolygon","coordinates":[[[[70.20742233726752,27.15571248134191],[73.4263998968865,25.062195711910285],[72.26562547084175,24.223124794410293],[70.3806486458614,22.860560976225756],[70.31022170494343,22.82864340420427],[70.04594710777546,22.777261339384935],[69.66488936851765,22.789163194853685],[69.39181807945515,22.8394046651906],[69.10719588707234,22.898904405791185],[68.88241103599812,22.99714811917009],[68.79081252525593,23.028724275786303],[68.37294295738484,23.326415621001146],[68.0721769661739,23.67518766995134],[68.86453405136173,24.48087493724264],[69.73987936422729,26.383799530428668],[70.20742233726752,27.15571248134191]]]]}},{"type":"Feature","properties":{"name":"Vallabhi","subject":"Vallabhi","partOf":"Vallabhi","borderPrecision":1,"color":"#b3a46e"},"geometry":{"type":"MultiPolygon","coordinates":[[[[72.26562547084175,24.223124794410293],[73.91520626221168,23.111399465707596],[72.6930851549148,22.104650299819557],[72.69562056968952,22.12853582974138],[72.31904891441609,22.11503180142107],[72.23298171470906,22.019551836211107],[72.12713912437702,21.828742586333178],[72.13103774498249,21.746179186064623],[72.25569442222859,21.632083498198412],[72.28899672935749,21.54956968899431],[72.25619796226765,21.352563463408373],[72.1208601326778,21.155339800078295],[71.89442733238484,20.989677034575365],[71.52892592857624,20.823730074126146],[71.30259231041218,20.772426210600756],[71.0244474739864,20.657476030547045],[70.85505202720906,20.650762163359545],[70.46747878502156,20.77700003262224],[70.20994857261921,20.94797857876482],[69.75222304771687,21.398070894438646],[69.12606337974812,21.96850737209978],[68.8941755623653,22.285655580717943],[69.01423171470906,22.30496748562517],[69.49224379966999,22.24880941982927],[69.76916793297077,22.287507616240404],[69.96852401207234,22.35145720120134],[70.17620376060749,22.478955827910326],[70.41056350181843,22.752622209746264],[70.3806486458614,22.860560976225756],[72.26562547084175,24.223124794410293]]]]}},{"type":"Feature","properties":{"name":"Nothumbria","subject":"Nothumbria","partOf":"Nothumbria","borderPrecision":1,"color":"#b3a46e"},"geometry":{"type":"MultiPolygon","coordinates":[[[[-1.896904541783819,54.336152325536695],[-2.064587801416327,55.300331068423596],[-1.941995468632928,55.55607184048357],[-1.719010558621637,55.45374258633316],[-1.665979829327814,55.37958868618669],[-1.69598897983288,55.27250250454605],[-1.388892021672479,54.68048056240739],[-1.192056861417047,54.59535559292497],[-0.870595899121515,54.5471683370656],[-0.295500931040994,54.03316839810075],[-0.234880952806822,53.799384676176935],[-0.319215585188619,53.578914247710124],[-1.320490519197886,53.738076728240564],[-1.896904541783819,54.336152325536695]]]]}},{"type":"Feature","properties":{"name":"Kent","subject":"Kent","partOf":"Kent","borderPrecision":1,"color":"#8aa0a8"},"geometry":{"type":"MultiPolygon","coordinates":[[[[1.030067357523688,51.3588481771535],[1.18936577747608,51.405471407133945],[1.364680680735358,51.35290487881364],[1.334964427454718,51.12069662686051],[0.886016640169867,50.98189123745622],[0.888346943362006,50.89267309780779],[0.672568890555151,50.930667482573405],[0.191810223562964,50.73128470059099],[0.204670566234646,51.091947381820624],[0.45510810894908,51.43149402867324],[1.030067357523688,51.3588481771535]]]]}},{"type":"Feature","properties":{"name":"Essex","subject":"Essex","partOf":"Essex","borderPrecision":1,"color":"#8aa0a8"},"geometry":{"type":"MultiPolygon","coordinates":[[[[-0.857685075996148,51.4515374136455],[-0.831688371193211,51.92756075000258],[-0.362383866430525,52.02724295203108],[1.271868896387535,51.91936318767827],[1.031286153300055,51.81272085781755],[0.686218056185492,51.56038626309099],[0.266603298733671,51.45667007326279],[-0.857685075996148,51.4515374136455]]]]}},{"type":"Feature","properties":{"name":"Mercia","subject":"Mercia","partOf":"Mercia","borderPrecision":1,"color":"#b69578"},"geometry":{"type":"MultiPolygon","coordinates":[[[[1.271868896387535,51.91936318767827],[-0.362383866430525,52.02724295203108],[-0.831688371193211,51.92756075000258],[-0.857685075996148,51.4515374136455],[-2.039885543641979,51.44614037073709],[-2.050836567350612,51.254633940160886],[-1.771317503580192,50.730775783468715],[-2.08535870601391,50.70282324429216],[-2.023685899274103,50.57001074429216],[-2.431994643704645,50.64588888760271],[-2.550505128400079,50.57001074429216],[-2.960618939892999,50.721801363188646],[-3.110884395138971,50.65736349697771],[-3.521466937558404,50.617431246001146],[-3.563183036343805,50.361434541899584],[-3.715036120908014,50.21933706875505],[-3.881743398205987,50.200397096831225],[-4.004238095776788,50.31406363125505],[-4.242629018323175,50.39146002407732],[-4.303295102612726,50.32354315396013],[-4.540565457837335,50.35795172329607],[-4.967033830182306,50.212245546538256],[-5.282338586346857,49.963824831206225],[-5.429218259351007,50.06785162563982],[-5.777813401715509,50.13411673184099],[-5.237766232983819,50.34629400845232],[-5.016647305981866,50.56051977749529],[-4.815270391003839,50.60416754360857],[-4.604564633862726,50.778747163969896],[-4.551536527173273,50.997157655913256],[-4.442557302014581,50.96866186733904],[-4.277284589307062,51.06367071743669],[-4.280993905560724,51.18723639126482],[-3.825231519238702,51.2347789632863],[-3.482996192471735,51.181109987456225],[-3.066043344037286,51.17773779507341],[-3.033148971097223,51.329894624907396],[-2.894663301007501,51.3938480245656],[-2.750154700772516,51.644027315337084],[-2.914475408093683,53.267142854887865],[-3.056740966336481,53.51361425991716],[-2.979541268841974,53.820853792387865],[-2.865320411221735,54.02827414150896],[-2.8859381346867,54.168666444975756],[-1.896904541783819,54.336152325536695],[-1.320490519197886,53.738076728240564],[-0.319215585188619,53.578914247710124],[-0.319215585188617,53.57891424771013],[-0.203663793103448,53.52328451748552],[0.081015858156928,53.38622625942888],[0.174518886311301,53.29305990811052],[0.2678484947517,53.12666281338396],[0.250867608292349,53.04005392666521],[0.005501198871382,52.786666475493334],[0.326831850512274,52.707477174956225],[0.504670116408118,52.84751089688005],[0.741839024527319,52.90119513149919],[1.012664350970038,52.88841589565935],[1.375926765902289,52.8092418539113],[1.585714611513861,52.650043092924975],[1.691691669924506,52.311420046049975],[1.656872066958197,52.211783968169115],[1.511889729006537,52.025756441313646],[1.271868896387535,51.91936318767827]]]]}},{"type":"Feature","properties":{"name":"Magyars","subject":"Magyars","partOf":"Magyars","borderPrecision":1,"color":"#8b7fa6"},"geometry":{"type":"MultiPolygon","coordinates":[[[[32.71806640625002,49.14013671875],[32.76953125,49.11591796875],[32.863378906250006,49.087255859375],[32.98085937500002,49.082568359374996],[33.04345703125,49.063134765624994],[33.06611328125001,49.021386718749994],[33.076269531250006,49.004345703125],[33.1625,48.993603515625],[33.167089843750006,49.019287109375],[33.193945312500006,49.093896484374994],[33.1943359375,49.11875],[36.14818488537594,48.6064813360865],[36.49878290689186,47.81574633507631],[35.30110755178391,47.49096587716644],[35.3017578125,47.491796875],[35.24238281250001,47.647265625],[35.13027343750002,47.8400390625],[35.10566406250001,47.841601562499996],[35.08564453125001,47.82431640625],[35.08779296875002,47.675537109375],[34.9970703125,47.58759765625],[34.73066406250001,47.577539062499994],[34.48662109375002,47.59296875],[34.43632812500002,47.568896484374996],[34.38027343750002,47.557519531249994],[34.31582031250002,47.56679687499999],[34.266210937500006,47.589892578124996],[34.240332031250006,47.57490234375],[34.21074218750002,47.536181640624996],[34.14785156250002,47.542285156249996],[34.066992187500006,47.558349609375],[33.983984375,47.555712890624996],[33.936132812500006,47.541455078125],[33.947265625,47.451416015625],[33.96455078125001,47.358935546874996],[33.96279296875002,47.33125],[33.93349609375002,47.282421875],[33.83476562500002,47.212255859375],[33.77714843750002,47.1625],[33.761328125,47.119042968749994],[33.7046875,47.060839843749996],[33.69238104407959,47.05471833345969],[33.66099502409717,47.04620720738668],[33.655371093750006,47.05029296875],[33.6400505250961,47.04052756811945],[32.15018587907352,46.63651247346525],[31.95127013633991,46.86462744351091],[31.781046900255927,46.701861940581225],[31.537734064562567,46.701381288725756],[31.087231668932684,46.6355357992238],[30.832856211169013,46.576591097075365],[30.520461115343817,46.25140722866716],[30.43284740335277,46.175749569852435],[30.068821939928778,45.86140020962419],[29.729748758776434,45.76999243374529],[29.62951186607624,45.750358186919115],[29.50043014000202,45.523368440825365],[29.53609374473835,45.4521976339406],[29.61591628502155,45.4102054464406],[29.683211359484442,45.37478979702654],[29.71076491783405,45.25833471890154],[29.57896140526081,45.05750235195818],[29.45752242515827,44.91514929409685],[29.261582407458075,44.8954234945363],[29.089749369127997,44.875732027251146],[28.91823676536823,44.76575049038591],[28.918236765368224,44.765750490385905],[27.01218051563212,45.00456023392455],[26.937451209823184,48.26588574496204],[28.664891879864264,48.57981598285431],[31.074989254240364,49.017806389820606],[32.470572926630325,49.27142778583737],[32.62050781250002,49.198632812499994],[32.71806640625002,49.14013671875]]],[[[34.1728515625,47.324560546875],[34.18339843750002,47.345654296875],[34.1767578125,47.389306640624994],[34.18984375000002,47.419970703124996],[34.41943359375,47.486962890624994],[34.592382812500006,47.5201171875],[34.807714843750006,47.463134765625],[34.960546875,47.406494140625],[35.04902343750001,47.428173828125],[35.08912773239492,47.433482100352315],[33.85243746045249,47.098121744892765],[33.90410156250002,47.158740234374996],[34.09716796875,47.316064453124994],[34.1728515625,47.324560546875]]]]}},{"type":"Feature","properties":{"name":"Guanches","subject":"Guanches","partOf":"Guanches","borderPrecision":1,"color":"#739b91"},"geometry":{"type":"MultiPolygon","coordinates":[[[[-14.50982440309849,28.050049749026638],[-14.147020770578637,28.391039461179965],[-13.808404046893443,29.04858821187777],[-13.518161140877563,29.42848330171172],[-13.421413505538938,29.090868332331816],[-13.784217138058787,28.87929453021188],[-13.880964773397412,28.19936673357924],[-14.50982440309849,28.050049749026638]]],[[[-15.574048391823386,28.178048475293522],[-15.404740029980792,28.19936673357924],[-15.211244759303536,27.900525135454227],[-15.574048391823386,27.729386561264484],[-15.912665115508583,27.900525135454227],[-15.574048391823386,28.178048475293522]]],[[[-17.291318919084016,28.284597224515256],[-16.880141468894855,28.327186915315913],[-16.081973477351177,28.539879155715276],[-16.22709493035912,28.36975954738149],[-16.638272380548287,28.050049749026638],[-17.339692736753328,28.028701784947305],[-17.291318919084016,28.284597224515256]]]]}},{"type":"Feature","properties":{"name":"Guanches","subject":"Guanches","partOf":"Guanches","borderPrecision":1,"color":"#739b91"},"geometry":{"type":"MultiPolygon","coordinates":[[[[-14.50982440309849,28.050049749026638],[-14.147020770578637,28.391039461179965],[-13.808404046893443,29.04858821187777],[-13.518161140877563,29.42848330171172],[-13.421413505538938,29.090868332331816],[-13.784217138058787,28.87929453021188],[-13.880964773397412,28.19936673357924],[-14.50982440309849,28.050049749026638]]],[[[-15.574048391823386,28.178048475293522],[-15.404740029980792,28.19936673357924],[-15.211244759303536,27.900525135454227],[-15.574048391823386,27.729386561264484],[-15.912665115508583,27.900525135454227],[-15.574048391823386,28.178048475293522]]],[[[-17.291318919084016,28.284597224515256],[-16.880141468894855,28.327186915315913],[-16.081973477351177,28.539879155715276],[-16.22709493035912,28.36975954738149],[-16.638272380548287,28.050049749026638],[-17.339692736753328,28.028701784947305],[-17.291318919084016,28.284597224515256]]]]}},{"type":"Feature","properties":{"name":"Danes","subject":"Danes","partOf":"Danes","borderPrecision":1,"color":"#a88992"},"geometry":{"type":"MultiPolygon","coordinates":[[[[9.51772704370153,55.13574602054728],[9.516527,55.142149],[9.517636865334472,55.142502366758045],[9.51772704370153,55.13574602054728]]]]}},{"type":"Feature","properties":{"name":"Swedes and Goths","subject":"Swedes and Goths","partOf":"Swedes and Goths","borderPrecision":1,"color":"#a88992"},"geometry":{"type":"MultiPolygon","coordinates":[[[[11.86291340734959,58.34548082520313],[12.16625515344589,58.548585438946624],[12.28793213528174,59.23726433654701],[17.19783645683182,60.679989864382286],[17.1884985298946,60.67429312344255],[17.604964289171942,60.637538515288256],[17.706456217272528,60.553580843169115],[17.93074897239948,60.59030874844255],[18.2243872017696,60.32296713467302],[18.41686538170124,60.181624971587084],[18.80408576439167,60.108398042876146],[18.893071207506903,59.92568930264177],[19.037323984606513,59.86324270840349],[19.043551477892645,59.71242483730974],[18.867892298205145,59.71242483730974],[18.63925078819538,59.56692846890154],[18.251421961291083,59.431937776762865],[18.030083689196356,59.35928305264177],[17.79528335045124,59.36447485562029],[17.729952845080145,59.41636236782732],[17.36798385093952,59.46826513882341],[17.070597681505927,59.54614981289568],[16.7855387062862,59.577315889555834],[16.72408965538288,59.530570589262865],[16.523207697375067,59.58251532192888],[16.407576593859442,59.44749792690935],[16.776474985583075,59.478656374174975],[16.999835047228583,59.35928305264177],[17.265778574450263,59.33853491421404],[17.35812285850788,59.245177828032396],[17.574921640856513,59.21407278652849],[17.584412607653388,59.27111395474138],[17.86173156212116,59.23999365444841],[17.977635416491278,59.328151308257006],[18.11137870262409,59.32297476406755],[18.328169855578192,59.3696666585988],[18.42956069420124,59.33334692593279],[18.441370996935614,59.40079077358904],[18.515469583971747,59.40079077358904],[18.611327204211005,59.33334692593279],[18.59819510887409,59.297042452055834],[18.27337172935749,59.286666475493334],[18.371960672838934,59.157069765288256],[18.01566794822956,59.03791006680193],[17.940136942370184,58.90848883267107],[17.766465219958075,58.87226828213396],[17.72642234276081,58.913661562163256],[17.74520019005085,58.986129366118334],[17.739108118517645,59.11042364712419],[17.623181375963934,59.10007055874529],[17.582188639147528,58.89296682949724],[17.356675180895575,58.7429691183156],[17.245389017565497,58.71711691494646],[17.082999262316473,58.748134218413256],[17.08073142479206,58.649928652007006],[16.44286635826374,58.63442190762224],[16.5131941170528,58.42811545010271],[16.744044336779364,58.311950288969896],[16.773545298083075,58.037902437407396],[16.72458556602741,57.88932379360857],[16.597764048083075,57.866454683501146],[16.459530863268622,57.89520605679216],[16.47653106163288,57.70212896938982],[16.607205423815497,57.66581305142107],[16.55047896812702,57.545150362212084],[16.658679041369208,57.442950807768725],[16.494158777697333,57.278922640044115],[16.394524607165106,57.07430227871599],[16.376174005968817,56.82242163296404],[16.0631506084888,56.39623928230259],[16.031445536120184,56.353072725493334],[15.772463598336344,56.03556714415017],[15.21696789394831,56.834085456917784],[14.217596478956137,56.60317852525806],[13.928304753563669,57.70147880690188],[11.86291340734959,58.34548082520313]]]]}},{"type":"Feature","properties":{"name":"Danes","subject":"Danes","partOf":"Danes","borderPrecision":1,"color":"#a88992"},"geometry":{"type":"MultiPolygon","coordinates":[[[[8.540901250000104,55.0737455],[8.48611,55.07617550000002],[8.466666,55.10798250000006],[8.469305,55.14228825000009],[8.494027,55.17909275000011],[8.552013250000059,55.18221700000011],[8.643263750000031,55.151661],[8.672638750000033,55.209161750000064],[8.640138250000064,55.35471925000003],[8.54479075000009,55.45895575000003],[8.38659625000011,55.52187125000006],[8.29486,55.53777275000009],[8.269582,55.50666025000011],[8.214512500000026,55.50554850000009],[8.1296515,55.534437500000024],[8.111804500000034,55.597424],[8.160971500000102,55.694508],[8.170971750000106,55.803675],[8.141805250000047,55.924925],[8.142013500000047,55.941662],[8.171596500000106,55.853886],[8.239096250000102,55.83187325000006],[8.344512750000035,55.875623750000045],[8.361665499999987,55.943817],[8.290554499999956,56.036453],[8.225624,56.089786250000074],[8.166874,56.103816750000036],[8.13020725,56.087568],[8.115623750000012,56.04104000000011],[8.122568250000029,56.17666400000013],[8.15104075000005,56.49444000000011],[8.179235,56.66735650000011],[8.207151,56.69541350000013],[8.228262250000043,56.68333050000011],[8.24256875,56.631107500000056],[8.36937475,56.574301],[8.608680250000049,56.512911],[8.737360750000079,56.50277149999998],[8.755416250000081,56.543882500000066],[8.743610500000045,56.5783272500001],[8.70194349999997,56.60610575000008],[8.748957249999961,56.66617575000005],[8.884651750000018,56.75853725],[8.983266,56.80540075],[9.0448,56.80676625000001],[9.09479974999995,56.781558750000045],[9.13326525,56.729778250000095],[9.12902625000001,56.669651],[9.082082749999955,56.601177],[9.11249974999997,56.58270425],[9.220277250000052,56.61423275000004],[9.286040750000069,56.603885500000075],[9.30979025000002,56.551662500000106],[9.335346,56.535412],[9.362708,56.555134],[9.358402500000054,56.59874550000002],[9.322429500000013,56.66624650000004],[9.26986,56.69451150000003],[9.200694,56.6835405],[9.169133249999987,56.737549],[9.175177750000074,56.856537],[9.211011000000113,56.93750775000004],[9.276633000000103,56.98046125000005],[9.475651500000097,57.01938650000007],[9.808066500000095,57.054283500000096],[10.05867825000007,57.0491250000001],[10.227486750000025,57.003911],[10.310237500000014,56.922991750000065],[10.306930500000036,56.80636725000004],[10.19555475000007,56.72361025],[9.976110250000119,56.67472074999998],[9.984443500000125,56.66152549999998],[10.220554500000091,56.68402450000002],[10.344859750000083,56.681176750000034],[10.357359250000101,56.65298225000002],[10.327428500000082,56.6174275],[10.255067500000024,56.57451249999994],[10.21110950000002,56.53194249999993],[10.195554500000071,56.489717499999955],[10.217999250000076,56.49599350000001],[10.278443750000037,56.5507705000001],[10.428235250000014,56.56716025000013],[10.66737375000001,56.5451627500001],[10.8304155,56.511873],[10.917360499999987,56.467291],[10.950972,56.419651250000015],[10.93125,56.36895375000006],[10.877291500000027,56.29867550000007],[10.789096500000014,56.208816500000054],[10.711527,56.17881775000005],[10.644583,56.20867925000006],[10.594791250000029,56.19242875000006],[10.562151750000098,56.130066250000056],[10.49763750000011,56.122982250000035],[10.401248500000065,56.17117675],[10.391873750000045,56.212705249999985],[10.469513250000048,56.24756774999999],[10.481388500000065,56.2714575],[10.427499500000096,56.28437450000001],[10.354443750000115,56.254652500000034],[10.262221250000124,56.18229150000006],[10.232013000000109,56.114304],[10.263819,56.05069],[10.257082750000038,55.971174500000075],[10.211804250000014,55.87575750000008],[10.10826249999998,55.83263225000009],[9.946457499999937,55.84179875000011],[9.911319,55.83839600000012],[10.002847,55.82242400000011],[10.03465249999995,55.787077],[10.006735499999976,55.732355],[9.882082499999981,55.705202],[9.660693499999965,55.705618],[9.617290749999981,55.680549750000054],[9.751874250000029,55.629997250000045],[9.761457750000048,55.558956],[9.646041250000039,55.467426],[9.613402250000021,55.36548025000003],[9.66354075,55.25311875000004],[9.631249,55.178675],[9.516527,55.142149],[9.52624925,55.09027475000009],[9.660415750000013,55.023052250000106],[9.72992950000004,54.94902425000011],[9.734790500000074,54.868190750000096],[9.708054250000089,54.8346480000001],[9.649720750000085,54.84839600000012],[9.670790038472571,54.84343040428033],[9.86444381187702,54.72629126187029],[9.986687693102606,54.5924449789113],[9.978010210497626,54.49014624233904],[9.864808115465888,54.41139944668474],[10.064928087694891,54.43389471646013],[10.141728434069403,54.33675345059099],[9.884802784904494,54.2541031475196],[9.826653504744444,54.27590912757962],[9.739429584504368,54.27590912757962],[9.674011644324313,54.188685207339546],[9.44868318370412,54.188685207339546],[9.441414523684113,54.2468344874996],[9.296041323283987,54.2468344874996],[9.259698023183956,54.30498376765964],[9.21608606306392,54.29044644761963],[9.165205442923876,54.319521087699655],[9.13613080284385,54.29771510763964],[9.056175542623782,54.34859572777968],[8.9616829623637,54.27590912757962],[8.88401225517536,54.229449831206225],[8.580725702746161,54.19368704434099],[8.553946527941473,54.2754398214406],[8.85242274711872,54.331649385649584],[8.95060161064411,54.41855581875505],[8.74206832359577,54.60780295010271],[8.595986399157294,54.761352144438646],[8.616097483141669,54.88736303921404],[8.645074877245673,55.06904562588396],[8.637205719362163,55.09546284234367],[8.63103975000007,55.1006925],[8.540901250000104,55.0737455]],[[9.6147220000001,54.91006425000009],[9.545277750000096,54.898399],[9.567068497636589,54.90205941132091],[9.610262903673895,54.8800426351613],[9.618444047635672,54.875093946732626],[9.61861,54.87353475000012],[9.6147220000001,54.91006425000009]]],[[[14.772708,55.073535750000076],[14.69638825000007,55.148675750000066],[14.729720750000041,55.246595250000084],[14.845067500000042,55.256319],[15.04242850000007,55.177847],[15.118748250000067,55.102707],[15.07402675000003,55.030899000000105],[14.95868,55.02117525000011],[14.772708,55.073535750000076]]],[[[8.806387500000085,56.74881375000008],[8.702498500000061,56.70304875000008],[8.573609500000018,56.72471625000006],[8.54437375,56.774023],[8.614791250000025,56.850969],[8.718680250000048,56.896734],[8.856040750000076,56.911318],[8.885276500000089,56.862011250000066],[8.806387500000085,56.74881375000008]]],[[[11.550207,56.68006525000011],[11.5189570000001,56.69853575000006],[11.5395125000001,56.71166025000005],[11.611873500000073,56.71943875000008],[11.648193250000077,56.722494500000096],[11.648471750000112,56.7208275000001],[11.627916250000112,56.70770300000011],[11.586526750000075,56.68312100000013],[11.550207,56.68006525000011]]],[[[10.52458275000005,55.92749574999995],[10.55034675000006,55.95242674999996],[10.603818250000032,55.89451225],[10.626387500000035,55.83999850000005],[10.61805450000007,55.78888550000009],[10.592290500000061,55.76395450000008],[10.5490955,55.76520550000002],[10.52652625,55.81971924999998],[10.52458275000005,55.92749574999995]]],[[[9.809789750000093,57.47548525000005],[10.123778250000129,57.621775],[10.471894750000132,57.698103],[10.59258950000013,57.70025425000004],[10.485862500000124,57.62822875000002],[10.459929500000086,57.501661],[10.514790500000018,57.32055100000011],[10.490819749999972,57.170413250000124],[10.388017249999947,57.05124775000009],[10.254128499999965,57.016246],[10.089153500000023,57.065408],[9.815971750000074,57.06637975000004],[9.434583250000117,57.01916125],[9.211804,57.00985725000001],[9.147634,57.03846775000008],[9.004369749999967,57.0258982500001],[8.78201125000004,56.97214875000006],[8.60707325000007,56.87848725000005],[8.47955575000006,56.744913750000066],[8.459695,56.680121250000056],[8.547491,56.68410975000002],[8.582291250000011,56.66020225000001],[8.56409575000005,56.608398750000035],[8.47631750000005,56.61367825000006],[8.318956500000013,56.6760407500001],[8.246248499999979,56.73860925000007],[8.258193499999948,56.80138374999997],[8.35243,56.90499474999994],[8.528958,57.049442249999984],[8.81041625000006,57.12902650000004],[9.196804750000013,57.1437475000001],[9.529929250000023,57.25923375000011],[9.809789750000093,57.47548525000005]]],[[[11.04708250000003,57.24520325000002],[10.961735,57.233259499999974],[10.890207000000103,57.25312249999996],[10.897290500000082,57.277359],[10.982985500000012,57.305969],[11.068333,57.31791275000006],[11.153333,57.313190250000105],[11.146249499999968,57.28895375000009],[11.04708250000003,57.24520325000002]]],[[[10.438818250000011,54.858328],[10.434790750000033,54.847216],[10.386666,54.857285],[10.294444,54.888535],[10.232291250000102,54.92152249999998],[10.200207750000075,54.95624749999996],[10.248332500000046,54.94617849999996],[10.376665500000016,54.891315499999976],[10.438818250000011,54.858328]]],[[[11.62117975000001,54.88534375000003],[11.705068750000038,54.869371500000014],[11.801318250000094,54.80034450000004],[11.802505997017589,54.799029179580465],[11.772569,54.842911],[11.790972,54.925619250000054],[11.955694,54.90353575000002],[12.070902,54.87916175],[12.136596,54.85249725000003],[12.11951250000007,54.80423375000004],[12.019651500000094,54.73437125000004],[11.968401500000084,54.66499525000005],[11.96576250000004,54.59610575000006],[11.900485,54.655411],[11.852706523078599,54.72544496309121],[11.854443250000031,54.70395300000011],[11.755971249999988,54.667354750000115],[11.55569374999996,54.63541025000008],[11.339139,54.662290500000026],[11.106307,54.74799549999996],[11.000404250000102,54.821815749999956],[11.021430750000079,54.88375125000002],[11.065069,54.92520550000005],[11.131319,54.946178500000045],[11.25180475,54.92492875000006],[11.42652625,54.8614562500001],[11.54965125000001,54.84826125000009],[11.62117975000001,54.88534375000003]]],[[[10.695485,54.75971774999998],[10.67673525,54.792564],[10.68020775,54.869926],[10.748749249999989,54.97173275000006],[10.88235975,55.097984250000025],[10.901109500000018,55.065138],[10.804998500000067,54.873194],[10.736457,54.77138724999999],[10.695485,54.75971774999998]]],[[[9.752013500000118,55.06860725000011],[9.837360750000087,55.05846975000007],[9.92708225,55.02541525],[9.996734749999987,54.9753435],[10.046318250000056,54.90825450000007],[9.999790250000075,54.88255875000007],[9.857150750000045,54.89825625],[9.779512,54.92485625],[9.766874,54.962358750000035],[9.78145775,54.971386250000066],[9.823263249999982,54.95193875000008],[9.83284625,54.95943825000006],[9.810206750000063,54.99388475],[9.756803750000088,55.020690500000015],[9.67263725000008,55.03985550000009],[9.671040500000089,55.05582775000012],[9.752013500000118,55.06860725000011]]],[[[10.511249,54.99228875000007],[10.53194325000004,55.015621250000066],[10.598609750000037,55.034091750000044],[10.643262500000034,55.02985550000005],[10.665901500000032,55.00291250000009],[10.66166575000004,54.979648750000095],[10.630555250000057,54.96006425000006],[10.598541500000081,54.950203250000044],[10.565624500000112,54.95006575000005],[10.536527000000106,54.96409425000006],[10.511249,54.99228875000007]]],[[[12.132777500000074,54.898188],[12.164860500000103,54.93693775000003],[12.262915500000062,55.0024932500001],[12.373332,55.017494500000126],[12.49611,54.981941500000104],[12.464027,54.94319175000008],[12.277083,54.90124525000006],[12.166666499999977,54.886244],[12.132777500000074,54.898188]]],[[[12.528818749999985,55.5951345000001],[12.5354855,55.631315],[12.582568500000036,55.674509],[12.624235,55.669717749999975],[12.660485,55.616941249999954],[12.653818249999958,55.58076074999998],[12.60423475,55.56117625000006],[12.562568250000012,55.5659675000001],[12.528818749999985,55.5951345000001]]],[[[10.239026749999965,55.07055275],[10.033471249999948,55.18812175],[9.79485974999993,55.39548125000009],[9.83409574999996,55.528606500000095],[10.151179250000041,55.587497500000026],[10.353471250000084,55.595830749999976],[10.440971750000088,55.553606249999945],[10.467569250000082,55.512564],[10.433263750000066,55.472704],[10.431736,55.44909275000005],[10.462986,55.44173025000008],[10.510485750000015,55.45013225000008],[10.574235250000044,55.47429875000006],[10.60937375000006,55.519577500000054],[10.615901250000064,55.585968500000064],[10.650693,55.584927],[10.713749,55.516453],[10.767638,55.435133],[10.81236,55.340967],[10.821734750000047,55.25103750000004],[10.795762250000024,55.16534450000002],[10.711526,55.09909475000002],[10.569026,55.052288250000046],[10.41152624999998,55.042774250000036],[10.239026749999965,55.07055275]]],[[[8.433818249999945,55.43423074999997],[8.45965149999995,55.403328],[8.4622905,55.357216],[8.448471250000026,55.34548],[8.418193750000043,55.36812],[8.392360500000038,55.399022750000015],[8.37097150000001,55.43818824999995],[8.38479074999998,55.44992424999994],[8.433818249999945,55.43423074999997]]],[[[11.86291340734959,58.34548082520313],[13.928304753563669,57.70147880690188],[14.217596478956137,56.60317852525806],[15.21696789394831,56.834085456917784],[15.772463598336344,56.03556714415017],[15.770541223986395,56.03321035977068],[15.696229013903388,56.0609622823781],[15.497040781481513,56.16724356289568],[15.220801386339911,56.08036383267107],[14.652893099291571,56.12061651821794],[14.60523036430622,55.98078497524919],[14.491827997668036,56.01803930874529],[14.258925470812567,55.89928015347185],[14.126021418078192,55.666583620268725],[14.286350283129462,55.515494905669115],[14.117195162279852,55.34711416836443],[13.901111635668524,55.40515478726091],[13.823299440844306,55.42181738491716],[13.301851305468329,55.3006969320363],[12.802372011645087,55.35291250820818],[12.80191997001911,55.416766725737475],[12.88755515526081,55.45160635586443],[12.859313997729071,55.532916628081225],[12.985865625841864,55.666583620268725],[12.69901469658161,55.90509756680193],[12.598246081976415,56.022073966961166],[12.580138,56.004648250000045],[12.55430425000003,55.97402375000006],[12.528470750000054,55.9376352500001],[12.536734750000065,55.86562150000009],[12.579096250000063,55.757982500000026],[12.497915750000061,55.647774],[12.293193250000058,55.534996],[12.258540500000052,55.43055149999998],[12.393957500000042,55.33444050000003],[12.349999250000053,55.255135],[12.126665750000086,55.192635],[12.056526750000074,55.15034325000002],[12.139582250000018,55.12825975000007],[12.178748750000011,55.087635],[12.174026250000054,55.028469],[12.146734500000065,54.99131575000004],[12.096873500000044,54.97617525000007],[11.986596,54.991592500000095],[11.815902,55.03756750000012],[11.747360500000042,55.084373750000125],[11.78097150000005,55.132011250000104],[11.781041,55.167774],[11.747569000000112,55.191662],[11.6097912500001,55.20263324999996],[11.367707750000037,55.20068774999993],[11.207291250000011,55.31547949999994],[11.128541750000025,55.5470085],[11.035277750000049,55.68020425],[10.927499250000082,55.71506674999998],[10.957985250000078,55.72409425],[11.126735750000037,55.70728675000005],[11.284930250000016,55.740966750000055],[11.432568750000016,55.82513425],[11.44812425000002,55.89832875000002],[11.331596750000031,55.9605502500001],[11.395971500000016,55.9849262500001],[11.641248499999975,55.97145675000003],[11.740554,55.92708225000001],[11.693888,55.85180275000005],[11.701526249999986,55.776037],[11.76346875,55.699785],[11.824371250000027,55.72867375000001],[11.884233750000064,55.86270325000007],[11.949859750000059,55.882843],[12.021249250000011,55.789093],[12.02666625,55.719995500000095],[11.96611075,55.6755505000001],[11.966179750000023,55.6533280000001],[12.026873250000065,55.6533280000001],[12.066386750000092,55.6677722500001],[12.084720250000103,55.69666075000009],[12.080345500000064,55.764369750000085],[12.053262499999974,55.87089925000008],[11.994651749999946,55.934788],[11.90451324999998,55.956036],[11.9672215,56.00721575000007],[12.182776500000031,56.08832725],[12.372637750000052,56.107147],[12.536805250000072,56.063675],[12.605972,56.02950875000006],[12.58137456262593,56.041659128537205],[12.513357195360907,56.12061651821794],[12.414413485033759,56.243041597563646],[12.652379068835028,56.295531831938646],[12.615435633166083,56.435607515532396],[12.804806742174872,56.40119894619646],[12.871575388415106,56.51151617642107],[12.785859140856513,56.616683565337084],[12.657481226427802,56.610839449126146],[12.526032480700263,56.780395113188646],[12.288620981676825,56.87985571499529],[12.005142244799384,57.32520636196794],[11.876622232897528,57.32520636196794],[11.881114038927802,57.508964143950365],[11.766084703905829,57.67267950649919],[11.736376187990075,57.69820870971917],[11.609838518603095,57.806945406157396],[11.709144625170477,58.024737917143725],[11.801886591418036,58.17793997402849],[11.679926401349118,58.22296057979648],[11.86291340734959,58.34548082520313]]]]}},{"type":"Feature","properties":{"name":"Celtic kingdoms","subject":"Celtic kingdoms","partOf":"Celtic kingdoms","borderPrecision":1,"color":"#8b7fa6"},"geometry":{"type":"MultiPolygon","coordinates":[[[[-4.62959849143887,55.92406821492878],[-3.828146332814844,55.94820364347348],[-3.713039603726617,55.884696565825365],[-3.577178683774225,55.884696565825365],[-3.355851378934137,55.8426891195363],[-3.161462274090997,55.84568365688982],[-2.927901473538629,55.94603308315935],[-2.74213143874859,55.95718725796404],[-2.540346112744562,55.884696565825365],[-2.245011058346979,55.810966097075365],[-1.941995468632928,55.55607184048357],[-2.064587801416327,55.30033106842362],[-2.064587801416324,55.3003310684236],[-2.064587801416327,55.300331068423596],[-1.917377497901741,54.45387182321475],[-1.896904541783819,54.336152325536695],[-2.8859381346867,54.168666444975756],[-3.2614743380711,54.14118155117693],[-3.479265180127374,54.27460058804216],[-3.569233384625665,54.41502722378435],[-3.430405822293512,54.64308127041521],[-3.152525153653375,54.838058077055834],[-3.308701720731012,54.88473471279802],[-3.5766758589909,54.924483858305834],[-3.90767737914776,54.78966864224138],[-4.121606317059747,54.762435518462084],[-4.460701909558527,54.86240347500505],[-4.500273671643487,54.77510794277849],[-4.59991165687298,54.68775519009294],[-4.902518239514581,54.734115205962084],[-5.111419168011896,54.79407461758318],[-5.066654172436944,54.94846686001482],[-4.909992661969415,55.110343538481615],[-4.638357129590265,55.42791327114763],[-4.77051540900921,55.488421999174975],[-4.907764401929132,55.663871370512865],[-4.895102468030206,55.77210577603044],[-4.75842520286297,55.81971319790544],[-4.623294320599786,55.90796240444841],[-4.62959849143887,55.92406821492878]]]]}},{"type":"Feature","properties":{"name":"Picts","subject":"Picts","partOf":"Picts","borderPrecision":1,"color":"#b69578"},"geometry":{"type":"MultiPolygon","coordinates":[[[[-3.894669342793717,55.98490594570705],[-4.152428083465744,56.05274567775248],[-4.652113790961828,56.949007915752915],[-5.22629967425067,57.71051505786203],[-5.055585351483575,57.75101812954607],[-5.345933404462091,58.09274252529802],[-4.907128301160089,58.168963991362475],[-5.112714734570734,58.39491995449724],[-4.925559487836114,58.566955171782396],[-4.509851899640314,58.40292700405779],[-4.138885226742975,58.444816194731615],[-3.830548015134088,58.50719030972185],[-3.440544810788385,58.528548799712084],[-3.165008988873712,58.522201143462084],[-3.028389659421197,58.405746065337084],[-3.166374650494806,58.27510794277849],[-3.943202701108209,57.958419405180834],[-4.150455680386774,57.83481558438005],[-4.248504605786554,57.63632925625505],[-4.148425546185724,57.55452688809099],[-3.795819249646417,57.541530214507006],[-3.400818553464166,57.57644613857927],[-3.092637029187433,57.577025972563646],[-2.853980508343927,57.543319307524584],[-2.150362935559503,57.571979128081225],[-1.944626775281183,57.4016605245656],[-2.107808676259271,57.21033056851091],[-2.20316180278515,57.064811311919115],[-2.158947673337213,57.0143199789113],[-2.413140502469293,56.71725424404802],[-2.514751401440851,56.66733893032732],[-2.667135921017877,56.471000276762865],[-2.980528798596612,56.35358389492693],[-3.152406898038141,56.336818300444506],[-2.949428287045709,56.25300558682146],[-2.720856156842462,56.17819174404802],[-2.772860255734674,56.1713138448781],[-2.895339456097833,56.085502229887865],[-3.169811215893976,56.06210669155779],[-3.29350706626629,55.9739147054738],[-3.894964662091486,55.98506888027849],[-3.894669342793717,55.98490594570705]]]]}},{"type":"Feature","properties":{"name":"Scots","subject":"Scots","partOf":"Scots","borderPrecision":1,"color":"#739b91"},"geometry":{"type":"MultiPolygon","coordinates":[[[[-3.828146332814844,55.94820364347348],[-4.62959849143887,55.92406821492878],[-4.710717168347589,56.13130911465349],[-4.84836718131756,56.097159944731615],[-5.134628739850275,55.89342840786638],[-5.333552804486505,55.87952002163591],[-5.570167508618585,55.75051840420427],[-5.633057561413995,55.93986090298357],[-5.497018781201593,56.177272402007006],[-5.300114598767511,56.42866095181169],[-5.270704236523859,56.544147096831225],[-5.458254781262628,56.632140718657396],[-5.546579804913751,56.65235098477068],[-5.644504037396661,56.5162845480031],[-5.821677175061456,56.400497041899584],[-6.043546166913263,56.47476538296404],[-5.908959832684747,56.73325689907732],[-5.665934529797784,56.93784292813005],[-5.625289407269708,56.99921377773943],[-5.726338830487482,57.25800665493669],[-5.561600652234308,57.29925879116716],[-5.46063992072796,57.38814505215349],[-5.76296564628338,57.619777284819506],[-5.568463769452325,57.777389131743334],[-5.229971375958673,57.7096439230031],[-5.22629967425067,57.71051505786203],[-4.652113790961828,56.949007915752915],[-4.152428083465744,56.05274567775248],[-3.894669342793717,55.98490594570705],[-3.828146332814844,55.94820364347348]]]]}},{"type":"Feature","properties":{"name":"Irlanda","subject":"Irlanda","partOf":"Irlanda","borderPrecision":1,"color":"#b3a46e"},"geometry":{"type":"MultiPolygon","coordinates":[[[[-6.645197835461847,55.20642813320818],[-6.454310384289972,55.186549745757006],[-6.279264417187921,55.139693819243334],[-6.116521325604669,55.16022451992693],[-6.018187966840021,55.093001924712084],[-5.784886327283136,54.737418733794115],[-5.763683763043634,54.65699347134294],[-5.799925771252862,54.522887788969896],[-5.661512818829767,54.32224615688982],[-5.731388535992853,54.17486914272966],[-5.91215416480755,54.02737768765154],[-6.071708169476739,53.973590456206225],[-6.206393208997003,53.95674856777849],[-6.343146768109552,53.93964346523943],[-6.443396058575861,53.899379335600756],[-6.334980454938165,53.78598364468279],[-6.172213521497003,53.43919714565935],[-6.04306122352337,52.89308889980974],[-6.070682969586603,52.76660498257341],[-6.232112851636163,52.613334261137865],[-6.340896096722833,52.427062593657396],[-6.40597101737713,52.21443899746599],[-6.489150014416925,52.19435843105974],[-6.616821256177179,52.22066458340349],[-6.893897023694269,52.206649385649584],[-6.961679425732843,52.11120184536638],[-7.372407880322687,52.09211310024919],[-7.750648942486993,52.032706819731615],[-7.861649480359308,51.96809347744646],[-8.158813920514337,51.839644991118334],[-8.565231290356866,51.61545141812029],[-8.847757306592218,51.59982260342302],[-9.243309941785089,51.47262915249529],[-9.81910988380169,51.434554659087084],[-9.795244184033624,51.604632936674975],[-9.835420575635187,51.80326422329607],[-10.216907468335382,51.7583499776906],[-10.294031110303155,51.977626405913256],[-9.963774648205987,52.09211310024919],[-10.497328725354425,52.10165365811052],[-10.469237294690362,52.206649385649584],[-9.890640225903741,52.19443091030779],[-9.80160614539837,52.24108465786638],[-9.784003224866144,52.34070547695818],[-9.735718694226495,52.48028143521013],[-9.50398823310589,52.54054983730974],[-9.19263454963421,52.55445822354021],[-9.134288754956476,52.68089636440935],[-9.615690198437921,52.6366344320363],[-9.441564527051202,52.833278261382006],[-9.525756803052179,52.90455587979021],[-9.309349980847589,53.11526831265154],[-8.996998754040948,53.12044485684099],[-8.923582997815362,53.160575472075365],[-9.001670804517023,53.30037649746599],[-9.158159223096124,53.22069891567888],[-9.297359433667413,53.279803835112475],[-9.440665212170831,53.26620825405779],[-9.616703954236261,53.345878206450365],[-9.802919354932062,53.34535177822771],[-9.884814229504816,53.29739721890154],[-10.159825292126886,53.37412222500505],[-10.021073308484308,53.51185568447771],[-10.15142532874798,53.575641237456225],[-9.809599843518487,53.63241537686052],[-9.872389760510675,53.767718874174975],[-9.696483579175226,53.87342032070818],[-9.912850347058527,53.96955832119646],[-10.178537335889093,53.91187246914568],[-10.15967556525921,54.13307150479021],[-9.98878761817669,54.253715120512865],[-9.891974416272394,54.32558401699724],[-9.474293675915948,54.24130972500505],[-9.322905507580987,54.275069795805834],[-9.085844960705987,54.25818976040544],[-8.59008499671673,54.20284994717302],[-8.686731305615655,54.36411245938005],[-8.300579991833917,54.48934897061052],[-8.211479154126398,54.63391836758318],[-8.829358068005792,54.63391836758318],[-8.760042157666437,54.70142706509294],[-8.503739324109308,54.74964483853044],[-8.476253476636163,54.87985190029802],[-8.345380750195734,55.09528311367693],[-8.118318048016778,55.17663153286638],[-7.756225076215021,55.25272711392107],[-7.426504734337652,55.29408603133693],[-7.333892085543201,55.38362640535836],[-7.111621728436517,55.31517256371226],[-6.963441490365394,55.2413206454114],[-6.996823754803888,55.172023378569506],[-6.645197835461847,55.20642813320818]]],[[[-5.517836537854425,55.668021761137865],[-5.482397046582452,55.44269903774919],[-5.620342221753351,55.329520784575365],[-5.698169675366632,55.3307262289113],[-5.755679574506036,55.47726782437029],[-5.688657250897638,55.62812002773943],[-5.517836537854425,55.668021761137865]]]]}},{"type":"Feature","properties":{"name":"Baltic tribes","subject":"Baltic tribes","partOf":"Baltic tribes","borderPrecision":1,"color":"#8b7fa6"},"geometry":{"type":"MultiPolygon","coordinates":[[[[24.697846712492446,55.3076758000506],[22.5413083959304,53.53301506848137],[17.86004229412497,53.657880170225326],[18.142359748647795,54.71559819393255],[18.27944854210163,54.724120699126146],[18.75953010032917,54.5364147054738],[18.362916025622138,54.66889151211443],[18.33849624107624,54.602645479399584],[18.45380691002155,54.52537878628435],[18.513155970080145,54.315780245024584],[18.67307761619831,54.25514181729021],[18.68493469916379,54.25402242200741],[18.9649763436153,54.227584444243334],[19.255003962023505,54.27719458218279],[19.73359778831745,54.461173616606615],[19.757716211779364,54.45917471523943],[19.31760886619831,54.27167852993669],[19.232062372668036,54.222072206694506],[19.23030761192585,54.16696890469255],[19.328099283678778,54.16145285244646],[19.456822428210028,54.21656378384294],[19.5704032231417,54.25508398136884],[19.733119043810614,54.310268007475756],[19.914581807227407,54.394662508857884],[19.977538141711005,54.423942171294115],[20.188645395739325,54.52197607632341],[20.326712641222723,54.56400641079607],[20.194232019884833,54.57504614468279],[20.005703958971747,54.54745825405779],[19.93811896751667,54.608172975737475],[19.881810221178778,54.52537878628435],[19.83324721763874,54.53089865322771],[19.8631697029903,54.75173147793474],[19.942570719225653,54.84985693569841],[20.1270971627071,54.845641695219896],[20.797150644762763,54.817977510649584],[20.985203775866278,54.81164129849138],[21.137343439562567,54.845458589751146],[21.191943201525458,54.959579073149584],[21.11334517906452,55.08924444790544],[21.22385314415241,55.111449800688646],[21.193121942980536,55.16635092373552],[21.16232207725788,55.22138174648943],[21.14303496788288,55.25583990688982],[21.200932535631903,55.26139410610857],[21.216296228869208,55.3436656820363],[21.018450769884833,55.63400992031755],[21.014815363390692,55.69705542202654],[20.995957407458075,56.024127565581225],[20.945448908312567,56.06995733853044],[20.916007074816473,56.096671663481615],[20.94904616783405,56.473189912993334],[20.964827570421942,56.60902365322771],[21.022051844103583,56.6838756429738],[21.324379953844794,56.854415498930834],[21.339747461779364,57.17707022305193],[21.459588083727606,57.24960669155779],[21.579514536364325,57.37260016079607],[21.67733100364948,57.46365698452654],[21.810254129870184,57.4753795492238],[22.28540328453327,57.56504019375505],[22.35992721031452,57.58566626187029],[22.43296531151081,57.615558229643725],[22.563637766344794,57.615558229643725],[22.585421595080145,57.508651338774584],[22.881373438341864,57.3341441976613],[23.070889505846747,57.261317812163256],[23.10979012835954,57.18153893293185],[22.80430087355992,55.99027849078515],[25.329028658803296,56.54523008757859],[25.749816623010524,58.548585438946596],[27.368926076870146,58.35811554767541],[27.42548828125001,58.303076171875],[27.47265625,58.216748046875],[27.4970703125,58.184130859375],[27.623828125000017,58.0142578125],[27.678320312500006,58.018505859375],[27.802734375,57.990234375],[27.881640625000017,57.93701171875],[27.875390625000023,57.92041015625],[27.910937500000017,57.895751953125],[27.992089843750023,57.868115234375],[28.068427102920783,57.86243922267352],[28.38172139080795,56.31459337748572],[24.697846712492446,55.3076758000506]],[[26.01904296875,58.396240234375],[25.966113281250017,58.381640625],[25.94091796875,58.344970703125],[25.92792968750001,58.305126953125],[26.003710937500017,58.219482421875],[26.05097656250001,58.145849609375],[26.084765625000017,58.143457031249994],[26.110253906250023,58.209814453125],[26.140625,58.268798828125],[26.14277343750001,58.32734375],[26.121484375000023,58.373681640624994],[26.077441406250017,58.391162109375],[26.01904296875,58.396240234375]]]]}},{"type":"Feature","properties":{"name":"Avars","subject":"Avars","partOf":"Avars","borderPrecision":1,"color":"#b3a46e"},"geometry":{"type":"MultiPolygon","coordinates":[[[[26.11800609169176,44.83696171869182],[24.900452778234676,44.471095636948796],[23.397217462714668,43.84199148135105],[22.70823460976799,43.93227411600282],[22.063291853955672,43.90125489495484],[21.08364435992213,43.37145477318491],[20.238074494942126,43.394215649442046],[19.23298161145317,43.77136296522203],[19.307360442169,44.03649281971524],[19.73308138113464,46.166538334713756],[21.017094879807985,47.069951087183284],[23.33458265790133,47.6427629395973],[25.495483423961343,48.08398744282489],[26.937451209823184,48.26588574496204],[27.45864333919873,45.5629595403481],[26.11800609169176,44.83696171869182]]]]}},{"type":"Feature","properties":{"name":"Slavic tribes","subject":"Slavic tribes","partOf":"Slavic tribes","borderPrecision":1,"color":"#b3a46e"},"geometry":{"type":"MultiPolygon","coordinates":[[[[26.937451209823184,48.26588574496204],[25.495483423961343,48.08398744282489],[23.33458265790133,47.6427629395973],[21.017094879807985,47.069951087183284],[19.73308138113464,46.16653833471378],[17.603498017481293,46.03624845164856],[16.94583256694129,46.209899878430484],[16.57002373806129,46.55556103980884],[16.256849713994622,46.684619847587456],[15.945950167877665,46.89176110257741],[16.94946863202723,47.95169624092786],[17.37175426332788,48.003933912678555],[17.487184823239456,47.916824362675264],[17.72386644313996,47.73821282843878],[17.41576828580439,46.94288396909102],[18.648160915146672,46.93286651035809],[19.73384013623392,47.669099718425294],[20.03676440886501,47.751479464458974],[20.89287606144869,47.98429758729791],[21.523743716945322,48.57013917730057],[22.13994003161647,49.24514213856263],[22.22796807656948,50.043132795978366],[18.91224505000572,50.061973282754366],[18.542908392399653,49.68217508325022],[16.685616511210526,50.18978501205717],[15.002464654381606,50.9083392075322],[14.318684212544863,50.8087328683752],[13.843178758951693,50.65126127946679],[12.398839125849378,50.17294403782561],[12.192554401208742,50.655277095928554],[10.982789004112954,52.0188453007888],[10.390050877947989,53.52720133189523],[10.141728434069403,54.33675345059099],[10.212877306444891,54.37191732998552],[10.34023955772663,54.36231573696794],[10.445974382860907,54.29203375454607],[10.648594889147528,54.25897558804216],[11.038605722887763,54.313251100737475],[11.073005709154852,54.219630800444506],[11.041366610033759,54.15269812222185],[11.015887293322333,54.09665640469255],[10.716716799242743,53.96393164272966],[10.77092198337268,53.930865647944174],[10.858920130236395,53.87718542690935],[10.883711053577748,53.88237572131042],[10.893506027075912,53.88442642331155],[10.960404311878575,53.89843242818161],[11.151377710802802,53.938415132719896],[11.202488932116278,53.85678442593279],[11.407822641833075,53.8592906820363],[11.565019640429266,54.035384737212084],[12.041073832018622,54.09665640469255],[12.311884912951239,54.2019420492238],[12.462536566113503,54.2547861175406],[12.652518305285223,54.32142599697771],[12.76480010460163,54.27032812710466],[12.943138155443915,54.346984468657396],[13.025811228258856,54.265216432768725],[13.063765558703192,54.19368704434099],[13.349167856676825,54.06348761196794],[13.431016001208075,54.03024633999529],[13.667614969713934,54.084167085844896],[13.73778251121784,54.03028830166521],[13.764326128466376,53.87718542690935],[13.78049949119831,53.77517660732927],[13.850170168383368,53.72928961392107],[14.009740862353095,53.673209749419115],[14.176863703234442,53.68340643521013],[14.189576181872138,53.6247936117238],[14.28019145439411,53.61341818447771],[14.433155092699774,53.59421499844255],[14.537060770495184,53.538165651518725],[14.49530318687702,53.6247936117238],[14.565300974352606,53.69359930630388],[14.556940111620673,53.75988348599138],[14.482524904711493,53.8185306417531],[14.472936663134345,53.87677725430193],[14.467412027819403,53.91035040493669],[14.580244322217478,53.9290180912011],[14.8857584328487,53.97956427212419],[15.079682383044013,54.00251730557146],[15.311689409716376,54.071002565581225],[15.898360285265692,54.128402315337084],[16.11468032310749,54.19960745449724],[16.47324851463581,54.41503485317888],[16.97590163658405,54.549308382231615],[17.657612833483466,54.6854625570363],[18.142359748647795,54.71559819393255],[17.86004229412497,53.657880170225326],[22.5413083959304,53.53301506848137],[24.697846712492446,55.3076758000506],[28.38172139080795,56.31459337748572],[28.381721390807954,56.31459337748572],[28.983690138531568,55.81859929755448],[28.463688664472244,54.31379062764641],[27.153234273312215,53.96064002077892],[24.69069105899189,51.68259479362447],[26.57118957657036,49.95852230613026],[26.674817616339677,49.86351438635307],[28.664891879864264,48.57981598285431],[26.937451209823184,48.26588574496204]]]]}},{"type":"Feature","properties":{"name":"Kingdom of Norway","subject":"Kingdom of Norway","partOf":"Kingdom of Norway","borderPrecision":1,"color":"#8f9a74"},"geometry":{"type":"MultiPolygon","coordinates":[[[[14.249693761508839,65.93163953907721],[13.80223460706256,64.95473864599263],[12.98153183409739,63.16296555586825],[12.28793213528174,59.23726433654701],[12.16625515344589,58.548585438946624],[11.86291340734959,58.34548082520313],[11.679926401349118,58.22296057979648],[11.61386016319538,58.24734839077654],[11.43109420250202,58.20152624722185],[11.406709703905829,58.33127173062029],[11.221358332140692,58.30832251187029],[11.184257419168704,58.55709003278593],[11.140391382677802,58.85121878262224],[11.08480747434235,58.883738371919364],[11.039242777331122,58.91039618130388],[11.178854975207098,59.07028921719255],[11.11205008934284,59.16510733242693],[10.829190287096747,59.10584219570818],[10.7689371437862,59.11769064541521],[10.656806025011786,59.22439535732927],[10.54927161644245,59.37863119717302],[10.633557352526434,59.44985159512224],[10.56974223564411,59.580504976469896],[10.407057795031317,59.49734839077654],[10.378625902636298,59.3667484151906],[10.429588350756415,59.25997122402849],[10.363341364367255,59.21253546353044],[10.21106532524372,59.07028921719255],[10.172335657580145,58.987365328032396],[9.937624010546454,58.940002046782396],[9.697579416735419,58.99921759243669],[9.346200022204169,58.84530981655779],[9.371620211107977,58.78614767666521],[9.145894083483466,58.656066499907396],[8.92173484276081,58.5378909933156],[8.175240549547919,58.1720462667531],[8.153747591479071,58.08954580898943],[8.030196222765692,58.065978609282396],[7.908431086046942,58.065978609282396],[6.958641085131415,57.97173651333513],[6.874181303484686,58.07775457974138],[6.725660833819159,58.13668783779802],[6.643655333025702,58.042411409575365],[6.479116472704657,58.08954580898943],[6.651709589464911,58.1720462667531],[6.231332334978827,58.27817877407732],[5.873840364916571,58.431598268706225],[5.61548427055622,58.45521505947771],[5.399735006792792,58.715175234038256],[5.530999216540106,58.88080938931169],[5.474647554857977,58.97552832241716],[5.627488169176825,58.96367987271013],[5.665794405443915,58.821647249419115],[5.793662104113348,58.91632422085466],[6.093553575976141,58.79797705288591],[5.983710798723944,58.88672217007341],[6.041155848009833,58.951842867094896],[6.266145262224921,58.993285738188646],[6.05054810951496,58.981444917876146],[5.940400633318671,58.93407782192888],[5.822302374346503,59.01698263760271],[5.771857294543036,59.076217256743334],[6.032578501208075,59.200667940337084],[6.237526449663886,59.28369482632341],[6.02030375908161,59.25403555508318],[5.877495798571356,59.31335028286638],[6.076250586016425,59.420165621001146],[6.113430532915839,59.52704580898943],[5.815908941729315,59.31335028286638],[5.799501928789862,59.43203695889177],[5.680468592150458,59.50923117275896],[5.682913813097723,59.414229952055834],[5.717149290545233,59.3370738851613],[5.528521570666083,59.26589926357927],[5.343843969805487,59.26589926357927],[5.350331816179999,59.39049109097185],[5.282588991625556,59.27183111782732],[5.176648649676093,59.30741461392107],[5.086604151232489,59.50923117275896],[5.382628950579413,59.71127279873552],[5.418557676775702,59.51516684170427],[5.449307474596747,59.6577640401906],[5.646168264849432,59.586452089507006],[5.741123232348212,59.628043733794115],[5.666552576525458,59.675597749907396],[5.969901594622382,59.71127279873552],[6.185389551623114,59.82426031704607],[5.91049626777912,59.752894960600756],[5.694047483904608,59.752894960600756],[5.54333785484577,59.82426031704607],[5.631734404070624,59.88376577969255],[5.805763277514227,59.94925268765154],[5.89406445930744,60.16126211758318],[5.524619612200507,60.167525850493334],[5.279052290423163,60.12533529873552],[5.096230539782294,60.26413305874529],[5.261776003344306,60.327132784087084],[5.551142248614081,60.50888785000505],[5.455831560595282,60.592406831938646],[5.255226644976386,60.56414373989763],[5.075472387774237,60.591693483549975],[4.980375322802313,60.68924292202654],[5.108526739580878,60.90610846157732],[5.387047800524481,61.02558477993669],[5.119612726671942,61.13709982510271],[5.01831344078327,61.30513723965349],[5.140952620013007,61.38955649014177],[5.10114625404621,61.69858893032732],[5.148983511431464,61.7408824789113],[5.416030916674384,61.76953848477068],[5.592420134051093,61.78969534512224],[5.797088179095038,61.76991232510271],[5.833900007708319,61.81940802212419],[5.719467672808417,61.87954672451677],[5.528184446795233,61.93255194302263],[5.425686392290839,62.009261690337084],[5.469670805437811,62.09369619961443],[5.564593824846991,62.15030249233904],[5.823631319506415,62.17901953335466],[6.053489241106757,62.33480032559099],[6.308390650255927,62.285827242094896],[6.532513651354559,62.33569677944841],[6.612958940966376,62.58333548184099],[6.988682779772528,62.54157217617693],[7.289257082445868,62.48556479092302],[7.546737703783759,62.59925421353044],[7.101563486559638,62.704642854887865],[6.981860193712958,62.84614142056169],[7.08818009804035,62.91019781704607],[7.606488260729559,62.90405615444841],[7.989161524279364,62.94026907559099],[8.231293711169013,62.84140738125505],[8.257966074450263,63.05431707974138],[8.472289118273505,63.17551764126482],[8.605903658373602,63.32509573574724],[8.957197222216376,63.40404089565935],[9.154221567614325,63.3190189230031],[9.21606734703327,63.283561311919115],[9.440897974474677,63.497523866850756],[9.832105669482,63.683620058257006],[9.870058092577704,63.87643393154802],[10.066159281237372,64.05550726528826],[10.739846262438544,64.38617285366716],[10.890596422655829,64.47251471157732],[10.996618303759345,64.49424322720232],[11.213500055773505,64.41573675747576],[11.364055666430243,64.41601904507341],[11.507721933825263,64.51671942349138],[11.406536135180243,64.61703833218279],[11.469941172106513,64.67464026089372],[11.689727816088446,64.77565344448747],[11.895566973192938,64.91273077603044],[12.112141642077216,65.12991675015154],[12.222211870653876,65.1011463033742],[12.526453051073798,65.10895117397966],[12.502087309826706,65.33063537468665],[12.496170076830634,65.3844714986867],[12.28408721397663,65.4348865377492],[12.479218515856513,65.61703070278826],[12.709057840807684,65.90887793179216],[13.087389025194891,65.88041266079607],[13.108799013598212,66.0337406026906],[13.151907000048407,66.13612707729997],[13.58100989769245,66.18811377163591],[13.402801546557196,66.34881933804216],[13.255395922167548,66.39254339810076],[13.168647798998602,66.45833929653826],[13.242076906664618,66.5685306417531],[13.383193048937567,66.67895086880388],[13.592026743395575,66.65732153530779],[13.991646799547919,66.68745764370622],[13.747189554674872,66.92240484829607],[13.859066996081122,66.95944555874529],[14.054739031298407,66.9745593893117],[14.373078379137763,67.09309729214372],[14.639268908007391,67.12311133022966],[14.777660402758368,67.21653326626482],[14.616473230822333,67.2452655660695],[14.569208178026923,67.32934149380388],[14.69914725731159,67.37438543911638],[14.976157221300848,67.52293738003435],[14.978509115198017,67.52280235882948],[15.226662668688544,67.50855597134294],[15.38450339744831,67.46444281216326],[15.579943689806708,67.58331640835466],[15.745667490465888,67.59729345913591],[15.761817965014227,67.67628821011247],[15.572235140307196,67.82069738979997],[15.854214701159247,67.92523535366716],[15.91974166343952,68.04896887417497],[16.071057352526434,68.04467352505388],[16.232728037340888,67.91109045620622],[16.411614450915106,67.87424811001482],[16.648547205431708,68.04574926968279],[16.521903070910223,68.34090002651872],[16.71914008568073,68.31135901089372],[17.03327468345905,68.33763464565935],[17.12642005394245,68.41608008022966],[16.854756388170966,68.55778082485857],[17.039734873278388,68.65852697964372],[17.406914743883856,68.77154120083513],[17.448914560778388,68.88699682827654],[17.565863642199286,68.97436865444841],[17.894713434679755,69.03507574673357],[17.928147348864325,69.0050769674367],[18.051545176012763,69.027858339507],[18.09735396812702,69.05800207729997],[18.31905272911335,69.35937842007341],[18.553240808947333,69.2468753683156],[18.98484519432331,69.31544073696794],[19.17015555809284,69.25552710171404],[19.289172205431708,69.21058996792497],[19.57997992943073,69.1810565816945],[19.821213755114325,69.36973150845232],[20.157650980456122,69.747829042632],[20.286376032336005,69.78590735073747],[20.358317408068427,69.71038397427263],[20.278164896471747,69.58179052944841],[20.196503672106513,69.31769140835466],[20.33943582238423,69.39964115434611],[20.32555504438516,69.22230039173192],[14.249693761508839,65.93163953907721]],[[8.445611155604132,61.06068746124424],[7.388637463923891,60.05414067181882],[7.49873889014058,58.708498299585386],[8.841976289984222,59.12910899291945],[10.119152834097845,60.316899132406256],[9.942990552151137,62.44646874839851],[8.027225735980704,61.974223038411395],[8.445611155604132,61.06068746124424]]]]}},{"type":"Feature","properties":{"name":"Paleo-Siberian hunter-gatherers","subject":"Paleo-Siberian hunter-gatherers","partOf":"Paleo-Siberian hunter-gatherers","borderPrecision":1,"color":"#b69578"},"geometry":{"type":"MultiPolygon","coordinates":[[[[105.60022262047077,72.74426611538591],[106.08698562095906,72.8553958761281],[106.50154403160359,73.06131323452654],[107.24994185875202,73.13382300015154],[107.80428603599812,73.1427722799367],[108.74962905357624,73.26322516079607],[109.59518722008015,73.39159735317888],[109.99058822105671,73.43995245571794],[110.44228652427937,73.56786688442888],[110.40001967857624,73.74287756558122],[110.17844680259968,73.79822119351091],[110.16323378990437,73.83008917446794],[110.28963759849812,73.9420657980031],[110.55127242515827,74.03844793911638],[110.94413283775593,73.94327124233904],[111.21531203697468,73.76829870815935],[111.49485305259968,73.74487646694841],[111.76165297935749,73.65779455776872],[112.09338668297077,73.63455542202654],[112.47680190513874,73.65914496060076],[112.99697402427937,73.779567323882],[113.22158339927937,73.74810370083513],[113.30773452232624,73.61295660610857],[113.31173995445515,73.38266333218279],[113.54699233482624,73.20093115444841],[114.1866789192989,73.55099829312029],[114.9341154427364,73.56032141323747],[115.61149123619343,73.62520178433122],[116.67113784263874,73.61922796841326],[117.53464797447468,73.54927404995622],[117.91884902427937,73.53409155483904],[118.46038344810749,73.51922949429216],[118.33846572349812,73.18611487026872],[118.49779799888874,73.03624304409685],[119.41744521568562,72.96692999478044],[119.79856399009968,72.91246374722185],[120.11277297447468,72.88152655239763],[120.57851699302937,72.83511694546404],[121.69950393150593,72.9002185689992],[122.24328139732624,72.90912207241716],[122.88243392418171,72.75281103726091],[123.51475051353718,73.17200811978044],[123.44220260093952,73.33018835659685],[123.42497542808796,73.43322332974138],[123.40985396812702,73.48077734585466],[123.5007008987776,73.50494943844788],[124.54383390453704,71.58610355723228],[130.86731605142418,69.90104204211539],[155.89216029229675,68.16901029658281],[168.13549806605704,67.45778023799447],[171.76813674618367,65.85917681241212],[172.4408476128738,63.07842210456581],[169.48091979943723,61.192640399715565],[170.34409823134902,60.27960975244485],[170.3368025154903,60.27710302944841],[170.26842788170123,60.14513739224138],[170.27305129478717,60.01343115444841],[170.06013015220904,59.881801210600756],[169.87749770591998,59.8745609151906],[169.61364272545123,60.01220282192888],[169.53161147545123,60.12989386196794],[169.45571425865435,60.29626806851091],[169.15412429283404,60.43464239712419],[168.67075637291217,60.45457800503435],[168.2109022469356,60.432860933501146],[167.68961623619342,60.35544928188982],[167.10398391197467,60.27102621670427],[166.8684187264278,60.17341574307146],[166.2685194344356,59.833278261382006],[166.02721694420123,59.70872076626482],[165.94497207115435,59.77061041470232],[166.20342544029498,60.35263785000505],[165.95633986900592,60.31051596279802],[165.7799940438106,60.35411413784685],[165.41538527916217,60.11518820400896],[165.11359694908404,60.03144034023943],[164.93296340416217,59.96187552090349],[164.88157180259967,59.73413809414568],[164.5846052498653,59.66465338345232],[164.4419050545528,59.74018820400896],[164.32805922935748,59.96072729702654],[164.11052993248248,60.07820852871599],[163.64969924400592,59.79202231045427],[163.76682570884967,59.88375815029802],[163.51627639244342,59.85569342251482],[163.3886823983028,59.81406363125505],[163.10639480064654,59.57917364712419],[163.04290297935748,59.462001405913256],[163.09977248619342,59.35886725063982],[163.25451186607623,59.29037436123552],[162.8352156014278,59.055907808501146],[162.75344375084185,58.96646460171404],[162.90740493248248,58.891280733305834],[162.61590102623248,58.732963167387865],[162.22001174400592,58.48553045864763],[161.93841079185748,58.25918539639177],[161.80436232994342,58.1017223226613],[161.7999372811153,57.86273535366716],[161.9892225594356,57.71985205288591],[162.20365432213092,57.67936285610857],[162.82566359947467,57.700980745512865],[163.0783796639278,57.62649878140154],[163.12783339927935,57.55162390347185],[162.93203261802935,57.37424048062029],[162.5932722420528,57.169540010649584],[162.51240066002154,57.033492647368334],[162.61281875084185,56.802882753569506],[162.74430373619342,56.59970816250505],[163.09797194908404,56.55972632046404],[163.17226699302935,56.383815370757006],[163.16599563072467,56.106498323637865],[163.00907424400592,55.94406851406755],[162.77128127525592,55.91659506436052],[162.55463698814654,56.01072271938982],[162.54719069908404,56.10531576748552],[162.72187331627154,56.34234961147966],[162.5218153328731,56.34873541470232],[162.31757644127154,56.24010046597185],[161.86132338951373,55.86087378140154],[161.60943129966998,55.55691488857927],[161.50274184654498,55.287372194487475],[161.64737990806842,54.985091768462084],[161.93853286216998,54.84510000820818],[162.00820449302935,54.73822363491716],[161.8758650154903,54.56412848110857],[161.5666151375606,54.42324026699724],[161.1363630623653,54.40906866665544],[160.83759597252154,54.448566042143725],[160.68291762779498,54.4482799398488],[160.4043073983028,54.36758764858904],[160.02738479088092,54.15326651211443],[159.93114760826373,54.086356722075365],[159.69506362388873,53.85922583218279],[159.63321975181842,53.70584448452654],[159.68349746177935,53.579433046538256],[159.90476516197467,53.40018042202654],[159.9220838875606,53.300468050200365],[159.8968611092403,53.24057730313005],[159.5917616219356,53.133624635893725],[159.31981948326373,53.12647207852068],[158.78814223716998,52.95936545010271],[158.46136001060748,52.82596167202654],[158.43166640709185,52.71308477993669],[158.4623670906856,52.58713873501482],[158.38950637291217,52.2026859151906],[158.2580213875606,52.01712378140154],[157.89777663658404,51.66602285977068],[157.20952895591998,51.229003511626146],[156.82464126060748,51.00411947842302],[156.6963758797481,50.957748018462084],[156.5637312264278,51.234359346587084],[156.4746961922481,51.603820406157396],[156.36185744713092,51.914237581450365],[156.33323195884967,52.27155645962419],[156.17524245689654,52.60925634976091],[156.0380964608028,52.78148993130388],[155.94184401939654,53.193080507475756],[155.71079543541217,53.80493887539568],[155.70746901939654,54.06495245571794],[155.6380720467403,54.3184085714406],[155.63018325279498,54.465350710112475],[155.58306411216998,54.55207403774919],[155.46520522545123,54.91977270718279],[155.45347121666217,55.27581366177263],[155.50568679283404,55.63962133999529],[155.6275739998653,56.26791723843279],[155.70299819420123,56.36959799404802],[156.23583510826373,56.756827913481615],[156.5578718514278,56.94747122402849],[156.81467727134967,57.26057013149919],[156.8776502938106,57.36274298306169],[156.8394880623653,57.50565680142107],[156.77685073326373,57.58045538540544],[157.51116469810748,57.74545248623552],[157.96169570396685,57.88275869961443],[158.3262586922481,58.026820741850756],[159.10428908775592,58.424884401518725],[159.39269545982623,58.610351167876146],[159.58628371666217,58.80267675991716],[159.64911941002154,58.95374640103044],[160.45193007896685,59.35388907070818],[160.8442488045528,59.554244600493334],[161.5352430672481,59.9416881429738],[161.70084670494342,60.07350882168474],[161.81792739341998,60.2679935323781],[162.38112929771685,60.46357306118669],[163.32929519127154,60.69494970913591],[163.44480422447467,60.89026602383318],[163.79265883873248,61.128192506987475],[163.83137038658404,61.23308905239763],[163.57572463463092,61.330470644194506],[163.94228652427935,61.73741491909685],[163.92588332603717,61.955001436430834],[164.00829604576373,62.1308971273488],[164.27720168541217,62.22288092251482],[165.05478957603717,62.25954397793474],[165.28571608970904,62.2881351339406],[165.06716445396685,62.435687624174975],[164.13767531822467,62.532653413969896],[163.81841567466998,62.489738069731615],[163.34025100181842,62.411300264555834],[162.9902448983028,62.32608374233904],[163.00915053795123,62.17827948208513],[162.71056655357623,61.76318701382341],[162.7668562264278,61.67209967251482],[162.74877456138873,61.60898550625505],[162.45061782310748,61.559379183012865],[162.2352400154903,61.5099254476613],[161.5357771248653,61.1868167745656],[160.6449842781856,60.71775396938982],[160.11884597252154,60.563624941069506],[160.00710586021685,60.59125097866716],[160.0769911141231,60.7375865804738],[160.23559096763873,60.94700964565935],[159.8155165047481,60.98108252163591],[159.74351027916217,61.099635683257006],[159.85686782310748,61.30249746914568],[160.0562391609981,61.51285132046404],[160.14934829185748,61.66016729946794],[160.1182508797481,61.75127752896013],[159.96580031822467,61.765040956694506],[159.45463088463092,61.56075247402849],[159.23105910728717,61.546310030180834],[159.10642531822467,61.70729025479021],[158.84125808189654,61.78396948452654],[158.11835769127154,61.719474397856615],[157.52826980064654,61.66927298184099],[157.0979872078731,61.63339956875505],[156.82523635338092,61.56281241055193],[156.42315200279498,61.40100439663591],[156.38117507408404,61.20508154507341],[156.41843703697467,61.121329866606615],[155.85076430748248,60.88296850796404],[155.66668227623248,60.778041444975756],[155.7338972420528,60.55536612148943],[155.15180495689654,60.39435156460466],[154.6933241219356,60.199019991118334],[154.31565383384967,59.98334845181169],[154.09215835045123,59.775878511626146],[153.94297316978717,59.56882818813982],[153.9444685311153,59.39667852993669],[154.18178847740435,59.30077704067888],[154.75280288170123,59.28121908779802],[154.87804702232623,59.15770300503435],[154.9058943123653,59.102767549712084],[154.38708022545123,59.03995092983904],[153.92443374107623,58.922347627837084],[153.45414260338092,58.94891699429216],[153.13988784263873,59.010123811919115],[152.96824172447467,58.99606665249529],[152.8283338875606,58.947738252837084],[152.50420669029498,58.76871832485857],[152.1912489266231,58.9259410726613],[151.69065383384967,58.75345953579607],[151.35448745201373,58.691119753081225],[151.13540175865435,58.73182638760271],[151.00748732994342,58.79334219570818],[151.05617812584185,58.923812471587084],[151.39268020103717,58.97937353726091],[151.78330520103717,59.03504904385271],[151.8572645516231,59.055812441069506],[151.52360061119342,59.34394415493669],[151.14020827720904,59.43957098599138],[150.6634168953731,59.4318004476613],[150.2786512703731,59.36224707241716],[150.12006667564654,59.3894534933156],[149.7295790047481,59.595328890044115],[149.38030532310748,59.60845526333513],[149.04528335045123,59.58715399380388],[148.72844985435748,59.476337038237475],[148.7472029061153,59.29743155117693],[148.63029006431842,59.19402655239763],[148.41608718345904,59.09739264126482],[148.10282424400592,59.20679815884294],[147.91918471763873,59.261474214751146],[147.35222915123248,59.23288687344255],[146.99962905357623,59.19095953579607],[146.70640090416217,59.22479590054216],[146.30735305259967,59.28595312710466],[146.0539656014278,59.25107153530779],[146.02347854088092,59.19599493618669],[145.95696547935748,58.98285635586443],[145.65258315513873,58.97540625210466],[145.51279738853717,59.03694876309099],[145.49566176841998,59.20875128384294],[145.4041395516231,59.32550390835466],[144.84569838951373,59.283195100981615],[144.38981154869342,59.309859834868334],[143.82409194420123,59.29501303311052],[143.30285170982623,59.2665286886281],[142.92681411216998,59.27957113857927],[142.84585097740435,59.27252539272966],[142.35776809166217,59.140956484038256],[142.72148001084966,59.23899962729002],[137.17796706332177,61.33433849362306],[127.80939535096982,61.80384030510338],[116.96157547350965,59.88266776324234],[115.20548227520561,57.386117039726635],[114.0159088408366,59.54672904426065],[107.9615110406255,59.8183896994711],[99.48535412032993,55.65854236961009],[99.53745541241915,55.2811223478262],[93.70004066679506,56.48455609390737],[78.36223290626025,56.41019430623805],[65.31164209247186,55.04663307077481],[61.5122388702117,55.89292499663694],[59.189973205591734,56.41019430623805],[59.09429166962169,56.4318399506882],[62.80579411405116,56.95520024672745],[75.85638492783956,61.42677903286463],[98.45947004862771,69.79094730127832],[105.40307092131953,72.748726095192],[105.60022262047077,72.74426611538591]]]]}},{"type":"Feature","properties":{"name":"Arctic marine mammal hunters","subject":"Arctic marine mammal hunters","partOf":"Arctic marine mammal hunters","borderPrecision":1,"color":"#8b7fa6"},"geometry":{"type":"MultiPolygon","coordinates":[[[[-79.23003860999798,54.14938315029802],[-79.39867874671673,54.276351534087084],[-79.54511734534954,54.69186361904802],[-78.98181625892376,54.813800417143725],[-78.58926865150188,54.92203100796404],[-78.30785843421673,55.04375799771013],[-77.51691910316204,55.47071417446794],[-77.23383804847454,55.60653647061052],[-76.76447006751751,56.02744253750505],[-76.56940170814251,56.272121034819506],[-76.46291061927532,56.57139166470232],[-76.46228683413294,56.57751271564082],[-62.50972764527455,57.9717281924346],[-62.49481293250774,57.95677527065935],[-62.34917542030071,57.90222509976091],[-62.01471802283977,57.841212831694506],[-61.888112035290945,57.72504385586443],[-61.828446355359304,57.55411871548357],[-61.99918457557415,57.512775026518725],[-62.186017003552664,57.437240205962084],[-62.00141235877727,57.294147096831225],[-61.82238098670696,57.19208105679216],[-61.476098027722585,57.104064546782396],[-61.350628819958914,57.001998506743334],[-61.33525177528118,56.811263643462084],[-61.36063477088665,56.77717169399919],[-61.544598546521414,56.72915991421404],[-61.84880920936321,56.74220236416521],[-62.1840600638554,56.79603537197771],[-62.326432195203054,56.768512331206225],[-62.28564545203899,56.69371374722185],[-62.16278931190227,56.61230047817888],[-62.07783981849407,56.50366934414568],[-61.92769333411907,56.27295645352068],[-61.743023839490164,56.171493135649584],[-61.45779892493938,56.15847738857927],[-61.24986359168743,56.07745703335466],[-60.87275406409954,55.8545299398488],[-60.46834274818157,55.65896566982927],[-60.357628789441335,55.510375581938646],[-60.373307195203054,55.42248114224138],[-60.57453247596477,55.07102545376482],[-60.34573837806438,55.04450186367693],[-60.04724213172649,55.11924322720232],[-59.69376083900188,55.15365942593279],[-59.33820053626751,55.08015402432146],[-59.079754796521414,54.99299200649919],[-58.557171788708914,54.772323213774584],[-58.11545273353313,54.71277960415544],[-57.43287369300579,54.579913698393725],[-57.51535126258587,54.46576651211443],[-57.83856674720501,54.37130697842302],[-58.16992279578899,54.27685888882341],[-58.46811005164837,54.256217561919115],[-58.84362122108196,54.14833792324724],[-59.106163945691335,53.96711691494646],[-59.398724523083914,53.86623343105974],[-59.862973180310476,53.838580690581225],[-59.991532292859304,53.804923616606615],[-60.13723846961712,53.684318147856615],[-60.12421127845501,53.51734503384294],[-60.221656217027494,53.32492080384565],[-62.593886961730774,54.56997808041503],[-62.88947585561168,54.72511691082654],[-65.64317158321862,55.262874161982396],[-71.0333844968322,55.19604828321671],[-74.19720512004018,52.927225836668605],[-78.74176950876009,52.74413883037645],[-78.8420304923222,53.0342288839406],[-78.84399124671673,53.28100927944841],[-78.93640610267376,53.54791983242693],[-79.03455826331829,53.74155005093279],[-78.75791641761516,53.74876745815935],[-78.80141922523235,53.96274145718279],[-78.93461319495891,54.07629736538591],[-79.23003860999798,54.14938315029802]]],[[[-121.39040085365032,71.47469671841326],[-121.93623062659954,71.50484045620622],[-122.17036911536907,71.28651007290544],[-122.57442184974407,71.14598425503435],[-122.99113937904094,71.15299566860857],[-123.46767136146282,71.19864233608904],[-123.6304597525761,71.40821417446794],[-123.87772842933391,71.61818274136247],[-124.07214066077923,71.73496588345232],[-124.57726761390423,71.89828070278826],[-125.18922897865032,71.92847784634294],[-125.61702438880657,71.9903827535695],[-125.82783218909954,72.07625158901872],[-125.90372940589641,72.15463598843279],[-125.66236588050579,72.20223578091326],[-125.39703842689251,72.33649023647966],[-125.1806535391972,72.43140753384294],[-125.14468857337688,72.60512121792497],[-125.34129044105266,72.96895941372576],[-125.0927400260136,72.96944006558122],[-124.88213058997844,73.0492435323781],[-124.74393936683391,73.21648748989763],[-124.24723526527141,73.45660742397966],[-124.01027390052532,73.72098883267107],[-124.06482407142376,73.86521490688982],[-124.18706985999798,73.93727453823747],[-124.74035355140423,74.24206884976091],[-124.90926071693157,74.44366034146013],[-124.51832291175579,74.4443851339406],[-124.14805313636516,74.46935614224138],[-123.49339005042766,74.44630011196794],[-123.14841770273145,74.44057077628655],[-121.65451446815976,73.99457995121038],[-119.25235436535371,73.55256742458035],[-117.685761580263,73.21545873829851],[-118.10413071204876,73.11756476040544],[-118.58500381995891,72.97368963833513],[-119.30700394202923,72.6476322042531],[-119.76836868812298,72.39426764126482],[-120.0154924063847,72.35442694302263],[-120.45359512855266,72.2985111105031],[-120.42398544837688,71.88257940884294],[-120.54559799720501,71.65563543911638],[-120.8434953360722,71.53027685757341],[-121.39040085365032,71.47469671841326]]],[[[-40.827748265759695,64.89353521938982],[-40.4836206107304,64.68540533657732],[-40.350705113904226,64.52752264614763],[-40.35533234168743,64.4269519674367],[-40.47241684486126,64.34779699917497],[-41.01111313392376,64.33243139858904],[-41.484120336072195,64.27418860073747],[-41.10417267371868,64.0885501730031],[-40.89255234290813,64.03168066616716],[-40.691220250622976,63.931869112212084],[-40.51624771644329,63.782069765288256],[-40.765702214734304,63.57452734585466],[-40.89390656043743,63.52436789150896],[-41.16342255164837,63.56665762539568],[-41.37823959876751,63.523437105376146],[-41.223019567029226,63.30993231411638],[-41.22700974036907,63.25296362515154],[-41.43446823646282,63.039203249174975],[-41.65309616615032,63.09566458340349],[-41.915570226208914,63.12360724087419],[-41.90392395545696,63.05252417202654],[-41.789105382458914,62.84676321621599],[-41.834408727185476,62.69062002773943],[-41.963726964490164,62.69039114590349],[-42.25886246253704,62.732387148100756],[-42.29883667518352,62.739398561674975],[-42.73952957679485,62.68891104336443],[-43.225968328015554,62.68092306729021],[-42.91909882117962,62.461906038481615],[-42.420365300671804,62.28601416226091],[-42.27136322547649,62.19441946621599],[-42.306195226208914,61.728881441313646],[-42.47826477576946,61.306762300688646],[-42.670330968396414,61.26428564663591],[-43.03725906898235,61.29165991421404],[-42.817120519177664,61.02562292690935],[-42.82441422034954,60.80161245938005],[-42.75409027625774,60.69687231655779],[-42.78493210365032,60.52916296597185],[-42.9272126822636,60.50099142666521],[-43.14993378211712,60.51450689907732],[-43.497086492078054,60.478969179350756],[-43.15411850501751,60.30526693936052],[-42.96204468299602,60.03407248135271],[-43.01451202918743,59.83288153286638],[-43.143570867078054,59.81878241177263],[-43.578778234021414,59.935687624174975],[-43.71973041143305,60.00371991495786],[-43.84796284556369,61.05825940923091],[-44.25808774116473,61.869878095613615],[-43.84796284556369,64.20612586086018],[-42.793355971161034,65.40311483729091],[-39.69494684817376,65.18696970170159],[-39.68630692054485,65.1705585348195],[-39.726918187634695,64.99653967495622],[-39.89782043983196,64.95292242642107],[-40.042374578015554,64.981471620757],[-40.253720250622976,64.96666296597185],[-41.06033417274212,65.03749426479997],[-40.827748265759695,64.89353521938982]]],[[[-47.630475011365164,60.59680517788591],[-47.82239243079876,60.778190218169115],[-47.86935516883587,60.939025484282396],[-47.96923157264446,61.036910616118334],[-48.20001694251751,61.141627870757006],[-48.567913976208914,61.2461429464406],[-48.915463414685476,61.42103537197771],[-49.14827438880657,61.77232702847185],[-49.116444554822195,62.10383185024919],[-49.20595261146282,62.17429693813982],[-49.401295629040945,62.21632345791521],[-49.61146256019329,62.1947399007863],[-50.04793259193157,62.31408270474138],[-50.09668442298626,62.356410585600756],[-50.15892883826946,62.462428652007006],[-50.095936742322195,62.66799124355974],[-49.889325109021414,62.84574469204607],[-49.85748383094524,62.966544710356615],[-49.97367950965618,62.99473150845232],[-50.22172638465618,63.00849493618669],[-50.465817418591726,63.05066641445818],[-50.59093567420696,63.14998587246599],[-50.616742101208914,63.434806429106615],[-50.8230867057011,63.49145849819841],[-51.10051819373821,63.46953924771013],[-51.365765538708914,63.726012788969896],[-51.35501572181438,63.81178244229021],[-51.26595017005657,63.92637213345232],[-50.98794647742962,64.09154089565935],[-50.439015355603445,64.2430911886281],[-50.2569245963261,64.37973364468279],[-50.04263397742962,64.4375720846242],[-50.019913640515554,64.6100574361867],[-50.14448257972454,64.73932226772966],[-50.3573999076054,64.69574316616716],[-50.771840062634695,64.6590076314992],[-50.99374863197063,64.6154285299367],[-51.27965637733196,64.42807348843279],[-51.52139755775188,64.3701892721242],[-51.80484863807415,64.23334082241716],[-51.95738312293743,64.37656744595232],[-51.940175023572195,64.65683325405779],[-51.991654363171804,65.00974615688982],[-52.084332433240164,65.21262701626482],[-52.07773300697063,65.37242468472185],[-52.18693634559368,65.51769598599138],[-52.41381165076946,65.48089178677263],[-52.536007848279226,65.49521978970232],[-52.83536240150188,65.65488775845232],[-53.10253998328899,65.87324865933122],[-53.10843369056438,66.03403814907732],[-52.72966095496868,66.27637823696794],[-52.61050125648235,66.26797827358904],[-52.86044403602337,66.3531986105031],[-53.34805389930462,66.32427557583513],[-53.39427277137493,66.45181616421404],[-53.22169968177532,66.53085669155779],[-52.916851964490164,66.54446753140154],[-52.65323730994915,66.56776770229997],[-52.448048558728445,66.60731085415544],[-52.30317017127727,66.90946539517107],[-52.84682938148235,66.93058355923357],[-53.104203191296804,66.90795477505388],[-53.26725861121868,66.92242010708513],[-53.397416081921804,66.99593695278826],[-53.4495629935429,67.08444555874529],[-53.34943100501751,67.2102542745656],[-53.25116440345501,67.2139392721242],[-53.170311894910085,67.28580816860857],[-52.97809692908977,67.31033667202654],[-53.146710362927664,67.39514502163591],[-53.39495941688274,67.36226233120622],[-53.494122472302664,67.47349890347185],[-53.46844574500774,67.55819281216326],[-53.43576141883587,67.61761816616716],[-53.31903549720501,67.6178470480031],[-53.18010803748821,67.6626468526906],[-52.80789658118938,67.77477606411638],[-52.25998398353313,67.73864325161638],[-51.87598511268352,67.66508062954607],[-51.52680298377727,67.65088232632341],[-51.3565339713261,67.59181555386247],[-50.93936249305462,67.52581366177263],[-50.53911897259659,67.48805571153352],[-49.472532842377866,67.03273287353856],[-49.06240794677684,64.7863184095137],[-47.65626544757329,62.79478134157128],[-46.13294440676946,61.75918500066533],[-46.15809589644378,60.937403792612976],[-46.195851293103445,60.93519552822771],[-46.33108612586712,60.87194403286638],[-46.53102585365032,60.89255865688982],[-46.97205444862102,60.86373861904802],[-47.15937134315227,60.85638006802263],[-47.41620346595501,60.72299536343279],[-47.630475011365164,60.59680517788591]]],[[[-160.9394989447178,63.98492305338062],[-161.00630661536908,64.15789373989763],[-161.37294479896283,64.46636541958513],[-161.3609971671269,64.50956305142107],[-160.94391342689252,64.52476843472185],[-160.7896623282597,64.64031561489763],[-160.90219589759565,64.81319006558122],[-161.12569138099408,64.9282947408742],[-161.29062363197065,64.96410711880388],[-162.13664719154096,64.78921850796404],[-162.5615129141972,64.60096319790544],[-162.80194565345502,64.47088202114763],[-163.02521225501752,64.44165381069841],[-163.88339706947065,64.59127386685076],[-164.26511093665815,64.60499914761247],[-164.59991928626752,64.61876257534685],[-165.17119308997846,64.54565008755388],[-165.74068161536908,64.5589862691945],[-166.34773727943158,64.63710363979997],[-166.58603378822065,64.73040350552263],[-166.66852280189252,65.0846210348195],[-166.6037950186894,65.15014990444841],[-166.31743332435346,65.16522558804216],[-165.86377426673627,65.16608008022966],[-165.66328903724408,65.2464862691945],[-166.1386613516972,65.35480078335466],[-166.9990586905644,65.49169500942888],[-167.60156723548627,65.6000018941945],[-168.1797990470097,65.69388922329607],[-168.0813340811894,65.74522741909685],[-167.73000046302533,65.8629642355031],[-167.02422043372846,65.95946844692888],[-166.42819687415815,66.10719641323747],[-165.99724289466596,66.2034183370656],[-165.52136704017377,66.36595495815935],[-165.09273239661908,66.46976050015154],[-164.46313950111127,66.59615667935076],[-163.78244492103315,66.53848608608904],[-163.85339829017377,66.30294378872576],[-163.84308334876752,66.17811163540544],[-163.37004562904096,66.10560186978044],[-162.75850388099408,66.06275519009294],[-162.27507492591596,66.07097967739763],[-161.97949692298627,66.1155506002492],[-161.6268205313847,66.22629126187029],[-161.37917038490033,66.35901220913591],[-161.26143356849408,66.39603003140154],[-160.9229631095097,66.36724432583513],[-160.58469101478315,66.316432558257],[-160.1252336173222,66.33931311245622],[-160.03540512611127,66.48662909146013],[-160.03227707435346,66.56761511440935],[-160.34265610267377,66.59653051968279],[-161.2183732657597,66.72757300015154],[-161.79561325599408,66.74863012905779],[-161.93573471595502,67.08837469692888],[-162.5987443595097,67.16118963833513],[-163.03088852454877,67.17517431851091],[-163.73874374915815,67.21832617397966],[-163.82597824622846,67.44821508999529],[-164.04396530677533,67.5890384542531],[-164.51266953040815,67.796657167632],[-164.74297043372846,67.86329229946794],[-165.93999191810346,68.1598163473195],[-166.84352585365033,68.40520819302263],[-166.70106979896283,68.480495058257],[-166.33539291908002,68.66138037319841],[-166.29680344154096,68.87961920376482],[-165.33554550697065,68.90401800747576],[-164.89020248939252,68.93497046108904],[-164.06718918372846,69.06467779751482],[-163.71423813392377,69.22388800259294],[-163.5107316641972,69.50418432827654],[-163.15620895911908,69.7627673971242],[-162.87912460853315,69.99906500454607],[-162.51103683997846,70.18374975796404],[-162.1772355704472,70.28422125454607],[-161.69739243079877,70.33124121304216],[-161.18759628822065,70.4398914205617],[-160.71655746986127,70.45616491909685],[-159.90466782142377,70.42692144985857],[-159.83911606361127,70.51173742886247],[-159.9095811515019,70.60412939663591],[-160.24831100990033,70.76563604946794],[-160.24033066322065,70.85846289272966],[-159.36935898353315,70.89876135464372],[-158.85516830970502,70.88426550503435],[-158.4168595938847,70.90831335659685],[-157.81194016029096,70.97140081997576],[-157.31787582923627,71.1584964620656],[-156.90474411536908,71.34585913296404],[-156.47401901771283,71.3544422018117],[-156.34712692786908,71.33133276577654],[-156.04321762611127,71.22303351040544],[-155.97292038490033,71.14548071499529],[-156.14545151283002,71.08307226772966],[-156.1379747061894,70.92808111782732],[-155.66579147865033,70.86703070278826],[-155.47481247474408,70.85190161343279],[-155.23369308997846,70.98398169155779],[-155.09985825111127,71.07726629849138],[-154.4612931876347,70.99315985317888],[-153.77106186439252,70.97122534390154],[-153.29306503822065,70.9489017355031],[-152.97116562415815,70.9340091573781],[-152.65120407630658,70.8185306417531],[-152.48952194740033,70.69520147915544],[-152.1371202140019,70.53390081997576],[-151.91501328040815,70.4957767355031],[-151.72560593177533,70.53467138882341],[-151.1442002921269,70.48183020229997],[-150.63855454017377,70.47509344692888],[-149.9385118155644,70.49947699185076],[-149.28632065345502,70.5392337667531],[-148.74062058021283,70.4940448629445],[-148.12077805091596,70.37976416226091],[-147.7235459952519,70.32667120571794],[-146.18263718177533,70.26810034390154],[-145.60702988197065,70.19242437954607],[-145.27254196693158,70.1163822042531],[-144.3603410391972,70.13342627163591],[-143.30757614661908,70.19675024624529],[-142.8024797110722,70.09034308071794],[-141.7039689688847,69.73443945522966],[-141.16135117103315,69.59894140835466],[-141.05925461341596,69.59546240444841],[-140.73939987708783,69.58456762905779],[-140.33456894447065,69.6232410299367],[-139.90065475990033,69.57098730679216],[-138.99545761634565,69.36829718228044],[-138.27507492591596,69.13548620815935],[-137.72852036048627,69.01584204312029],[-137.2608537345097,68.96400030728044],[-136.93156906654096,68.94952734585466],[-136.20306870033002,68.87561377163591],[-135.80328842689252,68.77105291958513],[-135.61018845130658,68.70377691860857],[-135.49577805091596,68.71902807827654],[-135.69887253333783,68.98949774380388],[-135.85951706458783,69.07965429897966],[-136.01494308997846,69.14723547573747],[-136.04396530677533,69.3359866964406],[-135.4391984610722,69.52628668423357],[-135.10397812415815,69.49662359829607],[-134.84383102943158,69.5273929464406],[-134.77597519447065,69.57298620815935],[-133.99483200599408,69.5062518941945],[-133.64763351966596,69.50691565151872],[-133.14131638099408,69.67456396694841],[-133.00215622474408,69.75827368374529],[-132.8031358390019,69.75862463589372],[-132.50795456458783,69.85788305874529],[-132.16646286536908,69.88893469448747],[-131.77655502845502,69.9276386129445],[-131.44623276283002,69.96627386685076],[-131.2355088858769,70.07374914761247],[-131.05905624915815,70.15834387417497],[-130.71191879798627,70.2050052511281],[-130.24182602454877,70.20590551968279],[-129.8494767813847,70.15069159146013],[-130.0497941641972,69.96887549038591],[-130.20801254798627,69.91536291714372],[-130.70325180579877,69.85365637417497],[-131.1946153311894,69.68578680630388],[-131.7543840079472,69.60890539761247],[-132.3032121329472,69.48670538540544],[-132.61789413978315,69.25174292202654],[-133.41318222572065,69.13702734585466],[-133.71957871009565,68.9178729879445],[-133.33893295814252,68.79822119351091],[-132.69037338783002,68.46158941860857],[-132.7889756827519,68.7090564596242],[-132.71330734779096,68.8670917379445],[-132.1749620108769,68.98101385708513],[-131.9994249015019,69.08687933560076],[-131.67297836829877,69.27615698452654],[-130.89580246497846,69.30025824185076],[-130.46362778236127,69.4674335348195],[-129.94267746497846,69.64258917446794],[-129.01314255286908,69.72018011685076],[-128.72375961829877,69.87253912563982],[-128.30908676673627,69.99500616665544],[-127.93980118324016,70.07992132778826],[-127.72553726722454,70.18759497280779],[-127.80552383949016,70.31023748989763],[-128.121151891248,70.48648413296404],[-128.41585251380658,70.686305605132],[-128.01105972816205,70.6407962667531],[-127.66734024574016,70.51815374966326],[-127.35170456458782,70.38026007290544],[-127.16631790687298,70.23468359585466],[-126.99711319495891,70.0204349386281],[-126.79519363929485,69.78502234097185],[-126.61845871497844,69.6791492330617],[-126.0578508048222,69.4605213033742],[-125.97399612952923,69.43039282437029],[-125.45461746741985,69.33309515591326],[-125.27735611488079,69.34096106167497],[-125.1877107291386,69.40919836636247],[-125.41768356849407,69.69653662319841],[-125.38623520423626,69.81800421353044],[-125.13956924964641,69.83365210171404],[-124.98927780677532,69.8947025167531],[-124.70693680335735,69.94081457729997],[-124.5343904166386,69.7816425191945],[-124.50809952308391,69.59213598843279],[-124.60000320960735,69.46324499722185],[-124.22530075599407,69.40343054409685],[-123.80283829261516,69.43445929165544],[-123.29193588783001,69.63985022183122],[-123.05067917396282,69.86033209438982],[-122.83527847816204,69.89112433071794],[-122.32606216956829,69.88448675747576],[-121.63505264808391,69.76427801724138],[-120.84985825111126,69.56864508267107],[-120.22155472327923,69.41844519253435],[-119.97896171213529,69.37805753048482],[-120.4025902968914,67.94746792457464],[-110.86015901801942,65.94354545380173],[-97.36110989181023,65.12429440026054],[-87.82447739136254,64.34703526339813],[-87.43523117591594,64.568873964507],[-87.9917878775761,64.25168188687029],[-88.3770646720097,64.0573230611867],[-88.7044572501347,63.985065065581225],[-89.07741257240032,63.96287115688982],[-89.49484726478313,64.01940497036638],[-89.97269150306438,64.19054754849138],[-89.99451157142376,64.03280218716326],[-90.00580307533001,63.9038577901906],[-89.86152359534954,63.6466556417531],[-89.87039658118938,63.57521780605974],[-90.20366379310344,63.56135138149919],[-90.22967239906048,63.56026419277849],[-90.8438615470097,63.609088503081225],[-91.5861711173222,63.793544374663256],[-91.98384567786907,63.82856329556169],[-93.31687637855266,63.97362097378435],[-92.3510408072636,63.58483465786638],[-91.64173599769329,63.51474722500505],[-91.02674576331829,63.39461477871599],[-90.77393814613079,63.302386842924975],[-90.62544724036907,63.181544862944506],[-90.6305818228886,63.09612616177263],[-90.9196443228886,62.94618948574724],[-91.41749283363079,62.852889620024584],[-92.06037613441204,62.88721426602068],[-92.29017349769329,62.9152103292531],[-92.45530411292766,62.7941051351613],[-91.8908586173222,62.6035533773488],[-92.10219284583782,62.411822878081225],[-92.5791902213261,62.269340120512865],[-93.23328873206829,61.971297823149584],[-93.42261978675579,61.858031831938646],[-93.3245744376347,61.54114111538591],[-93.46560379554485,61.435348116118334],[-93.87430283118938,61.343192659575365],[-94.01383682777141,61.21648748989763],[-94.25195023109173,60.92843588467302],[-94.37603470374798,60.79513510342302],[-94.48430344154094,60.49420889492693],[-94.60756393958782,60.24970587368669],[-94.75318619300579,59.94999273892107],[-94.72808548499798,59.762904726225756],[-94.80027481605266,59.513549410063646],[-94.74500748206829,59.119803987700365],[-94.68383499671673,58.87849386807146],[-94.41486069251751,58.71365316982927],[-94.30231186439251,58.70698507900896],[-94.18649765540813,58.66588934536638],[-93.88757034827923,58.65957983608904],[-93.36378952552532,58.701869569975756],[-93.23948380042766,58.68147238369646],[-93.07417770911907,58.55101355190935],[-92.88842484046673,58.207694612700365],[-92.52271744300579,57.687274538237475],[-92.42361923743938,57.386466585356615],[-92.48305222083782,56.97671469326677],[-92.40409578747519,56.97508393725052],[-92.71141469288669,56.83125797836517],[-93.82461083808953,56.86329884105465],[-102.14428729171048,57.21394132630312],[-111.28421353653351,58.55314202309659],[-114.56521270134176,60.59956315497872],[-118.19774749095093,62.712635573894396],[-124.93551363296793,64.83463268032534],[-132.43494029538678,62.496969371290604],[-139.52424206220468,62.41569007667785],[-140.05179264318338,62.49514157669758],[-144.68009789261768,63.19218524961806],[-150.1289000770314,63.324002732781025],[-160.9394989447178,63.98492305338062]]],[[[-89.7355851798222,68.53431280728044],[-90,68.36909826870622],[-90,68.37464344694608],[-89.7355851798222,68.53431280728044]]],[[[-66.54037949134563,75.97068365688982],[-66.56342026283001,75.928737245757],[-67.03665634681438,75.93623694058122],[-67.61905380775188,76.0189700948781],[-69.04484268714641,76.29375799771013],[-68.35297104408001,76.54862555142107],[-68.1443986563847,76.59984930630388],[-68.18594070960735,76.70160254116716],[-68.37633987952923,76.77777441616716],[-68.85623642493938,76.78535803433122],[-69.85101028968548,76.79198797817888],[-70.21667191077923,76.82532843228044],[-70.49995132972454,76.8333240377492],[-71.05698868324016,77.02849920864763],[-71.44827744056438,77.12186010952654],[-71.18388077308391,77.25953253384294],[-70.61842056800579,77.27779730435076],[-69.25207230140423,77.21171148892107],[-68.34064194251751,77.19630774136247],[-67.73630234290813,77.18888434048357],[-66.7837800650761,77.2593265401906],[-66.30934616615032,77.35474737759294],[-66.17778488685344,77.39800604458513],[-66.1534089713261,77.5531726705617],[-66.43559738685344,77.68224676724138],[-66.80472275306438,77.77682074185076],[-67.3522843985722,77.70645483608904],[-67.85181137611126,77.5930896627492],[-68.44123550941204,77.58333929653826],[-68.95322128822063,77.6342273580617],[-69.29207321693157,77.59898718472185],[-69.68751999427532,77.5550800191945],[-69.9936418204472,77.5803943502492],[-70.37952133704876,77.66610296841326],[-70.67803665687298,77.83014258022966],[-71.04520889808391,77.91627081509294],[-71.34299942542766,77.9417987691945],[-71.66946884681438,77.9151111471242],[-71.88843246986126,77.94943579312029],[-72.5253801016972,78.16613348599138],[-72.5452775626347,78.3235355245656],[-72.38322922279094,78.52572973843279],[-72.0187654166386,78.57922705288591],[-71.46276566077923,78.62432440396013],[-70.78020187904094,78.68733557339372],[-69.84684464027141,78.75975378628435],[-69.26627060462688,78.7961917745656],[-68.83852860023235,78.97410925503435],[-68.34851547767376,79.0904804098195],[-67.96912857581829,79.12678869839372],[-66.85430618812298,79.12891729946794],[-66.35871597816204,79.1743656026906],[-65.48489090491985,79.15823706265154],[-65.30409714271282,79.22092016812029],[-65.16448685218548,79.3103748189992],[-64.89053818275188,79.3823734151906],[-64.79951187659954,79.67840155239763],[-64.67545792152141,79.90390356655779],[-64.62318131019329,79.94921454067888],[-65.02371689368938,80.05176886196794],[-65.89964005042766,80.06920965786638],[-66.41940781165813,79.98192938442888],[-66.85121628333782,80.03850897427263],[-67.41029068519329,80.2107425558156],[-67.14280411292766,80.56214483853044],[-66.52167984534954,80.71127661343279],[-65.24133774329876,80.87276800747576],[-64.60832687904094,80.9739490377492],[-63.72541138221477,81.08617743130388],[-62.81141255638844,81.15595684596342],[-63.35819002201287,78.2356337190557],[-62.44868119723538,76.33836403843989],[-62.467633214490164,76.3399921285695],[-62.91620728065227,76.36447485562029],[-63.65076920081829,76.37993963833513],[-64.00380035926555,76.29492529507341],[-64.4733552603886,76.25186499233904],[-64.83591934730266,76.16703375454607],[-65.47452255775188,76.09859808560076],[-66.02683731605266,76.1731677877492],[-66.68391892005657,76.30668219204607],[-66.54037949134563,75.97068365688982]]],[[[-90.15305801917766,74.62996252651872],[-90.20365616370891,74.64215429897966],[-90.52029892493938,74.71844061489763],[-91.05400558997844,74.97726782437029],[-90,74.71844061489763],[-90,74.64215429897966],[-90,74.62996252651872],[-89.69807907630657,74.61462744351091],[-90.15305801917766,74.62996252651872]]],[[[-90.20364853431438,75.96699865933122],[-90.18295761634563,75.96777685757341],[-90.05632831416011,75.95130924483698],[-90.41722050141492,75.95886416115277],[-90.20364853431438,75.96699865933122]]],[[[-54.72269150306438,70.08692511196794],[-54.59369751502727,70.24023779507341],[-54.42833801795696,70.2481952535695],[-54.13745972205852,70.18746527310076],[-53.61670013953899,70.15783270474138],[-53.037491765515554,70.03655584927263],[-52.701188054578054,69.91539343472185],[-52.433556523816335,69.870387636382],[-52.08398529578899,69.772487245757],[-51.81285187293743,69.62156256313982],[-51.87741180946087,69.53068121548357],[-51.927941289441335,69.51549109097185],[-52.172604527966726,69.49234350796404],[-52.52107712318157,69.47657354946794],[-52.86744019080852,69.39284094448747],[-53.321713414685476,69.32408484097185],[-53.55149933387493,69.27841528530779],[-53.80711456824993,69.33826788540544],[-54.125260320203054,69.48115881558122],[-54.48590179969524,69.56363257046404],[-54.57440277625774,69.60885199185076],[-54.68687531043743,69.70702704067888],[-54.72269150306438,70.08692511196794]]],[[[-59.18075653602337,53.51914175625505],[-58.64011093665813,53.867675386626146],[-58.07691666175579,54.08285864468279],[-57.56114288856243,54.13071020718279],[-57.2630395560429,54.02418097134294],[-57.105824437634695,53.870631777007006],[-57.285199132458914,53.66976126309099],[-57.268944707410085,53.616324983794115],[-57.13083359290813,53.48302801724138],[-56.85379883338665,53.58374365444841],[-56.64929291297649,53.65759619351091],[-56.35446259071087,53.57132300015154],[-56.12695583342671,53.46584387832734],[-58.78822689960135,52.57259027862411],[-60.1714630701033,53.29857710058178],[-59.71703430701946,53.4313121664113],[-59.47287079383587,53.471854768950365],[-59.18075653602337,53.51914175625505]]],[[[168.13549806605704,67.45778023799447],[155.89216029229675,68.16901029658281],[130.86731605142418,69.90104204211539],[124.54383390453704,71.58610355723228],[123.5007008987776,73.50494943844788],[124.22215560386921,73.69691046353044],[124.45666793297077,73.70529516812029],[124.8176603646114,73.658229433257],[125.3346281380489,73.5240741598195],[125.71732619713093,73.39780005093279],[126.48701766441609,73.38340338345232],[127.0968351692989,73.41625555630388],[127.71956160972859,73.4015384542531],[128.3147840828731,73.20751532192888],[128.49888137291217,73.12594183560076],[128.52492812584185,72.9523425924367],[128.29104140709185,72.91247900601091],[128.17055800865435,72.89652594204607],[127.31350234459187,72.71388586636247],[126.2164411873653,72.38231238003435],[126.11130050133015,72.28037603970232],[126.22529891441609,72.24934729214372],[126.69000533531452,72.21892889614763],[127.12090590904499,72.21193274136247],[127.41754439781452,72.14218481655779],[127.71409896324421,72.01011236782732],[128.1701307625606,71.83187445278826],[128.43249038170123,71.75462683315935],[128.7835340828731,71.53804358120622],[129.35520461509967,71.1756854879445],[130.1717176766231,70.81534918423357],[130.77927688072467,70.67834051724138],[131.05480483482623,70.68650396938982],[131.4126844734981,70.86376532192888],[131.79166701744342,71.18792303677263],[132.28361037681842,71.66087683315935],[132.55375197838092,71.80897101040544],[132.68426040123248,71.80141028042497],[132.7906141609981,71.59201391812029],[133.13840774009967,71.45321234341326],[133.7439070076778,71.32284887905779],[134.24135878990435,71.26194342251482],[134.62290481041217,71.30131109829607],[135.51061538170123,71.51182135220232],[135.86063674400592,71.54344519253435],[136.22661879966998,71.51315649624529],[136.7650251717403,71.40578039761247],[137.62967971275592,71.07541998501482],[137.77126601646685,71.0988269674367],[137.8549452156856,71.12980230923357],[138.07578566978717,71.24595221157732],[138.17544082115435,71.3620105611867],[138.11381057213092,71.38510473843279],[138.1193952889278,71.47020300503435],[138.44611648033404,71.61027105923357],[138.67487624595904,71.61844977017107],[138.89985183189654,71.50264319058122],[139.15876296470904,71.41796454067888],[139.7444715828731,71.40359839077654],[139.8256941170528,71.62836035366716],[139.73856643150592,71.83789404507341],[139.80597976158404,72.00147589321794],[139.84789565513873,72.23560675259294],[139.33877089927935,72.1643558370656],[139.04995253990435,72.16382177944841],[138.96934035728717,72.2105213033742],[139.16831496666217,72.34379156704607],[139.31179336021685,72.38319738979997],[139.75561049888873,72.42317541714372],[140.21502211998248,72.43185003872576],[140.5890760750606,72.49523504849138],[141.29397109459185,72.78707464810076],[141.40839675377154,72.78729590054216],[142.20023635338092,72.67872198696794],[142.90252211998248,72.617213808257],[143.81882766197467,72.53262671108904],[144.26743606041217,72.50207861538591],[144.56183913658404,72.45562323208513],[145.59995559166217,72.42622717495622],[144.82036879966998,72.14334448452654],[145.2095594734981,72.1206775533742],[145.66462233970904,72.16052588101091],[145.81499770591998,72.09839972134294],[145.6781874031856,71.92672308560076],[145.26140883873248,71.8403812276906],[144.88077834556842,71.72314795132341],[144.80126479576373,71.5911136495656],[145.10038283775592,71.57618292446794],[145.33378127525592,71.63085516567888],[145.74624160240435,71.69371374722185],[146.18606093834185,71.84209784146013],[146.9151258797481,72.20190008755388],[148.15946486900592,72.19639929409685],[148.6979627938106,72.1661868917531],[149.10447219322467,72.08892401333513],[149.53032973716998,72.02736242886247],[149.62253859947467,71.94185980435076],[149.72198012779498,71.89520605679216],[148.71085647056842,71.62939795132341],[148.9621687264278,71.56785925503435],[149.7154188484981,71.4376483785695],[150.69370559166217,71.34668310757341],[151.1194715828731,71.25476416226091],[151.47996047447467,71.08581122036638],[151.64484694908404,70.89377936001482],[151.89907363365435,70.73301275845232],[152.13401320884967,70.66443213101091],[152.79058364341998,70.68098791714372],[153.4044294686153,70.72815283413591],[153.91649917076373,70.79046972866716],[155.04923537681842,70.9385486471242],[156.0431776375606,70.98655279751482],[157.39641860435748,70.927516542632],[158.07795241783404,70.86731299038591],[158.40867141197467,70.81418951626482],[158.93413833091998,70.62346991177263],[159.2292127938106,70.54745062466326],[159.46557143638873,70.39498480435076],[159.62790969322467,70.21980627651872],[159.57267287681842,69.99896582241716],[159.4438124031856,69.76456030483904],[159.67295363853717,69.6519275533742],[160.0166120858028,69.62243231411638],[160.39239028404498,69.61560400601091],[160.6816053719356,69.57847937222185],[160.6740370125606,69.27026709194841],[160.86234572838092,69.08311804409685],[161.17081740806842,69.15864904995622],[161.4161024422481,69.35423620815935],[161.96099379966998,69.52816351528826],[162.1177625984981,69.55855902310076],[162.27485183189654,69.5362811910695],[163.03823378990435,69.54520758267107],[163.72240737388873,69.6744876730031],[164.05369094322467,69.66003759976091],[164.31817153404498,69.46485479946794],[164.63646987388873,69.41282232876482],[165.33014968345904,69.40657385464372],[166.30924514244342,69.37832983608904],[166.70035842369342,69.43165930386247],[167.3200788826778,69.65857275601091],[167.50323012779498,69.56856115933122],[167.92161086509967,69.32873877163591],[168.09997085045123,69.23150213833513],[168.5924177498653,69.11246069546404],[168.98606399009967,68.96339758511247],[169.11321547935748,68.784205995757],[169.38860610435748,68.71748694058122],[170.08889296959185,68.77854498501482],[170.83280471275592,68.9219470846242],[170.9048719734981,69.03432043667497],[170.79320815513873,69.18400152798357],[170.43130019615435,69.55891760464372],[170.05626967857623,69.61091955776872],[170.2362928719356,69.76195105190935],[170.45170119713092,70.0192142355031],[171.30224135826373,69.97523077603044],[171.84838393638873,69.93847998257341],[172.35924819420123,69.9092288839406],[172.9081678719356,69.8347659933156],[173.00828078697467,69.69170721646013],[173.63665297935748,69.76070746060076],[174.57445815513873,69.7850604879445],[175.6109724373653,69.77942999478044],[176.19217971275592,69.71265753384294],[176.54601577232623,69.62294348354997],[177.07915786216998,69.53360327358904],[177.70499709556842,69.48964270229997],[178.04284194420123,69.40761145229997],[178.62885573814654,69.25851782437029],[178.96496108482623,69.22913702603044],[179.28148940513873,69.14725836392107],[180,68.91989477749529],[180,67.96313055630388],[180,66.96313055630388],[180,65.96313055630388],[180,65.38163336392107],[180,65.31103094692888],[180,65.05193670864763],[180,64.95347937222185],[179.30910781334185,64.78647192593279],[179.01597121666217,64.77292975063982],[178.72602370689654,64.60632666226091],[178.4738417000606,64.57721289272966],[178.00438979576373,64.54774054165544],[177.8441267342403,64.58320959683122],[177.42666152427935,64.6067386495656],[177.37353042076373,64.76135595913591],[177.25146010826373,64.8561054098195],[177.0262556404903,64.84421881313982],[177.1346540779903,64.9274402486867],[176.71245864341998,64.78165777798357],[176.33170607994342,64.77292975063982],[176.18017104576373,64.8679920064992],[175.9650526375606,64.90365942593279],[176.15595534752154,64.6779285299367],[175.89977553795123,64.54742773647966],[176.04404738853717,64.50115545864763],[176.4677839608028,64.4089847433156],[176.75323012779498,64.57114752407732],[176.93052199791217,64.5528827535695],[177.08159926841998,64.51739843960466],[177.08158400963092,64.30297430630388],[177.19323256920123,64.2103534566945],[177.53472426841998,64.08968695278826],[178.01113418052935,64.19211157437029],[177.81341079185748,64.0474353658742],[178.14725783775592,64.15663488979997],[178.17650893638873,64.0053211080617],[178.28776076744342,63.91291388149919],[178.37162307213092,63.749381624419115],[178.40261367271685,63.66409262295427],[178.07767775963092,63.42905005093279],[178.3443708748653,63.45795782681169],[178.50112441490435,63.380187593657396],[178.7139540047481,63.153731905180834],[178.93949416588092,63.08333548184099],[179.0042829842403,62.970199190337084],[178.93163588951373,62.765067659575365],[179.28769973228717,62.81507834072771],[179.2317762703731,62.63853796597185],[179.24216750572467,62.52569922085466],[179.04876235435748,62.3913951742238],[178.73766616295123,62.29927023525896],[178.4518690438106,62.31985434170427],[178.25026992271685,62.382873140532396],[177.69097426841998,62.45226629849138],[177.29084304283404,62.48678549404802],[177.13486770103717,62.5499645101613],[177.19034865806842,62.67001303311052],[176.9683485359981,62.69078405972185],[176.83198073814654,62.676410280424975],[176.58050063560748,62.42905005093279],[176.54911330650592,62.3796878683156],[175.17263320396685,61.96908529873552],[174.6526747078731,61.89086493130388],[174.54230788658404,61.89065512295427],[174.3487196297481,61.79903372402849],[174.25043776939654,61.71468313809099],[173.9267683358028,61.61596258755388],[173.48090651939654,61.601100527007006],[173.34258559654498,61.55182226772966],[173.12633803795123,61.36941488857927],[172.91828444908404,61.278129183012865],[172.4924421639278,61.263324342924975],[172.1081648201778,60.98328360195818],[172.0000868172481,60.85757406826677],[171.24840835045123,60.65417822476091],[171.07238295982623,60.45214422817888],[170.51969436119342,60.33994253750505],[170.34409823134902,60.27960975244485],[169.48091979943723,61.192640399715565],[172.4408476128738,63.07842210456581],[171.76813674618367,65.85917681241212],[168.13549806605704,67.45778023799447]]],[[[-169.87270065833783,66.08316382046404],[-169.8324327140019,66.0245624410695],[-169.98691269447065,66.00963934536638],[-170.44873520423627,66.05273779507341],[-170.6126603751347,66.03776129360857],[-170.97617050697065,65.67843969937029],[-171.6685685782597,65.88923987026872],[-171.6064805655644,65.80885656948747],[-171.40962692786908,65.70685156460466],[-171.2003068595097,65.56117590542497],[-171.73003098060346,65.61127050991716],[-172.1836290030644,65.58850439663591],[-172.72432419349408,65.76287420864763],[-173.04314133216596,65.80616339321794],[-172.98259445716596,65.74776037808122],[-172.85268112708783,65.63107641812029],[-172.8146867423222,65.63114508267107],[-172.56233688880658,65.51480444546404],[-172.47015854408002,65.37645300503435],[-172.41122910072065,65.17272528286638],[-172.4365586905644,65.020045839507],[-172.8027238516972,64.99756201382341],[-173.16508957435346,64.96792944546404],[-173.2504014640019,64.89551123257341],[-173.02515121986127,64.50645788784685],[-173.0770158438847,64.3839832174367],[-173.54488083411908,64.4190936910695],[-173.72377487708783,64.38278540249529],[-174.26068588783002,64.46094092007341],[-174.37944504310346,64.6192127096242],[-175.18715378333783,64.84854467983904],[-175.30087753822065,64.72565039272966],[-175.8273820548222,64.93402441616716],[-175.95168015052533,65.0061756002492],[-176.07092758704877,65.18765600796404],[-175.99268051673627,65.2678714620656],[-176.13722702552533,65.45704229946794],[-176.52850815345502,65.60957678433122],[-176.7827500968144,65.63828619595232],[-177.12561508704877,65.62305029507341],[-177.51186081458783,65.52012213345232],[-178.11627670814252,65.4824939596242],[-178.65353867103315,65.5398670064992],[-178.6272325186894,65.68596991177263],[-178.69694992591596,65.83212622280779],[-178.9750871329472,66.05139502163591],[-179.3785752921269,65.99599035854997],[-179.58118149329877,65.81180151577654],[-180,65.2592273580617],[-180,65.31103094692888],[-180,65.381618105132],[-180,65.96313055630388],[-180,66.96313055630388],[-180,67.96313055630388],[-180,68.91692694302263],[-178.89124008704877,68.64245184536638],[-178.1291856436894,68.37364538784685],[-177.7093858390019,68.29199560757341],[-175.9905900626347,67.84674414272966],[-175.51398178626752,67.66881140347185],[-175.4221543936894,67.60198553677263],[-175.38904282142377,67.50534399624529],[-175.18892380286908,67.31261023159685],[-175.00623032142377,66.95733221646013],[-175.10054489661908,66.76504858608904],[-174.6351670890019,66.40478857632341],[-174.19333359290815,66.28795965786638],[-174.2020158438847,66.36881598110857],[-174.0682725577519,66.43529089565935],[-174.09120651771283,66.5235858785695],[-174.37830063392377,66.699977480132],[-174.37114426185346,66.94374426479997],[-174.33661362220502,67.07699926968279],[-173.87494370033002,67.1593280660695],[-173.43222519447065,67.03428228970232],[-173.17439743568158,66.99037512417497],[-172.82922836829877,66.96141394253435],[-172.3779649405644,67.01405676479997],[-171.9579972891972,66.95566900845232],[-171.5396623282597,66.76436194058122],[-171.22723862220502,66.60267218228044],[-170.4731340079472,66.29494055386247],[-170.32910629798627,66.25848730679216],[-170.06616684486127,66.1781726705617],[-169.87270065833783,66.08316382046404]]]]}},{"type":"Feature","properties":{"name":"Britany","subject":"Britany","partOf":"Britany","borderPrecision":1,"color":"#b69578"},"geometry":{"type":"MultiPolygon","coordinates":[[[[-1.999109269065851,48.67695685862887],[-1.75196905427781,48.17821145459153],[-2.010361521016347,47.745650369834415],[-2.575529757440609,47.32396831560688],[-2.576483931931275,47.324866853669924],[-2.465543475540894,47.49438437075977],[-2.613652196320313,47.572249971345705],[-2.663611,47.512772],[-2.842474189194458,47.49190481753711],[-2.694723,47.634995],[-2.925333,47.581051],[-3.062696423920411,47.60393866153125],[-3.119722,47.598328],[-3.131389,47.475273],[-3.157222,47.613884],[-3.433526244553345,47.71681173892383],[-3.711868014725464,47.79814871402149],[-3.858102050217408,47.79180868716602],[-3.954837766083497,47.90433844180469],[-4.215,47.79860700000012],[-4.364373650940674,47.82931097598438],[-4.390935388001221,47.94184836001758],[-4.510127511414307,47.99813040347461],[-4.675397363098877,48.01689489932422],[-4.700306382569092,48.06380423159961],[-4.312866177948731,48.10133322329883],[-4.275556,48.151939],[-4.350984063538331,48.204566560701174],[-4.474723,48.242218],[-4.555834,48.174995],[-4.623889,48.281944000000124],[-4.531389,48.33805100000012],[-4.550834,48.303055],[-4.186111,48.299995],[-4.44213,48.341755],[-4.440556,48.354996],[-4.605278,48.344719],[-4.752778,48.33332800000011],[-4.779634442719239,48.354774080232424],[-4.790278,48.421387],[-4.761963334473389,48.55200155825977],[-4.631945,48.57972000000012],[-4.589723,48.55999800000012],[-4.536945,48.63638300000014],[-4.354167,48.674164],[-3.998872962387818,48.73053701968555],[-3.902217355164307,48.64596136660938],[-3.821306434067505,48.721149049714846],[-3.607873406800049,48.692950807527346],[-3.531945,48.739166000000125],[-3.557670083435791,48.810077272371096],[-3.435057845505494,48.83645971866016],[-3.091225352677125,48.87155111880664],[-2.914459433945435,48.70678671450977],[-2.685278,48.501663],[-2.418334,48.65361000000013],[-2.307222,48.67610900000011],[-2.128334,48.638611],[-2.039611,48.596886],[-1.999109269065851,48.67695685862887]]]]}},{"type":"Feature","properties":{"name":"Sami","subject":"Sami","partOf":"Sami","borderPrecision":1,"color":"#8f9a74"},"geometry":{"type":"MultiPolygon","coordinates":[[[[14.249693761508839,65.93163953907721],[20.32555504438516,69.22230039173192],[20.33943582238423,69.39964115434611],[20.552685770495184,69.52190741177263],[20.733939203722723,69.77918585415544],[21.102726969225653,69.81769140835466],[21.41196349571491,70.01541479702654],[21.608561548693427,69.96254309292497],[21.908072504503973,69.80404242153826],[22.163310083849677,70.09311255093279],[22.306448969347723,70.21561773892107],[22.74557403038288,70.1706043111867],[23.203606638415106,69.9427753316945],[23.292468103869208,70.01129492397966],[23.508408579333075,70.27907141323747],[23.827288660509833,70.47883947964372],[23.954854044420966,70.50205572720232],[24.207715067370184,70.47186621304216],[24.35961440513874,70.61029394741716],[24.570508036120184,70.7413822042531],[24.849038156969794,70.82660254116716],[25.389031443102606,70.90462835903826],[25.83205512474323,70.89776190396013],[25.230692896349677,70.55818518276872],[25.122424158556708,70.43524511929216],[25.074080500109442,70.14438208218279],[25.26302436302448,70.10654791470232],[25.574040445788153,70.3671375143117],[26.2627172798946,70.79074438687029],[26.60651687095905,70.9146228658742],[26.619105371935614,70.79908331509294],[26.617423090441473,70.39204748745622],[26.93435004661823,70.4692874776906],[27.131081614001044,70.5770755636281],[27.516011270983466,70.97030981655779],[27.947543177111395,71.01741369839372],[28.211159739001044,71.01790960903826],[28.30841353843952,70.94864996548357],[28.136439356310614,70.83272894497576],[27.985291513903388,70.71700628872576],[28.01892951439167,70.60945471401872],[27.875399622423895,70.42505987759294],[28.289725336535223,70.37221106167497],[28.388907465441473,70.57175024624529],[28.794812235338934,70.864772402007],[28.98433783958698,70.85741003628435],[29.741230997545966,70.60498388882341],[30.04143813560749,70.5441394674367],[30.461960825426825,70.53725012417497],[30.754202875597723,70.43041571255388],[30.798840555651434,70.30796393032732],[30.251879724962958,70.13114508267107],[29.734896692736395,70.1148944723195],[28.730080637438544,70.13592871304216],[28.81709388206745,70.09791906948747],[29.08001998375202,69.9612308370656],[29.55593207786823,69.8334003316945],[29.728575739367255,69.69756659146013],[30.055806192858466,69.72085913296404],[30.361294779284247,69.76681097622576],[30.735358271105536,69.75236090298357],[31.05378249595905,69.63959082241716],[31.33127501915241,69.66276129360857],[31.782200846178778,69.77701910610857],[32.07155898521687,69.8834949361867],[32.07601073692585,69.8153568136281],[32.190562281115305,69.64171179409685],[32.35172561119343,69.51367529507341],[32.59630874107624,69.42361792202654],[33.00963118980671,69.38669165249529],[33.28056624840046,69.34201391812029],[33.31560042808796,69.07128485317888],[33.628375086291086,69.21468695278826],[33.81804564903523,69.19247778530779],[34.30514815758015,69.1708255636281],[34.698889765246165,69.16405066128435],[34.93413833091999,69.149440370757],[35.43655303428913,69.15035589810076],[36.01827910850788,69.023707948882],[37.24586394737507,68.79349859829607],[37.68857863853718,68.62961157437029],[38.406443628771555,68.24269446011247],[38.66845229576374,68.14634283657732],[39.33470824669148,68.0359378683156],[39.91807082603718,67.9403797018117],[40.826052698595774,67.66004522915544],[40.973391565783274,67.5343738424367],[40.9508276314571,67.33465918179216],[41.01687148521687,67.20186194058122],[41.20882705162312,67.06946142788591],[41.25529769371296,66.93697699185076],[41.14697173546101,66.78226812954607],[40.83637908409382,66.56139715786638],[40.34514907310749,66.31864508267107],[39.977522882921946,66.20091589565935],[39.19002822349812,66.03870733853044],[38.78211120079304,66.00145300503435],[38.047869715197336,66.0073734151906],[37.42243102501179,66.0938220846242],[36.505225214464915,66.17248877163591],[35.771746668322336,66.25886877651872],[35.16772368858601,66.41150244351091],[34.15295318077351,66.62963446255388],[33.6512785286739,66.6801029073781],[33.43749144981648,66.70173987026872],[33.157725367052805,66.9144779073781],[32.990950617296946,66.987819277007],[32.64433959434773,67.04610022183122],[32.21943572471882,66.99374731655779],[32.3578214974239,66.92032965298357],[32.424727472765696,66.89102514858904],[32.75353911827351,66.64904364224138],[32.970862421496165,66.58338507290544],[33.469668421252024,66.31309851284685],[33.844214472277415,66.18213995571794],[34.07609592460221,66.14166569848027],[34.258494410021555,66.10982855435076],[34.54369643638874,66.00083502407732],[34.726172480089915,65.79697760220232],[34.725588831408274,65.61499365444841],[34.72611897050977,65.78029310527337],[25.195617809103457,65.26795101619156],[25.18612578819538,65.24265631313982],[25.217312106371267,65.32576281545117],[25.25150779197956,65.41688879604997],[25.103611978991278,65.54012640591326],[24.591139826281317,65.58278235073747],[24.214800867541083,65.78590735073747],[23.947732004626044,65.7966800558156],[23.844082865221747,65.79847296353044],[23.405688318712958,65.72483404751482],[23.204020533068427,65.68075140591326],[22.798161539538153,65.85482367153826],[22.645554575426825,65.93478735562029],[22.48980239341999,65.88341864224138],[22.201569590075263,65.71528967495622],[21.95748237083698,65.44573553677263],[21.818726572497138,65.38013800259294],[21.52232840965534,65.37231024380388],[21.27734664390827,65.21227606411638],[21.423712763293036,65.10388525601091],[21.48944953392292,65.0171619283742],[21.329442057116278,64.89435156460466],[20.92119315574909,64.71382483120622],[21.064322504503973,64.59199865933122],[21.237046274645575,64.52054175015154],[21.385829004748114,64.38455542202654],[21.048895868761786,64.2191654073781],[20.873273399290944,64.03282247139006],[20.866480860216864,64.02561529751482],[20.70065978477741,63.81812628384294],[19.9848852486446,63.51726873989763],[19.670275721056708,63.388541780669115],[19.465012583239325,63.480704866606615],[19.318224939806708,63.44482763882341],[19.25240016088994,63.37899456924066],[19.075926813586005,63.202498995024584],[18.784991297228583,63.13801153774919],[18.486624750597723,62.98124273892107],[18.388949427111395,62.85337408657732],[18.30319121788288,62.78942450161638],[17.967440638048895,62.774623476225756],[17.868168863756903,62.788619600493334],[17.93625548790241,62.54800375576677],[17.718112024767645,62.356734834868334],[17.290240320666083,62.4407230245656],[17.387362513048895,62.20076712246599],[17.496771845324286,62.088100038725756],[17.3869734139278,61.65843542690935],[17.162642511828192,61.62990530605974],[17.065176996691473,61.5383792745656],[17.15018943260456,61.19770773525896],[17.14620879600788,60.95282705898943],[17.317627939684638,60.753070436674975],[17.19783645683182,60.679989864382286],[12.28793213528174,59.23726433654701],[12.98153183409739,63.16296555586825],[13.80223460706256,64.95473864599263],[14.249693761508839,65.93163953907721]]]]}},{"type":"Feature","properties":{"name":"Emirate of Sicily","subject":"Emirate of Sicily","partOf":"Emirate of Sicily","borderPrecision":1,"color":"#b47c6f"},"geometry":{"type":"MultiPolygon","coordinates":[[[[12.51664451072956,37.91916998501482],[12.66432574699665,38.07249792690935],[12.78283980797077,38.11737784023943],[13.065952333910712,38.0669322835988],[13.32247546623493,38.220511995512865],[13.627963098986395,38.02980764980974],[13.809530291064032,37.966415010649584],[14.134472879870184,37.97345312710466],[14.765865358813056,38.05761297817888],[15.386741671068915,38.20554693813982],[15.453687700732,38.16741522427263],[15.47289279411579,38.11005743618669],[15.422523531420477,38.05257376309099],[15.181032213671454,37.68228109951677],[15.112180742724188,37.4590335714406],[15.116248163683661,37.286944948393725],[15.30134681175495,37.0578990804738],[15.22063163231159,37.00037726040544],[15.027343782885321,36.745116792876146],[14.942398104174384,36.7385631429738],[14.6220226616695,36.776141725737475],[14.215912851794013,37.04932364102068],[13.868404421313056,37.15695150967302],[13.011567148669013,37.524894319731615],[12.636879000170477,37.581500612456225],[12.53203586052204,37.638671480376146],[12.454147371752509,37.766009889799975],[12.51664451072956,37.91916998501482]]]]}},{"type":"Feature","properties":{"name":"Byzantine Empire","subject":"Byzantine Empire","partOf":"Byzantine Empire","borderPrecision":1,"color":"#8aa0a8"},"geometry":{"type":"MultiPolygon","coordinates":[[[[25.789157796122215,36.40489303146257],[25.872782270282734,36.35592882884054],[25.76635112135116,36.33755930622052],[25.713135546885383,36.34980613615219],[25.73594222165643,36.38653506822634],[25.789157796122215,36.40489303146257]]],[[[25.37103542531962,36.49661778527289],[25.492671024098556,36.42324665835019],[25.492671024098556,36.331435169041356],[25.386239875166982,36.319185450416924],[25.31781985085383,36.39877419215787],[25.3330243007012,36.45994089964729],[25.37103542531962,36.49661778527289]]],[[[25.751146671503797,36.78331883149609],[25.751146671503797,36.81375611186905],[25.857577820435367,36.83809722624421],[25.94880451951957,36.91107409621058],[26.024826768756405,36.95968659606273],[26.085644568145874,36.89891612690345],[25.956406744443257,36.84418129487496],[25.834771145664316,36.78331883149609],[25.751146671503797,36.78331883149609]]],[[[24.42835953478285,36.79549519508755],[24.588006258180208,36.86851272864293],[24.67923295726441,36.75896029963509],[24.46637065940127,36.649251177336765],[24.29912171108023,36.75286945753905],[24.42835953478285,36.79549519508755]]],[[[24.8236752308144,36.661448812220584],[24.876890805280183,36.679741640978875],[24.97571972928807,36.637051610171376],[24.94531082959334,36.56991946228899],[24.8236752308144,36.637051610171376],[24.8236752308144,36.661448812220584]]],[[[25.05934420344859,36.618748636935905],[25.044139753601222,36.661448812220584],[25.16577535238016,36.74068632260297],[25.196184252074893,36.673644514576154],[25.10495755299069,36.637051610171376],[25.05934420344859,36.618748636935905]]],[[[25.431853224709084,36.6980301207178],[25.386239875166982,36.637051610171376],[25.26460427638805,36.704125314038706],[25.241797601616994,36.75286945753905],[25.249399826540678,36.75896029963509],[25.29501317608278,36.807669623462985],[25.431853224709084,36.6980301207178]]],[[[24.534790683714423,37.11746294371295],[24.44356398463022,37.0992747162255],[24.42835953478285,37.20833853996449],[24.534790683714423,37.11746294371295]]],[[[24.39795063508812,37.667092994189616],[24.382746185240748,37.570746906161986],[24.261110586461815,37.540613155635555],[24.29912171108023,37.66107502189996],[24.39795063508812,37.667092994189616]]],[[[24.48917733417232,37.39580161737422],[24.3599395104697,37.30515202694268],[24.3599395104697,37.39580161737422],[24.39795063508812,37.46824245164144],[24.48917733417232,37.39580161737422]]],[[[24.84648190558545,37.36559724964213],[24.861686355432816,37.52855624381453],[24.94531082959334,37.51046722146939],[25.044139753601222,37.377680456560746],[24.84648190558545,37.36559724964213]]],[[[25.469864349327505,37.43806729073237],[25.31781985085383,37.40184103098311],[24.922504154822285,37.69116000393879],[24.65642628249336,37.901413077728705],[24.76285743142493,38.003319956303606],[25.27220650131173,37.56472113091166],[25.469864349327505,37.43806729073237]]],[[[24.67923295726441,36.90499535372954],[24.648824057569676,37.014338584785854],[24.71724408188283,37.050751425742014],[24.78566410619598,36.947536378182036],[24.67923295726441,36.90499535372954]]],[[[25.31021762593015,37.00219709179456],[25.112559777914374,36.94146054239683],[24.937708604669652,36.95968659606273],[25.15057090253279,37.17200141281893],[25.31021762593015,37.19622810717101],[25.31021762593015,37.00219709179456]]],[[[25.34062652562488,37.087146804747654],[25.378637650243302,37.11746294371295],[25.538284373640657,37.220447029530426],[25.60670439795381,37.12352471549815],[25.599102173030126,37.026478138264174],[25.545886598564337,36.95968659606273],[25.454659899480134,36.9232301280182],[25.36343320039593,37.00826808071462],[25.34062652562488,37.087146804747654]]],[[[9.306203875048407,41.184447847563646],[9.590851816637763,40.902911745268725],[9.793739351732977,40.56368216152849],[9.78784755180622,40.441955171782396],[9.695723566515692,40.31368979092302],[9.630800280077704,40.09585531826677],[9.698009523852118,39.69349630947771],[9.648338350756415,39.457213960844896],[9.478920015795477,39.144157015044115],[9.296275171740302,39.23312338467302],[9.062541994555243,39.21989019985857],[8.998516115648993,39.175094209868334],[8.931367907030829,39.053702913481615],[8.81955913017536,38.976913057524584],[8.696099314196356,38.99581106777849],[8.58237651298786,39.06576880093279],[8.417174372179755,39.212203584868334],[8.374221834643134,39.307845674712084],[8.465033564074286,39.639937959868334],[8.508480104906806,39.94647558804216],[8.487975153429755,40.20879706021013],[8.428189310534247,40.46485479946794],[8.201552423937567,40.66299780483904],[8.159486803515204,40.78467520352068],[8.240707430346259,40.855338655669115],[8.405552896960028,40.86208304043474],[8.766072306139716,40.86280020352068],[8.918423685534247,40.94002493496599],[9.306203875048407,41.184447847563646]]],[[[15.627475771410712,38.004211031157396],[15.626577410204657,38.2330814230031],[15.790868792040595,38.29639776821794],[15.933466944201239,38.539916597563646],[15.82730010460163,38.622733675200365],[15.989846262438544,38.73476370449724],[16.152209314806708,38.70126684780779],[16.212225946886786,38.777953706938646],[16.17720893333698,38.93099173184099],[16.08256247947956,39.01247366543474],[15.98955253074909,39.42835196133318],[15.846514350404568,39.62985800103884],[16.532101664049872,39.69751318569841],[16.87398627708698,39.54365118618669],[17.1490698189571,39.4218021261281],[17.107419046862372,39.28047140713396],[17.120997461779364,39.08602102871599],[17.180712732775458,39.022208772856615],[17.09468940208698,38.915023409087084],[16.797699961169013,38.92585714932146],[16.613329920275458,38.82732733364763],[16.522202524645575,38.7250247823781],[16.572001490099677,38.457118593413256],[16.330693277819403,38.32074316616716],[16.052943262560614,37.93117483730974],[15.785237345202216,37.9097057210988],[15.710227045519598,37.94143637295427],[15.627475771410712,38.004211031157396]]],[[[27.492524179919013,37.2396732198781],[27.36463263939167,37.328631960112475],[27.160407099230536,37.36008032437029],[27.12256148765827,37.49385031338396],[27.141085657580145,37.64686545010271],[27.179783853991278,37.77442892666521],[27.13977340172077,37.889091097075365],[26.961377176745184,37.946105562407396],[26.6793318123653,38.104938112456225],[26.512320551378973,38.06634863491716],[26.393214258654364,38.104362093169115],[26.391598734362372,38.21912726040544],[26.46871093223835,38.44475897427263],[26.527411493761786,38.41824301357927],[26.742451700670966,38.27838858242693],[26.99743178795124,38.40005835171404],[26.819674524767645,38.52725180264177],[26.828822168810614,38.58296164150896],[26.695696863634833,38.640765749174975],[26.709471735461005,38.698573671538256],[26.96638015220905,38.76993139858904],[27.034913095934638,38.821097933012865],[27.00422004173542,38.884826265532396],[26.936802896960028,38.92456396694841],[26.785336527331122,38.940333925444506],[26.789847406847723,39.02442511196794],[26.87075141380573,39.055968843657396],[26.797139200670966,39.12955816860857],[26.707943949206122,39.182128511626146],[26.704054865343817,39.250472627837084],[26.60224250267292,39.255729280669115],[26.720158609850653,39.33724936123552],[26.853512796862372,39.46076925869646],[26.926152262194403,39.476546846587084],[26.957518610461005,39.54832800503435],[26.804265055163153,39.56715353604021],[26.546177896960028,39.51334723110857],[26.138976129992255,39.43973883267107],[26.064057383044013,39.45551260586443],[26.084887537462958,39.60400732632341],[26.141903910143622,39.660583101469896],[26.140706095202216,39.74998053188982],[26.127575907213934,39.878558717924975],[26.186009439928778,39.99719580288591],[26.3203344673946,39.99192389126482],[26.40305236290241,40.17649038906755],[26.4817114205196,40.187038027007006],[26.76528266380573,40.37694128628435],[26.996474298937567,40.371661745268725],[27.056124720080145,40.42969473477068],[27.271754297716864,40.45080908413591],[27.3292341561153,40.355834566313646],[27.449610743029364,40.30979498501482],[27.525994333727606,40.297137819487475],[27.763894114001044,40.28725393887224],[27.830164942248114,40.34528311367693],[27.799843821032294,40.403319917876146],[27.679287943346747,40.4613529073781],[27.807831797106513,40.50357016201677],[27.95380500267292,40.48773916836443],[28.00645926903034,40.45080908413591],[27.908217463000067,40.35055502529802],[28.00399115989948,40.36212881680193],[28.477719339831122,40.39510305996599],[28.756440195544013,40.37645300503435],[28.926756891711005,40.355834566313646],[29.05242446373249,40.33473166104021],[29.122286829455145,40.413871370512865],[29.083527597887763,40.45607718105974],[28.873215708239325,40.471908174712084],[28.777958902819403,40.524676881987475],[28.9016218514278,40.62010534878435],[29.52519706199909,40.68828924771013],[29.713147196276434,40.693561159331225],[29.882718119127997,40.746356569487475],[29.683445963366278,40.7516361105031],[29.417172464831122,40.741073213774584],[29.32035544822956,40.741073213774584],[29.289643320544013,40.806686006743334],[29.014533075793036,40.97867163296404],[29.161208185656317,41.21636541958513],[29.5777807564571,41.153365694243334],[30.13762381981159,41.131835542876146],[30.256087336046942,41.18466528530779],[30.744805368883856,41.04032477017107],[31.217682871325263,41.05409201260271],[31.404126200182684,41.163539491850756],[31.385666880114325,41.28504141445818],[31.666388544543036,41.3948131429738],[31.87128737877155,41.49144323940935],[32.418982538683665,41.74916800137224],[32.687911066515696,41.845973573882006],[33.15546325157429,41.94960745449724],[33.55554107139851,41.982501589018725],[33.89665511558796,41.95108374233904],[34.30390075157429,41.89411886807146],[34.66290954063679,41.87558325405779],[35.001868280871165,42.04316290493669],[35.09883025596882,41.80586203213396],[35.286074671252024,41.67147787686052],[35.41143706749226,41.626815401274584],[35.67785552452351,41.62093313809099],[35.95779326866413,41.68564566250505],[36.16136840294148,41.35250052090349],[36.38289550255085,41.23751791592302],[36.641245874865305,41.31498297329607],[36.81701186607624,41.28968390103044],[37.252825769884836,41.02772101040544],[37.821841272814524,41.00963171597185],[38.31396392296101,40.92090185757341],[38.65118316124226,40.921569429594896],[39.13864425133015,41.04431875820818],[39.37017730186726,41.06399878140154],[39.66300490806843,41.00049551602068],[40.00671294639851,40.95632895107927],[40.36101439903523,40.96344336147966],[40.60989287803913,41.02802618618669],[41.2777620965858,41.28002979187384],[40.6289667242533,39.883612403410396],[37.34925784721369,38.83410556275771],[34.66238311241413,36.64777334805193],[34.4851293892696,36.62678106899919],[34.103220972521555,36.38032492275896],[33.95171264122273,36.251578890044115],[33.95405486534382,36.15975912686052],[33.89098266075398,36.13877447720232],[33.83587554405476,36.10729559536638],[33.833697351916086,36.07057150479021],[33.753176722033274,36.14664038296404],[33.481699976427805,36.05428274746599],[33.171336206896555,35.97088202114763],[32.904116663439524,35.97669561978044],[32.64034179161335,36.00799902554216],[32.334979090197336,36.12836798306169],[31.90200713585163,36.4968639242238],[31.37069037864948,36.71234472866716],[30.90531066368366,36.794215761382006],[30.59359076927448,36.76173361416521],[30.540066751940497,36.64696081753435],[30.49665168236042,36.37298163052263],[30.472832712633856,36.18825491543474],[30.394862207873114,36.11804541226091],[30.279892954333075,36.11780508633318],[30.166131052477606,36.18761786099138],[29.66195586632038,36.07834585781755],[29.47193244407917,36.09069403286638],[29.298188242419013,36.17311819668474],[29.002251657946356,36.69479712124529],[28.81352714012409,36.535155855376146],[28.469845804674872,36.738307558257006],[28.26692298362995,36.71240957852068],[28.01418975303913,36.52716406460466],[27.91190246055866,36.69894369717302],[27.94185546348835,36.756339632231615],[28.051039728625067,36.83301504727068],[27.99880889366413,36.90936621304216],[27.5534773201778,36.91482504482927],[27.308110270006903,36.920707308012865],[27.268630060656317,37.04168280239763],[27.525639566881903,37.13141211147966],[27.492524179919013,37.2396732198781]]],[[[23.671465906603583,35.572249971587084],[23.669087442858466,35.61158331509294],[23.665133509142645,35.66665609951677],[23.696656259997138,35.69812353726091],[23.733677896960028,35.627318941313646],[23.74287513206745,35.561759554106615],[23.879452738268622,35.5524173605031],[23.956812891466864,35.52767141934099],[24.03900435875202,35.561759554106615],[24.033263239367255,35.59847220059099],[24.08185676048542,35.61158331509294],[24.152676615221747,35.5643802511281],[24.135817560656317,35.522426210600756],[24.091456446154364,35.519801698882006],[24.073323282702216,35.49620398159685],[24.113204035265692,35.485717378813646],[24.1777448983028,35.46998556729021],[24.21970275352741,35.449000917632006],[24.22960380028034,35.39131888027849],[24.388283762438544,35.37296637173357],[24.768567118151434,35.4280277120656],[24.997481379015692,35.421020113188646],[25.01360038231159,35.362479768950365],[25.100091013415106,35.34674795742693],[25.37401870201374,35.31790503140154],[25.511635813219794,35.294765077788256],[25.67320731590534,35.34936865444841],[25.713534388048895,35.327010713774584],[25.6684675545528,35.186820589262865],[25.74180320213581,35.13700445767107],[25.788973841173895,35.13700445767107],[25.935492548449286,35.21303518887224],[26.064152750475653,35.239249788481615],[26.099352869494208,35.21564825649919],[26.16882613609577,35.2471080648488],[26.27350905845905,35.3126598226613],[26.23604491661335,35.22876318569841],[26.242667231066473,35.14487417813005],[26.16048530052448,35.024283968169115],[25.898680719836005,35.04525717373552],[25.74173644493366,35.00885351772966],[25.590724024279364,35.016418062407396],[24.693467173083075,34.94047125454607],[24.715638193590888,35.03477057095232],[24.69006637047077,35.09244116421404],[24.3243570656612,35.207789980132006],[24.013197931750067,35.210414491850756],[23.78559401939655,35.26285132046404],[23.567723307116278,35.25498160000505],[23.513134989245184,35.275958620268725],[23.466885599596747,35.31790503140154],[23.529439005358466,35.569625459868334],[23.671465906603583,35.572249971587084]]],[[[17.967745813830145,40.16689261074724],[17.84960463951374,40.243495546538256],[17.61914924095417,40.28783758755388],[17.401650461657294,40.29192694302263],[17.20417121361042,40.397941194731615],[17.242802652819403,40.49576147671404],[17.084080728991278,40.525111757475756],[17.258607996659602,40.955994251860766],[17.319272074206122,40.929252229887865],[18.033919367296942,40.59665258999529],[18.059941324694403,40.513534151274584],[18.383612665636786,40.30775030728044],[18.522648844225653,40.09413107510271],[18.43367865989948,39.89840658779802],[18.36491874168659,39.746722780424975],[18.160130533678778,39.873134218413256],[18.017067942126044,39.947894655424975],[17.967745813830145,40.16689261074724]]],[[[28.069838556750067,41.62496908779802],[28.104397806627997,41.59297140713396],[28.371457132799872,41.43312796230974],[28.740222010119208,41.324828706938646],[29.012368235094794,41.25483282681169],[29.081099543078192,41.20051153774919],[28.96445373008991,40.98923834438982],[28.827807459337958,40.914699159819506],[28.596150431139716,40.946986757475756],[28.173314127428778,41.05789526577654],[28.026368174059638,41.02620657559099],[27.932183298571356,40.95754965420427],[27.474169764025458,40.96283300991716],[27.313046488268622,40.78991278286638],[27.26375678489948,40.66717108364763],[26.8889265389278,40.524676881987475],[26.613572153551825,40.39804037686052],[26.51393989036823,40.281974397856615],[26.37586310814167,40.21340902920427],[26.255158457262763,40.081561647612475],[26.1408853859737,40.04465445156755],[26.21428969810749,40.16066702480974],[26.222796473009833,40.223956667143725],[26.194821390612372,40.30307348843279],[26.457545313341864,40.4349742757863],[26.556477579577216,40.498290621001146],[26.454838785631903,40.584308229643725],[26.418061289294013,40.57782324429216],[26.124041590197333,40.60284765835466],[26.020724329455145,40.66932257290544],[25.99287513206745,40.85245855923357],[25.63570502708698,40.87737616177263],[25.301114115221747,40.89594229336443],[25.046317133410223,40.95227392788591],[25.01892951439167,41.01714666958513],[24.81211570213581,40.93342169399919],[24.700663599474677,40.878341280180834],[24.51912787864948,40.873065553862475],[24.50495246361042,40.984069429594896],[24.354302439196356,40.97096212979021],[24.21905806968952,40.82968481655779],[24.02515510032917,40.74636038418474],[23.885952982409247,40.732894502837084],[23.74839499901081,40.80443152065935],[23.634697947008856,40.7727542745656],[23.63297751854206,40.71316870327654],[23.70905593345905,40.63003500576677],[23.785174402697333,40.477191530424975],[23.923703226549872,40.45080908413591],[24.29535201500202,40.17649038906755],[24.220635447008856,40.14484747524919],[24.05477813194538,40.260882936674975],[24.047778162462958,40.30835684414568],[23.92353347252155,40.34528311367693],[23.774773630602606,40.39276465054216],[23.722168955309638,40.34824331875505],[23.62723449180866,40.34528311367693],[23.658801111681708,40.28726156826677],[23.651745829088934,40.22922857876482],[23.803664240343817,40.15539129849138],[23.868659052355536,40.16067465420427],[23.920109781725653,40.05519827480974],[23.906617197497138,39.99719580288591],[23.796032938463934,39.986651979643725],[23.59577277611042,40.19231756802263],[23.44248679588581,40.255607210356615],[23.349078211291083,40.28197821255388],[23.291760477526434,40.28726156826677],[23.293139490587958,40.245055757719896],[23.259058985216864,40.22922857876482],[23.32103446434284,40.15539129849138],[23.366839441759833,40.107928835112475],[23.436467203600653,40.04465445156755],[23.523348841173895,40.01828726406755],[23.5921850533321,40.00246389980974],[23.638585123522528,39.96034201260271],[23.596890482409247,39.93405493374529],[23.37439254234577,39.95508917446794],[23.260525736315497,39.970870577055834],[23.27630904625202,40.04992254849138],[23.21477797935749,40.18176611538591],[23.141140970690497,40.26615484829607],[22.96016028831745,40.31470831509294],[22.74805549095417,40.482467256743334],[22.8639021248653,40.53522833462419],[22.875462564928778,40.59632452603044],[22.851946863634833,40.65133627529802],[22.76996711204792,40.66717108364763],[22.70125487755085,40.57744940396013],[22.492066416247138,40.498290621001146],[22.602265390856513,40.39723929043474],[22.489617380602606,40.23052557583513],[22.46736243675495,40.11848028774919],[22.525612864001044,40.064166628081225],[22.555129084093817,39.986651979643725],[22.69509795616413,39.83448370571794],[22.754473719103583,39.81834753628435],[22.81343177269245,39.602740846831225],[23.07416823814655,39.413451753813646],[23.236084970934638,39.20315893765154],[23.158499750597723,39.14007910366716],[23.05191710899616,39.10328634854021],[23.099806818468817,39.18738516445818],[23.045252832873114,39.27149923916521],[22.981301340563544,39.329330049712084],[22.918986353380927,39.34510382290544],[22.85085395286823,39.36613043423357],[22.72025779197956,39.2872691976613],[22.766058954699286,39.20278891201677],[22.834883722765692,39.16636236782732],[22.87106231163288,39.02434881802263],[22.784213098986395,38.940333925444506],[22.490498575670966,38.87685354824724],[22.602313074572333,38.8562389242238],[22.7232885689571,38.793170534331225],[22.899373087389716,38.766891084868334],[22.984231028063544,38.6670413839406],[23.09980109642292,38.67229803677263],[23.169491800768622,38.6670413839406],[23.19099524925495,38.610343538481615],[23.35615638206745,38.489501558501146],[23.49384406517292,38.48313101406755],[23.555766138537177,38.351764284331225],[23.682751688463934,38.34651144619646],[23.803948435290106,38.34651144619646],[23.96074393699909,38.20991476650896],[23.96699050377155,38.15213354702654],[23.880024942858466,38.115356050688646],[23.98729995201374,37.763427339751146],[23.91818145225788,37.68464239712419],[23.83551314781452,37.68464239712419],[23.733683619005927,37.85785635586443],[23.634148630602606,37.87897833462419],[23.540715250475653,38.00410040493669],[23.495701822741278,38.06807669277849],[23.419257196886786,38.06807669277849],[23.195841822130927,38.00503882046404],[22.98061469505573,37.95776709194841],[22.898057016833075,37.899989687163256],[23.03996756981159,37.85796698208513],[23.04539206932331,37.773578249174975],[23.048874887926825,37.642631136137865],[23.1513834328487,37.59012182827654],[23.220547708971747,37.601825319487475],[23.321707758410223,37.637382112700365],[23.312159571154364,37.54810675259294],[23.418124231798895,37.46934088345232],[23.18497947166706,37.427333437163256],[23.185792002184638,37.37482794399919],[23.109564814074286,37.34664114590349],[22.97097686241413,37.38532217617693],[23.02534583519245,37.479842745024584],[22.942069086535223,37.518390260893725],[22.713290247423895,37.54343374844255],[22.642317804796942,37.584865175444506],[22.638745340807684,37.49228628750505],[22.72623923729206,37.28850897427263],[22.81334975670124,37.212054811674975],[22.793108973009833,37.13855703945818],[22.886887583239325,37.0466800558156],[22.98255256126667,36.61475332852068],[22.673554453356513,36.75428351040544],[22.524447473986395,36.722125612456225],[22.39029601524616,36.524371706206225],[22.191407236559638,36.85523565884294],[21.984171900255927,37.02048071499529],[21.780915293200263,36.82254370327654],[21.588168177111395,36.98144110317888],[21.53144362877155,37.11514624233904],[21.626500162585028,37.306518160063646],[21.613707575304755,37.414847933012865],[21.517313990099677,37.535758577544115],[21.29634765098835,37.72654303188982],[21.221131357653388,37.828395448882006],[21.22843078087116,37.904906831938646],[21.4404516548946,38.17951544399919],[21.7144995064571,38.13544043179216],[21.905766520006903,38.26973684902849],[21.996687921984442,38.2507816183156],[22.7472143502071,37.95260580654802],[22.898655924303778,37.99755438442888],[23.116345438463934,38.157394014555834],[22.996743235094794,38.17934378262224],[22.875638041002997,38.20460089321794],[22.333741220934638,38.42670782681169],[21.82647231529499,38.46395834561052],[21.66125777672077,38.438109956938646],[21.364455255968817,38.412005983549975],[21.172404322130927,38.347838960844896],[20.771830591662177,38.85093268032732],[20.892598185045966,38.895831667143725],[21.006508860094794,38.870544038969896],[21.10468581627155,38.92177542324724],[21.159516367419013,39.00482519741716],[21.00718406151081,39.11298712368669],[20.901148828966864,39.061732851225756],[20.677752527697333,39.08042486782732],[20.2118082375362,39.404925905424975],[20.122382196886786,39.551009737212084],[20.09082892845417,39.602531038481615],[20.02855971763874,39.813781343657396],[19.803648981554755,40.01696356411638],[19.369067224962958,40.260280214507006],[19.38022521446491,40.32358130093279],[19.48371222923542,40.295890413481615],[19.49448302696491,40.40271719570818],[19.33922294090534,40.588737093169115],[19.527255091173895,40.865890108305834],[19.44540313194538,40.964896761137865],[19.52995017479206,41.218444429594896],[19.416991266711005,41.3452525960988],[21.08190181709715,40.60514835635911],[21.081901817097155,40.60514835635911],[21.606655237423496,41.78584355209337],[23.730686077916605,42.17535557157153],[24.035180269420646,42.19360134662925],[27.49470237205768,42.40090139980974],[27.494702372057684,42.40090139980975],[27.494702372057684,42.40090139980974],[27.60787108848835,42.41677816982927],[27.722533258898505,42.316215120512865],[27.737710031969794,42.247001253325365],[27.91340735862995,42.07810171719255],[27.917952570421942,41.97767218228044],[28.026202234728583,41.882384859282396],[28.01817801903034,41.75320776577654],[28.069838556750067,41.62496908779802]]],[[[23.409661395009252,38.943672845059965],[23.78977264119343,38.71863293758614],[24.131872762759194,38.65335708482884],[24.207895011996026,38.5523591317064],[24.291519486156545,38.19476089687233],[24.588006258180208,38.15292605377605],[24.527188458790736,37.967368965721576],[24.3143261609276,37.98534666287396],[24.192690562148663,38.15292605377605],[24.02544161382762,38.38569989188942],[23.660534817490806,38.40357465937644],[23.59971701810134,38.45717244335585],[23.63772814271976,38.52262680680808],[23.462876969475033,38.62366656002873],[23.120776847909273,38.86676557896794],[22.869903425427715,38.83716368115139],[23.014345698977706,38.961408842619434],[23.242412446688213,39.04411813294447],[23.409661395009252,38.943672845059965]]]]}},{"type":"Feature","properties":{"name":"Finno-Ugric taiga hunter-gatherers","subject":"Finno-Ugric taiga hunter-gatherers","partOf":"Finno-Ugric taiga hunter-gatherers","borderPrecision":1,"color":"#a88992"},"geometry":{"type":"MultiPolygon","coordinates":[[[[24.969470056994208,60.08683355923357],[24.742980036242255,60.03823050137224],[24.515957865221747,59.98949774380388],[24.42105010460163,59.869750581938646],[24.281357798083075,59.9381481039113],[23.978947672350653,59.881148897368334],[23.961113962633856,59.932452760893725],[23.664656671984442,59.83555182095232],[23.418854746325263,59.82984884854021],[23.201441797716864,59.81845816250505],[22.98212531517292,59.932452760893725],[22.88200095604206,60.05556448574724],[23.005200418932684,60.208758913237475],[22.62461570213581,60.201102815825365],[22.39206603477741,60.121200166899584],[22.421467813952216,60.29318579312029],[22.220654520495184,60.25876959438982],[21.930953058703192,60.38077124233904],[21.74680808494831,60.40827139492693],[21.560151133044013,60.51248510952654],[21.443177256090888,60.693648897368334],[21.4272566170528,61.01509817715349],[21.4983072609737,61.183272920805834],[21.52078917930866,61.379569612700365],[21.561005625231513,61.48492010708513],[21.405217203600653,61.70243414517107],[21.211199793322333,61.87091406460466],[21.346440348131903,62.167132936674975],[21.337555918200263,62.34360464688005],[21.200139078600653,62.43518408413591],[21.03372863243366,62.47729834194841],[21.061806711657294,62.61173590298357],[21.19480613182331,62.76068457241716],[21.48128417442585,62.888812624174975],[21.545966181261786,62.974059663969896],[21.494656595690497,63.123031221587084],[21.666478189928778,63.1873050558156],[21.95132354210163,63.13101538296404],[22.075043711169013,63.1028209554738],[22.292357477648505,63.20269354458513],[22.42877486656452,63.39496573086443],[22.475831064684638,63.601615511137865],[22.569018396837958,63.723014436919115],[22.704222712023505,63.58064230557146],[22.82553008507038,63.58087881680193],[23.130561750232243,63.78342849447229],[23.58028510521198,64.082057558257],[24.094035181505927,64.37656744595232],[24.470093759997138,64.635524355132],[24.931916269762763,64.81603582974138],[25.3250894875362,64.8023944723195],[25.35190490196491,64.93909796353044],[25.293414148791083,65.00389441128435],[25.132559809191473,65.07594641323747],[25.18612578819538,65.24265631313982],[25.195617809103457,65.26795101619156],[34.72611897050977,65.78029310527337],[34.725588831408274,65.61499365444841],[34.60118773887898,65.48392828579607],[34.293414148791086,65.39624365444841],[34.332015070421946,65.3455081808156],[34.425662073595774,65.10652502651872],[34.772864374621165,64.68222387905779],[34.814768824084055,64.45981939907732],[34.88461211632038,64.3667713033742],[35.081763300402415,64.28833349819841],[35.62327102134968,64.2535663473195],[36.01547149132038,64.19702490444841],[36.23997024009968,63.91862066860857],[36.42062285850788,63.87610205288591],[36.98754027794148,63.841483675200365],[37.24650863121296,63.784877382475756],[37.410540613634836,63.749496065337084],[37.59146026085163,63.806937776762865],[37.94491866539265,63.850394808012865],[38.054080042345774,63.98631628628435],[38.05385878990437,64.12927588101091],[37.87985518883015,64.30789526577654],[37.668128046496165,64.3433109151906],[37.46328643272663,64.29996069546404],[37.26195052574421,64.3138919698781],[36.996741327746165,64.40655859585466],[36.56850722740437,64.7645755636281],[36.88390639732624,65.0676990377492],[37.10194304893757,65.06812628384294],[37.60409453819538,64.85277136440935],[38.25292113731648,64.70306738491716],[39.19344237755085,64.5110355245656],[39.62159636925007,64.47596319790544],[39.99705031822468,64.54121740933122],[40.32217315147663,64.46293219204607],[40.43979171226765,64.56356390591326],[40.46206191490437,64.75027807827654],[40.365950617296946,64.85792883511247],[39.979388269884836,65.15314062710466],[39.823103937609446,65.43561133022966],[39.9513273567989,65.58116491909685],[40.036868128283274,65.60313757534685],[40.681407007677805,65.79355963345232],[41.35424712608601,65.95517309780779],[41.62328246544148,66.06516607876482],[42.1334448189571,66.3878894674367],[42.21078780601765,66.41000708218279],[42.41852477501179,66.38109930630388],[43.241431269152415,66.25089605923357],[43.87621978233601,66.01096686001482],[44.02943328331257,66.01124914761247],[44.052840265734446,66.04050024624529],[44.12211135338093,66.2671619283742],[44.383608850939524,66.61201819058122],[44.36195281456257,66.90596350308122],[44.21916488121296,67.08982428188982],[43.83810714195515,67.16285284634294],[43.703597101671946,67.26593359585466],[44.21583465050007,67.71826513882341],[44.26107314537312,67.8296390401906],[44.16874984215046,68.09702643032732],[43.8221655220821,68.3273197042531],[43.85324386070515,68.46920355435076],[44.012026819689524,68.49190863247576],[44.66781142662312,68.38859137173357],[45.57964232872273,68.44253882046404],[45.8634367317989,68.3833499776906],[46.16195205162312,68.10819586392107],[46.439368280871165,67.90793951626482],[46.6340666146114,67.7005115377492],[46.16411498497273,67.67742498989763],[45.46258071373249,67.6390643941945],[45.092505487902415,67.54207953091326],[44.87120727012898,67.31241949673357],[44.95714095543171,67.23135717983904],[45.38563445518757,67.09937628384294],[45.715350183947336,66.84962805386247],[46.07677749107624,66.76208075161638],[46.40205291221882,66.71860083218279],[46.972640070421946,66.77846106167497],[47.5711889595821,66.8163104879445],[47.706187281115305,66.89010962124529],[47.822127375109446,67.11129339810076],[47.952918085558665,67.37729223843279],[48.08066085289265,67.56245764370622],[48.63532165001179,67.65238531704607],[49.18562987755085,67.83882483120622],[49.63012221763874,67.93619116421404],[50.49589827965046,68.1534686910695],[51.13895705650593,68.26639898892107],[51.83080962608601,68.40938147183122],[52.244875940783274,68.54455908413591],[52.33738234947468,68.33572729702654],[52.4626684517696,68.29867132778826],[52.719729456408274,68.35138281460466],[52.93876937340046,68.47117956753435],[53.00575164268757,68.6805683004445],[53.17943480919148,68.75574835415544],[53.50243285606648,68.81625708218279],[53.889117273791086,68.78699835415544],[53.808394464953196,68.60726507778826],[53.78207686851765,68.33842047329607],[53.3959074349239,68.30042608853044],[53.3161840767696,68.2332034933156],[53.316844019396555,68.13638647671404],[53.62573913048054,68.04768713589372],[53.85399154136921,68.08530005093279],[54.37974837730671,68.16070898647966],[54.57595733116413,68.16109045620622],[54.64846709678913,68.07191809292497],[54.752295526964915,68.04978521938982],[54.87719634483601,68.1095462667531],[54.99598601768757,68.20653113003435],[55.1264982552364,68.40060766812029],[55.335391077502024,68.48309668179216],[55.72289184044148,68.53610571499529],[56.1951017708614,68.56686743374529],[56.54026320884968,68.55256994839372],[57.02422622154499,68.44890936489763],[57.363692316515696,68.45701941128435],[57.52586654136921,68.49463995571794],[57.95919707725788,68.7047611105031],[58.40928939293171,68.83285864468279],[58.77038100670124,68.8560062276906],[59.19904998253132,68.77440985317888],[59.34587386558796,68.69986303921404],[59.06195739219929,68.4974857198781],[59.119788202746165,68.393092714507],[59.217661890490305,68.34854467983904],[59.50186065147663,68.28942450161638],[59.762347254259836,68.297389589507],[59.892046961291086,68.4020038473195],[59.92537597130085,68.58127173062029],[60.07908919761921,68.61895331021013],[60.51208404014851,68.58985479946794],[60.75627425621296,68.67254980679216],[60.93412307213093,68.81508215542497],[60.98595717857624,69.00259741421404],[60.36923507164265,69.46769293423357],[60.551714930041086,69.54342230435076],[60.84873488853718,69.71004065151872],[61.030039820177805,69.74060400601091],[61.30434707115437,69.73352392788591],[62.2812719673946,69.7051273214406],[62.85394957969929,69.61560400601091],[63.41231826256062,69.54873999233904],[63.92324355552937,69.45921667690935],[64.87299636314656,69.22766455288591],[65.35536483238484,69.18344458218279],[66.1254988045528,68.99715765591326],[66.58425429771687,68.88553961392107],[67.17168715904499,68.64709814663591],[67.64553669906512,68.4480727275933],[67.82653335045124,68.37205084438982],[68.21540358970906,68.20135077114763],[68.38463118980671,68.17933996792497],[68.48788741539265,68.22421606655779],[69.00261214683796,68.69536932583513],[69.10895064781452,68.83031042690935],[68.69183639000202,68.81454809780779],[68.51176742027546,68.83668097134294],[68.25765517662312,68.94111975308122],[68.09354690025593,69.13594397183122],[68.10592940758015,69.42932470913591],[67.77870467613484,69.55685003872576],[66.88444045494343,69.62308081265154],[66.79896834800984,69.74374731655779],[66.8280363411739,69.81937750454607],[66.9648542733028,69.95582159634294],[67.27720168541218,70.07055243130388],[67.38328841636921,70.13940008755388],[67.42175582359577,70.22343023892107],[67.39824202965046,70.59850653286638],[67.28530410240437,70.70580633755388],[66.7748136849239,70.73557623501482],[66.67020705650593,70.86613043423357],[66.81797316978718,71.10538061733904],[66.9796476692989,71.21384008999529],[67.15545180748249,71.22964819546404],[67.8225431771114,71.4166522848195],[68.31624892662312,71.63485296841326],[68.55076125572468,71.82196386929216],[68.81211379478718,72.09546240444841],[69.05668929527546,72.64471777554216],[69.34311202476765,72.83426245327654],[69.51156142662312,72.80304297085466],[70.21435836265827,72.73346289272966],[70.94033339927937,72.78995092983904],[71.66292098472859,72.83070715542497],[71.97577956627156,72.79976233120622],[72.45530227134968,72.82427557583513],[72.7139997811153,72.76958807583513],[72.85272506187702,72.64393194790544],[72.84480575035359,72.49460943813982],[72.65456679771687,72.11825903530779],[72.4983244271114,71.96181067104997],[71.89781478355671,71.58716162319841],[71.79755691002156,71.43180426235857],[72.13623336265827,71.27759131069841],[72.55498031090046,70.9772449361867],[72.67970565269734,70.823512636382],[72.7742033333614,70.45523413296404],[72.69588759849812,70.35557898159685],[72.43689254234577,70.18696936245622],[72.55148604820515,69.65626104946794],[72.52553084800984,69.06907995815935],[72.64349654625202,68.806911073882],[72.84616378258015,68.63523443813982],[73.30861190269734,68.5165515768117],[73.39412215660359,68.44205053921404],[73.39364913414265,68.38238867397966],[73.17524245689656,68.16592749233904],[72.98776534508015,67.79414709683122],[72.83769515465046,67.64564856167497],[72.48502639244343,67.43782385464372],[71.93047622154499,67.156276308257],[71.64714339683796,67.06732519741716],[71.39950087974812,66.94906958218279],[71.54405501793171,66.71412237759294],[71.34951308677937,66.66239508267107],[70.83993056724812,66.55140265103044],[70.12074569175984,66.7188220846242],[69.79152205894734,66.7549320089406],[69.35537246177937,66.73943670864763],[69.08476546715046,66.68753393765154],[69.17261031578327,66.5482898580617],[69.43512252281452,66.42423590298357],[69.76729873131062,66.32971533413591],[70.47356704185749,66.23597296353044],[70.98342421959187,66.2003894674367],[71.2595320076778,66.22281225796404],[71.79433730552937,66.15806158657732],[72.20881179283406,66.17345770474138],[72.42107680748249,66.3346668111867],[72.55741408775593,66.49599035854997],[73.16545394371296,66.64375647183122],[73.69016555259968,66.86506994839372],[73.81080916832234,66.99035223599138],[73.9845075936153,67.26336248989763],[74.35252669761921,67.40435370083513],[74.74171737144734,67.68622168179216],[74.77064803550984,67.84936865444841],[74.66936019371296,68.10174902554216],[74.39512923668171,68.34698828335466],[74.50497725914265,68.59347876187029],[74.61210921715046,68.63851507778826],[74.91630080650593,68.70638617153826],[75.53720382164265,68.77486761685076],[76.32775405357624,68.77634008999529],[76.66087630699421,68.67222174282732],[77.03982070396687,68.4637714254445],[77.10788253258015,68.11375006313982],[76.95493606041218,67.65331610317888],[77.09069350670124,67.52774389858904],[77.50477889488484,67.432399355132],[78.08904555748249,67.41131170864763],[78.47786239097859,67.478541933257],[78.53574660728718,67.61183508511247],[78.3045759529903,67.69286688442888],[77.94601729820515,67.77371557827654],[77.68886092613484,67.75840338345232],[77.48322585533406,67.802516542632],[77.51418593834187,67.97325476284685],[77.97751906822468,68.14512213345232],[78.00718215416218,68.25683935757341],[77.90906051109577,68.32369574185076],[77.83420089195515,68.4727054464406],[77.63582900474812,68.81619604702654],[77.40597823570515,68.9356189596242],[77.02994826744343,68.97991522427263],[76.53798964927937,69.0840564596242],[76.17751601646687,69.13594397183122],[75.59802535484577,69.21000250454607],[75.18864730308796,69.12659796353044],[74.90170577476765,69.0810047018117],[74.31795791099812,69.16254004116716],[73.91452315758015,69.15427740688982],[73.90792373131062,69.27452429409685],[73.65407851646687,69.75646551724138],[73.79099563072468,70.05221136685076],[74.1222257942989,70.36587866421404],[74.24957564781452,70.5729480611867],[74.18918899009968,70.67260321255388],[73.69797042320515,71.14139898892107],[73.2706632942989,71.372584902007],[73.21685317466999,71.45773657437029],[73.59136489341999,71.7068591939992],[74.13715651939656,71.75452765103044],[74.58655074547077,71.87217291470232],[74.9211531014278,72.02874334927263],[74.99873641441609,72.13043554897966],[75.0745954842403,72.42029150601091],[75.01610854576374,72.71876867886247],[75.11987594078327,72.68748053188982],[75.40757277916218,72.66441687222185],[75.6173429817989,72.62549170132341],[75.66617873619343,72.41353949185076],[75.58253768394734,72.17061956997576],[75.29658034752156,71.89686926479997],[75.22127059410359,71.64770849819841],[75.28428939293171,71.44608648892107],[75.45202926109577,71.32248266812029],[75.67058852623249,71.1991229879445],[76.29318526695515,71.13853033657732],[77.00164321373249,71.06264074917497],[77.73619368980671,71.02547796841326],[78.10473159263874,70.84130438442888],[78.24920943687702,70.83387335415544],[78.60852340172077,70.8499256002492],[78.37160018394734,71.25054510708513],[78.13690474937702,71.3739276754445],[77.28489974449421,71.41880377407732],[76.86612990806843,71.4490238058156],[76.60715011070515,71.518336855132],[76.33285811851765,71.71974524136247],[76.4566984505489,71.86785467739763],[77.07490066002156,71.8923831808156],[77.27492812584187,71.81488379116716],[77.78991988609577,71.77691229458513],[78.12636855552937,71.84759863491716],[78.08573440025593,72.17527350063982],[78.26955703209187,72.2147479879445],[78.64725783775593,72.2623782980031],[79.22255996177937,72.2712894308156],[79.7031584114864,72.17827948208513],[80.33872512291218,72.0076404439992],[80.82826522300984,71.76702459927263],[81.42526534508015,71.61268194790544],[81.67136672447468,71.57430609341326],[82.49135116050984,71.56809576626482],[82.81835463951374,71.64632757778826],[82.88012221763874,71.49126776333513],[82.52887252281452,71.32020147915544],[82.21532729576374,71.20361670132341],[82.10357192466999,70.85644110317888],[82.04561141441609,70.41893347378435],[82.19571975181843,70.3579822408742],[82.50152877281452,70.7111316549367],[82.67546370933796,70.84212835903826],[82.80373671959187,70.81927832241716],[83.07590774009968,70.58175238247576],[83.03633407066609,70.24492987271013],[83.37072280357624,70.33726080532732],[83.67697432945515,70.46026190396013],[83.6571150154903,70.598170839507],[83.5709333748653,70.65170630093279],[83.50470260093952,70.81292303677263],[83.16804793785359,71.18223150845232],[83.25261977623249,71.28285559292497],[83.56109145591999,71.62442358608904],[83.2024259896114,71.82590826626482],[82.8546476692989,71.94214972134294],[82.43625930259968,72.0505863058156],[82.32062056968952,72.22227820034685],[82.02602675865437,72.24522741909685],[81.58525374840046,72.35400732632341],[80.98231795738484,72.44697912808122],[80.84419539879109,72.58019598599138],[80.87170699547077,72.8399921285695],[80.8288679451778,73.01351507778826],[80.46401503990437,73.31357916470232],[80.50051406334187,73.42474707241716],[80.62013534019734,73.49647101040544],[80.83822921226765,73.55255468960466],[81.87746718834187,73.6022220480031],[83.02044204185749,73.61229284878435],[83.97656539390827,73.66978796597185],[84.61605361412312,73.74268683071794],[84.82945540855671,73.59973486538591],[85.0014982552364,73.57619055386247],[85.38118270347859,73.69632300015154],[85.85619643638874,73.82476385708513],[86.49205306480671,73.8738284933156],[86.75694564293171,73.7865711080617],[86.32635024498249,73.63435705776872],[86.12352279136921,73.4511218893117],[86.90497115562702,73.55588873501482],[87.1396818489864,73.6040531026906],[87.56962874840046,73.77212866421404],[87.69079116295124,73.90001257534685],[87.54062179039265,74.09967383022966],[87.39396956871296,74.1794925558156],[86.97762587974812,74.29900702114763],[86.81353286216999,74.43529089565935],[86.81261733482624,74.53988226528826],[86.95832351158406,74.78206213589372],[87.48745253990437,74.96091803188982],[87.92226699302937,75.0598865377492],[89.28468612144734,75.46612127896013],[89.68456557701374,75.5082050191945],[89.79632857750202,75.52443274136247],[90.03131392906452,75.55852850552263],[90.88617232750202,75.60154303188982],[91.6346769661739,75.65272863979997],[92.6705427498653,75.76261480923357],[93.59205916832234,75.88084753628435],[94.30955031822468,76.07406958218279],[94.69433883140827,76.18358191128435],[95.4876814217403,76.16833075161638],[95.96726516197468,76.1692386495656],[96.13936904381062,76.08590277310076],[95.9818220467403,75.90201147671404],[96.65822890709187,75.85330542202654],[97.11641219566609,75.87083014126482],[97.6837263436153,75.95521887417497],[98.28865340660359,76.05653723354997],[98.71624282310749,76.07403906460466],[99.15855697105671,75.99971350308122],[99.46723464439656,75.96692236538591],[99.7794294686153,76.05931433315935],[99.8334074349239,76.2100330221242],[99.77360824058796,76.2853504049367],[99.98323348472859,76.43696936245622],[100.40739730308796,76.47143896694841],[100.83031753013874,76.45540960903826],[101.38946059654499,76.62499579067888],[101.11151412437702,76.8528552877492],[101.16646102379109,77.0057636129445],[101.6904630989864,77.2025867330617],[102.38966659019734,77.37482031460466],[103.39330581138874,77.5577884542531],[103.94659713218952,77.59216650601091],[104.39374068687702,77.56721838589372],[105.0625105233028,77.5685077535695],[105.44954207847859,77.44913824673357],[105.46972945640827,77.32931860562029],[104.78229049156452,77.14876898403826],[104.4851408333614,76.99502905483904],[104.70460799644734,76.92750128384294],[105.52814773033406,76.98001440640154],[106.24293807457234,76.91346319790544],[107.16025832603718,76.94913061733904],[107.24013045738484,76.89837225552263],[107.07137587974812,76.77097662563982],[106.53744033287312,76.56722601528826],[106.40403274009968,76.4322772848195],[107.29075149009968,76.43394812222185],[107.66595748375202,76.44307287808122],[107.77148726890827,76.40122564907732],[108.24447158287312,76.64641913052263],[108.85952285240437,76.64754828091326],[109.6564054817989,76.69128759976091],[109.94024947593952,76.63273199673357],[110.54772475670124,76.64229925747576],[111.42728713463093,76.56807287808122],[112.0571623177364,76.45135840054216],[112.58854964683796,76.25924261685076],[112.82231429527546,76.0588870870656],[113.14887526939656,76.05948980923357],[113.53300765465046,76.0936542379445],[113.7230329842403,75.86883886929216],[113.11340621422077,75.49444922085466],[113.22163680504109,75.43680914517107],[113.62504867027546,75.27267035122576],[112.57712844322468,74.88621100063982],[112.11134627769734,74.78037603970232],[111.58661941002156,74.73096045132341],[110.05470565269734,74.253688417632],[108.69690230797077,73.8194080221242],[108.33986190269734,73.69124182339372],[107.26554397056843,73.52222784634294],[106.20830825279499,73.25850256558122],[105.2788191170528,72.7515369283742],[105.40307092131953,72.748726095192],[98.45947004862771,69.79094730127832],[75.85638492783956,61.42677903286463],[62.80579411405116,56.95520024672745],[59.09429166962169,56.4318399506882],[57.34145456427939,56.82837715482714],[53.92448387264525,57.601384527021416],[53.97646398874319,57.7086220534561],[51.78568869315165,57.7086220534561],[48.21577312296412,57.7086220534561],[46.105746848468755,57.7086220534561],[43.32252607908093,58.36887781396926],[42.95352782255381,58.45641424915652],[42.92980675466814,58.53282144273587],[41.27829909819398,59.015700570313314],[39.758750845463695,59.54997973730281],[39.72148437500002,59.578271484374994],[39.744238281250006,59.609716796875],[39.77978515625,59.63779296875],[39.707128906250006,59.6337890625],[39.58173828125001,59.665185546874994],[39.51093750000001,59.707177734374994],[39.453710937500006,59.71142578125],[39.34843750000002,59.765527343749994],[39.30546875000002,59.773583984374994],[39.26699218750002,59.78251953125],[39.229589843750006,59.79443359375],[39.191992187500006,59.809326171875],[39.13886718750001,59.841650390625],[39.093359375,59.8693359375],[39.05351562500002,59.86845703125],[39.052976222317554,59.852032219568954],[38.95160068992912,59.90568553476441],[37.59991447273594,61.507127347623985],[36.33023747499517,61.45115285290656],[36.31201171875,61.45947265625],[36.24726562500001,61.49326171875],[36.2001953125,61.531201171875],[36.15908203125002,61.571484375],[36.10869140625002,61.611083984375],[36.060644531250006,61.65439453125],[36.02558593750001,61.70361328125],[35.985449218750006,61.755859375],[35.97888203096182,61.761403452782034],[35.92558593750002,61.806396484375],[35.870703125,61.854833984375],[35.84296875000001,61.901904296875],[35.818359375,61.951074218749994],[35.74951171875,61.999072265625],[35.68935546875002,62.040234375],[35.674414062500006,62.07939453125],[35.73017578125001,62.13916015625],[35.764257812500006,62.20517578125],[35.800390625,62.2814453125],[35.82265625000002,62.352197265624994],[35.821875,62.411767578124994],[35.80292968750001,62.4611328125],[35.77119140625001,62.4958984375],[35.73984375,62.52021484375],[35.69804687500002,62.53759765625],[35.641210937500006,62.555566406249994],[35.584570312500006,62.576025390625],[35.543554687500006,62.599365234375],[35.51943359375002,62.61728515625],[35.50371093750002,62.62470703125],[35.49501953125002,62.619189453125],[35.48759765625002,62.605908203125],[35.4638671875,62.60419921875],[35.41572265625001,62.626708984375],[35.32597656250002,62.666162109374994],[35.20195312500002,62.7052734375],[35.0830078125,62.741162109375],[35.00576171875002,62.772998046875],[34.958105468750006,62.797412109375],[34.91044921875002,62.8154296875],[34.85488281250002,62.825634765625],[34.78789062500002,62.831103515625],[34.70332031250001,62.84423828125],[34.60537109375002,62.87275390625],[34.53251953125002,62.91572265625],[34.48945312500001,62.90361328125],[34.479589843750006,62.873828125],[34.53554687500002,62.81845703125],[34.583105468750006,62.7556640625],[34.62109375,62.712353515625],[34.658203125,62.679931640625],[34.703710937500006,62.643408203125],[34.7392578125,62.6212890625],[34.77607421875001,62.622314453125],[34.83857421875001,62.591162109375],[34.86796875000002,62.610546875],[34.943359375,62.642822265625],[34.96699218750001,62.63896484375],[35.02373046875002,62.613330078125],[35.09296875000001,62.58046875],[35.14716796875001,62.5591796875],[35.20136718750001,62.549658203125],[35.27089843750002,62.54541015625],[35.35175781250001,62.52265625],[35.43310546875,62.468603515625],[35.49833984375002,62.403564453125],[35.54023437500001,62.354248046875],[35.55859375,62.31875],[35.56718750000002,62.287109375],[35.56386718750002,62.26015625],[35.55351562500002,62.2359375],[35.51826171875001,62.210498046875],[35.45498046875002,62.180712890625],[35.38720703125,62.1578125],[35.34130859375,62.1490234375],[35.28398437500002,62.161572265625],[35.18837890625002,62.190234375],[35.09589843750001,62.21806640625],[35.0458984375,62.228759765625],[35.0517578125,62.211572265624994],[35.09375,62.172216796875],[35.1435546875,62.12724609375],[35.16777343750002,62.0966796875],[35.1650390625,62.0806640625],[35.14960937500001,62.07099609375],[35.11455078125002,62.053613281249994],[35.07490234375001,62.053613281249994],[35.02861328125002,62.0779296875],[34.975683593750006,62.117626953125],[34.92802734375002,62.15966796875],[34.89248046875002,62.187060546875],[34.87080078125001,62.219384765624994],[34.85927734375002,62.260400390624994],[34.85195312500002,62.29443359375],[34.84052734375001,62.31005859375],[34.810546875,62.33232421875],[34.75849609375001,62.382568359375],[34.695898437500006,62.44267578125],[34.640625,62.4890625],[34.5953125,62.519091796875],[34.556640625,62.539892578125],[34.53203125000002,62.546289062499994],[34.52021484375001,62.541650390624994],[34.526953125,62.523583984374994],[34.546972656250006,62.49775390625],[34.59218750000002,62.457958984375],[34.65957031250002,62.406298828125],[34.69560546875002,62.36455078125],[34.68154296875002,62.338818359375],[34.63320312500002,62.34833984375],[34.608984375,62.338818359375],[34.61484375,62.304345703124994],[34.65810546875002,62.24521484375],[34.64697265625,62.212646484375],[34.632421875,62.18193359375],[34.64404296875,62.136132812499994],[34.65322265625002,62.108544921874994],[34.63564453125002,62.09501953125],[34.59140625,62.096484375],[34.51416015625,62.119580078125],[34.4169921875,62.158203125],[34.342871093750006,62.19892578125],[34.32119140625002,62.227001953125],[34.32949218750002,62.245703125],[34.32753906250002,62.26396484375],[34.291601562500006,62.29726562499999],[34.21767578125002,62.352294921875],[34.13691406250001,62.414013671875],[34.08417968750001,62.4634765625],[34.05390625000001,62.49453125],[34.02714843750002,62.51181640625],[34.0029296875,62.516064453125],[33.97871093750001,62.515869140625],[33.95859375,62.5099609375],[33.94404296875001,62.50048828125],[33.940625,62.481591796874994],[33.947265625,62.452978515625],[33.96181640625002,62.42509765625],[33.9775390625,62.4080078125],[34.00332031250002,62.40078125],[34.04238281250002,62.396533203125],[34.09833984375001,62.378857421875],[34.16494140625002,62.33916015625],[34.22255859375002,62.293701171875],[34.25654296875001,62.2623046875],[34.26542968750002,62.238232421875],[34.26210937500002,62.210498046875],[34.25517578125002,62.185693359374994],[34.25517578125002,62.1685546875],[34.294042968750006,62.141503906249994],[34.380957031250006,62.092626953125],[34.47675781250001,62.038525390625],[34.53730468750001,61.998974609375],[34.56630859375002,61.968896484374994],[34.5859375,61.937841796875],[34.59375,61.906005859375],[34.594335937500006,61.8740234375],[34.58291015625002,61.846044921875],[34.56240234375002,61.823828125],[34.53125,61.811572265625],[34.49443359375002,61.8076171875],[34.4453125,61.81875],[34.38466796875002,61.843017578125],[34.33564453125001,61.864404296874994],[34.314550781250006,61.868701171875],[34.32265625000002,61.8544921875],[34.34453125000002,61.831201171874994],[34.38798828125002,61.796142578125],[34.4482421875,61.753320312499994],[34.53144531250001,61.704345703125],[34.629980468750006,61.65439453125],[34.7724609375,61.60087890625],[34.87336455289861,61.570222335438395],[32.441494818099486,61.149670347470206],[32.35957031250001,61.180517578125],[31.89863281250001,61.323974609375],[31.870703125,61.34736328125],[31.762304687500006,61.383691406249994],[31.697851562500006,61.415478515625],[31.63691406250001,61.462744140625],[31.620410156250017,61.461083984374994],[31.616503906250017,61.44248046875],[31.619726562500006,61.426953125],[31.603613281250006,61.42255859375],[31.57578125,61.43720703125],[31.533203125,61.49736328125],[31.486132812500017,61.550830078125],[31.36484375,61.62744140625],[31.334082031250006,61.62744140625],[31.32783203125001,61.616650390625],[31.30810546875,61.605029296875],[31.285937500000017,61.615234375],[31.25751953125001,61.641064453125],[31.238183593750023,61.643017578125],[31.172265625000023,61.629785156249994],[31.16064453125,61.618701171875],[31.098437500000017,61.620361328125],[31.071093750000017,61.6451171875],[31.056738281250006,61.689208984375],[31.02587890625,61.71435546875],[30.905664062500023,61.742236328125],[30.895898437500023,61.754443359375],[30.88818359375,61.764794921874994],[30.851953125000023,61.775048828124994],[30.75751953125001,61.733447265625],[30.594335937500006,61.605810546875],[30.593359375,61.579492187499994],[30.61669921875,61.560302734375],[30.605859375000023,61.54130859375],[30.55078125,61.53544921875],[30.5126953125,61.5251953125],[30.486328125,61.51494140625],[30.48066406250001,61.4900390625],[30.466210937500023,61.487158203125],[30.28515625,61.5166015625],[30.23876953125,61.51484375],[30.23486328125,61.492626953125],[30.2515625,61.47265625],[30.252050781250006,61.458642578124994],[30.2373046875,61.446337890625],[30.216894531250006,61.43134765625],[30.2099609375,61.41796875],[30.20087890625001,61.38896484375],[30.179296875,61.37265625],[30.1826171875,61.361083984375],[30.19599609375001,61.347802734374994],[30.19296875,61.32724609375],[30.173925781250006,61.3140625],[30.129980468750006,61.31259765625],[30.09003906250001,61.299267578125],[30.089453125,61.270556640625],[30.094140625000023,61.258544921875],[30.07929687500001,61.242626953125],[30.029101562500017,61.2544921875],[29.94941406250001,61.289404296875],[29.89130859375001,61.294970703125],[29.855078125,61.271240234375],[29.864550781250017,61.2509765625],[29.860156250000017,61.239306640625],[29.836718750000017,61.22607421875],[29.825,61.215576171875],[29.857226562500017,61.18798828125],[30.124902343750023,61.087353515625],[30.29267578125001,61.005126953125],[30.40869140625,60.92802734375],[30.435839843750017,60.902685546875],[30.441210937500017,60.8736328125],[30.455859375000017,60.860009765624994],[30.502050781250006,60.843212890625],[30.52287046304529,60.81787573070432],[29.905591585480074,60.71112747220343],[29.92484531061568,60.68417478389586],[30.051787178688503,60.53424421397343],[28.600840536301185,60.18596023241708],[28.569397959215888,60.19842108364763],[28.43523124168659,60.33733709927263],[28.551247629626044,60.5326419698781],[28.52150824974323,60.62326391812029],[28.431775125963934,60.60346945400896],[28.01143744896198,60.51073034878435],[27.473618540270575,60.426078401762865],[27.406220468981513,60.34481772061052],[27.178481134875067,60.44239386196794],[26.945570978625067,60.37631186123552],[26.922308954699286,60.31612356777849],[26.613076242907294,60.347831331450365],[26.525876078112372,60.396468721587084],[26.55163863609577,60.570697389799975],[26.442835840685614,60.33334311123552],[26.322712931139716,60.27024038906755],[26.037745508654364,60.24929770107927],[25.890101465685614,60.23583563442888],[25.845532450182684,60.11548193569841],[25.580544504626044,60.26233633633318],[25.449894937975653,60.13839682217302],[25.145791086657294,60.10974844570818],[24.992980036242255,60.02957113857927],[24.969470056994208,60.08683355923357]],[[29.697265625,62.609326171875],[29.632714843750023,62.59716796875],[29.616308593750006,62.559375],[29.592871093750006,62.526757812499994],[29.5888671875,62.50029296875],[29.611718750000023,62.461767578125],[29.650292968750023,62.42744140625],[29.62646484375,62.418505859375],[29.508886718750006,62.4669921875],[29.42158203125001,62.52255859375],[29.363867187500006,62.53037109375],[29.35175781250001,62.570556640625],[29.334570312500006,62.60029296875],[29.279199218750023,62.59873046875],[29.261328125,62.550830078125],[29.3,62.475830078125],[29.296679687500017,62.42626953125],[29.264550781250023,62.3935546875],[29.27802734375001,62.348876953125],[29.2984375,62.3126953125],[29.2984375,62.274804687499994],[29.31904296875001,62.2423828125],[29.35273437500001,62.2185546875],[29.3453125,62.185888671875],[29.330468750000023,62.1658203125],[29.197851562500006,62.177148437499994],[29.13935546875001,62.169189453125],[28.97578125000001,62.142431640625],[28.82578125,62.134130859375],[28.78632812500001,62.17724609375],[28.837304687500023,62.185400390625],[28.85224609375001,62.21240234375],[28.870410156250017,62.235009765624994],[28.835058593750006,62.267480468749994],[28.765039062500023,62.3484375],[28.69257812500001,62.38330078125],[28.665820312500017,62.386962890625],[28.667578125,62.368017578125],[28.699023437500017,62.328466796875],[28.670312500000023,62.305859375],[28.6298828125,62.294335937499994],[28.608496093750006,62.27890625],[28.565820312500023,62.221582031249994],[28.505957031250006,62.219873046874994],[28.40625,62.236962890624994],[28.35791015625,62.2697265625],[28.32373046875,62.2873046875],[28.277148437500017,62.27607421875],[28.276464843750006,62.25615234375],[28.143945312500023,62.252490234375],[28.067285156250023,62.24375],[27.970019531250017,62.25888671875],[27.96259765625001,62.2978515625],[27.991113281250023,62.337353515625],[28.0419921875,62.378857421875],[28.039648437500006,62.40888671875],[27.915429687500023,62.4302734375],[27.845800781250006,62.5236328125],[27.758105468750017,62.583154296874994],[27.80146484375001,62.627392578125],[27.75507812500001,62.652392578125],[27.765625,62.679541015625],[27.84931640625001,62.719384765624994],[27.979394531250023,62.73212890625],[28.056738281250006,62.690380859375],[28.13837890625001,62.5380859375],[28.10566406250001,62.475976562499994],[28.102636718750006,62.44189453125],[28.169335937500023,62.43369140625],[28.19091796875,62.447607421875],[28.21142578125,62.507763671875],[28.274316406250023,62.565185546875],[28.34003906250001,62.5771484375],[28.367089843750023,62.587109375],[28.424218750000023,62.57529296875],[28.481738281250017,62.55517578125],[28.55537109375001,62.522607421874994],[28.56513671875001,62.498583984375],[28.496484375000023,62.501416015625],[28.52890625,62.47412109375],[28.659277343750006,62.419970703125],[28.80976562500001,62.381738281249994],[28.898046875,62.39033203125],[28.79902343750001,62.45576171875],[28.653125,62.527246093749994],[28.26435546875001,62.66279296875],[28.26826171875001,62.689208984375],[28.238867187500006,62.705957031249994],[28.211328125000023,62.730029296875],[28.1806640625,62.77177734375],[28.1494140625,62.8037109375],[28.143945312500023,62.825244140625],[28.186816406250017,62.857373046875],[28.15449218750001,62.932958984375],[28.192187500000017,62.963525390624994],[28.262304687500006,62.98359375],[28.308398437500017,63.0029296875],[28.349707031250006,63.025830078125],[28.351953125000023,63.03974609375],[28.279199218750023,63.031396484374994],[28.1064453125,63.008935546874994],[28.00556640625001,63.04033203125],[27.88818359375,63.018896484375],[27.85107421875,63.032080078125],[27.848437500000017,63.07070312499999],[27.80976562500001,63.09228515625],[27.767382812500017,63.099853515625],[27.73603515625001,63.058544921875],[27.774023437500006,62.995703125],[27.76972656250001,62.94560546875],[27.722753906250006,62.954345703125],[27.676562500000017,62.979394531249994],[27.605273437500017,63.0146484375],[27.55878906250001,63.001220703125],[27.43964843750001,63.0234375],[27.358496093750006,63.067919921875],[27.26386718750001,63.145654296874994],[27.337304687500023,63.213330078125],[27.346972656250017,63.27939453125],[27.36279296875,63.315820312499994],[27.338183593750017,63.346044921875],[27.296972656250006,63.355712890625],[27.25019531250001,63.376171875],[27.210546875,63.416650390624994],[27.234375,63.427099609375],[27.233789062500023,63.45654296875],[27.183007812500023,63.51787109375],[27.11279296875,63.546289062499994],[26.89863281250001,63.583984375],[26.8994140625,63.566015625],[26.958886718750023,63.524267578125],[27.020312500000017,63.501025390625],[27.038183593750006,63.5166015625],[27.06796875,63.523193359375],[27.134765625,63.496142578125],[27.1748046875,63.4384765625],[27.190234375000017,63.387548828125],[27.2392578125,63.33203125],[27.246484375000023,63.3083984375],[27.213476562500006,63.30908203125],[27.193164062500017,63.289306640625],[27.196582031250017,63.229248046875],[27.193164062500017,63.169384765625],[27.206835937500017,63.121630859375],[27.19482421875,63.09931640625],[27.176074218750017,63.08359375],[27.330078125,63.001318359375],[27.391210937500006,62.94052734375],[27.414648437500006,62.9015625],[27.494140625,62.8630859375],[27.559863281250017,62.85068359375],[27.56367187500001,62.87734375],[27.5875,62.899658203125],[27.621484375000023,62.916015625],[27.651953125,62.924707031249994],[27.68378906250001,62.911572265625],[27.666796875000017,62.873828125],[27.649511718750006,62.815966796875],[27.66621093750001,62.759521484375],[27.648339843750023,62.7349609375],[27.618554687500023,62.709814453125],[27.608007812500006,62.60078125],[27.669042968750006,62.528466796874994],[27.669921875,62.512841796874994],[27.64667968750001,62.4984375],[27.6,62.494140625],[27.398046875,62.57568359375],[27.37275390625001,62.562402343749994],[27.35205078125,62.5435546875],[27.339453125,62.519140625],[27.29541015625,62.518017578125],[27.19111328125001,62.57177734375],[27.15888671875001,62.577294921874994],[27.177734375,62.55341796875],[27.23583984375,62.507226562499994],[27.297167968750017,62.4767578125],[27.366601562500023,62.482324218749994],[27.41943359375,62.49609375],[27.459082031250006,62.479443359375],[27.48945312500001,62.44306640625],[27.546972656250006,62.411962890625],[27.596875,62.417822265625],[27.67890625000001,62.411962890625],[27.75537109375,62.428613281249994],[27.799609375000017,62.42939453125],[27.844042968750017,62.375634765624994],[27.85205078125,62.353955078125],[27.8765625,62.329248046874994],[27.884863281250006,62.306103515625],[27.902441406250006,62.244482421875],[27.899218750000017,62.1572265625],[27.925683593750023,62.133349609375],[28.03193359375001,62.108349609375],[28.086230468750017,62.100439453125],[28.16816406250001,62.09609375],[28.296679687500017,62.09677734375],[28.40283203125,62.069140625],[28.426855468750006,62.05244140625],[28.579199218750006,61.9927734375],[28.69697265625001,61.920703125],[28.737109375000017,61.89101562499999],[28.83837890625,61.8634765625],[28.839746093750023,61.8462890625],[28.806738281250006,61.827783203124994],[28.672167968750017,61.825585937499994],[28.5390625,61.840869140625],[28.44208984375001,61.767919921875],[28.36875,61.75078125],[28.33935546875,61.749267578125],[28.305566406250023,61.755517578124994],[28.26171875,61.744482421875],[28.247949218750023,61.715625],[28.234375,61.6212890625],[28.1845703125,61.5439453125],[28.147265625000017,61.550732421875],[28.12890625,61.548974609374994],[28.103906250000023,61.522412109375],[28.053808593750006,61.510546875],[27.999609375,61.54931640625],[27.94599609375001,61.6013671875],[27.920996093750006,61.626855468749994],[27.917773437500017,61.65703125],[27.865820312500006,61.696435546874994],[27.816308593750023,61.727880859375],[27.626367187500023,61.8009765625],[27.604785156250017,61.780810546875],[27.62255859375,61.76416015625],[27.705078125,61.7306640625],[27.773046875,61.68525390625],[27.75751953125001,61.65625],[27.678125,61.636376953124994],[27.664648437500006,61.606835937499994],[27.593164062500023,61.58134765625],[27.515039062500023,61.577099609375],[27.49873046875001,61.6],[27.48798828125001,61.618212890625],[27.47089843750001,61.5994140625],[27.472460937500017,61.54990234375],[27.476367187500017,61.538818359375],[27.45917968750001,61.523486328125],[27.358984375,61.53056640625],[27.339160156250017,61.596728515625],[27.327441406250017,61.631787109375],[27.329199218750006,61.692626953125],[27.276269531250023,61.6529296875],[27.29609375000001,61.55703125],[27.297753906250023,61.483642578125],[27.273730468750017,61.468115234375],[27.300585937500017,61.433349609375],[27.264550781250023,61.3787109375],[27.270312500000017,61.324267578125],[27.302832031250006,61.32939453125],[27.367968750000017,61.3259765625],[27.435351562500017,61.2955078125],[27.432421875000017,61.2701171875],[27.40625,61.25947265625],[27.519335937500017,61.22958984375],[27.625292968750017,61.213916015625],[27.677539062500017,61.232324218749994],[27.861914062500006,61.252294921875],[28.07246093750001,61.233154296875],[28.173730468750023,61.188134765624994],[28.197363281250006,61.163427734375],[28.17236328125,61.152880859375],[28.082421875000023,61.178515625],[27.96552734375001,61.188037109375],[27.881640625000017,61.1572265625],[27.891894531250017,61.1140625],[27.91865234375001,61.080322265625],[27.94677734375,61.06767578125],[27.9875,61.079736328124994],[28.291601562500006,61.079980468749994],[28.358789062500023,61.093359375],[28.609960937500006,61.161572265625],[28.787890625000017,61.204150390625],[28.866992187500017,61.247314453125],[28.820410156250006,61.297314453125],[28.714160156250017,61.3517578125],[28.66259765625,61.3677734375],[28.64082031250001,61.3515625],[28.476953125000023,61.332080078125],[28.35957031250001,61.33134765625],[28.345117187500023,61.349365234375],[28.40625,61.370019531249994],[28.463671875000017,61.399267578125],[28.56796875,61.4412109375],[28.58222656250001,61.472998046875],[28.6455078125,61.476171875],[28.69287109375,61.48388671875],[28.679492187500017,61.524365234375],[28.67988281250001,61.55810546875],[28.722460937500017,61.5806640625],[28.789648437500006,61.58994140625],[28.76044921875001,61.609912109375],[28.6083984375,61.6173828125],[28.62910156250001,61.641552734375],[28.73017578125001,61.671240234375],[28.941015625,61.62578125],[29.098437500000017,61.578369140625],[29.115136718750023,61.6001953125],[29.265722656250006,61.61484375],[29.289941406250023,61.648681640625],[29.426171875000023,61.734375],[29.47675781250001,61.742138671875],[29.531054687500017,61.778173828125],[29.60986328125,61.80205078125],[29.660058593750023,61.826074218749994],[29.6943359375,61.83427734375],[29.72705078125,61.84794921875],[29.73261718750001,61.874072265625],[29.776953125,61.889404296875],[29.775390625,61.9064453125],[29.75654296875001,61.949462890625],[29.685449218750023,62.0037109375],[29.638085937500023,62.004541015624994],[29.61484375,61.983056640624994],[29.55244140625001,62.002832031249994],[29.4921875,62.045751953125],[29.4697265625,62.079980468749994],[29.492089843750023,62.0888671875],[29.51777343750001,62.123095703125],[29.60664062500001,62.144775390625],[29.687597656250006,62.138037109375],[29.708300781250017,62.15107421875],[29.9111328125,62.115185546875],[29.981542968750006,62.1328125],[29.96044921875,62.16376953125],[29.87373046875001,62.18505859375],[29.79072265625001,62.19951171875],[29.727441406250023,62.19931640625],[29.647851562500023,62.223388671875],[29.599023437500023,62.269775390625],[29.620214843750006,62.294287109375],[29.640625,62.309912109375],[29.687597656250006,62.315869140625],[29.768457031250023,62.31298828125],[29.792578125,62.334765625],[29.801855468750006,62.361767578125],[29.8349609375,62.388720703125],[29.926171875000023,62.43359375],[29.885351562500006,62.462744140625],[29.825,62.518115234375],[29.775683593750017,62.577294921874994],[29.697265625,62.609326171875]],[[26.6890625,62.78720703125],[26.75,62.7423828125],[26.821875,62.697265625],[26.826757812500006,62.658642578125],[26.81318359375001,62.623291015625],[26.785449218750017,62.60869140625],[26.6904296875,62.6365234375],[26.562890625000023,62.70634765625],[26.502343750000023,62.749951171875],[26.446582031250017,62.796923828125],[26.359472656250006,62.853564453125],[26.35761718750001,62.82626953125],[26.387109375000023,62.7892578125],[26.469042968750017,62.70380859375],[26.450976562500017,62.63320312499999],[26.358984375,62.63330078125],[26.34228515625,62.6078125],[26.216796875,62.572216796875],[26.178125,62.55029296875],[26.184960937500023,62.460351562499994],[26.160058593750023,62.38828125],[26.083789062500017,62.420800781249994],[26.069140625000017,62.45361328125],[26.102929687500023,62.488183593749994],[26.096289062500006,62.51884765625],[26.05625,62.521044921875],[26.0244140625,62.4767578125],[25.938085937500006,62.462255859375],[25.833886718750023,62.5349609375],[25.82050781250001,62.613330078125],[25.912890625000017,62.64794921875],[26.029296875,62.63203125],[26.020410156250023,62.665478515625],[25.97968750000001,62.70615234375],[26.0068359375,62.70966796875],[26.01289062500001,62.7515625],[26.0375,62.796435546875],[26.06660156250001,62.819238281249994],[26.10322265625001,62.826416015625],[26.203222656250006,62.78076171875],[26.302050781250017,62.72890625],[26.370703125,62.725488281249994],[26.364062500000017,62.767578125],[26.2197265625,62.854052734375],[26.0771484375,62.929736328125],[26.014062500000023,62.971923828125],[26.015234375,62.990966796875],[26.079003906250023,62.981396484375],[26.08359375,62.99345703125],[25.99091796875001,63.042578125],[25.932421875000017,63.082177734374994],[25.903417968750006,63.110742187499994],[25.836816406250023,63.129833984375],[25.821679687500023,63.103466796875],[25.7919921875,63.09150390625],[25.68125,63.137451171875],[25.621484375000023,63.18203125],[25.622851562500017,63.215771484375],[25.588769531250023,63.21064453125],[25.50537109375,63.145361328125],[25.440332031250023,63.128271484375],[25.448535156250017,63.09794921875],[25.444238281250023,63.052001953125],[25.383886718750006,63.027587890625],[25.36787109375001,63.0068359375],[25.436328125000017,62.974511718749994],[25.495410156250017,62.957275390625],[25.522070312500006,62.96611328125],[25.541015625,63.030126953125],[25.617480468750017,63.07070312499999],[25.737402343750006,63.045556640624994],[25.832324218750017,63.013525390625],[25.87031250000001,62.98681640625],[25.93408203125,62.91259765625],[25.865820312500006,62.874902343749994],[25.85664062500001,62.825048828125],[25.818359375,62.794140625],[25.831152343750006,62.7830078125],[25.8876953125,62.7560546875],[25.893652343750006,62.719580078125],[25.827050781250023,62.725048828125],[25.794921875,62.704736328124994],[25.781054687500017,62.651513671874994],[25.632226562500023,62.62744140625],[25.64375,62.5890625],[25.689550781250006,62.5427734375],[25.76318359375,62.534228515625],[25.814843750000023,62.491259765625],[25.825,62.44833984375],[25.84052734375001,62.433007812499994],[25.864648437500023,62.44287109375],[25.897070312500006,62.440771484375],[25.922460937500006,62.385400390624994],[25.907128906250023,62.329980468749994],[25.881152343750017,62.291748046875],[25.824023437500017,62.252001953125],[25.7607421875,62.2345703125],[25.735253906250023,62.219189453125],[25.71640625,62.194238281249994],[25.712890625,62.161669921875],[25.667871093750023,62.135595703125],[25.54951171875001,62.14267578125],[25.472070312500023,62.142138671875],[25.498437500000023,62.111181640625],[25.585546875,62.10126953125],[25.671484375,62.0587890625],[25.62451171875,62.005273437499994],[25.542773437500017,61.989160156249994],[25.506152343750017,61.94990234375],[25.510351562500006,61.930712890625],[25.4234375,61.920654296875],[25.317480468750006,61.902001953124994],[25.313867187500023,61.877832031249994],[25.392968750000023,61.8716796875],[25.44355468750001,61.844091796875],[25.388671875,61.793505859375],[25.30625,61.777197265625],[25.2373046875,61.79619140625],[25.209277343750017,61.79365234375],[25.22802734375,61.759375],[25.35761718750001,61.697167968749994],[25.40302734375001,61.669970703125],[25.41816406250001,61.625927734375],[25.39814453125001,61.5837890625],[25.338476562500006,61.58037109375],[25.269921875000023,61.568261718749994],[25.23261718750001,61.54599609375],[25.187890625000023,61.531787109375],[25.19384765625,61.474511718749994],[25.26289062500001,61.388232421875],[25.25458984375001,61.366162109375],[25.2705078125,61.35224609375],[25.302539062500017,61.33369140625],[25.355566406250006,61.31455078125],[25.3935546875,61.28388671875],[25.40595703125001,61.250634765624994],[25.430761718750006,61.25],[25.441796875000023,61.272509765625],[25.465429687500006,61.28037109375],[25.49951171875,61.22890625],[25.458984375,61.15625],[25.3974609375,61.11591796875],[25.355566406250006,61.075585937499994],[25.405371093750006,61.058447265625],[25.454003906250023,61.07275390625],[25.480078125,61.087744140625],[25.518164062500006,61.06171875],[25.548730468750023,61.0265625],[25.591796875,61.023876953125],[25.60322265625001,61.05478515625],[25.563867187500023,61.079541015625],[25.53144531250001,61.11494140625],[25.582617187500006,61.166455078125],[25.656640625000023,61.205859375],[25.645312500000017,61.235009765624994],[25.621484375000023,61.26279296875],[25.670312500000023,61.272705078125],[25.7875,61.21513671875],[25.870996093750023,61.168408203125],[25.9125,61.183544921875],[25.960839843750023,61.190185546875],[26.026171875000017,61.1697265625],[26.10175781250001,61.101318359375],[26.070703125000023,61.00390625],[26.025292968750023,60.96142578125],[26.095117187500023,60.963818359375],[26.15009765625001,61.00302734375],[26.17529296875,61.040917968749994],[26.17841796875001,61.059228515624994],[26.216210937500023,61.08076171875],[26.241113281250023,61.10166015625],[26.18427734375001,61.147802734375],[26.19697265625001,61.17509765625],[26.175390625,61.218115234375],[26.147851562500023,61.25615234375],[26.17255859375001,61.27109375],[26.2119140625,61.26337890625],[26.233691406250017,61.242041015625],[26.256933593750006,61.247265625],[26.254980468750006,61.28447265625],[26.237890625,61.31669921875],[26.278417968750006,61.360302734375],[26.27509765625001,61.37412109375],[26.1625,61.310400390625],[26.10566406250001,61.24560546875],[26.1181640625,61.210546875],[26.08154296875,61.1955078125],[26.027148437500017,61.211865234375],[26.0125,61.234912109375],[25.977441406250023,61.255029296874994],[25.75927734375,61.278466796874994],[25.58027343750001,61.3078125],[25.547265625000023,61.3349609375],[25.557031250000023,61.392529296875],[25.54316406250001,61.42294921875],[25.60664062500001,61.44208984375],[25.640917968750017,61.466796875],[25.5732421875,61.49443359375],[25.582617187500006,61.540576171875],[25.585742187500017,61.59111328125],[25.629980468750006,61.602099609375],[25.705664062500006,61.600976562499994],[25.682031250000023,61.637939453125],[25.68037109375001,61.7119140625],[25.723046875000023,61.778466796874994],[25.721484375000017,61.812744140625],[25.682910156250017,61.801806640625],[25.621679687500006,61.77353515625],[25.588281250000023,61.79296875],[25.615136718750023,61.8416015625],[25.682031250000023,61.8689453125],[25.700976562500017,61.88515625],[25.651464843750006,61.903222656249994],[25.632421875,61.916162109374994],[25.64082031250001,61.950244140625],[25.70332031250001,61.96416015625],[25.774218750000017,61.9666015625],[25.78974609375001,61.99228515625],[25.85791015625,62.001416015625],[25.878320312500023,62.02099609375],[25.82099609375001,62.0720703125],[25.826464843750017,62.148193359375],[25.876269531250017,62.20556640625],[25.898242187500017,62.19951171875],[25.922656250000017,62.148876953125],[25.951171875,62.14462890625],[25.945898437500006,62.21005859375],[25.97421875,62.253564453124994],[26.002343750000023,62.27685546875],[25.978515625,62.3111328125],[25.955957031250023,62.355517578125],[25.992089843750023,62.372509765625],[26.049609375000017,62.347558593749994],[26.089453125,62.29501953125],[26.128222656250017,62.279833984375],[26.127734375000017,62.328955078125],[26.172656250000017,62.358349609375],[26.276953125,62.33994140625],[26.312304687500017,62.367626953125],[26.2880859375,62.406591796875],[26.254296875000023,62.437451171875],[26.238085937500017,62.481298828125],[26.23876953125,62.52197265625],[26.2734375,62.551025390625],[26.3828125,62.56650390625],[26.526464843750006,62.538916015625],[26.557714843750006,62.4900390625],[26.51025390625,62.452783203124994],[26.507617187500017,62.424462890624994],[26.465429687500006,62.427001953125],[26.407031250000017,62.41826171875],[26.38427734375,62.380859375],[26.37939453125,62.345947265625],[26.419921875,62.31767578125],[26.431640625,62.32919921875],[26.42597656250001,62.36591796875],[26.500097656250006,62.391455078125],[26.580468750000023,62.412060546875],[26.62939453125,62.479052734375],[26.66523437500001,62.550927734374994],[26.66230468750001,62.582763671875],[26.690234375000017,62.5955078125],[26.72421875,62.55341796875],[26.73554687500001,62.49443359375],[26.7783203125,62.478857421875],[26.908984375000017,62.45634765625],[26.930078125000023,62.481884765625],[26.886328125,62.495361328125],[26.850976562500023,62.497412109375],[26.825292968750006,62.526416015625],[26.818652343750017,62.563818359375],[26.852636718750006,62.605615234374994],[26.89570312500001,62.623974609375],[26.983691406250017,62.603173828124994],[26.99873046875001,62.613427734374994],[26.9521484375,62.652392578125],[26.98261718750001,62.686376953125],[26.915820312500017,62.744384765625],[26.88007812500001,62.7958984375],[26.957128906250006,62.794189453125],[27.018359375000017,62.80009765625],[27.017968750000023,62.831933593749994],[27.084277343750017,62.8330078125],[27.09228515625,62.84248046875],[26.986328125,62.857666015625],[26.94990234375001,62.85166015625],[26.92724609375,62.858740234375],[26.888671875,62.894580078125],[26.894140625,62.916845703125],[26.92988281250001,62.912744140624994],[26.947656250000023,62.915625],[26.93125,62.940771484375],[26.977929687500023,62.998388671875],[27.033496093750017,63.019433593749994],[26.996484375000023,63.030810546875],[26.91669921875001,63.006591796875],[26.765039062500023,62.97958984375],[26.761523437500017,62.958984375],[26.729101562500006,62.95712890625],[26.713281250000023,62.928955078125],[26.74335937500001,62.865625],[26.73017578125001,62.835888671875],[26.68017578125,62.846044921875],[26.589746093750023,62.90087890625],[26.568359375,62.9],[26.59492187500001,62.87177734375],[26.670703125000017,62.81689453125],[26.6890625,62.78720703125]],[[27.691796875000023,61.011572265625],[27.57929687500001,60.984033203124994],[27.44843750000001,60.993896484375],[27.366992187500017,61.033203125],[27.33955078125001,61.021435546875],[27.34228515625,61.001171875],[27.42890625000001,60.968798828125],[27.53535156250001,60.938232421875],[27.743945312500017,60.949951171875],[27.848730468750006,60.984228515625],[27.80976562500001,61.043701171875],[27.776660156250017,61.06796875],[27.72431640625001,61.0779296875],[27.703515625000023,61.056005859375],[27.691796875000023,61.011572265625]],[[29.42158203125001,62.883154296875],[29.4580078125,62.832568359375],[29.54052734375,62.77373046875],[29.623437500000023,62.740136718749994],[29.666406250000023,62.68203125],[29.741503906250017,62.6970703125],[29.811914062500023,62.73193359375],[29.82246093750001,62.794677734375],[29.747363281250017,62.87568359375],[29.594824218750006,62.981494140625],[29.52197265625,63.0513671875],[29.49365234375,63.029296875],[29.53671875,62.976123046875],[29.5830078125,62.888427734375],[29.562304687500017,62.833642578124994],[29.52119140625001,62.833056640625],[29.472265625,62.869384765625],[29.44013671875001,62.8935546875],[29.42158203125001,62.883154296875]],[[29.345019531250017,62.74541015625],[29.29296875,62.8046875],[29.219335937500006,62.7724609375],[29.2294921875,62.705322265625],[29.1875,62.683837890625],[29.218554687500017,62.65009765625],[29.33857421875001,62.658349609374994],[29.4541015625,62.640966796875],[29.522070312500006,62.705908203125],[29.46484375,62.734423828125],[29.3896484375,62.72119140625],[29.345019531250017,62.74541015625]],[[33.65664062500002,63.433203125],[33.63710937500002,63.47626953125],[33.58623046875002,63.48740234375],[33.44140625,63.44375],[33.35527343750002,63.423974609374994],[33.257421875,63.4234375],[33.28291015625001,63.381689453125],[33.27382812500002,63.341357421875],[33.27382812500002,63.316357421875],[33.30683593750001,63.28369140625],[33.49921875000001,63.216259765625],[33.57216796875002,63.202685546875],[33.70332031250001,63.190185546875],[33.896875,63.18857421875],[34.01708984375,63.20068359375],[34.066015625,63.228759765625],[33.9912109375,63.296826171875],[33.93281250000001,63.418115234374994],[33.84707031250002,63.4384765625],[33.696875,63.40927734375],[33.65664062500002,63.433203125]],[[30.5869140625,62.937109375],[30.60400390625,62.87626953125],[30.538867187500017,62.81982421875],[30.480761718750017,62.787744140624994],[30.501953125,62.779052734375],[30.63447265625001,62.774658203125],[30.658984375000017,62.76689453125],[30.66748046875,62.783837890624994],[30.658984375000017,62.808007812499994],[30.689453125,62.84736328125],[30.741992187500017,62.864111328125],[30.846777343750006,62.954443359375],[30.830859375000017,63.02666015625],[30.7548828125,63.049755859375],[30.703515625000023,63.01240234375],[30.67646484375001,62.9734375],[30.614648437500023,62.965673828125],[30.5869140625,62.937109375]],[[29.29853515625001,63.255712890625],[29.392968750000023,63.182568359375],[29.52802734375001,63.17890625],[29.593652343750023,63.15751953125],[29.8140625,63.14521484375],[29.85419921875001,63.087304687499994],[30.033105468750023,62.959423828125],[30.06464843750001,62.9435546875],[30.136816406250006,62.92880859375],[30.21601562500001,62.86845703125],[30.1552734375,62.7896484375],[30.090234375000023,62.729150390624994],[30.142578125,62.721728515625],[30.228613281250006,62.80439453125],[30.316699218750017,62.80898437499999],[30.32978515625001,62.829150390625],[30.138476562500017,62.973486328125],[29.994433593750017,63.139697265625],[29.958789062500017,63.22666015625],[29.9658203125,63.264599609375],[30.003710937500017,63.270703125],[29.99365234375,63.292724609375],[29.915136718750006,63.315087890624994],[29.83076171875001,63.2912109375],[29.784277343750006,63.294335937499994],[29.721972656250017,63.3154296875],[29.52734375,63.376708984375],[29.371875,63.440087890624994],[29.30927734375001,63.46064453125],[29.18671875000001,63.514306640624994],[29.09199218750001,63.573388671874994],[29.07734375000001,63.563916015625],[29.07148437500001,63.508251953125],[29.04248046875,63.474560546875],[29.123144531250006,63.4068359375],[29.2375,63.323388671874994],[29.29853515625001,63.255712890625]],[[31.052636718750023,61.970117187499994],[30.97119140625,62.064990234375],[30.925585937500017,62.082910156249994],[30.849609375,62.082861328125],[30.85273437500001,62.048779296875],[30.868457031250017,62.00947265625],[30.8681640625,61.973974609375],[30.88525390625,61.940673828125],[30.938867187500023,61.921435546875],[31.019824218750017,61.928759765625],[31.052636718750023,61.970117187499994]],[[26.7046875,61.993017578125],[26.639941406250017,62.011474609375],[26.588281250000023,62.037255859374994],[26.59130859375,62.02177734375],[26.644140625,61.968310546875],[26.697558593750017,61.930712890625],[26.764062500000023,61.912744140624994],[26.809375,61.902490234374994],[26.8095703125,61.8873046875],[26.79609375000001,61.870556640625],[26.774218750000017,61.860888671875],[26.744042968750023,61.870751953124994],[26.713281250000023,61.885644531249994],[26.691992187500006,61.88798828125],[26.68603515625,61.8814453125],[26.683886718750017,61.871533203125],[26.667773437500017,61.8677734375],[26.631445312500006,61.88583984375],[26.60273437500001,61.916796875],[26.57539062500001,61.937451171875],[26.531347656250006,61.939111328124994],[26.52734375,61.928466796875],[26.540332031250017,61.915234375],[26.5244140625,61.89951171875],[26.49072265625,61.890283203124994],[26.463671875000017,61.87470703125],[26.41845703125,61.862890625],[26.376074218750006,61.870263671874994],[26.390625,61.905322265625],[26.427832031250006,61.945068359375],[26.441503906250006,61.962255859375],[26.411914062500017,61.976025390625],[26.351171875,61.934814453125],[26.305468750000017,61.899951171875],[26.2763671875,61.866162109375],[26.29023437500001,61.854052734375],[26.35,61.834326171875],[26.405859375,61.8091796875],[26.46826171875,61.7908203125],[26.553808593750006,61.75810546875],[26.664648437500006,61.68095703125],[26.758105468750017,61.611865234375],[26.778222656250023,61.5759765625],[26.796191406250017,61.55810546875],[26.810546875,61.57070312499999],[26.833789062500017,61.573486328125],[26.86962890625,61.56357421875],[26.88984375000001,61.5689453125],[26.88623046875,61.58076171875],[26.88427734375,61.593505859375],[26.87939453125,61.626123046874994],[26.83710937500001,61.647705078125],[26.77021484375001,61.666357421875],[26.743261718750006,61.694238281249994],[26.795019531250006,61.70322265625],[26.8625,61.6955078125],[26.9375,61.669873046875],[26.99824218750001,61.663671875],[27.037109375,61.662353515625],[27.04453125,61.671240234375],[27.042773437500017,61.688330078125],[27.027636718750017,61.704003906249994],[26.98261718750001,61.71220703125],[26.926660156250023,61.730029296875],[26.9,61.752978515625],[26.894335937500017,61.796533203124994],[26.876757812500017,61.854833984375],[26.880859375,61.87148437499999],[26.872949218750023,61.901757812499994],[26.819238281250023,61.9482421875],[26.754785156250023,61.975146484375],[26.7046875,61.993017578125]],[[26.524218750000017,63.34052734375],[26.459375,63.364501953125],[26.42333984375,63.354296875],[26.41962890625001,63.329492187499994],[26.449023437500017,63.302490234375],[26.511132812500023,63.276220703125],[26.586035156250006,63.234326171875],[26.564843750000023,63.195849609375],[26.490625,63.169824218749994],[26.42890625000001,63.163916015625],[26.36005859375001,63.1865234375],[26.304296875,63.226318359375],[26.256933593750006,63.26044921875],[26.23164062500001,63.2642578125],[26.23486328125,63.247607421875],[26.271875,63.216162109375],[26.35302734375,63.168408203125],[26.4267578125,63.1234375],[26.45361328125,63.09453125],[26.46210937500001,63.06513671875],[26.469335937500006,63.0392578125],[26.468164062500023,63.02392578125],[26.461523437500006,63.014892578125],[26.5375,62.9814453125],[26.629199218750017,62.95185546875],[26.649804687500023,62.961083984374994],[26.648339843750023,62.982275390625],[26.602832031250017,63.0349609375],[26.591699218750023,63.08896484375],[26.629687500000017,63.11357421875],[26.643847656250017,63.138232421875],[26.662890625000017,63.16376953125],[26.713769531250023,63.191162109375],[26.74140625000001,63.226806640625],[26.73291015625,63.256884765625],[26.691503906250006,63.27783203125],[26.649218750000017,63.293212890625],[26.684960937500023,63.303515625],[26.71699218750001,63.3142578125],[26.69746093750001,63.321679687499994],[26.622851562500017,63.32070312499999],[26.524218750000017,63.34052734375]],[[26.278417968750006,61.7505859375],[26.265234375,61.78466796875],[26.24609375,61.822412109374994],[26.237402343750006,61.840966796874994],[26.21943359375001,61.841210937499994],[26.176367187500006,61.79814453125],[26.12646484375,61.767480468749994],[26.032324218750006,61.77216796875],[25.943945312500006,61.79599609375],[25.935546875,61.7857421875],[25.952734375,61.766845703125],[25.96601562500001,61.74326171875],[25.9546875,61.7166015625],[25.93085937500001,61.691455078125],[25.891406250000017,61.675390625],[25.9,61.64697265625],[25.958398437500023,61.618701171875],[26.006640625000017,61.58955078125],[26.059179687500006,61.5546875],[26.113671875000023,61.541650390624994],[26.148242187500017,61.545751953125],[26.158105468750023,61.56494140625],[26.172460937500006,61.600390625],[26.183203125,61.629345703125],[26.166796875000017,61.6529296875],[26.1435546875,61.66904296875],[26.123046875,61.657177734375],[26.103320312500017,61.647998046875],[26.085253906250017,61.65732421875],[26.07246093750001,61.678955078125],[26.07666015625,61.703955078125],[26.12128906250001,61.716210937499994],[26.182714843750006,61.729736328125],[26.24042968750001,61.717822265625],[26.346289062500006,61.655175781249994],[26.473242187500006,61.611572265625],[26.544921875,61.609277343749994],[26.567187500000017,61.6162109375],[26.570214843750023,61.62314453125],[26.563378906250023,61.6482421875],[26.54345703125,61.687548828125],[26.50703125000001,61.718164062499994],[26.46601562500001,61.7353515625],[26.43798828125,61.734912109375],[26.406347656250006,61.716796875],[26.354296875000017,61.71484375],[26.328710937500006,61.713818359375],[26.29462890625001,61.71611328125],[26.279101562500017,61.7328125],[26.278417968750006,61.7505859375]],[[31.12861328125001,63.613037109375],[31.143847656250017,63.629150390625],[31.121972656250023,63.654345703125],[31.113867187500006,63.681005859375],[31.13427734375,63.69775390625],[31.13789062500001,63.708984375],[31.120996093750023,63.7333984375],[31.087695312500017,63.754443359375],[31.08027343750001,63.780078125],[31.09980468750001,63.790234375],[31.140429687500017,63.782617187499994],[31.16953125,63.771240234375],[31.191015625,63.775],[31.19941406250001,63.786181640625],[31.166796875000017,63.814794921875],[31.022753906250017,63.835791015625],[30.89570312500001,63.86787109375],[30.881640625000017,63.8865234375],[30.87275390625001,63.90283203125],[30.83251953125,63.917578125],[30.79707031250001,63.92226562499999],[30.795019531250006,63.87900390625],[30.768457031250023,63.83359375],[30.727148437500006,63.82529296875],[30.748828125000017,63.804638671875],[30.882714843750023,63.789697265624994],[30.916308593750017,63.767333984375],[30.91914062500001,63.737939453124994],[30.912109375,63.70810546875],[30.949121093750023,63.682763671874994],[30.9990234375,63.66767578125],[31.067675781250017,63.640039062499994],[31.12861328125001,63.613037109375]],[[24.496972656250023,61.6677734375],[24.481054687500006,61.647412109375],[24.454003906250023,61.626123046874994],[24.421972656250006,61.620849609375],[24.36767578125,61.628808593749994],[24.32148437500001,61.632714843749994],[24.309472656250023,61.621240234374994],[24.33320312500001,61.606591796874994],[24.357519531250006,61.587451171875],[24.305566406250023,61.552734375],[24.25410156250001,61.5294921875],[24.171191406250017,61.48359375],[24.043261718750017,61.423095703125],[24.017480468750023,61.369091796875],[24.03535156250001,61.31181640625],[24.02099609375,61.28203125],[23.980761718750017,61.255761718749994],[23.952050781250023,61.224023437499994],[23.918847656250023,61.210546875],[23.844824218750006,61.22822265625],[23.802539062500017,61.259912109374994],[23.773046875,61.28251953125],[23.781347656250006,61.214111328125],[23.874804687500017,61.183251953124994],[24.030175781250023,61.153857421875],[24.277246093750023,61.092675781249994],[24.352148437500006,61.073144531249994],[24.413964843750023,61.03583984375],[24.439257812500017,61.031201171875],[24.39570312500001,61.070556640625],[24.3369140625,61.119580078125],[24.329882812500017,61.139013671875],[24.354101562500006,61.141796875],[24.3720703125,61.14521484375],[24.35517578125001,61.161865234375],[24.295507812500006,61.186962890625],[24.24189453125001,61.1951171875],[24.176367187500006,61.182519531249994],[24.091796875,61.185107421875],[24.04072265625001,61.207177734374994],[24.013964843750017,61.230615234374994],[24.024023437500006,61.24677734375],[24.080468750000023,61.259521484375],[24.1611328125,61.28046875],[24.244531250000023,61.288720703124994],[24.279296875,61.2931640625],[24.24042968750001,61.31494140625],[24.15839843750001,61.327539062499994],[24.12841796875,61.34375],[24.15283203125,61.3759765625],[24.168554687500006,61.403515625],[24.171875,61.423095703125],[24.194238281250023,61.45673828125],[24.2646484375,61.496435546875],[24.341894531250006,61.52021484375],[24.469335937500006,61.527978515624994],[24.506738281250023,61.552490234375],[24.455664062500006,61.59013671875],[24.49335937500001,61.6140625],[24.557519531250023,61.639599609375],[24.6083984375,61.6544921875],[24.635156250000023,61.655517578125],[24.659277343750006,61.656103515625],[24.673632812500017,61.667822265625],[24.7021484375,61.7021484375],[24.69111328125001,61.72138671875],[24.603613281250006,61.702539062499994],[24.52412109375001,61.686914062499994],[24.490820312500006,61.67900390625],[24.496972656250023,61.6677734375]],[[23.83369140625001,61.636474609375],[23.819921875,61.645947265625],[23.73945312500001,61.651025390624994],[23.74287109375001,61.672509765624994],[23.766992187500023,61.70322265625],[23.785742187500006,61.72880859375],[23.775781250000023,61.755810546875],[23.758398437500006,61.785693359375],[23.85175781250001,61.834912109375],[23.953515625000023,61.88017578125],[23.962011718750006,61.893798828125],[24.004296875000023,61.90693359375],[24.052832031250006,61.927490234375],[24.10498046875,61.951074218749994],[24.11933593750001,61.988183593749994],[24.094335937500006,62.02021484375],[24.180761718750006,62.010302734375],[24.2939453125,61.99638671875],[24.377050781250006,61.989794921875],[24.41748046875,61.987353515625],[24.416796875000017,61.9953125],[24.482421875,62.00126953125],[24.549121093750017,61.993066406249994],[24.59912109375,61.964746093749994],[24.677636718750023,61.929150390625],[24.7060546875,61.921484375],[24.683886718750017,61.9494140625],[24.63398437500001,61.985888671875],[24.63046875,62.042724609375],[24.685937500000023,62.0953125],[24.708886718750023,62.133740234375],[24.728417968750023,62.180712890625],[24.722265625,62.198046875],[24.681542968750023,62.193603515625],[24.67353515625001,62.229296875],[24.661523437500023,62.265625],[24.6298828125,62.26279296875],[24.61083984375,62.25107421875],[24.61328125,62.227197265624994],[24.615136718750023,62.20478515625],[24.60078125000001,62.201074218749994],[24.585253906250017,62.196826171875],[24.582421875000023,62.180322265624994],[24.59931640625001,62.145654296874994],[24.611328125,62.108544921874994],[24.5947265625,62.09023437499999],[24.53271484375,62.106347656249994],[24.437890625000023,62.140771484374994],[24.362597656250017,62.155810546875],[24.34296875000001,62.145556640625],[24.38398437500001,62.119042968749994],[24.45859375,62.0994140625],[24.52412109375001,62.080908203125],[24.56513671875001,62.0453125],[24.49755859375,62.027246093749994],[24.37519531250001,62.02900390625],[24.324316406250006,62.030029296875],[24.30439453125001,62.042382812499994],[24.318945312500006,62.0728515625],[24.335351562500023,62.102685546874994],[24.320898437500006,62.114794921875],[24.30078125,62.1203125],[24.28535156250001,62.117041015625],[24.257421875,62.0802734375],[24.220117187500023,62.045068359374994],[24.18115234375,62.044580078124994],[24.126269531250017,62.057421875],[24.1171875,62.0921875],[24.12265625,62.123486328125],[24.1455078125,62.142578125],[24.180957031250017,62.157080078125],[24.12177734375001,62.15087890625],[24.033789062500006,62.154052734375],[23.979882812500023,62.15966796875],[23.95429687500001,62.159814453124994],[23.952929687500017,62.177587890625],[23.97900390625,62.20830078125],[23.999121093750006,62.23193359375],[23.967871093750006,62.233203125],[23.92822265625,62.22138671875],[23.915136718750006,62.18789062499999],[23.905859375,62.1541015625],[23.88496093750001,62.14208984375],[23.85498046875,62.1396484375],[23.810449218750023,62.1552734375],[23.75,62.15869140625],[23.701171875,62.16357421875],[23.68310546875,62.19111328125],[23.691210937500017,62.2134765625],[23.699023437500017,62.227441406249994],[23.675195312500023,62.226708984374994],[23.64453125,62.215478515624994],[23.637988281250017,62.1974609375],[23.64912109375001,62.165625],[23.6734375,62.136621093749994],[23.68427734375001,62.125048828125],[23.68125,62.11630859375],[23.738085937500017,62.102880859375],[23.87265625,62.094873046874994],[23.97382812500001,62.090185546875],[24.00341796875,62.0759765625],[24.014550781250023,62.038134765625],[24.015917968750017,62.00029296875],[24.02460937500001,61.98671875],[24.031640625000023,61.97421875],[23.951464843750017,61.9435546875],[23.865136718750023,61.9111328125],[23.859375,61.894140625],[23.861328125,61.879052734374994],[23.837792968750023,61.86982421875],[23.750878906250023,61.877197265625],[23.70820312500001,61.864794921875],[23.724511718750023,61.8357421875],[23.70332031250001,61.82451171875],[23.6923828125,61.809814453125],[23.679785156250006,61.77685546875],[23.66748046875,61.744921875],[23.6669921875,61.728076171875],[23.62060546875,61.7115234375],[23.602832031250017,61.68789062499999],[23.626757812500017,61.665234375],[23.631933593750006,61.65166015625],[23.602929687500023,61.646875],[23.5703125,61.64140625],[23.59931640625001,61.623388671875],[23.626757812500017,61.589257812499994],[23.63837890625001,61.556103515625],[23.676660156250023,61.53056640625],[23.70859375,61.510888671874994],[23.638769531250006,61.49072265625],[23.508691406250023,61.450732421875],[23.41552734375,61.41767578125],[23.36474609375,61.403125],[23.349023437500023,61.389550781249994],[23.38037109375,61.381884765625],[23.43964843750001,61.37148437499999],[23.485253906250023,61.331298828125],[23.572265625,61.296142578125],[23.675,61.275830078125],[23.71748046875001,61.261621093749994],[23.724511718750023,61.270263671875],[23.71748046875001,61.286865234375],[23.711816406250023,61.303759765625],[23.706835937500017,61.317333984375],[23.646484375,61.331396484375],[23.56757812500001,61.34814453125],[23.52753906250001,61.36884765625],[23.506738281250023,61.3908203125],[23.511035156250017,61.41904296875],[23.610742187500023,61.46025390625],[23.73046875,61.495361328125],[23.776464843750006,61.52099609375],[23.790820312500017,61.56025390625],[23.79804687500001,61.59921875],[23.784375,61.6123046875],[23.771777343750017,61.618115234375],[23.83369140625001,61.636474609375]],[[22.97480468750001,61.395166015624994],[22.840625,61.340722656249994],[22.717871093750006,61.300390625],[22.6630859375,61.26806640625],[22.63154296875001,61.233984375],[22.5791015625,61.210986328125],[22.612890625,61.20166015625],[22.658593750000023,61.21904296875],[22.701953125000017,61.2625],[22.846582031250023,61.324072265625],[22.98652343750001,61.3693359375],[23.045703125000017,61.3857421875],[23.09980468750001,61.392041015625],[23.185351562500017,61.40664062499999],[23.240625,61.417138671874994],[23.24384765625001,61.424169921875],[23.24873046875001,61.43310546875],[23.292578125,61.452050781249994],[23.259863281250006,61.46044921875],[23.13671875,61.4455078125],[23.05341796875001,61.42880859375],[22.97480468750001,61.395166015624994]],[[37.01533203125001,62.4279296875],[36.90869140625,62.466259765625],[36.84707031250002,62.458935546875],[36.81298828125,62.4302734375],[36.80205078125002,62.3638671875],[36.784277343750006,62.291259765625],[36.76796875000002,62.260400390624994],[36.775976562500006,62.238818359375],[36.82705078125002,62.222900390625],[36.86738281250001,62.198095703125],[36.89833984375002,62.179345703124994],[36.983007812500006,62.211181640625],[37.025488281250006,62.26171875],[37.01162109375002,62.295458984375],[37.03486328125001,62.368408203125],[37.01533203125001,62.4279296875]],[[34.98955078125002,63.585107421874994],[34.861425781250006,63.68818359375],[34.85673828125002,63.720849609374994],[34.615820312500006,63.7662109375],[34.64404296875,63.78916015625],[34.562597656250006,63.816357421875],[34.42841796875001,63.8482421875],[34.347265625,63.851171875],[34.284375,63.777001953124994],[34.21435546875,63.676025390625],[34.215429687500006,63.613037109375],[34.26640625000002,63.656201171875],[34.30781250000001,63.69189453125],[34.35810546875001,63.696679687499994],[34.45332031250001,63.623388671875],[34.525390625,63.50244140625],[34.51679687500001,63.483935546875],[34.55214843750002,63.458984375],[34.70195312500002,63.39882812499999],[34.80400390625002,63.325634765625],[34.83535156250002,63.2763671875],[34.85292968750002,63.225244140624994],[34.858496093750006,63.172314453125],[34.890722656250006,63.10654296875],[34.89863281250001,63.0546875],[34.87343750000002,63.04033203125],[34.86396484375001,63.010400390624994],[34.86748046875002,62.97607421875],[34.86103515625001,62.941162109375],[34.86308593750002,62.91904296875],[34.91044921875002,62.950830078124994],[34.945898437500006,63.033251953125],[34.95732421875002,63.118994140625],[34.95302734375002,63.181054687499994],[34.88505859375002,63.293896484375],[34.82880859375001,63.43369140625],[34.87158203125,63.463769531249994],[34.97685546875002,63.429101562499994],[35.049414062500006,63.398876953125],[35.09941406250002,63.38310546875],[35.17236328125,63.380517578124994],[35.19277343750002,63.403955078124994],[35.38173828125002,63.43408203125],[35.413183593750006,63.44794921875],[35.373632812500006,63.49228515625],[35.24921875000001,63.491748046875],[35.144628906250006,63.482324218749994],[35.012792968750006,63.50556640625],[34.95253906250002,63.540234375],[34.98408203125001,63.564111328124994],[34.98955078125002,63.585107421874994]],[[38.79726562500002,61.45244140625],[38.70820312500001,61.421044921874994],[38.67470703125002,61.389599609375],[38.65058593750001,61.34443359375],[38.6474609375,61.273388671875],[38.663183593750006,61.21650390625],[38.69707031250002,61.19853515625],[38.761328125,61.195458984374994],[38.836523437500006,61.206640625],[38.88564453125002,61.228759765625],[38.89492187500002,61.254833984375],[38.87490234375002,61.289013671875],[38.85761718750001,61.323144531249994],[38.88417968750002,61.38115234375],[38.91669921875001,61.444726562499994],[38.894140625,61.466943359374994],[38.79726562500002,61.45244140625]],[[39.187597656250006,60.49609375],[39.18505859375,60.616943359375],[39.17265625000002,60.679736328125],[39.08515625000001,60.718164062499994],[38.93769531250001,60.76708984375],[38.865820312500006,60.77734375],[38.844335937500006,60.734326171875],[38.88984375000001,60.6640625],[38.89199218750002,60.584912109375],[38.90898437500002,60.5859375],[38.95849609375,60.594580078125],[39.00830078125,60.57333984375],[39.05449218750002,60.522900390625],[39.068945312500006,60.474609375],[39.04150390625,60.437841796875],[39.02783203125,60.410791015624994],[39.03125,60.3953125],[39.095703125,60.394482421875],[39.15029296875002,60.44248046875],[39.187597656250006,60.49609375]]]]}},{"type":"Feature","properties":{"name":"Great Moravia","subject":"Great Moravia","partOf":"Slavic tribes","borderPrecision":1,"color":"#8f9a74"},"geometry":{"type":"MultiPolygon","coordinates":[[[[16.49325565057488,48.393376690296876],[15.254670470165767,48.686194860965806],[14.59887084730773,48.84123469910373],[14.631892400054015,48.83342796055982],[13.950494743863539,48.71969793484341],[12.661831603478896,49.51150855230703],[12.398839125849378,50.17294403782561],[13.843178758951693,50.65126127946679],[14.318684212544863,50.8087328683752],[15.002464654381606,50.9083392075322],[16.685616511210526,50.18978501205717],[18.542908392399653,49.68217508325022],[18.91224505000572,50.061973282754366],[22.22796807656948,50.043132795978366],[22.13994003161647,49.24514213856263],[21.523743716945322,48.57013917730057],[20.89287606144869,47.98429758729791],[20.03676440886501,47.751479464458974],[19.73384013623392,47.669099718425294],[18.648160915146672,46.93286651035809],[17.41576828580439,46.94288396909102],[17.72386644313996,47.73821282843878],[17.487184823239456,47.916824362675264],[17.37175426332788,48.003933912678555],[16.94946863202723,47.95169624092786],[16.49325565057488,48.393376690296876]]]]}},{"type":"Feature","properties":{"name":"Bulgars","subject":"Bulgars","partOf":"Bulgars","borderPrecision":1,"color":"#8b7fa6"},"geometry":{"type":"MultiPolygon","coordinates":[[[[19.618388655464845,41.5755092980714],[19.769292127667324,41.590316276012125],[19.703523782874115,41.91122752339029],[22.162289301192004,42.38610418088141],[22.14060669114714,42.50021357924387],[22.34416980679047,42.61555464831348],[22.34416980679047,42.97175656773453],[22.51641552002714,43.61001771635002],[22.375487209197143,43.83634427329723],[22.45571611770208,44.61000752521677],[26.11800609169176,44.83696171869182],[27.45864333919873,45.5629595403481],[28.779064013494036,45.41897065506335],[29.089749369127997,44.875732027251146],[28.918236765368224,44.765750490385905],[28.68624785850788,44.48805197354021],[28.445693048937564,43.47636374111832],[28.18705848167682,43.45011862393084],[28.03463843773151,43.391902528960124],[27.83616355369831,42.73552282925307],[27.65404418419147,42.68373831387223],[27.49470237205768,42.40090139980974],[24.035180269420646,42.19360134662925],[22.573086844306108,41.97296613615556],[21.606655237423496,41.78584355209337],[21.081901817097155,40.60514835635911],[19.416991266711005,41.3452525960988],[19.498915705187567,41.523620210844896],[19.619383844836005,41.55930288906755],[19.618388655464845,41.5755092980714]]]]}},{"type":"Feature","properties":{"name":"Serbia","subject":"Serbia","partOf":"Serbia","borderPrecision":1,"color":"#8f9a74"},"geometry":{"type":"MultiPolygon","coordinates":[[[[19.703523782874115,41.91122752339029],[19.683169271049,42.01054569537879],[18.80628200366233,42.72780688888992],[17.624597704507156,43.47170532298463],[22.455716117702078,44.610007525216766],[22.375487209197143,43.83634427329723],[22.51641552002714,43.61001771635002],[22.34416980679047,42.97175656773453],[22.34416980679047,42.61555464831348],[22.14060669114714,42.50021357924387],[22.162289301192004,42.38610418088141],[19.703523782874115,41.91122752339029]]]]}},{"type":"Feature","properties":{"name":"Croatian kingdom","subject":"Croatian kingdom","partOf":"Croatian kingdom","borderPrecision":1,"color":"#739b91"},"geometry":{"type":"MultiPolygon","coordinates":[[[[17.663667332963538,43.44711006056967],[17.55358590739566,43.5164089419726],[16.988562365505867,43.3254725977224],[16.884441,43.403053],[16.618889,43.448883],[16.348331000000144,43.550827],[15.988333,43.50444],[15.969166,43.633606],[15.688889,43.778885],[15.405554000000109,43.965271],[15.149468454821356,44.2399288045949],[15.174534,44.24612000000012],[15.292776,44.2575],[15.287905,44.323875],[15.181665,44.438606],[15.000832,44.56860400000011],[14.888611,44.712494],[14.881943,44.859161],[14.911388000000102,44.914993],[14.920832,44.966942],[14.842499,45.111664000000125],[14.717499,45.15277100000012],[14.584999,45.25222],[14.482777,45.311104],[14.329443,45.354439],[14.468821770338996,45.69550672345911],[15.235870478277967,46.140719755906794],[15.945950167877665,46.89176110257741],[16.256849713994622,46.68461984758745],[16.57002373806129,46.555561039808836],[16.945832566941288,46.20989987843047],[17.603498017481293,46.03624845164857],[19.73308138113464,46.166538334713756],[19.204600215522117,43.53060143896955],[18.328691616960672,43.570322667183056],[17.663667332963538,43.44711006056967]]]]}},{"type":"Feature","properties":{"name":"Chelmia","subject":"Chelmia","partOf":"Chelmia","borderPrecision":1,"color":"#b69578"},"geometry":{"type":"MultiPolygon","coordinates":[[[[19.769292127667324,41.590316276012125],[19.618388655464845,41.5755092980714],[19.606965097887763,41.76153906460466],[19.457886728747138,41.79808386440935],[19.36771300743366,41.84637030239763],[19.143036875231513,41.93209036465349],[19.135544809801825,41.99954184170427],[18.909899744494208,42.217792116362475],[18.528643640978583,42.35274466152849],[18.001368555529364,42.694457613188646],[17.547980341418036,42.92011984463396],[17.304074229587822,43.076207478853945],[17.075087580187567,43.22274740811052],[16.992262873156317,43.32271536465349],[16.988562365505867,43.3254725977224],[17.55358590739566,43.5164089419726],[17.663667332963538,43.44711006056967],[18.80628200366233,42.72780688888992],[19.683169271049,42.01054569537879],[19.703523782874115,41.91122752339029],[19.769292127667324,41.590316276012125]]]]}},{"type":"Feature","properties":{"name":"Volga Bulgars","subject":"Volga Bulgars","partOf":"Volga Bulgars","borderPrecision":1,"color":"#b69578"},"geometry":{"type":"MultiPolygon","coordinates":[[[[52.72820366272452,51.8891571801268],[52.294557883602664,52.487772061488215],[47.82687562021761,54.41887402239682],[47.16377390840276,54.3760825299107],[48.21577312296412,57.7086220534561],[51.78568869315165,57.7086220534561],[53.97646398874319,57.7086220534561],[53.92448387264525,57.601384527021416],[57.34145456427939,56.82837715482714],[57.74779512105446,54.75415814615255],[55.142898354160906,53.26737743590917],[52.72820366272452,51.8891571801268]]]]}},{"type":"Feature","properties":{"name":"Carolingian Empire","subject":"Carolingian Empire","partOf":"Carolingian Empire","borderPrecision":1,"color":"#a88992"},"geometry":{"type":"MultiPolygon","coordinates":[[[[8.087040460485808,53.35242774715968],[7.129899112314641,52.77750888139408],[6.799594833664567,51.9030522700419],[6.050905135391061,51.835068980483925],[6.072925420634402,50.99737876473578],[6.601412266474521,49.361829435429186],[8.120811948264867,48.81383476000612],[7.856568525344806,47.342768485588294],[8.20889308923822,46.01335692984998],[13.515781832882762,46.1965670657162],[14.604202945814402,45.554599401415665],[14.354488405688056,45.32289084072771],[14.238621744616278,45.06235464688005],[14.174608263476141,45.01038702603044],[14.188512835009345,44.94254644985857],[14.060400042040595,44.8947025167531],[13.991256746752509,44.783099733549975],[13.895102533800848,44.759181581694506],[13.672059092028388,45.05035742397966],[13.643589052660712,45.17908819790544],[13.526890787585028,45.454310976225756],[13.556276354296454,45.45960196133318],[13.749085459215888,45.49433096523943],[13.799984011156806,45.566371523100756],[13.673180613024481,45.71450766201677],[13.564614328844794,45.72652395840349],[13.437729868395575,45.63843115444841],[13.367695841295966,45.69448813076677],[13.156165155871161,45.72652395840349],[13.104608568651923,45.58238562222185],[12.89865020225788,45.55837210293474],[12.448155436022528,45.394286714751146],[12.483212503893622,45.46231421108904],[12.2797432274654,45.40228994961443],[12.2514171929195,45.290282808501146],[12.180371317370184,45.27027853604021],[12.176189455492743,45.21429022427263],[12.31251338432575,45.17829474087419],[12.322136911852606,45.04236563320818],[12.408988031847723,44.98900946255388],[12.52309039543415,44.882751070219896],[12.476044687731513,44.78708609219255],[12.377765212618073,44.73152979906547],[12.273584398730048,44.67263754482927],[12.280731234057196,44.55012472744646],[12.345076593859442,44.30104025479021],[12.50811700804947,44.131458090135354],[12.697230371935614,43.93475683804216],[13.600871119005927,43.53480490322771],[13.73155692528034,43.37416037197771],[13.791634592516669,43.123344026762865],[13.915090593798407,42.87276419277849],[14.076401988771625,42.633776395633475],[13.906235436490105,41.86503637239754],[13.760507236067033,41.20669841656926],[13.498390230639227,41.301864229399584],[13.271446260912665,41.31423910732927],[12.976777109606513,41.3713756429738],[12.641516718371161,41.53109701748552],[12.394848856432684,41.72954901333513],[11.963433298571356,42.00474127407732],[11.960132972273149,42.00737273979235],[11.49736503074909,42.37635382290544],[11.10476306389118,42.54908331509294],[10.7427559227779,42.850509248930834],[10.4877453179195,43.23593863125505],[10.337910145780594,43.59620282818045],[10.292479547961005,43.705436311919115],[10.261382707897823,43.74523947500629],[10.155236147666239,43.8811043680133],[10.136747393114813,43.904769502837084],[9.909300837023505,44.11047705288591],[9.825498048876707,44.152548314494645],[9.691935572130927,44.21960028286638],[9.157044443590888,44.37323721523943],[8.89658549736286,44.437186800200365],[8.671724352343329,44.417403780180834],[8.342789137514062,44.220187813196446],[8.186360392077216,44.12639959927263],[8.08956766177473,44.050829496605],[7.979526552660712,43.96491583462419],[7.689120325548895,43.88704641934099],[7.552810224993475,43.867450319487475],[7.467525371293705,43.81083423046961],[7.397118601305731,43.76409491177263],[7.297616514666327,43.66730078335466],[6.9230800003841,43.44766577358904],[6.523014101488837,43.15085180874529],[6.3312249512508,43.111869417387865],[6.187778505785712,43.09228857632341],[5.828570398791083,43.02081640835466],[5.646554979784735,43.033317171294115],[5.434490236742743,43.103656374174975],[5.051816973192938,43.32809790249529],[4.909845861895331,43.366439424712084],[4.7505946488216,43.35325964565935],[4.64651397178913,43.32086523647966],[4.46133696802767,43.34124082156746],[4.107614962666455,46.56305366405475],[4.94438580191331,47.538245860797474],[3.598057457283223,51.31862352034122],[3.681297096712836,51.32141836758318],[3.775046858294257,51.3877445089406],[3.743475946886786,51.46045263882341],[3.520320448382147,51.57913550015154],[3.878135714037665,51.79172857876482],[4.264411482317694,52.07089193936052],[4.387240442736395,52.230365358549975],[4.64101270149494,52.75569876309099],[4.718774351580389,52.8024173605031],[5.008403810961493,52.856193147856615],[5.173285517199286,52.74341925259294],[5.234628233416327,52.6228519308156],[5.108244451983222,52.53150137539568],[5.0060878128841,52.556884371001146],[5.035744223101386,52.33371695156755],[4.949828180773505,52.277946077544115],[5.473186525805243,52.17660482998552],[5.574368986590155,52.28301581021013],[5.75691321800495,52.33371695156755],[5.817143949969061,52.521361910063646],[5.611254724962958,52.53150137539568],[5.555709871752509,52.58732184048357],[5.546892675860175,52.678695284087084],[5.653440508349188,52.74977835293474],[5.576382669909247,52.759933077055834],[5.325746092303046,52.79040869351091],[5.35801938484455,52.93774756069841],[5.342753443224677,52.99631079312029],[5.332119974596747,53.01144751187029],[5.389523062212714,53.13857229824724],[5.64734986732746,53.22775992031755],[5.966306719286688,53.3350101339406],[6.260716471178778,53.321742616850756],[6.750721964342841,53.38986166592302],[6.861045393450507,53.26576193447771],[7.009059462054022,53.2454105245656],[7.043283495409735,53.16400488491716],[7.159938845141181,53.164001070219896],[7.1897454590633,53.2301402914113],[6.980709108813056,53.31665762539568],[7.037332090838202,53.51014670010271],[7.165639433367499,53.59167059536638],[7.332391771776923,53.60442694302263],[7.83638099144245,53.63209494229021],[7.875028892811022,53.63368572603227],[7.968539270861395,53.63753470059099],[8.011022600634345,53.565692506987475],[8.098732981188544,53.443934999663256],[8.02908233116413,53.37264975186052],[8.087040460485808,53.35242774715968]]]]}},{"type":"Feature","properties":{"name":"Carolingian Empire","subject":"Carolingian Empire","partOf":"Carolingian Empire","borderPrecision":1,"color":"#a88992"},"geometry":{"type":"MultiPolygon","coordinates":[[[[9.357456240160712,41.901210390288256],[9.304538759691962,41.57526739712419],[9.17302421043659,41.349906526762865],[9.038939508898505,41.369498811919115],[9.013268503649481,41.4576793539113],[8.828752550585516,41.49197729702654],[8.72692111442829,41.56056936855974],[8.854648622973212,41.653678499419115],[8.823254618151434,41.68797644253435],[8.626926455004462,41.73208960171404],[8.742449793322333,41.88159903164568],[8.6928291649654,41.91346319790544],[8.561865839464911,41.88159903164568],[8.53793242882038,41.947780214507006],[8.589588198168524,41.95759161587419],[8.668312105639227,42.028686128813646],[8.62645438621784,42.097343050200365],[8.510698351366766,42.13412436123552],[8.517246279223212,42.207702242094896],[8.628421816332587,42.261657320219896],[8.5004463524654,42.3597789632863],[8.609300646288641,42.48734625454607],[8.879002603991278,42.62476690884294],[9.00039294670368,42.63458975430193],[9.018427881701239,42.691039644438646],[9.149460825426825,42.71067007656755],[9.237692865832098,42.66403921719255],[9.280391726000556,42.72785528774919],[9.270520243151434,42.88251074429216],[9.303189310534247,42.9831920492238],[9.367051157458075,42.98810156460466],[9.414238962633856,42.90952643032732],[9.432161364062079,42.79413565273943],[9.405494722826727,42.58059652920427],[9.458552393419989,42.556056581694506],[9.486711534960516,42.40637930508318],[9.452508959276923,42.048305116850756],[9.357456240160712,41.901210390288256]]],[[[-2.465543475540894,47.49438437075977],[-2.576483931872983,47.32486685375899],[-2.576483932034723,47.3248668539113],[-2.465543475735392,47.49438437086202],[-2.465543475540894,47.49438437075977]]]]}},{"type":"Feature","properties":{"name":"East Francia","subject":"East Francia","partOf":"Carolingian Empire","borderPrecision":1,"color":"#a88992"},"geometry":{"type":"MultiPolygon","coordinates":[[[[14.604202945814402,45.554599401415665],[13.515781832882762,46.1965670657162],[8.20889308923822,46.01335692984998],[7.856568525344806,47.342768485588294],[8.120811948264867,48.81383476000612],[6.601412266474521,49.361829435429186],[6.072925420634402,50.99737876473578],[6.050905135391061,51.835068980483925],[6.799594833664567,51.9030522700419],[7.129899112314641,52.77750888139408],[8.087040460485808,53.35242774715968],[8.174986872179755,53.321742616850756],[8.241933855517157,53.35229071255388],[8.26077178428913,53.43884619351091],[8.189001116259345,53.53052099819841],[8.305650743944891,53.52543219204607],[8.501803431017645,53.449027620512865],[8.428657564623602,53.61204870815935],[8.516240577802119,53.76104174747834],[8.539542231066473,53.80068167324724],[8.585600878480873,53.79307781558178],[8.848478350146063,53.749679170805834],[9.125039133532294,53.79047735806169],[8.857097658617743,53.866988741118334],[8.818971666796454,53.969039522368334],[8.946340593798407,54.014972292143725],[8.832654032213934,54.06601675625505],[8.77878764580036,54.132403932768725],[8.853296312792548,54.16815527554216],[8.88401225517536,54.229449831206225],[8.9616829623637,54.27590912757962],[9.056175542623782,54.34859572777968],[9.13613080284385,54.29771510763964],[9.165205442923876,54.319521087699655],[9.21608606306392,54.29044644761963],[9.259698023183956,54.30498376765964],[9.296041323283987,54.2468344874996],[9.441414523684113,54.2468344874996],[9.44868318370412,54.188685207339546],[9.674011644324313,54.188685207339546],[9.739429584504368,54.27590912757962],[9.826653504744444,54.27590912757962],[9.884802784904494,54.2541031475196],[10.141728434069403,54.33675345059099],[10.212877306444891,54.37191732998552],[10.34023955772663,54.36231573696794],[10.445974382860907,54.29203375454607],[10.648594889147528,54.25897558804216],[11.038605722887763,54.313251100737475],[11.073005709154852,54.219630800444506],[11.015887293322333,54.09665640469255],[10.716716799242743,53.96393164272966],[10.77092198337268,53.930865647944174],[10.858920130236395,53.87718542690935],[10.883711053577748,53.88237572131042],[10.893506027075912,53.88442642331155],[10.960404311878575,53.89843242818161],[11.151377710802802,53.938415132719896],[11.202488932116278,53.85678442593279],[11.407822641833075,53.8592906820363],[11.565019640429266,54.035384737212084],[12.041073832018622,54.09665640469255],[12.652518305285223,54.32142599697771],[12.76480010460163,54.27032812710466],[12.943138155443915,54.346984468657396],[13.025811228258856,54.265216432768725],[13.063765558703192,54.19368704434099],[13.431016001208075,54.03024633999529],[13.667614969713934,54.084167085844896],[13.73778251121784,54.03028830166521],[13.78049949119831,53.77517660732927],[12.964272952752845,51.517884598091186],[13.843178758951693,50.65126127946679],[12.398839125849378,50.17294403782561],[12.661831603478896,49.51150855230703],[13.950494743863539,48.71969793484341],[14.631892400054015,48.83342796055982],[15.254670470165767,48.686194860965806],[16.49325565057488,48.393376690296876],[16.94946863202723,47.95169624092786],[16.28784038879604,47.25892909289383],[15.604059946959293,46.59439736032079],[15.235870478277967,46.140719755906794],[14.604202945814402,45.554599401415665]]]]}},{"type":"Feature","properties":{"name":"Chauhans","subject":"Chauhans","partOf":"Chauhans","borderPrecision":1,"color":"#a88992"},"geometry":{"type":"MultiPolygon","coordinates":[[[[76.30908035561204,27.045147438940386],[74.1173958209184,26.544342617090322],[72.62766425774089,28.366551993013818],[73.48542193815386,28.570558238040974],[77.06013118879203,29.420755243488284],[79.8537096880478,27.970385081763993],[78.55131883527947,27.630428226015034],[76.30908035561204,27.045147438940386]]]]}},{"type":"Feature","properties":{"name":"Chuds","subject":"Chuds","partOf":"Chuds","borderPrecision":1,"color":"#a88992"},"geometry":{"type":"MultiPolygon","coordinates":[[[[27.523730468750017,59.00693359375],[27.298144531250017,58.994921875],[27.107324218750023,58.95419921875],[26.97412109375,58.88427734375],[26.96640625,58.805566406249994],[27.15673828125,58.64794921875],[27.236621093750017,58.45224609375],[27.32392578125001,58.401904296875],[27.368926076870146,58.35811554767541],[25.749816623010524,58.548585438946596],[25.329028658803296,56.54523008757859],[22.80430087355992,55.99027849078515],[23.10979012835954,57.18153893293185],[23.17466453026081,57.04849203701677],[23.21544936607624,56.98066671963396],[23.414469751818427,56.892413698393725],[23.767813715441473,56.8658824789113],[24.158383402331122,56.97548636074724],[24.26630500267292,57.03014715786638],[24.34649947593952,57.159720979887865],[24.32293990562702,57.33689077969255],[24.236186060412177,57.72816046353044],[24.32544234703327,57.83747061367693],[24.345648798449286,57.86221655483904],[24.41564467857624,57.94793280239763],[24.414401087267645,58.105887972075365],[24.496785196764716,58.213153444487475],[24.33109191368366,58.30793341274919],[24.058350595934638,58.111529909331225],[23.908068689806708,58.22444876309099],[23.67085936973835,58.24138983364763],[23.690465006335028,58.665484987456225],[23.51187041710163,58.58087500210466],[23.360819849474677,58.767421327788256],[23.431979212267645,58.8580814230031],[23.33788588951374,58.97239264126482],[23.45697883079792,59.005492769438646],[23.415757212145575,59.11896475430193],[23.570183786852606,59.13807257290544],[24.03210738609577,59.17574270840349],[24.029559168322333,59.23541601772966],[24.28194526146198,59.28414114590349],[24.341567072375067,59.368880830962084],[24.537568125231513,59.323409639555834],[24.570923838122138,59.374328218657396],[24.713812860949286,59.351832948882006],[24.751221689684638,59.44846304531755],[25.248290094836005,59.36179693813982],[25.44879439781452,59.49396093960466],[25.48999312828327,59.420043550688646],[25.721121820910223,59.45984228726091],[26.343258890612372,59.446647249419115],[26.86190131614948,59.371749483305834],[26.999016794665106,59.31772955532732],[27.26509192894245,59.33804281826677],[27.60716125959254,59.306306520310386],[27.684139624075307,59.246847313793545],[27.5864646028475,58.99618301712201],[27.523730468750017,59.00693359375]]]]}},{"type":"Feature","properties":{"name":"Oghuz Turks","subject":"Oghuz Turks","partOf":"Oghuz Turks","borderPrecision":1,"color":"#739b91"},"geometry":{"type":"MultiPolygon","coordinates":[[[[58.69008279753237,42.72718017794827],[59.72589911030383,41.80645456659586],[60.87680612449434,40.65554755240535],[61.276375378160836,39.69658134360576],[61.452259631589584,39.27445913537674],[61.106987527332436,38.69900562828148],[57.22907444214854,37.52225376379963],[54.86755273069272,36.805650524911364],[54.06743911216999,36.94152411099138],[54.008704218371165,37.34868963833513],[54.015112909777415,37.348327242094896],[53.98521712730671,37.517726503569506],[53.927752527697336,37.824218355376146],[53.87986281822468,38.025355898100756],[53.937327417834055,38.15944632168474],[53.937327417834055,38.331847749907396],[53.937327417834055,38.57129629727068],[53.98521712730671,38.657497011382006],[54.03310683677937,38.79158743496599],[54.07141784141804,38.89694555874529],[54.03310683677937,38.992721162993334],[53.91817382286335,39.050189577299975],[53.77450469444538,39.1363902914113],[53.67872527550007,39.251327120024584],[53.65957168052937,39.31837042446794],[53.58294585655476,39.31837042446794],[53.49674514244343,39.33752783413591],[53.33392241905476,39.38541754360857],[53.24772170494343,39.29921682949724],[53.20941070030476,39.40457113857927],[53.24772170494343,39.45246084805193],[53.31476500938679,39.56739767666521],[53.37223342369343,39.51950796719255],[53.544634851916086,39.538661562163256],[53.73619368980671,39.500350557524584],[53.79366210411335,39.4907718526906],[53.812815699084055,39.54824026699724],[53.669146570666086,39.64401968594255],[53.55421355675007,39.65359839077654],[53.5159025521114,39.77811010952654],[53.59252456138874,39.89304693813982],[53.688303980334055,39.979247652251146],[53.506323847277415,39.99840124722185],[53.362654718859446,39.96009024258318],[53.19025329063679,39.96009024258318],[53.04658416221882,39.99840124722185],[52.98911574791218,39.93135794277849],[52.912493738634836,40.046290956694506],[52.84545043419148,40.18038138027849],[52.84545043419148,40.33362921353044],[52.82629302452351,40.46771963711443],[52.90291503380085,40.56349905605974],[52.95080474327351,40.70716436978044],[52.96996215294148,40.822101198393725],[53.01785186241413,40.946612917143725],[53.056162867052805,41.05197104092302],[53.15194228599812,40.89872320767107],[53.180674585802805,40.84125479336443],[53.257300409777415,40.764632784087084],[53.43927672813679,40.802943788725756],[53.61168197105671,40.74547918911638],[53.65957168052937,40.81252249355974],[53.64999297569538,40.879569612700365],[53.69788268516804,40.879569612700365],[53.7649259896114,40.86999090786638],[53.79366210411335,40.72632177944841],[53.84155181358601,40.640121065337084],[53.97564223716999,40.64969977017107],[54.10973266075398,40.678432069975756],[54.22466567466999,40.72632177944841],[54.33002379844929,40.68801077480974],[54.41622451256062,40.65927847500505],[54.45453551719929,40.71674307461443],[54.387488398058665,40.802943788725756],[54.36833480308796,40.89872320767107],[54.45453551719929,40.91788061733904],[54.502425226671946,40.85083349819841],[54.60778335045124,40.81252249355974],[54.72271636436726,40.85083349819841],[54.81849578331257,40.879569612700365],[54.828074488146555,40.984923921782396],[54.751448664171946,41.13817175503435],[54.59820464561726,41.243529878813646],[54.35875609825398,41.38719519253435],[54.16719726036335,41.48297461147966],[54.138464960558665,41.62664373989763],[54.119307550890696,41.779891573149584],[54.02352813194538,41.85651358242693],[54.02352813194538,41.95229300137224],[54.02352813194538,42.04807242031755],[53.98521712730671,42.10553701992693],[53.73619368980671,42.13427313442888],[53.45843413780476,42.09596212979021],[53.26687529991413,42.086383424956225],[53.06574157188679,42.028915010649584],[52.97954085777546,41.904403291899584],[52.94122985313679,41.7703128683156],[52.998694452746165,41.68411215420427],[52.96996215294148,41.55960043545427],[52.931651148302805,41.37762030239763],[52.96038344810749,41.272262178618334],[52.96996215294148,41.13817175503435],[52.855025324328196,41.38719519253435],[52.692202600939524,41.53086432095232],[52.71136001060749,41.60749014492693],[52.68262389610554,41.693690859038256],[52.55927184532429,41.757838808257006],[52.600745233996165,41.93767889614763],[52.573767694933665,42.0186038839406],[52.51981643150593,42.072555147368334],[52.58275893638874,42.18944891567888],[52.672678980334055,42.27936895962419],[52.73562148521687,42.42324026699724],[52.75360778282429,42.55811651821794],[52.82715481922024,42.63983852924488],[52.83453277061726,42.648036562163256],[52.76259902427937,42.755939089018725],[52.58275893638874,42.827872835356615],[52.37594893883015,42.800895296294115],[52.295020136339915,42.87283285732927],[52.16014388511921,42.84585531826677],[52.0702238411739,42.827872835356615],[51.980303797228586,42.90880163784685],[51.88139632652546,43.05266913052263],[51.737525019152415,43.178554140288256],[51.58466247032429,43.178554140288256],[51.422808680041086,43.16956289883318],[51.422808680041086,43.25948294277849],[51.458777460558665,43.385367952544115],[51.36885741661335,43.556212984282396],[51.26095488975788,43.61016424771013],[51.17103484581257,43.7180667745656],[50.99119857261921,44.077743135649584],[50.95522979210163,44.20362814541521],[50.70345977257038,44.25757940884294],[50.388743433459055,44.29354818936052],[50.32580092857624,44.36548193569841],[50.33479217003132,44.56330450649919],[50.40672591636921,44.61725576992693],[50.54160598228718,44.64423330898943],[50.72144225548054,44.635238252837084],[50.874304804308665,44.626247011382006],[51.0901098580196,44.56330450649919],[51.332888636095774,44.482379518706225],[51.41381743858601,44.51834448452654],[51.57567122886921,44.554313265044115],[51.4857511849239,44.626247011382006],[51.36885741661335,44.68019827480974],[51.18902114341999,44.77011831875505],[51.09910109947468,44.87802084561052],[51.21599486778523,45.039874635893725],[51.34188369224812,45.05785711880388],[51.37784865806843,45.17475088711443],[51.458777460558665,45.309630953032396],[51.5127287239864,45.37257345791521],[51.629622492296946,45.35459097500505],[51.77349379966999,45.390555940825365],[51.84542754600788,45.43551596279802],[51.99829009483601,45.38156469937029],[52.10619262169148,45.38156469937029],[52.60973647545124,45.39955099697771],[53.059329065783274,45.33660467739763],[53.284129175646555,45.32761343594255],[53.2121916146114,45.36358221646013],[53.059329065783274,45.45349844570818],[52.843524012072336,45.50745352383318],[52.83453277061726,45.64232977505388],[52.92445281456257,45.73224981899919],[53.050337824328196,45.831161104399584],[53.149249109728586,45.95704611416521],[53.18964998150504,46.132115606330366],[58.88469529707381,47.24338029837858],[59.0997273000491,47.8530418845489],[58.307718915272346,51.89595322909126],[56.091064969237024,52.892304706354835],[55.142898354160906,53.26737743590917],[57.74779512105446,54.75415814615255],[57.34145456427939,56.82837715482714],[59.09429166962169,56.4318399506882],[59.189973205591734,56.41019430623805],[61.5122388702117,55.89292499663694],[65.31164209247186,55.04663307077481],[78.36223290626025,56.41019430623805],[93.70004066679506,56.48455609390737],[99.53745541241915,55.2811223478262],[99.48535412032993,55.65854236961009],[107.9615110406255,59.8183896994711],[114.0159088408366,59.54672904426065],[115.20548227520561,57.386117039726635],[116.96157547350965,59.88266776324234],[110.70143086835411,50.98293023313427],[105.30115815324875,51.21273678060715],[93.94115045927443,51.095929022398096],[82.20868349664521,51.32924897531792],[80.79387097661343,46.682450491899885],[79.24481205436273,46.672132156634184],[79.24472656250003,46.6796875],[79.22197265624999,46.72041015625],[79.1767578125,46.7638671875],[79.121875,46.798828125],[79.08417968750001,46.810107421874996],[79.05185546875003,46.80771484375],[79.02216796875001,46.794921875],[79.01884765624999,46.768457031249994],[78.99082031250003,46.7486328125],[78.92958984375002,46.788330078125],[78.8681640625,46.798730468749994],[78.82294921875001,46.794824218749994],[78.79306640625003,46.780029296875],[78.78730468750001,46.75498046875],[78.78388671875001,46.734912109374996],[78.76093750000001,46.723828125],[78.63027343750002,46.746972656249994],[78.58056640625,46.723095703125],[78.55136718750003,46.707373046875],[78.50390625,46.664697265624994],[78.47646484375002,46.624609375],[78.45195312499999,46.618066406249994],[78.43320312500003,46.652490234374994],[78.39707031250003,46.657666015625],[78.36777343750003,46.642919921875],[78.35878906250002,46.6234375],[78.34785156250001,46.512060546875],[78.32431640625003,46.482226562499996],[78.29707031250001,46.468554687499996],[78.16933593750002,46.58017578125],[78.13632812500003,46.594921875],[77.85996093750003,46.647851562499994],[77.69003906250003,46.658642578125],[77.64472656250001,46.656054687499996],[77.6015625,46.640039062499994],[77.37031250000001,46.62275390625],[77.26601562500002,46.611376953124996],[77.22636718749999,46.566699218749996],[77.1748046875,46.555957031249996],[77.08242187500002,46.624609375],[76.85927734375002,46.643847656249996],[76.79306640625003,46.630664062499996],[76.69960937500002,46.66748046875],[76.66835937500002,46.673388671874996],[76.6,46.664599609374996],[76.49628906250001,46.635546875],[76.45048828124999,46.64072265625],[76.40517578125002,46.662255859374994],[76.3359375,46.72861328125],[76.29765624999999,46.752880859375],[76.203125,46.780029296875],[75.95058593750002,46.7951171875],[75.82587890625001,46.81806640625],[75.4267578125,46.7375],[75.3384765625,46.729931640625],[75.20058593750002,46.7587890625],[75.1626953125,46.774560546874994],[75.08867187500002,46.813623046874994],[74.97402343750002,46.8140625],[74.93935546875002,46.81679687499999],[74.804296875,46.780566406249996],[74.62539062500002,46.752099609374994],[74.553125,46.690234375],[74.52421875000002,46.622949218749994],[74.42998046875002,46.578271484374994],[74.374609375,46.518017578125],[74.27978515625,46.47021484375],[74.0943359375,46.42783203125],[74.02324218750002,46.3693359375],[73.94951171875002,46.288378906249996],[74.026953125,46.222460937499996],[74.02070312500001,46.204882812499996],[73.98183593750002,46.186376953125],[73.89755859375,46.207861328125],[73.82939453125002,46.185107421874996],[73.77490234375,46.206494140625],[73.751953125,46.20263671875],[73.679296875,46.183056640625],[73.6455078125,46.15],[73.65400390625001,46.092675781249994],[73.6626953125,46.062353515625],[73.73710937500002,46.012744140624996],[73.71513671875002,45.98251953125],[73.63251953125001,45.90673828125],[73.55986328125002,45.816357421875],[73.48828125,45.831103515624996],[73.4634765625,45.82626953125],[73.4400390625,45.805859375],[73.45107421875002,45.779589843749996],[73.51884765625002,45.763037109375],[73.5318359375,45.734179687499996],[73.49433593750001,45.686572265624996],[73.44365234375002,45.65703125],[73.43671875000001,45.60947265625],[73.46523437500002,45.582470703125],[73.60806798695958,45.51641832084715],[70.64737767348875,43.5662329790746],[64.94814790385503,43.75360659441288],[64.55970856990398,44.108268594976884],[63.5238922571325,45.02899420632929],[61.452259631589584,45.25917560916739],[61.25106285929516,45.17534362071138],[61.174589416177575,45.18756344758733],[61.02060345513286,45.48730774453474],[61.040345245010386,45.73863843187627],[60.99888748626755,45.92159094381482],[61.0344227080471,46.01489825533447],[60.99888748626755,46.077928785099836],[61.11931240452051,46.103942147040485],[61.158795984275535,46.18327546866901],[61.21802135390813,46.221533398390704],[61.26935000758971,46.251574511149656],[61.28909179746724,46.29524131783685],[61.36805895697736,46.35522636912424],[61.56152849777715,46.59722199905923],[61.654314910201485,46.76888604094127],[61.46578081687108,46.76685770303427],[61.31278194532028,46.681937132565],[61.24960821771218,46.61146341148169],[61.123260762496,46.56533479526449],[60.938085937500006,46.48984375],[60.84619140625,46.524365234375],[60.799414062500006,46.568994140624994],[60.78310546875002,46.632666015625],[60.858720778137084,46.69751026967617],[60.84292734623507,46.77328051105081],[60.657354521386296,46.82193373637954],[60.50336856034156,46.805720882530835],[60.52311035021909,46.72728984709923],[60.637792968750006,46.72080078125],[60.72802734375,46.676025390625],[60.725683593750006,46.625830078125],[60.65117187500002,46.5890625],[60.6044921875,46.578076171875],[60.55458984375002,46.58564453125],[60.50117187500001,46.611767578125],[60.459570312500006,46.592822265624996],[60.4296875,46.52890625],[60.39628906250002,46.54306640625],[60.359375,46.63525390625],[60.3173828125,46.687451171875],[60.2705078125,46.69970703125],[60.1890625,46.676806640624996],[60.07304687500002,46.618798828124994],[60.00917968750002,46.56064453125],[59.99765625,46.502392578125],[60.02070312500001,46.4494140625],[60.078710937500006,46.401757812499994],[60.211190070154124,46.28705644180795],[60.45598826463549,46.27341226361115],[60.56654228794965,46.2652241257784],[60.82255859375002,46.2431640625],[60.82412109375002,46.213427734374996],[60.785676155590224,46.15182938169456],[60.72348951747596,46.167896476527744],[60.60503877821078,46.126864803693984],[60.55272303503533,46.15490642262496],[60.47869132299459,46.204798832250326],[60.300028124602946,46.16379468557784],[60.018707618848154,46.212995991577614],[59.8154296875,46.181396484375],[59.80078125,46.254541015624994],[59.77890625,46.30146484375],[59.74941406250002,46.322119140625],[59.698828125,46.331298828125],[59.57695312500002,46.33349609375],[59.548828125,46.344775390624996],[59.53076171875,46.342675781249994],[59.48074384468552,46.317061674124076],[59.54589175128136,46.239286952813195],[59.54984010925688,45.99432927168688],[59.431389369991685,45.80335953140493],[59.28727430388571,45.835004190392546],[59.3010935568,45.88037598402809],[59.36031892643258,45.93257643269082],[59.366241463395845,45.99021455721743],[59.328732062628525,46.02586525287821],[59.263584156032685,46.027235974618826],[59.19843624943684,46.02312370742909],[59.14315923777975,46.00667157960924],[59.0701146152329,46.001186449324834],[58.98164062500001,45.974609375],[58.95742187500002,45.968212890625],[58.88059343240862,45.95591337306103],[58.81544552581277,45.931203365557586],[58.771582031250006,45.89501953125],[58.73441898065547,45.8604243689883],[58.720703125,45.84765625],[58.68125,45.783642578125],[58.6552734375,45.715722656249994],[58.6279296875,45.600244140624994],[58.611328125,45.584716796875],[58.58867187500002,45.537060546875],[58.56005859375,45.4572265625],[58.51357421875002,45.385693359375],[58.44921875,45.322412109374994],[58.40410156250002,45.25302734375],[58.37832031250002,45.177539062499996],[58.27216796875001,44.981689453125],[58.23808593750002,44.903125],[58.23212890625001,44.851318359375],[58.2509765625,44.786425781249996],[58.29462890625001,44.708349609375],[58.29667968750002,44.638427734375],[58.25712890625002,44.5765625],[58.19851459213994,44.519655010233876],[58.230101455943974,44.45205058963847],[58.241946529870496,44.35896658585433],[58.39988084889073,44.16669007761383],[58.3761907010377,44.03910251772735],[58.344603837233656,43.86571091710029],[58.367306895592854,43.73711826857644],[58.596311658172205,43.757084295777624],[58.69008279753237,43.75198599838503],[58.69008279753237,43.22933917080453],[58.69008279753237,42.72718017794827]],[[57.68242187500002,42.010400390624994],[57.63173828125002,42.06552734375],[57.61308593750002,42.105029296874996],[57.62724609375002,42.149609375],[57.5498046875,42.260693359375],[57.39228515625001,42.334912109375],[57.27265625000001,42.3033203125],[57.182714843750006,42.185351562499996],[57.09375,41.968408203124994],[57.05341796875001,41.773388671875],[57.06181640625002,41.724853515625],[57.11591796875001,41.731347656249994],[57.174414062500006,41.7345703125],[57.247167968750006,41.6525390625],[57.34560546875002,41.5732421875],[57.42958984375002,41.578564453125],[57.52675781250002,41.594482421875],[57.68486328125002,41.636181640625],[57.81777343750002,41.699853515624994],[57.86503906250002,41.77314453125],[57.844824218750006,41.837841796875],[57.700292968750006,41.912646484374996],[57.68242187500002,42.010400390624994]],[[109.95537109374999,55.672216796875],[109.84697265624999,55.754638671875],[109.76035156250003,55.77353515625],[109.66718750000001,55.778564453125],[109.57558593750002,55.771484375],[109.50703125000001,55.730908203125],[109.3134765625,55.60791015625],[109.23867187500002,55.574658203125],[109.19345703125003,55.535595703125],[109.190625,55.463720703125],[109.21328125000002,55.40537109375],[109.19765625000002,55.26142578125],[109.17109375000001,55.193701171875],[109.11015624999999,55.099169921874996],[109.052734375,55.027587890625],[108.953125,54.983349609375],[108.91689453125002,54.951025390625],[108.94414062499999,54.93056640625],[108.93251953125002,54.897753906249996],[108.88203125000001,54.85263671875],[108.846875,54.799609375],[108.8271484375,54.738671875],[108.78574218750003,54.672314453125],[108.72255859375002,54.600537109375],[108.5927734375,54.492480468749996],[108.54638671875,54.428857421875],[108.51894531250002,54.349755859375],[108.47285156250001,54.2767578125],[108.40810546875002,54.20986328125],[108.36181640625,54.173095703125],[108.29765624999999,54.0783203125],[108.275390625,54.036425781249996],[108.22353515625002,53.976123046874996],[108.06240234375002,53.84921875],[107.78925781250001,53.711474609374996],[107.626953125,53.61103515625],[107.57578125000003,53.547900390624996],[107.55097656250001,53.502099609375],[107.54716796874999,53.452587890625],[107.53466796875,53.43896484375],[107.23203125000003,53.316259765625],[107.071875,53.241259765624996],[106.85195312500002,53.1029296875],[106.78037109375003,53.044580078125],[106.77363281250001,53.022265625],[106.87324218750001,53.02939453125],[106.89726562499999,53.002685546875],[106.88095703125003,52.973095703125],[106.78330078125003,52.906005859375],[106.75742187500003,52.869287109375],[106.70166015625,52.831982421875],[106.57851562500002,52.74169921875],[106.53740234374999,52.705859375],[106.45156250000002,52.656494140625],[106.29248046875,52.59189453125],[106.05996093750002,52.5119140625],[105.85976562500002,52.38671875],[105.69160156250001,52.2162109375],[105.56962890624999,52.108349609375],[105.41884765625002,52.03017578125],[105.34453124999999,52.009423828125],[105.28574218750003,51.978759765625],[105.24267578125,51.93818359375],[105.16513671875003,51.905908203125],[105.05322265625,51.882128906249996],[104.93544921875002,51.87021484375],[104.86689453125001,51.87021484375],[104.81201171875,51.87021484375],[104.72099609374999,51.848828125],[104.6625,51.806103515625],[104.53652343750002,51.78408203125],[104.34316406250002,51.782763671874996],[104.13251953125001,51.769482421875],[103.79072265625001,51.731738281249996],[103.7431640625,51.722412109375],[103.72265625,51.7109375],[103.71337890625,51.69423828125],[103.74492187499999,51.668603515625],[103.8173828125,51.634033203125],[104.15644531250001,51.535449218749996],[104.39003906250002,51.49970703125],[104.65517578125002,51.482324218749994],[104.826171875,51.489794921874996],[104.90292968750003,51.522021484374996],[105.06484375000002,51.5572265625],[105.43505859375,51.614453125],[105.79765624999999,51.70107421875],[105.96738281250003,51.77421875],[106.06513671875001,51.8626953125],[106.1337890625,51.91591796875],[106.1865234375,51.9564453125],[106.26064453125002,52.102978515625],[106.28066406250002,52.169140625],[106.25800781250001,52.2306640625],[106.26914062500003,52.28203125],[106.31386718750002,52.32314453125],[106.39023437500003,52.354541015624996],[106.49726562500001,52.383105468749996],[106.59912109375,52.3705078125],[106.69296875000003,52.337744140625],[106.751953125,52.31650390625],[106.80605468750002,52.328515625],[106.84306640624999,52.35634765625],[106.90458984374999,52.446582031249996],[106.93818359375001,52.474560546875],[107.09882812500001,52.541650390625],[107.38662109375002,52.64794921875],[107.57851562500002,52.701171875],[107.67441406250003,52.7013671875],[107.76308593750002,52.7138671875],[107.94765625000002,52.780322265624996],[108.00703125000001,52.83701171875],[108.23398437500003,52.945703125],[108.28779296875001,52.989013671875],[108.33476562499999,53.0375],[108.32988281249999,53.05615234375],[108.29726562500002,53.09326171875],[108.30224609375,53.109423828124996],[108.39199218750002,53.16328125],[108.66123046875003,53.30166015625],[108.67617187500002,53.30390625],[108.70273437500003,53.283496093749996],[108.72871093750001,53.277978515625],[108.76767578125003,53.281298828124996],[108.93105468750002,53.344384765625],[108.98232421875002,53.393310546875],[108.98906249999999,53.450341796875],[108.96845703125001,53.507763671875],[108.92060546875001,53.565576171875],[108.84189453125003,53.5865234375],[108.73222656249999,53.57080078125],[108.64570312500001,53.54833984375],[108.54462890625001,53.507568359375],[108.53212890625002,53.51337890625],[108.61855468750002,53.582421875],[108.8359375,53.807275390625],[108.89101562500002,53.84189453125],[108.94375,53.86240234375],[108.994140625,53.86875],[109.03300781249999,53.85830078125],[109.06074218750001,53.83095703125],[109.060546875,53.804443359375],[109.03427734375003,53.759765625],[109.00888671875003,53.667773437499996],[109.03037109375003,53.638964843749996],[109.17763671875002,53.63759765625],[109.19941406250001,53.659960937499996],[109.20380859375001,53.678515625],[109.20439453124999,53.736962890625],[109.1982421875,53.792626953125],[109.21054687500003,53.827685546874996],[109.24375,53.868603515625],[109.42597656250001,53.997802734375],[109.50009765625003,54.06142578125],[109.53789062499999,54.1162109375],[109.55585937500001,54.153759765625],[109.5537109375,54.1740234375],[109.49570312500003,54.262109375],[109.48974609375,54.38037109375],[109.5234375,54.55859375],[109.54414062500001,54.6291015625],[109.60703125000003,54.676074218749996],[109.63261718749999,54.771777343749996],[109.64560546875003,54.807177734374996],[109.68359375,54.849951171875],[109.70224609375003,54.9017578125],[109.7158203125,54.931640625],[109.76484375000001,55.0396484375],[109.76816406250003,55.082763671875],[109.74394531249999,55.13955078125],[109.75,55.185400390625],[109.78125,55.2796875],[109.79052734375,55.329736328125],[109.82460937500002,55.401904296874996],[109.85722656249999,55.445556640625],[109.86386718750003,55.53896484375],[109.86074218750002,55.5748046875],[109.95537109374999,55.672216796875]]]]}},{"type":"Feature","properties":{"name":"Abbasid Caliphate","subject":"Abbasid Caliphate","partOf":"Abbasid Caliphate","borderPrecision":1,"color":"#b3a46e"},"geometry":{"type":"MultiPolygon","coordinates":[[[[52.99021722329524,36.625055363887064],[50.529651386636175,29.57438130814928],[50.359839472277415,29.74293478604021],[50.13237288902546,30.06642874355974],[49.71784881065632,30.002053819853685],[49.51097396324421,30.020675264555834],[49.45236495445515,30.07772596951189],[49.321360620959055,30.102862917143725],[49.235083612902415,30.223380647856615],[49.22222808311726,30.47745855923357],[49.02017119835163,30.43257101650896],[48.945723566515696,30.387942873198412],[48.80132964561726,30.08272513027849],[48.713843378527415,29.99996145840349],[48.55364898155476,29.994622789580248],[48.51058486412312,29.993188463408373],[48.21184829185749,29.948093019682787],[48.028277430041086,29.973121248442553],[47.95715239952351,29.947564684111498],[47.911360773546946,29.890292726714037],[47.935923609240305,29.80140646572771],[47.99603179405476,29.490258775908373],[47.84490874717976,29.50315436001482],[47.61403945396687,29.272241197783373],[47.80355742882038,29.184920870024584],[47.99150756309773,29.277490221220873],[48.1290617317989,29.268191896635912],[48.44353393028523,28.4402347433156],[48.462683710558665,28.385850511748217],[48.58751204918171,28.093883119780443],[48.75173858116413,27.871879183012865],[48.83184340904499,27.57345350857439],[48.85502150963093,27.522691332060717],[49.13191131065632,27.53597220059099],[49.243506464464915,27.479030214507006],[49.151927027209055,27.372457109648607],[49.2391577095821,27.28848799343767],[49.321604761584055,27.161550127226732],[49.427317652209055,27.131045900542162],[49.532542261584055,27.009526811797045],[49.93138411949421,26.9341255056447],[50.12176421592976,26.737586580473803],[50.09017470787312,26.61149176235857],[49.983958277209055,26.59574469204607],[49.93417266319538,26.48306807156267],[50.07624724815632,26.311841570097826],[49.9919767708614,26.04484137173357],[49.93686202476765,25.955783449370287],[50.01140502403523,25.835229479033373],[50.14689162681843,25.535644136626146],[50.21432403038288,25.588124834257982],[50.38191894005085,25.461173616606615],[50.429209742052805,25.18402250881853],[50.61889556358601,24.870853029448412],[50.606543573839915,24.68021734829607],[50.70592025230671,24.559718691069506],[50.77828124473835,24.47092970486345],[50.907393488390696,24.433082185942553],[50.968333277209055,24.436244569975756],[50.96494582603718,24.712745271880053],[50.89617827842976,24.909551225859545],[50.8473234505489,25.265224062163256],[50.93111327598835,25.538573824126146],[51.01538756798054,25.588124834257982],[50.988955530627024,25.67209395046892],[51.06882766197468,25.945460878569506],[51.21702102134968,26.066470705229662],[51.35766509483601,26.02896078701677],[51.388796839220774,25.887261949736498],[51.50592711876179,25.845275484282396],[51.53446486900593,25.75584753628435],[51.586672815783274,25.60911902065935],[51.53905394981648,25.420184694487475],[51.55285552452351,25.10153158779802],[51.606150660021555,24.98728712673845],[51.558917078478586,24.815652452666185],[51.412005457384836,24.605685793120287],[51.287825617296946,24.410777651030443],[51.2914152474239,24.28136786099138],[51.45416930626179,24.218226991850756],[51.52285293052937,24.160663210112475],[51.60644057701374,24.202647768217943],[51.58590224693562,24.003221117216967],[51.764571222765696,24.00286444302263],[51.94559768150593,23.945495210844896],[52.25463775108601,23.987481676298998],[52.3010473580196,24.081946932036303],[52.38302901695515,24.10818251248064],[52.48116210411335,24.055703722197435],[52.671649012072336,24.074679933745287],[52.93944076011921,24.02441557522478],[53.040225061877024,24.0399604665822],[53.0757055611446,24.087190233427904],[53.68676284263874,23.987481676298998],[54.01652816246296,24.05045660610857],[54.006297144396555,24.181653581816576],[54.107520136339915,24.10293348904314],[54.27599242637898,24.109820924956225],[54.34709838341023,24.154452882964037],[54.48741439293171,24.34434279080095],[54.59216216514851,24.37732847805681],[54.7120581002071,24.59993704434099],[54.77081969688679,24.73348196621599],[55.09080031822468,25.02003630276384],[55.457198175890696,25.420184694487475],[55.53048613975788,25.37295492764177],[55.633460077746165,25.4531741964406],[56.01545623253132,25.771625124174975],[56.15673354576374,25.9664798605031],[56.29730895469929,26.15973051663103],[56.36705306480671,26.23611982937517],[56.40502837608601,25.861381136137865],[56.214846643908274,25.543342195708178],[56.16130736778523,25.47334440823259],[56.28163579109504,25.46239995693982],[56.36601928184773,25.454724870879076],[56.406260523302805,25.308688722807787],[56.40648177574421,25.07998427029314],[56.405257257921946,24.918748460966967],[56.40537551353718,24.8195072042531],[56.610796961291086,24.47688253994646],[56.79418853233601,24.26761397000017],[57.146197351916086,23.9824710714406],[57.396296877561824,23.83704082328193],[57.45101455162312,23.805223070341967],[57.90421584556843,23.571113191801928],[58.08071807335163,23.501605592924975],[58.20529464195515,23.495515428740404],[58.46465590904499,23.50877150173845],[58.62849334190632,23.4582954275197],[59.02163604210163,23.020764909941576],[59.25432113121296,22.72900541897478],[59.46142104576374,22.538865648466967],[59.82569030235554,22.37445219631853],[59.837283167345774,22.279178224760912],[59.53569320152546,21.8020511495656],[59.25884917686726,21.47744711514177],[58.86135390709187,21.11447676296892],[58.7740605037841,20.941229844505894],[58.51204970787312,20.421229921538256],[58.403086695177805,20.357472978789232],[58.15044692466999,20.39505537625017],[58.04437163780476,20.43295057888689],[57.93127349327351,20.400937639433764],[57.80608275841023,20.171960436064623],[57.77755263756062,19.669990144926928],[57.778426203234446,19.31421049709978],[57.83862975548054,19.03480681057634],[57.65703490684773,18.970885835844896],[57.18620971153523,18.938108049590014],[56.90431121300007,18.81680067654314],[56.73888686607624,18.689376436430834],[56.608599695666086,18.466741167265795],[56.549361261828196,18.218829714018725],[56.4575529427364,18.09156187649431],[56.2575903267696,17.97677382107439],[56.01284316490437,17.93178518887224],[55.88154509971882,17.931510530669115],[55.70811751793171,17.95018347378435],[55.561072382433665,17.937171541411303],[55.38948729942585,17.8097415792531],[55.290408167345774,17.676099382597826],[55.23443511436726,17.44726141567888],[55.23563674400593,17.28843458767595],[55.19483855675007,17.148564897734545],[54.91061309288288,16.97005995388689],[54.756079706652415,16.95067175503435],[54.40687468956257,17.045220934111498],[54.08425811241413,17.01911886807146],[53.681250605089915,16.897540651518725],[53.33573440025593,16.763379656035326],[53.208453211291086,16.718633257109545],[53.02094939659382,16.653768144804857],[52.894324335558665,16.60995253201189],[52.65216735313679,16.488719545561693],[52.35659697960163,16.233945451933764],[52.23764327476765,16.10025557156267],[52.16285613487507,15.871372781950853],[52.135169062121165,15.687059961516283],[51.95041182945515,15.540526949126146],[51.59900174748452,15.378753642468041],[51.312563929064524,15.246890627104662],[50.29111770103718,14.958784662444017],[49.71286300133015,14.773288332182787],[49.33384993980671,14.632695757109545],[49.17317870567585,14.498915277678392],[48.96038726280476,14.21889742489519],[48.87929629770281,14.168719980766735],[48.76460174034382,14.097749315459154],[48.536746057970774,14.046437822539232],[48.270144495470774,14.077626787382982],[48.0361662239864,14.045357309538744],[47.662295374377024,13.847587190825365],[47.36957457969929,13.6690526830739],[46.939394983752024,13.490221582610033],[46.877734106218426,13.473871601683081],[46.601199182970774,13.40054567928972],[46.079287561877024,13.399416528899096],[45.825903925402415,13.405233942229174],[45.69247725914265,13.347759805876635],[45.51863769005085,13.207596384245775],[45.395979914171946,13.07389887448015],[45.19341567466999,12.933683000761889],[44.963572535021555,12.825172029692553],[44.788802179796946,12.80573710079851],[44.681067499621165,12.82455977078142],[44.440535578234446,12.639777742583178],[44.062747034533274,12.613552652556322],[43.84059050987507,12.663913332182787],[43.60489847704723,12.828886858628167],[43.56005004356648,12.8602786886281],[43.483645472033274,12.93000467892351],[43.34084990928913,13.126665674406908],[43.30284789512898,13.240954004485033],[43.38397887657429,13.565180383879564],[43.34756377647663,13.851036630827807],[43.2069425911739,14.079471193510912],[43.05326369713093,14.60650786038103],[42.79587844322468,15.47008093472185],[42.763525995714915,15.666981302458666],[42.88387969444538,15.984922014433764],[42.828047785265696,16.321475588042162],[42.81439879844929,16.40412863369646],[42.76366332481648,16.64545591946306],[42.53529265831257,17.07066687222185],[42.206519159777415,17.514735780913256],[42.009444269640696,17.736680589873217],[41.628558191759836,18.047204576689623],[41.39917663048054,18.440644823271654],[41.033022913439524,19.28490790005388],[40.81975844810749,19.68472059841814],[40.69382003258015,19.868707262236498],[40.336348566515696,20.096686922270678],[39.76407912681843,20.40679510708513],[39.526900324328196,20.692212663847826],[39.16673949669148,21.218801103789232],[39.13041213463093,21.650762163359545],[39.10333922813679,22.0001655447072],[39.1021948189571,22.400445543486498],[39.05560210655476,22.571889482695482],[38.91509536216999,22.87021406765642],[38.490122827990305,23.612683855254076],[38.329417261584055,23.83471830959978],[37.988421473009836,24.11356123562517],[37.78184798668171,24.214786134917162],[37.55722335289265,24.27148588772478],[37.41881087730671,24.398265443999193],[37.201453241808665,24.65831335659685],[37.26854232261921,24.969781480986498],[37.21826842735554,25.166631303984545],[37.00525573204304,25.534686647612475],[36.669295343859446,26.016835771757982],[36.329762091157946,26.40276266471046],[36.31222442100788,26.42269667263689],[35.831072840197336,27.095153413969896],[35.59481337974812,27.51398619290056],[35.43649581383015,27.72965582485857],[35.111590418322336,28.072061144072435],[34.87561706016804,28.0969730245656],[34.76388076256062,28.096747957426928],[34.798899683459055,28.230243288237475],[34.88559249351765,28.357480608183764],[35.025679621203196,28.948632799345873],[35.07210448692585,29.21136053677263],[35.09547332237507,29.342677675444506],[35.0733976692989,29.418868623930834],[34.98467925499226,29.46721991177263],[34.9542570442989,29.43680914517107],[34.93554213951374,29.418094240385912],[34.76433471153523,29.24668654080095],[34.54894927452351,28.731626115996264],[34.398840937121165,28.095985017973803],[34.32201293419148,27.828979097563646],[34.24119857261921,27.75892027493181],[34.0580053658321,27.79031332607927],[33.85604384849812,28.024955354887865],[33.50405791710163,28.329183183867357],[33.33074096153523,28.551192842680834],[33.17847350548054,28.995608888823412],[32.94378188560749,29.19842108364763],[32.81360534141804,29.477700792509935],[32.73727706383015,29.693547807890795],[32.647959742052805,29.85220106716814],[32.43838027427937,29.775519930083178],[32.318491968615305,29.54019697781267],[32.59057525108601,28.93719633694353],[32.64934447716023,28.765781007964037],[32.934676203234446,28.37882574673357],[33.35421660850788,27.90954741116228],[33.566939386828196,27.36995085354509],[33.80406478355671,26.93206938381853],[33.928809198839915,26.56382330532732],[34.10422042320515,26.354524217802904],[34.514842066271555,25.573916994292162],[34.99740127037312,24.71719893093767],[35.189864191515696,24.39991911526384],[32.51417897995226,23.73314148844132],[30.818889214610202,23.659433237774273],[29.344724201269283,24.0279744911095],[27.35164057245568,24.134828143380766],[25.045744422044084,28.0159149779902],[21.67906613189653,28.081928277797015],[19.316482184359216,28.41987671981849],[19.124539408190497,30.19894369717302],[19.318795867027976,30.255372139440905],[19.322815927965888,30.25653990383806],[19.663914713366278,30.441501222807787],[19.981537851794013,30.721730791289232],[20.11676886986042,30.957103334624193],[20.116679224474677,31.07146795864763],[19.992096933825263,31.350774370390795],[19.941582712633856,31.611169420439623],[19.961470636828192,31.795470796782396],[20.068364176256903,32.037135683257006],[20.365721735461005,32.29824026699724],[20.5155248970821,32.387511812407396],[20.76505187462116,32.496032320219896],[21.054497751696356,32.630050264555834],[21.673419031603583,32.8155895101613],[22.215989145739325,32.79128988857927],[22.543126139147528,32.722072206694506],[22.92284682701374,32.55765875454607],[23.00733283470417,32.48158987637224],[23.026656183703192,32.25291021938982],[23.153338465197333,32.138812624174975],[23.288636240465888,32.13273199673357],[23.714034113390692,32.07642325039568],[23.742419271526607,32.064098049233976],[24.034403833849677,31.937314592558764],[24.236922296984442,31.92502363796892],[24.815857920153388,31.9071536886281],[24.951525721056708,31.818492494780443],[24.982237848742255,31.647012315947435],[25.106553110583075,31.513841234404467],[25.25822928856159,31.437919222075365],[25.507155451281317,31.444781862456225],[25.78950026939655,31.489841066557787],[26.14333442161823,31.490577303130053],[26.823994669420966,31.358560167509935],[27.08809569786335,31.306726061064623],[27.438754114611395,31.251824938017748],[27.763331446154364,31.182614885527514],[27.9194498390987,30.99868544216814],[28.09982970665241,30.999057375151537],[28.517182383044013,30.961799226958178],[28.966422113878973,30.784841142851732],[29.248847040636786,30.753661714751146],[29.359381708605536,30.81107100125017],[29.683102640612372,31.05317076321306],[30.099139246447333,31.231925569731615],[30.47605613182331,31.31528814907732],[30.827059778673895,31.43673666592302],[30.995955500109442,31.468850694853685],[31.151381525500067,31.443749986845873],[31.392270121081122,31.444261156279467],[31.71741584251667,31.38775213833513],[31.808123621447333,31.178281389433764],[32.07651046226765,31.013650499541185],[32.30937865684773,31.084018312651537],[32.59724334190632,30.963901125151537],[32.76873305748249,30.95155295010271],[33.02139190147663,31.132072054106615],[33.12956527183796,31.051686845976732],[33.25459960411335,31.026528917509935],[33.557601007921946,30.967715822417162],[33.70960906456257,30.99570997830095],[33.916968378527415,31.070052705962084],[34.146304163439524,31.20857962246599],[34.19527724693562,31.23814161892595],[34.50065902183796,31.621099077422045],[34.59913543175007,31.817897402007006],[34.681338343127024,32.045978151518725],[34.758502039416086,32.300719820219896],[34.84289077232624,32.670699678618334],[34.894969019396555,32.662833772856615],[34.956587824328196,32.704818330962084],[34.959082636339915,32.796657167632006],[34.97200683067585,32.938407503325365],[35.088973078234446,33.069259248930834],[35.13231185386921,33.23151739712419],[35.20838836143757,33.33358725186052],[35.356089624865305,33.63978155728044],[35.34855941246296,33.74446829434099],[35.42986586998249,33.74446829434099],[35.49185088585163,33.83082541104021],[35.52440169761921,33.9747691976613],[35.532080683214915,34.118705354887865],[35.7162084908321,34.312369905669115],[35.82100585411335,34.343776308257006],[35.873065027697336,34.422286592680834],[35.85191634605671,34.492946230132006],[35.7507543892696,34.74680670376482],[35.80885222862507,35.01379736538591],[35.841380152209055,35.04263266201677],[35.796431574328196,35.270717226225756],[35.60734084556843,35.41754492397966],[35.663958582384836,35.45949514980974],[35.680430445177805,35.52767141934099],[35.7331762642696,35.58536108608904],[35.69143203209187,35.68502005215349],[35.739504847033274,35.690265260893725],[35.85594466636921,35.83450277920427],[35.829051050646555,35.884784303862475],[35.71850493858601,36.09155615444841],[35.66494658897663,36.133529268462084],[35.70863250206257,36.21223410244646],[35.81413775274349,36.29849189880415],[35.81724074791218,36.30102881069841],[36.09526351402546,36.48246344204607],[36.10452178428913,36.56117209072771],[36.0824308724239,36.62153204556169],[35.95679381798054,36.74749334927263],[35.89087584923054,36.77111395474138],[35.67174056480671,36.60578497524919],[35.56761458824421,36.58741720791521],[35.50617125938679,36.55855520840349],[35.54760268638874,36.54018362637224],[35.49458983848835,36.443099580962084],[35.41708281944538,36.43260534878435],[35.38869765709187,36.45359381313982],[35.35417846153523,36.414237581450365],[35.22052672813679,36.38800390835466],[35.07137206505085,36.4877086507863],[34.869910273058665,36.576922975737475],[34.66238311241413,36.64777334805193],[37.34925784721369,38.83410556275771],[40.6289667242533,39.883612403410396],[41.2777620965858,41.28002979187384],[41.29311660240437,41.28582342739763],[41.48396209190632,41.436542116362475],[41.52111342857624,41.46583517666521],[41.666113886339915,41.729152284819506],[41.68046859215046,41.79333838101091],[43.361727296702725,41.32052112179959],[44.04926667709765,41.127165700318066],[45.761100353084615,40.645749898743766],[46.829363867475664,40.3453241370081],[48.237891318985234,39.949206580951184],[48.95942727193395,40.14598911357356],[48.63145638422998,41.19549595422624],[49.08690174463439,41.452765992874305],[49.115881952746165,41.4316898214406],[49.24352935264851,41.29340323086443],[49.28607848594929,41.05938299771013],[49.34990218590046,40.95301016445818],[49.477549585802805,40.83600195522966],[49.60519698570515,40.76153906460466],[49.60519698570515,40.68707617397966],[49.80730346153523,40.58070334072771],[50.0200529427364,40.6019779073781],[50.190249475939524,40.570067964751146],[50.31789687584187,40.495605074126146],[50.42426970909382,40.410506807524584],[50.4668188423946,40.32540854092302],[50.4668188423946,40.26158484097185],[50.30725768516804,40.32540854092302],[50.12642577598835,40.34668310757341],[50.03068831871296,40.34668310757341],[49.913680109484446,40.32540854092302],[49.849856409533274,40.27222403164568],[49.66902068565632,40.24031027432146],[49.57328322838093,40.17648657437029],[49.55200866173054,40.091388307768725],[49.54137328575398,39.87864264126482],[49.48818496177937,39.76163061733904],[49.445635828478586,39.655257784087084],[49.403086695177805,39.48506125088396],[49.498824152453196,39.378688417632006],[49.48818496177937,39.29359015103044],[49.381812128527415,39.325500093657396],[49.33926299522663,39.282950960356615],[49.30735305259968,39.13402899380388],[49.27543929527546,39.017020784575365],[49.22225478599812,39.038295351225756],[49.179705652697336,39.14466818447771],[49.115881952746165,39.18721731777849],[49.041419062121165,39.14466818447771],[49.020144495470774,39.00638159390154],[49.05205825279499,38.9319225179738],[48.99886992882038,38.87873419399919],[48.945681604845774,38.83618506069841],[48.988230738146555,38.719176851469896],[48.824954065783274,38.30957754727068],[48.83150771568562,38.3063121664113],[48.809187921984446,37.98856695767107],[48.74478057335163,37.727016054350756],[48.837229761584055,37.51097448940935],[49.05953124473835,37.39755972500505],[49.475806269152415,37.291610323149584],[49.84801391075398,37.268214784819506],[50.038714441759836,37.22470434780779],[50.11132338951374,37.09775503750505],[50.25221160362507,36.89478644009294],[50.56095412681843,36.686427675444506],[51.41704085777546,36.45569189663591],[51.79552367637898,36.43234976406755],[51.993052515490305,36.45890387173357],[52.60216430137898,36.57688101406755],[52.99021722329524,36.625055363887064]]]]}},{"type":"Feature","properties":{"name":"Khazars","subject":"Khazars","partOf":"Khazars","borderPrecision":1,"color":"#8b7fa6"},"geometry":{"type":"MultiPolygon","coordinates":[[[[53.185217890246165,46.424621187407396],[53.12227538536335,46.49655874844255],[53.16723159263874,46.5864749776906],[53.284129175646555,46.67639502163591],[53.23017791221882,46.730346285063646],[53.185217890246165,46.865226350981615],[53.02336409996296,46.91917761440935],[52.95724453208572,46.92652371360974],[52.86151030967976,46.937160097319506],[52.55578521202351,46.98212011929216],[52.465865168078196,46.910182558257006],[52.37594893883015,46.87421759243669],[52.14215758751179,46.838248811919115],[51.935347589953196,46.89220007534685],[51.79147628258015,47.009093843657396],[51.6745825142696,47.036071382719896],[51.36885741661335,47.09002264614763],[51.117083582384836,47.06304510708513],[50.82035354088093,46.91917761440935],[50.63152221153523,46.910182558257006],[50.27184966514851,46.68538626309099],[49.9481420845821,46.559501253325365],[49.723345789416086,46.532523714262865],[49.53451446007038,46.54151877041521],[49.40862945030476,46.43361624355974],[49.31320479820515,46.352687441069506],[49.23778441856648,46.26276739712419],[49.05794433067585,46.13688238735857],[48.88709929893757,46.082931123930834],[48.833148035509836,46.082931123930834],[48.833148035509836,46.01998861904802],[48.833148035509836,45.92107733364763],[48.770205530627024,45.88510855313005],[48.63532927940632,45.975028597075365],[48.482466730578196,45.88510855313005],[48.30262664268757,45.768214784819506],[48.01488784263874,45.71426352139177],[47.871016535265696,45.67829855557146],[47.75412276695515,45.71426352139177],[47.67319777916218,45.75023230190935],[47.628237757189524,45.73224981899919],[47.60126403282429,45.66031225796404],[47.65521148155476,45.54341848965349],[47.55630401085163,45.45349844570818],[47.4753752083614,45.318622194487475],[47.39445022056843,45.17475088711443],[47.25057891319538,44.98592337246599],[47.169653925402415,44.860038362700365],[47.02578261802937,44.78810080166521],[46.87292006920124,44.68019827480974],[46.80997756431843,44.53633078213396],[46.84594634483601,44.446410738188646],[46.99880507896687,44.356490694243334],[47.142676386339915,44.33850821133318],[47.22360137413288,44.20362814541521],[47.33150771568562,44.18564566250505],[47.43940642784382,44.03278311367693],[47.56529525230671,43.84395559902849],[47.53831771324421,43.67311056729021],[47.49336150596882,43.583190523344896],[47.520335230334055,43.511256777007006],[47.56529525230671,43.60117300625505],[47.61025527427937,43.75403555508318],[47.6642065377071,43.85294684048357],[47.73614028404499,43.861938081938646],[47.67319777916218,43.664115511137865],[47.57428649376179,43.50226172085466],[47.60126403282429,43.3224254476613],[47.65521148155476,43.277465425688646],[47.58327773521687,43.1875491964406],[47.56529525230671,43.007709108549975],[47.73614028404499,42.899806581694506],[47.79009154747273,42.85484655972185],[47.84404281090046,42.621059023100756],[47.969927820666086,42.59408529873552],[48.13178161094929,42.40525396938982],[48.2217016548946,42.27936895962419],[48.41952422569538,42.09053763027849],[48.50044921348835,41.92868383999529],[48.662303003771555,41.90171011563005],[48.683238062365305,41.83590658779802],[48.89249709556843,41.68698462124529],[48.99886992882038,41.51678808804216],[49.08690174463439,41.452765992874305],[48.63145638422998,41.19549595422624],[48.95942727193395,40.14598911357356],[48.237891318985234,39.949206580951184],[46.829363867475664,40.3453241370081],[45.761100353084615,40.645749898743766],[44.04926667709765,41.127165700318066],[43.361727296702725,41.32052112179959],[41.68046859215046,41.79333838101091],[41.65183547447468,42.1206432210988],[41.502722773058665,42.608478151518725],[41.40974334190632,42.78824194546404],[41.12255385826374,43.019088350493334],[40.969336542589915,43.076659761626146],[40.55709365318562,43.14658697720232],[40.25161651085163,43.26818426724138],[40.09806350181843,43.37755163784685],[39.458689722521555,43.832931123930834],[38.92371276329304,44.21186026211443],[38.55609038780476,44.385097109038256],[38.27700332115437,44.42320593472185],[38.10918334434773,44.493774019438646],[37.880373987658274,44.71894796963396],[37.774050745470774,44.74454077358904],[37.62174514244343,44.67330893154802],[37.47389129112507,44.69235952969255],[37.31793883751179,44.92420920010271],[36.95986846397663,45.227355562407396],[37.22774795006062,45.31201895352068],[37.4609709114864,45.31247671719255],[37.661265406115305,45.345233522612475],[37.70609572838093,45.57840307827654],[37.867877039416086,45.79251440640154],[37.98994353721882,46.00666006680193],[38.22715285728718,46.02009161587419],[38.45897963951374,46.07891424771013],[38.2649145455196,46.31855734463396],[37.970171961291086,46.441283785063646],[37.757098230822336,46.60319098110857],[37.8665991158321,46.65535696621599],[38.031863245470774,46.66868170376482],[38.40109160850788,46.7213512289113],[38.72273925255085,46.877921663481615],[39.282359156115305,47.07403143521013],[39.194094690783274,47.24295004482927],[39.159853968127024,47.26889380093279],[38.80024627159382,47.22916754360857],[38.209727320177805,47.15045889492693],[37.85925200889851,47.103744112212084],[37.42214492271687,47.07688101406755],[37.19263366173054,46.89442022915544],[36.9367246947688,46.828017144301214],[36.35396865318562,46.77579840298357],[35.85055831383015,46.66439016934099],[35.624331507189524,46.52106054897966],[35.41610244224812,46.494689546782396],[35.21237472008015,46.63714178677263],[35.04636672447468,46.357650362212084],[34.906809839709055,46.27302130337419],[34.69234755943562,46.25312765713396],[34.49565413902546,46.27870138760271],[34.06421569298054,46.26487311001482],[33.83908370445515,46.193053804594896],[34.12725737999226,46.06389959927263],[35.00805190513874,45.61194571133318],[35.031897577746165,45.53427466030779],[34.9900122017696,45.45001562710466],[35.063418421252024,45.34009894009294],[35.31667617271687,45.32118185635271],[35.54621795128132,45.37989386196794],[35.8497648567989,45.4452281820363],[36.323164972765696,45.439696871001146],[36.52104857872273,45.38828619595232],[36.41513350914265,45.271571718413256],[36.36711409996296,45.161483370024584],[36.264754328234446,45.09658774014177],[36.00469878624226,45.04433401699724],[35.865454706652415,45.031119905669115],[35.59955504844929,45.10174139614763],[35.386660608752024,45.08192404385271],[35.06732085655476,44.86172445889177],[34.61416152427937,44.8414684164113],[34.37224105308796,44.75717505093279],[34.13495543907429,44.53749807949724],[34.01372435997273,44.49212225552263],[33.66015532921101,44.52365835781755],[33.39549544761921,44.600490175444506],[33.55937865684773,44.93613775845232],[33.516673120959055,45.12350805874529],[33.397872004015696,45.25268133755388],[33.013491663439524,45.38137014980974],[32.926287683947336,45.38767202969255],[32.64344695518757,45.380633913237475],[32.575301203234446,45.361083589751146],[32.50324157188679,45.44510229702654],[32.902258905871165,45.67258032437029],[33.19164946983601,45.78977545376482],[33.53945830772663,45.874713503081225],[33.638838800890696,45.92677267666521],[33.52794555137898,46.13406332607927],[33.33253386925007,46.16611059780779],[32.9729338021114,46.14594992275896],[32.51644423912312,46.12558325405779],[32.202166590197336,46.17036017056169],[32.11410430382038,46.215621553618334],[31.92594054649616,46.409930788237475],[32.188792261584055,46.59223898525896],[32.15018587907352,46.63651247346525],[32.25888044434102,47.362017728654706],[30.838721065141616,47.076221036554614],[28.52438726200185,47.98183124943542],[31.074989254240364,49.017806389820606],[32.470572926630325,49.27142778583737],[32.62050781250002,49.198632812499994],[32.71806640625002,49.14013671875],[32.76953125,49.11591796875],[32.863378906250006,49.087255859375],[32.98085937500002,49.082568359374996],[33.04345703125,49.063134765624994],[33.06611328125001,49.021386718749994],[33.076269531250006,49.004345703125],[33.1625,48.993603515625],[33.167089843750006,49.019287109375],[33.193945312500006,49.093896484374994],[33.1943359375,49.11875],[36.29415290157728,48.58116696085844],[35.219443479706364,50.70115469783274],[35.216951573913214,50.72311841599406],[34.97463897212363,52.858867571225346],[35.28776120269926,55.36116250106847],[36.828838389478726,56.741959368818755],[43.143030109992836,57.114358669171715],[43.32252607908093,58.36887781396926],[46.105746848468755,57.7086220534561],[48.21577312296412,57.7086220534561],[50.4607200496421,55.70282782376301],[51.59784714658781,54.72982636062451],[53.17719033679018,53.732887852416475],[54.187969978519696,53.24425984750013],[55.142898354160906,53.26737743590917],[56.091064969237024,52.892304706354835],[58.307718915272346,51.89595322909126],[59.0997273000491,47.8530418845489],[58.88469529707381,47.24338029837858],[53.18964998150504,46.132115606330366],[53.20320037315632,46.1908336507863],[53.257151636584055,46.31672247524919],[53.185217890246165,46.424621187407396]],[[35.08564453125001,47.82431640625],[35.08779296875002,47.675537109375],[34.9970703125,47.58759765625],[34.73066406250001,47.577539062499994],[34.48662109375002,47.59296875],[34.43632812500002,47.568896484374996],[34.38027343750002,47.557519531249994],[34.31582031250002,47.56679687499999],[34.266210937500006,47.589892578124996],[34.240332031250006,47.57490234375],[34.21074218750002,47.536181640624996],[34.14785156250002,47.542285156249996],[34.066992187500006,47.558349609375],[33.983984375,47.555712890624996],[33.936132812500006,47.541455078125],[33.947265625,47.451416015625],[33.96455078125001,47.358935546874996],[33.96279296875002,47.33125],[33.93349609375002,47.282421875],[33.83476562500002,47.212255859375],[33.77714843750002,47.1625],[33.761328125,47.119042968749994],[33.7046875,47.060839843749996],[33.66679687500002,47.0419921875],[33.655371093750006,47.05029296875],[33.62978515625002,47.033984375],[33.57587890625001,46.882568359375],[33.53984375000002,46.83125],[33.559375,46.822216796875],[33.68730468750002,46.860644531249996],[33.69970703125,46.898730468749996],[33.71816406250002,46.940576171874994],[33.90410156250002,47.158740234374996],[34.09716796875,47.316064453124994],[34.1728515625,47.324560546875],[34.18339843750002,47.345654296875],[34.1767578125,47.389306640624994],[34.18984375000002,47.419970703124996],[34.41943359375,47.486962890624994],[34.592382812500006,47.5201171875],[34.807714843750006,47.463134765625],[34.960546875,47.406494140625],[35.04902343750001,47.428173828125],[35.21318359375002,47.44990234375],[35.26943359375002,47.450488281249996],[35.3017578125,47.491796875],[35.24238281250001,47.647265625],[35.13027343750002,47.8400390625],[35.10566406250001,47.841601562499996],[35.08564453125001,47.82431640625]]]]}},{"type":"Feature","properties":{"name":"Hindu Shahis","subject":"Hindu Shahis","partOf":"Hindu Shahis","borderPrecision":1,"color":"#8aa0a8"},"geometry":{"type":"MultiPolygon","coordinates":[[[[73.48542193815386,28.570558238040974],[71.6992156703896,29.61866168670601],[72.0406041621423,30.182293723271712],[72.2707855649804,32.36901705023369],[72.84855423490407,33.34569850268744],[76.75970453702153,33.18387536469871],[76.75932292032338,31.908654244557475],[77.10459502458055,31.333200737462224],[77.56495783025674,31.103019334624125],[78.48568344160915,30.527565827528864],[79.0611369487044,28.801205306243105],[79.14818133348803,28.336681312199808],[77.06013118879203,29.420755243488284],[73.48542193815386,28.570558238040974]]]]}},{"type":"Feature","properties":{"name":"Multan","subject":"Multan","partOf":"Multan","borderPrecision":1,"color":"#b3a46e"},"geometry":{"type":"MultiPolygon","coordinates":[[[[73.4263998968865,25.062195711910285],[70.20742233726752,27.15571248134191],[71.02070489339893,28.49844111599014],[71.6992156703896,29.61866168670601],[73.48542193815386,28.570558238040974],[72.62766425774089,28.366551993013818],[74.1173958209184,26.544342617090322],[76.10516385314365,26.99855206169772],[73.4263998968865,25.062195711910285]]]]}},{"type":"Feature","properties":{"name":"Gurjara Pratihara","subject":"Gurjara Pratihara","partOf":"Gurjara Pratihara","borderPrecision":1,"color":"#739b91"},"geometry":{"type":"MultiPolygon","coordinates":[[[[84.89052311158152,23.0014454900905],[80.95948534475596,21.85796711948126],[74.61240437457697,21.892412010092595],[72.82004704312291,21.085798147568184],[72.76573470543171,21.150355898100756],[72.71466353843952,21.436120592314623],[72.66594222496296,21.848943315703295],[72.6930851549148,22.104650299819557],[73.91520626221168,23.111399465707596],[72.26562547084175,24.223124794410293],[73.4263998968865,25.062195711910285],[76.10516385314365,26.99855206169772],[76.30908035561204,27.045147438940386],[78.55131883527947,27.630428226015034],[79.0477855784419,27.760018565682024],[79.28046073820109,27.630754588038034],[79.86677185863776,27.305026187795438],[81.59313237992353,25.233393562252523],[82.74403939411404,24.773030756576322],[83.20440219979024,24.773030756576322],[84.04122082383469,24.832803515436638],[83.98475979804715,24.781047575131392],[84.81951509494861,23.85354168968533],[84.89052311158152,23.0014454900905]]]]}},{"type":"Feature","properties":{"name":"Rashtrakuta","subject":"Rashtrakuta","partOf":"Rashtrakuta state","borderPrecision":1,"color":"#739b91"},"geometry":{"type":"MultiPolygon","coordinates":[[[[75.21094039390827,12.10236796017351],[74.96174148033406,12.876961313444994],[74.77759773629309,13.527907139134715],[74.73362258384968,13.68335875149431],[74.70298936199268,13.751270509405119],[74.42143634905956,14.375454284217641],[74.40150741050984,14.419635378081225],[74.37707415176834,14.461922599128645],[74.15313195012304,14.849504684801884],[74.03218368004109,15.058832727629564],[73.84143355797077,15.390475832182787],[73.57273391197468,16.037927232939623],[73.50805146578091,16.243956660290955],[73.49423716325276,16.287958596003243],[73.40928939293171,16.558538042265795],[73.39573464238468,16.616407518475278],[73.18471275450153,17.51732606198986],[73.06422713707234,18.031716905791185],[72.97611020320149,18.538566210781177],[72.85335067222859,19.244680010039232],[72.78251174400593,19.94968756313982],[72.75949386070515,20.057649217802904],[72.86443618248249,20.311982713896654],[72.88083899016083,20.337086357612478],[73.10968306968952,20.687320314604662],[73.11286452720906,20.827090822417162],[72.93113234947468,20.95375784512224],[72.82004704312291,21.085798147568184],[74.61240437457697,21.892412010092595],[80.95948534475596,21.85796711948126],[84.89052311158152,23.0014454900905],[84.90316249640829,22.849772872169332],[78.83095554586629,20.39958410265239],[78.94604624728534,19.01849568562378],[78.71586484444724,17.522316567176112],[78.94604624728534,16.486500254404653],[78.96130796669618,16.028648672079253],[78.99063188711358,15.148931059557563],[79.0611369487044,13.033779211833124],[77.68004853167578,12.918688510414075],[75.73442294059149,11.253671169659425],[75.65175155113484,11.423489175993822],[75.5906967808219,11.517517622322632],[75.43986977288574,11.74980134311904],[75.21094039390827,12.10236796017351]]]]}},{"type":"Feature","properties":{"name":"Karluks","subject":"Karluks","partOf":"Karluks","borderPrecision":1,"color":"#b3a46e"},"geometry":{"type":"MultiPolygon","coordinates":[[[[75.25020012412294,39.68304723004181],[73.19151117633278,39.96500334389104],[71.69533205788512,40.88572895524346],[70.88969714795176,41.0008196566625],[69.96897153659937,40.5404568509863],[68.58788311957075,40.65554755240535],[67.20679470254214,41.69136386517681],[64.94814790385503,43.75360659441288],[70.64737767348875,43.5662329790746],[73.60806798695958,45.51641832084715],[73.61474609375,45.513330078124994],[73.6626953125,45.43564453125],[73.83974609375002,45.2638671875],[73.87675781250002,45.2392578125],[73.98066406250001,45.20419921875],[73.99931640625002,45.188720703125],[74.00771484375002,45.146533203124996],[73.99335937500001,45.112353515624996],[74.015625,45.056494140625],[74.00957031250002,45.0337890625],[74.0171875,45.012939453125],[74.05605468750002,44.994433593749996],[74.1,44.988916015624994],[74.11953125000002,44.99970703125],[74.09423828125,45.040087890624996],[74.10097656250002,45.05859375],[74.13564453125002,45.070166015625],[74.14335937500002,45.102929687499994],[74.15566406250002,45.270556640624996],[74.1509765625,45.317285156249994],[74.12832031250002,45.336865234375],[74.0865234375,45.343505859375],[74.08281250000002,45.35205078125],[74.08935546875,45.509082031249996],[74.1005859375,45.536865234375],[74.23076171875002,45.61533203125],[74.28945312500002,45.650634765625],[74.31269531250001,45.670947265624996],[74.31093750000002,45.695458984374994],[74.24531250000001,45.739501953125],[74.24287109375001,45.75166015625],[74.25078125000002,45.761035156249996],[74.28925781250001,45.764697265624996],[74.3033203125,45.789794921875],[74.253125,45.941650390625],[74.25820312500002,45.976708984374994],[74.27802734375001,46.004052734374994],[74.36992187500002,46.020068359374996],[74.54990234375,46.005908203124996],[74.59921875,46.022216796875],[74.77138671875002,46.1078125],[74.79384765625002,46.130273437499994],[74.81523437500002,46.215625],[74.85664062500001,46.2939453125],[74.88808593750002,46.3765625],[74.91123046875,46.404638671875],[75.0125,46.41708984375],[75.06669921875002,46.450976562499996],[75.09316406250002,46.460888671875],[75.12109375,46.446435546874994],[75.15185546875,46.4375],[75.21220703125002,46.426611328125],[75.2408203125,46.44765625],[75.255859375,46.474169921874996],[75.27773437500002,46.514892578125],[75.30400390625002,46.519384765625],[75.330078125,46.5126953125],[75.35009765625,46.469873046874994],[75.40566406250002,46.47080078125],[75.44804687500002,46.498339843749996],[75.43212890625,46.541894531249994],[75.40400390625001,46.609716796875],[75.41718750000001,46.64111328125],[75.46328125000002,46.67060546875],[75.50917968750002,46.678027343749996],[75.55283203125,46.67255859375],[75.55976562500001,46.652978515624994],[75.56240234375002,46.64599609375],[75.54804687500001,46.63447265625],[75.50820312500002,46.636181640625],[75.490234375,46.631005859374994],[75.49160156250002,46.596484375],[75.51484375000001,46.566699218749996],[75.55781250000001,46.530322265624996],[75.611328125,46.507177734375],[75.71455078125001,46.516455078125],[75.86699218750002,46.53564453125],[75.909375,46.5357421875],[76.03330078125003,46.511669921875],[76.17626953125,46.531982421875],[76.23847656250001,46.5548828125],[76.46396484375003,46.541894531249994],[76.74179687500003,46.531982421875],[76.85263671875003,46.49228515625],[77.00361328125001,46.463671875],[77.10390625000002,46.454248046874994],[77.16513671875003,46.489013671875],[77.28203124999999,46.472949218749996],[77.35527343749999,46.502246093749996],[77.42929687500003,46.499658203124994],[77.56259765625003,46.435449218749994],[77.65214843749999,46.415429687499994],[77.72578125000001,46.407128906249994],[77.78115234375002,46.4228515625],[77.81748046875003,46.439404296875],[77.86542968750001,46.428662109375],[78.017578125,46.342626953125],[78.0751953125,46.328271484374994],[78.12753906250003,46.318652343749996],[78.16064453125,46.318652343749996],[78.2333984375,46.336865234375],[78.31728515625002,46.349853515625],[78.36738281250001,46.338525390624994],[78.40869140625,46.298828125],[78.44511718749999,46.297167968749996],[78.46210937500001,46.312792968749996],[78.43515625000003,46.3517578125],[78.43837890625002,46.376855468749994],[78.46542968750003,46.392431640625],[78.54433593750002,46.4013671875],[78.62529296874999,46.379833984375],[78.71132812500002,46.396386718749994],[78.78740234374999,46.384814453124996],[78.88984375000001,46.369921875],[78.97109375000002,46.406005859375],[79.02275390624999,46.4474609375],[79.06796875000003,46.525830078125],[79.09492187500001,46.581591796874996],[79.15742187500001,46.602783203125],[79.21728515625,46.609716796875],[79.23554687500001,46.633544921875],[79.2451171875,46.645166015624994],[79.24481205436273,46.672132156634184],[80.79387097661343,46.682450491899885],[80.71884642202563,46.43604046828073],[91.33393557869015,45.92025067110863],[90.9596929884755,43.54918991631177],[90,43.76299649071973],[87.57784885371417,43.76299649071973],[85.62130692959032,43.41772438646258],[82.05349518559973,41.46118246233871],[79.98186256005681,40.7706382538244],[77.91022993451391,40.42536614956725],[75.37823450329478,40.19518474672915],[75.25020012412294,39.68304723004181]]]]}},{"type":"Feature","properties":{"name":"Samanid Empire","subject":"Samanid Empire","partOf":"Samanid Empire","borderPrecision":1,"color":"#b3a46e"},"geometry":{"type":"MultiPolygon","coordinates":[[[[75.25020012412294,39.68304723004181],[75.14805310045668,39.274459135376745],[75.14805310045668,37.778280016929074],[75.95368801039002,37.433007912671926],[76.52914151748529,36.97264510699573],[76.52914151748529,35.13119388429091],[76.75970453702153,33.18387536469871],[72.84855423490407,33.34569850268744],[72.2707855649804,32.36901705023369],[72.0406041621423,30.182293723271712],[71.6992156703896,29.61866168670601],[71.02070489339893,28.49844111599014],[57.22907444214854,37.52225376379963],[61.106987527332436,38.69900562828148],[61.452259631589584,39.27445913537674],[61.276375378160836,39.69658134360576],[60.87680612449434,40.65554755240535],[59.72589911030383,41.80645456659586],[58.69008279753237,42.72718017794827],[58.69008279753237,43.22933917080453],[58.69008279753237,43.75198599838503],[58.77991030403322,43.74710211465171],[58.8272905997393,43.84400139886814],[58.91020611722492,43.85254379171691],[59.01878596155133,43.86108496114885],[59.00792797711865,43.9794674283752],[59.126378716383826,44.00219262770618],[59.24779072413068,43.85396740491545],[59.50542108203239,43.91408401214207],[59.715671144228125,43.66932676263591],[59.7403424411789,43.665180183583274],[60.07694589898692,43.608606228433],[60.94361047461047,44.44112794636124],[61.109441509581735,44.71673774845503],[61.72735953274841,44.933769350611186],[61.86160370391561,45.048255586483364],[61.67997923704234,45.10680631329251],[61.25106285929516,45.17534362071138],[61.452259631589584,45.25917560916739],[63.5238922571325,45.02899420632929],[64.55970856990398,44.108268594976884],[64.94814790385503,43.75360659441288],[67.20679470254214,41.69136386517681],[68.58788311957075,40.65554755240535],[69.96897153659937,40.5404568509863],[70.88969714795176,41.0008196566625],[71.69533205788512,40.88572895524346],[73.19151117633278,39.96500334389104],[75.25020012412294,39.68304723004181]]]]}},{"type":"Feature","properties":{"name":"Saffarids","subject":"Saffarids","partOf":"Saffarids","borderPrecision":1,"color":"#b69578"},"geometry":{"type":"MultiPolygon","coordinates":[[[[50.529651386636175,29.57438130814928],[52.99021722329524,36.625055363887064],[53.139014276964915,36.64352758999529],[53.79965499351765,36.67903860684099],[53.98448852012898,36.781913362700365],[54.06743911216999,36.94152411099138],[54.86755273069272,36.805650524911364],[57.22907444214854,37.52225376379963],[71.02070489339893,28.49844111599014],[70.20742233726752,27.15571248134191],[69.73987936422729,26.383799530428668],[68.86453405136173,24.48087493724264],[68.0721769661739,23.67518766995134],[68.04699996422077,23.764070116240404],[67.69232467125202,23.814155183989428],[67.48602584312702,23.928060136992357],[67.31589034508015,24.092885576445482],[67.2042341561153,24.588166795927904],[67.1535978646114,24.65159186001482],[66.99953750084187,24.714782320219896],[66.70171645591999,24.752278886992357],[66.65421584556843,24.783935152251146],[66.64811232994343,24.90462454434099],[66.70050338218952,25.114379488188646],[66.62050918052937,25.31748541470232],[66.43233016441609,25.488610826689623],[66.30008986900593,25.494687639433764],[65.76880172203327,25.309339128691576],[65.21567061851765,25.270059190947435],[64.85119155357624,25.20576437588396],[64.42497542808796,25.173116289336107],[64.23826125572468,25.210826479155443],[64.12006667564656,25.312226854521654],[64.05922225425984,25.401034914214037],[63.650332483752024,25.336646639067553],[63.40352538536335,25.164601885039232],[63.01806167076374,25.15743979092302],[62.44957259605671,25.16259916897478],[62.13830092857624,25.104774080473803],[61.8132658333614,25.053256593901537],[61.569964441759836,25.039571367461107],[61.34399321983601,25.026860796172045],[60.85827544639851,25.095714174467943],[60.7522306771114,25.18442877407732],[60.479590448839915,25.29820593472185],[60.29817870567585,25.323236070830248],[59.654585871203196,25.321876131255053],[59.30209258507038,25.340196214873217],[59.03145888756062,25.307866655547045],[58.81800750206257,25.478932939726732],[58.74442580650593,25.535960756499193],[58.36867812584187,25.54787977810564],[58.109637293322336,25.547322832304857],[57.900454554064524,25.540891252715014],[57.805090937121165,25.64833029385271],[57.464880976183665,25.704793535429857],[57.32798293541218,25.787087999541185],[57.254771265490305,25.793286882597826],[57.24507049034382,26.01846274014177],[57.112402948839915,26.076190553862475],[57.06634047935749,26.307468019682787],[56.93497756431843,26.464543901640795],[56.929087671740305,26.75186689968767],[56.79043105552937,26.97391279812517],[56.683550867541086,26.968356691557787],[56.66781905601765,27.04989584561052],[56.43094924400593,27.106566988188646],[56.067767176134836,27.112168871123217],[55.89973357628132,27.104804598051928],[55.8053198189571,27.005092226225756],[55.65757277916218,26.996945940215014],[55.42489913414265,26.963107668120287],[55.34008696983601,26.79935225125017],[55.098128351671946,26.73744162197771],[54.92553237388874,26.53802641506853],[54.75987533043171,26.41062506313982],[54.64605620811726,26.39131888027849],[54.064944300158274,26.70138319607439],[53.63393691490437,26.74793966885271],[53.380679163439524,26.9095893728322],[52.89083388756062,27.05232390042009],[52.77987197349812,27.18784865017595],[52.63377669761921,27.314601503569506],[52.41038802574421,27.580957018095873],[51.961550745470774,27.776948534209154],[51.698863062365305,27.814521394926928],[51.611304316027415,27.82704123135271],[51.350134882433665,28.03613432522478],[51.082259211046946,28.51201971646013],[50.796755823595774,29.01329382534685],[50.702456507189524,29.133781038481615],[50.704722437365305,29.400607668120287],[50.529651386636175,29.57438130814928]]]]}},{"type":"Feature","properties":{"name":"Tuaregs","subject":"Tuaregs","partOf":"Tuaregs","borderPrecision":1,"color":"#a88992"},"geometry":{"type":"MultiPolygon","coordinates":[[[[15.75226322608803,29.325276687515498],[15.533591403824436,15.050081754358416],[15.125778000674927,14.89925635602572],[14.375311962283693,13.29193599700369],[14.406581380549998,12.896003570623034],[14.581743588107965,12.67336040874892],[8.26576059714931,12.367349972804174],[2.345904970276228,13.285633546771772],[-1.34149339757882,13.313666561561897],[-1.179210466069484,32.450300628164904],[-1.081275251404993,32.45392569180193],[0.45780318303137,32.54744071220754],[2.453117778055343,32.6686768239575],[5.681251390019591,32.815410169955875],[6.502893292137674,32.73261356640473],[7.892289991693659,32.592604485305216],[12.53270264948299,30.804904526976536],[15.75226322608803,29.325276687515498]]]]}},{"type":"Feature","properties":{"name":"Bejas","subject":"Bejas","partOf":"Bejas","borderPrecision":1,"color":"#b69578"},"geometry":{"type":"MultiPolygon","coordinates":[[[[33.57626733685606,10.009526034917698],[34.45196897520131,10.248353754466404],[35.40727985339613,11.283273872510794],[35.64610757294483,12.795849429652588],[35.32767061354656,15.422954344688346],[37.07907389023707,17.094748381529282],[37.89511991723812,18.56012241001322],[38.0285978646114,18.477939211089037],[38.306651148302805,18.24978407498064],[38.527468714220774,18.161315523344896],[38.641741785509836,18.06071051235857],[38.685671839220774,18.002805315215014],[38.90385722093653,17.364074841192043],[38.96278113744327,17.191577028434484],[39.008826288683665,17.056781374174975],[39.20794204185749,16.326509081084154],[37.01974154694986,13.626022736321879],[36.38921322252634,11.734437763051282],[36.599389330667506,9.212324465357149],[37.860445979514566,7.741091708368899],[38.879383970829274,7.854307040737202],[38.605020684873864,6.597308569790442],[35.57782178476831,5.527006069275479],[33.02152049134584,6.864538013373648],[32.34880962465572,9.527647378549165],[32.84695298113419,10.104653994359682],[31.74525482031599,10.248353754466404],[33.57626733685606,10.009526034917698]]]]}},{"type":"Feature","properties":{"name":"Berbers","subject":"Berbers","partOf":"Berbers","borderPrecision":1,"color":"#b47c6f"},"geometry":{"type":"MultiPolygon","coordinates":[[[[-1.179210466069484,32.450300628164904],[-1.34149339757882,13.313666561561897],[-6.264794123357348,13.351095379469161],[-13.395529310272655,14.916671886604806],[-17.033258038647634,14.564789325170201],[-16.87041946937298,14.363524996001146],[-17.050065007703058,14.585562311369799],[-17.22053810645794,14.725009523589037],[-17.433180776135675,14.807168565947435],[-17.190234151379816,14.96020372982683],[-16.86476990272259,15.2977147924489],[-16.6003198294804,15.749488435942553],[-16.450055089490167,16.11839064236345],[-16.405699697034112,16.489955507475756],[-16.378804173962823,16.71591147061052],[-16.125475850598566,17.30111464138689],[-16.041072812573663,17.66987761135759],[-15.982691731946222,18.178399645048998],[-16.05569073249554,18.67393263455095],[-16.1906518607304,19.029531084257982],[-16.47160240699505,19.365741335112475],[-16.35130974342083,19.493095003325365],[-16.269598927991144,19.68392141934099],[-16.23956772376751,20.1224857198781],[-16.269036260144464,20.36390646572771],[-16.34728142310833,20.522616945464037],[-16.71086594154095,20.890441499907396],[-16.84450050880169,20.940990053374193],[-17.02129265357708,20.74361380215349],[-17.046217885510675,20.832524858672045],[-17.051907506482355,21.00409849758806],[-17.01608368446087,21.314147554594896],[-16.983651128308527,21.595269762236498],[-16.80602165748333,21.989650331694506],[-16.571900334851495,22.238000475127123],[-16.35253044654583,22.492660127837084],[-16.242514577405206,22.721679292876146],[-15.714025464551202,23.873057924467943],[-15.607041326062433,23.981320940215014],[-14.975213017956964,24.510123811919115],[-14.820046391980402,24.73287733669939],[-14.797224011914484,25.14599760647478],[-14.671170871864275,25.595958649419792],[-14.660057988660089,25.635627351958178],[-14.631950163595391,25.68205080405753],[-11.190433532972722,25.715270054599223],[-9.681767449534497,26.10883511984398],[-8.566666431341025,27.158341960496656],[-6.730029460198837,29.51973235196518],[-4.772797416149867,31.65974739446365],[-1.802211619772078,32.42724029347477],[-1.179210466069484,32.450300628164904]],[[-8.878345159420608,14.292503138824477],[-6.997576867974556,14.396990266127032],[-4.803347194620834,15.546348666455176],[-5.012321449225948,16.69570706678332],[-7.833473886395026,17.636091212506344],[-11.69949759658968,17.113655575993548],[-11.908471851194797,16.38224568487565],[-11.803984723892242,15.755322921060293],[-8.878345159420608,14.292503138824477]]]]}},{"type":"Feature","properties":{"name":"Bedouins","subject":"Bedouins","partOf":"Bedouins","borderPrecision":1,"color":"#a88992"},"geometry":{"type":"MultiPolygon","coordinates":[[[[15.533591403824436,15.050081754358416],[15.75226322608803,29.325276687515498],[17.00195254530468,28.750951383364868],[17.97053029535464,28.61240420414305],[19.316482184359216,28.41987671981849],[21.67906613189653,28.081928277797015],[25.045744422044084,28.0159149779902],[27.35164057245568,24.134828143380766],[29.344724201269283,24.0279744911095],[28.612697221302753,20.56183430498075],[29.45340165386746,17.829544899145432],[30.78994394212117,15.502563584537913],[30.471506982722893,14.308424986794389],[30.471506982722893,13.512332588298701],[30.78671404375713,11.227081395800525],[30.599761371261398,11.115971520296771],[24.074465964367207,11.181973046384048],[23.19994183767005,11.775300538947805],[20.673287450301128,11.956221643123333],[18.627952846500676,10.169490738236744],[21.504739327000397,12.682548162639588],[20.723003870342865,14.778350027935621],[17.001943096653005,15.59313582578668],[15.533591403824436,15.050081754358416]]]]}},{"type":"Feature","properties":{"name":"Polyanians","subject":"Polyanians","partOf":"Polyanians","borderPrecision":1,"color":"#739b91"},"geometry":{"type":"MultiPolygon","coordinates":[[[[35.201757812500006,61.8390625],[35.16035156250001,61.858642578125],[35.17070312500002,61.905664062499994],[35.19560546875002,61.987939453124994],[35.25175781250002,62.0796875],[35.30800781250002,62.0765625],[35.33925781250002,62.0328125],[35.34707031250002,61.997802734375],[35.32578125,61.9353515625],[35.27363281250001,61.8703125],[35.201757812500006,61.8390625]]],[[[31.497599242339955,50.058779437069795],[31.94626690969748,49.567619397110946],[31.887988281250017,49.554443359375],[31.900488281250006,49.51279296875],[32.17011718750001,49.40439453125],[32.293554687500006,49.34619140625],[32.408203125,49.301708984375],[32.470572926630325,49.27142778583737],[31.074989254240364,49.017806389820606],[28.664891879864264,48.57981598285431],[26.674817616339677,49.86351438635307],[26.57118957657036,49.95852230613026],[29.043368694173626,49.450084338372164],[31.497599242339955,50.058779437069795]]]]}},{"type":"Feature","properties":{"name":"Kyivan Rus","subject":"Kyivan Rus","partOf":"Kyivan Rus","borderPrecision":1,"color":"#8aa0a8"},"geometry":{"type":"MultiPolygon","coordinates":[[[[43.143030109992836,57.114358669171715],[38.95753999413629,56.3696273669335],[37.51422500878511,55.32515499800349],[36.057219354282324,54.08726304900957],[34.97463897212363,52.858867571225346],[34.97463897212363,52.85886757122534],[35.216951573913214,50.72311841599406],[31.88314982937765,50.15440319695054],[31.497599242339955,50.058779437069795],[29.043368694173626,49.450084338372164],[26.57118957657036,49.95852230613026],[24.69069105899189,51.68259479362447],[27.153234273312215,53.96064002077892],[28.463688664472244,54.31379062764641],[28.983690138531568,55.81859929755448],[28.381721390807954,56.31459337748572],[28.38172139080795,56.31459337748572],[28.068427102920783,57.86243922267352],[28.10175781250001,57.8599609375],[28.169238281250017,57.914501953125],[28.149218750000017,57.974658203124996],[28.096972656250017,58.04443359375],[27.973046875000023,58.1326171875],[27.865136718750023,58.173486328124994],[27.71435546875,58.1642578125],[27.591796875,58.174609375],[27.56855468750001,58.214794921875],[27.561328125000017,58.257421875],[27.58271484375001,58.306396484375],[27.613405293506265,58.329355336498985],[27.747851562500017,58.429931640625],[27.798144531250017,58.446826171875],[27.82050781250001,58.484912109375],[27.81367187500001,58.571337890625],[27.748437500000023,58.912060546875],[27.683007812500023,58.979638671874994],[27.5864646028475,58.99618301712201],[27.684139624075307,59.246847313793545],[27.60716125959254,59.306306520310386],[27.702038797838934,59.297504030424975],[27.89359763572956,59.34611090298357],[28.01585105369831,59.454154573637865],[28.013093027575263,59.45822104092302],[27.973393473131903,59.51671179409685],[27.89665702293659,59.53378256436052],[27.94168761680866,59.64759787197771],[28.094189676745184,59.66467627163591],[28.163104090197333,59.590682588774584],[28.266337427599677,59.56222876187029],[28.350983652575263,59.60206183071794],[28.309100183947333,59.66440161343279],[28.444363626940497,59.73374136563005],[28.662732157213934,59.644340120512865],[28.795933756335028,59.67222174282732],[28.93626883934284,59.824550234038256],[29.0760660500362,59.907794557768725],[29.413628611071356,59.860030733305834],[29.76545241783405,59.7362438070363],[29.9631567330196,59.736617647368334],[30.126639399035223,59.80604513760271],[29.952874216540106,59.98558386440935],[29.687296900255927,60.131000124174975],[29.510743174059638,60.14456518765154],[28.968979868395575,60.10878714199724],[28.691634211046942,60.14997824307146],[28.600840536301185,60.18596023241708],[30.051787178688503,60.53424421397343],[29.92484531061568,60.68417478389586],[29.905591585480074,60.71112747220343],[30.52287046304529,60.81787573070432],[30.527929687500006,60.81171875],[30.533203125,60.765527343749994],[30.525390625,60.7388671875],[30.504492187500006,60.731640625],[30.504003906250006,60.703564453125],[30.52392578125,60.65458984375],[30.53388671875001,60.630078125],[30.66328125000001,60.592822265625],[30.723730468750006,60.561767578125],[30.758593750000017,60.52451171875],[30.774218750000017,60.492089843749994],[30.775976562500006,60.448095703125],[30.803320312500006,60.446630859375],[30.81689453125,60.458837890625],[30.832128906250006,60.45751953125],[30.84912109375,60.442626953125],[30.956835937500017,60.263623046875],[31.018945312500023,60.192919921875],[31.108984375,60.146435546875],[31.11494140625001,60.13486328125],[31.095117187500023,60.083740234375],[31.10595703125,60.056298828124994],[31.142871093750017,60.031689453125],[31.145312500000017,60.005517578124994],[31.06318359375001,59.962890625],[31.042773437500017,59.9509765625],[31.06396484375,59.943212890625],[31.10625,59.927685546875],[31.176367187500006,59.92578125],[31.2744140625,59.937646484374994],[31.34931640625001,59.932763671874994],[31.4013671875,59.911328125],[31.45478515625001,59.907177734375],[31.509765625,59.920361328125],[31.547167968750017,59.94013671875],[31.567187500000017,59.966552734375],[31.565039062500006,59.998046875],[31.540917968750023,60.034521484375],[31.548242187500023,60.071875],[31.6064453125,60.133642578125],[31.605859375000023,60.14228515625],[31.596875,60.143798828125],[31.590625,60.15556640625],[31.598925781250017,60.16962890625],[31.69941406250001,60.23564453125],[31.84326171875,60.2478515625],[32.05712890625,60.226513671875],[32.19609375000002,60.195361328125],[32.26015625000002,60.154345703125],[32.36152343750001,60.148095703124994],[32.50039062500002,60.176513671875],[32.58388671875002,60.208935546875],[32.6123046875,60.245361328125],[32.614355468750006,60.285791015624994],[32.59023437500002,60.330224609374994],[32.59492187500001,60.35458984375],[32.655859375,60.3716796875],[32.67666015625002,60.392431640625],[32.66396484375002,60.427099609375],[32.61787109375001,60.4755859375],[32.59648437500002,60.511083984375],[32.59990234375002,60.53349609375],[32.641699218750006,60.536865234375],[32.72207031250002,60.521142578124994],[32.781835937500006,60.488232421875],[32.81572265625002,60.481884765625],[32.84140625,60.497021484375],[32.90693359375001,60.5859375],[32.9443359375,60.642578125],[32.9365234375,60.6703125],[32.90302734375001,60.693505859374994],[32.84355468750002,60.71220703125],[32.81191406250002,60.756494140624994],[32.80781250000001,60.8263671875],[32.76542968750002,60.88603515625],[32.640722656250006,60.96914062499999],[32.633398437500006,60.98671875],[32.59257812500002,60.997607421875],[32.58056640625,61.0138671875],[32.58125,61.044873046875],[32.56337890625002,61.079443359375],[32.52685546875,61.117529296875],[32.441494818099486,61.149670347470206],[34.87336455289861,61.570222335438395],[34.96162109375001,61.543408203125],[35.15390625,61.48515625],[35.30390625000001,61.429589843749994],[35.3984375,61.38583984375],[35.45742187500002,61.355908203125],[35.49462890625,61.328955078125],[35.53691406250002,61.292236328125],[35.577734375,61.24638671875],[35.611425781250006,61.197412109374994],[35.62939453125,61.149951171875],[35.63222656250002,61.1078125],[35.61464843750002,61.076123046875],[35.58339843750002,61.034228515625],[35.52734375,61.022802734375],[35.440625,61.062646484374994],[35.3453125,61.07255859375],[35.25927734375,61.066552734374994],[35.19208984375001,61.0689453125],[35.14199218750002,61.077294921874994],[35.10810546875001,61.0916015625],[35.07998046875002,61.108349609375],[35.06201171875,61.125634765624994],[35.05263671875002,61.14111328125],[35.077734375,61.151318359375],[35.143164062500006,61.155810546875],[35.20771484375001,61.1587890625],[35.231054687500006,61.165234375],[35.20693359375002,61.17724609375],[35.15664062500002,61.19365234375],[35.07470703125,61.207080078125],[34.97421875,61.211962890625],[34.887304687500006,61.206103515625],[34.83808593750001,61.19365234375],[34.81875,61.1736328125],[34.80400390625002,61.149560546874994],[34.79667968750002,61.122802734375],[34.795507812500006,61.096484375],[34.80244140625001,61.07353515625],[34.81494140625,61.055029296875],[34.82851562500002,61.038623046875],[34.84638671875001,61.02666015625],[34.86904296875002,61.027001953124994],[34.89628906250002,61.046875],[34.942480468750006,61.07041015625],[35.02236328125002,61.064453125],[35.092871093750006,61.044677734375],[35.116796875,61.022216796875],[35.132910156250006,61.007080078125],[35.18447265625002,61.0048828125],[35.2548828125,61.014599609375],[35.31611328125001,61.028076171875],[35.36328125,61.038232421874994],[35.39960937500001,61.039892578125],[35.42617187500002,61.033154296875],[35.449804687500006,61.022998046875],[35.47333984375001,61.0021484375],[35.49941406250002,60.96982421875],[35.55058593750002,60.93798828125],[35.63457031250002,60.91845703125],[35.71904296875002,60.904541015625],[35.771582031250006,60.88642578125],[35.80078125,60.871826171875],[35.828710937500006,60.86650390625],[35.855078125,60.870507812499994],[35.88027343750002,60.878320312499994],[35.899023437500006,60.889794921874994],[35.90986328125001,60.902490234374994],[35.90449218750001,60.916552734375],[35.88417968750002,60.931103515625],[35.88027343750002,60.94775390625],[35.91484375000002,60.966845703125],[35.97626953125001,60.993896484375],[36.03681640625001,61.0296875],[36.098730468750006,61.062646484374994],[36.16279296875001,61.082763671875],[36.22412109375,61.096484375],[36.279296875,61.113818359375],[36.325,61.135498046875],[36.363867187500006,61.159716796875],[36.38691406250001,61.18408203125],[36.394628906250006,61.20615234375],[36.38847656250002,61.225048828125],[36.378125,61.24189453125],[36.371191406250006,61.2568359375],[36.373632812500006,61.271142578124994],[36.38007812500001,61.28095703125],[36.38271484375002,61.285009765625],[36.395605468750006,61.302099609375],[36.40839843750001,61.319140625],[36.424902343750006,61.34912109375],[36.42792968750001,61.37314453125],[36.4189453125,61.3923828125],[36.40556640625002,61.4107421875],[36.37148437500002,61.43232421875],[36.33023747499517,61.45115285290656],[37.59991447273594,61.507127347623985],[38.95160068992912,59.90568553476441],[39.052976222317554,59.852032219568954],[39.05253906250002,59.838720703125],[39.193945312500006,59.746875],[39.40214843750002,59.624267578125],[39.55253906250002,59.545947265625],[39.734375,59.479833984375],[39.79814453125002,59.5251953125],[39.76406250000002,59.545947265625],[39.758750845463695,59.54997973730281],[41.27829909819398,59.015700570313314],[42.92980675466814,58.53282144273587],[42.95352782255381,58.45641424915652],[43.32252607908093,58.36887781396926],[43.143030109992836,57.114358669171715]],[[38.75283203125002,58.546923828125],[38.609960937500006,58.636572265625],[38.42734375,58.747021484375],[38.11943359375002,58.95458984375],[38.046972656250006,58.994189453125],[37.919921875,59.04208984375],[37.85771484375002,59.075146484375],[37.86640625000001,59.094091796875],[37.91015625,59.102734375],[38.170507812500006,59.0650390625],[38.23945312500001,59.0626953125],[38.33154296875,59.092578125],[38.407324218750006,59.152294921875],[38.414648437500006,59.1734375],[38.294042968750006,59.161328125],[38.18291015625002,59.203076171875],[38.14326171875001,59.209765625],[38.1240234375,59.202880859375],[38.176367187500006,59.1482421875],[38.18046875000002,59.13212890625],[38.1796875,59.113330078125],[38.159375,59.1015625],[38.1162109375,59.102587890625],[38.02724609375002,59.128076171874994],[38.007421875,59.14375],[38.0015625,59.159765625],[37.9873046875,59.1767578125],[37.940039062500006,59.174072265625],[37.842871093750006,59.1552734375],[37.64492187500002,59.156787109375],[37.64003906250002,59.1376953125],[37.67626953125,59.10234375],[37.69560546875002,59.06396484375],[37.67324218750002,59.0251953125],[37.60888671875,58.98896484375],[37.499121093750006,58.944189453125],[37.484375,58.927197265625],[37.4658203125,58.874560546875],[37.471289062500006,58.857080078124994],[37.50136718750002,58.844775390625],[37.58125,58.89882812499999],[37.64238281250002,58.918896484375],[37.71367187500002,58.927734375],[37.77724609375002,58.926220703125],[37.82832031250001,58.9140625],[37.86943359375002,58.8970703125],[37.917578125,58.858251953125],[37.99589843750002,58.861669921875],[38.02392578125,58.7458984375],[37.96132812500002,58.743603515625],[37.94169921875002,58.735498046874994],[37.9453125,58.7203125],[37.98417968750002,58.6923828125],[37.98769531250002,58.672216796875],[38.09550781250002,58.63447265625],[38.103125,58.619482421875],[38.073828125,58.591552734375],[38.07392578125001,58.541943359375],[37.99492187500002,58.550439453124994],[37.76777343750001,58.617626953125],[37.71484375,58.617529296875],[37.63232421875,58.63623046875],[37.62089843750002,58.626220703125],[37.666601562500006,58.5724609375],[37.6611328125,58.557470703125],[37.60869140625002,58.5453125],[37.56464843750001,58.55283203125],[37.537695312500006,58.612695312499994],[37.45917968750001,58.633935546874994],[37.41035156250001,58.669970703125],[37.41035156250001,58.6890625],[37.4228515625,58.7265625],[37.37226562500001,58.7314453125],[37.30791015625002,58.760009765625],[37.15078125000002,58.84873046875],[37.16923828125002,58.725634765625],[37.15458984375002,58.70654296875],[37.1552734375,58.694970703124994],[37.31679687500002,58.657421875],[37.41689453125002,58.6130859375],[37.50712890625002,58.5353515625],[37.89716796875001,58.291796875],[37.94404296875001,58.30087890625],[38.14873046875002,58.2486328125],[38.22050781250002,58.2373046875],[38.2509765625,58.19873046875],[38.249609375,58.102685546874994],[38.25917968750002,58.0708984375],[38.28105468750002,58.053857421874994],[38.31015625,58.040576171875],[38.369238281250006,58.031591796875],[38.41533203125002,58.015576171875],[38.437109375,58.017529296875],[38.43691406250002,58.03564453125],[38.35703125,58.10009765625],[38.38310546875002,58.121875],[38.61171875000002,58.113134765625],[38.68095703125002,58.108203125],[38.70400390625002,58.113134765625],[38.69794921875001,58.132958984374994],[38.619238281250006,58.20126953125],[38.63828125,58.2203125],[38.69169921875002,58.20703125],[38.77949218750001,58.134765625],[38.80517578125,58.121972656249994],[38.81875,58.134814453125],[38.812109375,58.250732421875],[38.83046875000002,58.295556640624994],[38.87089843750002,58.3310546875],[39.00527343750002,58.358056640624994],[39.00039062500002,58.386767578125],[38.9703125,58.440820312499994],[39.00371093750002,58.475634765625],[38.9892578125,58.49560546875],[38.75283203125002,58.546923828125]],[[31.079980468750023,58.331591796875],[31.019433593750023,58.319726562499994],[30.954882812500017,58.284375],[30.85703125,58.239111328125],[30.87617187500001,58.214111328125],[31.15625,58.171337890625],[31.39404296875,58.141992187499994],[31.44648437500001,58.205908203125],[31.53095703125001,58.23017578125],[31.63056640625001,58.207275390625],[31.688281250000017,58.202294921874994],[31.64697265625,58.3083984375],[31.64570312500001,58.351416015625],[31.653417968750006,58.36875],[31.637109375000023,58.38798828125],[31.518164062500006,58.37255859375],[31.5107421875,58.3888671875],[31.43017578125,58.416552734375],[31.374316406250017,58.429248046875],[31.29833984375,58.4765625],[31.25166015625001,58.425439453124994],[31.170214843750017,58.35947265625],[31.079980468750023,58.331591796875]],[[37.39990234375,60.2888671875],[37.28632812500001,60.233447265625],[37.231054687500006,60.1857421875],[37.23203125,60.16445312499999],[37.279882812500006,60.131201171875],[37.39667968750001,60.097998046875],[37.46904296875002,60.087841796875],[37.71503906250001,60.07744140625],[37.8232421875,60.0787109375],[37.968359375,60.0857421875],[37.9990234375,60.1033203125],[38.00419921875002,60.16064453125],[37.98115234375001,60.239208984375],[37.8984375,60.30078125],[37.73701171875001,60.329443359375],[37.54218750000001,60.318701171875],[37.39990234375,60.2888671875]]]]}},{"type":"Feature","properties":{"name":"Pechenegs","subject":"Pechenegs","partOf":"Pechenegs","borderPrecision":1,"color":"#739b91"},"geometry":{"type":"MultiPolygon","coordinates":[[[[31.94626690969748,49.567619397110946],[31.497599242339955,50.058779437069795],[31.88314982937765,50.15440319695054],[35.216951573913214,50.72311841599406],[35.219443479706364,50.70115469783274],[36.29415290157728,48.58116696085844],[33.1943359375,49.11875],[33.104101562500006,49.200146484375],[33.01542968750002,49.280664062499994],[32.92593319816683,49.3541810524759],[32.86064453125002,49.4078125],[32.75390625,49.48476562499999],[32.712011718750006,49.559375],[32.664648437500006,49.537011718749994],[32.65947265625002,49.464404296874996],[32.68242187500002,49.4009765625],[32.6318359375,49.3818359375],[32.46142578125,49.426074218749996],[32.35,49.469091796875],[32.18359375,49.520947265625],[32.11445312500001,49.541308593749996],[31.955371093750017,49.569677734375],[31.94626690969748,49.567619397110946]]]]}}]}